Time (s),Channel 1 (mA),Channel 2 (mV),Channel 3 (mV)
0.016985800000838935,-0.0006963239999999982,554.889,-124.75614539999992
0.06228250003186986,-0.0008741100000000113,555.8826,-126.7450061999998
0.11732550000306219,-0.0010518960000000105,555.8826,-132.7115885999999
0.20033130003139377,-0.0006963239999999982,552.9018000000001,-132.7115885999999
0.25326620001578704,-0.0008741100000000113,555.8826,-128.73386699999992
0.28894850000506267,-0.0006963239999999982,555.8826,-128.73386699999992
0.33221650001360103,-0.0006963239999999982,555.8826,-126.7450061999998
0.37808550003683195,-0.0008741100000000113,556.8762,-128.73386699999992
0.42385920003289357,-0.0006963239999999982,556.8762,-126.7450061999998
0.4674560999847017,-0.0010518960000000105,556.8762,-126.7450061999998
0.5120967000257224,-0.0008741100000000113,557.8698,-130.72272780000003
0.5569877999951132,-0.0012296820000000236,556.8762,-128.73386699999992
0.6468765999889001,-0.0008741100000000113,558.8634000000001,-124.75614539999992
0.6920625999919139,-0.0010518960000000105,557.8698,-126.7450061999998
0.7368985000066459,-0.0012296820000000236,557.8698,-128.73386699999992
0.7850661000120454,-0.0008741100000000113,557.8698,-126.7450061999998
0.8326179999858141,-0.0010518960000000105,558.8634000000001,-128.73386699999992
0.872308999998495,-0.0008741100000000113,558.8634000000001,-126.7450061999998
0.9171299000154249,-0.0008741100000000113,558.8634000000001,-128.73386699999992
0.9619296999881044,-0.0012296820000000236,559.8570000000001,-126.7450061999998
1.006979500001762,-0.0008741100000000113,559.8570000000001,-126.7450061999998
1.0968658000347205,-0.0008741100000000113,559.8570000000001,-126.7450061999998
1.1420874000177719,-0.0012296820000000236,559.8570000000001,-128.73386699999992
1.1870299000293016,-0.0008741100000000113,556.8762,-134.70044940000002
1.2321068000164814,-0.0006963239999999982,560.8506000000001,-128.73386699999992
1.2771168000181206,-0.0008741100000000113,560.8506000000001,-130.72272780000003
1.322613199998159,-0.0010518960000000105,560.8506000000001,-128.73386699999992
1.3671308000339195,-0.0008741100000000113,560.8506000000001,-128.73386699999992
1.4123956999974325,-0.0005185379999999989,560.8506000000001,-128.73386699999992
1.4570062000420876,-0.0008741100000000113,559.8570000000001,-128.73386699999992
1.5469075000146404,-0.0006963239999999982,560.8506000000001,-124.75614539999992
1.5920209999894723,-0.0010518960000000105,559.8570000000001,-130.72272780000003
1.6371838999912143,-0.0010518960000000105,561.8442,-128.73386699999992
1.6826405000174418,-0.0008741100000000113,561.8442,-132.7115885999999
1.7272843000246212,-0.0008741100000000113,560.8506000000001,-128.73386699999992
1.773024299996905,-0.0010518960000000105,561.8442,-128.73386699999992
1.817080700013321,-0.0008741100000000113,562.8378,-118.78956300000004
1.8626827000407502,-0.0008741100000000113,565.8186000000001,-102.87867659999984
1.9074732000008225,-0.0012296820000000236,565.8186000000001,-100.88981579999995
1.9997778999968432,-0.0008741100000000113,567.8058000000001,-84.97892939999997
2.046325400006026,-0.0010518960000000105,566.8122000000001,-84.97892939999997
2.0878520000260323,-0.0006963239999999982,568.7994000000001,-75.0346254000001
2.1327937000314705,-0.0008741100000000113,568.7994000000001,-73.04576459999976
2.1772294000256807,-0.0006963239999999982,565.8186000000001,-57.1348782
2.2224873999948613,-0.0008741100000000113,568.7994000000001,-59.12373899999989
2.267171200015582,-0.0006963239999999982,571.7802,-43.212852599999906
2.3127860000240617,-0.0008741100000000113,571.7802,-25.313105399999813
2.3571324000367895,-0.0010518960000000105,570.7866,-23.32424459999993
2.4503964000032283,-0.0006963239999999982,572.7738,-9.40221900000006
2.5002485000295565,-0.0010518960000000105,571.7802,-13.379940599999827
2.53729690000182,-0.0008741100000000113,572.7738,2.5309457999999267
2.5821721000247635,-0.0010518960000000105,573.7674000000001,2.5309457999999267
2.6271102000027895,-0.0008741100000000113,574.7610000000001,18.441832200000135
2.6767778000212274,-0.001407467999999995,574.7610000000001,18.441832200000135
2.7172082000179216,-0.0008741100000000113,574.7610000000001,30.37499700000012
2.762626000039745,-0.0010518960000000105,576.7482,48.27474419999999
2.8071875000023283,-0.0008741100000000113,576.7482,52.25246580000021
2.897114799998235,-0.0008741100000000113,575.7546000000001,62.196769799999856
2.9872912000282668,-0.0010518960000000105,575.7546000000001,62.196769799999856
3.0327180000022054,-0.0005185379999999989,576.7482,78.10765620000006
3.0493913000100292,-0.0008741100000000113,575.7546000000001,76.11879540000018
3.077991700032726,-0.0006963239999999982,575.7546000000001,88.05196020000017
3.126740800042171,-0.0006963239999999982,573.7674000000001,90.04082100000005
3.1770367000135593,-0.0006963239999999982,569.793,103.96284660000015
3.2126057000132278,-0.0010518960000000105,573.7674000000001,121.86259380000024
3.260207800019998,-0.0010518960000000105,569.793,125.84031540000001
3.350180300010834,-0.0010518960000000105,566.8122000000001,141.7512018
3.40083500003675,-0.0008741100000000113,560.8506000000001,133.79575860000023
3.4372736000223085,-0.0006963239999999982,555.8826,151.6955058000001
3.4949979000375606,-0.0005185379999999989,546.9402,153.68436659999998
3.529712699993979,-0.0008741100000000113,538.9914,167.60639220000007
3.5730660000117496,-0.0008741100000000113,527.0682,169.59525300000018
3.62058759998763,-0.0008741100000000113,516.1386,185.50613939999994
3.66562480002176,-0.0008741100000000113,499.24739999999997,199.42816500000004
3.707371400028933,-0.0010518960000000105,478.3818,199.42816500000004
3.797267100017052,-0.0010518960000000105,454.5354,217.32791220000013
3.846794900018722,-0.0010518960000000105,424.7274,215.33905140000002
3.887486900028307,-0.0006963239999999982,391.9386,227.2722162
3.933139500033576,-0.0006963239999999982,357.1626,229.2610770000001
3.9773304000264034,-0.0006963239999999982,334.3098,243.18310259999998
4.023130199988373,-0.0008741100000000113,332.32259999999997,243.18310259999998
4.06816860003164,-0.0006963239999999982,332.32259999999997,257.1051282000001
4.112598999985494,-0.0008741100000000113,331.329,275.00487539999995
4.15962990000844,-0.0010518960000000105,328.34819999999996,271.0271538000002
4.247777600015979,-0.0006963239999999982,330.3354,286.93804019999993
4.2923193000024185,-0.0008741100000000113,332.32259999999997,286.93804019999993
4.337765000003856,-0.0008741100000000113,329.3418,304.8377874
4.383113700023387,-0.0008741100000000113,329.3418,302.84892660000014
4.42762130004121,-0.0006963239999999982,332.32259999999997,318.7598130000001
4.4730188000248745,-0.0006963239999999982,331.329,320.7486738
4.517157800029963,-0.0003407520000000136,332.32259999999997,332.6818386
4.562337999988813,-0.0006963239999999982,330.3354,348.5927250000002
4.607464200002141,-0.0003407520000000136,333.3162,350.5815858000001
4.6979241000371985,-0.0005185379999999989,333.3162,364.5036114000002
4.7425985999871045,-0.0005185379999999989,332.32259999999997,364.5036114000002
4.789699500019196,-0.0005185379999999989,330.3354,380.41449779999994
4.8328469000407495,-0.00016296600000001438,329.3418,382.4033586000003
4.877137000032235,-0.0005185379999999989,332.32259999999997,392.3476625999999
4.922632400004659,-0.00016296600000001438,333.3162,394.33652340000026
4.967177800019272,0.00019260599999999795,333.3162,408.25854900000013
5.0123960000346415,0.0009037499999999948,335.3034,424.1694354000001
5.061321599991061,0.001792679999999991,331.329,426.1582962
5.147750800009817,0.0037483259999999963,333.3162,440.0803218000001
5.193473900028039,0.007481831999999994,325.3674,438.091461
5.237216400040779,0.014771058000000004,330.3354,452.0134866000001
5.282559500017669,0.019749065999999996,331.329,452.0134866000001
5.327271600021049,0.022949213999999996,332.32259999999997,469.91323379999994
5.372430999996141,0.025616003999999998,333.3162,471.90209460000005
5.417199500021525,0.028105008,332.32259999999997,483.83525940000004
5.462525999988429,0.031482942,331.329,497.75728500000014
5.5071372000384144,0.03468309,330.3354,499.7461458
5.597403899999335,0.03699430799999999,329.3418,509.6904498000001
5.642565199988894,0.03948331199999999,331.329,511.6793106
5.687370700004976,0.04161674399999998,330.3354,527.590197
5.7330734000424854,0.044283533999999986,327.3546,525.6013362000001
5.77984249999281,0.046239180000000005,331.329,541.5122226000001
5.86703409999609,0.04908375599999999,333.3162,541.5122226000001
5.878747700015083,0.05086161599999999,331.329,553.4453874000001
5.95820090000052,0.055128479999999994,334.3098,571.3451345999999
5.972282000002451,0.057973055999999995,332.32259999999997,571.3451345999999
6.047216600039974,0.06028427399999999,334.3098,587.2560210000001
6.093116400006693,0.06312884999999999,332.32259999999997,587.2560210000001
6.140276600024663,0.06526228199999999,330.3354,603.1669074000001
6.18260649999138,0.067929072,329.3418,599.1891858000001
6.227269300026819,0.069884718,331.329,617.088933
6.272487100039143,0.07255150799999999,332.32259999999997,615.1000722000001
6.317263200005982,0.07450715399999999,331.329,636.9775410000002
6.36293940001633,0.07788508799999999,334.3098,648.9107058000002
6.407251099997666,0.080196306,334.3098,650.8995666000001
6.49798909999663,0.08179637999999999,333.3162,662.8327314000001
6.546604200033471,0.08392981199999999,330.3354,660.8438706000002
6.599872899998445,0.085174314,330.3354,680.7324786000001
6.680002600012813,0.086952174,332.32259999999997,676.7547569999999
6.7279751999885775,0.087841104,329.3418,692.6656434000001
6.730276299989782,0.089263392,331.329,694.6545042
6.767681500001345,0.09033010799999999,333.3162,706.587669
6.817506399995182,0.09175239599999999,331.329,720.5096946000001
6.857108900032472,0.09246354,334.3098,726.4762770000002
6.947141900018323,0.092285754,328.34819999999996,744.3760242000003
6.992657400027383,0.092819112,335.3034,740.3983026000001
7.0403655000263825,0.092285754,329.3418,756.3091890000005
7.083102300006431,0.092107968,333.3162,754.3203282000004
7.127643199986778,0.09175239599999999,333.3162,772.2200754
7.17242240003543,0.09104125199999999,330.3354,766.2534930000006
7.217953899991699,0.089974536,334.3098,784.1532402000003
7.263656400027685,0.088374462,333.3162,804.0418482000005
7.30723219999345,0.086596602,330.3354,802.0529874000003
7.397889800020494,0.085174314,330.3354,813.9861522000006
7.442281700030435,0.083040882,329.3418,811.9972914000004
7.487143200007267,0.08179637999999999,331.329,827.9081778000004
7.532608500041533,0.079485162,330.3354,831.8858994000002
7.580953800003044,0.07770730199999999,331.329,843.8190642000004
7.622470300004352,0.07521829799999999,329.3418,847.7967858000006
7.66718970000511,0.073618224,333.3162,857.7410898000003
7.712984899990261,0.069706932,330.3354,877.6296978000005
7.757576500007417,0.067217928,332.32259999999997,877.6296978000005
7.847737600037362,0.06526228199999999,331.329,891.5517234000004
7.892583500011824,0.06241770599999999,331.329,893.5405842
7.937651399988681,0.06028427399999999,330.3354,907.4626098000003
7.983200800023042,0.057617484,331.329,909.4514706000004
8.027289299992844,0.055128479999999994,331.329,921.3846354000002
8.072832500038203,0.05281726199999999,331.329,923.3734962000003
8.118040700035635,0.05068382999999999,333.3162,939.2843826000003
8.162426199996844,0.04641696599999999,328.34819999999996,949.2286866000004
8.207331600016914,0.04303903199999999,332.32259999999997,955.1952690000003
8.29815550002968,0.041083386,331.329,971.1061554000003
8.342989500029944,0.038238809999999984,331.329,965.1395729999999
8.387404100038111,0.035927591999999994,330.3354,997.6675194
8.433421300025657,0.03343858799999999,328.34819999999996,995.7512729999999
8.478014399996027,0.03112737,329.3418,1003.4162586000002
8.522851900022943,0.028638366,334.3098,1007.2487514
8.568004400003701,0.026504933999999994,330.3354,1028.3274618
8.612946300010663,0.022771427999999996,333.3162,1039.8249402000001
8.658545700018294,0.020637995999999992,335.3034,1041.7411865999998
8.747395100013819,0.018504563999999987,332.32259999999997,1055.1549114
8.792998099990655,0.016548917999999996,331.329,1055.1549114
8.837294900033157,0.014771058000000004,329.3418,1070.4848826000002
8.882854200026486,0.012993197999999997,331.329,1068.5686362000001
8.92839760001516,0.011215337999999991,330.3354,1081.9823610000003
8.972768800042104,0.009793049999999984,334.3098,1083.8986074
9.017874600016512,0.008370762000000004,331.329,1099.2285785999998
9.06249859998934,0.006770687999999997,333.3162,1116.4747962000001
9.107347000041045,0.005348400000000003,333.3162,1118.3910426000002
9.200441299995873,0.004637255999999992,330.3354,1124.1397818
9.243146100023296,0.0039261119999999955,334.3098,1127.9722746000002
9.287682500027586,0.002681610000000001,330.3354,1147.1347385999998
9.332973300013691,0.002503823999999988,331.329,1143.3022458
9.377628599992022,0.001970466000000004,329.3418,1158.6322169999999
9.423563399992418,0.001081535999999994,330.3354,1158.6322169999999
9.471117699984461,0.0007259639999999956,333.3162,1177.7946809999999
9.51345000002766,0.00037039200000001105,331.329,1191.2084058
9.557657400029711,0.00019260599999999795,331.329,1193.1246521999997
9.647410400037188,-0.0003407520000000136,331.329,1202.7058842000001
9.692574099986814,-0.00016296600000001438,331.329,1200.7896378
9.7373932999908,-0.0005185379999999989,328.34819999999996,1218.0358554000004
9.782698600029107,-0.0005185379999999989,330.3354,1218.0358554000004
9.827795499993954,-0.0010518960000000105,334.3098,1233.3658266000002
9.872621099988464,-0.0006963239999999982,335.3034,1233.3658266000002
9.91768559999764,-0.0010518960000000105,333.3162,1248.6957978
9.962969599990174,-0.0008741100000000113,344.2458,1267.8582618
10.007211700023618,-0.0008741100000000113,344.2458,1265.9420154
10.097728700027801,-0.0008741100000000113,357.1626,1277.4394938
10.142999900039285,-0.0006963239999999982,358.1562,1277.4394938
10.18750350002665,-0.0005185379999999989,373.0602,1287.0207258
10.232941300026141,-0.0010518960000000105,375.0474,1292.7694649999999
10.277482900011819,-0.0005185379999999989,390.945,1304.2669434
10.322408900014125,-0.0012296820000000236,390.945,1306.1831898
10.367791700002272,-0.0010518960000000105,408.8298,1321.5131610000003
10.412674400024116,-0.0008741100000000113,424.7274,1338.7593785999998
10.457238100003451,-0.0010518960000000105,426.7146,1344.5081178
10.5471089000348,-0.0010518960000000105,441.6186,1350.2568569999999
10.59293919999618,-0.0010518960000000105,441.6186,1354.0893498
10.637764999992214,-0.0010518960000000105,457.51619999999997,1365.5868282000001
10.68289100000402,-0.0006963239999999982,460.497,1365.5868282000001
10.729707500024233,-0.0006963239999999982,475.401,1380.9167994
10.773045699985232,-0.0012296820000000236,475.401,1384.7492922000001
10.819796600029804,-0.0006963239999999982,476.39459999999997,1382.8330458
10.863083800009917,-0.0010518960000000105,463.4778,1365.5868282000001
10.907649700006004,-0.0010518960000000105,464.4714,1371.3355674
10.997684800007846,-0.0010518960000000105,451.5546,1350.2568569999999
11.04242479999084,-0.0008741100000000113,452.5482,1354.0893498
11.089741700037848,-0.0008741100000000113,438.63779999999997,1334.9268858
11.132537299999967,-0.0010518960000000105,439.6314,1336.8431322000001
11.177433000004385,-0.0003407520000000136,423.7338,1317.6806681999997
11.223389099992346,-0.0006963239999999982,427.7082,1317.6806681999997
11.26759950001724,-0.0006963239999999982,411.81059999999997,1308.0994362000001
11.313138300029095,-0.0008741100000000113,400.881,1296.6019578
11.357837299990933,-0.0006963239999999982,400.881,1300.4344506000002
11.448591199994553,-0.0008741100000000113,385.977,1279.3557402000001
11.493542100011837,-0.0006963239999999982,386.9706,1279.3557402000001
11.537989200034644,-0.0006963239999999982,375.0474,1267.8582618
11.582280300033744,-0.0006963239999999982,376.041,1265.9420154
11.627545499999542,-0.0003407520000000136,361.137,1248.6957978
11.673186700034421,-0.0010518960000000105,362.1306,1248.6957978
11.719987499993294,-0.0008741100000000113,349.2138,1233.3658266000002
11.762876000022516,-0.0010518960000000105,338.2842,1219.9521018
11.807289200020023,-0.0010518960000000105,336.29699999999997,1219.9521018
11.89984170004027,-0.0008741100000000113,333.3162,1202.7058842000001
11.943197000015061,-0.0006963239999999982,333.3162,1204.6221305999998
11.989894700003788,-0.0008741100000000113,332.32259999999997,1187.3759129999999
12.033740000042599,-0.0006963239999999982,327.3546,1189.2921594
12.077780499996152,-0.0005185379999999989,332.32259999999997,1173.9621882000001
12.122434200020507,-0.0010518960000000105,331.329,1173.9621882000001
12.16783019999275,-0.0003407520000000136,326.361,1156.7159705999998
12.215552300040144,-0.0005185379999999989,329.3418,1145.2184922000001
12.257661000010557,-0.0005185379999999989,329.3418,1147.1347385999998
12.347963500011247,-0.0005185379999999989,331.329,1129.8885210000003
12.393056500004604,-0.0005185379999999989,332.32259999999997,1126.0560282000001
12.437278199999128,-0.0006963239999999982,328.34819999999996,1112.6423034
12.487190300016664,-0.0005185379999999989,329.3418,1114.5585498
12.527249000035226,-0.0005185379999999989,331.329,1097.3123322000001
12.572444099991117,-0.0005185379999999989,330.3354,1099.2285785999998
12.617197100014891,-0.0003407520000000136,333.3162,1083.8986074
12.663337600009982,-0.00016296600000001438,331.329,1068.5686362000001
12.707740299985744,-0.0006963239999999982,331.329,1072.4011290000003
12.798632899997756,-0.0003407520000000136,330.3354,1051.3224186000002
12.84243650001008,-0.0003407520000000136,332.32259999999997,1053.2386649999999
12.887673299992457,1.4819999999998723e-05,329.3418,1039.8249402000001
12.933061100018676,-0.0003407520000000136,329.3418,1041.7411865999998
12.97739230003208,0.00019260599999999795,334.3098,1022.5787226000002
13.022709799988661,1.4819999999998723e-05,335.3034,1026.4112154
13.067124099994544,0.00019260599999999795,331.329,1007.2487514
13.112629599985667,0.00037039200000001105,331.329,997.6675194
13.157844900037162,0.00037039200000001105,326.361,993.8350266000002
13.250625799992122,0.0007259639999999956,332.32259999999997,971.1061554000003
13.293130200006999,0.0009037499999999948,332.32259999999997,971.1061554000003
13.337420199997723,0.001081535999999994,330.3354,955.1952690000003
13.383193899993785,0.001081535999999994,333.3162,957.1841298000004
13.427826300030574,0.0016148939999999917,334.3098,939.2843826000003
13.473252600000706,0.0014371079999999925,331.329,939.2843826000003
13.51730360003421,0.001792679999999991,330.3354,919.3957746000005
13.562786000024062,0.0021482519999999894,331.329,903.4848882000001
13.607167300011497,0.0021482519999999894,333.3162,909.4514706000004
13.69964579999214,0.002681610000000001,333.3162,891.5517234000004
13.742532600008417,0.002681610000000001,332.32259999999997,887.5740018000001
13.787281900004018,0.0030371819999999994,329.3418,877.6296978000005
13.832474399998318,0.0030371819999999994,332.32259999999997,877.6296978000005
13.877789899997879,0.0039261119999999955,333.3162,863.7076722000002
13.922831900010351,0.0039261119999999955,330.3354,859.7299506000004
13.967917800007854,0.004459469999999993,331.329,845.8079250000001
14.013716600020416,0.004815041999999992,333.3162,831.8858994000002
14.057230200036429,0.004637255999999992,333.3162,831.8858994000002
14.149071699997876,0.005348400000000003,334.3098,810.0084306000003
14.194003899989184,0.005881757999999987,327.3546,815.9750130000002
14.237490200030152,0.0064151159999999985,331.329,802.0529874000003
14.286289200012106,0.006237329999999999,327.3546,800.0641266000007
14.327334900037386,0.006948473999999996,332.32259999999997,782.1643794000001
14.37266739999177,0.006948473999999996,333.3162,790.1198226000006
14.417359600018244,0.007304045999999995,334.3098,768.2423538000003
14.508049600000959,0.007659617999999993,333.3162,752.3314674000007
14.552729099988937,0.007837403999999992,330.3354,764.2646322000005
14.597875800041948,0.008726334000000002,332.32259999999997,738.4094418
14.687357200018596,0.008370762000000004,331.329,740.3983026000001
14.695731699990574,0.009081906,330.3354,724.4874162000001
14.732989599986468,0.009437478,332.32259999999997,724.4874162000001
14.780097400012892,0.009437478,333.3162,708.5765298000001
14.822991900029592,0.009615263999999998,330.3354,704.5988082000001
14.867612400033977,0.009970835999999997,329.3418,690.6767826000003
14.913176900008693,0.009970835999999997,331.329,676.7547569999999
14.95778410002822,0.010148621999999996,331.329,680.7324786000001
15.050243700039573,0.010504193999999994,330.3354,656.8661490000002
15.093077199999243,0.010504193999999994,336.29699999999997,662.8327314000001
15.137412799987942,0.010681979999999994,328.34819999999996,648.9107058000002
15.182896000042092,0.010504193999999994,327.3546,644.9329842000002
15.227422500029206,0.010681979999999994,330.3354,631.0109586000001
15.276232600037474,0.010326407999999995,331.329,634.9886802000001
15.31782649998786,0.010326407999999995,332.32259999999997,617.088933
15.363308300031349,0.010326407999999995,332.32259999999997,601.1780466
15.407724499993492,0.009793049999999984,332.32259999999997,603.1669074000001
15.497561099997256,0.009793049999999984,330.3354,589.2448818
15.543394999986049,0.009793049999999984,333.3162,583.2782993999999
15.587831100041512,0.009615263999999998,330.3354,571.3451345999999
15.636861700040754,0.009437478,328.34819999999996,569.3562738
15.677349400008097,0.009437478,331.329,555.4342482000002
15.723591300018597,0.008904119999999988,329.3418,557.4231090000001
15.768628799996804,0.008904119999999988,331.329,541.5122226000001
15.816645600018091,0.008370762000000004,332.32259999999997,521.6236146000001
15.85830680001527,0.007659617999999993,333.3162,529.5790577999999
15.950459800020326,0.007659617999999993,332.32259999999997,515.6570322
15.993119099992327,0.007304045999999995,330.3354,513.6681714000001
16.03736800001934,0.007126259999999995,329.3418,499.7461458
16.082532500033267,0.006770687999999997,330.3354,501.73500660000013
16.130731499986723,0.006592901999999998,331.329,485.82412020000015
16.172986900026444,0.006592901999999998,326.361,481.84639859999993
16.21745659998851,0.005703972000000002,332.32259999999997,469.91323379999994
16.263284699991345,0.00517061399999999,331.329,455.9912082000001
16.3533309000195,0.004281683999999994,333.3162,455.9912082000001
16.40051659999881,0.004281683999999994,330.3354,438.091461
16.44270770001458,0.0037483259999999963,331.329,438.091461
16.487729299988132,0.003392753999999998,329.3418,426.1582962
16.53388930001529,0.002681610000000001,330.3354,426.1582962
16.57794250000734,0.002681610000000001,333.3162,408.25854900000013
16.667082500003744,0.0023260380000000025,330.3354,410.2474098
16.675285700010136,0.001792679999999991,332.32259999999997,396.32538420000014
16.760040700028185,0.001792679999999991,333.3162,380.41449779999994
16.80292670003837,0.0012593219999999933,333.3162,384.39221940000016
16.847202000033576,0.0012593219999999933,332.32259999999997,366.49247220000007
16.895932000014,0.001081535999999994,333.3162,362.51475060000007
16.93778520001797,0.001081535999999994,331.329,344.6150034
16.982961900008377,0.0007259639999999956,329.3418,350.5815858000001
17.02851690002717,0.0009037499999999948,331.329,336.6595602000002
17.07249089999823,0.00037039200000001105,333.3162,336.6595602000002
17.117693900014274,0.00019260599999999795,332.32259999999997,316.7709522
17.163181899988558,0.0005481779999999825,325.3674,300.86006580000003
17.252702400030103,1.4819999999998723e-05,333.3162,308.815509
17.297377400042024,1.4819999999998723e-05,332.32259999999997,286.93804019999993
17.342885399993975,1.4819999999998723e-05,332.32259999999997,290.91576180000015
17.387198300042655,-0.00016296600000001438,328.34819999999996,275.00487539999995
17.43284980003955,-0.0003407520000000136,330.3354,276.99373620000006
17.47729569999501,0.00019260599999999795,333.3162,259.0939890000002
17.526682800031267,-0.0006963239999999982,332.32259999999997,261.0828498000001
17.567980799998622,-0.0003407520000000136,334.3098,245.17196339999987
17.613368900027126,-0.0003407520000000136,331.329,227.2722162
17.7030655000126,-0.00016296600000001438,332.32259999999997,231.2499378
17.747776000003796,1.4819999999998723e-05,333.3162,215.33905140000002
17.792969600006472,-0.00016296600000001438,333.3162,211.36132980000025
17.837375000002794,0.00019260599999999795,329.3418,197.43930419999992
17.883337100036442,1.4819999999998723e-05,332.32259999999997,199.42816500000004
17.928807399992365,0.00019260599999999795,332.32259999999997,185.50613939999994
17.974043200025335,1.4819999999998723e-05,333.3162,185.50613939999994
18.017224000010174,-0.00016296600000001438,330.3354,169.59525300000018
18.06247090001125,-0.0003407520000000136,332.32259999999997,155.6732274000001
18.152367900009267,-0.00016296600000001438,332.32259999999997,157.6620882000002
18.197831200028304,0.00037039200000001105,327.3546,137.7734802
18.24293539999053,-0.00016296600000001438,333.3162,137.7734802
18.287558200012427,1.4819999999998723e-05,330.3354,123.85145460000012
18.33270710002398,-0.00016296600000001438,333.3162,121.86259380000024
18.37723000004189,1.4819999999998723e-05,330.3354,109.92942900000025
18.422569099988323,-0.0005185379999999989,330.3354,109.92942900000025
18.467168700008187,-0.0006963239999999982,332.32259999999997,94.01854260000005
18.55762269999832,-0.0003407520000000136,333.3162,78.10765620000006
18.60595340002328,-0.0005185379999999989,332.32259999999997,84.07423859999994
18.647856800002046,-0.0006963239999999982,331.329,62.196769799999856
18.6928413999849,-0.0008741100000000113,332.32259999999997,62.196769799999856
18.740816100034863,-0.0005185379999999989,333.3162,50.26360499999987
18.78284550004173,-0.0010518960000000105,332.32259999999997,48.27474419999999
18.827346900012344,-0.0006963239999999982,329.3418,34.35271860000012
18.872684600006323,-0.0008741100000000113,332.32259999999997,34.35271860000012
18.917746899998747,-0.0008741100000000113,333.3162,20.43069300000002
18.963389299984556,-0.0008741100000000113,333.3162,6.508667400000149
19.053024800028652,-0.0008741100000000113,331.329,6.508667400000149
19.097334999998566,-0.0010518960000000105,333.3162,-11.391079799999943
19.142486200027633,-0.0006963239999999982,331.329,-11.391079799999943
19.18732720002299,1.4819999999998723e-05,327.3546,-25.313105399999813
19.232863900018856,-0.0010518960000000105,332.32259999999997,-25.313105399999813
19.27796610002406,-0.0010518960000000105,332.32259999999997,-39.23513100000014
19.323425700014923,-0.0010518960000000105,333.3162,-43.212852599999906
19.370218400028534,-0.0008741100000000113,332.32259999999997,-53.15715660000001
19.412489700014703,-0.0005185379999999989,330.3354,-67.07918219999988
19.503539900004398,-0.0008741100000000113,332.32259999999997,-67.07918219999988
19.547197500010952,-0.0006963239999999982,329.3418,-86.96779020000008
19.592840900004376,-0.0008741100000000113,329.3418,-84.97892939999997
19.6371661000303,-0.0006963239999999982,329.3418,-100.88981579999995
19.686353199998848,-0.0010518960000000105,329.3418,-98.90095500000007
19.72741250001127,-0.0008741100000000113,331.329,-114.81184139999982
19.776264199987054,-0.0015852540000000082,333.3162,-116.80070219999993
19.82035510003334,-0.0010518960000000105,329.3418,-128.73386699999992
19.862569299992174,-0.0008741100000000113,331.329,-124.75614539999992
19.953575199993793,-0.0006963239999999982,331.329,-124.75614539999992
19.998434700013604,-0.0008741100000000113,333.3162,-126.7450061999998
20.042060400010087,-0.0010518960000000105,328.34819999999996,-126.7450061999998
20.09015200001886,-0.0008741100000000113,329.3418,-128.73386699999992
20.132614300004207,-0.0010518960000000105,331.329,-126.7450061999998
20.177685600006953,-0.0006963239999999982,328.34819999999996,-130.72272780000003
20.22277460002806,-0.0006963239999999982,332.32259999999997,-124.75614539999992
20.26749330002349,-0.0006963239999999982,333.3162,-126.7450061999998
20.31621240003733,-0.0008741100000000113,334.3098,-124.75614539999992
20.404680300038308,-0.0008741100000000113,332.32259999999997,-126.7450061999998
20.447179200011306,-0.0008741100000000113,333.3162,-126.7450061999998
20.492989799997304,-0.0008741100000000113,330.3354,-128.73386699999992
20.537207900022622,-0.0010518960000000105,328.34819999999996,-128.73386699999992
20.58667879999848,-0.0006963239999999982,331.329,-130.72272780000003
20.628169000032358,-0.0008741100000000113,332.32259999999997,-114.81184139999982
20.719356400019024,-0.0010518960000000105,331.329,-112.82298059999994
20.74297399999341,-0.0010518960000000105,333.3162,-100.88981579999995
20.763045800034888,-0.0008741100000000113,330.3354,-82.99006859999986
20.853719600010663,-0.0008741100000000113,332.32259999999997,-82.99006859999986
20.89857810002286,-0.0008741100000000113,332.32259999999997,-71.05690379999987
20.942628299992066,-0.0006963239999999982,333.3162,-71.05690379999987
20.987435800023377,-0.0008741100000000113,331.329,-51.168295800000124
21.032655599992722,-0.0008741100000000113,329.3418,-55.14601739999989
21.077644100005273,-0.0008741100000000113,332.32259999999997,-39.23513100000014
21.123525400005747,-0.0006963239999999982,334.3098,-39.23513100000014
21.170109099999536,-0.0006963239999999982,325.3674,-25.313105399999813
21.212688400002662,-0.0006963239999999982,329.3418,-9.40221900000006
21.30354749999242,-0.0008741100000000113,330.3354,-9.40221900000006
21.347749900014605,-0.0006963239999999982,333.3162,4.519806600000038
21.39298940001754,-0.0006963239999999982,332.32259999999997,4.519806600000038
21.440170600020792,-0.0008741100000000113,330.3354,24.408414600000015
21.48251080000773,-0.0008741100000000113,329.3418,20.43069300000002
21.527321300003678,-0.0005185379999999989,335.3034,38.330440199999884
21.572885400033556,-0.0008741100000000113,334.3098,34.35271860000012
21.617356700007804,-0.0006963239999999982,333.3162,50.26360499999987
21.663570200034883,-0.0006963239999999982,331.329,66.17449140000008
21.753007900028024,-0.0008741100000000113,330.3354,66.17449140000008
21.797367500024848,-0.0006963239999999982,332.32259999999997,80.09651699999995
21.842548299988266,-0.0006963239999999982,330.3354,78.10765620000006
21.887809000036214,-0.0010518960000000105,330.3354,96.00740339999993
21.932614399993327,-0.0006963239999999982,332.32259999999997,96.00740339999993
21.977194900042377,-0.0006963239999999982,333.3162,107.94056819999992
22.022612800006755,-0.0005185379999999989,334.3098,109.92942900000025
22.067349300021306,-0.0008741100000000113,333.3162,123.85145460000012
22.15740680001909,-0.0003407520000000136,332.32259999999997,143.7400626000001
22.202511699986644,1.4819999999998723e-05,326.361,139.7623410000001
22.24728770001093,-0.00016296600000001438,333.3162,157.6620882000002
22.33728360000532,-0.00016296600000001438,332.32259999999997,155.6732274000001
22.34510490001412,0.00037039200000001105,330.3354,169.59525300000018
22.382579200027976,0.00037039200000001105,330.3354,171.58411380000007
22.427316799992695,0.0005481779999999825,332.32259999999997,183.51727860000005
22.47671320004156,0.0005481779999999825,333.3162,183.51727860000005
22.517285600013565,0.0009037499999999948,334.3098,199.42816500000004
22.60724260000279,0.0016148939999999917,333.3162,215.33905140000002
22.653468500007875,0.001792679999999991,333.3162,215.33905140000002
22.697267000039574,0.0021482519999999894,331.329,229.2610770000001
22.742538699996658,0.002503823999999988,331.329,229.2610770000001
22.78727380000055,0.0028593959999999863,332.32259999999997,243.18310259999998
22.832519999996293,0.003570539999999997,329.3418,245.17196339999987
22.87790620001033,0.0039261119999999955,332.32259999999997,261.0828498000001
22.92290000000503,0.004281683999999994,332.32259999999997,261.0828498000001
22.96733850002056,0.004815041999999992,331.329,275.00487539999995
23.057349500013515,0.006059544,331.329,290.91576180000015
23.10307469998952,0.006592901999999998,332.32259999999997,294.89348340000015
23.147104600036982,0.007481831999999994,332.32259999999997,304.8377874
23.19558739999775,0.00854854799999999,325.3674,304.8377874
23.237240799993742,0.009081906,328.34819999999996,320.7486738
23.282278000027873,0.010148621999999996,332.32259999999997,318.7598130000001
23.32710190000944,0.010859765999999993,333.3162,334.6706993999999
23.37247699999716,0.011748696000000003,328.34819999999996,334.6706993999999
23.418071700027213,0.012637625999999999,331.329,350.5815858000001
23.507185299997218,0.01459327199999999,333.3162,364.5036114000002
23.552689100033604,0.016015559999999998,330.3354,370.4701938000003
23.59722110000439,0.017082275999999993,332.32259999999997,382.4033586000003
23.642593200027477,0.018504563999999987,331.329,380.41449779999994
23.687446800002363,0.019571279999999996,329.3418,396.32538420000014
23.732459900027607,0.02117135399999999,331.329,398.314245
23.779406899993774,0.022238069999999985,332.32259999999997,406.26968820000025
23.82245909998892,0.02401592999999999,332.32259999999997,410.2474098
23.867597200034652,0.025438218,330.3354,426.1582962
23.957816599984653,0.028282793999999986,330.3354,440.0803218000001
24.00305150001077,0.03059401199999999,332.32259999999997,448.0357650000001
24.04785750003066,0.032194086,331.329,455.9912082000001
24.093142800033092,0.034149732,331.329,454.0023474000002
24.137283299991395,0.035927591999999994,332.32259999999997,469.91323379999994
24.22973030002322,0.03859438199999998,328.34819999999996,465.9355122000002
24.242296500015073,0.040194456,331.329,485.82412020000015
24.2729956000112,0.04250567399999999,332.32259999999997,485.82412020000015
24.31763750000391,0.044283533999999986,333.3162,497.75728500000014
24.407310000038706,0.047839254,330.3354,513.6681714000001
24.45287229999667,0.05086161599999999,331.329,513.6681714000001
24.49715400004061,0.052639476,332.32259999999997,519.6347538000002
24.542759100033436,0.055306266,330.3354,527.590197
24.58714560000226,0.05708412599999999,331.329,541.5122226000001
24.632550799986348,0.05992870199999999,332.32259999999997,541.5122226000001
24.677272800006904,0.061706562,328.34819999999996,555.4342482000002
24.722559400019236,0.064551138,331.329,557.4231090000001
24.76719000004232,0.066328998,332.32259999999997,573.3339954
24.861310600012075,0.07024029,330.3354,587.2560210000001
24.903109500010032,0.072729294,332.32259999999997,591.2337426000001
24.95111220004037,0.07486272599999999,333.3162,601.1780466
24.993976600002497,0.077173944,332.32259999999997,599.1891858000001
25.03729370003566,0.07912959,331.329,617.088933
25.082706000015605,0.08144080799999999,329.3418,617.088933
25.127378300006967,0.083396454,330.3354,634.9886802000001
25.172767999989446,0.085885458,329.3418,631.0109586000001
25.219968900026288,0.08712995999999999,331.329,646.9218450000001
25.30909100000281,0.089974536,335.3034,662.8327314000001
25.353497600008268,0.091930182,332.32259999999997,666.8104530000003
25.397365499986336,0.09335246999999999,331.329,676.7547569999999
25.44263539998792,0.094952544,330.3354,678.7436178000003
25.487454999994952,0.095841474,331.329,688.6879217999999
25.533149700029753,0.09690818999999999,333.3162,692.6656434000001
25.577317200019024,0.09779711999999999,329.3418,708.5765298000001
25.622800900018774,0.09868605,332.32259999999997,708.5765298000001
25.66755720000947,0.09957498,332.32259999999997,722.4985554
25.757321399985813,0.10010833799999999,333.3162,742.3871634000002
25.802765000029467,0.09993055199999999,334.3098,748.3537458000001
25.847493699984625,0.09975276599999999,331.329,752.3314674000007
25.892870000039693,0.09957498,333.3162,756.3091890000005
25.93827240000246,0.099041622,332.32259999999997,770.2312146000004
25.986072200001217,0.098152692,331.329,768.2423538000003
26.027717099990696,0.097619334,333.3162,786.1421010000004
26.117885400017258,0.09601926,332.32259999999997,786.1421010000004
26.11999360000482,0.09477475799999999,331.329,800.0641266000007
26.210349400003906,0.092819112,328.34819999999996,813.9861522000006
26.25273050001124,0.09033010799999999,331.329,821.9415954000001
26.29725490004057,0.08873003399999999,331.329,833.8747602000003
26.346657200017944,0.08624103,329.3418,829.8970386000001
26.38759110000683,0.08428538399999999,331.329,845.8079250000001
26.480720499996096,0.08161859399999999,331.329,845.8079250000001
26.523073900025338,0.079840734,333.3162,857.7410898000003
26.526590900029987,0.077173944,329.3418,861.7188114000005
26.5672422000207,0.07486272599999999,334.3098,875.6408370000004
26.657190099998843,0.070595862,332.32259999999997,893.5405842
26.70306770002935,0.067929072,333.3162,893.5405842
26.747207100037485,0.06544006799999999,334.3098,905.4737490000002
26.838517200027127,0.062595492,331.329,911.4403314000006
26.84610890003387,0.06010648799999999,331.329,927.3512178000001
26.88420979998773,0.05690633999999999,331.329,925.3623570000004
26.927355399995577,0.05459512199999999,333.3162,941.2732434
26.972767600032967,0.051750545999999994,333.3162,943.2621042000005
27.017260699998587,0.04943932799999999,331.329,955.1952690000003
27.110371600021608,0.044283533999999986,331.329,975.083877
27.152856900007464,0.041438958,330.3354,973.0950162000004
27.197763000032865,0.03930552599999999,326.361,995.7512729999999
27.242609500011895,0.035572019999999996,331.329,997.6675194
27.287417399988044,0.03343858799999999,330.3354,1007.2487514
27.333047799998894,0.03130515599999999,332.32259999999997,1009.1649978
27.37748530000681,0.028993937999999997,330.3354,1026.4112154
27.42250620003324,0.025971575999999996,332.32259999999997,1026.4112154
27.46779600001173,0.02401592999999999,331.329,1039.8249402000001
27.55732070002705,0.020637995999999992,333.3162,1057.0711578
27.60318640002515,0.01797120599999999,333.3162,1058.9874042000001
27.647412799997255,0.016015559999999998,329.3418,1068.5686362000001
27.69263070001034,0.014059913999999993,332.32259999999997,1068.5686362000001
27.737237900029868,0.012104268000000001,330.3354,1081.9823610000003
27.78257919999305,0.010859765999999993,333.3162,1083.8986074
27.827497799997218,0.009259692,333.3162,1103.0610714000004
27.872560399991926,0.007837403999999992,331.329,1097.3123322000001
27.920214000041597,0.0064151159999999985,331.329,1116.4747962000001
28.0104466000339,0.004992828000000005,332.32259999999997,1124.1397818
28.053901200008113,0.004103897999999995,332.32259999999997,1131.8047674
28.097813500033226,0.0032149679999999986,330.3354,1141.3859994
28.1432340000174,0.002503823999999988,329.3418,1145.2184922000001
28.18738190003205,0.0023260380000000025,326.361,1160.5484634000004
28.237347899994347,0.0014371079999999925,330.3354,1160.5484634000004
28.277979100006633,0.0009037499999999948,328.34819999999996,1172.0459418
28.32334699999774,0.0009037499999999948,333.3162,1177.7946809999999
28.3673531000386,0.00037039200000001105,333.3162,1189.2921594
28.461352200014517,-0.00016296600000001438,331.329,1206.5383770000003
28.502826999989338,-0.00016296600000001438,333.3162,1206.5383770000003
28.54772650002269,-0.0005185379999999989,332.32259999999997,1214.2033625999998
28.592722500034142,-0.0003407520000000136,328.34819999999996,1219.9521018
28.63756539998576,-0.0008741100000000113,333.3162,1235.2820729999999
28.682879900035914,-0.0008741100000000113,333.3162,1235.2820729999999
28.72741729998961,-0.0006963239999999982,332.32259999999997,1250.6120442000001
28.772583700018004,-0.0010518960000000105,334.3098,1246.7795514
28.817806800012477,-0.0008741100000000113,338.2842,1264.0257690000003
28.910414599988144,-0.0006963239999999982,354.1818,1279.3557402000001
28.952811600000132,-0.0008741100000000113,356.169,1281.2719865999998
29.00079520000145,-0.0008741100000000113,371.073,1294.6857114
29.045953900029417,-0.0010518960000000105,373.0602,1294.6857114
29.087380899989512,-0.0010518960000000105,384.9834,1310.0156826000002
29.132644600002095,-0.0008741100000000113,387.9642,1310.0156826000002
29.178083800012246,-0.00016296600000001438,403.8618,1323.4294074
29.222574400017038,-0.0010518960000000105,405.849,1323.4294074
29.267271300021093,-0.0008741100000000113,421.7466,1336.8431322000001
29.35722430003807,-0.0008741100000000113,437.6442,1354.0893498
29.40240670001367,-0.0010518960000000105,438.63779999999997,1359.8380889999999
29.447368499997538,-0.0006963239999999982,454.5354,1367.5030746000002
29.492745399998967,-0.0006963239999999982,454.5354,1371.3355674
29.537179200036917,-0.0012296820000000236,470.433,1382.8330458
29.582891800033394,-0.0008741100000000113,471.4266,1379.0005530000003
29.629872700024862,-0.0008741100000000113,473.4138,1379.0005530000003
29.675794499984477,-0.0010518960000000105,473.4138,1382.8330458
29.717143299989402,-0.0006963239999999982,459.5034,1369.4193210000003
29.810556999989785,-0.0008741100000000113,447.5802,1356.0055962000001
29.853499400021974,-0.0008741100000000113,448.5738,1356.0055962000001
29.89778130000923,-0.0006963239999999982,433.6698,1338.7593785999998
29.94331649999367,-0.0006963239999999982,435.657,1338.7593785999998
29.988012699992396,-0.0010518960000000105,419.75939999999997,1327.2619002000001
30.03264069999568,-0.0010518960000000105,422.7402,1321.5131610000003
30.077664599986747,-0.0012296820000000236,409.8234,1310.0156826000002
30.122626200027298,-0.0008741100000000113,409.8234,1311.9319290000003
30.169967900030315,-0.0003407520000000136,395.913,1292.7694649999999
30.259688100020867,-0.0010518960000000105,382.0026,1279.3557402000001
30.303977100003976,-0.0010518960000000105,382.9962,1283.1882329999999
30.3471225000103,-0.0012296820000000236,370.07939999999996,1265.9420154
30.395805600041058,-0.0008741100000000113,371.073,1265.9420154
30.437322000041604,-0.0010518960000000105,357.1626,1250.6120442000001
30.48597510001855,-0.0008741100000000113,358.1562,1254.4445370000003
30.528428699995857,-0.0008741100000000113,345.2394,1231.4495802000001
30.572879699990153,-0.0008741100000000113,347.22659999999996,1235.2820729999999
30.617406300036237,-0.0008741100000000113,332.32259999999997,1219.9521018
30.70732779998798,-0.0008741100000000113,331.329,1204.6221305999998
30.75249280000571,-0.0010518960000000105,333.3162,1204.6221305999998
30.797293399984483,-0.0006963239999999982,330.3354,1189.2921594
30.842332700034603,-0.0006963239999999982,329.3418,1187.3759129999999
30.887297000037506,-0.0008741100000000113,331.329,1172.0459418
30.932717800023966,-0.0008741100000000113,331.329,1173.9621882000001
30.977336700016167,-0.0006963239999999982,329.3418,1158.6322169999999
31.026164799986873,-0.0006963239999999982,330.3354,1158.6322169999999
31.067280900024343,-0.0006963239999999982,330.3354,1147.1347385999998
31.159776300017256,-0.0010518960000000105,331.329,1127.9722746000002
31.202707000018563,-0.0003407520000000136,327.3546,1129.8885210000003
31.247243500023615,-0.0006963239999999982,329.3418,1114.5585498
31.292584499984514,-0.0006963239999999982,329.3418,1114.5585498
31.337494200037327,-0.0003407520000000136,329.3418,1095.3960858
31.38296200003242,-0.0006963239999999982,329.3418,1101.1448249999999
31.427991200005636,-0.0005185379999999989,334.3098,1081.9823610000003
31.47282800002722,-0.0003407520000000136,333.3162,1081.9823610000003
31.519887700036634,-0.0003407520000000136,333.3162,1072.4011290000003
31.6105266000377,-0.0003407520000000136,333.3162,1055.1549114
31.653611799993087,-0.00016296600000001438,331.329,1060.9036506000002
31.69774370000232,-0.0003407520000000136,330.3354,1037.9086938
31.746454100008123,-0.0003407520000000136,329.3418,1037.9086938
31.7899652000051,-0.00016296600000001438,330.3354,1024.4949690000003
31.83388350001769,1.4819999999998723e-05,335.3034,1026.4112154
31.877526400028728,0.00037039200000001105,331.329,1011.0812442000001
31.92316370003391,1.4819999999998723e-05,332.32259999999997,1011.0812442000001
31.970527000026777,0.00019260599999999795,333.3162,999.5837658000005
32.05869870004244,0.0005481779999999825,331.329,969.1172946000006
32.10432750004111,0.0009037499999999948,332.32259999999997,969.1172946000006
32.14730830001645,0.0009037499999999948,330.3354,953.2064082000002
32.193117499991786,0.0014371079999999925,326.361,955.1952690000003
32.23753400001442,0.001081535999999994,331.329,937.2955218000002
32.28318299999228,0.0016148939999999917,332.32259999999997,937.2955218000002
32.3276844000211,0.001970466000000004,332.32259999999997,921.3846354000002
32.37323510000715,0.001792679999999991,333.3162,925.3623570000004
32.41780739999376,0.0021482519999999894,333.3162,907.4626098000003
32.508014900027774,0.002503823999999988,332.32259999999997,889.5628626000002
32.597439200035296,0.002681610000000001,330.3354,897.5183058000002
32.59951700002421,0.0032149679999999986,333.3162,875.6408370000004
32.646839799999725,0.003392753999999998,331.329,873.6519762000003
32.68738200003281,0.003570539999999997,334.3098,861.7188114000005
32.73299789999146,0.0039261119999999955,332.32259999999997,859.7299506000004
32.77731670002686,0.004459469999999993,332.32259999999997,839.8413426000002
32.82285130000673,0.004637255999999992,331.329,845.8079250000001
32.86801229999401,0.00517061399999999,333.3162,829.8970386000001
32.96169010002632,0.005348400000000003,332.32259999999997,813.9861522000006
33.00258939998457,0.0055261859999999885,331.329,815.9750130000002
33.0477803000249,0.006059544,328.34819999999996,800.0641266000007
33.093532100028824,0.006237329999999999,332.32259999999997,804.0418482000005
33.13765789999161,0.006948473999999996,329.3418,786.1421010000004
33.1836499000201,0.007481831999999994,329.3418,784.1532402000003
33.2274890000117,0.007481831999999994,333.3162,772.2200754
33.272503399988636,0.007837403999999992,330.3354,768.2423538000003
33.31736310000997,0.008015189999999991,331.329,754.3203282000004
33.40788280003471,0.008726334000000002,332.32259999999997,744.3760242000003
33.453179400006775,0.00854854799999999,333.3162,742.3871634000002
33.49727490002988,0.008904119999999988,330.3354,722.4985554
33.54281760001322,0.009081906,329.3418,724.4874162000001
33.587624500039965,0.009793049999999984,333.3162,710.5653906
33.63341459998628,0.009615263999999998,329.3418,708.5765298000001
33.677263399993535,0.010326407999999995,333.3162,692.6656434000001
33.7228829000378,0.010148621999999996,335.3034,692.6656434000001
33.770377700042445,0.010504193999999994,329.3418,674.7658962
33.85764270002255,0.010326407999999995,334.3098,658.8550098000001
33.90289369999664,0.010326407999999995,334.3098,660.8438706000002
33.94832389999647,0.010504193999999994,330.3354,648.9107058000002
33.99435520003317,0.010504193999999994,331.329,646.9218450000001
34.03756110003451,0.010504193999999994,334.3098,632.9998194000002
34.08294640004169,0.010148621999999996,330.3354,632.9998194000002
34.12748259998625,0.010859765999999993,333.3162,617.088933
34.17291630001273,0.011215337999999991,330.3354,621.0666546000002
34.21719639998628,0.010504193999999994,331.329,599.1891858000001
34.30786210001679,0.010326407999999995,333.3162,587.2560210000001
34.35301880002953,0.009615263999999998,329.3418,593.2226034
34.39761200000066,0.009615263999999998,330.3354,573.3339954
34.443341100006364,0.009437478,329.3418,569.3562738
34.48869020002894,0.009437478,328.34819999999996,557.4231090000001
34.5330272000283,0.009259692,331.329,555.4342482000002
34.57779260003008,0.009259692,333.3162,539.5233618
34.62339389999397,0.008370762000000004,332.32259999999997,521.6236146000001
34.66784730000654,0.007837403999999992,331.329,523.6124754
34.7578526000143,0.007659617999999993,334.3098,511.6793106
34.803109400032554,0.007481831999999994,331.329,513.6681714000001
34.84788130002562,0.006948473999999996,328.34819999999996,499.7461458
34.89318110002205,0.0064151159999999985,330.3354,499.7461458
34.94152719998965,0.006770687999999997,332.32259999999997,481.84639859999993
34.98395520000486,0.005703972000000002,334.3098,483.83525940000004
35.02854180004215,0.0055261859999999885,330.3354,467.92437300000006
35.073754200013354,0.004992828000000005,332.32259999999997,452.0134866000001
35.118287199991755,0.004459469999999993,330.3354,455.9912082000001
35.20795630000066,0.004637255999999992,328.34819999999996,440.0803218000001
35.25308679998852,0.003570539999999997,334.3098,440.0803218000001
35.30075130000478,0.0032149679999999986,330.3354,426.1582962
35.34397759998683,0.002681610000000001,330.3354,422.1805746
35.38742640003329,0.002503823999999988,332.32259999999997,410.2474098
35.43286470003659,0.001970466000000004,333.3162,408.25854900000013
35.477707399986684,0.0016148939999999917,333.3162,396.32538420000014
35.52289000002202,0.0012593219999999933,332.32259999999997,378.42563700000005
35.567765299987514,0.0009037499999999948,332.32259999999997,384.39221940000016
35.657258399995044,0.0014371079999999925,329.3418,366.49247220000007
35.70234950003214,0.001081535999999994,330.3354,364.5036114000002
35.74960010003997,0.0009037499999999948,331.329,348.5927250000002
35.79402969998773,0.0005481779999999825,330.3354,344.6150034
35.83964389999164,0.0005481779999999825,332.32259999999997,332.6818386
35.883500700001605,1.4819999999998723e-05,333.3162,336.6595602000002
35.927258100011386,0.00019260599999999795,334.3098,318.7598130000001
36.018421399989165,1.4819999999998723e-05,332.32259999999997,304.8377874
36.02136850001989,0.00019260599999999795,333.3162,308.815509
36.107982699992135,1.4819999999998723e-05,331.329,294.89348340000015
36.1526404999895,1.4819999999998723e-05,333.3162,290.91576180000015
36.197388700034935,0.00037039200000001105,328.34819999999996,276.99373620000006
36.2435708999983,-0.00016296600000001438,329.3418,275.00487539999995
36.28790759999538,-0.0003407520000000136,332.32259999999997,261.0828498000001
36.33276720001595,-0.0005185379999999989,332.32259999999997,261.0828498000001
36.37997380003799,1.4819999999998723e-05,331.329,241.1942418000001
36.42309220001334,1.4819999999998723e-05,330.3354,227.2722162
36.46741799998563,-0.00016296600000001438,332.32259999999997,231.2499378
36.5582926000352,1.4819999999998723e-05,331.329,211.36132980000025
36.60269239998888,0.00037039200000001105,331.329,217.32791220000013
36.647285100014415,0.0005481779999999825,328.34819999999996,199.42816500000004
36.737170300039,0.00037039200000001105,332.32259999999997,199.42816500000004
36.739321500004735,0.0005481779999999825,330.3354,185.50613939999994
36.78272870002547,0.00019260599999999795,329.3418,183.51727860000005
36.83006980002392,0.0007259639999999956,332.32259999999997,167.60639220000007
36.87292430002708,0.00019260599999999795,333.3162,153.68436659999998
36.917698900040705,0.00019260599999999795,333.3162,155.6732274000001
37.00858810002683,1.4819999999998723e-05,331.329,145.7289234000002
37.05630590004148,-0.00016296600000001438,334.3098,139.7623410000001
37.09904810000444,0.00037039200000001105,330.3354,121.86259380000024
37.14316500001587,-0.00016296600000001438,332.32259999999997,125.84031540000001
37.187266600027215,0.00019260599999999795,328.34819999999996,109.92942900000025
37.277400300023146,-0.00016296600000001438,331.329,107.94056819999992
37.279502400022466,-0.00016296600000001438,332.32259999999997,92.02968179999993
37.322710799984634,-0.0003407520000000136,331.329,80.09651699999995
37.36737110000104,-0.0003407520000000136,329.3418,80.09651699999995
37.4599308000179,-0.0006963239999999982,332.32259999999997,66.17449140000008
37.50315160001628,-0.0006963239999999982,331.329,64.1856306000002
37.5478002000018,-0.0006963239999999982,330.3354,50.26360499999987
37.63981610001065,-0.0006963239999999982,330.3354,50.26360499999987
37.68265339999925,-0.0008741100000000113,333.3162,36.3415794
37.68585549999261,-0.0005185379999999989,333.3162,38.330440199999884
37.73049290000927,-0.0005185379999999989,332.32259999999997,20.43069300000002
37.77281930000754,-0.0006963239999999982,334.3098,2.5309457999999267
37.81780449999496,-0.0008741100000000113,333.3162,6.508667400000149
37.90797850000672,-0.0008741100000000113,330.3354,-9.40221900000006
37.9531413000077,-0.0006963239999999982,329.3418,-9.40221900000006
37.997310400009155,-0.0008741100000000113,329.3418,-23.32424459999993
38.04284430004191,-0.0008741100000000113,329.3418,-25.313105399999813
38.08783720002975,-0.0010518960000000105,334.3098,-39.23513100000014
38.13252069998998,-0.0006963239999999982,330.3354,-39.23513100000014
38.177279700001236,-0.00016296600000001438,330.3354,-55.14601739999989
38.22286460001487,-0.0008741100000000113,334.3098,-71.05690379999987
38.267353100003675,-0.0006963239999999982,333.3162,-67.07918219999988
38.35769810003694,-0.0008741100000000113,332.32259999999997,-82.99006859999986
38.44809170003282,-0.0006963239999999982,331.329,-82.99006859999986
38.492617700016126,-0.0008741100000000113,332.32259999999997,-96.91209419999996
38.498338300036266,-0.0008741100000000113,331.329,-98.90095500000007
38.53753540001344,-0.0012296820000000236,331.329,-114.81184139999982
38.58311760000652,-0.0006963239999999982,330.3354,-112.82298059999994
38.62990579998586,-0.0008741100000000113,331.329,-128.73386699999992
38.67238410003483,-0.0006963239999999982,331.329,-122.76728460000004
38.717855700000655,-0.0008741100000000113,330.3354,-126.7450061999998
38.81058170000324,-0.0008741100000000113,331.329,-126.7450061999998
38.85338230000343,-0.0008741100000000113,331.329,-124.75614539999992
38.89811670000199,-0.0008741100000000113,333.3162,-126.7450061999998
38.94293469999684,-0.0010518960000000105,327.3546,-126.7450061999998
38.98807200003648,-0.0008741100000000113,329.3418,-126.7450061999998
39.03269800002454,-0.0008741100000000113,332.32259999999997,-126.7450061999998
39.07773300004192,-0.0008741100000000113,332.32259999999997,-124.75614539999992
39.12243580003269,-0.0006963239999999982,333.3162,-126.7450061999998
39.17000450001797,1.4819999999998723e-05,328.34819999999996,-128.73386699999992
39.25778899999568,-0.0010518960000000105,331.329,-126.7450061999998
39.30525420000777,-0.0010518960000000105,330.3354,-126.7450061999998
39.347221400006674,-0.0010518960000000105,335.3034,-126.7450061999998
39.39262980001513,-0.0006963239999999982,327.3546,-126.7450061999998
39.43779709999217,-0.0008741100000000113,326.361,-126.7450061999998
39.482383500027936,-0.0010518960000000105,333.3162,-124.75614539999992
39.5284229000099,-0.0006963239999999982,331.329,-124.75614539999992
39.572439400013536,-0.0010518960000000105,332.32259999999997,-124.75614539999992
39.61790110002039,-0.0008741100000000113,331.329,-126.7450061999998
39.707833599997684,-0.0008741100000000113,333.3162,-126.7450061999998
39.75215160002699,-0.0010518960000000105,334.3098,-126.7450061999998
39.8002268000273,-0.0008741100000000113,332.32259999999997,-128.73386699999992
39.842710500000976,-0.0010518960000000105,328.34819999999996,-124.75614539999992
39.88731700001517,-0.0008741100000000113,329.3418,-124.75614539999992
39.93273010000121,-0.0008741100000000113,332.32259999999997,-124.75614539999992
39.97737320000306,-0.0008741100000000113,333.3162,-126.7450061999998
40.02303959999699,-0.0008741100000000113,333.3162,-114.81184139999982
40.06793540000217,-0.0010518960000000105,334.3098,-112.82298059999994
40.157697000016924,-0.0010518960000000105,335.3034,-98.90095500000007
40.20327689999249,-0.00016296600000001438,329.3418,-96.91209419999996
40.24754250003025,-0.0008741100000000113,331.329,-84.97892939999997
40.292634000012185,-0.0008741100000000113,331.329,-86.96779020000008
40.33893760002684,-0.001407467999999995,336.29699999999997,-69.06804299999999
40.38283830002183,-0.0008741100000000113,329.3418,-67.07918219999988
40.427539700001944,-0.0008741100000000113,332.32259999999997,-53.15715660000001
40.47324090002803,-0.0010518960000000105,332.32259999999997,-39.23513100000014
40.517785000032745,-0.0008741100000000113,330.3354,-35.257409399999915
40.60838849999709,-0.0006963239999999982,331.329,-23.32424459999993
40.653055000002496,-0.0008741100000000113,330.3354,-25.313105399999813
40.70035420003114,-0.0008741100000000113,332.32259999999997,-9.40221900000006
40.74309910001466,-0.0006963239999999982,332.32259999999997,-9.40221900000006
40.78789510001661,-0.0006963239999999982,331.329,6.508667400000149
40.83799020003062,-0.0006963239999999982,331.329,4.519806600000038
40.87888810003642,-0.0005185379999999989,331.329,20.43069300000002
40.92334879998816,-0.0008741100000000113,331.329,34.35271860000012
40.967655699991155,-0.0008741100000000113,331.329,36.3415794
41.05837330000941,-0.0006963239999999982,331.329,50.26360499999987
41.103146100009326,-0.0006963239999999982,333.3162,48.27474419999999
41.14788070000941,-0.0008741100000000113,330.3354,66.17449140000008
41.19315100001404,-0.00016296600000001438,327.3546,64.1856306000002
41.23735360003775,-0.0005185379999999989,333.3162,82.08537780000006
41.286995200032834,-0.0008741100000000113,332.32259999999997,82.08537780000006
41.3281056000269,-0.0006963239999999982,332.32259999999997,94.01854260000005
41.37312669999665,-0.0005185379999999989,333.3162,109.92942900000025
41.41781130002346,-0.0005185379999999989,331.329,109.92942900000025
41.50844579999102,-0.00016296600000001438,331.329,123.85145460000012
41.55364160001045,-0.00016296600000001438,331.329,125.84031540000001
41.598928400024306,-0.00016296600000001438,330.3354,139.7623410000001
41.642763899988495,-0.00016296600000001438,330.3354,141.7512018
41.68750820000423,1.4819999999998723e-05,330.3354,155.6732274000001
41.73269189998973,0.00019260599999999795,331.329,155.6732274000001
41.777465699997265,0.00037039200000001105,331.329,169.59525300000018
41.827811199997086,0.0009037499999999948,333.3162,183.51727860000005
41.867682399984915,0.0012593219999999933,331.329,185.50613939999994
41.95780850003939,0.0014371079999999925,330.3354,197.43930419999992
42.00280409998959,0.001792679999999991,332.32259999999997,199.42816500000004
42.04723070003092,0.001970466000000004,330.3354,213.35019060000013
42.09267889999319,0.0021482519999999894,331.329,215.33905140000002
42.14084070001263,0.002681610000000001,334.3098,229.2610770000001
42.18321700004162,0.0032149679999999986,328.34819999999996,229.2610770000001
42.227127799997106,0.0032149679999999986,331.329,243.18310259999998
42.27273160003824,0.004103897999999995,331.329,259.0939890000002
42.31747710000491,0.004815041999999992,332.32259999999997,263.07171059999996
42.40765950002242,0.0055261859999999885,333.3162,275.00487539999995
42.457456100033596,0.006237329999999999,333.3162,276.99373620000006
42.497376499988604,0.006770687999999997,331.329,290.91576180000015
42.54270859999815,0.007659617999999993,332.32259999999997,288.92690100000004
42.591325899993535,0.008370762000000004,329.3418,302.84892660000014
42.634512300021015,0.009437478,331.329,302.84892660000014
42.677373600017745,0.009793049999999984,334.3098,320.7486738
42.72600990004139,0.01157090999999999,331.329,334.6706993999999
42.7679807000095,0.012459839999999986,329.3418,334.6706993999999
42.85992990003433,0.013704341999999994,333.3162,350.5815858000001
42.90337489999365,0.015126630000000002,330.3354,350.5815858000001
42.94723410002189,0.016193345999999983,330.3354,364.5036114000002
42.99640649999492,0.01761563399999999,327.3546,366.49247220000007
43.037649900012184,0.018860135999999986,331.329,378.42563700000005
43.08636310003931,0.020104637999999994,333.3162,380.41449779999994
43.12988950003637,0.021526925999999988,331.329,396.32538420000014
43.17322520003654,0.02454928799999999,328.34819999999996,410.2474098
43.21737289999146,0.025971575999999996,333.3162,412.2362706000001
43.307273100013845,0.02757164999999999,332.32259999999997,428.1471570000001
43.398284499999136,0.029349509999999995,334.3098,422.1805746
43.40317420003703,0.03094958399999999,330.3354,440.0803218000001
43.44326379999984,0.03308301599999999,333.3162,444.0580434000001
43.48741380003048,0.035216448,331.329,454.0023474000002
43.533119500032626,0.036816522000000004,334.3098,452.0134866000001
43.57763559999876,0.038949953999999995,331.329,471.90209460000005
43.622648300020956,0.042327887999999994,331.329,483.83525940000004
43.667974399984814,0.044994677999999996,334.3098,485.82412020000015
43.760114900011104,0.04712811,332.32259999999997,495.76842420000025
43.80309510004008,0.049972685999999995,329.3418,497.75728500000014
43.84781390003627,0.05157275999999999,329.3418,509.6904498000001
43.892972000001464,0.054061764,330.3354,509.6904498000001
43.93749849998858,0.056372981999999995,330.3354,525.6013362000001
43.983419299998786,0.059039772,330.3354,527.590197
44.02752810000675,0.061173203999999995,331.329,539.5233618
44.076655699987896,0.06508449599999999,332.32259999999997,555.4342482000002
44.11745190003421,0.06810685799999999,333.3162,559.4119698
44.208243200031575,0.070595862,331.329,571.3451345999999
44.25315450003836,0.072729294,331.329,569.3562738
44.29790599999251,0.07450715399999999,333.3162,585.2671602
44.34314400004223,0.07735173,330.3354,587.2560210000001
44.390461900038645,0.07912959,333.3162,603.1669074000001
44.43366520002019,0.081974166,333.3162,601.1780466
44.47754069999792,0.083752026,329.3418,615.1000722000001
44.523026300012134,0.08748553199999999,332.32259999999997,631.0109586000001
44.56733480002731,0.090152322,332.32259999999997,636.9775410000002
44.657640199991874,0.09175239599999999,332.32259999999997,648.9107058000002
44.70273270003963,0.09388582799999999,331.329,648.9107058000002
44.747727400041185,0.095308116,333.3162,662.8327314000001
44.79243959998712,0.09708597599999999,332.32259999999997,660.8438706000002
44.840144800022244,0.098508264,331.329,676.7547569999999
44.88266780000413,0.10010833799999999,334.3098,678.7436178000003
44.92733680002857,0.100997268,332.32259999999997,690.6767826000003
45.017270500015,0.10313069999999999,332.32259999999997,708.5765298000001
45.02842300001066,0.10401963,331.329,712.5542514000001
45.10761890001595,0.104552988,331.329,726.4762770000002
45.152737400028855,0.10490856,332.32259999999997,722.4985554
45.19733360002283,0.105441918,331.329,738.4094418
45.24256159999641,0.10490856,328.34819999999996,740.3983026000001
45.28746170003433,0.10490856,334.3098,756.3091890000005
45.337170600018,0.104552988,335.3034,758.2980498000002
45.3774623000063,0.10401963,333.3162,766.2534930000006
45.46731830004137,0.102597342,329.3418,784.1532402000003
45.47062720003305,0.10135284,331.329,788.1309618000005
45.557302100001834,0.09993055199999999,330.3354,804.0418482000005
45.602651500026695,0.097974906,330.3354,802.0529874000003
45.647391200007405,0.09673040399999999,331.329,815.9750130000002
45.69284820003668,0.09477475799999999,329.3418,815.9750130000002
45.737488300015684,0.092996898,332.32259999999997,827.9081778000004
45.78247350000311,0.09050789399999999,330.3354,829.8970386000001
45.827341700030956,0.088552248,331.329,845.8079250000001
45.87321859999793,0.08428538399999999,331.329,861.7188114000005
45.91734039998846,0.08126302199999999,332.32259999999997,865.6965330000003
46.00777080003172,0.078774018,332.32259999999997,879.6185586000001
46.05256189999636,0.076107228,332.32259999999997,873.6519762000003
46.097342299995944,0.073440438,328.34819999999996,889.5628626000002
46.14312700001756,0.070595862,330.3354,891.5517234000004
46.18735670001479,0.06864021599999999,331.329,905.4737490000002
46.23274509998737,0.06561785399999999,332.32259999999997,907.4626098000003
46.27911519998452,0.062951064,331.329,923.3734962000003
46.32271879998734,0.057795269999999996,332.32259999999997,937.2955218000002
46.37012959999265,0.05459512199999999,333.3162,941.2732434
46.45740080001997,0.05210611799999999,331.329,953.2064082000002
46.50294259999646,0.048550397999999995,330.3354,951.2175474000001
46.54731220001122,0.04606139399999999,330.3354,967.1284338000005
46.59280750004109,0.04303903199999999,328.34819999999996,969.1172946000006
46.63780690002022,0.04037224199999999,333.3162,997.6675194
46.682662300008815,0.03699430799999999,332.32259999999997,995.7512729999999
46.727371599990875,0.03468309,330.3354,1011.0812442000001
46.773154700000305,0.03059401199999999,331.329,1022.5787226000002
46.81747110001743,0.02739386399999999,332.32259999999997,1026.4112154
46.90793730004225,0.025082646,330.3354,1041.7411865999998
46.99775730003603,0.022771427999999996,333.3162,1041.7411865999998
47.00146150001092,0.02081578199999999,329.3418,1053.2386649999999
47.04366760002449,0.018326778000000002,330.3354,1057.0711578
47.08800019999035,0.016548917999999996,331.329,1068.5686362000001
47.1326670999988,0.014237699999999992,333.3162,1068.5686362000001
47.18052080000052,0.012993197999999997,330.3354,1081.9823610000003
47.22421730001224,0.010326407999999995,329.3418,1095.3960858
47.27069670002675,0.008726334000000002,332.32259999999997,1101.1448249999999
47.36084079998545,0.007126259999999995,333.3162,1114.5585498
47.40452129999176,0.006059544,333.3162,1110.7260569999999
47.44747030001599,0.004637255999999992,331.329,1126.0560282000001
47.492835200042464,0.0039261119999999955,334.3098,1127.9722746000002
47.53756249998696,0.003392753999999998,334.3098,1145.2184922000001
47.5833888000343,0.002503823999999988,332.32259999999997,1147.1347385999998
47.62791280000238,0.001970466000000004,328.34819999999996,1158.6322169999999
47.67272249999223,0.001081535999999994,334.3098,1172.0459418
47.720471300010104,0.0007259639999999956,332.32259999999997,1177.7946809999999
47.807730500004254,0.00037039200000001105,333.3162,1191.2084058
47.85355629998958,0.00019260599999999795,332.32259999999997,1189.2921594
47.89799860003404,1.4819999999998723e-05,331.329,1202.7058842000001
47.988133800041396,-0.00016296600000001438,328.34819999999996,1206.5383770000003
47.99166400003014,-0.0003407520000000136,332.32259999999997,1218.0358554000004
48.033109200012404,-0.0006963239999999982,331.329,1219.9521018
48.07748530001845,-0.0006963239999999982,331.329,1229.5333338
48.12269119999837,-0.0008741100000000113,333.3162,1246.7795514
48.168269200017676,-0.00016296600000001438,325.3674,1256.3607834
48.260067700000945,-0.0010518960000000105,335.3034,1264.0257690000003
48.30287800001679,-0.0008741100000000113,339.2778,1265.9420154
48.34751450002659,-0.0010518960000000105,352.1946,1279.3557402000001
48.39289070002269,-0.0010518960000000105,353.1882,1281.2719865999998
48.43780379998498,-0.0008741100000000113,369.0858,1294.6857114
48.483196299988776,-0.0006963239999999982,370.07939999999996,1296.6019578
48.52997770003276,-0.0010518960000000105,384.9834,1310.0156826000002
48.57275240001036,-0.0010518960000000105,402.8682,1325.3456538
48.617725800024346,-0.0006963239999999982,404.8554,1327.2619002000001
48.70989669999108,-0.0010518960000000105,420.753,1338.7593785999998
48.75337590003619,-0.0010518960000000105,420.753,1334.9268858
48.79728540003998,-0.0012296820000000236,436.6506,1352.1731034
48.84288830001606,-0.0008741100000000113,438.63779999999997,1350.2568569999999
48.88757770002121,-0.0006963239999999982,453.54179999999997,1367.5030746000002
48.93239289999474,-0.0010518960000000105,455.529,1367.5030746000002
48.97754039999563,-0.0006963239999999982,469.4394,1384.7492922000001
49.02276070002699,-0.0010518960000000105,471.4266,1384.7492922000001
49.06733879999956,-0.0006963239999999982,472.42019999999997,1384.7492922000001
49.15828060003696,-0.0008741100000000113,458.5098,1373.2518138
49.20642559998669,-0.0003407520000000136,458.5098,1371.3355674
49.24800550000509,-0.0010518960000000105,445.593,1356.0055962000001
49.293020000041,-0.0008741100000000113,449.56739999999996,1354.0893498
49.337813700025436,-0.0008741100000000113,433.6698,1340.6756249999999
49.382966900011525,-0.0008741100000000113,435.657,1338.7593785999998
49.42739480000455,-0.0008741100000000113,420.753,1323.4294074
49.47265900002094,-0.0006963239999999982,406.8426,1310.0156826000002
49.51742190000368,-0.0008741100000000113,407.83619999999996,1310.0156826000002
49.608371899987105,-0.0006963239999999982,394.9194,1296.6019578
49.65301340003498,-0.0008741100000000113,396.90659999999997,1292.7694649999999
49.697680499986745,-0.0010518960000000105,381.009,1275.5232474000004
49.743639299995266,-0.0012296820000000236,382.9962,1275.5232474000004
49.78783410001779,-0.0006963239999999982,371.073,1264.0257690000003
49.832808700040914,-0.0006963239999999982,373.0602,1267.8582618
49.87734250002541,-0.0006963239999999982,356.169,1246.7795514
49.967456399986986,-0.0006963239999999982,344.2458,1235.2820729999999
49.97017360001337,-0.0010518960000000105,345.2394,1237.1983194
50.057489000028,-0.0008741100000000113,334.3098,1219.9521018
50.103135799989104,-0.0008741100000000113,334.3098,1216.1196089999999
50.147815600037575,-0.0010518960000000105,331.329,1204.6221305999998
50.19283900002483,-0.0003407520000000136,331.329,1206.5383770000003
50.237676099990495,-0.0006963239999999982,332.32259999999997,1187.3759129999999
50.28333780000685,-0.0005185379999999989,331.329,1191.2084058
50.32785390003119,-0.0006963239999999982,331.329,1175.8784346000002
50.37289699999383,-0.0006963239999999982,333.3162,1160.5484634000004
50.42094480001833,-0.0010518960000000105,334.3098,1162.4647098
50.508682399988174,-0.0006963239999999982,331.329,1143.3022458
50.59758490003878,-0.0008741100000000113,332.32259999999997,1143.3022458
50.643460499995854,-0.0005185379999999989,326.361,1129.8885210000003
50.646848400007,-0.0010518960000000105,331.329,1127.9722746000002
50.687915300019085,-0.0005185379999999989,330.3354,1114.5585498
50.73304240003927,-0.0008741100000000113,331.329,1112.6423034
50.778340800025035,-0.0006963239999999982,328.34819999999996,1097.3123322000001
50.822684000013396,-0.0005185379999999989,330.3354,1083.8986074
50.86791110003833,-0.0005185379999999989,332.32259999999997,1085.8148538
50.95750900002895,-0.0006963239999999982,331.329,1072.4011290000003
51.0063877000357,-0.0005185379999999989,330.3354,1064.7361434
51.047455099993385,-0.00016296600000001438,329.3418,1053.2386649999999
51.09665150003275,-0.0003407520000000136,329.3418,1053.2386649999999
51.137609800032806,0.00037039200000001105,332.32259999999997,1039.8249402000001
51.186309800017625,0.00019260599999999795,331.329,1035.9924474000004
51.22858819999965,1.4819999999998723e-05,328.34819999999996,1024.4949690000003
51.2743375999853,0.00019260599999999795,329.3418,1011.0812442000001
51.31733859999804,1.4819999999998723e-05,331.329,1011.0812442000001
51.41045020002639,0.0005481779999999825,329.3418,1001.5000122000001
51.45785140001681,0.00037039200000001105,332.32259999999997,993.8350266000002
51.498057599994354,0.0007259639999999956,332.32259999999997,967.1284338000005
51.54276059998665,0.0007259639999999956,331.329,971.1061554000003
51.58777819998795,0.0009037499999999948,333.3162,953.2064082000002
51.63680800003931,0.001081535999999994,330.3354,953.2064082000002
51.677883700001985,0.0014371079999999925,332.32259999999997,937.2955218000002
51.72666240000399,0.0016148939999999917,334.3098,923.3734962000003
51.76801140001044,0.001970466000000004,332.32259999999997,927.3512178000001
51.85819870000705,0.001970466000000004,331.329,911.4403314000006
51.9039494000026,0.002503823999999988,334.3098,905.4737490000002
51.950642800016794,0.0028593959999999863,328.34819999999996,891.5517234000004
51.99390639999183,0.002681610000000001,332.32259999999997,889.5628626000002
52.037512800015975,0.003392753999999998,331.329,877.6296978000005
52.08347920002416,0.0030371819999999994,332.32259999999997,875.6408370000004
52.12749149999581,0.0039261119999999955,330.3354,857.7410898000003
52.17280050000409,0.004815041999999992,332.32259999999997,845.8079250000001
52.221257800003514,0.004637255999999992,334.3098,847.7967858000006
52.30756310001016,0.00517061399999999,332.32259999999997,829.8970386000001
52.35351859999355,0.004992828000000005,332.32259999999997,833.8747602000003
52.39795980002964,0.0055261859999999885,331.329,813.9861522000006
52.48828620003769,0.005881757999999987,331.329,815.9750130000002
52.492357400013134,0.006237329999999999,330.3354,800.0641266000007
52.533124000008684,0.0064151159999999985,332.32259999999997,800.0641266000007
52.578499600000214,0.006948473999999996,333.3162,784.1532402000003
52.62325750000309,0.007481831999999994,332.32259999999997,768.2423538000003
52.667517099995166,0.007481831999999994,331.329,774.2089362000002
52.7605519000208,0.00819297599999999,333.3162,754.3203282000004
52.8035772999865,0.00819297599999999,331.329,752.3314674000007
52.85061930003576,0.008904119999999988,330.3354,740.3983026000001
52.893403300025966,0.008904119999999988,332.32259999999997,742.3871634000002
52.93750550004188,0.009615263999999998,335.3034,722.4985554
52.982750400027726,0.009437478,331.329,726.4762770000002
53.02766399999382,0.009970835999999997,334.3098,710.5653906
53.073075100022834,0.010148621999999996,331.329,690.6767826000003
53.11744549998548,0.010326407999999995,328.34819999999996,698.6322258
53.20790219999617,0.011215337999999991,331.329,678.7436178000003
53.297451800026465,0.010504193999999994,331.329,676.7547569999999
53.299798500025645,0.010859765999999993,332.32259999999997,662.8327314000001
53.343261900008656,0.010859765999999993,330.3354,662.8327314000001
53.3874005000107,0.011215337999999991,331.329,646.9218450000001
53.43311290000565,0.010859765999999993,332.32259999999997,648.9107058000002
53.47758300002897,0.011037551999999992,331.329,632.9998194000002
53.52686400001403,0.010859765999999993,331.329,619.0777938000001
53.56777329999022,0.010681979999999994,333.3162,621.0666546000002
53.65787470003124,0.010859765999999993,336.29699999999997,601.1780466
53.70326089998707,0.010504193999999994,332.32259999999997,595.2114641999999
53.74784070003079,0.010326407999999995,331.329,585.2671602
53.79301050002687,0.010148621999999996,328.34819999999996,591.2337426000001
53.83790929999668,0.009793049999999984,333.3162,569.3562738
53.883377099991776,0.009793049999999984,333.3162,569.3562738
53.92745010001818,0.009793049999999984,330.3354,555.4342482000002
53.973132400016766,0.009081906,330.3354,541.5122226000001
54.018060000031255,0.008904119999999988,330.3354,543.5010834000002
54.107554199988954,0.00854854799999999,333.3162,527.590197
54.15325919998577,0.00819297599999999,332.32259999999997,527.590197
54.19806120003341,0.008370762000000004,330.3354,509.6904498000001
54.24329220002983,0.007304045999999995,331.329,511.6793106
54.28771270002471,0.007481831999999994,334.3098,493.7795633999999
54.37756150000496,0.006948473999999996,329.3418,495.76842420000025
54.37971990002552,0.006770687999999997,331.329,483.83525940000004
54.423140400031116,0.005881757999999987,332.32259999999997,469.91323379999994
54.4673507999978,0.005348400000000003,330.3354,471.90209460000005
54.55764640000416,0.004992828000000005,331.329,454.0023474000002
54.64726510003675,0.004459469999999993,332.32259999999997,454.0023474000002
54.64945440000156,0.004103897999999995,330.3354,436.1026002000001
54.69581250002375,0.003570539999999997,331.329,444.0580434000001
54.73847869999008,0.0030371819999999994,331.329,426.1582962
54.78335230000084,0.002503823999999988,333.3162,426.1582962
54.82804310001666,0.0023260380000000025,331.329,410.2474098
54.872759699996095,0.0016148939999999917,332.32259999999997,396.32538420000014
54.917753599991556,0.0014371079999999925,331.329,394.33652340000026
55.00976809998974,0.001081535999999994,331.329,382.4033586000003
55.05291580001358,0.001081535999999994,329.3418,378.42563700000005
55.09735490003368,0.001081535999999994,330.3354,364.5036114000002
55.14664490002906,0.0007259639999999956,331.329,366.49247220000007
55.18742279999424,0.0012593219999999933,331.329,348.5927250000002
55.27924240002176,0.00037039200000001105,332.32259999999997,350.5815858000001
55.32312870002352,1.4819999999998723e-05,333.3162,334.6706993999999
55.32651970000006,0.00019260599999999795,331.329,318.7598130000001
55.3674509000266,1.4819999999998723e-05,333.3162,322.7375345999999
55.45974880002905,-0.0003407520000000136,331.329,304.8377874
55.5028583999956,-0.00016296600000001438,333.3162,304.8377874
55.54780840000603,-0.0003407520000000136,329.3418,288.92690100000004
55.59294320002664,-0.0003407520000000136,331.329,290.91576180000015
55.63734359998489,-0.0003407520000000136,330.3354,271.0271538000002
55.68265540001448,1.4819999999998723e-05,330.3354,275.00487539999995
55.72751779999817,-0.00016296600000001438,334.3098,261.0828498000001
55.77312820003135,-0.0003407520000000136,332.32259999999997,243.18310259999998
55.81741660000989,-0.0005185379999999989,330.3354,247.1608242000002
55.90739730000496,1.4819999999998723e-05,333.3162,229.2610770000001
55.956913500034716,0.00019260599999999795,334.3098,229.2610770000001
55.998274600016885,0.00019260599999999795,331.329,213.35019060000013
56.044481199991424,0.0005481779999999825,331.329,213.35019060000013
56.088021900039166,0.0005481779999999825,329.3418,201.41702580000015
56.13317480002297,0.00019260599999999795,330.3354,199.42816500000004
56.1777499000309,0.001081535999999994,331.329,183.51727860000005
56.269020700012334,0.00019260599999999795,330.3354,169.59525300000018
56.27490800002124,0.00019260599999999795,331.329,171.58411380000007
56.35761760000605,1.4819999999998723e-05,330.3354,155.6732274000001
56.403335400042124,0.00019260599999999795,330.3354,155.6732274000001
56.44804560003104,0.00019260599999999795,333.3162,139.7623410000001
56.49345850001555,1.4819999999998723e-05,330.3354,139.7623410000001
56.537560100026894,-0.0003407520000000136,333.3162,123.85145460000012
56.583152700040955,-0.0005185379999999989,333.3162,123.85145460000012
56.627423400001135,-0.00016296600000001438,331.329,107.94056819999992
56.672657800023444,-0.0003407520000000136,331.329,97.99626420000004
56.717480599996634,-0.0005185379999999989,330.3354,99.98512500000015
56.80854440003168,-0.0005185379999999989,332.32259999999997,82.08537780000006
56.85313230002066,-0.0006963239999999982,331.329,78.10765620000006
56.90040119999321,-0.0005185379999999989,329.3418,66.17449140000008
56.94362480001291,-0.0003407520000000136,330.3354,66.17449140000008
56.98784210003214,-0.0003407520000000136,332.32259999999997,50.26360499999987
57.03327370004263,-0.0006963239999999982,330.3354,52.25246580000021
57.08011159999296,-0.0006963239999999982,332.32259999999997,34.35271860000012
57.12314089998836,-0.0006963239999999982,334.3098,22.41955380000013
57.167525800003204,-0.00016296600000001438,330.3354,20.43069300000002
57.25957749999361,-0.0006963239999999982,332.32259999999997,6.508667400000149
57.30321310000727,-0.0010518960000000105,332.32259999999997,4.519806600000038
57.34746180003276,-0.0005185379999999989,329.3418,-9.40221900000006
57.3928026999929,-0.0010518960000000105,330.3354,-9.40221900000006
57.437849599984474,-0.0010518960000000105,332.32259999999997,-25.313105399999813
57.48566480004229,-0.0010518960000000105,331.329,-23.32424459999993
57.527989500027616,-0.0010518960000000105,333.3162,-37.2462701999998
57.57286790001672,-0.0008741100000000113,333.3162,-53.15715660000001
57.61786250001751,-0.0008741100000000113,331.329,-53.15715660000001
57.708327700034715,-0.0010518960000000105,331.329,-71.05690379999987
57.75311769999098,-0.0008741100000000113,331.329,-69.06804299999999
57.79791970003862,-0.0008741100000000113,330.3354,-84.97892939999997
57.84309839998605,-0.0008741100000000113,329.3418,-84.97892939999997
57.8879309000331,-0.0006963239999999982,330.3354,-96.91209419999996
57.93345640000189,-0.0006963239999999982,331.329,-96.91209419999996
57.97754160000477,-0.0006963239999999982,329.3418,-114.81184139999982
58.02320769999642,-0.0006963239999999982,334.3098,-128.73386699999992
58.067803199985065,-0.0008741100000000113,331.329,-126.7450061999998
58.157572700001765,-0.0008741100000000113,333.3162,-124.75614539999992
58.202582700003404,-0.0003407520000000136,329.3418,-126.7450061999998
58.24800950003555,-0.0008741100000000113,332.32259999999997,-126.7450061999998
58.29320810001809,-0.0010518960000000105,331.329,-128.73386699999992
58.33775200002128,-0.0010518960000000105,335.3034,-124.75614539999992
58.38244070002111,-0.0006963239999999982,329.3418,-128.73386699999992
58.427896000037435,-0.0010518960000000105,330.3354,-128.73386699999992
58.47294360003434,-0.0010518960000000105,332.32259999999997,-126.7450061999998
58.51735480001662,-0.0008741100000000113,332.32259999999997,-126.7450061999998
58.607336100016255,-0.0008741100000000113,331.329,-126.7450061999998
58.65528850001283,-0.0008741100000000113,331.329,-126.7450061999998
58.697578600025736,-0.0006963239999999982,330.3354,-124.75614539999992
58.742799300001934,-0.0006963239999999982,329.3418,-126.7450061999998
58.79118970001582,-0.0010518960000000105,332.32259999999997,-130.72272780000003
58.83287550002569,-0.0005185379999999989,332.32259999999997,-128.73386699999992
58.88024470000528,-0.0008741100000000113,332.32259999999997,-112.82298059999994
58.92377310001757,-0.0005185379999999989,333.3162,-98.90095500000007
58.96785800001817,-0.0008741100000000113,333.3162,-96.91209419999996
59.05940389999887,-0.0008741100000000113,330.3354,-84.97892939999997
59.10314620001009,-0.0006963239999999982,333.3162,-84.97892939999997
59.14790149999317,-0.0006963239999999982,332.32259999999997,-67.07918219999988
59.192906700016465,1.4819999999998723e-05,331.329,-67.07918219999988
59.237562599999364,-0.0006963239999999982,332.32259999999997,-57.1348782
59.28348119999282,-0.0006963239999999982,332.32259999999997,-53.15715660000001
59.32813590002479,-0.0006963239999999982,331.329,-41.22399180000002
59.41786009998759,-0.0008741100000000113,333.3162,-27.301966199999924
59.42161489999853,-0.0010518960000000105,333.3162,-23.32424459999993
59.510698800033424,-0.0010518960000000105,334.3098,-11.391079799999943
59.552903300034814,-0.0008741100000000113,332.32259999999997,-9.40221900000006
59.598028799984604,-0.0008741100000000113,330.3354,2.5309457999999267
59.64277919998858,-0.0012296820000000236,331.329,6.508667400000149
59.68838930001948,-0.0010518960000000105,333.3162,22.41955380000013
59.73315480002202,-0.0005185379999999989,333.3162,22.41955380000013
59.7775585000054,-0.0010518960000000105,330.3354,34.35271860000012
59.82278749998659,-0.0010518960000000105,331.329,46.2858834000001
59.867476399987936,-0.0008741100000000113,333.3162,50.26360499999987
59.95806660002563,-0.0005185379999999989,332.32259999999997,62.196769799999856
60.047939600015525,-0.0008741100000000113,333.3162,64.1856306000002
60.053078400029335,-0.0006963239999999982,332.32259999999997,80.09651699999995
60.09344440000132,-0.0005185379999999989,333.3162,82.08537780000006
60.1379401999875,-0.0005185379999999989,333.3162,94.01854260000005
60.18347139999969,-0.00016296600000001438,333.3162,94.01854260000005
60.23044830001891,-0.0005185379999999989,332.32259999999997,111.91828980000014
60.27273249998689,-0.0005185379999999989,332.32259999999997,121.86259380000024
60.31831430003513,-0.0003407520000000136,332.32259999999997,125.84031540000001
60.4114279000205,-0.00016296600000001438,330.3354,135.7846194000001
60.454085400037,0.00019260599999999795,333.3162,137.7734802
60.49761060002493,0.00019260599999999795,331.329,155.6732274000001
60.54264310002327,0.00037039200000001105,331.329,153.68436659999998
60.58749509998597,0.00037039200000001105,333.3162,171.58411380000007
60.6779755000025,0.0005481779999999825,333.3162,171.58411380000007
60.681985000032,0.0009037499999999948,330.3354,183.51727860000005
60.722895100014284,0.0012593219999999933,332.32259999999997,199.42816500000004
60.76779419998638,0.001792679999999991,331.329,201.41702580000015
60.8620386000257,0.001970466000000004,330.3354,215.33905140000002
60.90317080001114,0.0023260380000000025,331.329,215.33905140000002
60.9475378000061,0.002503823999999988,328.34819999999996,229.2610770000001
60.992967700003646,0.0032149679999999986,331.329,229.2610770000001
61.037618100002874,0.0037483259999999963,333.3162,241.1942418000001
61.08303079998586,0.004103897999999995,329.3418,241.1942418000001
61.12726570002269,0.004815041999999992,330.3354,259.0939890000002
61.17263200000161,0.0064151159999999985,331.329,275.00487539999995
61.21778690000065,0.0064151159999999985,332.32259999999997,278.98259699999994
61.307887300034054,0.006948473999999996,330.3354,290.91576180000015
61.39822189998813,0.008015189999999991,330.3354,286.93804019999993
61.442650599987246,0.008904119999999988,331.329,300.86006580000003
61.487543100025505,0.009437478,330.3354,306.82664820000014
61.48974370001815,0.010681979999999994,334.3098,320.7486738
61.53334900003392,0.011393124000000004,330.3354,318.7598130000001
61.57755109999562,0.012104268000000001,331.329,336.6595602000002
61.628326900012325,0.014237699999999992,331.329,346.60386419999986
61.667762400000356,0.015837773999999985,329.3418,352.5704466000002
61.757804099994246,0.016726703999999995,333.3162,364.5036114000002
61.80312649998814,0.01797120599999999,334.3098,364.5036114000002
61.84791870001936,0.019215707999999984,328.34819999999996,380.41449779999994
61.93800550000742,0.020637995999999992,330.3354,380.41449779999994
61.940806600032374,0.022238069999999985,331.329,396.32538420000014
61.98320800001966,0.023660357999999992,332.32259999999997,396.32538420000014
62.02764650003519,0.025082646,331.329,410.2474098
62.07276190002449,0.028282793999999986,334.3098,420.1917138000001
62.164817100041546,0.03023843999999999,330.3354,426.1582962
62.20842040004209,0.032549657999999995,333.3162,436.1026002000001
62.252757300040685,0.034149732,331.329,440.0803218000001
62.29732720000902,0.036105377999999994,330.3354,454.0023474000002
62.346054600027855,0.038061024,329.3418,455.9912082000001
62.38841800001683,0.04001666999999999,332.32259999999997,469.91323379999994
62.433528000023216,0.042150101999999995,330.3354,473.89095540000017
62.478289199993014,0.044105748,334.3098,481.84639859999993
62.52329430001555,0.04801704,332.32259999999997,497.75728500000014
62.614951300027315,0.051039402,332.32259999999997,499.7461458
62.65781300002709,0.053350619999999994,330.3354,511.6793106
62.7031364000286,0.055661838,330.3354,511.6793106
62.747862400021404,0.057617484,329.3418,525.6013362000001
62.79346620000433,0.060639846,329.3418,523.6124754
62.83782890002476,0.06277327799999999,332.32259999999997,539.5233618
62.88308030000189,0.06526228199999999,332.32259999999997,539.5233618
62.93004280002788,0.067040142,333.3162,557.4231090000001
62.97285540000303,0.07130700599999999,331.329,569.3562738
63.06325890001608,0.074151582,333.3162,573.3339954
63.107571300002746,0.0764628,331.329,585.2671602
63.154278700007126,0.078951804,332.32259999999997,583.2782993999999
63.19783850002568,0.08144080799999999,329.3418,603.1669074000001
63.2429800000391,0.083396454,328.34819999999996,603.1669074000001
63.28785650001373,0.085529886,330.3354,617.088933
63.33278850000352,0.087841104,330.3354,617.088933
63.378395200008526,0.089974536,330.3354,632.9998194000002
63.42322250001598,0.09335246999999999,331.329,648.9107058000002
63.51407770003425,0.095485902,332.32259999999997,648.9107058000002
63.55781130003743,0.09708597599999999,332.32259999999997,660.8438706000002
63.602966300037224,0.099041622,331.329,660.8438706000002
63.64979210001184,0.10046390999999999,327.3546,680.7324786000001
63.69270559999859,0.101886198,328.34819999999996,676.7547569999999
63.73751639999682,0.102775128,330.3354,694.6545042
63.78267490002327,0.104375202,332.32259999999997,694.6545042
63.827736800012644,0.105086346,329.3418,710.5653906
63.872793600021396,0.10668641999999999,330.3354,724.4874162000001
63.96331130003091,0.10704199199999999,330.3354,726.4762770000002
64.00784289999865,0.10704199199999999,330.3354,738.4094418
64.05307910003467,0.10721977799999999,328.34819999999996,738.4094418
64.09793779999018,0.10668641999999999,327.3546,752.3314674000007
64.14383230003295,0.10650863399999999,329.3418,758.2980498000002
64.18775010004174,0.10650863399999999,333.3162,768.2423538000003
64.27750090003246,0.105086346,331.329,768.2423538000003
64.32270600000629,0.10419741599999999,331.329,782.1643794000001
64.32633900002111,0.102063984,331.329,800.0641266000007
64.41390330001013,0.10010833799999999,332.32259999999997,804.0418482000005
64.45773299998837,0.09868605,332.32259999999997,811.9972914000004
64.50318759999936,0.09655261799999999,331.329,811.9972914000004
64.54776640003547,0.094952544,331.329,829.8970386000001
64.59317050001118,0.092107968,331.329,831.8858994000002
64.63740910001798,0.09033010799999999,333.3162,843.8190642000004
64.68448649998754,0.087841104,332.32259999999997,845.8079250000001
64.72766840003897,0.085174314,330.3354,861.7188114000005
64.77265100000659,0.08072966399999999,331.329,875.6408370000004
64.86274030001368,0.07752951599999999,334.3098,881.6074194000003
64.90756359999068,0.07521829799999999,331.329,889.5628626000002
64.95292050001444,0.072373722,331.329,889.5628626000002
64.99761780002154,0.06952914599999999,330.3354,907.4626098000003
65.04318750003586,0.06668457,327.3546,905.4737490000002
65.08750800002599,0.064373352,330.3354,921.3846354000002
65.13264339999296,0.060995417999999996,332.32259999999997,927.3512178000001
65.18205400003353,0.058861986,331.329,937.2955218000002
65.22289840003941,0.052995047999999996,331.329,955.1952690000003
65.3130880999961,0.04979489999999999,331.329,957.1841298000004
65.35749570000917,0.04695032399999999,327.3546,967.1284338000005
65.40279910003301,0.044105748,332.32259999999997,965.1395729999999
65.44783670001198,0.041438958,330.3354,995.7512729999999
65.49289250001311,0.038061024,331.329,995.7512729999999
65.53745380003238,0.035572019999999996,332.32259999999997,1009.1649978
65.58292270003585,0.032905229999999994,330.3354,1007.2487514
65.62763970001834,0.03023843999999999,330.3354,1024.4949690000003
65.67311929998687,0.026327147999999995,332.32259999999997,1039.8249402000001
65.76295310002752,0.023660357999999992,330.3354,1041.7411865999998
65.80757120001363,0.021526925999999988,331.329,1055.1549114
65.85303040000144,0.018860135999999986,332.32259999999997,1055.1549114
65.89751760003855,0.016904489999999994,330.3354,1068.5686362000001
65.94336889998522,0.014948843999999989,328.34819999999996,1068.5686362000001
65.98764760000631,0.013170983999999997,331.329,1081.9823610000003
66.03282580000814,0.01157090999999999,330.3354,1087.7311002000001
66.07740970002487,0.010148621999999996,332.32259999999997,1095.3960858
66.12276490003569,0.007304045999999995,332.32259999999997,1116.4747962000001
66.2130174000049,0.006948473999999996,329.3418,1120.3072889999999
66.26094280002872,0.00517061399999999,330.3354,1127.9722746000002
66.30755710002268,0.004459469999999993,332.32259999999997,1129.8885210000003
66.34751789999427,0.003392753999999998,332.32259999999997,1147.1347385999998
66.39276150002843,0.002681610000000001,331.329,1141.3859994
66.43815629999153,0.001970466000000004,332.32259999999997,1158.6322169999999
66.48329669999657,0.0016148939999999917,333.3162,1158.6322169999999
66.52774250000948,0.0007259639999999956,333.3162,1173.9621882000001
66.5728412999888,0.00037039200000001105,329.3418,1191.2084058
66.66284539998742,0.00037039200000001105,334.3098,1191.2084058
66.70805040001869,1.4819999999998723e-05,332.32259999999997,1206.5383770000003
66.75323530001333,1.4819999999998723e-05,329.3418,1204.6221305999998
66.79767830000492,-0.0003407520000000136,331.329,1218.0358554000004
66.84323739999672,-0.0005185379999999989,330.3354,1219.9521018
66.8875745999976,-0.0006963239999999982,330.3354,1231.4495802000001
66.9331146000186,-0.0006963239999999982,333.3162,1235.2820729999999
66.97781380004017,-0.0006963239999999982,333.3162,1246.7795514
67.02291920001153,-0.0010518960000000105,338.2842,1267.8582618
67.15769660001388,-0.0008741100000000113,340.27139999999997,1273.6070010000003
67.20456310000736,-0.0006963239999999982,352.1946,1283.1882329999999
67.22195430001011,-0.0003407520000000136,354.1818,1277.4394938
67.24755949998507,-0.0010518960000000105,369.0858,1292.7694649999999
67.29265630000737,-0.0008741100000000113,370.07939999999996,1294.6857114
67.33742400002666,-0.0010518960000000105,385.977,1308.0994362000001
67.38268320000498,-0.0006963239999999982,385.977,1306.1831898
67.42724819999421,-0.0010518960000000105,403.8618,1319.5969146000002
67.47325530002126,-0.0008741100000000113,418.7658,1340.6756249999999
67.56284989998676,-0.0008741100000000113,420.753,1348.3406106000002
67.60767789999954,-0.0006963239999999982,437.6442,1357.9218426000002
67.6526462000329,-0.0010518960000000105,437.6442,1354.0893498
67.69753960001981,-0.0008741100000000113,452.5482,1369.4193210000003
67.74344630003907,-0.0012296820000000236,453.54179999999997,1365.5868282000001
67.78751570003806,-0.0010518960000000105,469.4394,1380.9167994
67.83296660002088,-0.0006963239999999982,469.4394,1384.7492922000001
67.87735450000037,-0.0008741100000000113,470.433,1386.6655385999998
67.96742240001913,-0.0008741100000000113,457.51619999999997,1369.4193210000003
68.01387309998972,-0.0012296820000000236,459.5034,1377.0843066000002
68.05739520001225,-0.0008741100000000113,444.5994,1352.1731034
68.10291250003502,-0.0010518960000000105,446.5866,1354.0893498
68.14753980003297,-0.0008741100000000113,432.6762,1336.8431322000001
68.19267550000222,-0.00016296600000001438,433.6698,1338.7593785999998
68.24094960000366,-0.0010518960000000105,419.75939999999997,1325.3456538
68.28311499999836,-0.0008741100000000113,420.753,1329.1781465999998
68.32786840002518,-0.0010518960000000105,407.83619999999996,1311.9319290000003
68.41848150000442,-0.0012296820000000236,393.9258,1294.6857114
68.46356870001182,-0.0008741100000000113,394.9194,1298.5182042000001
68.50766430003569,-0.0008741100000000113,382.0026,1277.4394938
68.55602050002199,-0.0012296820000000236,382.0026,1281.2719865999998
68.59789860004093,-0.0006963239999999982,369.0858,1264.0257690000003
68.64280750002945,-0.0008741100000000113,371.073,1264.0257690000003
68.68761700001778,-0.0008741100000000113,355.17539999999997,1248.6957978
68.7328951000236,-0.0005185379999999989,357.1626,1250.6120442000001
68.77759509999305,-0.0008741100000000113,344.2458,1235.2820729999999
68.8673280000221,-0.0006963239999999982,332.32259999999997,1216.1196089999999
68.9128051000298,-0.0006963239999999982,333.3162,1225.7008409999999
68.95760870003141,-0.0006963239999999982,331.329,1204.6221305999998
69.04745970002841,-0.0008741100000000113,329.3418,1208.4546234
69.05104819999542,-0.0006963239999999982,332.32259999999997,1191.2084058
69.0941412000102,-0.0008741100000000113,330.3354,1191.2084058
69.14047610003036,-0.0008741100000000113,327.3546,1173.9621882000001
69.1826965000364,-0.0005185379999999989,332.32259999999997,1173.9621882000001
69.23186240001814,-0.0008741100000000113,332.32259999999997,1156.7159705999998
69.31829900003504,-0.0006963239999999982,331.329,1141.3859994
69.36388170003192,-0.0003407520000000136,332.32259999999997,1147.1347385999998
69.40777560003335,-0.0008741100000000113,329.3418,1131.8047674
69.45308090001345,-0.0006963239999999982,329.3418,1129.8885210000003
69.49792080000043,-0.0006963239999999982,330.3354,1114.5585498
69.54409929999383,-0.0006963239999999982,333.3162,1120.3072889999999
69.58758099999977,-0.0005185379999999989,329.3418,1101.1448249999999
69.63259100000141,-0.0006963239999999982,331.329,1104.9773178
69.67809180001495,-0.0003407520000000136,328.34819999999996,1083.8986074
69.7680803000112,-0.0005185379999999989,333.3162,1066.6523898
69.81313540000701,-0.0006963239999999982,330.3354,1072.4011290000003
69.86030520003987,-0.0003407520000000136,330.3354,1055.1549114
69.90310769999633,-0.0006963239999999982,330.3354,1057.0711578
69.95033070002683,1.4819999999998723e-05,331.329,1041.7411865999998
70.03828119998798,-0.0003407520000000136,333.3162,1039.8249402000001
70.0432536000153,-0.00016296600000001438,334.3098,1026.4112154
70.13037339999573,1.4819999999998723e-05,333.3162,1024.4949690000003
70.14223250001669,0.00037039200000001105,330.3354,1011.0812442000001
70.21979460003786,0.001081535999999994,333.3162,995.7512729999999
70.26376990001881,0.00037039200000001105,332.32259999999997,1001.5000122000001
70.30750420002732,0.0009037499999999948,333.3162,967.1284338000005
70.35288610000862,0.0007259639999999956,331.329,969.1172946000006
70.39756130002206,0.001081535999999994,329.3418,953.2064082000002
70.44306990003679,0.0009037499999999948,330.3354,955.1952690000003
70.48780840000836,0.0016148939999999917,332.32259999999997,939.2843826000003
70.53267340001184,0.0014371079999999925,330.3354,939.2843826000003
70.57778550003422,0.001970466000000004,329.3418,923.3734962000003
70.66798820003169,0.0021482519999999894,329.3418,909.4514706000004
70.71283460000996,0.001970466000000004,334.3098,911.4403314000006
70.7576384000131,0.002503823999999988,331.329,889.5628626000002
70.80652849999024,0.002681610000000001,333.3162,891.5517234000004
70.84759540000232,0.003392753999999998,331.329,875.6408370000004
70.89668679999886,0.003392753999999998,333.3162,873.6519762000003
70.93822280003224,0.004103897999999995,330.3354,863.7076722000002
70.9834797999938,0.004281683999999994,333.3162,863.7076722000002
71.02765800000634,0.004459469999999993,331.329,847.7967858000006
71.11788899998646,0.00517061399999999,331.329,829.8970386000001
71.16311640001368,0.004992828000000005,332.32259999999997,833.8747602000003
71.20777159999125,0.006237329999999999,330.3354,813.9861522000006
71.25300680001965,0.005881757999999987,327.3546,815.9750130000002
71.29861290002009,0.0064151159999999985,329.3418,800.0641266000007
71.3435174000333,0.006592901999999998,331.329,798.0752658000001
71.38796279998496,0.007304045999999995,335.3034,784.1532402000003
71.43313790002139,0.007481831999999994,329.3418,784.1532402000003
71.48033210000722,0.007659617999999993,334.3098,768.2423538000003
71.56792200001655,0.008370762000000004,332.32259999999997,756.3091890000005
71.61344819999067,0.008370762000000004,332.32259999999997,760.2869106000003
71.65761950000888,0.008904119999999988,330.3354,740.3983026000001
71.70333940000273,0.009259692,333.3162,740.3983026000001
71.74773539998569,0.009793049999999984,328.34819999999996,720.5096946000001
71.79523970000446,0.009970835999999997,332.32259999999997,724.4874162000001
71.83758650004165,0.010148621999999996,332.32259999999997,710.5653906
71.88296369998716,0.010504193999999994,330.3354,708.5765298000001
71.9279353999882,0.010859765999999993,333.3162,694.6545042
72.01791220001178,0.010859765999999993,330.3354,678.7436178000003
72.10757679998642,0.010859765999999993,332.32259999999997,680.7324786000001
72.110145499988,0.011393124000000004,331.329,662.8327314000001
72.15755810000701,0.010859765999999993,332.32259999999997,660.8438706000002
72.19795070000691,0.012104268000000001,330.3354,646.9218450000001
72.24313190003159,0.011393124000000004,332.32259999999997,644.9329842000002
72.29022369999439,0.01157090999999999,333.3162,634.9886802000001
72.33351730002323,0.011393124000000004,331.329,631.0109586000001
72.37764210003661,0.011215337999999991,332.32259999999997,615.1000722000001
72.46804220002377,0.011037551999999992,334.3098,601.1780466
72.51357920002192,0.010859765999999993,329.3418,607.1446289999999
72.55747599998722,0.011037551999999992,331.329,583.2782993999999
72.60297250002623,0.010326407999999995,331.329,589.2448818
72.647835700016,0.010504193999999994,329.3418,573.3339954
72.69333320000442,0.009970835999999997,333.3162,573.3339954
72.73757180001121,0.009970835999999997,330.3354,559.4119698
72.78325390000828,0.009615263999999998,331.329,557.4231090000001
72.82775729999412,0.009437478,331.329,541.5122226000001
72.91836050001439,0.009081906,334.3098,525.6013362000001
72.96370399999432,0.008370762000000004,331.329,527.590197
73.00794750003843,0.00819297599999999,330.3354,509.6904498000001
73.05327620002208,0.007659617999999993,332.32259999999997,509.6904498000001
73.09749389998615,0.007659617999999993,332.32259999999997,501.73500660000013
73.1436798000359,0.007304045999999995,332.32259999999997,497.75728500000014
73.18782839999767,0.007304045999999995,334.3098,485.82412020000015
73.23358100000769,0.006059544,332.32259999999997,483.83525940000004
73.27760700002545,0.006059544,332.32259999999997,471.90209460000005
73.36774310003966,0.005348400000000003,331.329,455.9912082000001
73.41278190002777,0.004637255999999992,333.3162,459.96892980000007
73.45762639999157,0.004459469999999993,331.329,440.0803218000001
73.50274480000371,0.0037483259999999963,327.3546,442.0691826000002
73.54786160000367,0.0037483259999999963,330.3354,422.1805746
73.59364090004237,0.0030371819999999994,332.32259999999997,422.1805746
73.63773820002098,0.002503823999999988,331.329,410.2474098
73.6829371000058,0.0016148939999999917,329.3418,412.2362706000001
73.72781589999795,0.0014371079999999925,333.3162,396.32538420000014
73.8178365000058,0.0012593219999999933,333.3162,380.41449779999994
73.86342130001867,0.0012593219999999933,329.3418,382.4033586000003
73.90742470003897,0.001081535999999994,331.329,366.49247220000007
73.95286960003432,0.0009037499999999948,329.3418,368.48133299999995
73.99759370001266,0.0005481779999999825,333.3162,348.5927250000002
74.04319270001724,0.0007259639999999956,329.3418,350.5815858000001
74.08765689999564,0.0005481779999999825,332.32259999999997,334.6706993999999
74.13570440001786,0.0005481779999999825,332.32259999999997,332.6818386
74.17806020000717,0.0005481779999999825,333.3162,318.7598130000001
74.26906309998594,1.4819999999998723e-05,331.329,304.8377874
74.31335569999646,1.4819999999998723e-05,331.329,306.82664820000014
74.35777420003433,-0.00016296600000001438,330.3354,290.91576180000015
74.40302229998633,-0.00016296600000001438,329.3418,294.89348340000015
74.447595500038,1.4819999999998723e-05,332.32259999999997,271.0271538000002
74.49339260003762,1.4819999999998723e-05,332.32259999999997,273.01601460000006
74.53790380002465,1.4819999999998723e-05,329.3418,261.0828498000001
74.58332269999664,-0.0003407520000000136,330.3354,259.0939890000002
74.6284936000011,-0.00016296600000001438,332.32259999999997,243.18310259999998
74.71798499999568,0.00019260599999999795,330.3354,225.28335540000012
74.7629966000095,-0.00016296600000001438,329.3418,231.2499378
74.80826560000423,0.00037039200000001105,331.329,215.33905140000002
74.85307640000246,0.0007259639999999956,329.3418,211.36132980000025
74.89789680001559,0.0005481779999999825,328.34819999999996,195.45044340000004
74.94307340000523,0.0005481779999999825,329.3418,199.42816500000004
74.98789789999137,0.0009037499999999948,333.3162,185.50613939999994
75.03303799999412,0.0005481779999999825,332.32259999999997,181.52841780000017
75.07754720002413,0.00019260599999999795,330.3354,169.59525300000018
75.16791310004191,0.00019260599999999795,329.3418,155.6732274000001
75.21302369999466,0.00037039200000001105,333.3162,157.6620882000002
75.25767439999618,1.4819999999998723e-05,330.3354,139.7623410000001
75.30297920003068,-0.00016296600000001438,328.34819999999996,137.7734802
75.3478296000394,0.00019260599999999795,328.34819999999996,125.84031540000001
75.39279529999476,-0.00016296600000001438,330.3354,125.84031540000001
75.43785430002026,0.00019260599999999795,332.32259999999997,109.92942900000025
75.48293050000211,-0.0003407520000000136,329.3418,105.95170740000003
75.52754670003196,-0.00016296600000001438,331.329,96.00740339999993
75.61745479999809,-0.00016296600000001438,332.32259999999997,80.09651699999995
75.66287800000282,-0.0005185379999999989,331.329,78.10765620000006
75.71019000001252,-0.0003407520000000136,329.3418,64.1856306000002
75.75320350000402,-0.0003407520000000136,329.3418,66.17449140000008
75.79743909998797,-0.0005185379999999989,328.34819999999996,50.26360499999987
75.84336180001264,-0.0008741100000000113,330.3354,48.27474419999999
75.88819950004108,-0.0006963239999999982,331.329,36.3415794
75.93320319999475,-0.0003407520000000136,328.34819999999996,36.3415794
75.98010899999645,-0.0006963239999999982,331.329,20.43069300000002
76.0678973000031,-0.0006963239999999982,332.32259999999997,4.519806600000038
76.11343269998906,-0.0008741100000000113,331.329,4.519806600000038
76.15766490000533,-0.0006963239999999982,330.3354,-9.40221900000006
76.20274550002068,-0.0003407520000000136,331.329,-9.40221900000006
76.24758200003998,-0.0006963239999999982,330.3354,-23.32424459999993
76.29303180001443,-0.0005185379999999989,334.3098,-23.32424459999993
76.33743260003394,-0.0008741100000000113,332.32259999999997,-39.23513100000014
76.38275990000693,-0.0006963239999999982,330.3354,-39.23513100000014
76.42762880004011,-0.0010518960000000105,332.32259999999997,-53.15715660000001
76.5183085000026,-0.0008741100000000113,332.32259999999997,-67.07918219999988
76.56345900002634,-0.0010518960000000105,331.329,-67.07918219999988
76.60776000004262,-0.0010518960000000105,330.3354,-86.96779020000008
76.6537916000234,-0.0010518960000000105,331.329,-82.99006859999986
76.69762590003666,-0.0006963239999999982,332.32259999999997,-98.90095500000007
76.74330500001088,-0.0006963239999999982,331.329,-96.91209419999996
76.78792460000841,-0.0008741100000000113,332.32259999999997,-112.82298059999994
76.83353980001993,-0.0005185379999999989,332.32259999999997,-114.81184139999982
76.8774521999876,-0.0006963239999999982,331.329,-128.73386699999992
76.9250902000349,-0.0010518960000000105,331.329,-128.73386699999992
77.01234730001306,-0.0008741100000000113,332.32259999999997,-126.7450061999998
77.05767940002261,-0.0008741100000000113,334.3098,-126.7450061999998
77.1030784000177,-0.0008741100000000113,327.3546,-128.73386699999992
77.1480137000326,-0.0006963239999999982,332.32259999999997,-126.7450061999998
77.19289619999472,1.4819999999998723e-05,332.32259999999997,-128.73386699999992
77.23815400002059,-0.0003407520000000136,331.329,-122.76728460000004
77.28293360001408,-0.0008741100000000113,332.32259999999997,-126.7450061999998
77.32742169999983,-0.0008741100000000113,332.32259999999997,-126.7450061999998
77.37255150004057,-0.0008741100000000113,330.3354,-126.7450061999998
77.46262210002169,-0.0010518960000000105,330.3354,-124.75614539999992
77.5074102000217,-0.0008741100000000113,330.3354,-126.7450061999998
77.55277780001052,-0.0006963239999999982,329.3418,-124.75614539999992
77.5978158999933,-0.0006963239999999982,333.3162,-126.7450061999998
77.64226370002143,-0.0008741100000000113,328.34819999999996,-126.7450061999998
77.68733069999143,-0.0005185379999999989,330.3354,-128.73386699999992
77.7327132000355,-0.0005185379999999989,332.32259999999997,-126.7450061999998
77.777653200028,-0.0010518960000000105,332.32259999999997,-124.75614539999992
77.86795650003478,-0.0008741100000000113,331.329,-128.73386699999992
77.91356620000442,-0.0008741100000000113,331.329,-126.7450061999998
77.957767600019,-0.0006963239999999982,328.34819999999996,-114.81184139999982
78.00286730000516,-0.0006963239999999982,330.3354,-110.83411980000005
78.04749500000617,-0.0008741100000000113,332.32259999999997,-96.91209419999996
78.0927776999888,-0.0006963239999999982,331.329,-98.90095500000007
78.13807540002745,-0.0008741100000000113,329.3418,-86.96779020000008
78.18307460000506,-0.0005185379999999989,332.32259999999997,-82.99006859999986
78.23040699999547,-0.0008741100000000113,331.329,-71.05690379999987
78.31944630004,-0.0008741100000000113,334.3098,-53.15715660000001
78.363952899992,-0.0010518960000000105,330.3354,-51.168295800000124
78.40794350003125,-0.0006963239999999982,332.32259999999997,-39.23513100000014
78.45298500003992,-0.0008741100000000113,330.3354,-39.23513100000014
78.49748600000748,-0.0008741100000000113,332.32259999999997,-27.301966199999924
78.5430231000064,-0.0006963239999999982,330.3354,-25.313105399999813
78.588095300016,-0.0008741100000000113,333.3162,-9.40221900000006
78.6332614000421,-0.0010518960000000105,331.329,-9.40221900000006
78.6778477000189,-0.0008741100000000113,330.3354,4.519806600000038
78.76806000003126,-0.0006963239999999982,331.329,22.41955380000013
78.81316399999196,-0.0008741100000000113,330.3354,22.41955380000013
78.85768489999464,-0.0012296820000000236,331.329,36.3415794
78.90353820001474,-0.0006963239999999982,330.3354,34.35271860000012
78.9476682000095,-0.0008741100000000113,330.3354,50.26360499999987
78.99310530000366,-0.0006963239999999982,332.32259999999997,48.27474419999999
79.03803350002272,-0.0006963239999999982,334.3098,62.196769799999856
79.08323480002582,-0.0008741100000000113,331.329,64.1856306000002
79.13067390001379,-0.0005185379999999989,332.32259999999997,82.08537780000006
79.21769910003059,-0.0003407520000000136,332.32259999999997,97.99626420000004
79.26383740000892,-0.0005185379999999989,330.3354,96.00740339999993
79.30775410000933,-0.0006963239999999982,332.32259999999997,107.94056819999992
79.35341889999108,-0.0005185379999999989,330.3354,107.94056819999992
79.4009667999926,-0.0003407520000000136,330.3354,121.86259380000024
79.44382749998476,-0.00016296600000001438,332.32259999999997,123.85145460000012
79.48832390003372,0.00019260599999999795,333.3162,139.7623410000001
79.53350820002379,1.4819999999998723e-05,333.3162,141.7512018
79.57755799998995,0.00019260599999999795,330.3354,157.6620882000002
79.66818500001682,0.0007259639999999956,332.32259999999997,167.60639220000007
79.71328940003878,0.0007259639999999956,333.3162,171.58411380000007
79.75734750000993,0.0009037499999999948,332.32259999999997,185.50613939999994
79.80331250000745,0.0009037499999999948,331.329,181.52841780000017
79.84747969999444,0.0016148939999999917,333.3162,199.42816500000004
79.89288699999452,0.001792679999999991,334.3098,199.42816500000004
79.93757240002742,0.0023260380000000025,330.3354,213.35019060000013
79.98306970001431,0.002503823999999988,333.3162,213.35019060000013
80.02746720000869,0.0028593959999999863,331.329,227.2722162
80.11883839999791,0.003570539999999997,332.32259999999997,245.17196339999987
80.16338380001253,0.004459469999999993,331.329,241.1942418000001
80.207857100002,0.004815041999999992,329.3418,259.0939890000002
80.25282570003765,0.005348400000000003,331.329,259.0939890000002
80.29787120001856,0.005881757999999987,330.3354,273.01601460000006
80.34294050000608,0.006592901999999998,330.3354,275.00487539999995
80.38801900000544,0.007481831999999994,331.329,290.91576180000015
80.43300240003737,0.008904119999999988,331.329,302.84892660000014
80.47750189999351,0.009793049999999984,332.32259999999997,304.8377874
80.56753500003833,0.010681979999999994,331.329,326.7152562000001
80.61320369999157,0.011748696000000003,330.3354,324.7263954
80.65748980001081,0.012637625999999999,334.3098,334.6706993999999
80.7029835000285,0.013704341999999994,333.3162,334.6706993999999
80.74751270003617,0.014948843999999989,330.3354,348.5927250000002
80.79292630002601,0.016015559999999998,332.32259999999997,350.5815858000001
80.83766670001205,0.017082275999999993,333.3162,364.5036114000002
80.88325270003406,0.019571279999999996,332.32259999999997,378.42563700000005
80.92746209999314,0.02117135399999999,330.3354,380.41449779999994
81.01748129999032,0.022593641999999997,333.3162,398.314245
81.06274269998539,0.024371502000000003,331.329,400.30310580000014
81.10788650001632,0.025971575999999996,328.34819999999996,412.2362706000001
81.19764660001965,0.027749436000000002,328.34819999999996,410.2474098
81.19989719998557,0.030060653999999992,332.32259999999997,424.1694354000001
81.2433448000229,0.031482942,332.32259999999997,424.1694354000001
81.28760169999441,0.03308301599999999,331.329,440.0803218000001
81.33287740004016,0.03646094999999999,332.32259999999997,454.0023474000002
81.37818920001155,0.038772167999999996,331.329,455.9912082000001
81.46853020001436,0.040905599999999986,333.3162,471.90209460000005
81.51313949999167,0.04357239,334.3098,471.90209460000005
81.55760649999138,0.045350249999999995,332.32259999999997,485.82412020000015
81.60321840003598,0.04801704,330.3354,481.84639859999993
81.64790580002591,0.050150472,330.3354,499.7461458
81.69323100004112,0.052639476,333.3162,497.75728500000014
81.73756909999065,0.054950694,331.329,513.6681714000001
81.7831312000053,0.0586842,333.3162,525.6013362000001
81.82821070001228,0.061706562,332.32259999999997,529.5790577999999
81.91899380000541,0.06401778,331.329,543.5010834000002
82.00785870000254,0.066862356,330.3354,541.5122226000001
82.05256969999755,0.06864021599999999,330.3354,555.4342482000002
82.05640709999716,0.07148479199999999,329.3418,555.4342482000002
82.09774210001342,0.073618224,331.329,569.3562738
82.14698650001083,0.076285014,331.329,569.3562738
82.18810329999542,0.07859623199999999,335.3034,589.2448818
82.23289210000075,0.082507524,332.32259999999997,599.1891858000001
82.28070970001863,0.085174314,330.3354,603.1669074000001
82.36869790003402,0.08748553199999999,332.32259999999997,617.088933
82.4131430000416,0.090152322,332.32259999999997,619.0777938000001
82.4600735999993,0.091930182,330.3354,631.0109586000001
82.50317010004073,0.094596972,330.3354,634.9886802000001
82.54781580000417,0.095841474,333.3162,648.9107058000002
82.59323320002295,0.097974906,332.32259999999997,646.9218450000001
82.6376900000032,0.09975276599999999,331.329,660.8438706000002
82.68835000001127,0.102419556,331.329,678.7436178000003
82.72769780003,0.104375202,333.3162,680.7324786000001
82.81854440004099,0.105086346,331.329,694.6545042
82.86334859998897,0.10668641999999999,332.32259999999997,690.6767826000003
82.9079030000139,0.10757535,331.329,710.5653906
82.95312180003384,0.108819852,333.3162,708.5765298000001
82.99815500003751,0.109175424,331.329,722.4985554
83.04301449999912,0.10953099599999999,332.32259999999997,724.4874162000001
83.0876877999981,0.10953099599999999,331.329,742.3871634000002
83.1331750000245,0.10970878199999999,330.3354,750.3426066000002
83.1780609000125,0.10953099599999999,332.32259999999997,758.2980498000002
83.26873920002254,0.108642066,331.329,774.2089362000002
83.31343829998514,0.107753136,331.329,774.2089362000002
83.35760570003185,0.10668641999999999,329.3418,784.1532402000003
83.4031502000289,0.105086346,331.329,786.1421010000004
83.44769629999064,0.10384184399999999,332.32259999999997,800.0641266000007
83.49765790003585,0.101886198,332.32259999999997,804.0418482000005
83.53803540003719,0.10064169599999999,330.3354,813.9861522000006
83.58340210001916,0.09726376199999999,331.329,833.8747602000003
83.62754270003643,0.09477475799999999,332.32259999999997,833.8747602000003
83.71856330003357,0.092641326,331.329,845.8079250000001
83.76330709998729,0.089618964,332.32259999999997,843.8190642000004
83.80805150000378,0.08748553199999999,333.3162,859.7299506000004
83.85349300003145,0.08446316999999999,332.32259999999997,863.7076722000002
83.89762180001708,0.081974166,333.3162,875.6408370000004
83.94310939998832,0.07912959,331.329,879.6185586000001
83.98781740001868,0.07664058599999998,335.3034,893.5405842
84.03317330003483,0.07166257799999999,334.3098,905.4737490000002
84.07789720001165,0.06828464399999999,332.32259999999997,909.4514706000004
84.1680461000069,0.06561785399999999,330.3354,925.3623570000004
84.2132156000007,0.062951064,331.329,925.3623570000004
84.25796570000239,0.059573129999999995,330.3354,941.2732434
84.30337939999299,0.056550767999999994,331.329,939.2843826000003
84.34885920002125,0.05388397799999999,332.32259999999997,949.2286866000004
84.39305040001636,0.050506044,330.3354,955.1952690000003
84.43778610002482,0.047839254,333.3162,969.1172946000006
84.48281080002198,0.04268345999999999,333.3162,995.7512729999999
84.52761039999314,0.039127739999999994,332.32259999999997,999.5837658000005
84.61754850001307,0.03663873599999999,332.32259999999997,1009.1649978
84.66319880000083,0.03397194599999999,332.32259999999997,1007.2487514
84.70746020000661,0.031482942,330.3354,1024.4949690000003
84.75300680001965,0.02846058,332.32259999999997,1028.3274618
84.7981006000191,0.026327147999999995,331.329,1039.8249402000001
84.84383180004079,0.023660357999999992,332.32259999999997,1037.9086938
84.88749100000132,0.021526925999999988,333.3162,1055.1549114
84.932895200036,0.017793420000000004,329.3418,1068.5686362000001
84.98148930002935,0.015304416000000001,333.3162,1072.4011290000003
85.06749980000313,0.013704341999999994,332.32259999999997,1083.8986074
85.11660170002142,0.011926481999999988,330.3354,1081.9823610000003
85.15905820002081,0.010504193999999994,328.34819999999996,1099.2285785999998
85.20496569998795,0.009259692,330.3354,1101.1448249999999
85.24783509998815,0.007126259999999995,332.32259999999997,1114.5585498
85.29306200001156,0.0064151159999999985,333.3162,1116.4747962000001
85.3379967000219,0.005348400000000003,331.329,1127.9722746000002
85.4284018999897,0.0039261119999999955,331.329,1141.3859994
85.43485459999647,0.0030371819999999994,333.3162,1147.1347385999998
85.51782700000331,0.0021482519999999894,330.3354,1154.7997242000001
85.5639031000319,0.001792679999999991,334.3098,1158.6322169999999
85.60831640003016,0.0012593219999999933,330.3354,1173.9621882000001
85.65275940002175,0.0009037499999999948,332.32259999999997,1173.9621882000001
85.69770950003294,0.00019260599999999795,334.3098,1187.3759129999999
85.74317910004174,0.00037039200000001105,331.329,1185.4596666000002
85.78818239999237,-0.00016296600000001438,334.3098,1206.5383770000003
85.83333170000697,-0.0005185379999999989,332.32259999999997,1219.9521018
85.87762330000987,-0.0003407520000000136,331.329,1219.9521018
85.96852320001926,-0.0010518960000000105,331.329,1233.3658266000002
86.01604389998829,-0.0005185379999999989,332.32259999999997,1237.1983194
86.05793020001147,-0.0008741100000000113,329.3418,1248.6957978
86.10329120000824,-0.0008741100000000113,334.3098,1250.6120442000001
86.14746040001046,-0.0008741100000000113,337.2906,1262.1095226000002
86.19311220000964,-0.00016296600000001438,340.27139999999997,1267.8582618
86.23803670000052,-0.0008741100000000113,353.1882,1277.4394938
86.28324020002037,-0.0006963239999999982,370.07939999999996,1288.9369722000001
86.32787040004041,-0.0008741100000000113,372.0666,1294.6857114
86.42088749998948,-0.0008741100000000113,385.977,1308.0994362000001
86.5077411000384,-0.0008741100000000113,386.9706,1311.9319290000003
86.51352560002124,-0.0008741100000000113,403.8618,1323.4294074
86.59825179999461,-0.0012296820000000236,403.8618,1325.3456538
86.60190390003845,-0.0006963239999999982,421.7466,1338.7593785999998
86.64343520003604,-0.0006963239999999982,422.7402,1340.6756249999999
86.68758490000619,-0.0008741100000000113,438.63779999999997,1354.0893498
86.73305079998681,-0.0010518960000000105,455.529,1367.5030746000002
86.7777880000067,-0.0005185379999999989,454.5354,1369.4193210000003
86.86862690001726,-0.0006963239999999982,471.4266,1380.9167994
86.95813079999061,-0.0005185379999999989,471.4266,1380.9167994
87.0029593000072,-0.0008741100000000113,471.4266,1382.8330458
87.00561190000735,-0.0008741100000000113,474.4074,1382.8330458
87.04815580003196,-0.0006963239999999982,460.497,1371.3355674
87.09317130001727,-0.0010518960000000105,461.4906,1371.3355674
87.13782860001083,-0.0006963239999999982,450.561,1350.2568569999999
87.18331570003647,-0.0005185379999999989,435.657,1338.7593785999998
87.22745619999478,-0.0010518960000000105,435.657,1342.5918714000004
87.31810860004043,-0.0010518960000000105,421.7466,1321.5131610000003
87.36357250000583,-0.0010518960000000105,423.7338,1323.4294074
87.4084686000133,-0.0008741100000000113,408.8298,1306.1831898
87.45351230003871,-0.0010518960000000105,409.8234,1304.2669434
87.49813060002634,-0.0010518960000000105,397.9002,1294.6857114
87.54586409998592,-0.0010518960000000105,397.9002,1292.7694649999999
87.58766359998845,-0.0008741100000000113,384.9834,1279.3557402000001
87.63340980000794,-0.0008741100000000113,372.0666,1267.8582618
87.67786210001213,-0.0008741100000000113,373.0602,1267.8582618
87.76865570002701,-0.0005185379999999989,358.1562,1246.7795514
87.81314109999221,-0.0008741100000000113,360.1434,1252.5282906000002
87.85803230002057,-0.0010518960000000105,347.22659999999996,1233.3658266000002
87.90383850003127,-0.0008741100000000113,348.2202,1235.2820729999999
87.94765789998928,-0.0005185379999999989,335.3034,1216.1196089999999
87.99284500000067,-0.0006963239999999982,336.29699999999997,1219.9521018
88.04023949999828,-0.0008741100000000113,333.3162,1204.6221305999998
88.08281370002078,-0.0006963239999999982,331.329,1185.4596666000002
88.12817680003354,-0.0005185379999999989,334.3098,1191.2084058
88.21879479999188,-0.0006963239999999982,331.329,1175.8784346000002
88.2628493999946,-0.0010518960000000105,329.3418,1177.7946809999999
88.311473400041,-0.0006963239999999982,330.3354,1156.7159705999998
88.35364019998815,-0.0005185379999999989,334.3098,1160.5484634000004
88.3982745000394,-0.0008741100000000113,333.3162,1141.3859994
88.44341070001246,-0.0006963239999999982,331.329,1143.3022458
88.48755710001569,-0.0006963239999999982,332.32259999999997,1127.9722746000002
88.53330499998992,-0.0005185379999999989,334.3098,1112.6423034
88.58020970004145,-0.0005185379999999989,329.3418,1118.3910426000002
88.66777679999359,-0.0003407520000000136,330.3354,1099.2285785999998
88.7162643999909,-0.0008741100000000113,330.3354,1101.1448249999999
88.75763960002223,-0.0005185379999999989,331.329,1087.7311002000001
88.80313910002587,-0.0005185379999999989,329.3418,1085.8148538
88.84793330001412,1.4819999999998723e-05,333.3162,1070.4848826000002
88.89801609999267,-0.0006963239999999982,330.3354,1074.3173754
88.93793050001841,-0.00016296600000001438,332.32259999999997,1055.1549114
88.9827665000339,-0.0003407520000000136,330.3354,1037.9086938
89.02779150003335,1.4819999999998723e-05,331.329,1041.7411865999998
89.11794239998562,1.4819999999998723e-05,332.32259999999997,1024.4949690000003
89.16449340002146,-0.00016296600000001438,332.32259999999997,1026.4112154
89.20815110002877,0.00019260599999999795,332.32259999999997,1011.0812442000001
89.25346570002148,0.00019260599999999795,330.3354,1011.0812442000001
89.29862549999962,0.00037039200000001105,334.3098,995.7512729999999
89.34393929998623,0.0005481779999999825,333.3162,995.7512729999999
89.38876220001839,0.0009037499999999948,330.3354,971.1061554000003
89.47790609998628,0.0007259639999999956,334.3098,951.2175474000001
89.4813347000163,0.001081535999999994,329.3418,957.1841298000004
89.56885219999822,0.0014371079999999925,331.329,941.2732434
89.61302809999324,0.0014371079999999925,333.3162,939.2843826000003
89.65767849999247,0.001792679999999991,329.3418,923.3734962000003
89.70287710003322,0.001970466000000004,329.3418,927.3512178000001
89.74746670003515,0.002503823999999988,333.3162,905.4737490000002
89.7927967000287,0.002503823999999988,331.329,907.4626098000003
89.83760690002237,0.002681610000000001,334.3098,891.5517234000004
89.92755379999289,0.003392753999999998,331.329,875.6408370000004
89.93338020000374,0.0032149679999999986,332.32259999999997,877.6296978000005
90.01782200002344,0.0037483259999999963,334.3098,863.7076722000002
90.06316840002546,0.0039261119999999955,332.32259999999997,859.7299506000004
90.10807990003377,0.004459469999999993,330.3354,843.8190642000004
90.19754090002971,0.004637255999999992,329.3418,845.8079250000001
90.24264559999574,0.004992828000000005,332.32259999999997,827.9081778000004
90.2461362000322,0.005348400000000003,330.3354,831.8858994000002
90.28781950002303,0.005703972000000002,332.32259999999997,813.9861522000006
90.33312770002522,0.0064151159999999985,331.329,798.0752658000001
90.37776420003502,0.006237329999999999,332.32259999999997,804.0418482000005
90.46772760001477,0.006948473999999996,331.329,788.1309618000005
90.51320510002552,0.007126259999999995,330.3354,788.1309618000005
90.55801580002299,0.007481831999999994,331.329,772.2200754
90.60361839999678,0.007837403999999992,331.329,770.2312146000004
90.64764879998984,0.008370762000000004,333.3162,752.3314674000007
90.69283190002898,0.008370762000000004,330.3354,754.3203282000004
90.73762810003245,0.008904119999999988,334.3098,736.4205810000003
90.7828836000408,0.009437478,334.3098,724.4874162000001
90.83066939999117,0.009437478,332.32259999999997,726.4762770000002
90.91863070003456,0.009793049999999984,330.3354,710.5653906
90.96287039999152,0.009970835999999997,331.329,708.5765298000001
91.0077120999922,0.010504193999999994,328.34819999999996,694.6545042
91.09775720001198,0.010504193999999994,330.3354,690.6767826000003
91.10157550004078,0.010681979999999994,333.3162,680.7324786000001
91.14816640003119,0.010504193999999994,332.32259999999997,680.7324786000001
91.18794690002687,0.011037551999999992,331.329,660.8438706000002
91.23317459999816,0.011037551999999992,332.32259999999997,644.9329842000002
91.2776104999939,0.011037551999999992,330.3354,652.8884274
91.36829740001122,0.011037551999999992,328.34819999999996,634.9886802000001
91.41394170001149,0.010859765999999993,331.329,631.0109586000001
91.45788330002688,0.011037551999999992,328.34819999999996,615.1000722000001
91.5504871000303,0.010681979999999994,331.329,619.0777938000001
91.56385690002935,0.010859765999999993,331.329,601.1780466
91.59311750001507,0.010681979999999994,332.32259999999997,603.1669074000001
91.63766010000836,0.010681979999999994,332.32259999999997,583.2782993999999
91.68349840003066,0.010326407999999995,332.32259999999997,575.3228562000002
91.7282375000068,0.009793049999999984,331.329,575.3228562000002
91.81807820004178,0.009615263999999998,332.32259999999997,559.4119698
91.9092013000045,0.009259692,333.3162,553.4453874000001
91.91235900000902,0.009081906,331.329,539.5233618
91.95326010003919,0.008726334000000002,331.329,541.5122226000001
91.99776140000904,0.00854854799999999,335.3034,523.6124754
92.04325290000997,0.008370762000000004,331.329,525.6013362000001
92.08819590002531,0.00819297599999999,331.329,511.6793106
92.13363160000881,0.007304045999999995,334.3098,495.76842420000025
92.17835770000238,0.007304045999999995,334.3098,499.7461458
92.26840290002292,0.006770687999999997,333.3162,485.82412020000015
92.31336530001136,0.006059544,331.329,483.83525940000004
92.36052340001334,0.005703972000000002,331.329,469.91323379999994
92.40391160000581,0.00517061399999999,330.3354,471.90209460000005
92.45089560002089,0.004815041999999992,332.32259999999997,452.0134866000001
92.49306250002701,0.004637255999999992,332.32259999999997,454.0023474000002
92.53746660001343,0.004103897999999995,333.3162,438.091461
92.58313869999256,0.003392753999999998,331.329,426.1582962
92.63040940003702,0.0028593959999999863,333.3162,426.1582962
92.71787029999541,0.002503823999999988,332.32259999999997,410.2474098
92.7635658000363,0.0016148939999999917,333.3162,410.2474098
92.80742570001166,0.0014371079999999925,331.329,396.32538420000014
92.85311220004223,0.0014371079999999925,329.3418,396.32538420000014
92.89808210002957,0.0014371079999999925,333.3162,380.41449779999994
92.94287239998812,0.0007259639999999956,334.3098,376.43677620000017
92.9875351000228,0.0007259639999999956,330.3354,368.48133299999995
93.0327734000166,0.00037039200000001105,333.3162,350.5815858000001
93.07785140001215,0.00037039200000001105,331.329,352.5704466000002
93.1678707000101,0.00037039200000001105,333.3162,334.6706993999999
93.25819010002306,0.0005481779999999825,332.32259999999997,328.704117
93.26340490003349,1.4819999999998723e-05,331.329,320.7486738
93.30337300000247,1.4819999999998723e-05,332.32259999999997,320.7486738
93.35024310002336,1.4819999999998723e-05,333.3162,306.82664820000014
93.39429910003673,-0.00016296600000001438,331.329,304.8377874
93.43863450002391,1.4819999999998723e-05,331.329,290.91576180000015
93.48334169998998,-0.00016296600000001438,334.3098,276.99373620000006
93.52757490001386,-0.0003407520000000136,332.32259999999997,276.99373620000006
93.62035089998972,-0.0005185379999999989,333.3162,259.0939890000002
93.66310220002197,-0.0003407520000000136,332.32259999999997,257.1051282000001
93.70791769999778,1.4819999999998723e-05,330.3354,243.18310259999998
93.75294470001245,0.00019260599999999795,330.3354,245.17196339999987
93.79768710001372,0.00037039200000001105,330.3354,229.2610770000001
93.84305950003909,0.00019260599999999795,333.3162,229.2610770000001
93.88761390000582,0.0005481779999999825,331.329,211.36132980000025
93.93290330003947,0.0005481779999999825,331.329,197.43930419999992
93.97764440003084,0.0005481779999999825,332.32259999999997,203.40588660000003
94.06782920000842,0.00037039200000001105,332.32259999999997,183.51727860000005
94.11309470003471,0.00037039200000001105,333.3162,181.52841780000017
94.15981039998587,0.00037039200000001105,333.3162,171.58411380000007
94.204826900037,0.0005481779999999825,332.32259999999997,169.59525300000018
94.24753390002297,0.00019260599999999795,332.32259999999997,155.6732274000001
94.29325119999703,0.00037039200000001105,332.32259999999997,157.6620882000002
94.33758460002718,1.4819999999998723e-05,332.32259999999997,139.7623410000001
94.3831750000245,-0.0003407520000000136,331.329,123.85145460000012
94.42763390002074,-0.00016296600000001438,332.32259999999997,125.84031540000001
94.51785740000196,-0.00016296600000001438,332.32259999999997,109.92942900000025
94.56333100004122,-0.0003407520000000136,332.32259999999997,105.95170740000003
94.6076977000339,-0.00016296600000001438,328.34819999999996,96.00740339999993
94.65335360000608,-0.0003407520000000136,333.3162,94.01854260000005
94.6976095000282,-0.0003407520000000136,336.29699999999997,78.10765620000006
94.74312210001517,-0.0006963239999999982,335.3034,80.09651699999995
94.7875944999978,-0.0006963239999999982,336.29699999999997,64.1856306000002
94.83326670003589,-0.0006963239999999982,334.3098,48.27474419999999
94.87758920004126,-0.0006963239999999982,333.3162,48.27474419999999
94.96780250000302,-0.0005185379999999989,335.3034,34.35271860000012
95.01304719998734,-0.0005185379999999989,333.3162,36.3415794
95.05761530000018,-0.0005185379999999989,327.3546,20.43069300000002
95.10318520001601,-0.0008741100000000113,328.34819999999996,22.41955380000013
95.14768789999653,-0.0008741100000000113,334.3098,4.519806600000038
95.19325240002945,-0.0006963239999999982,333.3162,4.519806600000038
95.23764489998575,-0.0006963239999999982,332.32259999999997,-11.391079799999943
95.2832254000241,-0.0008741100000000113,329.3418,-23.32424459999993
95.32793840003433,-0.0008741100000000113,330.3354,-23.32424459999993
95.4180914000026,-0.0008741100000000113,331.329,-39.23513100000014
95.46341440000106,-0.0008741100000000113,330.3354,-41.22399180000002
95.50776020000922,-0.0008741100000000113,330.3354,-57.1348782
95.55301269999472,-0.0008741100000000113,330.3354,-55.14601739999989
95.59762950002914,-0.0008741100000000113,334.3098,-67.07918219999988
95.64315790002001,-0.0010518960000000105,331.329,-69.06804299999999
95.68782829999691,-0.0005185379999999989,330.3354,-86.96779020000008
95.73380869999528,-0.0008741100000000113,330.3354,-102.87867659999984
95.77780000003986,-0.0010518960000000105,333.3162,-98.90095500000007
95.87098910001805,-0.0006963239999999982,331.329,-114.81184139999982
95.91364139999496,-0.0012296820000000236,333.3162,-112.82298059999994
95.95759300002828,-0.0008741100000000113,330.3354,-126.7450061999998
96.00254210003186,-0.0010518960000000105,333.3162,-126.7450061999998
96.04771670000628,-0.0005185379999999989,331.329,-128.73386699999992
96.09564150002552,-0.0005185379999999989,329.3418,-128.73386699999992
96.13859779998893,-0.0006963239999999982,334.3098,-126.7450061999998
96.18392790004145,-0.0006963239999999982,330.3354,-124.75614539999992
96.22755529999267,-0.0008741100000000113,331.329,-126.7450061999998
96.31818920001388,-0.0008741100000000113,332.32259999999997,-126.7450061999998
96.36246070003835,-0.0008741100000000113,333.3162,-128.73386699999992
96.4074236000306,-0.0008741100000000113,328.34819999999996,-128.73386699999992
96.45288240001537,-0.0008741100000000113,330.3354,-128.73386699999992
96.50044400000479,-0.0006963239999999982,332.32259999999997,-126.7450061999998
96.54259760002606,-0.0010518960000000105,329.3418,-128.73386699999992
96.58793270000024,-0.0008741100000000113,334.3098,-124.75614539999992
96.63313860003836,-0.0008741100000000113,330.3354,-128.73386699999992
96.67803680000361,-0.0010518960000000105,335.3034,-128.73386699999992
96.76731080003083,-0.0006963239999999982,330.3354,-126.7450061999998
96.81254340003943,-0.0006963239999999982,333.3162,-128.73386699999992
96.85765000001993,-0.0008741100000000113,331.329,-128.73386699999992
96.90512519999174,-0.0006963239999999982,329.3418,-126.7450061999998
96.94750730000669,-0.0006963239999999982,333.3162,-126.7450061999998
96.99246380000841,-0.0006963239999999982,333.3162,-126.7450061999998
97.03745420003543,-0.0008741100000000113,331.329,-128.73386699999992
97.08258109999588,-0.0006963239999999982,331.329,-126.7450061999998
97.1279424999957,-0.0006963239999999982,332.32259999999997,-126.7450061999998
97.21769479999784,-0.0006963239999999982,332.32259999999997,-126.7450061999998
97.26259500003653,-0.0008741100000000113,331.329,-126.7450061999998
97.30791080003837,-0.0012296820000000236,331.329,-126.7450061999998
97.35310469998512,-0.0010518960000000105,332.32259999999997,-128.73386699999992
97.39760730002308,-0.0006963239999999982,330.3354,-126.7450061999998
97.44297050003661,-0.0006963239999999982,332.32259999999997,-126.7450061999998
97.48831069999142,-0.0006963239999999982,329.3418,-126.7450061999998
97.53292480000528,-0.0008741100000000113,333.3162,-124.75614539999992
97.58064569998533,-0.0010518960000000105,331.329,-126.7450061999998
97.66805919999024,-0.0010518960000000105,333.3162,-126.7450061999998
97.71275190002052,-0.0008741100000000113,330.3354,-126.7450061999998
97.75784400000703,-0.0010518960000000105,332.32259999999997,-126.7450061999998
97.8028415000299,-0.0006963239999999982,330.3354,-128.73386699999992
97.84785449999617,-0.0006963239999999982,333.3162,-124.75614539999992
97.8928904000204,-0.0008741100000000113,329.3418,-124.75614539999992
97.93763520003995,-0.0008741100000000113,332.32259999999997,-124.75614539999992
97.98261300002923,-0.0010518960000000105,334.3098,-126.7450061999998
98.02795940003125,-0.0010518960000000105,333.3162,-126.7450061999998
98.11874240002362,-0.0010518960000000105,333.3162,-126.7450061999998
98.16250209999271,-0.0008741100000000113,333.3162,-126.7450061999998
98.20737060002284,-0.0005185379999999989,332.32259999999997,-126.7450061999998
98.2524341000244,-0.0008741100000000113,330.3354,-126.7450061999998
98.30021710001165,-0.0010518960000000105,332.32259999999997,-126.7450061999998
98.34261620003963,-0.0008741100000000113,333.3162,-126.7450061999998
98.39057310001226,-0.0006963239999999982,332.32259999999997,-128.73386699999992
98.43349289998878,-0.0008741100000000113,331.329,-126.7450061999998
98.47760009998456,-0.0008741100000000113,329.3418,-126.7450061999998
98.56753010000102,-0.0008741100000000113,334.3098,-124.75614539999992
98.61273920000531,-0.0008741100000000113,331.329,-126.7450061999998
98.6577782999957,-0.0008741100000000113,330.3354,-124.75614539999992
98.70295130001614,-0.0008741100000000113,330.3354,-128.73386699999992
98.74761640001088,-0.0006963239999999982,333.3162,-126.7450061999998
98.79289570002584,-0.0010518960000000105,332.32259999999997,-124.75614539999992
98.83764490002068,-0.0006963239999999982,333.3162,-128.73386699999992
98.88257770001655,-0.0012296820000000236,331.329,-126.7450061999998
98.92769730003783,-0.0006963239999999982,333.3162,-128.73386699999992
99.01825660001487,-0.0008741100000000113,334.3098,-124.75614539999992
99.06283950002398,-0.0012296820000000236,331.329,-128.73386699999992
99.10810110002058,-0.0008741100000000113,329.3418,-128.73386699999992
99.15294320002431,-0.0008741100000000113,333.3162,-128.73386699999992
99.1980951000005,-0.0005185379999999989,331.329,-124.75614539999992
99.24284030002309,-0.0008741100000000113,331.329,-126.7450061999998
99.28753460000735,-0.0008741100000000113,330.3354,-126.7450061999998
99.33270770002855,-0.0006963239999999982,330.3354,-126.7450061999998
99.37778839998646,-0.0006963239999999982,335.3034,-124.75614539999992
99.46937280002749,-0.0008741100000000113,334.3098,-124.75614539999992
99.51225840003463,-0.0010518960000000105,332.32259999999997,-126.7450061999998
99.55722960003186,-0.0008741100000000113,332.32259999999997,-126.7450061999998
99.60244620003505,-0.0008741100000000113,335.3034,-128.73386699999992
99.6476175999851,-0.0012296820000000236,360.1434,-124.75614539999992
99.69292880001012,-0.0006963239999999982,372.0666,-126.7450061999998
99.73736450000433,-0.0008741100000000113,381.009,-126.7450061999998
99.78268500004197,-0.0008741100000000113,386.9706,-128.73386699999992
99.82810760004213,-0.0006963239999999982,393.9258,-128.73386699999992
99.91752810002072,-0.0008741100000000113,399.8874,-126.7450061999998
99.96244299999671,-0.0006963239999999982,402.8682,-128.73386699999992
100.00735530001111,-0.0008741100000000113,406.8426,-124.75614539999992
100.05262100003893,-0.0010518960000000105,412.8042,-126.7450061999998
100.10066830000142,-0.0008741100000000113,414.7914,-126.7450061999998
100.14329780003754,-0.0008741100000000113,418.7658,-128.73386699999992
100.18767220003065,-0.0006963239999999982,422.7402,-126.7450061999998
100.23289540002588,-0.0008741100000000113,425.721,-128.73386699999992
100.27776120003546,-0.0010518960000000105,429.6954,-126.7450061999998
100.36796150001464,-0.0006963239999999982,431.6826,-124.75614539999992
100.41332310001599,-0.0010518960000000105,432.6762,-130.72272780000003
100.4588007000275,-0.0010518960000000105,435.657,-126.7450061999998
100.50274259998696,-0.0008741100000000113,439.6314,-124.75614539999992
100.54802789998939,-0.0008741100000000113,440.625,-126.7450061999998
100.59275950002484,-0.0008741100000000113,443.6058,-124.75614539999992
100.63750040001469,-0.0005185379999999989,445.593,-126.7450061999998
100.68244050000794,-0.0010518960000000105,449.56739999999996,-124.75614539999992
100.72782969998661,-0.0008741100000000113,449.56739999999996,-126.7450061999998
100.81816760002403,-0.0008741100000000113,451.5546,-126.7450061999998
100.86296360002598,-0.0008741100000000113,453.54179999999997,-130.72272780000003
100.90754190000007,-0.0008741100000000113,454.5354,-126.7450061999998
100.95249420002801,-0.0006963239999999982,457.51619999999997,-126.7450061999998
100.99812160001602,-0.0006963239999999982,459.5034,-128.73386699999992
101.04281630000332,-0.0010518960000000105,459.5034,-126.7450061999998
101.08796340000117,-0.0010518960000000105,462.4842,-126.7450061999998
101.13240170001518,-0.0008741100000000113,463.4778,-128.73386699999992
101.17789390002145,-0.0005185379999999989,463.4778,-126.7450061999998
101.2675013000262,-0.0008741100000000113,466.4586,-124.75614539999992
101.31292729999404,-0.0006963239999999982,467.4522,-126.7450061999998
101.35803100001067,-0.0008741100000000113,468.4458,-126.7450061999998
101.40326739999,-0.0010518960000000105,469.4394,-128.73386699999992
101.44873589999042,-0.0010518960000000105,470.433,-126.7450061999998
101.49278430000413,-0.0006963239999999982,472.42019999999997,-124.75614539999992
101.53756120003527,-0.0008741100000000113,473.4138,-126.7450061999998
101.58284920000006,-0.0008741100000000113,475.401,-128.73386699999992
101.62747539998963,-0.0008741100000000113,475.401,-126.7450061999998
101.71740150003461,-0.0008741100000000113,477.3882,-126.7450061999998
101.7632534999866,-0.0010518960000000105,477.3882,-128.73386699999992
101.80789560003905,-0.0008741100000000113,478.3818,-128.73386699999992
101.85633149999194,-0.0006963239999999982,480.36899999999997,-126.7450061999998
101.89765990001615,-0.0010518960000000105,480.36899999999997,-128.73386699999992
101.94259960000636,-0.0006963239999999982,480.36899999999997,-128.73386699999992
101.98813549999613,-0.0006963239999999982,481.3626,-124.75614539999992
102.03230740001891,-0.0010518960000000105,482.3562,-126.7450061999998
102.07741239998722,-0.0008741100000000113,483.3498,-128.73386699999992
102.16747500002384,-0.0008741100000000113,484.3434,-128.73386699999992
102.2127729000058,-0.0006963239999999982,485.337,-128.73386699999992
102.25807390001137,-0.0006963239999999982,485.337,-126.7450061999998
102.30256610002834,-0.0010518960000000105,485.337,-126.7450061999998
102.35016269999323,-0.0012296820000000236,487.3242,-126.7450061999998
102.39235690003261,-0.0008741100000000113,487.3242,-126.7450061999998
102.44010529998923,-0.0008741100000000113,488.3178,-128.73386699999992
102.48260230000596,-0.0008741100000000113,489.3114,-126.7450061999998
102.52818419999676,-0.0006963239999999982,488.3178,-124.75614539999992
102.6179514999967,-0.0010518960000000105,491.29859999999996,-128.73386699999992
102.66246560000582,-0.0008741100000000113,490.305,-128.73386699999992
102.70750740001677,-0.0008741100000000113,491.29859999999996,-124.75614539999992
102.75325310003245,-0.0008741100000000113,491.29859999999996,-130.72272780000003
102.79755790001946,-0.0010518960000000105,492.2922,-124.75614539999992
102.84268669999437,-0.0006963239999999982,492.2922,-126.7450061999998
102.88811420003185,-0.0010518960000000105,493.2858,-126.7450061999998
102.93258040002547,-0.0008741100000000113,494.2794,-126.7450061999998
102.97794579999754,-0.0010518960000000105,494.2794,-124.75614539999992
103.06774810003117,-0.0005185379999999989,495.27299999999997,-124.75614539999992
103.1126602999866,-0.0010518960000000105,496.2666,-128.73386699999992
103.16046009998536,-0.0010518960000000105,495.27299999999997,-128.73386699999992
103.20325110002887,-0.0008741100000000113,495.27299999999997,-126.7450061999998
103.2480531000183,-0.0008741100000000113,496.2666,-128.73386699999992
103.29257829999551,-0.0010518960000000105,498.2538,-124.75614539999992
103.33780820004176,-0.0008741100000000113,499.24739999999997,-126.7450061999998
103.38317540002754,-0.0010518960000000105,499.24739999999997,-128.73386699999992
103.4275437000324,-0.0008741100000000113,497.2602,-126.7450061999998
103.5177088000346,-0.0008741100000000113,500.241,-126.7450061999998
103.56298230000539,-0.0010518960000000105,500.241,-128.73386699999992
103.60804250004003,-0.0008741100000000113,500.241,-128.73386699999992
103.65544180001598,-0.0008741100000000113,500.241,-126.7450061999998
103.69758089998504,-0.0010518960000000105,502.2282,-126.7450061999998
103.74299780000001,-0.0010518960000000105,501.2346,-126.7450061999998
103.78762290003942,-0.0006963239999999982,502.2282,-124.75614539999992
103.83554300002288,-0.0010518960000000105,502.2282,-126.7450061999998
103.8782843000372,-0.0008741100000000113,503.2218,-126.7450061999998
103.96818720002193,-0.0008741100000000113,502.2282,-124.75614539999992
104.01309200003743,-0.0008741100000000113,504.2154,-128.73386699999992
104.05817400000524,-0.0008741100000000113,504.2154,-126.7450061999998
104.10307800001465,-0.0012296820000000236,504.2154,-124.75614539999992
104.14809890004108,-0.0005185379999999989,505.209,-126.7450061999998
104.19541190000018,-0.0010518960000000105,505.209,-126.7450061999998
104.2378929000115,-0.0010518960000000105,506.2026,-126.7450061999998
104.28346230002353,-0.0010518960000000105,507.1962,-126.7450061999998
104.32761510001728,-0.0010518960000000105,507.1962,-124.75614539999992
104.4177975000348,-0.0010518960000000105,506.2026,-126.7450061999998
104.46251330000814,-0.0008741100000000113,507.1962,-128.73386699999992
104.50767319998704,-0.0008741100000000113,506.2026,-124.75614539999992
104.55346279998776,-0.0010518960000000105,506.2026,-126.7450061999998
104.59844309999608,-0.0008741100000000113,507.1962,-126.7450061999998
104.64275870000711,-0.0012296820000000236,508.1898,-126.7450061999998
104.6911858000094,-0.0010518960000000105,509.1834,-126.7450061999998
104.73321420000866,-0.0010518960000000105,508.1898,-128.73386699999992
104.77800460002618,-0.0012296820000000236,509.1834,-128.73386699999992
