Time (s),Channel 1 (mA),Channel 2 (mV),Channel 3 (mV)
0.0,-0.00016296600000001438,768.513,22.41955380000013
0.009999999999999787,-0.0005185379999999989,801.3018000000001,24.408414600000015
0.019000000000000128,-0.00016296600000001438,766.5258000000001,22.41955380000013
0.028999999999999915,-0.0003407520000000136,798.321,18.441832200000135
0.0389999999999997,-0.0003407520000000136,765.5322000000001,22.41955380000013
0.04800000000000004,-0.00016296600000001438,798.321,22.41955380000013
0.05799999999999983,1.4819999999998723e-05,768.513,22.41955380000013
0.07500000000000107,0.00019260599999999795,788.3850000000001,20.43069300000002
0.08399999999999963,1.4819999999998723e-05,784.4106,22.41955380000013
0.09399999999999942,1.4819999999998723e-05,789.3786,22.41955380000013
0.10299999999999976,-0.0003407520000000136,779.4426000000001,24.408414600000015
0.11299999999999955,-0.00016296600000001438,791.3658,20.43069300000002
0.12299999999999933,-0.0003407520000000136,777.4554,24.408414600000015
0.1330000000000009,-0.00016296600000001438,796.3338000000001,24.408414600000015
0.14199999999999946,-0.00016296600000001438,773.4810000000001,24.408414600000015
0.15200000000000102,-0.00016296600000001438,797.3274,22.41955380000013
0.1620000000000008,-0.00016296600000001438,771.4938000000001,20.43069300000002
0.17099999999999937,-0.00016296600000001438,798.321,24.408414600000015
0.18100000000000094,-0.00016296600000001438,770.5002000000001,22.41955380000013
0.19100000000000072,-0.00016296600000001438,799.3146,20.43069300000002
0.2010000000000005,-0.00016296600000001438,770.5002000000001,24.408414600000015
0.21000000000000085,-0.00016296600000001438,801.3018000000001,24.408414600000015
0.22000000000000064,-0.00016296600000001438,767.5194,22.41955380000013
0.23000000000000043,-0.00016296600000001438,802.2954000000001,22.41955380000013
0.2400000000000002,-0.0003407520000000136,768.513,22.41955380000013
0.25,1.4819999999998723e-05,799.3146,22.41955380000013
0.25900000000000034,-0.00016296600000001438,768.513,22.41955380000013
0.26900000000000013,-0.00016296600000001438,801.3018000000001,22.41955380000013
0.2789999999999999,1.4819999999998723e-05,767.5194,22.41955380000013
0.28800000000000026,-0.00016296600000001438,800.3082,24.408414600000015
0.29800000000000004,1.4819999999998723e-05,771.4938000000001,24.408414600000015
0.30799999999999983,1.4819999999998723e-05,802.2954000000001,22.41955380000013
0.3179999999999996,-0.00016296600000001438,767.5194,22.41955380000013
0.3279999999999994,-0.00016296600000001438,801.3018000000001,22.41955380000013
0.33800000000000097,-0.00016296600000001438,768.513,20.43069300000002
0.34699999999999953,-0.00016296600000001438,796.3338000000001,22.41955380000013
0.3569999999999993,-0.0003407520000000136,772.4874000000001,24.408414600000015
0.3670000000000009,-0.00016296600000001438,798.321,26.3972753999999
0.37700000000000067,-0.00016296600000001438,771.4938000000001,22.41955380000013
0.386000000000001,1.4819999999998723e-05,794.3466000000001,22.41955380000013
0.3960000000000008,-0.00016296600000001438,773.4810000000001,20.43069300000002
0.4060000000000006,-0.0003407520000000136,793.3530000000001,24.408414600000015
0.41600000000000037,-0.0005185379999999989,774.4746,22.41955380000013
0.42600000000000016,0.00019260599999999795,789.3786,22.41955380000013
0.4350000000000005,-0.0003407520000000136,775.4682,20.43069300000002
0.4450000000000003,-0.0003407520000000136,788.3850000000001,22.41955380000013
0.45500000000000007,-0.00016296600000001438,780.4362000000001,24.408414600000015
0.46499999999999986,1.4819999999998723e-05,785.4042000000001,22.41955380000013
0.4740000000000002,0.00019260599999999795,782.4234,20.43069300000002
0.484,1.4819999999998723e-05,782.4234,22.41955380000013
0.4939999999999998,1.4819999999998723e-05,785.4042000000001,20.43069300000002
0.5039999999999996,-0.0003407520000000136,782.4234,24.408414600000015
0.5129999999999999,-0.00016296600000001438,789.3786,22.41955380000013
0.5229999999999997,-0.00016296600000001438,778.4490000000001,22.41955380000013
0.5329999999999995,1.4819999999998723e-05,792.3594,20.43069300000002
0.543000000000001,1.4819999999998723e-05,777.4554,22.41955380000013
0.5519999999999996,-0.00016296600000001438,794.3466000000001,20.43069300000002
0.5619999999999994,0.00019260599999999795,774.4746,20.43069300000002
0.572000000000001,-0.00016296600000001438,795.3402000000001,22.41955380000013
0.5820000000000007,-0.0003407520000000136,772.4874000000001,22.41955380000013
0.5909999999999993,-0.00016296600000001438,796.3338000000001,20.43069300000002
0.6010000000000009,-0.00016296600000001438,770.5002000000001,22.41955380000013
0.6110000000000007,-0.00016296600000001438,796.3338000000001,22.41955380000013
0.6210000000000004,-0.00016296600000001438,769.5066,22.41955380000013
0.6300000000000008,-0.00016296600000001438,799.3146,22.41955380000013
0.6400000000000006,-0.00016296600000001438,767.5194,22.41955380000013
0.6500000000000004,1.4819999999998723e-05,801.3018000000001,22.41955380000013
0.6600000000000001,-0.00016296600000001438,768.513,22.41955380000013
0.6699999999999999,1.4819999999998723e-05,800.3082,20.43069300000002
0.6790000000000003,-0.00016296600000001438,766.5258000000001,20.43069300000002
0.6890000000000001,-0.0003407520000000136,800.3082,22.41955380000013
0.6989999999999998,-0.0003407520000000136,766.5258000000001,22.41955380000013
0.7089999999999996,1.4819999999998723e-05,800.3082,22.41955380000013
0.718,0.00019260599999999795,768.513,20.43069300000002
0.7279999999999998,-0.00016296600000001438,801.3018000000001,22.41955380000013
0.7379999999999995,1.4819999999998723e-05,765.5322000000001,20.43069300000002
0.7479999999999993,-0.0003407520000000136,800.3082,22.41955380000013
0.7580000000000009,-0.00016296600000001438,766.5258000000001,22.41955380000013
0.7669999999999995,-0.00016296600000001438,799.3146,24.408414600000015
0.777000000000001,1.4819999999998723e-05,767.5194,20.43069300000002
0.7870000000000008,-0.00016296600000001438,797.3274,24.408414600000015
0.7970000000000006,-0.00016296600000001438,769.5066,22.41955380000013
0.8070000000000004,-0.0005185379999999989,798.321,24.408414600000015
0.8170000000000002,1.4819999999998723e-05,770.5002000000001,22.41955380000013
0.8260000000000005,1.4819999999998723e-05,794.3466000000001,24.408414600000015
0.8360000000000003,1.4819999999998723e-05,768.513,20.43069300000002
0.8460000000000001,-0.00016296600000001438,792.3594,22.41955380000013
0.8559999999999999,-0.00016296600000001438,772.4874000000001,22.41955380000013
0.8659999999999997,1.4819999999998723e-05,790.3722,22.41955380000013
0.875,-0.00016296600000001438,775.4682,20.43069300000002
0.8849999999999998,-0.00016296600000001438,790.3722,24.408414600000015
0.8949999999999996,0.00019260599999999795,776.4618,18.441832200000135
0.9049999999999994,-0.00016296600000001438,787.3914000000001,22.41955380000013
0.9150000000000009,1.4819999999998723e-05,779.4426000000001,20.43069300000002
0.9239999999999995,0.00019260599999999795,784.4106,20.43069300000002
0.934000000000001,-0.00016296600000001438,780.4362000000001,24.408414600000015
0.9440000000000008,-0.00016296600000001438,783.417,20.43069300000002
0.9540000000000006,-0.00016296600000001438,787.3914000000001,24.408414600000015
0.9640000000000004,1.4819999999998723e-05,781.4298000000001,22.41955380000013
0.9730000000000008,1.4819999999998723e-05,785.4042000000001,20.43069300000002
0.9830000000000005,-0.00016296600000001438,781.4298000000001,22.41955380000013
0.9930000000000003,-0.00016296600000001438,789.3786,24.408414600000015
1.0030000000000001,-0.00016296600000001438,776.4618,18.441832200000135
1.0120000000000005,-0.00016296600000001438,794.3466000000001,20.43069300000002
1.0220000000000002,-0.0003407520000000136,775.4682,24.408414600000015
1.032,-0.0003407520000000136,795.3402000000001,24.408414600000015
1.0419999999999998,1.4819999999998723e-05,771.4938000000001,20.43069300000002
1.0519999999999996,-0.00016296600000001438,795.3402000000001,22.41955380000013
1.061,-0.00016296600000001438,771.4938000000001,18.441832200000135
1.0709999999999997,1.4819999999998723e-05,796.3338000000001,22.41955380000013
1.0809999999999995,1.4819999999998723e-05,770.5002000000001,22.41955380000013
1.0909999999999993,-0.0003407520000000136,797.3274,22.41955380000013
1.0999999999999996,-0.00016296600000001438,769.5066,22.41955380000013
1.1099999999999994,1.4819999999998723e-05,800.3082,24.408414600000015
1.120000000000001,-0.0003407520000000136,766.5258000000001,20.43069300000002
1.1300000000000008,1.4819999999998723e-05,800.3082,20.43069300000002
1.1400000000000006,1.4819999999998723e-05,768.513,22.41955380000013
1.149000000000001,-0.0003407520000000136,798.321,20.43069300000002
1.1590000000000007,0.00019260599999999795,766.5258000000001,20.43069300000002
1.1690000000000005,-0.00016296600000001438,800.3082,22.41955380000013
1.1790000000000003,-0.00016296600000001438,765.5322000000001,20.43069300000002
1.189,-0.00016296600000001438,799.3146,20.43069300000002
1.1980000000000004,1.4819999999998723e-05,767.5194,20.43069300000002
1.2080000000000002,-0.00016296600000001438,800.3082,22.41955380000013
1.218,-0.00016296600000001438,765.5322000000001,22.41955380000013
1.2279999999999998,0.00019260599999999795,799.3146,20.43069300000002
1.2379999999999995,1.4819999999998723e-05,768.513,22.41955380000013
1.2469999999999999,-0.00016296600000001438,798.321,22.41955380000013
1.2569999999999997,-0.0003407520000000136,765.5322000000001,20.43069300000002
1.2669999999999995,-0.00016296600000001438,797.3274,20.43069300000002
1.277000000000001,-0.0003407520000000136,768.513,24.408414600000015
1.2870000000000008,-0.00016296600000001438,797.3274,22.41955380000013
1.2970000000000006,-0.00016296600000001438,768.513,20.43069300000002
1.306000000000001,-0.0005185379999999989,795.3402000000001,22.41955380000013
1.3160000000000007,-0.0003407520000000136,773.4810000000001,22.41955380000013
1.3260000000000005,-0.00016296600000001438,797.3274,22.41955380000013
1.3360000000000003,-0.00016296600000001438,772.4874000000001,24.408414600000015
1.346,-0.00016296600000001438,795.3402000000001,22.41955380000013
1.3550000000000004,-0.0003407520000000136,775.4682,24.408414600000015
1.3650000000000002,1.4819999999998723e-05,791.3658,22.41955380000013
1.375,-0.00016296600000001438,778.4490000000001,22.41955380000013
1.3849999999999998,-0.0003407520000000136,787.3914000000001,22.41955380000013
1.3940000000000001,-0.0003407520000000136,777.4554,20.43069300000002
1.404,-0.00016296600000001438,785.4042000000001,22.41955380000013
1.4139999999999997,-0.0003407520000000136,783.417,24.408414600000015
1.4239999999999995,1.4819999999998723e-05,782.4234,20.43069300000002
1.4329999999999998,-0.00016296600000001438,785.4042000000001,24.408414600000015
1.4429999999999996,-0.00016296600000001438,781.4298000000001,24.408414600000015
1.4529999999999994,-0.00016296600000001438,787.3914000000001,20.43069300000002
1.463000000000001,1.4819999999998723e-05,781.4298000000001,24.408414600000015
1.4719999999999995,-0.0005185379999999989,788.3850000000001,24.408414600000015
1.4819999999999993,-0.0003407520000000136,775.4682,22.41955380000013
1.4920000000000009,-0.0003407520000000136,792.3594,22.41955380000013
1.5009999999999994,-0.00016296600000001438,773.4810000000001,22.41955380000013
1.511000000000001,0.00019260599999999795,794.3466000000001,18.441832200000135
1.5210000000000008,1.4819999999998723e-05,770.5002000000001,22.41955380000013
1.5299999999999994,-0.00016296600000001438,798.321,22.41955380000013
1.540000000000001,-0.00016296600000001438,768.513,22.41955380000013
1.5500000000000007,1.4819999999998723e-05,800.3082,22.41955380000013
1.5600000000000005,-0.0003407520000000136,769.5066,22.41955380000013
1.5690000000000008,-0.00016296600000001438,801.3018000000001,24.408414600000015
1.6050000000000004,1.4819999999998723e-05,798.321,18.441832200000135
1.6140000000000008,-0.00016296600000001438,782.4234,24.408414600000015
1.6240000000000006,-0.0003407520000000136,790.3722,24.408414600000015
1.6340000000000003,1.4819999999998723e-05,783.417,20.43069300000002
1.6430000000000007,-0.00016296600000001438,781.4298000000001,20.43069300000002
1.6530000000000005,1.4819999999998723e-05,785.4042000000001,22.41955380000013
1.6630000000000003,-0.0003407520000000136,781.4298000000001,24.408414600000015
1.6720000000000006,-0.0003407520000000136,790.3722,24.408414600000015
1.6820000000000004,-0.0003407520000000136,778.4490000000001,24.408414600000015
1.6920000000000002,0.00019260599999999795,790.3722,18.441832200000135
1.702,1.4819999999998723e-05,774.4746,22.41955380000013
1.7110000000000003,-0.00016296600000001438,794.3466000000001,22.41955380000013
1.721,-0.0003407520000000136,774.4746,24.408414600000015
1.7300000000000004,-0.0003407520000000136,798.321,22.41955380000013
1.7400000000000002,1.4819999999998723e-05,769.5066,22.41955380000013
1.75,-0.00016296600000001438,801.3018000000001,24.408414600000015
1.7850000000000001,0.00019260599999999795,797.3274,16.452971400000024
1.7940000000000005,-0.00016296600000001438,780.4362000000001,22.41955380000013
1.8040000000000003,-0.00016296600000001438,791.3658,22.41955380000013
1.814,-0.00016296600000001438,781.4298000000001,22.41955380000013
1.8230000000000004,-0.00016296600000001438,785.4042000000001,20.43069300000002
1.8330000000000002,-0.0003407520000000136,785.4042000000001,24.408414600000015
1.843,-0.0005185379999999989,783.417,22.41955380000013
1.8520000000000003,1.4819999999998723e-05,789.3786,22.41955380000013
1.862,-0.00016296600000001438,779.4426000000001,24.408414600000015
1.8719999999999999,1.4819999999998723e-05,788.3850000000001,18.441832200000135
1.8810000000000002,-0.00016296600000001438,775.4682,22.41955380000013
1.891,-0.0003407520000000136,793.3530000000001,20.43069300000002
1.9009999999999998,-0.0003407520000000136,773.4810000000001,20.43069300000002
1.9109999999999996,-0.0003407520000000136,796.3338000000001,24.408414600000015
1.92,-0.00016296600000001438,771.4938000000001,20.43069300000002
1.9299999999999997,-0.0003407520000000136,798.321,22.41955380000013
1.9399999999999995,-0.00016296600000001438,770.5002000000001,24.408414600000015
1.9489999999999998,-0.0003407520000000136,802.2954000000001,22.41955380000013
1.9589999999999996,-0.00016296600000001438,769.5066,20.43069300000002
1.9689999999999994,-0.0003407520000000136,800.3082,24.408414600000015
1.9779999999999998,0.00019260599999999795,767.5194,22.41955380000013
1.9879999999999995,1.4819999999998723e-05,800.3082,22.41955380000013
1.9979999999999993,-0.0005185379999999989,767.5194,22.41955380000013
2.0069999999999997,-0.0003407520000000136,800.3082,24.408414600000015
2.0169999999999995,-0.00016296600000001438,766.5258000000001,22.41955380000013
2.0549999999999997,1.4819999999998723e-05,780.4362000000001,20.43069300000002
2.064,1.4819999999998723e-05,795.3402000000001,22.41955380000013
2.074,1.4819999999998723e-05,780.4362000000001,24.408414600000015
2.0839999999999996,-0.00016296600000001438,789.3786,22.41955380000013
2.093,-0.00016296600000001438,779.4426000000001,18.441832200000135
2.1029999999999998,-0.0003407520000000136,786.3978000000001,24.408414600000015
2.1129999999999995,-0.00016296600000001438,784.4106,22.41955380000013
2.122,-0.0003407520000000136,781.4298000000001,24.408414600000015
2.1319999999999997,1.4819999999998723e-05,788.3850000000001,22.41955380000013
2.1449999999999996,-0.0003407520000000136,799.3146,22.41955380000013
2.154,1.4819999999998723e-05,775.4682,22.41955380000013
2.1639999999999997,-0.00016296600000001438,793.3530000000001,22.41955380000013
2.1739999999999995,-0.00016296600000001438,778.4490000000001,22.41955380000013
2.183,1.4819999999998723e-05,786.3978000000001,20.43069300000002
2.1929999999999996,-0.00016296600000001438,782.4234,22.41955380000013
2.2029999999999994,-0.0005185379999999989,784.4106,24.408414600000015
2.2119999999999997,-0.0003407520000000136,785.4042000000001,24.408414600000015
2.2219999999999995,-0.0003407520000000136,782.4234,24.408414600000015
2.2319999999999993,-0.0003407520000000136,786.3978000000001,20.43069300000002
2.242000000000001,-0.00016296600000001438,779.4426000000001,24.408414600000015
2.2509999999999994,1.4819999999998723e-05,792.3594,22.41955380000013
2.261000000000001,-0.0003407520000000136,772.4874000000001,22.41955380000013
2.271000000000001,-0.00016296600000001438,793.3530000000001,18.441832200000135
2.2799999999999994,-0.00016296600000001438,770.5002000000001,20.43069300000002
2.290000000000001,-0.00016296600000001438,797.3274,24.408414600000015
2.3000000000000007,-0.00016296600000001438,770.5002000000001,22.41955380000013
2.309000000000001,-0.00016296600000001438,797.3274,22.41955380000013
2.319000000000001,-0.00016296600000001438,764.5386000000001,20.43069300000002
2.3290000000000006,-0.00016296600000001438,800.3082,22.41955380000013
2.338000000000001,-0.0003407520000000136,764.5386000000001,22.41955380000013
2.3480000000000008,1.4819999999998723e-05,799.3146,20.43069300000002
2.3580000000000005,-0.0003407520000000136,766.5258000000001,22.41955380000013
2.367000000000001,-0.00016296600000001438,798.321,20.43069300000002
2.3770000000000007,1.4819999999998723e-05,766.5258000000001,20.43069300000002
2.3870000000000005,-0.00016296600000001438,800.3082,20.43069300000002
2.396000000000001,-0.00016296600000001438,766.5258000000001,22.41955380000013
2.4060000000000006,-0.00016296600000001438,797.3274,22.41955380000013
2.4160000000000004,0.00019260599999999795,767.5194,22.41955380000013
2.426,-0.00016296600000001438,797.3274,24.408414600000015
2.4350000000000005,-0.0003407520000000136,768.513,22.41955380000013
2.4450000000000003,1.4819999999998723e-05,796.3338000000001,22.41955380000013
2.455,-0.00016296600000001438,770.5002000000001,20.43069300000002
2.465,-0.0005185379999999989,793.3530000000001,24.408414600000015
2.474,-0.0003407520000000136,774.4746,24.408414600000015
2.484,-0.00016296600000001438,788.3850000000001,24.408414600000015
2.4930000000000003,-0.00016296600000001438,778.4490000000001,24.408414600000015
2.503,1.4819999999998723e-05,786.3978000000001,22.41955380000013
2.5500000000000007,-0.0003407520000000136,808.2570000000001,20.43069300000002
2.559000000000001,-0.00016296600000001438,775.4682,22.41955380000013
2.569000000000001,1.4819999999998723e-05,803.2890000000001,22.41955380000013
2.5790000000000006,-0.0003407520000000136,770.5002000000001,22.41955380000013
2.5890000000000004,-0.0003407520000000136,803.2890000000001,20.43069300000002
2.5980000000000008,-0.00016296600000001438,770.5002000000001,20.43069300000002
2.6080000000000005,-0.0005185379999999989,799.3146,20.43069300000002
2.617000000000001,-0.0003407520000000136,767.5194,22.41955380000013
2.6270000000000007,-0.0005185379999999989,800.3082,22.41955380000013
2.6400000000000006,-0.00016296600000001438,776.4618,18.441832200000135
2.649000000000001,-0.00016296600000001438,799.3146,22.41955380000013
2.6590000000000007,-0.0003407520000000136,771.4938000000001,22.41955380000013
2.6690000000000005,-0.0005185379999999989,800.3082,24.408414600000015
2.6790000000000003,-0.0003407520000000136,768.513,22.41955380000013
2.6880000000000006,1.4819999999998723e-05,800.3082,22.41955380000013
2.6980000000000004,-0.0003407520000000136,766.5258000000001,22.41955380000013
2.708,-0.00016296600000001438,801.3018000000001,24.408414600000015
2.7170000000000005,1.4819999999998723e-05,765.5322000000001,20.43069300000002
2.7270000000000003,-0.0003407520000000136,797.3274,20.43069300000002
2.737,-0.00016296600000001438,766.5258000000001,20.43069300000002
2.7460000000000004,-0.00016296600000001438,800.3082,22.41955380000013
2.7560000000000002,-0.00016296600000001438,767.5194,22.41955380000013
2.766,-0.0003407520000000136,794.3466000000001,22.41955380000013
2.7750000000000004,-0.00016296600000001438,768.513,22.41955380000013
2.785,-0.00016296600000001438,795.3402000000001,22.41955380000013
2.795,1.4819999999998723e-05,770.5002000000001,20.43069300000002
2.8040000000000003,-0.00016296600000001438,792.3594,22.41955380000013
2.814,-0.0003407520000000136,772.4874000000001,22.41955380000013
2.824,-0.00016296600000001438,790.3722,20.43069300000002
2.8339999999999996,-0.0003407520000000136,774.4746,24.408414600000015
2.843,-0.00016296600000001438,787.3914000000001,24.408414600000015
2.8529999999999998,-0.00016296600000001438,778.4490000000001,20.43069300000002
2.865,-0.0003407520000000136,796.3338000000001,20.43069300000002
2.8740000000000006,0.00019260599999999795,769.5066,18.441832200000135
2.8840000000000003,-0.00016296600000001438,791.3658,20.43069300000002
2.894,-0.00016296600000001438,773.4810000000001,24.408414600000015
2.904,1.4819999999998723e-05,788.3850000000001,20.43069300000002
2.9130000000000003,1.4819999999998723e-05,776.4618,20.43069300000002
2.923,-0.0003407520000000136,784.4106,24.408414600000015
2.933,-0.00016296600000001438,778.4490000000001,22.41955380000013
2.942,-0.00016296600000001438,783.417,24.408414600000015
2.955,1.4819999999998723e-05,768.513,18.441832200000135
2.9640000000000004,-0.00016296600000001438,795.3402000000001,22.41955380000013
2.974,-0.00016296600000001438,770.5002000000001,22.41955380000013
2.984,-0.00016296600000001438,791.3658,24.408414600000015
2.9939999999999998,-0.00016296600000001438,775.4682,18.441832200000135
3.003,-0.00016296600000001438,788.3850000000001,22.41955380000013
3.013,-0.0003407520000000136,776.4618,22.41955380000013
3.0229999999999997,1.4819999999998723e-05,785.4042000000001,22.41955380000013
3.032,0.00019260599999999795,781.4298000000001,22.41955380000013
3.042,1.4819999999998723e-05,780.4362000000001,20.43069300000002
3.0519999999999996,-0.0003407520000000136,783.417,24.408414600000015
3.061,-0.00016296600000001438,779.4426000000001,24.408414600000015
3.0709999999999997,-0.00016296600000001438,790.3722,22.41955380000013
3.0809999999999995,-0.00016296600000001438,774.4746,22.41955380000013
3.0900000000000016,1.4819999999998723e-05,792.3594,20.43069300000002
3.0999999999999996,1.4819999999998723e-05,772.4874000000001,22.41955380000013
3.110000000000001,-0.00016296600000001438,793.3530000000001,22.41955380000013
3.1190000000000015,-0.0003407520000000136,771.4938000000001,24.408414600000015
3.1289999999999996,-0.0005185379999999989,796.3338000000001,22.41955380000013
3.139000000000001,1.4819999999998723e-05,769.5066,22.41955380000013
3.1480000000000015,1.4819999999998723e-05,797.3274,22.41955380000013
3.1579999999999995,-0.0003407520000000136,766.5258000000001,22.41955380000013
3.168000000000001,-0.00016296600000001438,799.3146,22.41955380000013
3.177999999999999,-0.0005185379999999989,769.5066,22.41955380000013
3.1869999999999994,1.4819999999998723e-05,799.3146,22.41955380000013
3.197000000000001,-0.00016296600000001438,766.5258000000001,24.408414600000015
3.2060000000000013,-0.00016296600000001438,800.3082,22.41955380000013
3.2249999999999996,-0.0003407520000000136,802.2954000000001,22.41955380000013
3.2700000000000014,-0.00016296600000001438,804.2826000000001,24.408414600000015
3.3149999999999995,-0.0003407520000000136,780.4362000000001,20.43069300000002
3.325000000000001,-0.00016296600000001438,806.2698,24.408414600000015
3.3340000000000014,-0.00016296600000001438,775.4682,22.41955380000013
3.3439999999999994,-0.00016296600000001438,797.3274,22.41955380000013
3.354000000000001,-0.0006963239999999982,776.4618,20.43069300000002
3.3630000000000013,-0.00016296600000001438,794.3466000000001,22.41955380000013
3.3729999999999993,-0.00016296600000001438,776.4618,22.41955380000013
3.383000000000001,-0.0003407520000000136,791.3658,22.41955380000013
3.3920000000000012,-0.0003407520000000136,779.4426000000001,20.43069300000002
3.4019999999999992,-0.0003407520000000136,788.3850000000001,18.441832200000135
3.412000000000001,-0.0003407520000000136,781.4298000000001,22.41955380000013
3.421000000000001,-0.0003407520000000136,783.417,24.408414600000015
3.430999999999999,1.4819999999998723e-05,788.3850000000001,22.41955380000013
3.450000000000001,1.4819999999998723e-05,799.3146,18.441832200000135
3.459999999999999,0.00019260599999999795,775.4682,20.43069300000002
3.4689999999999994,1.4819999999998723e-05,797.3274,22.41955380000013
3.479000000000001,-0.00016296600000001438,771.4938000000001,22.41955380000013
3.488999999999999,-0.00016296600000001438,797.3274,20.43069300000002
3.4979999999999993,-0.00016296600000001438,770.5002000000001,22.41955380000013
3.508000000000001,-0.00016296600000001438,797.3274,20.43069300000002
3.517999999999999,-0.00016296600000001438,766.5258000000001,22.41955380000013
3.5269999999999992,-0.00016296600000001438,802.2954000000001,24.408414600000015
3.537000000000001,0.00019260599999999795,766.5258000000001,20.43069300000002
3.546999999999999,-0.00016296600000001438,802.2954000000001,24.408414600000015
3.555999999999999,-0.00016296600000001438,767.5194,24.408414600000015
3.5660000000000007,-0.0003407520000000136,801.3018000000001,24.408414600000015
3.5759999999999987,-0.00016296600000001438,763.5450000000001,18.441832200000135
3.584999999999999,1.4819999999998723e-05,797.3274,18.441832200000135
3.5950000000000006,1.4819999999998723e-05,765.5322000000001,20.43069300000002
3.6049999999999986,-0.0003407520000000136,798.321,24.408414600000015
3.613999999999999,-0.0003407520000000136,767.5194,24.408414600000015
3.6240000000000006,-0.00016296600000001438,795.3402000000001,20.43069300000002
3.6339999999999986,-0.00016296600000001438,770.5002000000001,22.41955380000013
3.642999999999999,-0.00016296600000001438,794.3466000000001,24.408414600000015
3.6530000000000005,-0.00016296600000001438,771.4938000000001,22.41955380000013
3.6629999999999985,1.4819999999998723e-05,789.3786,22.41955380000013
3.671999999999999,-0.0003407520000000136,775.4682,20.43069300000002
3.7200000000000006,-0.00016296600000001438,785.4042000000001,20.43069300000002
3.7299999999999986,1.4819999999998723e-05,796.3338000000001,24.408414600000015
3.738999999999999,-0.0005185379999999989,776.4618,24.408414600000015
3.764999999999999,-0.00016296600000001438,807.2634,20.43069300000002
3.7750000000000004,-0.00016296600000001438,774.4746,22.41955380000013
3.7840000000000007,-0.00016296600000001438,801.3018000000001,24.408414600000015
3.7939999999999987,-0.00016296600000001438,772.4874000000001,22.41955380000013
3.8040000000000003,-0.0003407520000000136,791.3658,18.441832200000135
3.8130000000000006,-0.00016296600000001438,773.4810000000001,24.408414600000015
3.8229999999999986,-0.0003407520000000136,794.3466000000001,22.41955380000013
3.833,-0.00016296600000001438,776.4618,24.408414600000015
3.8420000000000005,1.4819999999998723e-05,788.3850000000001,22.41955380000013
3.8519999999999985,-0.0003407520000000136,778.4490000000001,20.43069300000002
3.862,-0.0005185379999999989,786.3978000000001,22.41955380000013
3.8720000000000017,1.4819999999998723e-05,781.4298000000001,22.41955380000013
3.8809999999999985,-0.00016296600000001438,784.4106,22.41955380000013
3.891,1.4819999999998723e-05,782.4234,18.441832200000135
3.9010000000000016,-0.00016296600000001438,782.4234,20.43069300000002
3.910000000000002,-0.00016296600000001438,788.3850000000001,22.41955380000013
3.92,-0.00016296600000001438,779.4426000000001,24.408414600000015
3.9300000000000015,-0.00016296600000001438,793.3530000000001,22.41955380000013
3.939000000000002,-0.00016296600000001438,775.4682,20.43069300000002
3.949,1.4819999999998723e-05,795.3402000000001,22.41955380000013
3.9590000000000014,-0.0005185379999999989,771.4938000000001,24.408414600000015
3.9680000000000017,0.00019260599999999795,795.3402000000001,22.41955380000013
3.9779999999999998,-0.00016296600000001438,769.5066,22.41955380000013
3.9880000000000013,1.4819999999998723e-05,796.3338000000001,20.43069300000002
3.9970000000000017,-0.00016296600000001438,768.513,22.41955380000013
4.007,-0.0003407520000000136,799.3146,22.41955380000013
4.017000000000001,-0.00016296600000001438,765.5322000000001,22.41955380000013
4.026000000000002,-0.00016296600000001438,799.3146,22.41955380000013
4.036,1.4819999999998723e-05,765.5322000000001,22.41955380000013
4.046000000000001,-0.00016296600000001438,799.3146,22.41955380000013
4.055999999999999,-0.00016296600000001438,767.5194,24.408414600000015
4.0649999999999995,-0.00016296600000001438,800.3082,20.43069300000002
4.075000000000001,-0.0005185379999999989,765.5322000000001,22.41955380000013
4.084999999999999,-0.00016296600000001438,798.321,22.41955380000013
4.125000000000002,0.00019260599999999795,808.2570000000001,20.43069300000002
4.135,-0.0003407520000000136,772.4874000000001,24.408414600000015
4.144,-0.0005185379999999989,802.2954000000001,22.41955380000013
4.154000000000002,-0.0003407520000000136,771.4938000000001,20.43069300000002
4.164,1.4819999999998723e-05,798.321,20.43069300000002
4.173,-0.00016296600000001438,771.4938000000001,22.41955380000013
4.183000000000002,-0.00016296600000001438,793.3530000000001,22.41955380000013
4.192000000000002,-0.00016296600000001438,774.4746,24.408414600000015
4.215000000000002,-0.0003407520000000136,773.4810000000001,20.43069300000002
4.26,1.4819999999998723e-05,790.3722,18.441832200000135
4.270000000000001,-0.0005185379999999989,793.3530000000001,22.41955380000013
4.279000000000002,-0.00016296600000001438,783.417,24.408414600000015
4.289,-0.0003407520000000136,796.3338000000001,22.41955380000013
4.299000000000001,1.4819999999998723e-05,775.4682,18.441832200000135
4.308000000000002,-0.00016296600000001438,796.3338000000001,22.41955380000013
4.318,-0.0003407520000000136,770.5002000000001,22.41955380000013
4.328000000000001,-0.00016296600000001438,798.321,22.41955380000013
4.3370000000000015,1.4819999999998723e-05,769.5066,22.41955380000013
4.3469999999999995,-0.0003407520000000136,800.3082,20.43069300000002
4.357000000000001,1.4819999999998723e-05,767.5194,22.41955380000013
4.366000000000001,-0.0003407520000000136,802.2954000000001,24.408414600000015
4.3759999999999994,1.4819999999998723e-05,766.5258000000001,22.41955380000013
4.386000000000001,-0.00016296600000001438,798.321,20.43069300000002
4.395999999999999,-0.0003407520000000136,768.513,22.41955380000013
4.404999999999999,1.4819999999998723e-05,802.2954000000001,24.408414600000015
4.415000000000001,1.4819999999998723e-05,766.5258000000001,20.43069300000002
4.424000000000001,-0.0003407520000000136,797.3274,22.41955380000013
4.433999999999999,-0.00016296600000001438,765.5322000000001,20.43069300000002
4.444000000000001,-0.00016296600000001438,800.3082,24.408414600000015
4.453000000000001,-0.0003407520000000136,766.5258000000001,22.41955380000013
4.485000000000001,1.4819999999998723e-05,807.2634,18.441832200000135
4.494999999999999,-0.00016296600000001438,768.513,20.43069300000002
4.504,-0.0003407520000000136,802.2954000000001,24.408414600000015
4.514000000000001,-0.00016296600000001438,766.5258000000001,18.441832200000135
4.523999999999999,-0.00016296600000001438,797.3274,20.43069300000002
4.5329999999999995,-0.0003407520000000136,768.513,24.408414600000015
4.543000000000001,1.4819999999998723e-05,798.321,22.41955380000013
4.552999999999999,-0.00016296600000001438,770.5002000000001,22.41955380000013
4.561999999999999,-0.00016296600000001438,791.3658,22.41955380000013
4.572000000000001,1.4819999999998723e-05,771.4938000000001,20.43069300000002
4.581999999999999,-0.00016296600000001438,791.3658,24.408414600000015
4.5920000000000005,-0.0003407520000000136,776.4618,24.408414600000015
4.601000000000001,-0.0003407520000000136,786.3978000000001,24.408414600000015
4.610999999999999,-0.0003407520000000136,778.4490000000001,22.41955380000013
4.621,-0.0003407520000000136,783.417,20.43069300000002
4.630000000000001,-0.00016296600000001438,783.417,22.41955380000013
4.639999999999999,1.4819999999998723e-05,780.4362000000001,22.41955380000013
4.65,-0.0003407520000000136,785.4042000000001,22.41955380000013
4.659000000000001,-0.00016296600000001438,776.4618,20.43069300000002
4.668999999999999,-0.00016296600000001438,790.3722,24.408414600000015
4.679,-0.0003407520000000136,773.4810000000001,24.408414600000015
4.688000000000001,-0.00016296600000001438,793.3530000000001,22.41955380000013
4.697999999999999,1.4819999999998723e-05,771.4938000000001,22.41955380000013
4.708,-0.00016296600000001438,795.3402000000001,20.43069300000002
4.7170000000000005,-0.0003407520000000136,768.513,22.41955380000013
4.7269999999999985,1.4819999999998723e-05,796.3338000000001,22.41955380000013
4.737,1.4819999999998723e-05,768.513,22.41955380000013
4.746,-0.00016296600000001438,798.321,20.43069300000002
4.7559999999999985,-0.00016296600000001438,766.5258000000001,22.41955380000013
4.766,-0.00016296600000001438,799.3146,24.408414600000015
4.775,1.4819999999998723e-05,765.5322000000001,22.41955380000013
4.785000000000002,-0.0003407520000000136,798.321,22.41955380000013
4.795,1.4819999999998723e-05,763.5450000000001,18.441832200000135
4.8050000000000015,-0.00016296600000001438,797.3274,22.41955380000013
4.814000000000002,-0.00016296600000001438,766.5258000000001,24.408414600000015
4.824,-0.0003407520000000136,798.321,22.41955380000013
4.833,-0.00016296600000001438,766.5258000000001,22.41955380000013
4.843000000000002,-0.00016296600000001438,793.3530000000001,18.441832200000135
4.853,-0.0003407520000000136,767.5194,22.41955380000013
4.863000000000001,1.4819999999998723e-05,794.3466000000001,22.41955380000013
4.872000000000002,-0.0003407520000000136,769.5066,24.408414600000015
4.882,-0.0005185379999999989,792.3594,22.41955380000013
4.892000000000001,-0.0003407520000000136,771.4938000000001,24.408414600000015
4.901000000000002,-0.0005185379999999989,787.3914000000001,24.408414600000015
4.911,-0.0005185379999999989,775.4682,24.408414600000015
4.92,-0.0005185379999999989,783.417,24.408414600000015
4.9350000000000005,-0.00016296600000001438,767.5194,20.43069300000002
4.9449999999999985,-0.0003407520000000136,800.3082,24.408414600000015
4.953999999999999,-0.0003407520000000136,767.5194,22.41955380000013
4.964,-0.0003407520000000136,797.3274,20.43069300000002
4.973999999999998,-0.0003407520000000136,765.5322000000001,22.41955380000013
4.982999999999999,-0.00016296600000001438,796.3338000000001,22.41955380000013
4.993,-0.00016296600000001438,766.5258000000001,24.408414600000015
5.025,1.4819999999998723e-05,804.2826000000001,18.441832200000135
5.035000000000002,-0.00016296600000001438,769.5066,24.408414600000015
5.043999999999999,-0.0003407520000000136,802.2954000000001,24.408414600000015
5.054,-0.0003407520000000136,767.5194,24.408414600000015
5.064000000000002,-0.00016296600000001438,799.3146,22.41955380000013
5.072999999999999,-0.0003407520000000136,766.5258000000001,24.408414600000015
5.083,-0.0003407520000000136,801.3018000000001,24.408414600000015
5.093000000000002,1.4819999999998723e-05,769.5066,22.41955380000013
5.1019999999999985,-0.00016296600000001438,796.3338000000001,22.41955380000013
5.112,-0.0003407520000000136,767.5194,18.441832200000135
5.122000000000002,-0.00016296600000001438,791.3658,22.41955380000013
5.1309999999999985,-0.0005185379999999989,770.5002000000001,22.41955380000013
5.141,-0.00016296600000001438,789.3786,22.41955380000013
5.151000000000002,-0.0003407520000000136,773.4810000000001,20.43069300000002
5.161,1.4819999999998723e-05,787.3914000000001,18.441832200000135
5.17,0.00019260599999999795,776.4618,20.43069300000002
5.1800000000000015,-0.0003407520000000136,783.417,24.408414600000015
5.1899999999999995,-0.0003407520000000136,780.4362000000001,22.41955380000013
5.199,-0.00016296600000001438,780.4362000000001,20.43069300000002
5.209000000000001,-0.0003407520000000136,783.417,22.41955380000013
5.218999999999999,-0.00016296600000001438,774.4746,22.41955380000013
5.228,-0.00016296600000001438,788.3850000000001,22.41955380000013
5.238000000000001,-0.0003407520000000136,771.4938000000001,22.41955380000013
5.247999999999999,-0.00016296600000001438,790.3722,20.43069300000002
5.257,-0.00016296600000001438,771.4938000000001,24.408414600000015
5.295,1.4819999999998723e-05,774.4746,20.43069300000002
5.3050000000000015,1.4819999999998723e-05,803.2890000000001,22.41955380000013
5.314000000000002,-0.0003407520000000136,767.5194,22.41955380000013
5.324,-0.0003407520000000136,801.3018000000001,24.408414600000015
5.334000000000001,-0.0005185379999999989,763.5450000000001,18.441832200000135
5.343000000000002,1.4819999999998723e-05,800.3082,20.43069300000002
5.353,-0.0005185379999999989,764.5386000000001,20.43069300000002
5.363000000000001,1.4819999999998723e-05,798.321,22.41955380000013
5.372000000000002,-0.00016296600000001438,767.5194,20.43069300000002
5.385,1.4819999999998723e-05,806.2698,20.43069300000002
5.395000000000001,-0.0003407520000000136,767.5194,22.41955380000013
5.404000000000002,-0.00016296600000001438,800.3082,22.41955380000013
5.414,1.4819999999998723e-05,767.5194,24.408414600000015
5.424000000000001,-0.0003407520000000136,794.3466000000001,20.43069300000002
5.433000000000002,-0.00016296600000001438,764.5386000000001,24.408414600000015
5.443,-0.00016296600000001438,799.3146,22.41955380000013
5.453000000000001,-0.00016296600000001438,766.5258000000001,22.41955380000013
5.4620000000000015,-0.00016296600000001438,794.3466000000001,22.41955380000013
5.4719999999999995,-0.00016296600000001438,766.5258000000001,18.441832200000135
5.482000000000001,-0.0003407520000000136,795.3402000000001,22.41955380000013
5.491000000000001,-0.0003407520000000136,768.513,22.41955380000013
5.5009999999999994,1.4819999999998723e-05,790.3722,22.41955380000013
5.511000000000001,-0.0003407520000000136,770.5002000000001,22.41955380000013
5.520999999999999,-0.00016296600000001438,788.3850000000001,18.441832200000135
5.529999999999999,-0.00016296600000001438,774.4746,22.41955380000013
5.540000000000001,-0.00016296600000001438,784.4106,22.41955380000013
5.549999999999999,-0.00016296600000001438,779.4426000000001,24.408414600000015
5.558999999999999,-0.00016296600000001438,780.4362000000001,18.441832200000135
5.569000000000001,-0.0003407520000000136,781.4298000000001,22.41955380000013
5.578999999999999,-0.0003407520000000136,776.4618,24.408414600000015
5.587999999999999,-0.00016296600000001438,782.4234,20.43069300000002
5.598000000000001,-0.0003407520000000136,775.4682,24.408414600000015
5.607999999999999,-0.00016296600000001438,789.3786,18.441832200000135
5.616999999999999,-0.0003407520000000136,772.4874000000001,24.408414600000015
5.627000000000001,-0.00016296600000001438,791.3658,22.41955380000013
5.636999999999999,0.00019260599999999795,768.513,20.43069300000002
5.645999999999999,-0.00016296600000001438,791.3658,20.43069300000002
5.656000000000001,1.4819999999998723e-05,766.5258000000001,18.441832200000135
5.665999999999999,-0.0003407520000000136,796.3338000000001,22.41955380000013
5.676,-0.0003407520000000136,764.5386000000001,22.41955380000013
5.6850000000000005,-0.0003407520000000136,797.3274,22.41955380000013
5.6949999999999985,-0.00016296600000001438,765.5322000000001,22.41955380000013
5.703999999999999,1.4819999999998723e-05,797.3274,22.41955380000013
5.714,-0.0003407520000000136,762.5514000000001,22.41955380000013
5.744999999999999,-0.0003407520000000136,804.2826000000001,18.441832200000135
5.755000000000001,0.00019260599999999795,767.5194,20.43069300000002
5.764000000000001,1.4819999999998723e-05,798.321,22.41955380000013
5.773999999999999,1.4819999999998723e-05,764.5386000000001,22.41955380000013
5.784000000000001,1.4819999999998723e-05,799.3146,20.43069300000002
5.793999999999999,-0.00016296600000001438,764.5386000000001,22.41955380000013
5.802999999999999,-0.00016296600000001438,798.321,22.41955380000013
5.813000000000001,-0.0003407520000000136,765.5322000000001,22.41955380000013
5.822999999999999,-0.00016296600000001438,798.321,22.41955380000013
5.831999999999999,-0.0003407520000000136,766.5258000000001,22.41955380000013
5.8420000000000005,-0.00016296600000001438,797.3274,24.408414600000015
5.8519999999999985,-0.00016296600000001438,767.5194,24.408414600000015
5.860999999999999,1.4819999999998723e-05,791.3658,22.41955380000013
5.871,1.4819999999998723e-05,768.513,20.43069300000002
5.8809999999999985,1.4819999999998723e-05,789.3786,20.43069300000002
5.889999999999999,-0.0003407520000000136,770.5002000000001,22.41955380000013
5.9,-0.00016296600000001438,787.3914000000001,24.408414600000015
5.910000000000002,-0.0003407520000000136,775.4682,22.41955380000013
5.918999999999999,-0.00016296600000001438,780.4362000000001,20.43069300000002
5.929,-0.0005185379999999989,780.4362000000001,24.408414600000015
5.939000000000002,1.4819999999998723e-05,779.4426000000001,20.43069300000002
5.947999999999999,1.4819999999998723e-05,783.417,22.41955380000013
5.958,-0.0003407520000000136,775.4682,22.41955380000013
5.968000000000002,1.4819999999998723e-05,784.4106,18.441832200000135
5.9769999999999985,-0.0003407520000000136,775.4682,24.408414600000015
5.987,-0.0003407520000000136,790.3722,24.408414600000015
5.997000000000002,-0.00016296600000001438,768.513,20.43069300000002
6.0059999999999985,1.4819999999998723e-05,787.3914000000001,20.43069300000002
6.016,1.4819999999998723e-05,768.513,20.43069300000002
6.026000000000002,-0.00016296600000001438,794.3466000000001,22.41955380000013
6.035000000000002,-0.0003407520000000136,764.5386000000001,22.41955380000013
6.045,-0.0003407520000000136,795.3402000000001,22.41955380000013
6.0550000000000015,-0.0003407520000000136,766.5258000000001,24.408414600000015
6.064000000000002,-0.00016296600000001438,796.3338000000001,22.41955380000013
6.074,-0.0003407520000000136,762.5514000000001,22.41955380000013
6.104999999999999,-0.00016296600000001438,802.2954000000001,18.441832200000135
6.115,1.4819999999998723e-05,766.5258000000001,20.43069300000002
6.1240000000000006,-0.0003407520000000136,800.3082,22.41955380000013
6.133999999999999,1.4819999999998723e-05,765.5322000000001,20.43069300000002
6.144,1.4819999999998723e-05,797.3274,20.43069300000002
6.154000000000002,1.4819999999998723e-05,765.5322000000001,22.41955380000013
6.1629999999999985,1.4819999999998723e-05,800.3082,22.41955380000013
6.1949999999999985,-0.00016296600000001438,774.4746,20.43069300000002
6.205,0.00019260599999999795,802.2954000000001,22.41955380000013
6.214,-0.00016296600000001438,768.513,22.41955380000013
6.223999999999998,1.4819999999998723e-05,798.321,22.41955380000013
6.234,-0.00016296600000001438,766.5258000000001,20.43069300000002
6.2440000000000015,-0.00016296600000001438,799.3146,22.41955380000013
6.253000000000002,-0.00016296600000001438,766.5258000000001,24.408414600000015
6.263,-0.0003407520000000136,799.3146,24.408414600000015
6.2730000000000015,-0.0003407520000000136,765.5322000000001,20.43069300000002
6.282000000000002,1.4819999999998723e-05,798.321,22.41955380000013
6.292,1.4819999999998723e-05,764.5386000000001,22.41955380000013
6.33,1.4819999999998723e-05,784.4106,18.441832200000135
6.340000000000002,-0.0003407520000000136,794.3466000000001,24.408414600000015
6.35,-0.00016296600000001438,775.4682,20.43069300000002
6.359,-0.0003407520000000136,788.3850000000001,22.41955380000013
6.3690000000000015,1.4819999999998723e-05,779.4426000000001,18.441832200000135
6.379,-0.0005185379999999989,786.3978000000001,24.408414600000015
6.388,-0.0003407520000000136,782.4234,22.41955380000013
6.3980000000000015,-0.00016296600000001438,780.4362000000001,22.41955380000013
6.4079999999999995,-0.00016296600000001438,784.4106,22.41955380000013
6.417,-0.0003407520000000136,776.4618,18.441832200000135
6.427000000000001,-0.0003407520000000136,788.3850000000001,22.41955380000013
6.436999999999999,1.4819999999998723e-05,773.4810000000001,22.41955380000013
6.446,1.4819999999998723e-05,791.3658,22.41955380000013
6.456000000000001,1.4819999999998723e-05,771.4938000000001,20.43069300000002
6.465999999999999,-0.0003407520000000136,791.3658,20.43069300000002
6.475,1.4819999999998723e-05,768.513,22.41955380000013
6.485000000000001,-0.0003407520000000136,794.3466000000001,22.41955380000013
6.494999999999999,-0.0003407520000000136,767.5194,22.41955380000013
6.505000000000001,-0.00016296600000001438,797.3274,24.408414600000015
6.514000000000001,-0.00016296600000001438,764.5386000000001,24.408414600000015
6.523999999999999,-0.0003407520000000136,796.3338000000001,22.41955380000013
6.5550000000000015,-0.00016296600000001438,777.4554,20.43069300000002
6.5649999999999995,-0.00016296600000001438,799.3146,22.41955380000013
6.575000000000001,1.4819999999998723e-05,767.5194,20.43069300000002
6.584000000000001,-0.0005185379999999989,796.3338000000001,22.41955380000013
6.593999999999999,-0.00016296600000001438,763.5450000000001,18.441832200000135
6.604000000000001,-0.00016296600000001438,797.3274,22.41955380000013
6.613000000000001,-0.00016296600000001438,764.5386000000001,20.43069300000002
6.622999999999999,-0.00016296600000001438,798.321,22.41955380000013
6.633000000000001,-0.00016296600000001438,763.5450000000001,20.43069300000002
6.642000000000001,-0.0003407520000000136,798.321,20.43069300000002
6.651999999999999,-0.00016296600000001438,765.5322000000001,24.408414600000015
6.662000000000001,-0.0003407520000000136,797.3274,24.408414600000015
6.671000000000001,-0.0003407520000000136,766.5258000000001,26.3972753999999
6.680999999999999,-0.00016296600000001438,796.3338000000001,24.408414600000015
6.691000000000001,-0.00016296600000001438,765.5322000000001,22.41955380000013
6.700000000000001,-0.0005185379999999989,792.3594,22.41955380000013
6.735000000000001,-0.00016296600000001438,780.4362000000001,20.43069300000002
6.744999999999999,-0.0003407520000000136,799.3146,24.408414600000015
6.755000000000001,-0.00016296600000001438,769.5066,22.41955380000013
6.764000000000001,-0.00016296600000001438,798.321,22.41955380000013
6.773999999999999,-0.00016296600000001438,766.5258000000001,20.43069300000002
6.784000000000001,-0.00016296600000001438,799.3146,22.41955380000013
6.793000000000001,-0.00016296600000001438,764.5386000000001,20.43069300000002
6.802999999999999,-0.00016296600000001438,799.3146,22.41955380000013
6.813000000000001,1.4819999999998723e-05,764.5386000000001,22.41955380000013
6.822000000000001,-0.0003407520000000136,799.3146,20.43069300000002
6.831999999999999,-0.00016296600000001438,764.5386000000001,22.41955380000013
6.8420000000000005,1.4819999999998723e-05,797.3274,20.43069300000002
6.851000000000001,1.4819999999998723e-05,764.5386000000001,22.41955380000013
6.860999999999999,-0.0003407520000000136,795.3402000000001,22.41955380000013
6.871,-0.00016296600000001438,766.5258000000001,22.41955380000013
6.880000000000001,-0.0003407520000000136,793.3530000000001,22.41955380000013
6.889999999999999,-0.00016296600000001438,766.5258000000001,22.41955380000013
6.9,-0.0003407520000000136,790.3722,24.408414600000015
6.909000000000001,-0.0003407520000000136,766.5258000000001,18.441832200000135
6.918999999999999,-0.0003407520000000136,788.3850000000001,24.408414600000015
6.929,-0.0003407520000000136,774.4746,22.41955380000013
6.938000000000001,-0.00016296600000001438,784.4106,22.41955380000013
6.947999999999999,-0.0003407520000000136,777.4554,22.41955380000013
6.958,-0.00016296600000001438,782.4234,20.43069300000002
6.9670000000000005,-0.0003407520000000136,779.4426000000001,22.41955380000013
6.9769999999999985,-0.0003407520000000136,775.4682,22.41955380000013
6.987,-0.0003407520000000136,783.417,24.408414600000015
7.005000000000001,1.4819999999998723e-05,799.3146,22.41955380000013
7.049999999999999,1.4819999999998723e-05,777.4554,24.408414600000015
7.095000000000001,-0.00016296600000001438,785.4042000000001,22.41955380000013
7.139999999999999,1.4819999999998723e-05,810.2442000000001,18.441832200000135
7.15,-0.00016296600000001438,774.4746,22.41955380000013
7.160000000000002,1.4819999999998723e-05,800.3082,20.43069300000002
7.168999999999999,-0.00016296600000001438,775.4682,22.41955380000013
7.179,-0.0003407520000000136,793.3530000000001,22.41955380000013
7.189000000000002,-0.0003407520000000136,776.4618,22.41955380000013
7.197999999999999,-0.00016296600000001438,790.3722,20.43069300000002
7.208,-0.00016296600000001438,780.4362000000001,24.408414600000015
7.218000000000002,-0.00016296600000001438,786.3978000000001,24.408414600000015
7.228,-0.0003407520000000136,780.4362000000001,18.441832200000135
7.237,1.4819999999998723e-05,780.4362000000001,20.43069300000002
7.247000000000002,-0.0003407520000000136,782.4234,22.41955380000013
7.2559999999999985,1.4819999999998723e-05,779.4426000000001,22.41955380000013
7.266,1.4819999999998723e-05,784.4106,18.441832200000135
7.276000000000002,-0.00016296600000001438,776.4618,20.43069300000002
7.286,-0.00016296600000001438,791.3658,22.41955380000013
7.295,-0.00016296600000001438,772.4874000000001,22.41955380000013
7.3050000000000015,1.4819999999998723e-05,794.3466000000001,22.41955380000013
7.3149999999999995,-0.00016296600000001438,770.5002000000001,18.441832200000135
7.324,-0.00016296600000001438,794.3466000000001,22.41955380000013
7.334000000000001,1.4819999999998723e-05,767.5194,22.41955380000013
7.343999999999999,-0.00016296600000001438,798.321,24.408414600000015
7.353,-0.0003407520000000136,763.5450000000001,22.41955380000013
7.363000000000001,-0.0003407520000000136,797.3274,20.43069300000002
7.372999999999999,-0.00016296600000001438,765.5322000000001,24.408414600000015
7.382,-0.00016296600000001438,797.3274,22.41955380000013
7.392000000000001,-0.0003407520000000136,764.5386000000001,22.41955380000013
7.401999999999999,-0.00016296600000001438,797.3274,20.43069300000002
7.411,-0.0003407520000000136,764.5386000000001,24.408414600000015
7.421000000000001,1.4819999999998723e-05,796.3338000000001,24.408414600000015
7.430999999999999,-0.00016296600000001438,761.5578,22.41955380000013
7.4399999999999995,-0.00016296600000001438,795.3402000000001,22.41955380000013
7.450000000000001,1.4819999999998723e-05,766.5258000000001,22.41955380000013
7.459999999999999,-0.00016296600000001438,794.3466000000001,22.41955380000013
7.468999999999999,-0.00016296600000001438,766.5258000000001,22.41955380000013
7.500000000000002,0.00019260599999999795,804.2826000000001,20.43069300000002
7.51,-0.0003407520000000136,768.513,22.41955380000013
7.520000000000001,1.4819999999998723e-05,798.321,22.41955380000013
7.529000000000002,-0.00016296600000001438,767.5194,22.41955380000013
7.539,-0.0006963239999999982,790.3722,20.43069300000002
7.549000000000001,-0.0003407520000000136,770.5002000000001,24.408414600000015
7.558000000000002,-0.0003407520000000136,789.3786,22.41955380000013
7.568,-0.00016296600000001438,771.4938000000001,20.43069300000002
7.578000000000001,-0.00016296600000001438,785.4042000000001,22.41955380000013
7.5870000000000015,-0.00016296600000001438,777.4554,20.43069300000002
7.5969999999999995,1.4819999999998723e-05,784.4106,22.41955380000013
7.607000000000001,-0.00016296600000001438,778.4490000000001,22.41955380000013
7.616000000000001,-0.00016296600000001438,780.4362000000001,22.41955380000013
7.6259999999999994,1.4819999999998723e-05,781.4298000000001,20.43069300000002
7.636000000000001,1.4819999999998723e-05,777.4554,20.43069300000002
7.645999999999999,-0.0003407520000000136,785.4042000000001,24.408414600000015
7.654999999999999,-0.0003407520000000136,772.4874000000001,22.41955380000013
7.665000000000001,-0.00016296600000001438,790.3722,24.408414600000015
7.674999999999999,1.4819999999998723e-05,770.5002000000001,20.43069300000002
7.683999999999999,-0.0003407520000000136,790.3722,20.43069300000002
7.694000000000001,1.4819999999998723e-05,768.513,22.41955380000013
7.703999999999999,-0.0003407520000000136,793.3530000000001,24.408414600000015
7.712999999999999,-0.00016296600000001438,765.5322000000001,22.41955380000013
7.723000000000001,-0.0003407520000000136,793.3530000000001,18.441832200000135
7.732999999999999,1.4819999999998723e-05,764.5386000000001,22.41955380000013
7.741999999999999,-0.00016296600000001438,795.3402000000001,20.43069300000002
7.752000000000001,-0.00016296600000001438,762.5514000000001,22.41955380000013
7.761999999999999,-0.00016296600000001438,795.3402000000001,20.43069300000002
7.772,-0.00016296600000001438,762.5514000000001,20.43069300000002
7.781000000000001,-0.0005185379999999989,794.3466000000001,20.43069300000002
7.790999999999999,-0.00016296600000001438,761.5578,20.43069300000002
7.801,-0.00016296600000001438,796.3338000000001,22.41955380000013
7.8100000000000005,-0.00016296600000001438,762.5514000000001,20.43069300000002
7.8199999999999985,-0.00016296600000001438,795.3402000000001,24.408414600000015
7.83,-0.00016296600000001438,762.5514000000001,22.41955380000013
7.839,-0.0005185379999999989,794.3466000000001,24.408414600000015
7.848999999999998,-0.00016296600000001438,768.513,24.408414600000015
7.859,-0.0003407520000000136,793.3530000000001,22.41955380000013
7.868,1.4819999999998723e-05,765.5322000000001,22.41955380000013
7.904999999999999,1.4819999999998723e-05,794.3466000000001,20.43069300000002
7.915000000000001,-0.0003407520000000136,776.4618,22.41955380000013
7.924999999999999,-0.0003407520000000136,792.3594,22.41955380000013
7.933999999999999,-0.00016296600000001438,772.4874000000001,24.408414600000015
7.944000000000001,0.00019260599999999795,795.3402000000001,20.43069300000002
7.953999999999999,-0.0005185379999999989,769.5066,24.408414600000015
7.962999999999999,-0.0003407520000000136,793.3530000000001,24.408414600000015
7.973000000000001,-0.0003407520000000136,764.5386000000001,20.43069300000002
7.982999999999999,-0.0005185379999999989,795.3402000000001,22.41955380000013
7.991999999999999,-0.0003407520000000136,764.5386000000001,20.43069300000002
8.002,-0.00016296600000001438,797.3274,22.41955380000013
8.011999999999999,-0.00016296600000001438,763.5450000000001,20.43069300000002
8.020999999999999,-0.0003407520000000136,795.3402000000001,20.43069300000002
8.031,-0.00016296600000001438,759.5706,18.441832200000135
8.040999999999999,1.4819999999998723e-05,797.3274,20.43069300000002
8.049999999999999,-0.00016296600000001438,761.5578,22.41955380000013
8.06,-0.00016296600000001438,795.3402000000001,22.41955380000013
8.069999999999999,1.4819999999998723e-05,763.5450000000001,22.41955380000013
8.084999999999999,0.00019260599999999795,789.3786,20.43069300000002
8.095,-0.00016296600000001438,774.4746,22.41955380000013
8.104999999999999,-0.00016296600000001438,787.3914000000001,20.43069300000002
8.113999999999999,-0.00016296600000001438,770.5002000000001,22.41955380000013
8.124,1.4819999999998723e-05,792.3594,20.43069300000002
8.133999999999999,1.4819999999998723e-05,771.4938000000001,22.41955380000013
8.142999999999999,1.4819999999998723e-05,792.3594,22.41955380000013
8.153,-0.0003407520000000136,767.5194,22.41955380000013
8.162999999999998,1.4819999999998723e-05,794.3466000000001,22.41955380000013
8.173,1.4819999999998723e-05,764.5386000000001,20.43069300000002
8.182,-0.00016296600000001438,795.3402000000001,22.41955380000013
8.192000000000002,-0.00016296600000001438,763.5450000000001,22.41955380000013
8.202,1.4819999999998723e-05,795.3402000000001,22.41955380000013
8.211,-0.00016296600000001438,763.5450000000001,22.41955380000013
8.221000000000002,-0.0005185379999999989,796.3338000000001,22.41955380000013
8.231,-0.0003407520000000136,762.5514000000001,24.408414600000015
8.264999999999999,1.4819999999998723e-05,792.3594,18.441832200000135
8.275,-0.00016296600000001438,777.4554,20.43069300000002
8.285000000000002,1.4819999999998723e-05,788.3850000000001,22.41955380000013
8.293999999999999,-0.00016296600000001438,772.4874000000001,22.41955380000013
8.304,-0.00016296600000001438,789.3786,20.43069300000002
8.314000000000002,-0.0003407520000000136,770.5002000000001,22.41955380000013
8.322999999999999,-0.0003407520000000136,791.3658,22.41955380000013
8.333,-0.00016296600000001438,765.5322000000001,22.41955380000013
8.343000000000002,-0.00016296600000001438,795.3402000000001,22.41955380000013
8.351999999999999,1.4819999999998723e-05,765.5322000000001,18.441832200000135
8.362,-0.0003407520000000136,795.3402000000001,22.41955380000013
8.372000000000002,1.4819999999998723e-05,764.5386000000001,22.41955380000013
8.380999999999998,-0.00016296600000001438,796.3338000000001,22.41955380000013
8.391,1.4819999999998723e-05,761.5578,18.441832200000135
8.401000000000002,1.4819999999998723e-05,796.3338000000001,20.43069300000002
8.411,-0.00016296600000001438,762.5514000000001,22.41955380000013
8.42,-0.00016296600000001438,796.3338000000001,22.41955380000013
8.430000000000001,-0.00016296600000001438,761.5578,20.43069300000002
8.44,-0.00016296600000001438,794.3466000000001,22.41955380000013
8.449,1.4819999999998723e-05,760.5642,20.43069300000002
8.459000000000001,-0.0003407520000000136,793.3530000000001,20.43069300000002
8.469,-0.00016296600000001438,763.5450000000001,24.408414600000015
8.478,-0.00016296600000001438,791.3658,24.408414600000015
8.488000000000001,-0.00016296600000001438,763.5450000000001,18.441832200000135
8.498,1.4819999999998723e-05,790.3722,22.41955380000013
8.507,-0.00016296600000001438,768.513,22.41955380000013
8.517000000000001,-0.00016296600000001438,787.3914000000001,24.408414600000015
8.527,-0.0003407520000000136,771.4938000000001,22.41955380000013
8.537,-0.0003407520000000136,785.4042000000001,22.41955380000013
8.546000000000001,-0.0003407520000000136,770.5002000000001,22.41955380000013
8.556,-0.00016296600000001438,782.4234,22.41955380000013
8.566,-0.00016296600000001438,776.4618,22.41955380000013
8.575000000000001,-0.00016296600000001438,778.4490000000001,20.43069300000002
8.584999999999999,-0.0006963239999999982,779.4426000000001,22.41955380000013
8.595,-0.00016296600000001438,775.4682,24.408414600000015
8.604000000000001,-0.00016296600000001438,783.417,22.41955380000013
8.613999999999999,-0.0003407520000000136,769.5066,20.43069300000002
8.624,1.4819999999998723e-05,788.3850000000001,22.41955380000013
8.633000000000001,1.4819999999998723e-05,767.5194,22.41955380000013
8.67,1.4819999999998723e-05,768.513,18.441832200000135
8.680000000000001,1.4819999999998723e-05,802.2954000000001,20.43069300000002
8.69,-0.0003407520000000136,765.5322000000001,24.408414600000015
8.699,-0.0003407520000000136,797.3274,22.41955380000013
8.709000000000001,-0.0005185379999999989,762.5514000000001,18.441832200000135
8.719,-0.00016296600000001438,795.3402000000001,22.41955380000013
8.729000000000001,-0.00016296600000001438,762.5514000000001,22.41955380000013
8.738000000000001,-0.00016296600000001438,792.3594,22.41955380000013
8.748,-0.00016296600000001438,765.5322000000001,20.43069300000002
8.758000000000001,-0.0003407520000000136,791.3658,22.41955380000013
8.767000000000001,-0.0003407520000000136,769.5066,24.408414600000015
8.777,-0.0003407520000000136,787.3914000000001,22.41955380000013
8.805000000000001,-0.00016296600000001438,785.4042000000001,18.441832200000135
8.815,-0.0003407520000000136,783.417,24.408414600000015
8.825000000000001,-0.00016296600000001438,782.4234,22.41955380000013
8.834000000000001,1.4819999999998723e-05,778.4490000000001,20.43069300000002
8.844,1.4819999999998723e-05,785.4042000000001,18.441832200000135
8.854000000000001,1.4819999999998723e-05,771.4938000000001,20.43069300000002
8.863999999999999,1.4819999999998723e-05,789.3786,22.41955380000013
8.873,-0.00016296600000001438,770.5002000000001,24.408414600000015
8.883000000000001,-0.0003407520000000136,793.3530000000001,22.41955380000013
8.892999999999999,-0.0005185379999999989,766.5258000000001,20.43069300000002
8.902,-0.0003407520000000136,793.3530000000001,22.41955380000013
8.912,1.4819999999998723e-05,764.5386000000001,22.41955380000013
8.921999999999999,-0.00016296600000001438,793.3530000000001,22.41955380000013
8.931,-0.00016296600000001438,760.5642,18.441832200000135
8.941,0.00019260599999999795,797.3274,20.43069300000002
8.950999999999999,-0.00016296600000001438,761.5578,20.43069300000002
8.959999999999999,-0.00016296600000001438,796.3338000000001,22.41955380000013
8.97,0.00019260599999999795,760.5642,20.43069300000002
8.985999999999999,-0.00016296600000001438,777.4554,18.441832200000135
8.996,-0.00016296600000001438,782.4234,20.43069300000002
9.005,1.4819999999998723e-05,777.4554,22.41955380000013
9.014999999999999,-0.00016296600000001438,777.4554,22.41955380000013
9.025,-0.00016296600000001438,784.4106,20.43069300000002
9.034,0.001081535999999994,889.7322,-126.7450061999998
9.043999999999999,0.0014371079999999925,918.5466,-126.7450061999998
9.075000000000001,0.0016148939999999917,930.4698000000001,-130.72272780000003
9.084999999999999,0.0016148939999999917,914.5722000000001,-128.73386699999992
9.095,0.0014371079999999925,916.5594000000001,-126.7450061999998
9.104000000000001,0.0012593219999999933,914.5722000000001,-126.7450061999998
9.113999999999999,0.0012593219999999933,910.5978000000001,-130.72272780000003
9.124,0.0014371079999999925,915.5658000000001,-53.15715660000001
9.133999999999999,0.0016148939999999917,904.6362,-53.15715660000001
9.165000000000001,0.0016148939999999917,913.5786,-57.1348782
9.174999999999999,0.0014371079999999925,913.5786,-53.15715660000001
9.185,0.0014371079999999925,909.6042000000001,-53.15715660000001
9.194,0.0012593219999999933,907.6170000000001,-53.15715660000001
9.203999999999999,0.0012593219999999933,913.5786,-55.14601739999989
9.214,0.0016148939999999917,903.6426,22.41955380000013
9.255,0.001081535999999994,919.5402,20.43069300000002
9.264999999999999,0.0012593219999999933,907.6170000000001,20.43069300000002
9.275,0.0016148939999999917,912.585,22.41955380000013
9.284,0.0014371079999999925,908.6106000000001,22.41955380000013
9.293999999999999,0.001081535999999994,906.6234000000001,22.41955380000013
9.304,0.0016148939999999917,910.5978000000001,96.00740339999993
9.313,0.001081535999999994,901.6554000000001,97.99626420000004
9.345,0.0012593219999999933,910.5978000000001,96.00740339999993
9.354999999999999,0.0014371079999999925,913.5786,96.00740339999993
9.365,0.0014371079999999925,903.6426,96.00740339999993
9.374,0.001792679999999991,905.6298,94.01854260000005
9.383999999999999,0.0012593219999999933,907.6170000000001,97.99626420000004
9.394,0.0014371079999999925,901.6554000000001,169.59525300000018
9.436000000000002,0.0012593219999999933,921.5274000000001,169.59525300000018
9.444999999999999,0.001081535999999994,906.6234000000001,175.56183540000006
9.455,0.0014371079999999925,910.5978000000001,171.58411380000007
9.464,0.001081535999999994,905.6298,173.57297459999995
9.473999999999998,0.001081535999999994,907.6170000000001,169.59525300000018
9.484,0.0012593219999999933,906.6234000000001,247.1608242000002
9.526000000000002,0.001081535999999994,913.5786,243.18310259999998
9.535000000000002,0.0014371079999999925,914.5722000000001,245.17196339999987
9.545,0.0012593219999999933,902.6490000000001,245.17196339999987
9.555000000000001,0.0014371079999999925,907.6170000000001,245.17196339999987
9.564000000000002,0.0012593219999999933,910.5978000000001,247.1608242000002
9.574,0.0012593219999999933,905.6298,326.7152562000001
9.584000000000001,0.001792679999999991,906.6234000000001,320.7486738
9.616000000000001,0.0014371079999999925,920.5338,318.7598130000001
9.625000000000002,0.0014371079999999925,902.6490000000001,322.7375345999999
9.635,0.0014371079999999925,909.6042000000001,320.7486738
9.644,0.0012593219999999933,903.6426,322.7375345999999
9.654000000000002,0.0012593219999999933,907.6170000000001,322.7375345999999
9.664,0.0014371079999999925,903.6426,322.7375345999999
9.674000000000001,0.0014371079999999925,899.6682000000001,322.7375345999999
9.706000000000001,0.001081535999999994,907.6170000000001,324.7263954
9.715000000000002,0.0012593219999999933,910.5978000000001,320.7486738
9.725,0.0016148939999999917,897.681,320.7486738
9.735000000000001,0.0016148939999999917,906.6234000000001,322.7375345999999
9.744000000000002,0.0012593219999999933,901.6554000000001,318.7598130000001
9.754,0.0014371079999999925,901.6554000000001,243.18310259999998
9.796000000000001,0.0014371079999999925,924.5082000000001,243.18310259999998
9.805000000000001,0.0012593219999999933,899.6682000000001,247.1608242000002
9.815,0.0014371079999999925,910.5978000000001,245.17196339999987
9.825000000000001,0.0016148939999999917,901.6554000000001,247.1608242000002
9.834000000000001,0.0009037499999999948,906.6234000000001,245.17196339999987
9.844,0.0014371079999999925,902.6490000000001,171.58411380000007
9.886000000000001,0.0012593219999999933,907.6170000000001,169.59525300000018
9.895000000000001,0.0014371079999999925,916.5594000000001,171.58411380000007
9.905,0.0012593219999999933,899.6682000000001,173.57297459999995
9.914,0.0014371079999999925,908.6106000000001,171.58411380000007
9.924000000000001,0.001081535999999994,904.6362,171.58411380000007
9.934,0.0012593219999999933,904.6362,97.99626420000004
9.944,0.0012593219999999933,901.6554000000001,96.00740339999993
9.975,0.0014371079999999925,923.5146000000001,97.99626420000004
10.020999999999999,0.0014371079999999925,933.4506000000001,96.00740339999993
10.03,0.0012593219999999933,896.6874,97.99626420000004
10.040000000000001,0.0014371079999999925,923.5146000000001,96.00740339999993
10.049000000000001,0.0014371079999999925,891.7194000000001,96.00740339999993
10.059,0.0012593219999999933,921.5274000000001,96.00740339999993
10.069,0.0014371079999999925,888.7386,20.43069300000002
10.078999999999999,0.0014371079999999925,921.5274000000001,22.41955380000013
10.110999999999999,0.0012593219999999933,904.6362,20.43069300000002
10.12,0.0014371079999999925,921.5274000000001,22.41955380000013
10.13,0.0014371079999999925,892.7130000000001,22.41955380000013
10.139999999999999,0.0012593219999999933,919.5402,22.41955380000013
10.149,0.0012593219999999933,893.7066000000001,22.41955380000013
10.159,0.0012593219999999933,919.5402,-53.15715660000001
10.168999999999999,0.0014371079999999925,885.7578000000001,-55.14601739999989
10.200999999999999,0.0012593219999999933,927.489,-51.168295800000124
10.209999999999999,0.0012593219999999933,892.7130000000001,-53.15715660000001
10.22,0.0012593219999999933,921.5274000000001,-51.168295800000124
10.229000000000001,0.0014371079999999925,888.7386,-51.168295800000124
10.238999999999999,0.0014371079999999925,921.5274000000001,-55.14601739999989
10.249,0.0014371079999999925,885.7578000000001,-128.73386699999992
10.258999999999999,0.0014371079999999925,918.5466,-126.7450061999998
10.290999999999999,0.0012593219999999933,898.6746,-128.73386699999992
10.299999999999999,0.0014371079999999925,919.5402,-126.7450061999998
10.31,0.0014371079999999925,888.7386,-126.7450061999998
10.319999999999999,0.0016148939999999917,919.5402,-126.7450061999998
10.328999999999999,0.0014371079999999925,887.7450000000001,-128.73386699999992
10.339,0.0012593219999999933,919.5402,-126.7450061999998
10.348999999999998,0.0012593219999999933,886.7514000000001,-126.7450061999998
10.357999999999999,0.0016148939999999917,917.5530000000001,-128.73386699999992
10.368,0.0012593219999999933,883.7706000000001,-126.7450061999998
10.378000000000002,0.0014371079999999925,915.5658000000001,-128.73386699999992
10.388,0.0012593219999999933,883.7706000000001,-126.7450061999998
10.397,0.0014371079999999925,916.5594000000001,-126.7450061999998
10.407000000000002,0.0016148939999999917,881.7834,-128.73386699999992
10.415999999999999,0.0014371079999999925,914.5722000000001,-126.7450061999998
10.426,0.0014371079999999925,884.7642000000001,-128.73386699999992
10.436000000000002,0.0012593219999999933,911.5914,-126.7450061999998
10.446,0.0014371079999999925,886.7514000000001,-126.7450061999998
10.455,0.0009037499999999948,910.5978000000001,-122.76728460000004
10.465000000000002,0.0014371079999999925,886.7514000000001,-132.7115885999999
10.475,0.0012593219999999933,906.6234000000001,-126.7450061999998
10.484,0.0012593219999999933,891.7194000000001,-126.7450061999998
10.494000000000002,0.0012593219999999933,902.6490000000001,-126.7450061999998
10.504,0.0012593219999999933,892.7130000000001,-126.7450061999998
10.513,0.0014371079999999925,894.7002000000001,-130.72272780000003
10.523000000000001,0.0014371079999999925,896.6874,-126.7450061999998
10.533,0.0012593219999999933,892.7130000000001,-128.73386699999992
10.542,0.0014371079999999925,899.6682000000001,-126.7450061999998
10.552000000000001,0.0012593219999999933,889.7322,-130.72272780000003
10.562,0.0014371079999999925,902.6490000000001,-128.73386699999992
10.572000000000001,0.0014371079999999925,889.7322,-126.7450061999998
10.581000000000001,0.001081535999999994,904.6362,-126.7450061999998
10.591,0.0012593219999999933,886.7514000000001,-126.7450061999998
10.601,0.0014371079999999925,910.5978000000001,-128.73386699999992
10.610000000000001,0.001081535999999994,884.7642000000001,-126.7450061999998
10.62,0.0012593219999999933,909.6042000000001,-128.73386699999992
10.63,0.0012593219999999933,882.777,-126.7450061999998
10.639000000000001,0.0012593219999999933,909.6042000000001,-126.7450061999998
10.649,0.001081535999999994,878.8026000000001,-130.72272780000003
10.659,0.0012593219999999933,911.5914,-124.75614539999992
10.668000000000001,0.0012593219999999933,878.8026000000001,-126.7450061999998
10.677999999999999,0.0012593219999999933,912.585,-126.7450061999998
10.688,0.0014371079999999925,876.8154000000001,-130.72272780000003
10.697999999999999,0.0014371079999999925,912.585,-128.73386699999992
10.706999999999999,0.0016148939999999917,878.8026000000001,-128.73386699999992
10.717,0.0012593219999999933,909.6042000000001,-126.7450061999998
10.726,0.0012593219999999933,878.8026000000001,-126.7450061999998
10.735999999999999,0.0016148939999999917,907.6170000000001,-130.72272780000003
10.746,0.0014371079999999925,880.7898,-126.7450061999998
10.755999999999998,0.0016148939999999917,906.6234000000001,-126.7450061999998
10.764999999999999,0.0012593219999999933,881.7834,-126.7450061999998
10.775,0.0012593219999999933,904.6362,-126.7450061999998
10.785000000000002,0.0014371079999999925,884.7642000000001,-130.72272780000003
10.793999999999999,0.0012593219999999933,903.6426,-126.7450061999998
10.804,0.0012593219999999933,887.7450000000001,-128.73386699999992
10.814000000000002,0.0016148939999999917,897.681,-128.73386699999992
10.822999999999999,0.0014371079999999925,887.7450000000001,-128.73386699999992
10.833,0.0016148939999999917,895.6938,-130.72272780000003
10.843000000000002,0.0012593219999999933,891.7194000000001,-126.7450061999998
10.851999999999999,0.0016148939999999917,892.7130000000001,-126.7450061999998
10.862,0.001081535999999994,897.681,-126.7450061999998
10.872000000000002,0.0012593219999999933,888.7386,-128.73386699999992
10.882,0.001081535999999994,897.681,-126.7450061999998
10.891,0.0016148939999999917,885.7578000000001,-126.7450061999998
10.901000000000002,0.0012593219999999933,903.6426,-126.7450061999998
10.910000000000002,0.0014371079999999925,885.7578000000001,-126.7450061999998
10.92,0.0012593219999999933,902.6490000000001,-130.72272780000003
10.930000000000001,0.0014371079999999925,879.7962000000001,-126.7450061999998
10.94,0.0014371079999999925,906.6234000000001,-126.7450061999998
10.949,0.0012593219999999933,878.8026000000001,-126.7450061999998
10.959000000000001,0.0014371079999999925,908.6106000000001,-128.73386699999992
10.969,0.0016148939999999917,880.7898,-126.7450061999998
10.978,0.0014371079999999925,908.6106000000001,-126.7450061999998
10.988000000000001,0.0012593219999999933,876.8154000000001,-128.73386699999992
10.998,0.0016148939999999917,910.5978000000001,-128.73386699999992
11.007,0.0016148939999999917,877.8090000000001,-126.7450061999998
11.017000000000001,0.0016148939999999917,909.6042000000001,-128.73386699999992
11.056,0.0012593219999999933,921.5274000000001,-128.73386699999992
11.065,0.0014371079999999925,884.7642000000001,-128.73386699999992
11.075000000000001,0.0014371079999999925,908.6106000000001,-128.73386699999992
11.084999999999999,0.0012593219999999933,885.7578000000001,-126.7450061999998
11.094,0.0014371079999999925,905.6298,-126.7450061999998
11.104000000000001,0.001792679999999991,886.7514000000001,-126.7450061999998
11.113999999999999,0.001081535999999994,901.6554000000001,-126.7450061999998
11.145999999999999,0.0014371079999999925,894.7002000000001,-130.72272780000003
11.155,0.0012593219999999933,913.5786,-124.75614539999992
11.165000000000001,0.0012593219999999933,887.7450000000001,-126.7450061999998
11.174999999999999,0.0012593219999999933,909.6042000000001,-124.75614539999992
11.184,0.0014371079999999925,887.7450000000001,-128.73386699999992
11.194,0.0014371079999999925,907.6170000000001,-128.73386699999992
11.203999999999999,0.0016148939999999917,888.7386,-126.7450061999998
11.213,0.0012593219999999933,902.6490000000001,-124.75614539999992
11.223,0.0012593219999999933,894.7002000000001,-126.7450061999998
11.232999999999999,0.001081535999999994,898.6746,-126.7450061999998
11.241999999999999,0.0016148939999999917,896.6874,-126.7450061999998
11.281,0.0014371079999999925,916.5594000000001,-130.72272780000003
11.290000000000001,0.0014371079999999925,893.7066000000001,-126.7450061999998
11.299999999999999,0.0012593219999999933,911.5914,-124.75614539999992
11.31,0.0014371079999999925,888.7386,-124.75614539999992
11.319,0.0012593219999999933,910.5978000000001,-128.73386699999992
11.328999999999999,0.0014371079999999925,884.7642000000001,-126.7450061999998
11.339,0.0014371079999999925,911.5914,-126.7450061999998
11.348,0.001081535999999994,881.7834,-126.7450061999998
11.371,0.0016148939999999917,897.681,-128.73386699999992
11.38,0.001081535999999994,909.6042000000001,-126.7450061999998
11.389999999999999,0.0012593219999999933,889.7322,-126.7450061999998
11.4,0.0014371079999999925,910.5978000000001,-128.73386699999992
11.409,0.0012593219999999933,882.777,-128.73386699999992
11.418999999999999,0.0012593219999999933,909.6042000000001,-126.7450061999998
11.429,0.0012593219999999933,883.7706000000001,-126.7450061999998
11.438,0.0016148939999999917,910.5978000000001,-128.73386699999992
11.447999999999999,0.0014371079999999925,880.7898,-126.7450061999998
11.458,0.0016148939999999917,911.5914,-126.7450061999998
11.467,0.0016148939999999917,880.7898,-126.7450061999998
11.505999999999998,0.0014371079999999925,888.7386,-130.72272780000003
11.514999999999999,0.0014371079999999925,916.5594000000001,-126.7450061999998
11.525,0.0012593219999999933,885.7578000000001,-128.73386699999992
11.535000000000002,0.0014371079999999925,911.5914,-126.7450061999998
11.543999999999999,0.001792679999999991,885.7578000000001,-128.73386699999992
11.554,0.0012593219999999933,909.6042000000001,-126.7450061999998
11.564000000000002,0.001081535999999994,888.7386,-126.7450061999998
11.572999999999999,0.0014371079999999925,904.6362,-128.73386699999992
11.583,0.0014371079999999925,889.7322,-128.73386699999992
11.593000000000002,0.0014371079999999925,899.6682000000001,-128.73386699999992
11.601999999999999,0.0016148939999999917,891.7194000000001,-128.73386699999992
11.612,0.0012593219999999933,897.681,-126.7450061999998
11.622000000000002,0.0012593219999999933,898.6746,-126.7450061999998
11.630999999999998,0.0016148939999999917,895.6938,-130.72272780000003
11.641,0.0016148939999999917,897.681,-130.72272780000003
11.651000000000002,0.0014371079999999925,892.7130000000001,-126.7450061999998
11.661,0.0014371079999999925,900.6618000000001,-126.7450061999998
11.67,0.001081535999999994,887.7450000000001,-124.75614539999992
11.680000000000001,0.0014371079999999925,905.6298,-128.73386699999992
11.69,0.0014371079999999925,886.7514000000001,-126.7450061999998
11.699,0.0012593219999999933,906.6234000000001,-126.7450061999998
11.709000000000001,0.0009037499999999948,880.7898,-124.75614539999992
11.719,0.0014371079999999925,905.6298,-128.73386699999992
11.728,0.001081535999999994,876.8154000000001,-130.72272780000003
11.738000000000001,0.0012593219999999933,908.6106000000001,-126.7450061999998
11.748,0.0014371079999999925,877.8090000000001,-126.7450061999998
11.757,0.0012593219999999933,909.6042000000001,-126.7450061999998
11.767000000000001,0.001081535999999994,880.7898,-126.7450061999998
11.777,0.001081535999999994,910.5978000000001,-124.75614539999992
11.787,0.0012593219999999933,876.8154000000001,-126.7450061999998
11.796000000000001,0.0012593219999999933,910.5978000000001,-126.7450061999998
11.806,0.0012593219999999933,877.8090000000001,-126.7450061999998
11.816,0.0012593219999999933,906.6234000000001,-128.73386699999992
11.825000000000001,0.0012593219999999933,878.8026000000001,-124.75614539999992
11.866000000000001,0.0016148939999999917,892.7130000000001,-128.73386699999992
11.875000000000002,0.0012593219999999933,915.5658000000001,-126.7450061999998
11.885,0.0014371079999999925,881.7834,-128.73386699999992
11.895000000000001,0.0012593219999999933,912.585,-126.7450061999998
11.905,0.0016148939999999917,880.7898,-130.72272780000003
11.914,0.0014371079999999925,909.6042000000001,-126.7450061999998
11.924000000000001,0.0014371079999999925,883.7706000000001,-128.73386699999992
11.933000000000002,0.0012593219999999933,904.6362,-126.7450061999998
11.943,0.0012593219999999933,887.7450000000001,-126.7450061999998
11.956000000000001,0.0014371079999999925,915.5658000000001,-130.72272780000003
11.965000000000002,0.0014371079999999925,881.7834,-124.75614539999992
11.975,0.0014371079999999925,908.6106000000001,-124.75614539999992
11.985000000000001,0.0012593219999999933,880.7898,-126.7450061999998
11.995,0.0012593219999999933,906.6234000000001,-126.7450061999998
12.004,0.0012593219999999933,880.7898,-126.7450061999998
12.014000000000001,0.0014371079999999925,906.6234000000001,-122.76728460000004
12.024,0.0016148939999999917,883.7706000000001,-126.7450061999998
12.033,0.001081535999999994,903.6426,-128.73386699999992
12.043000000000001,0.0012593219999999933,884.7642000000001,-128.73386699999992
12.052999999999999,0.0012593219999999933,902.6490000000001,-126.7450061999998
12.062,0.0012593219999999933,885.7578000000001,-124.75614539999992
12.072000000000001,0.0012593219999999933,896.6874,-126.7450061999998
12.081999999999999,0.0014371079999999925,891.7194000000001,-128.73386699999992
12.092,0.0012593219999999933,895.6938,-128.73386699999992
12.101,0.0014371079999999925,891.7194000000001,-128.73386699999992
12.110999999999999,0.0012593219999999933,891.7194000000001,-126.7450061999998
12.121,0.0014371079999999925,898.6746,-126.7450061999998
12.13,0.0012593219999999933,886.7514000000001,-128.73386699999992
12.139999999999999,0.0014371079999999925,898.6746,-128.73386699999992
12.15,0.0012593219999999933,884.7642000000001,-126.7450061999998
12.159,0.0014371079999999925,901.6554000000001,-128.73386699999992
12.168999999999999,0.0016148939999999917,880.7898,-128.73386699999992
12.179,0.001081535999999994,901.6554000000001,-130.72272780000003
12.188,0.0016148939999999917,882.777,-126.7450061999998
12.197999999999999,0.0016148939999999917,909.6042000000001,-126.7450061999998
12.208,0.0012593219999999933,877.8090000000001,-126.7450061999998
12.218000000000002,0.0016148939999999917,904.6362,-130.72272780000003
12.226999999999999,0.0014371079999999925,878.8026000000001,-126.7450061999998
12.237,0.0014371079999999925,907.6170000000001,-126.7450061999998
12.247000000000002,0.0014371079999999925,875.8218,-128.73386699999992
12.255999999999998,0.001081535999999994,906.6234000000001,-126.7450061999998
12.266,0.0014371079999999925,876.8154000000001,-126.7450061999998
12.276000000000002,0.0014371079999999925,909.6042000000001,-126.7450061999998
12.316,0.0012593219999999933,919.5402,-130.72272780000003
12.325000000000001,0.0016148939999999917,882.777,-126.7450061999998
12.334999999999999,0.0012593219999999933,912.585,-126.7450061999998
12.345,0.0012593219999999933,881.7834,-124.75614539999992
12.354999999999999,0.0012593219999999933,910.5978000000001,-128.73386699999992
12.363999999999999,0.0014371079999999925,878.8026000000001,-126.7450061999998
12.374,0.0014371079999999925,909.6042000000001,-126.7450061999998
12.383999999999999,0.001081535999999994,881.7834,-126.7450061999998
12.392999999999999,0.0012593219999999933,905.6298,-126.7450061999998
12.403,0.0012593219999999933,881.7834,-130.72272780000003
12.412999999999998,0.0012593219999999933,901.6554000000001,-128.73386699999992
12.421999999999999,0.0016148939999999917,884.7642000000001,-130.72272780000003
12.432,0.0014371079999999925,897.681,-126.7450061999998
12.444,0.0012593219999999933,886.7514000000001,-126.7450061999998
12.453999999999999,0.0014371079999999925,912.585,-126.7450061999998
12.464,0.0012593219999999933,878.8026000000001,-126.7450061999998
12.496,0.0014371079999999925,921.5274000000001,-128.73386699999992
12.505,0.0012593219999999933,882.777,-128.73386699999992
12.514999999999999,0.0014371079999999925,914.5722000000001,-128.73386699999992
12.525,0.0012593219999999933,880.7898,-126.7450061999998
12.535000000000002,0.0012593219999999933,913.5786,-130.72272780000003
12.543999999999999,0.0016148939999999917,881.7834,-53.15715660000001
12.554,0.0016148939999999917,910.5978000000001,-51.168295800000124
12.586,0.0014371079999999925,890.7258,-53.15715660000001
12.595,0.0009037499999999948,915.5658000000001,-51.168295800000124
12.604999999999999,0.001081535999999994,880.7898,-53.15715660000001
12.615,0.0012593219999999933,913.5786,-53.15715660000001
12.625000000000002,0.001081535999999994,882.777,-53.15715660000001
12.633999999999999,0.0012593219999999933,913.5786,24.408414600000015
12.676,0.0012593219999999933,927.489,22.41955380000013
12.686000000000002,0.0012593219999999933,887.7450000000001,24.408414600000015
12.694999999999999,0.0014371079999999925,916.5594000000001,22.41955380000013
12.705,0.0014371079999999925,882.777,20.43069300000002
12.715000000000002,0.0012593219999999933,914.5722000000001,22.41955380000013
12.723999999999998,0.0012593219999999933,882.777,96.00740339999993
12.734,0.0014371079999999925,910.5978000000001,96.00740339999993
12.766,0.0014371079999999925,893.7066000000001,94.01854260000005
12.776000000000002,0.0012593219999999933,919.5402,97.99626420000004
12.785000000000002,0.0014371079999999925,884.7642000000001,97.99626420000004
12.795,0.0012593219999999933,914.5722000000001,96.00740339999993
12.805000000000001,0.0012593219999999933,884.7642000000001,96.00740339999993
12.814000000000002,0.001081535999999994,912.585,171.58411380000007
12.856,0.0012593219999999933,926.4954,169.59525300000018
12.866000000000001,0.0012593219999999933,886.7514000000001,171.58411380000007
12.875000000000002,0.0014371079999999925,915.5658000000001,169.59525300000018
12.885,0.0012593219999999933,884.7642000000001,173.57297459999995
12.895000000000001,0.001081535999999994,916.5594000000001,173.57297459999995
12.904000000000002,0.0016148939999999917,883.7706000000001,245.17196339999987
12.914,0.0014371079999999925,911.5914,247.1608242000002
12.946,0.0014371079999999925,894.7002000000001,245.17196339999987
12.956000000000001,0.0016148939999999917,918.5466,245.17196339999987
12.965000000000002,0.0014371079999999925,883.7706000000001,245.17196339999987
12.975,0.0012593219999999933,916.5594000000001,247.1608242000002
12.985000000000001,0.0012593219999999933,885.7578000000001,245.17196339999987
12.994000000000002,0.0012593219999999933,914.5722000000001,322.7375345999999
13.004,0.0012593219999999933,883.7706000000001,322.7375345999999
13.036,0.0014371079999999925,923.5146000000001,318.7598130000001
13.046000000000001,0.0012593219999999933,883.7706000000001,322.7375345999999
13.055000000000001,0.0014371079999999925,915.5658000000001,322.7375345999999
13.065,0.0012593219999999933,882.777,322.7375345999999
13.075000000000001,0.0009037499999999948,917.5530000000001,320.7486738
13.084000000000001,0.0012593219999999933,880.7898,320.7486738
13.094,0.0014371079999999925,913.5786,322.7375345999999
13.126,0.001081535999999994,894.7002000000001,320.7486738
13.136000000000001,0.0014371079999999925,918.5466,322.7375345999999
13.145000000000001,0.001081535999999994,883.7706000000001,322.7375345999999
13.155,0.0016148939999999917,916.5594000000001,320.7486738
13.165000000000001,0.0012593219999999933,884.7642000000001,320.7486738
13.174000000000001,0.001081535999999994,914.5722000000001,247.1608242000002
13.184,0.0012593219999999933,881.7834,247.1608242000002
13.216,0.001081535999999994,926.4954,247.1608242000002
13.226,0.0016148939999999917,885.7578000000001,245.17196339999987
13.235000000000001,0.0016148939999999917,914.5722000000001,243.18310259999998
13.245,0.0016148939999999917,883.7706000000001,245.17196339999987
13.255,0.0014371079999999925,917.5530000000001,245.17196339999987
13.264000000000001,0.0014371079999999925,880.7898,169.59525300000018
13.274,0.0016148939999999917,912.585,171.58411380000007
13.306,0.0012593219999999933,891.7194000000001,169.59525300000018
13.316,0.0014371079999999925,917.5530000000001,173.57297459999995
13.325000000000001,0.001081535999999994,883.7706000000001,173.57297459999995
13.334999999999999,0.0014371079999999925,914.5722000000001,171.58411380000007
13.345,0.0009037499999999948,884.7642000000001,169.59525300000018
13.354000000000001,0.0012593219999999933,914.5722000000001,97.99626420000004
13.363999999999999,0.0012593219999999933,882.777,96.00740339999993
13.395999999999999,0.0016148939999999917,922.5210000000001,92.02968179999993
13.406,0.0014371079999999925,886.7514000000001,97.99626420000004
13.415000000000001,0.0012593219999999933,917.5530000000001,97.99626420000004
13.424999999999999,0.0012593219999999933,883.7706000000001,97.99626420000004
13.435,0.001081535999999994,915.5658000000001,94.01854260000005
13.444,0.0012593219999999933,883.7706000000001,24.408414600000015
13.453999999999999,0.0016148939999999917,913.5786,20.43069300000002
13.485999999999999,0.0016148939999999917,894.7002000000001,18.441832200000135
13.496,0.0014371079999999925,918.5466,24.408414600000015
13.505,0.0016148939999999917,885.7578000000001,24.408414600000015
13.514999999999999,0.0016148939999999917,915.5658000000001,22.41955380000013
13.525,0.0012593219999999933,884.7642000000001,20.43069300000002
13.534,0.0014371079999999925,915.5658000000001,-51.168295800000124
13.575999999999999,0.0014371079999999925,924.5082000000001,-55.14601739999989
13.586,0.0012593219999999933,889.7322,-51.168295800000124
13.595,0.0012593219999999933,916.5594000000001,-51.168295800000124
13.604999999999999,0.0012593219999999933,884.7642000000001,-53.15715660000001
13.615,0.0012593219999999933,916.5594000000001,-55.14601739999989
13.624,0.0012593219999999933,883.7706000000001,-128.73386699999992
13.665999999999999,0.001081535999999994,895.6938,-128.73386699999992
13.676,0.0012593219999999933,920.5338,-126.7450061999998
13.685,0.0016148939999999917,886.7514000000001,-128.73386699999992
13.694999999999999,0.0012593219999999933,917.5530000000001,-126.7450061999998
13.705,0.0014371079999999925,881.7834,-130.72272780000003
13.714,0.001081535999999994,916.5594000000001,-124.75614539999992
13.723999999999998,0.0014371079999999925,881.7834,-126.7450061999998
13.734,0.0012593219999999933,915.5658000000001,-124.75614539999992
13.743,0.0014371079999999925,882.777,-126.7450061999998
13.753000000000002,0.0016148939999999917,913.5786,-130.72272780000003
13.763,0.0012593219999999933,881.7834,-128.73386699999992
13.772,0.0014371079999999925,909.6042000000001,-126.7450061999998
13.782000000000002,0.001081535999999994,883.7706000000001,-126.7450061999998
13.792,0.001081535999999994,905.6298,-126.7450061999998
13.802000000000001,0.0012593219999999933,886.7514000000001,-128.73386699999992
13.811000000000002,0.001081535999999994,904.6362,-126.7450061999998
13.821,0.0014371079999999925,887.7450000000001,-126.7450061999998
13.831000000000001,0.0012593219999999933,899.6682000000001,-128.73386699999992
13.840000000000002,0.001081535999999994,892.7130000000001,-126.7450061999998
13.85,0.0016148939999999917,897.681,-128.73386699999992
13.860000000000001,0.0014371079999999925,892.7130000000001,-126.7450061999998
13.869000000000002,0.0016148939999999917,892.7130000000001,-128.73386699999992
13.879,0.001081535999999994,895.6938,-126.7450061999998
13.889000000000001,0.0012593219999999933,889.7322,-126.7450061999998
13.898000000000001,0.001081535999999994,898.6746,-126.7450061999998
13.936000000000002,0.0014371079999999925,923.5146000000001,-128.73386699999992
13.946,0.0012593219999999933,884.7642000000001,-126.7450061999998
13.955,0.001081535999999994,915.5658000000001,-124.75614539999992
13.965000000000002,0.0014371079999999925,880.7898,-126.7450061999998
13.975,0.001081535999999994,910.5978000000001,-126.7450061999998
13.984,0.0014371079999999925,879.7962000000001,-128.73386699999992
13.994000000000002,0.0012593219999999933,910.5978000000001,-126.7450061999998
14.026000000000002,0.0014371079999999925,894.7002000000001,-128.73386699999992
14.036,0.0016148939999999917,914.5722000000001,-128.73386699999992
14.045,0.0014371079999999925,884.7642000000001,-128.73386699999992
14.055000000000001,0.0012593219999999933,915.5658000000001,-126.7450061999998
14.065,0.0012593219999999933,883.7706000000001,-126.7450061999998
14.074,0.0014371079999999925,914.5722000000001,-126.7450061999998
14.084000000000001,0.0016148939999999917,879.7962000000001,-126.7450061999998
14.094,0.0016148939999999917,911.5914,-126.7450061999998
14.103,0.0012593219999999933,881.7834,-124.75614539999992
14.113000000000001,0.0014371079999999925,911.5914,-130.72272780000003
14.123,0.0014371079999999925,877.8090000000001,-128.73386699999992
14.132,0.0016148939999999917,908.6106000000001,-126.7450061999998
14.142000000000001,0.0014371079999999925,880.7898,-126.7450061999998
14.152,0.001081535999999994,903.6426,-126.7450061999998
14.162,0.0012593219999999933,882.777,-128.73386699999992
14.171000000000001,0.0014371079999999925,904.6362,-126.7450061999998
14.181,0.0012593219999999933,884.7642000000001,-126.7450061999998
14.191,0.0012593219999999933,899.6682000000001,-128.73386699999992
14.200000000000001,0.0014371079999999925,887.7450000000001,-130.72272780000003
14.209999999999999,0.0014371079999999925,898.6746,-126.7450061999998
14.22,0.0012593219999999933,887.7450000000001,-126.7450061999998
14.229000000000001,0.0016148939999999917,894.7002000000001,-126.7450061999998
14.238999999999999,0.0012593219999999933,893.7066000000001,-126.7450061999998
14.249,0.0012593219999999933,891.7194000000001,-130.72272780000003
14.258999999999999,0.0014371079999999925,893.7066000000001,-126.7450061999998
14.267999999999999,0.0014371079999999925,888.7386,-126.7450061999998
14.278,0.001081535999999994,899.6682000000001,-124.75614539999992
14.287999999999998,0.0012593219999999933,883.7706000000001,-128.73386699999992
14.296999999999999,0.0014371079999999925,904.6362,-126.7450061999998
14.307,0.0014371079999999925,883.7706000000001,-126.7450061999998
14.317000000000002,0.0016148939999999917,902.6490000000001,-128.73386699999992
14.325999999999999,0.0014371079999999925,878.8026000000001,-128.73386699999992
14.336,0.0012593219999999933,904.6362,-126.7450061999998
14.346000000000002,0.0014371079999999925,877.8090000000001,-128.73386699999992
14.386000000000001,0.0016148939999999917,892.7130000000001,-132.7115885999999
14.395999999999999,0.0012593219999999933,913.5786,-128.73386699999992
14.405,0.0012593219999999933,883.7706000000001,-126.7450061999998
14.415000000000001,0.001081535999999994,910.5978000000001,-126.7450061999998
14.424999999999999,0.0016148939999999917,881.7834,-128.73386699999992
14.434,0.001081535999999994,910.5978000000001,-126.7450061999998
14.444,0.0012593219999999933,877.8090000000001,-128.73386699999992
14.476,0.0012593219999999933,919.5402,-126.7450061999998
14.485999999999999,0.0014371079999999925,885.7578000000001,-126.7450061999998
14.495,0.0014371079999999925,911.5914,-126.7450061999998
14.505,0.0016148939999999917,881.7834,-128.73386699999992
14.514999999999999,0.0014371079999999925,910.5978000000001,-128.73386699999992
14.524,0.0012593219999999933,881.7834,-126.7450061999998
14.534,0.0014371079999999925,913.5786,-126.7450061999998
14.543999999999999,0.0014371079999999925,877.8090000000001,-128.73386699999992
14.552999999999999,0.0014371079999999925,910.5978000000001,-126.7450061999998
14.563,0.0014371079999999925,877.8090000000001,-130.72272780000003
14.572999999999999,0.0014371079999999925,910.5978000000001,-126.7450061999998
14.583,0.0016148939999999917,877.8090000000001,-126.7450061999998
14.592,0.0016148939999999917,906.6234000000001,-130.72272780000003
14.601999999999999,0.0012593219999999933,876.8154000000001,-128.73386699999992
14.612,0.0016148939999999917,905.6298,-128.73386699999992
14.621,0.0014371079999999925,880.7898,-128.73386699999992
14.630999999999998,0.0012593219999999933,903.6426,-126.7450061999998
14.639999999999999,0.0014371079999999925,883.7706000000001,-126.7450061999998
14.65,0.0014371079999999925,901.6554000000001,-128.73386699999992
14.660000000000002,0.001081535999999994,884.7642000000001,-124.75614539999992
14.67,0.0014371079999999925,897.681,-128.73386699999992
14.679,0.0014371079999999925,887.7450000000001,-126.7450061999998
14.689000000000002,0.0014371079999999925,892.7130000000001,-126.7450061999998
14.699,0.0014371079999999925,891.7194000000001,-128.73386699999992
14.708,0.0014371079999999925,889.7322,-126.7450061999998
14.718000000000002,0.0012593219999999933,893.7066000000001,-126.7450061999998
14.726999999999999,0.001792679999999991,885.7578000000001,-128.73386699999992
14.746,0.0014371079999999925,885.7578000000001,-130.72272780000003
14.755999999999998,0.001792679999999991,908.6106000000001,-128.73386699999992
14.764999999999999,0.0014371079999999925,879.7962000000001,-128.73386699999992
14.775,0.0014371079999999925,908.6106000000001,-126.7450061999998
14.785000000000002,0.0016148939999999917,878.8026000000001,-128.73386699999992
14.793999999999999,0.0012593219999999933,907.6170000000001,-124.75614539999992
14.804,0.0009037499999999948,875.8218,-126.7450061999998
14.836,0.0014371079999999925,916.5594000000001,-128.73386699999992
14.846000000000002,0.0016148939999999917,884.7642000000001,-128.73386699999992
14.854999999999999,0.0014371079999999925,909.6042000000001,-126.7450061999998
14.865,0.0012593219999999933,879.7962000000001,-128.73386699999992
14.875000000000002,0.0014371079999999925,905.6298,-130.72272780000003
14.883999999999999,0.0016148939999999917,879.7962000000001,-128.73386699999992
14.894,0.0012593219999999933,911.5914,-124.75614539999992
14.904000000000002,0.0014371079999999925,878.8026000000001,-126.7450061999998
14.912999999999998,0.0016148939999999917,908.6106000000001,-128.73386699999992
14.923,0.0012593219999999933,873.8346,-130.72272780000003
14.933000000000002,0.0014371079999999925,910.5978000000001,-126.7450061999998
14.943,0.001081535999999994,877.8090000000001,-126.7450061999998
14.952,0.0012593219999999933,908.6106000000001,-128.73386699999992
14.962000000000002,0.0014371079999999925,877.8090000000001,-128.73386699999992
14.972,0.0014371079999999925,905.6298,-128.73386699999992
14.981,0.0014371079999999925,876.8154000000001,-126.7450061999998
14.991000000000001,0.001081535999999994,906.6234000000001,-126.7450061999998
15.001,0.0014371079999999925,877.8090000000001,-128.73386699999992
15.01,0.0016148939999999917,901.6554000000001,-128.73386699999992
15.020000000000001,0.001081535999999994,881.7834,-126.7450061999998
15.03,0.0014371079999999925,897.681,-128.73386699999992
15.039,0.0012593219999999933,884.7642000000001,-126.7450061999998
15.049000000000001,0.0012593219999999933,894.7002000000001,-126.7450061999998
15.059,0.0014371079999999925,887.7450000000001,-130.72272780000003
15.068,0.0012593219999999933,892.7130000000001,-126.7450061999998
15.078000000000001,0.0012593219999999933,890.7258,-126.7450061999998
15.088,0.0016148939999999917,888.7386,-126.7450061999998
15.098,0.001081535999999994,893.7066000000001,-126.7450061999998
15.107000000000001,0.0016148939999999917,887.7450000000001,-128.73386699999992
15.116999999999999,0.001081535999999994,897.681,-124.75614539999992
15.127,0.0016148939999999917,882.777,-128.73386699999992
15.136000000000001,0.0014371079999999925,900.6618000000001,-126.7450061999998
15.145999999999999,0.0016148939999999917,878.8026000000001,-128.73386699999992
15.156,0.0012593219999999933,901.6554000000001,-124.75614539999992
15.165000000000001,0.0014371079999999925,876.8154000000001,-128.73386699999992
15.174999999999999,0.0014371079999999925,902.6490000000001,-126.7450061999998
15.196,0.0014371079999999925,909.6042000000001,-130.72272780000003
15.206000000000001,0.0014371079999999925,882.777,-126.7450061999998
15.215000000000002,0.0016148939999999917,903.6426,-128.73386699999992
15.225,0.0014371079999999925,877.8090000000001,-128.73386699999992
15.235000000000001,0.0016148939999999917,905.6298,-130.72272780000003
15.244000000000002,0.0012593219999999933,877.8090000000001,-126.7450061999998
15.254,0.0014371079999999925,906.6234000000001,-126.7450061999998
15.286,0.0014371079999999925,893.7066000000001,-130.72272780000003
15.296000000000001,0.0016148939999999917,908.6106000000001,-126.7450061999998
15.305000000000001,0.0016148939999999917,882.777,-126.7450061999998
15.315,0.0014371079999999925,906.6234000000001,-126.7450061999998
15.325000000000001,0.0016148939999999917,879.7962000000001,-128.73386699999992
15.334999999999999,0.0014371079999999925,908.6106000000001,-126.7450061999998
15.344,0.0014371079999999925,878.8026000000001,-126.7450061999998
15.354000000000001,0.001081535999999994,908.6106000000001,-126.7450061999998
15.363000000000001,0.0016148939999999917,875.8218,-128.73386699999992
15.373,0.0016148939999999917,906.6234000000001,-128.73386699999992
15.383000000000001,0.0012593219999999933,877.8090000000001,-126.7450061999998
15.392999999999999,0.0012593219999999933,908.6106000000001,-126.7450061999998
15.402,0.0012593219999999933,875.8218,-128.73386699999992
15.412,0.0012593219999999933,908.6106000000001,-128.73386699999992
15.421999999999999,0.0016148939999999917,876.8154000000001,-130.72272780000003
15.432,0.0016148939999999917,906.6234000000001,-126.7450061999998
15.441,0.0014371079999999925,876.8154000000001,-126.7450061999998
15.450999999999999,0.0012593219999999933,906.6234000000001,-124.75614539999992
15.461,0.0012593219999999933,878.8026000000001,-128.73386699999992
15.47,0.0012593219999999933,903.6426,-124.75614539999992
15.479999999999999,0.0016148939999999917,879.7962000000001,-128.73386699999992
15.49,0.0014371079999999925,899.6682000000001,-126.7450061999998
15.499,0.0016148939999999917,883.7706000000001,-126.7450061999998
15.508999999999999,0.0014371079999999925,896.6874,-126.7450061999998
15.519,0.0012593219999999933,885.7578000000001,-124.75614539999992
15.556,0.0014371079999999925,912.585,-130.72272780000003
15.566,0.0014371079999999925,887.7450000000001,-126.7450061999998
15.575000000000001,0.0012593219999999933,908.6106000000001,-126.7450061999998
15.584999999999999,0.001081535999999994,883.7706000000001,-124.75614539999992
15.595,0.0012593219999999933,904.6362,-128.73386699999992
15.604000000000001,0.0012593219999999933,878.8026000000001,-124.75614539999992
15.613999999999999,0.0014371079999999925,909.6042000000001,-126.7450061999998
15.645999999999999,0.0016148939999999917,897.681,-130.72272780000003
15.656,0.001081535999999994,907.6170000000001,-124.75614539999992
15.665000000000001,0.0012593219999999933,884.7642000000001,-126.7450061999998
15.674999999999999,0.0012593219999999933,908.6106000000001,-126.7450061999998
15.685,0.0012593219999999933,879.7962000000001,-130.72272780000003
15.694999999999999,0.0014371079999999925,908.6106000000001,-128.73386699999992
15.703999999999999,0.0014371079999999925,879.7962000000001,-126.7450061999998
15.714,0.0014371079999999925,909.6042000000001,-126.7450061999998
15.723,0.0014371079999999925,875.8218,-128.73386699999992
15.732999999999999,0.0012593219999999933,910.5978000000001,-126.7450061999998
15.743,0.0012593219999999933,879.7962000000001,-124.75614539999992
15.781,0.0014371079999999925,890.7258,-130.72272780000003
15.790999999999999,0.001081535999999994,914.5722000000001,-124.75614539999992
15.799999999999999,0.0014371079999999925,884.7642000000001,-128.73386699999992
15.81,0.0012593219999999933,906.6234000000001,-130.72272780000003
15.819999999999999,0.0012593219999999933,881.7834,-130.72272780000003
15.83,0.001081535999999994,904.6362,-126.7450061999998
15.839,0.0012593219999999933,884.7642000000001,-126.7450061999998
15.848999999999998,0.0012593219999999933,901.6554000000001,-128.73386699999992
15.857999999999999,0.0012593219999999933,888.7386,-126.7450061999998
15.868,0.0014371079999999925,897.681,-128.73386699999992
15.878000000000002,0.0012593219999999933,889.7322,-126.7450061999998
15.888,0.0014371079999999925,892.7130000000001,-126.7450061999998
15.897,0.001792679999999991,892.7130000000001,-128.73386699999992
15.907000000000002,0.0012593219999999933,889.7322,-128.73386699999992
15.917,0.0016148939999999917,896.6874,-126.7450061999998
15.926,0.0014371079999999925,887.7450000000001,-126.7450061999998
15.936000000000002,0.0012593219999999933,899.6682000000001,-126.7450061999998
15.946,0.0014371079999999925,882.777,-126.7450061999998
15.955,0.0014371079999999925,900.6618000000001,-128.73386699999992
15.965000000000002,0.0014371079999999925,881.7834,-126.7450061999998
15.975,0.0012593219999999933,905.6298,-126.7450061999998
16.006,0.0012593219999999933,898.6746,-128.73386699999992
16.016,0.0014371079999999925,905.6298,-126.7450061999998
16.025,0.0016148939999999917,885.7578000000001,-126.7450061999998
16.035000000000004,0.0012593219999999933,905.6298,-128.73386699999992
16.045,0.0012593219999999933,880.7898,-128.73386699999992
16.055,0.0014371079999999925,907.6170000000001,-126.7450061999998
16.064,0.0014371079999999925,880.7898,-126.7450061999998
16.073999999999998,0.0012593219999999933,906.6234000000001,-128.73386699999992
16.083,0.0014371079999999925,876.8154000000001,-126.7450061999998
16.093000000000004,0.0016148939999999917,908.6106000000001,-130.72272780000003
16.103,0.0014371079999999925,877.8090000000001,-126.7450061999998
16.113,0.0012593219999999933,909.6042000000001,-126.7450061999998
16.122,0.0012593219999999933,876.8154000000001,-124.75614539999992
16.131999999999998,0.0012593219999999933,907.6170000000001,-126.7450061999998
16.142000000000003,0.0016148939999999917,876.8154000000001,-128.73386699999992
16.151000000000003,0.0014371079999999925,907.6170000000001,-126.7450061999998
16.161,0.0012593219999999933,874.8282,-128.73386699999992
16.171,0.0012593219999999933,906.6234000000001,-126.7450061999998
16.180999999999997,0.0012593219999999933,876.8154000000001,-128.73386699999992
16.189999999999998,0.0012593219999999933,904.6362,-126.7450061999998
16.200000000000003,0.0012593219999999933,876.8154000000001,-126.7450061999998
16.209000000000003,0.0014371079999999925,901.6554000000001,-126.7450061999998
16.219,0.0012593219999999933,881.7834,-126.7450061999998
16.229,0.0014371079999999925,897.681,-130.72272780000003
16.238999999999997,0.0014371079999999925,880.7898,-128.73386699999992
16.247999999999998,0.0016148939999999917,895.6938,-126.7450061999998
16.258000000000003,0.0014371079999999925,884.7642000000001,-126.7450061999998
16.268,0.0012593219999999933,892.7130000000001,-128.73386699999992
16.277,0.0012593219999999933,888.7386,-126.7450061999998
16.287,0.0012593219999999933,890.7258,-126.7450061999998
16.296999999999997,0.001081535999999994,892.7130000000001,-124.75614539999992
16.305999999999997,0.0014371079999999925,886.7514000000001,-126.7450061999998
16.316000000000003,0.0012593219999999933,894.7002000000001,-128.73386699999992
16.326,0.0014371079999999925,884.7642000000001,-126.7450061999998
16.336,0.0012593219999999933,896.6874,-126.7450061999998
16.345,0.001081535999999994,880.7898,-126.7450061999998
16.354999999999997,0.0016148939999999917,900.6618000000001,-126.7450061999998
16.365000000000002,0.0012593219999999933,878.8026000000001,-128.73386699999992
16.374000000000002,0.0012593219999999933,903.6426,-126.7450061999998
16.384,0.0014371079999999925,876.8154000000001,-126.7450061999998
16.394,0.0016148939999999917,902.6490000000001,-126.7450061999998
16.403,0.0012593219999999933,875.8218,-128.73386699999992
16.412999999999997,0.0016148939999999917,906.6234000000001,-126.7450061999998
16.423000000000002,0.0014371079999999925,872.841,-126.7450061999998
16.432000000000002,0.001081535999999994,903.6426,-126.7450061999998
16.442,0.001081535999999994,873.8346,-124.75614539999992
16.456000000000003,0.0016148939999999917,902.6490000000001,-130.72272780000003
16.466,0.0012593219999999933,883.7706000000001,-128.73386699999992
16.476,0.0012593219999999933,896.6874,-126.7450061999998
16.485,0.001081535999999994,881.7834,-126.7450061999998
16.494999999999997,0.001081535999999994,901.6554000000001,-126.7450061999998
16.505000000000003,0.0014371079999999925,878.8026000000001,-126.7450061999998
16.514000000000003,0.0012593219999999933,899.6682000000001,-128.73386699999992
16.524,0.0016148939999999917,875.8218,-126.7450061999998
16.534,0.0012593219999999933,903.6426,-126.7450061999998
16.546,0.001792679999999991,889.7322,-130.72272780000003
16.555999999999997,0.0014371079999999925,894.7002000000001,-128.73386699999992
16.566000000000003,0.0012593219999999933,883.7706000000001,-126.7450061999998
16.575000000000003,0.0012593219999999933,898.6746,-126.7450061999998
16.585,0.0014371079999999925,879.7962000000001,-128.73386699999992
16.595,0.0014371079999999925,900.6618000000001,-128.73386699999992
16.604,0.0012593219999999933,878.8026000000001,-126.7450061999998
16.613999999999997,0.0012593219999999933,903.6426,-126.7450061999998
16.624000000000002,0.0012593219999999933,875.8218,-126.7450061999998
16.633000000000003,0.0012593219999999933,900.6618000000001,-130.72272780000003
16.643,0.0014371079999999925,874.8282,-128.73386699999992
16.653,0.0012593219999999933,903.6426,-128.73386699999992
16.662,0.0012593219999999933,872.841,-126.7450061999998
16.671999999999997,0.0014371079999999925,905.6298,-128.73386699999992
16.682000000000002,0.0012593219999999933,873.8346,-126.7450061999998
16.692,0.0016148939999999917,905.6298,-126.7450061999998
16.701,0.0016148939999999917,871.8474000000001,-128.73386699999992
16.711,0.0014371079999999925,903.6426,-126.7450061999998
16.721000000000004,0.001081535999999994,873.8346,-128.73386699999992
16.729999999999997,0.001081535999999994,902.6490000000001,-126.7450061999998
16.740000000000002,0.0012593219999999933,874.8282,-126.7450061999998
16.75,0.0014371079999999925,901.6554000000001,-126.7450061999998
16.759,0.001081535999999994,875.8218,-126.7450061999998
16.769,0.0014371079999999925,900.6618000000001,-126.7450061999998
16.779000000000003,0.0012593219999999933,878.8026000000001,-126.7450061999998
16.82,0.0014371079999999925,888.7386,-128.73386699999992
16.829,0.0014371079999999925,906.6234000000001,-128.73386699999992
16.860999999999997,0.0014371079999999925,888.7386,-126.7450061999998
16.906,0.0012593219999999933,907.6170000000001,-128.73386699999992
16.915999999999997,0.0016148939999999917,902.6490000000001,-128.73386699999992
16.926000000000002,0.0012593219999999933,894.7002000000001,-126.7450061999998
16.935000000000002,0.0014371079999999925,905.6298,-128.73386699999992
16.945,0.0012593219999999933,889.7322,-128.73386699999992
16.955,0.0012593219999999933,906.6234000000001,-53.15715660000001
16.964,0.0014371079999999925,886.7514000000001,-51.168295800000124
16.996000000000002,0.0012593219999999933,908.6106000000001,-53.15715660000001
17.006,0.0016148939999999917,895.6938,-53.15715660000001
17.016,0.0016148939999999917,903.6426,-53.15715660000001
17.025,0.0012593219999999933,889.7322,-53.15715660000001
17.035000000000004,0.001081535999999994,902.6490000000001,-55.14601739999989
17.045,0.0012593219999999933,887.7450000000001,22.41955380000013
17.054000000000002,0.0016148939999999917,906.6234000000001,22.41955380000013
17.086,0.0012593219999999933,904.6362,18.441832200000135
17.096000000000004,0.0016148939999999917,900.6618000000001,20.43069300000002
17.106,0.0016148939999999917,893.7066000000001,20.43069300000002
17.115000000000002,0.0012593219999999933,902.6490000000001,22.41955380000013
17.125,0.0014371079999999925,890.7258,18.441832200000135
17.134999999999998,0.0014371079999999925,904.6362,96.00740339999993
17.144,0.0014371079999999925,885.7578000000001,97.99626420000004
17.176000000000002,0.0012593219999999933,906.6234000000001,94.01854260000005
17.186,0.0012593219999999933,899.6682000000001,97.99626420000004
17.195999999999998,0.0012593219999999933,898.6746,96.00740339999993
17.205,0.001081535999999994,891.7194000000001,97.99626420000004
17.215000000000003,0.001081535999999994,906.6234000000001,97.99626420000004
17.225,0.001081535999999994,886.7514000000001,169.59525300000018
17.234,0.0014371079999999925,902.6490000000001,169.59525300000018
17.266,0.001081535999999994,907.6170000000001,171.58411380000007
17.276000000000003,0.0014371079999999925,897.681,169.59525300000018
17.286,0.0014371079999999925,894.7002000000001,171.58411380000007
17.295,0.0014371079999999925,902.6490000000001,173.57297459999995
17.305,0.0012593219999999933,890.7258,169.59525300000018
17.314999999999998,0.001081535999999994,900.6618000000001,245.17196339999987
17.323999999999998,0.001081535999999994,887.7450000000001,249.1496850000001
17.356,0.0014371079999999925,906.6234000000001,245.17196339999987
17.366,0.0012593219999999933,899.6682000000001,247.1608242000002
17.375999999999998,0.0012593219999999933,900.6618000000001,247.1608242000002
17.384999999999998,0.001081535999999994,893.7066000000001,247.1608242000002
17.395000000000003,0.0014371079999999925,904.6362,243.18310259999998
17.405,0.0014371079999999925,890.7258,322.7375345999999
17.414,0.0016148939999999917,902.6490000000001,318.7598130000001
17.445999999999998,0.0014371079999999925,907.6170000000001,320.7486738
17.456000000000003,0.0014371079999999925,900.6618000000001,324.7263954
17.466,0.0014371079999999925,895.6938,322.7375345999999
17.475,0.0012593219999999933,899.6682000000001,322.7375345999999
17.485,0.0012593219999999933,892.7130000000001,320.7486738
17.494999999999997,0.001081535999999994,901.6554000000001,322.7375345999999
17.503999999999998,0.001081535999999994,887.7450000000001,322.7375345999999
17.536,0.0012593219999999933,907.6170000000001,322.7375345999999
17.546,0.0016148939999999917,897.681,318.7598130000001
17.581000000000003,0.0014371079999999925,892.7130000000001,320.7486738
17.591,0.0012593219999999933,918.5466,322.7375345999999
17.601,0.0014371079999999925,882.777,320.7486738
17.61,0.0009037499999999948,914.5722000000001,324.7263954
17.619999999999997,0.0012593219999999933,881.7834,318.7598130000001
17.630000000000003,0.001081535999999994,911.5914,245.17196339999987
17.639000000000003,0.0014371079999999925,879.7962000000001,245.17196339999987
17.671,0.0014371079999999925,923.5146000000001,245.17196339999987
17.716,0.0016148939999999917,908.6106000000001,241.1942418000001
17.726,0.0014371079999999925,907.6170000000001,247.1608242000002
17.735999999999997,0.0014371079999999925,902.6490000000001,245.17196339999987
17.744999999999997,0.0014371079999999925,896.6874,243.18310259999998
17.755000000000003,0.0012593219999999933,904.6362,245.17196339999987
17.765,0.0016148939999999917,894.7002000000001,173.57297459999995
17.774,0.0012593219999999933,903.6426,169.59525300000018
17.805999999999997,0.0012593219999999933,912.585,169.59525300000018
17.816000000000003,0.0014371079999999925,898.6746,171.58411380000007
17.826,0.001081535999999994,902.6490000000001,173.57297459999995
17.835,0.0014371079999999925,899.6682000000001,171.58411380000007
17.845,0.001081535999999994,900.6618000000001,173.57297459999995
17.854999999999997,0.001081535999999994,900.6618000000001,96.00740339999993
17.896,0.0016148939999999917,905.6298,94.01854260000005
17.906,0.0014371079999999925,904.6362,96.00740339999993
17.915999999999997,0.0014371079999999925,898.6746,97.99626420000004
17.924999999999997,0.0014371079999999925,897.681,97.99626420000004
17.935000000000002,0.0014371079999999925,905.6298,94.01854260000005
17.945,0.0012593219999999933,894.7002000000001,22.41955380000013
17.954,0.0014371079999999925,901.6554000000001,20.43069300000002
17.985999999999997,0.0012593219999999933,911.5914,18.441832200000135
17.996000000000002,0.0016148939999999917,897.681,22.41955380000013
18.006,0.0012593219999999933,897.681,22.41955380000013
18.015,0.0012593219999999933,897.681,22.41955380000013
18.025,0.001081535999999994,895.6938,22.41955380000013
18.035000000000004,0.001081535999999994,900.6618000000001,-53.15715660000001
18.043999999999997,0.001081535999999994,892.7130000000001,-49.179434999999785
18.076,0.0014371079999999925,903.6426,-53.15715660000001
18.086,0.0014371079999999925,903.6426,-51.168295800000124
18.096000000000004,0.0016148939999999917,895.6938,-53.15715660000001
18.104999999999997,0.0014371079999999925,898.6746,-53.15715660000001
18.115000000000002,0.001081535999999994,899.6682000000001,-55.14601739999989
18.125,0.0014371079999999925,894.7002000000001,-126.7450061999998
18.165999999999997,0.0014371079999999925,913.5786,-128.73386699999992
18.176000000000002,0.0012593219999999933,895.6938,-128.73386699999992
18.186,0.0014371079999999925,902.6490000000001,-128.73386699999992
18.195,0.001792679999999991,898.6746,-128.73386699999992
18.205,0.001081535999999994,896.6874,-128.73386699999992
18.215000000000003,0.0014371079999999925,900.6618000000001,-126.7450061999998
18.223999999999997,0.0012593219999999933,893.7066000000001,-124.75614539999992
18.234,0.0012593219999999933,903.6426,-126.7450061999998
18.244,0.0014371079999999925,886.7514000000001,-128.73386699999992
18.253999999999998,0.001081535999999994,906.6234000000001,-128.73386699999992
18.262999999999998,0.0016148939999999917,886.7514000000001,-128.73386699999992
18.273000000000003,0.0016148939999999917,906.6234000000001,-126.7450061999998
18.283,0.0014371079999999925,881.7834,-126.7450061999998
18.292,0.0014371079999999925,906.6234000000001,-128.73386699999992
18.302,0.0014371079999999925,880.7898,-130.72272780000003
18.311999999999998,0.0012593219999999933,910.5978000000001,-126.7450061999998
18.320999999999998,0.0016148939999999917,879.7962000000001,-128.73386699999992
18.331000000000003,0.0016148939999999917,909.6042000000001,-126.7450061999998
18.341,0.0012593219999999933,877.8090000000001,-128.73386699999992
18.351,0.0012593219999999933,911.5914,-126.7450061999998
18.36,0.0012593219999999933,874.8282,-126.7450061999998
18.369999999999997,0.0014371079999999925,907.6170000000001,-126.7450061999998
18.378999999999998,0.0014371079999999925,875.8218,-126.7450061999998
18.389000000000003,0.001081535999999994,906.6234000000001,-128.73386699999992
18.399,0.0012593219999999933,878.8026000000001,-126.7450061999998
18.408,0.0014371079999999925,906.6234000000001,-126.7450061999998
18.418,0.0012593219999999933,876.8154000000001,-126.7450061999998
18.427999999999997,0.0016148939999999917,901.6554000000001,-128.73386699999992
18.438000000000002,0.001792679999999991,879.7962000000001,-128.73386699999992
18.447000000000003,0.0014371079999999925,901.6554000000001,-128.73386699999992
18.457,0.0012593219999999933,880.7898,-124.75614539999992
18.467,0.0014371079999999925,898.6746,-126.7450061999998
18.476999999999997,0.0012593219999999933,885.7578000000001,-126.7450061999998
18.485999999999997,0.0016148939999999917,896.6874,-126.7450061999998
18.496000000000002,0.0016148939999999917,882.777,-128.73386699999992
18.526000000000003,0.0014371079999999925,911.5914,-130.72272780000003
18.536,0.0012593219999999933,889.7322,-126.7450061999998
18.546,0.0012593219999999933,897.681,-124.75614539999992
18.555,0.0012593219999999933,889.7322,-128.73386699999992
18.564999999999998,0.0014371079999999925,893.7066000000001,-126.7450061999998
18.575000000000003,0.0014371079999999925,892.7130000000001,-128.73386699999992
18.584000000000003,0.0016148939999999917,889.7322,-126.7450061999998
18.616,0.0012593219999999933,898.6746,-128.73386699999992
18.625999999999998,0.0012593219999999933,902.6490000000001,-126.7450061999998
18.636000000000003,0.0014371079999999925,892.7130000000001,-126.7450061999998
18.645000000000003,0.0014371079999999925,897.681,-126.7450061999998
18.655,0.0016148939999999917,893.7066000000001,-130.72272780000003
18.665,0.0012593219999999933,894.7002000000001,-124.75614539999992
18.674999999999997,0.0012593219999999933,893.7066000000001,-124.75614539999992
18.683999999999997,0.0014371079999999925,889.7322,-128.73386699999992
18.694000000000003,0.0012593219999999933,895.6938,-128.73386699999992
18.704,0.0016148939999999917,886.7514000000001,-128.73386699999992
18.713,0.0014371079999999925,902.6490000000001,-126.7450061999998
18.723,0.0016148939999999917,880.7898,-128.73386699999992
18.732999999999997,0.0014371079999999925,903.6426,-128.73386699999992
18.741999999999997,0.0012593219999999933,878.8026000000001,-126.7450061999998
18.752000000000002,0.001792679999999991,903.6426,-128.73386699999992
18.762,0.0014371079999999925,877.8090000000001,-126.7450061999998
18.771,0.0012593219999999933,905.6298,-124.75614539999992
18.781,0.001081535999999994,876.8154000000001,-124.75614539999992
18.790999999999997,0.0014371079999999925,904.6362,-128.73386699999992
18.799999999999997,0.0014371079999999925,876.8154000000001,-124.75614539999992
18.810000000000002,0.0014371079999999925,908.6106000000001,-126.7450061999998
18.82,0.0012593219999999933,873.8346,-128.73386699999992
18.829,0.0012593219999999933,907.6170000000001,-124.75614539999992
18.839,0.0014371079999999925,873.8346,-130.72272780000003
18.848999999999997,0.0012593219999999933,905.6298,-126.7450061999998
18.857999999999997,0.0014371079999999925,872.841,-126.7450061999998
18.868000000000002,0.0014371079999999925,903.6426,-126.7450061999998
18.878,0.0012593219999999933,876.8154000000001,-128.73386699999992
18.887999999999998,0.001081535999999994,901.6554000000001,-126.7450061999998
18.897,0.0012593219999999933,877.8090000000001,-126.7450061999998
18.907000000000004,0.0012593219999999933,899.6682000000001,-126.7450061999998
18.915999999999997,0.0016148939999999917,879.7962000000001,-126.7450061999998
18.926000000000002,0.0012593219999999933,897.681,-128.73386699999992
18.936,0.0012593219999999933,880.7898,-126.7450061999998
18.945999999999998,0.0014371079999999925,894.7002000000001,-126.7450061999998
18.955,0.0012593219999999933,884.7642000000001,-126.7450061999998
18.965000000000003,0.0014371079999999925,889.7322,-126.7450061999998
18.975,0.0014371079999999925,889.7322,-130.72272780000003
18.984,0.0014371079999999925,888.7386,-126.7450061999998
18.994,0.0014371079999999925,890.7258,-128.73386699999992
19.003999999999998,0.0014371079999999925,884.7642000000001,-126.7450061999998
19.014000000000003,0.0016148939999999917,895.6938,-130.72272780000003
19.023000000000003,0.0014371079999999925,881.7834,-126.7450061999998
19.033,0.0012593219999999933,899.6682000000001,-126.7450061999998
19.042,0.0016148939999999917,877.8090000000001,-128.73386699999992
19.052,0.0014371079999999925,901.6554000000001,-126.7450061999998
19.061999999999998,0.0014371079999999925,873.8346,-130.72272780000003
19.070999999999998,0.0014371079999999925,904.6362,-124.75614539999992
19.081000000000003,0.0014371079999999925,873.8346,-128.73386699999992
19.091,0.0016148939999999917,904.6362,-126.7450061999998
19.1,0.0016148939999999917,872.841,-128.73386699999992
19.11,0.0012593219999999933,903.6426,-130.72272780000003
19.119999999999997,0.0012593219999999933,872.841,-126.7450061999998
19.156,0.0014371079999999925,890.7258,-128.73386699999992
19.165999999999997,0.0016148939999999917,904.6362,-126.7450061999998
19.176000000000002,0.0014371079999999925,883.7706000000001,-126.7450061999998
19.184999999999995,0.0014371079999999925,898.6746,-126.7450061999998
19.195,0.0012593219999999933,887.7450000000001,-128.73386699999992
19.205,0.0012593219999999933,893.7066000000001,-126.7450061999998
19.214999999999996,0.0016148939999999917,888.7386,-126.7450061999998
19.223999999999997,0.0016148939999999917,889.7322,-126.7450061999998
19.234,0.0014371079999999925,891.7194000000001,-126.7450061999998
19.244,0.001081535999999994,885.7578000000001,-130.72272780000003
19.253,0.0012593219999999933,893.7066000000001,-128.73386699999992
19.262999999999998,0.0016148939999999917,883.7706000000001,-126.7450061999998
19.272999999999996,0.0014371079999999925,898.6746,-126.7450061999998
19.283,0.0014371079999999925,879.7962000000001,-128.73386699999992
19.292,0.0014371079999999925,898.6746,-128.73386699999992
19.302,0.001081535999999994,879.7962000000001,-126.7450061999998
19.311999999999998,0.0012593219999999933,901.6554000000001,-126.7450061999998
19.320999999999998,0.0014371079999999925,874.8282,-126.7450061999998
19.330999999999996,0.0012593219999999933,898.6746,-128.73386699999992
19.341,0.0014371079999999925,876.8154000000001,-126.7450061999998
19.35,0.0012593219999999933,905.6298,-126.7450061999998
19.381,0.0014371079999999925,888.7386,-126.7450061999998
19.391,0.0014371079999999925,907.6170000000001,-126.7450061999998
19.400999999999996,0.0012593219999999933,877.8090000000001,-126.7450061999998
19.427,0.0012593219999999933,912.585,-126.7450061999998
19.436,0.0016148939999999917,885.7578000000001,-126.7450061999998
19.472,0.0012593219999999933,917.5530000000001,-128.73386699999992
19.481,0.0016148939999999917,885.7578000000001,-128.73386699999992
19.491,0.0012593219999999933,908.6106000000001,-126.7450061999998
19.5,0.001081535999999994,881.7834,-126.7450061999998
19.509999999999998,0.0014371079999999925,908.6106000000001,-128.73386699999992
19.519999999999996,0.0012593219999999933,878.8026000000001,-126.7450061999998
19.53,0.0014371079999999925,909.6042000000001,-126.7450061999998
19.539,0.0016148939999999917,877.8090000000001,-126.7450061999998
19.549,0.0012593219999999933,908.6106000000001,-126.7450061999998
19.558999999999997,0.0016148939999999917,878.8026000000001,-130.72272780000003
19.567999999999998,0.0014371079999999925,907.6170000000001,-126.7450061999998
19.577999999999996,0.0012593219999999933,874.8282,-128.73386699999992
19.588,0.0014371079999999925,907.6170000000001,-126.7450061999998
19.597,0.0012593219999999933,873.8346,-128.73386699999992
19.607,0.0012593219999999933,903.6426,-128.73386699999992
19.616999999999997,0.0014371079999999925,876.8154000000001,-128.73386699999992
19.625999999999998,0.0014371079999999925,902.6490000000001,-128.73386699999992
19.635999999999996,0.0014371079999999925,878.8026000000001,-126.7450061999998
19.646,0.0012593219999999933,895.6938,-130.72272780000003
19.655,0.0014371079999999925,881.7834,-128.73386699999992
19.665,0.0012593219999999933,895.6938,-126.7450061999998
19.674999999999997,0.0016148939999999917,883.7706000000001,-126.7450061999998
19.683999999999997,0.0016148939999999917,890.7258,-128.73386699999992
19.693999999999996,0.0012593219999999933,885.7578000000001,-130.72272780000003
19.704,0.0014371079999999925,887.7450000000001,-126.7450061999998
19.713,0.0012593219999999933,891.7194000000001,-124.75614539999992
19.723,0.0014371079999999925,885.7578000000001,-126.7450061999998
19.732999999999997,0.0016148939999999917,893.7066000000001,-128.73386699999992
19.741999999999997,0.0009037499999999948,880.7898,-126.7450061999998
19.751999999999995,0.0012593219999999933,899.6682000000001,-126.7450061999998
19.787,0.0014371079999999925,915.5658000000001,-128.73386699999992
19.796,0.0012593219999999933,881.7834,-128.73386699999992
19.805999999999997,0.0012593219999999933,903.6426,-126.7450061999998
19.815999999999995,0.0014371079999999925,882.777,-126.7450061999998
19.824999999999996,0.0014371079999999925,899.6682000000001,-128.73386699999992
19.835,0.0012593219999999933,883.7706000000001,-128.73386699999992
19.845,0.0012593219999999933,896.6874,-126.7450061999998
19.854,0.001081535999999994,887.7450000000001,-126.7450061999998
19.863999999999997,0.0012593219999999933,891.7194000000001,-126.7450061999998
19.873999999999995,0.001792679999999991,887.7450000000001,-132.7115885999999
19.882999999999996,0.0012593219999999933,888.7386,-124.75614539999992
19.893,0.0016148939999999917,893.7066000000001,-126.7450061999998
19.903,0.0014371079999999925,886.7514000000001,-126.7450061999998
19.912,0.0014371079999999925,897.681,-128.73386699999992
19.921999999999997,0.0012593219999999933,880.7898,-128.73386699999992
19.931999999999995,0.001081535999999994,899.6682000000001,-126.7450061999998
19.940999999999995,0.0016148939999999917,877.8090000000001,-126.7450061999998
19.951,0.0014371079999999925,897.681,-128.73386699999992
19.961,0.001081535999999994,876.8154000000001,-126.7450061999998
19.970999999999997,0.0016148939999999917,903.6426,-124.75614539999992
19.979999999999997,0.001081535999999994,872.841,-126.7450061999998
19.989999999999995,0.001081535999999994,902.6490000000001,-126.7450061999998
19.998999999999995,0.001081535999999994,871.8474000000001,-126.7450061999998
20.009,0.0016148939999999917,902.6490000000001,-130.72272780000003
20.019,0.0014371079999999925,872.841,-126.7450061999998
20.028999999999996,0.0012593219999999933,905.6298,-124.75614539999992
20.037999999999997,0.0012593219999999933,871.8474000000001,-126.7450061999998
20.048000000000002,0.0016148939999999917,905.6298,-128.73386699999992
20.058,0.0016148939999999917,873.8346,-128.73386699999992
20.067,0.0014371079999999925,903.6426,-126.7450061999998
20.101999999999997,0.0014371079999999925,891.7194000000001,-128.73386699999992
20.110999999999997,0.0014371079999999925,905.6298,-124.75614539999992
20.120999999999995,0.0014371079999999925,878.8026000000001,-126.7450061999998
20.131,0.0012593219999999933,904.6362,-126.7450061999998
20.14,0.0014371079999999925,876.8154000000001,-128.73386699999992
20.15,0.0012593219999999933,905.6298,-124.75614539999992
20.159999999999997,0.001081535999999994,877.8090000000001,-126.7450061999998
20.168999999999997,0.0016148939999999917,906.6234000000001,-126.7450061999998
20.178999999999995,0.0014371079999999925,871.8474000000001,-128.73386699999992
20.189,0.0012593219999999933,907.6170000000001,-128.73386699999992
20.198,0.0014371079999999925,873.8346,-126.7450061999998
20.208,0.0014371079999999925,906.6234000000001,-124.75614539999992
20.237000000000002,0.0016148939999999917,887.7450000000001,-130.72272780000003
20.245999999999995,0.001792679999999991,905.6298,-128.73386699999992
20.256,0.0012593219999999933,879.7962000000001,-126.7450061999998
20.266,0.0014371079999999925,901.6554000000001,-128.73386699999992
20.275,0.0016148939999999917,880.7898,-130.72272780000003
20.284999999999997,0.0012593219999999933,899.6682000000001,-126.7450061999998
20.295,0.0014371079999999925,881.7834,-126.7450061999998
20.303999999999995,0.0014371079999999925,892.7130000000001,-126.7450061999998
20.314,0.0012593219999999933,886.7514000000001,-126.7450061999998
20.323999999999998,0.0012593219999999933,893.7066000000001,-128.73386699999992
20.333,0.0016148939999999917,887.7450000000001,-128.73386699999992
20.375,0.0016148939999999917,895.6938,-53.15715660000001
20.384,0.0014371079999999925,899.6682000000001,-53.15715660000001
20.417,0.0012593219999999933,892.7130000000001,-53.15715660000001
20.426000000000002,0.0014371079999999925,913.5786,-51.168295800000124
20.436,0.0012593219999999933,881.7834,-53.15715660000001
20.445999999999998,0.0014371079999999925,906.6234000000001,-53.15715660000001
20.455,0.0012593219999999933,881.7834,-55.14601739999989
20.464999999999996,0.001081535999999994,902.6490000000001,-51.168295800000124
20.475,0.0012593219999999933,883.7706000000001,-53.15715660000001
20.484,0.0014371079999999925,897.681,-53.15715660000001
20.494,0.0012593219999999933,889.7322,-53.15715660000001
20.503999999999998,0.0014371079999999925,893.7066000000001,-55.14601739999989
20.512999999999998,0.0014371079999999925,888.7386,-53.15715660000001
20.522999999999996,0.0014371079999999925,891.7194000000001,-51.168295800000124
20.533,0.0012593219999999933,892.7130000000001,-53.15715660000001
20.545,0.0012593219999999933,887.7450000000001,-51.168295800000124
20.555,0.0016148939999999917,887.7450000000001,24.408414600000015
20.597,0.0012593219999999933,891.7194000000001,20.43069300000002
20.606,0.0012593219999999933,911.5914,20.43069300000002
20.616,0.0014371079999999925,881.7834,20.43069300000002
20.625999999999998,0.0012593219999999933,906.6234000000001,22.41955380000013
20.634999999999998,0.0016148939999999917,883.7706000000001,20.43069300000002
20.644999999999996,0.0012593219999999933,905.6298,24.408414600000015
20.655,0.0012593219999999933,883.7706000000001,22.41955380000013
20.664,0.0016148939999999917,899.6682000000001,22.41955380000013
20.674,0.0012593219999999933,887.7450000000001,24.408414600000015
20.683999999999997,0.0014371079999999925,896.6874,20.43069300000002
20.693999999999996,0.0012593219999999933,887.7450000000001,22.41955380000013
20.702999999999996,0.0014371079999999925,891.7194000000001,20.43069300000002
20.713,0.0014371079999999925,892.7130000000001,20.43069300000002
20.725,0.0012593219999999933,884.7642000000001,18.441832200000135
20.735,0.0014371079999999925,884.7642000000001,94.01854260000005
20.744999999999997,0.0014371079999999925,898.6746,96.00740339999993
20.777,0.0014371079999999925,886.7514000000001,94.01854260000005
20.786,0.0012593219999999933,909.6042000000001,97.99626420000004
20.796,0.0016148939999999917,879.7962000000001,96.00740339999993
20.805999999999997,0.0014371079999999925,904.6362,94.01854260000005
20.814999999999998,0.0012593219999999933,881.7834,94.01854260000005
20.824999999999996,0.0014371079999999925,903.6426,97.99626420000004
20.835,0.0016148939999999917,880.7898,96.00740339999993
20.844,0.0012593219999999933,899.6682000000001,96.00740339999993
20.854,0.0012593219999999933,884.7642000000001,99.98512500000015
20.863999999999997,0.001081535999999994,893.7066000000001,96.00740339999993
20.872999999999998,0.0012593219999999933,887.7450000000001,96.00740339999993
20.882999999999996,0.0012593219999999933,892.7130000000001,97.99626420000004
20.893,0.0012593219999999933,890.7258,97.99626420000004
20.905,0.0016148939999999917,885.7578000000001,94.01854260000005
20.915,0.0014371079999999925,883.7706000000001,169.59525300000018
20.924999999999997,0.0014371079999999925,897.681,169.59525300000018
20.957,0.0014371079999999925,885.7578000000001,173.57297459999995
21.001999999999995,0.0012593219999999933,898.6746,169.59525300000018
21.010999999999996,0.001081535999999994,906.6234000000001,173.57297459999995
21.021,0.0014371079999999925,886.7514000000001,169.59525300000018
21.03,0.0014371079999999925,906.6234000000001,171.58411380000007
21.046999999999997,0.0012593219999999933,918.5466,171.58411380000007
21.055999999999997,0.0014371079999999925,880.7898,173.57297459999995
21.065999999999995,0.0014371079999999925,910.5978000000001,173.57297459999995
21.076,0.0014371079999999925,880.7898,171.58411380000007
21.085,0.001081535999999994,904.6362,169.59525300000018
21.095,0.001970466000000004,881.7834,171.58411380000007
21.104999999999997,0.0012593219999999933,904.6362,173.57297459999995
21.113999999999997,0.0014371079999999925,882.777,171.58411380000007
21.123999999999995,0.0012593219999999933,900.6618000000001,173.57297459999995
21.134,0.001081535999999994,886.7514000000001,169.59525300000018
21.144,0.0012593219999999933,896.6874,245.17196339999987
21.153,0.001792679999999991,884.7642000000001,243.18310259999998
21.181999999999995,0.0012593219999999933,894.7002000000001,243.18310259999998
21.190999999999995,0.0012593219999999933,902.6490000000001,247.1608242000002
21.201,0.0012593219999999933,888.7386,245.17196339999987
21.211,0.0014371079999999925,902.6490000000001,245.17196339999987
21.22,0.0012593219999999933,880.7898,241.1942418000001
21.229999999999997,0.0012593219999999933,903.6426,245.17196339999987
21.239999999999995,0.0012593219999999933,879.7962000000001,247.1608242000002
21.248999999999995,0.0014371079999999925,904.6362,245.17196339999987
21.259,0.0014371079999999925,875.8218,245.17196339999987
21.269,0.0012593219999999933,905.6298,245.17196339999987
21.278,0.0012593219999999933,874.8282,247.1608242000002
21.32,0.0014371079999999925,893.7066000000001,322.7375345999999
21.33,0.001081535999999994,911.5914,322.7375345999999
21.362000000000002,0.0012593219999999933,902.6490000000001,322.7375345999999
21.406999999999996,0.0014371079999999925,926.4954,318.7598130000001
21.415999999999997,0.0016148939999999917,884.7642000000001,320.7486738
21.426000000000002,0.0014371079999999925,916.5594000000001,322.7375345999999
21.436,0.0014371079999999925,882.777,320.7486738
21.445,0.0016148939999999917,911.5914,320.7486738
21.455,0.0016148939999999917,882.777,320.7486738
21.464999999999996,0.0016148939999999917,907.6170000000001,320.7486738
21.497,0.0012593219999999933,891.7194000000001,322.7375345999999
21.545,0.0016148939999999917,923.5146000000001,320.7486738
21.555,0.0016148939999999917,889.7322,320.7486738
21.586999999999996,0.0012593219999999933,926.4954,318.7598130000001
21.595999999999997,0.0014371079999999925,884.7642000000001,320.7486738
21.606,0.0014371079999999925,917.5530000000001,322.7375345999999
21.616,0.0014371079999999925,882.777,320.7486738
21.625999999999998,0.0012593219999999933,911.5914,318.7598130000001
21.634999999999998,0.0014371079999999925,884.7642000000001,320.7486738
21.644999999999996,0.0012593219999999933,909.6042000000001,320.7486738
21.653999999999996,0.0016148939999999917,886.7514000000001,322.7375345999999
21.664,0.0016148939999999917,905.6298,320.7486738
21.674,0.0012593219999999933,887.7450000000001,318.7598130000001
21.683999999999997,0.0014371079999999925,903.6426,320.7486738
21.692999999999998,0.0014371079999999925,885.7578000000001,320.7486738
21.702999999999996,0.0014371079999999925,898.6746,322.7375345999999
21.714999999999996,0.001081535999999994,891.7194000000001,322.7375345999999
21.725,0.0012593219999999933,911.5914,245.17196339999987
21.766999999999996,0.0014371079999999925,923.5146000000001,243.18310259999998
21.775999999999996,0.0016148939999999917,882.777,245.17196339999987
21.786,0.0012593219999999933,912.585,245.17196339999987
21.796,0.001081535999999994,881.7834,249.1496850000001
21.805,0.0012593219999999933,906.6234000000001,241.1942418000001
21.814999999999998,0.0016148939999999917,881.7834,245.17196339999987
21.824999999999996,0.0014371079999999925,907.6170000000001,247.1608242000002
21.833999999999996,0.0012593219999999933,882.777,245.17196339999987
21.844,0.0012593219999999933,902.6490000000001,247.1608242000002
21.854,0.0014371079999999925,881.7834,243.18310259999998
21.863,0.0014371079999999925,900.6618000000001,245.17196339999987
21.872999999999998,0.0014371079999999925,884.7642000000001,245.17196339999987
21.882999999999996,0.0014371079999999925,898.6746,247.1608242000002
21.894999999999996,0.001081535999999994,889.7322,245.17196339999987
21.905,0.0012593219999999933,912.585,173.57297459999995
21.915,0.001081535999999994,877.8090000000001,169.59525300000018
21.946999999999996,0.0014371079999999925,921.5274000000001,169.59525300000018
21.955999999999996,0.0014371079999999925,878.8026000000001,169.59525300000018
21.966,0.0014371079999999925,911.5914,171.58411380000007
21.976,0.0016148939999999917,878.8026000000001,171.58411380000007
21.985999999999997,0.0012593219999999933,908.6106000000001,169.59525300000018
21.994999999999997,0.001081535999999994,877.8090000000001,171.58411380000007
22.004999999999995,0.0014371079999999925,906.6234000000001,169.59525300000018
22.015,0.0012593219999999933,878.8026000000001,171.58411380000007
22.024,0.0012593219999999933,902.6490000000001,169.59525300000018
22.034,0.0014371079999999925,880.7898,171.58411380000007
22.043999999999997,0.0012593219999999933,903.6426,173.57297459999995
22.052999999999997,0.0012593219999999933,881.7834,173.57297459999995
22.062999999999995,0.0014371079999999925,897.681,171.58411380000007
22.074999999999996,0.0014371079999999925,885.7578000000001,169.59525300000018
22.085,0.0016148939999999917,909.6042000000001,96.00740339999993
22.095,0.0014371079999999925,875.8218,96.00740339999993
22.126999999999995,0.001081535999999994,919.5402,96.00740339999993
22.135999999999996,0.0014371079999999925,880.7898,97.99626420000004
22.146,0.0016148939999999917,910.5978000000001,94.01854260000005
22.156,0.0014371079999999925,875.8218,94.01854260000005
22.165,0.0012593219999999933,903.6426,92.02968179999993
22.174999999999997,0.001081535999999994,875.8218,97.99626420000004
22.184999999999995,0.0012593219999999933,907.6170000000001,96.00740339999993
22.193999999999996,0.0014371079999999925,876.8154000000001,96.00740339999993
22.204,0.0014371079999999925,900.6618000000001,96.00740339999993
22.217,0.0014371079999999925,878.8026000000001,94.01854260000005
22.226,0.001081535999999994,905.6298,96.00740339999993
22.235999999999997,0.0012593219999999933,875.8218,96.00740339999993
22.245999999999995,0.0012593219999999933,907.6170000000001,96.00740339999993
22.256,0.001081535999999994,873.8346,92.02968179999993
22.265,0.0012593219999999933,906.6234000000001,22.41955380000013
22.275,0.0014371079999999925,873.8346,20.43069300000002
22.306999999999995,0.0014371079999999925,916.5594000000001,18.441832200000135
22.315999999999995,0.0014371079999999925,878.8026000000001,20.43069300000002
22.326,0.0014371079999999925,911.5914,22.41955380000013
22.336,0.001792679999999991,876.8154000000001,20.43069300000002
22.345999999999997,0.0014371079999999925,909.6042000000001,20.43069300000002
22.354999999999997,0.0012593219999999933,875.8218,22.41955380000013
22.364999999999995,0.0014371079999999925,906.6234000000001,20.43069300000002
22.375,0.0016148939999999917,875.8218,22.41955380000013
22.384,0.0014371079999999925,904.6362,22.41955380000013
22.394,0.0014371079999999925,878.8026000000001,18.441832200000135
22.403999999999996,0.0012593219999999933,900.6618000000001,22.41955380000013
22.412999999999997,0.0014371079999999925,879.7962000000001,20.43069300000002
22.423000000000002,0.0014371079999999925,898.6746,20.43069300000002
22.434999999999995,0.0014371079999999925,883.7706000000001,20.43069300000002
22.445,0.0012593219999999933,909.6042000000001,-51.168295800000124
22.487000000000002,0.001081535999999994,920.5338,-53.15715660000001
22.497,0.0014371079999999925,879.7962000000001,-53.15715660000001
22.506,0.001792679999999991,911.5914,-53.15715660000001
22.516,0.0014371079999999925,876.8154000000001,-53.15715660000001
22.525999999999996,0.0014371079999999925,908.6106000000001,-53.15715660000001
22.534999999999997,0.0014371079999999925,875.8218,-51.168295800000124
22.545,0.0014371079999999925,905.6298,-53.15715660000001
22.576999999999998,0.0012593219999999933,887.7450000000001,-55.14601739999989
22.586999999999996,0.0012593219999999933,912.585,-53.15715660000001
22.595999999999997,0.0016148939999999917,878.8026000000001,-53.15715660000001
22.606,0.0014371079999999925,909.6042000000001,-51.168295800000124
22.616,0.0014371079999999925,878.8026000000001,-55.14601739999989
22.625,0.001081535999999994,908.6106000000001,-126.7450061999998
22.667,0.0012593219999999933,922.5210000000001,-126.7450061999998
22.677,0.0012593219999999933,881.7834,-126.7450061999998
22.686,0.0014371079999999925,913.5786,-126.7450061999998
22.695999999999998,0.0016148939999999917,878.8026000000001,-126.7450061999998
22.705999999999996,0.001792679999999991,908.6106000000001,-130.72272780000003
22.714999999999996,0.0012593219999999933,877.8090000000001,-126.7450061999998
22.725,0.0016148939999999917,910.5978000000001,-126.7450061999998
22.735,0.0012593219999999933,878.8026000000001,-124.75614539999992
22.744,0.0016148939999999917,907.6170000000001,-126.7450061999998
22.753999999999998,0.0014371079999999925,877.8090000000001,-128.73386699999992
22.763999999999996,0.0012593219999999933,906.6234000000001,-126.7450061999998
22.772999999999996,0.001081535999999994,879.7962000000001,-124.75614539999992
22.783,0.0012593219999999933,901.6554000000001,-126.7450061999998
22.793,0.0014371079999999925,881.7834,-128.73386699999992
22.802,0.0014371079999999925,897.681,-128.73386699999992
22.811999999999998,0.0016148939999999917,882.777,-128.73386699999992
22.821999999999996,0.0012593219999999933,894.7002000000001,-124.75614539999992
22.830999999999996,0.0012593219999999933,887.7450000000001,-126.7450061999998
22.841,0.0014371079999999925,887.7450000000001,-130.72272780000003
22.851,0.0014371079999999925,889.7322,-128.73386699999992
22.86,0.0012593219999999933,887.7450000000001,-126.7450061999998
22.869999999999997,0.0016148939999999917,891.7194000000001,-128.73386699999992
22.879999999999995,0.0012593219999999933,883.7706000000001,-126.7450061999998
22.89,0.0012593219999999933,894.7002000000001,-128.73386699999992
22.899,0.0016148939999999917,880.7898,-128.73386699999992
22.909,0.0016148939999999917,896.6874,-128.73386699999992
22.918,0.0014371079999999925,876.8154000000001,-128.73386699999992
22.927999999999997,0.0016148939999999917,899.6682000000001,-130.72272780000003
22.937999999999995,0.0012593219999999933,876.8154000000001,-126.7450061999998
22.948,0.0016148939999999917,900.6618000000001,-128.73386699999992
22.957,0.0016148939999999917,872.841,-128.73386699999992
22.967,0.0014371079999999925,903.6426,-126.7450061999998
22.976999999999997,0.0012593219999999933,870.8538000000001,-128.73386699999992
22.985999999999997,0.0012593219999999933,901.6554000000001,-126.7450061999998
22.995999999999995,0.0012593219999999933,871.8474000000001,-126.7450061999998
23.006,0.0014371079999999925,904.6362,-126.7450061999998
23.015,0.0014371079999999925,870.8538000000001,-126.7450061999998
23.025,0.0016148939999999917,899.6682000000001,-132.7115885999999
23.034999999999997,0.0014371079999999925,871.8474000000001,-128.73386699999992
23.071999999999996,0.0014371079999999925,895.6938,-126.7450061999998
23.116999999999997,0.0014371079999999925,891.7194000000001,-128.73386699999992
23.126999999999995,0.0014371079999999925,914.5722000000001,-126.7450061999998
23.135999999999996,0.0012593219999999933,879.7962000000001,-124.75614539999992
23.146,0.0014371079999999925,910.5978000000001,-128.73386699999992
23.156,0.0012593219999999933,875.8218,-128.73386699999992
23.165,0.001081535999999994,910.5978000000001,-126.7450061999998
23.174999999999997,0.0012593219999999933,876.8154000000001,-126.7450061999998
23.184999999999995,0.0012593219999999933,909.6042000000001,-124.75614539999992
23.193999999999996,0.0012593219999999933,875.8218,-126.7450061999998
23.204,0.0016148939999999917,905.6298,-128.73386699999992
23.214,0.001081535999999994,875.8218,-128.73386699999992
23.223,0.0014371079999999925,903.6426,-128.73386699999992
23.232999999999997,0.0014371079999999925,876.8154000000001,-128.73386699999992
23.242999999999995,0.0014371079999999925,901.6554000000001,-126.7450061999998
23.251999999999995,0.0012593219999999933,880.7898,-128.73386699999992
23.262,0.0014371079999999925,897.681,-126.7450061999998
23.272,0.0012593219999999933,881.7834,-128.73386699999992
23.281,0.0012593219999999933,894.7002000000001,-126.7450061999998
23.290999999999997,0.0016148939999999917,884.7642000000001,-128.73386699999992
23.301000000000002,0.0014371079999999925,891.7194000000001,-126.7450061999998
23.311,0.0012593219999999933,886.7514000000001,-128.73386699999992
23.32,0.0014371079999999925,886.7514000000001,-126.7450061999998
23.33,0.0016148939999999917,889.7322,-130.72272780000003
23.339999999999996,0.0012593219999999933,884.7642000000001,-128.73386699999992
23.348999999999997,0.0016148939999999917,895.6938,-126.7450061999998
23.387,0.0014371079999999925,914.5722000000001,-128.73386699999992
23.397,0.0014371079999999925,881.7834,-126.7450061999998
23.406,0.0016148939999999917,908.6106000000001,-128.73386699999992
23.415999999999997,0.0012593219999999933,877.8090000000001,-126.7450061999998
23.426000000000002,0.0014371079999999925,908.6106000000001,-124.75614539999992
23.434999999999995,0.0016148939999999917,873.8346,-126.7450061999998
23.445,0.0012593219999999933,906.6234000000001,-128.73386699999992
23.476999999999997,0.0014371079999999925,888.7386,-128.73386699999992
23.487000000000002,0.0012593219999999933,909.6042000000001,-126.7450061999998
23.495999999999995,0.0014371079999999925,877.8090000000001,-128.73386699999992
23.506,0.0014371079999999925,909.6042000000001,-126.7450061999998
23.516,0.001081535999999994,874.8282,-128.73386699999992
23.525,0.0012593219999999933,909.6042000000001,-126.7450061999998
23.534999999999997,0.0012593219999999933,873.8346,-128.73386699999992
23.545,0.0014371079999999925,906.6234000000001,-126.7450061999998
23.553999999999995,0.0014371079999999925,872.841,-126.7450061999998
23.564,0.0014371079999999925,906.6234000000001,-128.73386699999992
23.573999999999998,0.0012593219999999933,871.8474000000001,-128.73386699999992
23.583,0.0014371079999999925,904.6362,-126.7450061999998
23.592999999999996,0.0014371079999999925,875.8218,-128.73386699999992
23.603,0.0009037499999999948,901.6554000000001,-126.7450061999998
23.612000000000002,0.0014371079999999925,878.8026000000001,-128.73386699999992
23.622,0.0012593219999999933,897.681,-126.7450061999998
23.631999999999998,0.0014371079999999925,878.8026000000001,-126.7450061999998
23.641,0.0012593219999999933,896.6874,-126.7450061999998
23.650999999999996,0.001081535999999994,882.777,-128.73386699999992
23.661,0.0014371079999999925,893.7066000000001,-126.7450061999998
23.671,0.0012593219999999933,881.7834,-128.73386699999992
23.68,0.0014371079999999925,887.7450000000001,-128.73386699999992
23.689999999999998,0.0016148939999999917,885.7578000000001,-128.73386699999992
23.699999999999996,0.001081535999999994,886.7514000000001,-130.72272780000003
23.708999999999996,0.0014371079999999925,890.7258,-126.7450061999998
23.719,0.0014371079999999925,881.7834,-128.73386699999992
23.729,0.0012593219999999933,895.6938,-126.7450061999998
23.738,0.0012593219999999933,879.7962000000001,-128.73386699999992
23.747999999999998,0.0012593219999999933,895.6938,-128.73386699999992
23.757999999999996,0.0014371079999999925,875.8218,-126.7450061999998
23.768,0.0014371079999999925,897.681,-126.7450061999998
23.777,0.0014371079999999925,876.8154000000001,-126.7450061999998
23.787,0.0012593219999999933,899.6682000000001,-130.72272780000003
23.796999999999997,0.0014371079999999925,871.8474000000001,-128.73386699999992
23.805999999999997,0.0012593219999999933,901.6554000000001,-126.7450061999998
23.815999999999995,0.0014371079999999925,870.8538000000001,-126.7450061999998
23.824999999999996,0.0012593219999999933,903.6426,-126.7450061999998
23.835,0.0012593219999999933,870.8538000000001,-130.72272780000003
23.845,0.0012593219999999933,902.6490000000001,-126.7450061999998
23.854999999999997,0.0012593219999999933,870.8538000000001,-128.73386699999992
23.863999999999997,0.0014371079999999925,901.6554000000001,-128.73386699999992
23.873999999999995,0.001081535999999994,867.873,-128.73386699999992
23.884,0.001081535999999994,902.6490000000001,-126.7450061999998
23.893,0.0016148939999999917,871.8474000000001,-126.7450061999998
23.927,0.0014371079999999925,910.5978000000001,-130.72272780000003
23.936999999999998,0.0014371079999999925,877.8090000000001,-126.7450061999998
23.945999999999998,0.0012593219999999933,902.6490000000001,-126.7450061999998
23.955999999999996,0.001081535999999994,874.8282,-128.73386699999992
23.966,0.0007259639999999956,903.6426,-126.7450061999998
23.975,0.001081535999999994,873.8346,-124.75614539999992
23.985,0.0016148939999999917,905.6298,-126.7450061999998
23.994999999999997,0.001081535999999994,872.841,-124.75614539999992
24.003999999999998,0.0014371079999999925,902.6490000000001,-130.72272780000003
24.013999999999996,0.0012593219999999933,870.8538000000001,-130.72272780000003
24.024,0.0014371079999999925,903.6426,-126.7450061999998
24.033,0.0012593219999999933,869.8602000000001,-128.73386699999992
24.043,0.0014371079999999925,902.6490000000001,-126.7450061999998
24.052999999999997,0.0014371079999999925,871.8474000000001,-128.73386699999992
24.062999999999995,0.0014371079999999925,900.6618000000001,-128.73386699999992
24.071999999999996,0.0012593219999999933,873.8346,-128.73386699999992
24.082,0.0014371079999999925,896.6874,-126.7450061999998
24.091,0.0016148939999999917,873.8346,-128.73386699999992
24.101,0.001081535999999994,892.7130000000001,-130.72272780000003
24.110999999999997,0.0012593219999999933,878.8026000000001,-128.73386699999992
24.120999999999995,0.0014371079999999925,892.7130000000001,-126.7450061999998
24.129999999999995,0.0012593219999999933,881.7834,-126.7450061999998
24.14,0.0012593219999999933,888.7386,-128.73386699999992
24.15,0.0014371079999999925,884.7642000000001,-130.72272780000003
24.159,0.0014371079999999925,884.7642000000001,-126.7450061999998
24.168999999999997,0.0016148939999999917,889.7322,-126.7450061999998
24.178999999999995,0.0014371079999999925,880.7898,-128.73386699999992
24.187999999999995,0.0014371079999999925,890.7258,-128.73386699999992
24.198,0.0014371079999999925,878.8026000000001,-128.73386699999992
24.208,0.0014371079999999925,894.7002000000001,-128.73386699999992
24.217,0.0016148939999999917,874.8282,-126.7450061999998
24.226999999999997,0.0012593219999999933,896.6874,-128.73386699999992
24.237000000000002,0.0012593219999999933,872.841,-126.7450061999998
24.245999999999995,0.001081535999999994,899.6682000000001,-124.75614539999992
24.256,0.001081535999999994,870.8538000000001,-128.73386699999992
24.287,0.0016148939999999917,910.5978000000001,-128.73386699999992
24.296999999999997,0.0012593219999999933,879.7962000000001,-126.7450061999998
24.305999999999997,0.0012593219999999933,900.6618000000001,-126.7450061999998
24.315999999999995,0.001081535999999994,873.8346,-126.7450061999998
24.326,0.0012593219999999933,902.6490000000001,-128.73386699999992
24.336,0.0012593219999999933,873.8346,-126.7450061999998
24.345,0.0014371079999999925,903.6426,-126.7450061999998
24.354999999999997,0.0014371079999999925,871.8474000000001,-126.7450061999998
24.363999999999997,0.0012593219999999933,903.6426,-124.75614539999992
24.373999999999995,0.0014371079999999925,866.8794,-132.7115885999999
24.384,0.0012593219999999933,904.6362,-126.7450061999998
24.394,0.0014371079999999925,868.8666000000001,-128.73386699999992
24.403,0.0014371079999999925,901.6554000000001,-128.73386699999992
24.412999999999997,0.0012593219999999933,869.8602000000001,-128.73386699999992
24.423000000000002,0.0014371079999999925,903.6426,-126.7450061999998
24.431999999999995,0.0012593219999999933,868.8666000000001,-128.73386699999992
24.442,0.0014371079999999925,898.6746,-128.73386699999992
24.451999999999998,0.001081535999999994,874.8282,-124.75614539999992
24.461,0.001081535999999994,897.681,-126.7450061999998
24.470999999999997,0.0014371079999999925,875.8218,-128.73386699999992
24.481,0.0014371079999999925,893.7066000000001,-126.7450061999998
24.489999999999995,0.0016148939999999917,877.8090000000001,-126.7450061999998
24.5,0.0012593219999999933,890.7258,-124.75614539999992
24.509999999999998,0.0012593219999999933,879.7962000000001,-130.72272780000003
24.519,0.0016148939999999917,885.7578000000001,-128.73386699999992
24.528999999999996,0.0012593219999999933,884.7642000000001,-126.7450061999998
24.539,0.0014371079999999925,884.7642000000001,-126.7450061999998
24.548000000000002,0.001792679999999991,890.7258,-128.73386699999992
24.558,0.0016148939999999917,880.7898,-128.73386699999992
24.567999999999998,0.0014371079999999925,891.7194000000001,-128.73386699999992
24.576999999999998,0.0012593219999999933,876.8154000000001,-126.7450061999998
24.586999999999996,0.0014371079999999925,894.7002000000001,-126.7450061999998
24.597,0.0014371079999999925,874.8282,-128.73386699999992
24.607,0.0014371079999999925,896.6874,-128.73386699999992
24.616,0.0012593219999999933,872.841,-126.7450061999998
24.625999999999998,0.0014371079999999925,895.6938,-126.7450061999998
24.635999999999996,0.001081535999999994,870.8538000000001,-124.75614539999992
24.644999999999996,0.0012593219999999933,896.6874,-128.73386699999992
24.655,0.0014371079999999925,868.8666000000001,-126.7450061999998
24.665,0.0012593219999999933,900.6618000000001,-126.7450061999998
24.674,0.0016148939999999917,867.873,-128.73386699999992
24.683999999999997,0.0012593219999999933,899.6682000000001,-128.73386699999992
24.693999999999996,0.001792679999999991,867.873,-128.73386699999992
24.704,0.0014371079999999925,901.6554000000001,-126.7450061999998
24.713,0.0014371079999999925,867.873,-126.7450061999998
24.723,0.0012593219999999933,900.6618000000001,-126.7450061999998
24.732999999999997,0.0014371079999999925,870.8538000000001,-128.73386699999992
24.741999999999997,0.0012593219999999933,899.6682000000001,-126.7450061999998
24.751999999999995,0.0014371079999999925,867.873,-128.73386699999992
24.762,0.0012593219999999933,896.6874,-126.7450061999998
24.781999999999996,0.0012593219999999933,908.6106000000001,-128.73386699999992
24.792,0.0014371079999999925,871.8474000000001,-128.73386699999992
24.801000000000002,0.0012593219999999933,899.6682000000001,-126.7450061999998
24.811,0.0016148939999999917,873.8346,-128.73386699999992
24.820999999999998,0.0012593219999999933,895.6938,-128.73386699999992
24.830999999999996,0.001081535999999994,874.8282,-126.7450061999998
24.839999999999996,0.0014371079999999925,892.7130000000001,-128.73386699999992
24.85,0.0012593219999999933,875.8218,-128.73386699999992
24.859,0.0016148939999999917,888.7386,-126.7450061999998
24.869,0.0014371079999999925,880.7898,-132.7115885999999
24.878999999999998,0.0014371079999999925,884.7642000000001,-128.73386699999992
24.888999999999996,0.0016148939999999917,881.7834,-128.73386699999992
24.897999999999996,0.0014371079999999925,882.777,-126.7450061999998
24.908,0.0014371079999999925,889.7322,-128.73386699999992
24.918,0.0014371079999999925,878.8026000000001,-128.73386699999992
24.927,0.0014371079999999925,892.7130000000001,-126.7450061999998
24.936999999999998,0.0012593219999999933,876.8154000000001,-126.7450061999998
24.946999999999996,0.0014371079999999925,894.7002000000001,-128.73386699999992
24.955999999999996,0.0014371079999999925,873.8346,-128.73386699999992
24.966,0.0014371079999999925,894.7002000000001,-128.73386699999992
24.976,0.0012593219999999933,870.8538000000001,-126.7450061999998
24.985,0.0014371079999999925,897.681,-126.7450061999998
24.994999999999997,0.0014371079999999925,869.8602000000001,-128.73386699999992
25.004999999999995,0.001081535999999994,893.7066000000001,-132.7115885999999
25.013999999999996,0.0016148939999999917,869.8602000000001,-126.7450061999998
25.024,0.0014371079999999925,899.6682000000001,-128.73386699999992
25.034,0.0014371079999999925,867.873,-128.73386699999992
25.043999999999997,0.0012593219999999933,900.6618000000001,-126.7450061999998
25.052999999999997,0.0012593219999999933,866.8794,-126.7450061999998
25.062999999999995,0.0012593219999999933,899.6682000000001,-126.7450061999998
25.073,0.001081535999999994,867.873,-124.75614539999992
25.082,0.0014371079999999925,900.6618000000001,-126.7450061999998
25.092,0.0012593219999999933,868.8666000000001,-132.7115885999999
25.101999999999997,0.0014371079999999925,899.6682000000001,-126.7450061999998
25.112000000000002,0.0012593219999999933,868.8666000000001,-126.7450061999998
25.120999999999995,0.0014371079999999925,898.6746,-126.7450061999998
25.131,0.0014371079999999925,871.8474000000001,-128.73386699999992
25.141999999999996,0.0016148939999999917,901.6554000000001,-128.73386699999992
25.152,0.0014371079999999925,871.8474000000001,-126.7450061999998
25.161,0.0016148939999999917,897.681,-128.73386699999992
25.171,0.0012593219999999933,869.8602000000001,-126.7450061999998
25.186999999999998,0.0014371079999999925,899.6682000000001,-130.72272780000003
25.196999999999996,0.0014371079999999925,878.8026000000001,-128.73386699999992
25.205999999999996,0.0014371079999999925,894.7002000000001,-126.7450061999998
25.216,0.0012593219999999933,874.8282,-126.7450061999998
25.226,0.0009037499999999948,893.7066000000001,-128.73386699999992
25.235,0.0016148939999999917,871.8474000000001,-126.7450061999998
25.244999999999997,0.0014371079999999925,898.6746,-128.73386699999992
25.254999999999995,0.0012593219999999933,869.8602000000001,-128.73386699999992
25.263999999999996,0.0012593219999999933,900.6618000000001,-126.7450061999998
25.274,0.0014371079999999925,866.8794,-128.73386699999992
25.284,0.0012593219999999933,900.6618000000001,-126.7450061999998
25.293999999999997,0.0012593219999999933,867.873,-126.7450061999998
25.302999999999997,0.001792679999999991,900.6618000000001,-128.73386699999992
25.312999999999995,0.0016148939999999917,865.8858,-128.73386699999992
25.323,0.0014371079999999925,899.6682000000001,-130.72272780000003
25.332,0.0014371079999999925,864.8922000000001,-128.73386699999992
25.342,0.0016148939999999917,899.6682000000001,-126.7450061999998
25.351999999999997,0.0012593219999999933,868.8666000000001,-126.7450061999998
25.360999999999997,0.0016148939999999917,897.681,-130.72272780000003
25.370999999999995,0.0014371079999999925,869.8602000000001,-128.73386699999992
25.381,0.001081535999999994,898.6746,-124.75614539999992
25.39,0.0014371079999999925,871.8474000000001,-128.73386699999992
25.4,0.0014371079999999925,893.7066000000001,-126.7450061999998
25.409999999999997,0.001081535999999994,874.8282,-128.73386699999992
25.42,0.0014371079999999925,891.7194000000001,-126.7450061999998
25.428999999999995,0.0014371079999999925,874.8282,-128.73386699999992
25.439,0.0012593219999999933,887.7450000000001,-128.73386699999992
25.448999999999998,0.0014371079999999925,878.8026000000001,-128.73386699999992
25.458,0.0014371079999999925,885.7578000000001,-126.7450061999998
25.467999999999996,0.0012593219999999933,881.7834,-128.73386699999992
25.478,0.001081535999999994,882.777,-126.7450061999998
25.487000000000002,0.0012593219999999933,886.7514000000001,-126.7450061999998
25.497,0.0014371079999999925,878.8026000000001,-130.72272780000003
25.506999999999998,0.0012593219999999933,890.7258,-124.75614539999992
25.516,0.0016148939999999917,875.8218,-128.73386699999992
25.525999999999996,0.0012593219999999933,892.7130000000001,-128.73386699999992
25.536,0.0014371079999999925,874.8282,-124.75614539999992
25.546,0.0016148939999999917,896.6874,-128.73386699999992
25.555,0.0016148939999999917,871.8474000000001,-128.73386699999992
25.564999999999998,0.0016148939999999917,896.6874,-128.73386699999992
25.573999999999998,0.0014371079999999925,869.8602000000001,-126.7450061999998
25.583999999999996,0.0016148939999999917,898.6746,-126.7450061999998
25.594,0.0012593219999999933,867.873,-126.7450061999998
25.604,0.0016148939999999917,899.6682000000001,-126.7450061999998
25.613,0.0012593219999999933,868.8666000000001,-124.75614539999992
25.622999999999998,0.0014371079999999925,900.6618000000001,-126.7450061999998
25.632999999999996,0.0012593219999999933,867.873,-128.73386699999992
25.641999999999996,0.0014371079999999925,900.6618000000001,-128.73386699999992
25.652,0.0014371079999999925,865.8858,-128.73386699999992
25.662,0.0014371079999999925,896.6874,-130.72272780000003
25.671,0.0014371079999999925,866.8794,-128.73386699999992
25.680999999999997,0.0012593219999999933,899.6682000000001,-128.73386699999992
25.690999999999995,0.0016148939999999917,867.873,-53.15715660000001
25.699999999999996,0.0014371079999999925,896.6874,-51.168295800000124
25.726999999999997,0.0012593219999999933,893.7066000000001,-55.14601739999989
25.737000000000002,0.0016148939999999917,883.7706000000001,-53.15715660000001
25.747,0.0016148939999999917,892.7130000000001,-53.15715660000001
25.756,0.0014371079999999925,878.8026000000001,-53.15715660000001
25.766,0.0012593219999999933,892.7130000000001,-55.14601739999989
25.775999999999996,0.001792679999999991,873.8346,-55.14601739999989
25.784999999999997,0.0012593219999999933,896.6874,-51.168295800000124
25.795,0.0012593219999999933,871.8474000000001,-53.15715660000001
25.803999999999995,0.0012593219999999933,898.6746,-53.15715660000001
25.814,0.0014371079999999925,868.8666000000001,-57.1348782
25.823999999999998,0.0012593219999999933,898.6746,-53.15715660000001
25.833999999999996,0.0014371079999999925,868.8666000000001,-53.15715660000001
25.842999999999996,0.0012593219999999933,899.6682000000001,-51.168295800000124
25.853,0.0014371079999999925,868.8666000000001,-53.15715660000001
25.863,0.0014371079999999925,901.6554000000001,-53.15715660000001
25.872,0.0016148939999999917,866.8794,-53.15715660000001
25.881999999999998,0.0014371079999999925,899.6682000000001,-51.168295800000124
25.891999999999996,0.0016148939999999917,866.8794,-53.15715660000001
25.902,0.0012593219999999933,898.6746,-55.14601739999989
25.911,0.0014371079999999925,866.8794,-53.15715660000001
25.921,0.0014371079999999925,898.6746,-51.168295800000124
25.93,0.0014371079999999925,868.8666000000001,-53.15715660000001
25.939999999999998,0.0014371079999999925,893.7066000000001,-53.15715660000001
25.949999999999996,0.0012593219999999933,871.8474000000001,-53.15715660000001
25.958999999999996,0.0012593219999999933,891.7194000000001,-53.15715660000001
25.997,0.0014371079999999925,895.6938,-53.15715660000001
26.006999999999998,0.001081535999999994,892.7130000000001,-53.15715660000001
26.016999999999996,0.0012593219999999933,883.7706000000001,-51.168295800000124
26.025999999999996,0.0014371079999999925,892.7130000000001,-51.168295800000124
26.036,0.001081535999999994,877.8090000000001,-57.1348782
26.046,0.0012593219999999933,895.6938,-51.168295800000124
26.055,0.0012593219999999933,877.8090000000001,-53.15715660000001
26.064999999999998,0.0012593219999999933,895.6938,-51.168295800000124
26.074999999999996,0.0009037499999999948,874.8282,-49.179434999999785
26.083999999999996,0.0012593219999999933,897.681,-57.1348782
26.094,0.0012593219999999933,871.8474000000001,-51.168295800000124
26.104,0.0012593219999999933,901.6554000000001,-51.168295800000124
26.113,0.0014371079999999925,868.8666000000001,-51.168295800000124
26.122999999999998,0.0014371079999999925,897.681,-53.15715660000001
26.132999999999996,0.0016148939999999917,871.8474000000001,-53.15715660000001
26.141999999999996,0.0009037499999999948,900.6618000000001,-53.15715660000001
26.152,0.0014371079999999925,867.873,-53.15715660000001
26.162,0.0014371079999999925,901.6554000000001,-51.168295800000124
26.171,0.0014371079999999925,865.8858,-57.1348782
26.180999999999997,0.0012593219999999933,900.6618000000001,-51.168295800000124
26.190999999999995,0.0012593219999999933,870.8538000000001,-51.168295800000124
26.199999999999996,0.0014371079999999925,898.6746,-53.15715660000001
26.21,0.0014371079999999925,867.873,-53.15715660000001
26.22,0.0012593219999999933,896.6874,-55.14601739999989
26.229,0.0014371079999999925,871.8474000000001,-51.168295800000124
26.238999999999997,0.0012593219999999933,893.7066000000001,-51.168295800000124
26.248999999999995,0.001081535999999994,874.8282,-51.168295800000124
26.260999999999996,0.001081535999999994,888.7386,-53.15715660000001
26.271,0.0014371079999999925,871.8474000000001,20.43069300000002
26.28,0.001081535999999994,898.6746,24.408414600000015
26.311999999999998,0.0014371079999999925,880.7898,20.43069300000002
26.357,0.0016148939999999917,901.6554000000001,20.43069300000002
26.366999999999997,0.0014371079999999925,892.7130000000001,22.41955380000013
26.376999999999995,0.0016148939999999917,890.7258,22.41955380000013
26.385999999999996,0.0014371079999999925,893.7066000000001,20.43069300000002
26.396,0.0012593219999999933,883.7706000000001,20.43069300000002
26.406,0.001081535999999994,896.6874,22.41955380000013
26.415,0.0014371079999999925,883.7706000000001,24.408414600000015
26.424999999999997,0.0014371079999999925,898.6746,20.43069300000002
26.434999999999995,0.0014371079999999925,879.7962000000001,22.41955380000013
26.443999999999996,0.0014371079999999925,899.6682000000001,20.43069300000002
26.454,0.0012593219999999933,876.8154000000001,22.41955380000013
26.464,0.0016148939999999917,900.6618000000001,22.41955380000013
26.473,0.0012593219999999933,872.841,22.41955380000013
26.482999999999997,0.0012593219999999933,899.6682000000001,20.43069300000002
26.492999999999995,0.0014371079999999925,869.8602000000001,20.43069300000002
26.501999999999995,0.0012593219999999933,902.6490000000001,22.41955380000013
26.512,0.0012593219999999933,872.841,24.408414600000015
26.522,0.0016148939999999917,901.6554000000001,22.41955380000013
26.531,0.0014371079999999925,870.8538000000001,20.43069300000002
26.540999999999997,0.0012593219999999933,901.6554000000001,22.41955380000013
26.551000000000002,0.0016148939999999917,869.8602000000001,20.43069300000002
26.559999999999995,0.0014371079999999925,900.6618000000001,20.43069300000002
26.57,0.0014371079999999925,869.8602000000001,22.41955380000013
26.58,0.0014371079999999925,898.6746,20.43069300000002
26.589999999999996,0.0012593219999999933,871.8474000000001,22.41955380000013
26.598999999999997,0.0014371079999999925,895.6938,20.43069300000002
26.609,0.0012593219999999933,875.8218,24.408414600000015
26.617999999999995,0.0016148939999999917,893.7066000000001,18.441832200000135
26.628,0.0012593219999999933,876.8154000000001,22.41955380000013
26.637999999999998,0.0014371079999999925,891.7194000000001,22.41955380000013
26.647999999999996,0.0014371079999999925,877.8090000000001,22.41955380000013
26.656999999999996,0.0016148939999999917,887.7450000000001,22.41955380000013
26.667,0.0014371079999999925,879.7962000000001,16.452971400000024
26.677,0.0014371079999999925,883.7706000000001,22.41955380000013
26.686,0.0012593219999999933,883.7706000000001,22.41955380000013
26.695999999999998,0.001081535999999994,882.777,24.408414600000015
26.705999999999996,0.0012593219999999933,887.7450000000001,20.43069300000002
26.714999999999996,0.0012593219999999933,877.8090000000001,18.441832200000135
26.725,0.0014371079999999925,892.7130000000001,22.41955380000013
26.762,0.0012593219999999933,915.5658000000001,22.41955380000013
26.806999999999995,0.0014371079999999925,898.6746,20.43069300000002
26.817,0.0012593219999999933,898.6746,22.41955380000013
26.826999999999998,0.0012593219999999933,889.7322,20.43069300000002
26.836,0.001081535999999994,892.7130000000001,24.408414600000015
26.845999999999997,0.0012593219999999933,892.7130000000001,18.441832200000135
26.856,0.0014371079999999925,886.7514000000001,22.41955380000013
26.864999999999995,0.0016148939999999917,891.7194000000001,22.41955380000013
26.875,0.0012593219999999933,882.777,24.408414600000015
26.884999999999998,0.0014371079999999925,898.6746,22.41955380000013
26.894,0.0014371079999999925,880.7898,20.43069300000002
26.903999999999996,0.0016148939999999917,899.6682000000001,94.01854260000005
26.914,0.0012593219999999933,876.8154000000001,96.00740339999993
26.942,0.0012593219999999933,911.5914,96.00740339999993
26.951999999999998,0.0012593219999999933,875.8218,96.00740339999993
26.961999999999996,0.0014371079999999925,905.6298,96.00740339999993
26.970999999999997,0.0014371079999999925,872.841,96.00740339999993
26.981,0.0016148939999999917,904.6362,92.02968179999993
26.991,0.0014371079999999925,871.8474000000001,96.00740339999993
27.0,0.001081535999999994,904.6362,97.99626420000004
27.009999999999998,0.0012593219999999933,872.841,96.00740339999993
27.019999999999996,0.0016148939999999917,903.6426,96.00740339999993
27.03,0.0014371079999999925,871.8474000000001,94.01854260000005
27.039,0.0014371079999999925,899.6682000000001,94.01854260000005
27.049,0.0014371079999999925,872.841,94.01854260000005
27.058,0.0012593219999999933,895.6938,96.00740339999993
27.076999999999998,0.0014371079999999925,901.6554000000001,96.00740339999993
27.086999999999996,0.0016148939999999917,882.777,96.00740339999993
27.097,0.0014371079999999925,889.7322,96.00740339999993
27.106,0.0016148939999999917,885.7578000000001,96.00740339999993
27.116,0.0014371079999999925,886.7514000000001,94.01854260000005
27.125999999999998,0.0014371079999999925,888.7386,96.00740339999993
27.134999999999998,0.0014371079999999925,883.7706000000001,96.00740339999993
27.144999999999996,0.0016148939999999917,891.7194000000001,94.01854260000005
27.155,0.0014371079999999925,878.8026000000001,94.01854260000005
27.167,0.0014371079999999925,883.7706000000001,92.02968179999993
27.177,0.0014371079999999925,892.7130000000001,97.99626420000004
27.186999999999998,0.0012593219999999933,881.7834,96.00740339999993
27.195999999999998,0.001081535999999994,885.7578000000001,97.99626420000004
27.205999999999996,0.0016148939999999917,885.7578000000001,96.00740339999993
27.216,0.001081535999999994,884.7642000000001,97.99626420000004
27.225,0.001081535999999994,888.7386,96.00740339999993
27.256999999999998,0.0014371079999999925,904.6362,96.00740339999993
27.302,0.0012593219999999933,919.5402,94.01854260000005
27.311999999999998,0.0012593219999999933,881.7834,97.99626420000004
27.321999999999996,0.0014371079999999925,908.6106000000001,96.00740339999993
27.330999999999996,0.0016148939999999917,876.8154000000001,94.01854260000005
27.341,0.0014371079999999925,909.6042000000001,94.01854260000005
27.351,0.0016148939999999917,875.8218,97.99626420000004
27.36,0.0014371079999999925,906.6234000000001,96.00740339999993
27.369999999999997,0.0014371079999999925,874.8282,96.00740339999993
27.379999999999995,0.0014371079999999925,904.6362,96.00740339999993
27.388999999999996,0.0014371079999999925,870.8538000000001,94.01854260000005
27.399,0.0012593219999999933,902.6490000000001,96.00740339999993
27.409,0.0016148939999999917,873.8346,96.00740339999993
27.418,0.0012593219999999933,899.6682000000001,96.00740339999993
27.427999999999997,0.0012593219999999933,874.8282,94.01854260000005
27.437999999999995,0.0016148939999999917,897.681,94.01854260000005
27.448,0.0012593219999999933,874.8282,96.00740339999993
27.457,0.0012593219999999933,895.6938,96.00740339999993
27.467,0.0012593219999999933,879.7962000000001,96.00740339999993
27.476999999999997,0.0009037499999999948,894.7002000000001,96.00740339999993
27.485999999999997,0.0012593219999999933,881.7834,171.58411380000007
27.495999999999995,0.0014371079999999925,887.7450000000001,171.58411380000007
27.527,0.0012593219999999933,886.7514000000001,171.58411380000007
27.537,0.001081535999999994,899.6682000000001,173.57297459999995
27.546999999999997,0.0016148939999999917,882.777,171.58411380000007
27.555999999999997,0.0014371079999999925,893.7066000000001,171.58411380000007
27.565999999999995,0.0014371079999999925,887.7450000000001,169.59525300000018
27.576,0.001081535999999994,888.7386,173.57297459999995
27.585,0.0014371079999999925,886.7514000000001,171.58411380000007
27.595,0.0012593219999999933,883.7706000000001,171.58411380000007
27.604999999999997,0.0012593219999999933,891.7194000000001,171.58411380000007
27.614999999999995,0.0014371079999999925,881.7834,169.59525300000018
27.623999999999995,0.0012593219999999933,893.7066000000001,171.58411380000007
27.634,0.0012593219999999933,877.8090000000001,171.58411380000007
27.643,0.0012593219999999933,895.6938,169.59525300000018
27.653,0.0014371079999999925,873.8346,169.59525300000018
27.662999999999997,0.0012593219999999933,895.6938,171.58411380000007
27.673000000000002,0.0014371079999999925,872.841,171.58411380000007
27.681999999999995,0.001081535999999994,899.6682000000001,171.58411380000007
27.692,0.0012593219999999933,871.8474000000001,173.57297459999995
27.701999999999998,0.0012593219999999933,901.6554000000001,169.59525300000018
27.711,0.0012593219999999933,869.8602000000001,171.58411380000007
27.720999999999997,0.001081535999999994,900.6618000000001,171.58411380000007
27.731,0.0012593219999999933,868.8666000000001,171.58411380000007
27.739999999999995,0.0012593219999999933,901.6554000000001,173.57297459999995
27.75,0.0016148939999999917,866.8794,167.60639220000007
27.759999999999998,0.001081535999999994,901.6554000000001,173.57297459999995
27.769999999999996,0.0012593219999999933,867.873,171.58411380000007
27.778999999999996,0.0016148939999999917,899.6682000000001,171.58411380000007
27.789,0.0012593219999999933,868.8666000000001,167.60639220000007
27.799,0.0014371079999999925,900.6618000000001,171.58411380000007
27.808,0.0012593219999999933,868.8666000000001,171.58411380000007
27.817999999999998,0.0012593219999999933,895.6938,171.58411380000007
27.827999999999996,0.0012593219999999933,871.8474000000001,171.58411380000007
27.836999999999996,0.0012593219999999933,892.7130000000001,167.60639220000007
27.847,0.001081535999999994,872.841,173.57297459999995
27.857,0.0014371079999999925,892.7130000000001,171.58411380000007
27.866,0.0014371079999999925,876.8154000000001,171.58411380000007
27.875999999999998,0.0014371079999999925,888.7386,171.58411380000007
27.885999999999996,0.0016148939999999917,878.8026000000001,169.59525300000018
27.896,0.0014371079999999925,885.7578000000001,173.57297459999995
27.905,0.0014371079999999925,881.7834,171.58411380000007
27.915,0.0012593219999999933,880.7898,171.58411380000007
27.924999999999997,0.0016148939999999917,887.7450000000001,167.60639220000007
27.933999999999997,0.0012593219999999933,879.7962000000001,169.59525300000018
27.943999999999996,0.0016148939999999917,888.7386,171.58411380000007
27.954,0.0009037499999999948,875.8218,171.58411380000007
27.963,0.001081535999999994,892.7130000000001,173.57297459999995
27.973,0.0014371079999999925,873.8346,169.59525300000018
27.982999999999997,0.0016148939999999917,893.7066000000001,171.58411380000007
27.991999999999997,0.0012593219999999933,872.841,171.58411380000007
28.001999999999995,0.0012593219999999933,897.681,171.58411380000007
28.012,0.0014371079999999925,870.8538000000001,173.57297459999995
28.022,0.0012593219999999933,898.6746,171.58411380000007
28.031,0.0014371079999999925,867.873,171.58411380000007
28.040999999999997,0.0014371079999999925,898.6746,171.58411380000007
28.049999999999997,0.0012593219999999933,866.8794,171.58411380000007
28.070999999999998,0.0012593219999999933,876.8154000000001,247.1608242000002
28.08,0.0012593219999999933,901.6554000000001,247.1608242000002
28.112000000000002,0.0014371079999999925,886.7514000000001,245.17196339999987
28.122,0.0012593219999999933,901.6554000000001,245.17196339999987
28.131999999999998,0.0014371079999999925,874.8282,243.18310259999998
28.141,0.0012593219999999933,902.6490000000001,245.17196339999987
28.150999999999996,0.0012593219999999933,872.841,243.18310259999998
28.161,0.0014371079999999925,902.6490000000001,245.17196339999987
28.171,0.0016148939999999917,868.8666000000001,245.17196339999987
28.18,0.0012593219999999933,901.6554000000001,245.17196339999987
28.189999999999998,0.0012593219999999933,869.8602000000001,247.1608242000002
28.199999999999996,0.0012593219999999933,901.6554000000001,245.17196339999987
28.208999999999996,0.0012593219999999933,867.873,247.1608242000002
28.219,0.0012593219999999933,901.6554000000001,247.1608242000002
28.229,0.0014371079999999925,869.8602000000001,245.17196339999987
28.238,0.0014371079999999925,897.681,243.18310259999998
28.247999999999998,0.001081535999999994,867.873,243.18310259999998
28.257999999999996,0.0014371079999999925,898.6746,245.17196339999987
28.266999999999996,0.0012593219999999933,870.8538000000001,247.1608242000002
28.277,0.0016148939999999917,893.7066000000001,245.17196339999987
28.287,0.0012593219999999933,870.8538000000001,245.17196339999987
28.296,0.0014371079999999925,890.7258,245.17196339999987
28.305999999999997,0.0012593219999999933,876.8154000000001,247.1608242000002
28.336999999999996,0.0012593219999999933,907.6170000000001,243.18310259999998
28.347,0.0012593219999999933,875.8218,245.17196339999987
28.357,0.0012593219999999933,898.6746,245.17196339999987
28.366,0.0012593219999999933,878.8026000000001,249.1496850000001
28.375999999999998,0.0016148939999999917,893.7066000000001,243.18310259999998
28.385999999999996,0.0009037499999999948,880.7898,249.1496850000001
28.394999999999996,0.0014371079999999925,889.7322,245.17196339999987
28.427,0.001081535999999994,882.777,243.18310259999998
28.436999999999998,0.0014371079999999925,902.6490000000001,245.17196339999987
28.446999999999996,0.0014371079999999925,879.7962000000001,247.1608242000002
28.455999999999996,0.0014371079999999925,896.6874,247.1608242000002
28.466,0.0016148939999999917,877.8090000000001,239.205381
28.476,0.0012593219999999933,893.7066000000001,247.1608242000002
28.485999999999997,0.0014371079999999925,881.7834,245.17196339999987
28.494999999999997,0.001081535999999994,888.7386,247.1608242000002
28.504999999999995,0.0012593219999999933,883.7706000000001,245.17196339999987
28.515,0.0016148939999999917,886.7514000000001,243.18310259999998
28.524,0.0014371079999999925,886.7514000000001,245.17196339999987
28.561999999999998,0.0012593219999999933,908.6106000000001,243.18310259999998
28.571999999999996,0.0014371079999999925,881.7834,245.17196339999987
28.582,0.0012593219999999933,900.6618000000001,243.18310259999998
28.591,0.0012593219999999933,876.8154000000001,247.1608242000002
28.601,0.0012593219999999933,900.6618000000001,241.1942418000001
28.610999999999997,0.0014371079999999925,874.8282,247.1608242000002
28.620999999999995,0.0012593219999999933,902.6490000000001,245.17196339999987
28.629999999999995,0.0014371079999999925,870.8538000000001,245.17196339999987
28.64,0.0012593219999999933,904.6362,245.17196339999987
28.65,0.0012593219999999933,872.841,243.18310259999998
28.659,0.0012593219999999933,904.6362,322.7375345999999
28.668999999999997,0.0012593219999999933,868.8666000000001,322.7375345999999
28.696999999999996,0.0012593219999999933,909.6042000000001,322.7375345999999
28.707,0.0014371079999999925,877.8090000000001,320.7486738
28.717,0.0012593219999999933,900.6618000000001,320.7486738
28.726,0.0012593219999999933,877.8090000000001,322.7375345999999
28.735999999999997,0.0016148939999999917,898.6746,318.7598130000001
28.745999999999995,0.0012593219999999933,875.8218,320.7486738
28.756,0.0014371079999999925,895.6938,322.7375345999999
28.765,0.001081535999999994,879.7962000000001,320.7486738
28.775,0.0012593219999999933,891.7194000000001,322.7375345999999
28.784999999999997,0.0012593219999999933,881.7834,320.7486738
28.793999999999997,0.0014371079999999925,887.7450000000001,322.7375345999999
28.803999999999995,0.001081535999999994,887.7450000000001,324.7263954
28.814,0.0014371079999999925,883.7706000000001,322.7375345999999
28.823,0.0016148939999999917,888.7386,318.7598130000001
28.833,0.0014371079999999925,881.7834,322.7375345999999
28.842999999999996,0.0012593219999999933,892.7130000000001,320.7486738
28.851999999999997,0.0014371079999999925,875.8218,322.7375345999999
28.862000000000002,0.0014371079999999925,894.7002000000001,320.7486738
28.872,0.0012593219999999933,872.841,318.7598130000001
28.881999999999998,0.0016148939999999917,896.6874,318.7598130000001
28.891,0.0014371079999999925,870.8538000000001,320.7486738
28.900999999999996,0.0012593219999999933,897.681,322.7375345999999
28.909999999999997,0.001081535999999994,869.8602000000001,322.7375345999999
28.92,0.0014371079999999925,899.6682000000001,320.7486738
28.93,0.001081535999999994,867.873,322.7375345999999
28.939999999999998,0.0012593219999999933,900.6618000000001,322.7375345999999
28.948999999999998,0.0012593219999999933,868.8666000000001,324.7263954
28.958999999999996,0.0014371079999999925,900.6618000000001,318.7598130000001
28.969,0.0014371079999999925,867.873,320.7486738
28.978,0.0016148939999999917,901.6554000000001,322.7375345999999
28.988,0.0012593219999999933,868.8666000000001,322.7375345999999
28.997999999999998,0.0012593219999999933,898.6746,318.7598130000001
29.007999999999996,0.0012593219999999933,865.8858,316.7709522
29.016999999999996,0.0012593219999999933,897.681,322.7375345999999
29.027,0.0016148939999999917,868.8666000000001,320.7486738
29.036,0.0016148939999999917,894.7002000000001,322.7375345999999
29.046,0.001081535999999994,871.8474000000001,322.7375345999999
29.055999999999997,0.0014371079999999925,891.7194000000001,320.7486738
29.065999999999995,0.0012593219999999933,873.8346,322.7375345999999
29.074999999999996,0.0012593219999999933,888.7386,322.7375345999999
29.085,0.0012593219999999933,877.8090000000001,324.7263954
29.095,0.0014371079999999925,887.7450000000001,322.7375345999999
29.104,0.0012593219999999933,879.7962000000001,322.7375345999999
29.113999999999997,0.001081535999999994,880.7898,322.7375345999999
29.147999999999996,0.0012593219999999933,881.7834,320.7486738
29.156999999999996,0.0012593219999999933,904.6362,324.7263954
29.167,0.0012593219999999933,872.841,320.7486738
29.176000000000002,0.0014371079999999925,898.6746,322.7375345999999
29.186,0.0014371079999999925,876.8154000000001,320.7486738
29.195999999999998,0.0014371079999999925,894.7002000000001,322.7375345999999
29.205999999999996,0.0016148939999999917,873.8346,322.7375345999999
29.214999999999996,0.0014371079999999925,892.7130000000001,322.7375345999999
29.225,0.001081535999999994,877.8090000000001,322.7375345999999
29.235,0.001081535999999994,891.7194000000001,322.7375345999999
29.244999999999997,0.0014371079999999925,880.7898,322.7375345999999
29.253999999999998,0.0014371079999999925,884.7642000000001,320.7486738
29.283,0.0012593219999999933,901.6554000000001,322.7375345999999
29.292,0.0014371079999999925,879.7962000000001,320.7486738
29.302,0.0014371079999999925,896.6874,322.7375345999999
29.311,0.0012593219999999933,877.8090000000001,322.7375345999999
29.320999999999998,0.0012593219999999933,895.6938,320.7486738
29.330999999999996,0.0014371079999999925,871.8474000000001,320.7486738
29.341,0.0016148939999999917,896.6874,318.7598130000001
29.35,0.0014371079999999925,870.8538000000001,320.7486738
29.36,0.0016148939999999917,900.6618000000001,322.7375345999999
29.369999999999997,0.0014371079999999925,870.8538000000001,318.7598130000001
29.378999999999998,0.0014371079999999925,900.6618000000001,320.7486738
29.388999999999996,0.001081535999999994,868.8666000000001,324.7263954
29.399,0.001081535999999994,902.6490000000001,326.7152562000001
29.408,0.001081535999999994,864.8922000000001,322.7375345999999
29.418,0.0014371079999999925,900.6618000000001,318.7598130000001
29.427999999999997,0.0014371079999999925,867.873,322.7375345999999
29.436999999999998,0.0012593219999999933,898.6746,322.7375345999999
29.446999999999996,0.0016148939999999917,865.8858,320.7486738
29.457,0.001081535999999994,894.7002000000001,320.7486738
29.466,0.0012593219999999933,868.8666000000001,322.7375345999999
29.476,0.0012593219999999933,896.6874,322.7375345999999
29.485999999999997,0.0014371079999999925,871.8474000000001,322.7375345999999
29.494999999999997,0.0012593219999999933,893.7066000000001,320.7486738
29.504999999999995,0.0014371079999999925,875.8218,318.7598130000001
29.515,0.0012593219999999933,889.7322,322.7375345999999
29.524,0.0012593219999999933,875.8218,320.7486738
29.534,0.0014371079999999925,886.7514000000001,320.7486738
29.543999999999997,0.0014371079999999925,882.777,320.7486738
29.552999999999997,0.0016148939999999917,883.7706000000001,320.7486738
29.562999999999995,0.0012593219999999933,883.7706000000001,322.7375345999999
29.598,0.0014371079999999925,910.5978000000001,318.7598130000001
29.607,0.0016148939999999917,873.8346,322.7375345999999
29.616999999999997,0.0012593219999999933,900.6618000000001,322.7375345999999
29.626999999999995,0.0014371079999999925,871.8474000000001,320.7486738
29.635999999999996,0.001081535999999994,897.681,318.7598130000001
29.646,0.0012593219999999933,872.841,322.7375345999999
29.656,0.0014371079999999925,897.681,322.7375345999999
29.665,0.001081535999999994,872.841,324.7263954
29.674999999999997,0.0012593219999999933,892.7130000000001,320.7486738
29.684999999999995,0.0009037499999999948,875.8218,318.7598130000001
29.693999999999996,0.0012593219999999933,891.7194000000001,324.7263954
29.704,0.0009037499999999948,877.8090000000001,324.7263954
29.714,0.0012593219999999933,886.7514000000001,322.7375345999999
29.723,0.0012593219999999933,880.7898,318.7598130000001
29.732999999999997,0.0012593219999999933,884.7642000000001,322.7375345999999
29.742999999999995,0.0014371079999999925,885.7578000000001,320.7486738
29.753,0.0014371079999999925,881.7834,320.7486738
29.762,0.0014371079999999925,888.7386,322.7375345999999
29.772,0.001081535999999994,875.8218,320.7486738
29.781999999999996,0.001081535999999994,892.7130000000001,320.7486738
29.790999999999997,0.0014371079999999925,872.841,320.7486738
29.801000000000002,0.0012593219999999933,893.7066000000001,322.7375345999999
29.811,0.001081535999999994,871.8474000000001,322.7375345999999
29.82,0.0014371079999999925,899.6682000000001,318.7598130000001
29.83,0.0014371079999999925,869.8602000000001,247.1608242000002
29.839999999999996,0.0014371079999999925,896.6874,245.17196339999987
29.867999999999995,0.0012593219999999933,875.8218,243.18310259999998
29.876999999999995,0.0012593219999999933,902.6490000000001,245.17196339999987
29.887,0.0012593219999999933,870.8538000000001,245.17196339999987
29.897,0.0012593219999999933,901.6554000000001,247.1608242000002
29.906,0.0016148939999999917,868.8666000000001,241.1942418000001
29.915999999999997,0.0014371079999999925,897.681,245.17196339999987
29.926000000000002,0.0012593219999999933,871.8474000000001,247.1608242000002
29.934999999999995,0.0014371079999999925,894.7002000000001,245.17196339999987
29.945,0.0016148939999999917,872.841,245.17196339999987
29.955,0.0012593219999999933,892.7130000000001,243.18310259999998
29.964999999999996,0.0012593219999999933,875.8218,247.1608242000002
29.973999999999997,0.0012593219999999933,890.7258,245.17196339999987
29.984,0.0014371079999999925,876.8154000000001,243.18310259999998
29.994,0.0014371079999999925,888.7386,245.17196339999987
30.003,0.0012593219999999933,881.7834,247.1608242000002
30.012999999999998,0.001081535999999994,884.7642000000001,247.1608242000002
30.048000000000002,0.001081535999999994,877.8090000000001,243.18310259999998
30.056999999999995,0.0014371079999999925,906.6234000000001,247.1608242000002
30.067,0.0012593219999999933,871.8474000000001,245.17196339999987
30.076999999999998,0.0014371079999999925,902.6490000000001,245.17196339999987
30.086,0.0012593219999999933,870.8538000000001,245.17196339999987
30.095999999999997,0.001081535999999994,899.6682000000001,249.1496850000001
30.106,0.0016148939999999917,869.8602000000001,243.18310259999998
30.114999999999995,0.0012593219999999933,895.6938,245.17196339999987
30.125,0.0014371079999999925,873.8346,245.17196339999987
30.137999999999998,0.0012593219999999933,904.6362,245.17196339999987
30.147,0.0014371079999999925,869.8602000000001,247.1608242000002
30.156999999999996,0.001081535999999994,900.6618000000001,245.17196339999987
30.167,0.001081535999999994,867.873,247.1608242000002
30.176000000000002,0.0014371079999999925,896.6874,243.18310259999998
30.186,0.0014371079999999925,869.8602000000001,245.17196339999987
30.195999999999998,0.0014371079999999925,897.681,245.17196339999987
30.205,0.0014371079999999925,870.8538000000001,245.17196339999987
30.214999999999996,0.0012593219999999933,895.6938,247.1608242000002
30.225,0.0012593219999999933,871.8474000000001,241.1942418000001
30.235,0.0014371079999999925,894.7002000000001,245.17196339999987
30.244,0.0014371079999999925,874.8282,245.17196339999987
30.253999999999998,0.0016148939999999917,889.7322,243.18310259999998
30.263999999999996,0.0016148939999999917,875.8218,241.1942418000001
30.272999999999996,0.0014371079999999925,887.7450000000001,245.17196339999987
30.283,0.0014371079999999925,878.8026000000001,245.17196339999987
30.293,0.0012593219999999933,883.7706000000001,245.17196339999987
30.302,0.0012593219999999933,884.7642000000001,249.1496850000001
30.311999999999998,0.0012593219999999933,877.8090000000001,243.18310259999998
30.321999999999996,0.0012593219999999933,886.7514000000001,245.17196339999987
30.332,0.0012593219999999933,876.8154000000001,245.17196339999987
30.341,0.001792679999999991,890.7258,245.17196339999987
30.351,0.0014371079999999925,875.8218,247.1608242000002
30.360999999999997,0.001081535999999994,895.6938,247.1608242000002
30.369999999999997,0.0012593219999999933,871.8474000000001,247.1608242000002
30.411,0.0014371079999999925,888.7386,171.58411380000007
30.421,0.001081535999999994,900.6618000000001,173.57297459999995
30.452999999999996,0.0016148939999999917,898.6746,169.59525300000018
30.461999999999996,0.0014371079999999925,889.7322,171.58411380000007
30.472,0.0012593219999999933,887.7450000000001,173.57297459999995
30.482,0.0016148939999999917,892.7130000000001,169.59525300000018
30.491,0.0016148939999999917,881.7834,169.59525300000018
30.500999999999998,0.0014371079999999925,894.7002000000001,169.59525300000018
30.510999999999996,0.0014371079999999925,879.7962000000001,171.58411380000007
30.519999999999996,0.001081535999999994,894.7002000000001,171.58411380000007
30.53,0.001081535999999994,875.8218,173.57297459999995
30.543,0.0016148939999999917,888.7386,167.60639220000007
30.552,0.0012593219999999933,885.7578000000001,171.58411380000007
30.561999999999998,0.0012593219999999933,888.7386,171.58411380000007
30.571999999999996,0.001081535999999994,881.7834,173.57297459999995
30.580999999999996,0.0012593219999999933,889.7322,169.59525300000018
30.591,0.0012593219999999933,878.8026000000001,171.58411380000007
30.601,0.0012593219999999933,894.7002000000001,171.58411380000007
30.61,0.0012593219999999933,875.8218,173.57297459999995
30.619999999999997,0.0014371079999999925,895.6938,171.58411380000007
30.629999999999995,0.0014371079999999925,871.8474000000001,169.59525300000018
30.638999999999996,0.0014371079999999925,897.681,171.58411380000007
30.649,0.0014371079999999925,870.8538000000001,171.58411380000007
30.659,0.0014371079999999925,898.6746,171.58411380000007
30.668,0.0014371079999999925,866.8794,169.59525300000018
30.677999999999997,0.0014371079999999925,898.6746,169.59525300000018
30.687999999999995,0.0012593219999999933,868.8666000000001,171.58411380000007
30.698,0.0012593219999999933,899.6682000000001,171.58411380000007
30.707,0.0014371079999999925,867.873,171.58411380000007
30.717,0.0012593219999999933,899.6682000000001,167.60639220000007
30.726999999999997,0.0014371079999999925,866.8794,171.58411380000007
30.735999999999997,0.0012593219999999933,901.6554000000001,173.57297459999995
30.745999999999995,0.001081535999999994,866.8794,171.58411380000007
30.754999999999995,0.001081535999999994,898.6746,171.58411380000007
30.765,0.0012593219999999933,866.8794,167.60639220000007
30.775,0.0014371079999999925,896.6874,171.58411380000007
30.784999999999997,0.0014371079999999925,868.8666000000001,171.58411380000007
30.793999999999997,0.0012593219999999933,892.7130000000001,173.57297459999995
30.803999999999995,0.0014371079999999925,871.8474000000001,171.58411380000007
30.814,0.0014371079999999925,889.7322,169.59525300000018
30.823,0.0016148939999999917,874.8282,171.58411380000007
30.833,0.0016148939999999917,885.7578000000001,169.59525300000018
30.842999999999996,0.0012593219999999933,880.7898,173.57297459999995
30.851999999999997,0.0012593219999999933,883.7706000000001,169.59525300000018
30.862000000000002,0.0014371079999999925,881.7834,173.57297459999995
30.872,0.0012593219999999933,879.7962000000001,171.58411380000007
30.881,0.001081535999999994,886.7514000000001,171.58411380000007
30.891,0.0012593219999999933,876.8154000000001,173.57297459999995
30.900999999999996,0.0012593219999999933,888.7386,169.59525300000018
30.909999999999997,0.0012593219999999933,873.8346,171.58411380000007
30.948,0.0014371079999999925,877.8090000000001,169.59525300000018
30.957,0.0014371079999999925,906.6234000000001,171.58411380000007
30.967,0.0012593219999999933,869.8602000000001,171.58411380000007
30.976999999999997,0.0016148939999999917,903.6426,171.58411380000007
30.985999999999997,0.001081535999999994,873.8346,171.58411380000007
30.995999999999995,0.0014371079999999925,900.6618000000001,94.01854260000005
31.006,0.0012593219999999933,866.8794,96.00740339999993
31.037999999999997,0.0012593219999999933,911.5914,94.01854260000005
31.046999999999997,0.0014371079999999925,870.8538000000001,96.00740339999993
31.056999999999995,0.0012593219999999933,902.6490000000001,94.01854260000005
31.067,0.001081535999999994,869.8602000000001,96.00740339999993
31.076,0.0012593219999999933,900.6618000000001,94.01854260000005
31.086,0.0014371079999999925,870.8538000000001,96.00740339999993
31.095999999999997,0.0012593219999999933,901.6554000000001,96.00740339999993
31.128,0.0016148939999999917,880.7898,92.02968179999993
31.137,0.0014371079999999925,905.6298,96.00740339999993
31.147,0.0012593219999999933,870.8538000000001,94.01854260000005
31.156999999999996,0.0016148939999999917,904.6362,96.00740339999993
31.167,0.0016148939999999917,870.8538000000001,92.02968179999993
31.176000000000002,0.0016148939999999917,902.6490000000001,96.00740339999993
31.186,0.0016148939999999917,869.8602000000001,94.01854260000005
31.195,0.0012593219999999933,901.6554000000001,97.99626420000004
31.205,0.001081535999999994,869.8602000000001,96.00740339999993
31.214999999999996,0.0014371079999999925,896.6874,92.02968179999993
31.225,0.0014371079999999925,870.8538000000001,94.01854260000005
31.234,0.0016148939999999917,896.6874,96.00740339999993
31.244,0.0016148939999999917,871.8474000000001,96.00740339999993
31.253999999999998,0.0014371079999999925,893.7066000000001,94.01854260000005
31.262999999999998,0.001081535999999994,878.8026000000001,99.98512500000015
31.272999999999996,0.0014371079999999925,889.7322,96.00740339999993
31.283,0.0014371079999999925,878.8026000000001,96.00740339999993
31.292,0.0014371079999999925,886.7514000000001,96.00740339999993
31.308,0.0016148939999999917,874.8282,90.04082100000005
31.317,0.0014371079999999925,901.6554000000001,96.00740339999993
31.326999999999998,0.0012593219999999933,868.8666000000001,97.99626420000004
31.336999999999996,0.0014371079999999925,900.6618000000001,97.99626420000004
31.347,0.0012593219999999933,867.873,94.01854260000005
31.356,0.0012593219999999933,901.6554000000001,96.00740339999993
31.366,0.0014371079999999925,867.873,96.00740339999993
31.375,0.0014371079999999925,898.6746,96.00740339999993
31.384999999999998,0.001081535999999994,868.8666000000001,97.99626420000004
31.394999999999996,0.0012593219999999933,897.681,92.02968179999993
31.405,0.001081535999999994,866.8794,96.00740339999993
31.414,0.001081535999999994,897.681,97.99626420000004
31.424,0.0012593219999999933,871.8474000000001,96.00740339999993
31.433999999999997,0.0014371079999999925,892.7130000000001,94.01854260000005
31.442999999999998,0.0014371079999999925,874.8282,96.00740339999993
31.452999999999996,0.0014371079999999925,890.7258,96.00740339999993
31.463,0.0012593219999999933,875.8218,97.99626420000004
31.472,0.0014371079999999925,886.7514000000001,96.00740339999993
31.482,0.0012593219999999933,877.8090000000001,90.04082100000005
31.491999999999997,0.0014371079999999925,884.7642000000001,96.00740339999993
31.500999999999998,0.0012593219999999933,881.7834,97.99626420000004
31.510999999999996,0.0012593219999999933,878.8026000000001,97.99626420000004
31.521,0.0012593219999999933,884.7642000000001,96.00740339999993
31.53,0.0014371079999999925,877.8090000000001,92.02968179999993
31.54,0.0014371079999999925,890.7258,97.99626420000004
31.549999999999997,0.0014371079999999925,872.841,96.00740339999993
31.558999999999997,0.0012593219999999933,894.7002000000001,97.99626420000004
31.570999999999998,0.001081535999999994,868.8666000000001,94.01854260000005
31.580999999999996,0.0014371079999999925,885.7578000000001,18.441832200000135
31.591,0.0014371079999999925,877.8090000000001,20.43069300000002
31.622999999999998,0.001081535999999994,884.7642000000001,20.43069300000002
31.631999999999998,0.0014371079999999925,892.7130000000001,20.43069300000002
31.641999999999996,0.0012593219999999933,880.7898,22.41955380000013
31.652,0.0012593219999999933,888.7386,22.41955380000013
31.662,0.0014371079999999925,881.7834,18.441832200000135
31.671,0.0014371079999999925,885.7578000000001,22.41955380000013
31.680999999999997,0.0014371079999999925,885.7578000000001,22.41955380000013
31.690999999999995,0.0012593219999999933,882.777,20.43069300000002
31.699999999999996,0.001081535999999994,890.7258,22.41955380000013
31.71,0.0014371079999999925,875.8218,22.41955380000013
31.72,0.0014371079999999925,893.7066000000001,22.41955380000013
31.757999999999996,0.0012593219999999933,909.6042000000001,18.441832200000135
31.766999999999996,0.0016148939999999917,875.8218,22.41955380000013
31.777,0.0016148939999999917,902.6490000000001,20.43069300000002
31.787,0.0016148939999999917,872.841,22.41955380000013
31.796999999999997,0.0012593219999999933,902.6490000000001,20.43069300000002
31.805999999999997,0.0016148939999999917,868.8666000000001,22.41955380000013
31.815999999999995,0.001081535999999994,902.6490000000001,24.408414600000015
31.826,0.0012593219999999933,868.8666000000001,22.41955380000013
31.835,0.0012593219999999933,900.6618000000001,22.41955380000013
31.845,0.0009037499999999948,866.8794,20.43069300000002
31.854999999999997,0.0012593219999999933,898.6746,22.41955380000013
31.863999999999997,0.001081535999999994,870.8538000000001,22.41955380000013
31.873999999999995,0.0012593219999999933,896.6874,22.41955380000013
31.884,0.0016148939999999917,870.8538000000001,20.43069300000002
31.893,0.0016148939999999917,895.6938,20.43069300000002
31.903,0.0014371079999999925,872.841,20.43069300000002
31.912999999999997,0.0014371079999999925,890.7258,22.41955380000013
31.921999999999997,0.0012593219999999933,874.8282,20.43069300000002
31.931999999999995,0.0014371079999999925,888.7386,22.41955380000013
31.942,0.0014371079999999925,877.8090000000001,20.43069300000002
31.951,0.0016148939999999917,885.7578000000001,22.41955380000013
31.961,0.0012593219999999933,880.7898,22.41955380000013
31.970999999999997,0.0012593219999999933,880.7898,22.41955380000013
31.981,0.0012593219999999933,883.7706000000001,20.43069300000002
31.989999999999995,0.0014371079999999925,878.8026000000001,22.41955380000013
32.0,0.0014371079999999925,888.7386,20.43069300000002
32.009,0.0014371079999999925,872.841,20.43069300000002
32.019,0.0014371079999999925,890.7258,20.43069300000002
32.028999999999996,0.0014371079999999925,872.841,20.43069300000002
32.039,0.0012593219999999933,894.7002000000001,22.41955380000013
32.048,0.0014371079999999925,870.8538000000001,22.41955380000013
32.058,0.001081535999999994,896.6874,22.41955380000013
32.068,0.0012593219999999933,867.873,20.43069300000002
32.077,0.0012593219999999933,895.6938,20.43069300000002
32.086999999999996,0.0014371079999999925,866.8794,22.41955380000013
32.117999999999995,0.0012593219999999933,908.6106000000001,20.43069300000002
32.126999999999995,0.0014371079999999925,873.8346,22.41955380000013
32.137,0.0014371079999999925,903.6426,22.41955380000013
32.147,0.0014371079999999925,869.8602000000001,22.41955380000013
32.157,0.0012593219999999933,903.6426,22.41955380000013
32.166,0.0016148939999999917,867.873,-53.15715660000001
32.176,0.0012593219999999933,900.6618000000001,-53.15715660000001
32.208,0.0012593219999999933,882.777,-55.14601739999989
32.217999999999996,0.001081535999999994,904.6362,-51.168295800000124
32.227,0.0016148939999999917,871.8474000000001,-51.168295800000124
32.237,0.0014371079999999925,904.6362,-51.168295800000124
32.247,0.0014371079999999925,868.8666000000001,-55.14601739999989
32.256,0.0012593219999999933,901.6554000000001,-53.15715660000001
32.266,0.0014371079999999925,868.8666000000001,-51.168295800000124
32.275999999999996,0.0014371079999999925,900.6618000000001,-53.15715660000001
32.285,0.0012593219999999933,866.8794,-53.15715660000001
32.295,0.001081535999999994,898.6746,-55.14601739999989
32.305,0.0014371079999999925,869.8602000000001,-51.168295800000124
32.314,0.0014371079999999925,899.6682000000001,-53.15715660000001
32.324,0.0014371079999999925,867.873,-55.14601739999989
32.333999999999996,0.0014371079999999925,895.6938,-53.15715660000001
32.342999999999996,0.0016148939999999917,868.8666000000001,-55.14601739999989
32.353,0.0012593219999999933,893.7066000000001,-53.15715660000001
32.363,0.0012593219999999933,869.8602000000001,-53.15715660000001
32.372,0.0014371079999999925,892.7130000000001,-51.168295800000124
32.382,0.0014371079999999925,873.8346,-55.14601739999989
32.391999999999996,0.0014371079999999925,888.7386,-53.15715660000001
32.402,0.001081535999999994,876.8154000000001,-51.168295800000124
32.411,0.0014371079999999925,885.7578000000001,-53.15715660000001
32.421,0.0012593219999999933,879.7962000000001,-55.14601739999989
32.431,0.0012593219999999933,882.777,-53.15715660000001
32.44,0.001081535999999994,880.7898,-53.15715660000001
32.449999999999996,0.0012593219999999933,878.8026000000001,-53.15715660000001
32.46,0.0012593219999999933,886.7514000000001,-53.15715660000001
32.47,0.001792679999999991,877.8090000000001,-53.15715660000001
32.479,0.0014371079999999925,889.7322,-51.168295800000124
32.489,0.0014371079999999925,874.8282,-53.15715660000001
32.522999999999996,0.0012593219999999933,883.7706000000001,-53.15715660000001
32.568,0.0014371079999999925,887.7450000000001,-55.14601739999989
32.577999999999996,0.0012593219999999933,906.6234000000001,-51.168295800000124
32.586999999999996,0.001081535999999994,876.8154000000001,-51.168295800000124
32.597,0.001081535999999994,905.6298,-51.168295800000124
32.607,0.0012593219999999933,873.8346,-55.14601739999989
32.616,0.0014371079999999925,905.6298,-51.168295800000124
32.626,0.0009037499999999948,870.8538000000001,-53.15715660000001
32.635999999999996,0.0012593219999999933,904.6362,-53.15715660000001
32.644999999999996,0.0014371079999999925,867.873,-55.14601739999989
32.655,0.0012593219999999933,898.6746,-55.14601739999989
32.665,0.0012593219999999933,868.8666000000001,-53.15715660000001
32.674,0.0012593219999999933,902.6490000000001,-51.168295800000124
32.684,0.0016148939999999917,869.8602000000001,-53.15715660000001
32.693999999999996,0.0012593219999999933,899.6682000000001,-53.15715660000001
32.702999999999996,0.0012593219999999933,870.8538000000001,-53.15715660000001
32.713,0.0014371079999999925,896.6874,-51.168295800000124
32.723,0.0014371079999999925,871.8474000000001,-53.15715660000001
32.732,0.0012593219999999933,893.7066000000001,-53.15715660000001
32.742,0.0009037499999999948,874.8282,-55.14601739999989
32.751999999999995,0.0012593219999999933,890.7258,-126.7450061999998
32.760999999999996,0.0016148939999999917,876.8154000000001,-128.73386699999992
32.793,0.0014371079999999925,911.5914,-126.7450061999998
32.838,0.001792679999999991,912.585,-130.72272780000003
32.848,0.0014371079999999925,882.777,-126.7450061999998
32.857,0.0012593219999999933,905.6298,-126.7450061999998
32.867,0.0012593219999999933,877.8090000000001,-124.75614539999992
32.876999999999995,0.0014371079999999925,905.6298,-126.7450061999998
32.885999999999996,0.0014371079999999925,873.8346,-124.75614539999992
32.896,0.0014371079999999925,904.6362,-126.7450061999998
32.928,0.0012593219999999933,889.7322,-130.72272780000003
32.937999999999995,0.0012593219999999933,903.6426,-126.7450061999998
32.946999999999996,0.0012593219999999933,877.8090000000001,-126.7450061999998
32.957,0.001081535999999994,903.6426,-124.75614539999992
32.967,0.0012593219999999933,875.8218,-128.73386699999992
32.976,0.0014371079999999925,901.6554000000001,-126.7450061999998
32.986,0.0012593219999999933,869.8602000000001,-126.7450061999998
33.018,0.0014371079999999925,907.6170000000001,-130.72272780000003
33.028,0.0012593219999999933,878.8026000000001,-128.73386699999992
33.037,0.0014371079999999925,904.6362,-128.73386699999992
33.047,0.0014371079999999925,874.8282,-128.73386699999992
33.056999999999995,0.0014371079999999925,901.6554000000001,-130.72272780000003
33.065999999999995,0.001081535999999994,873.8346,-126.7450061999998
33.076,0.0014371079999999925,904.6362,-126.7450061999998
33.086,0.0012593219999999933,868.8666000000001,-126.7450061999998
33.095,0.0014371079999999925,904.6362,-126.7450061999998
33.105,0.001081535999999994,867.873,-128.73386699999992
33.114999999999995,0.0014371079999999925,906.6234000000001,-124.75614539999992
33.123999999999995,0.0012593219999999933,870.8538000000001,-126.7450061999998
33.134,0.0014371079999999925,903.6426,-124.75614539999992
33.144,0.001081535999999994,868.8666000000001,-128.73386699999992
33.153,0.0012593219999999933,899.6682000000001,-128.73386699999992
33.163,0.0014371079999999925,869.8602000000001,-126.7450061999998
33.173,0.0014371079999999925,900.6618000000001,-126.7450061999998
33.181999999999995,0.0012593219999999933,871.8474000000001,-126.7450061999998
33.192,0.0012593219999999933,895.6938,-128.73386699999992
33.202,0.0014371079999999925,873.8346,-126.7450061999998
33.211999999999996,0.0012593219999999933,891.7194000000001,-126.7450061999998
33.221,0.0016148939999999917,876.8154000000001,-126.7450061999998
33.231,0.0012593219999999933,887.7450000000001,-126.7450061999998
33.239999999999995,0.0014371079999999925,875.8218,-132.7115885999999
33.25,0.0012593219999999933,884.7642000000001,-128.73386699999992
33.288,0.0014371079999999925,891.7194000000001,-128.73386699999992
33.298,0.0014371079999999925,903.6426,-124.75614539999992
33.306999999999995,0.0014371079999999925,873.8346,-128.73386699999992
33.317,0.0012593219999999933,899.6682000000001,-126.7450061999998
33.327,0.0014371079999999925,873.8346,-128.73386699999992
33.336,0.0012593219999999933,903.6426,-124.75614539999992
33.346,0.0014371079999999925,870.8538000000001,-128.73386699999992
33.356,0.0014371079999999925,904.6362,-126.7450061999998
33.364999999999995,0.001081535999999994,869.8602000000001,-126.7450061999998
33.375,0.0012593219999999933,900.6618000000001,-130.72272780000003
33.385,0.0012593219999999933,868.8666000000001,-126.7450061999998
33.394,0.0014371079999999925,901.6554000000001,-128.73386699999992
33.403999999999996,0.0012593219999999933,867.873,-126.7450061999998
33.414,0.0016148939999999917,898.6746,-128.73386699999992
33.423,0.0014371079999999925,868.8666000000001,-128.73386699999992
33.433,0.0016148939999999917,899.6682000000001,-128.73386699999992
33.443,0.0012593219999999933,868.8666000000001,-126.7450061999998
33.452,0.0014371079999999925,894.7002000000001,-126.7450061999998
33.461999999999996,0.0014371079999999925,870.8538000000001,-126.7450061999998
33.472,0.001081535999999994,893.7066000000001,-126.7450061999998
33.513,0.0016148939999999917,910.5978000000001,-128.73386699999992
33.522999999999996,0.0014371079999999925,876.8154000000001,-128.73386699999992
33.532,0.0014371079999999925,900.6618000000001,-126.7450061999998
33.542,0.0014371079999999925,873.8346,-128.73386699999992
33.552,0.0012593219999999933,894.7002000000001,-130.72272780000003
33.561,0.0012593219999999933,878.8026000000001,-126.7450061999998
33.571,0.0014371079999999925,893.7066000000001,-126.7450061999998
33.580999999999996,0.0012593219999999933,879.7962000000001,-126.7450061999998
33.589999999999996,0.0014371079999999925,889.7322,-128.73386699999992
33.6,0.001081535999999994,879.7962000000001,-128.73386699999992
33.61,0.0014371079999999925,886.7514000000001,-126.7450061999998
33.619,0.0012593219999999933,887.7450000000001,-126.7450061999998
33.629,0.0012593219999999933,881.7834,-126.7450061999998
33.638999999999996,0.0012593219999999933,889.7322,-126.7450061999998
33.647999999999996,0.001081535999999994,879.7962000000001,-126.7450061999998
33.658,0.0014371079999999925,890.7258,-126.7450061999998
33.668,0.0012593219999999933,875.8218,-126.7450061999998
33.677,0.0012593219999999933,895.6938,-126.7450061999998
33.687,0.0012593219999999933,873.8346,-128.73386699999992
33.696999999999996,0.0012593219999999933,895.6938,-126.7450061999998
33.705999999999996,0.0016148939999999917,871.8474000000001,-128.73386699999992
33.716,0.0012593219999999933,896.6874,-126.7450061999998
33.726,0.001081535999999994,867.873,-126.7450061999998
33.738,0.0014371079999999925,893.7066000000001,-132.7115885999999
33.748,0.0014371079999999925,876.8154000000001,-128.73386699999992
33.757,0.0012593219999999933,892.7130000000001,-126.7450061999998
33.766999999999996,0.0014371079999999925,869.8602000000001,-128.73386699999992
33.777,0.001081535999999994,893.7066000000001,-128.73386699999992
33.786,0.0014371079999999925,870.8538000000001,-128.73386699999992
33.796,0.0012593219999999933,894.7002000000001,-128.73386699999992
33.806,0.0014371079999999925,867.873,-128.73386699999992
33.815,0.0012593219999999933,897.681,-128.73386699999992
33.824999999999996,0.0012593219999999933,865.8858,-130.72272780000003
33.835,0.0014371079999999925,900.6618000000001,-126.7450061999998
33.844,0.0016148939999999917,863.8986000000001,-130.72272780000003
33.854,0.0014371079999999925,899.6682000000001,-126.7450061999998
33.864,0.0014371079999999925,863.8986000000001,-128.73386699999992
33.873,0.0016148939999999917,898.6746,-128.73386699999992
33.882999999999996,0.0012593219999999933,865.8858,-124.75614539999992
33.893,0.0014371079999999925,897.681,-126.7450061999998
33.902,0.0012593219999999933,865.8858,-126.7450061999998
33.912,0.0012593219999999933,896.6874,-128.73386699999992
33.922,0.0014371079999999925,867.873,-126.7450061999998
33.931999999999995,0.0014371079999999925,893.7066000000001,-126.7450061999998
33.940999999999995,0.0014371079999999925,870.8538000000001,-126.7450061999998
33.951,0.0016148939999999917,890.7258,-126.7450061999998
33.961,0.0012593219999999933,873.8346,-128.73386699999992
33.97,0.0014371079999999925,887.7450000000001,-128.73386699999992
33.98,0.0012593219999999933,876.8154000000001,-126.7450061999998
33.989,0.0014371079999999925,882.777,-128.73386699999992
33.998999999999995,0.0014371079999999925,880.7898,-128.73386699999992
34.009,0.0012593219999999933,879.7962000000001,-128.73386699999992
34.019,0.0012593219999999933,881.7834,-126.7450061999998
34.028,0.0012593219999999933,877.8090000000001,-126.7450061999998
34.038,0.0016148939999999917,885.7578000000001,-126.7450061999998
34.048,0.0016148939999999917,871.8474000000001,-130.72272780000003
34.056999999999995,0.0012593219999999933,888.7386,-126.7450061999998
34.067,0.001081535999999994,868.8666000000001,-126.7450061999998
34.098,0.0014371079999999925,900.6618000000001,-126.7450061999998
34.143,0.0014371079999999925,883.7706000000001,-128.73386699999992
34.153,0.0014371079999999925,907.6170000000001,-126.7450061999998
34.162,0.0012593219999999933,873.8346,-126.7450061999998
34.187999999999995,0.0014371079999999925,891.7194000000001,-128.73386699999992
34.198,0.0012593219999999933,898.6746,-126.7450061999998
34.207,0.0014371079999999925,881.7834,-126.7450061999998
34.217,0.0016148939999999917,896.6874,-128.73386699999992
34.227,0.0014371079999999925,878.8026000000001,-128.73386699999992
34.236,0.0012593219999999933,900.6618000000001,-126.7450061999998
34.245999999999995,0.0012593219999999933,872.841,-126.7450061999998
34.278,0.0014371079999999925,902.6490000000001,-130.72272780000003
34.288,0.0012593219999999933,885.7578000000001,-126.7450061999998
34.297,0.0014371079999999925,897.681,-126.7450061999998
34.306999999999995,0.0014371079999999925,880.7898,-126.7450061999998
34.317,0.0014371079999999925,896.6874,-130.72272780000003
34.327,0.0012593219999999933,877.8090000000001,-126.7450061999998
34.336,0.0014371079999999925,898.6746,-128.73386699999992
34.346,0.0012593219999999933,872.841,-126.7450061999998
34.355,0.0016148939999999917,900.6618000000001,-126.7450061999998
34.364999999999995,0.0016148939999999917,866.8794,-130.72272780000003
34.375,0.0014371079999999925,899.6682000000001,-128.73386699999992
34.385,0.0016148939999999917,868.8666000000001,-128.73386699999992
34.394,0.0012593219999999933,901.6554000000001,-128.73386699999992
34.403999999999996,0.001081535999999994,864.8922000000001,-126.7450061999998
34.414,0.001081535999999994,903.6426,-128.73386699999992
34.423,0.0014371079999999925,868.8666000000001,-126.7450061999998
34.433,0.0012593219999999933,900.6618000000001,-126.7450061999998
34.443,0.0016148939999999917,865.8858,-126.7450061999998
34.452,0.0012593219999999933,895.6938,-130.72272780000003
34.461999999999996,0.0016148939999999917,869.8602000000001,-126.7450061999998
34.472,0.0014371079999999925,896.6874,-128.73386699999992
34.481,0.0012593219999999933,868.8666000000001,-128.73386699999992
34.491,0.0014371079999999925,894.7002000000001,-126.7450061999998
34.501,0.0012593219999999933,873.8346,-130.72272780000003
34.51,0.0012593219999999933,893.7066000000001,-128.73386699999992
34.519999999999996,0.0014371079999999925,872.841,-126.7450061999998
34.53,0.0012593219999999933,891.7194000000001,-126.7450061999998
34.54,0.001081535999999994,877.8090000000001,-128.73386699999992
34.549,0.0016148939999999917,887.7450000000001,-126.7450061999998
34.559,0.0016148939999999917,877.8090000000001,-126.7450061999998
34.568999999999996,0.0012593219999999933,883.7706000000001,-128.73386699999992
34.577999999999996,0.001081535999999994,883.7706000000001,-126.7450061999998
34.588,0.0014371079999999925,876.8154000000001,-128.73386699999992
34.598,0.001081535999999994,884.7642000000001,-126.7450061999998
34.607,0.0014371079999999925,876.8154000000001,-126.7450061999998
34.617,0.0014371079999999925,891.7194000000001,-126.7450061999998
34.626999999999995,0.0012593219999999933,873.8346,-126.7450061999998
34.635999999999996,0.0016148939999999917,892.7130000000001,-130.72272780000003
34.646,0.0014371079999999925,870.8538000000001,-126.7450061999998
34.683,0.0016148939999999917,877.8090000000001,-132.7115885999999
34.693,0.0014371079999999925,903.6426,-126.7450061999998
34.702,0.0014371079999999925,868.8666000000001,-128.73386699999992
34.711999999999996,0.001081535999999994,900.6618000000001,-126.7450061999998
34.722,0.0012593219999999933,866.8794,-130.72272780000003
34.731,0.0016148939999999917,897.681,-130.72272780000003
34.741,0.0012593219999999933,871.8474000000001,-126.7450061999998
34.751,0.0014371079999999925,894.7002000000001,-126.7450061999998
34.76,0.001081535999999994,871.8474000000001,-126.7450061999998
34.769999999999996,0.0012593219999999933,889.7322,-128.73386699999992
34.78,0.0012593219999999933,876.8154000000001,-126.7450061999998
34.789,0.0014371079999999925,885.7578000000001,-128.73386699999992
34.799,0.0014371079999999925,875.8218,-128.73386699999992
34.809,0.0009037499999999948,884.7642000000001,-126.7450061999998
34.818999999999996,0.0014371079999999925,881.7834,-128.73386699999992
34.827999999999996,0.001081535999999994,883.7706000000001,-124.75614539999992
34.838,0.0012593219999999933,882.777,-126.7450061999998
34.848,0.0014371079999999925,878.8026000000001,-126.7450061999998
34.857,0.001081535999999994,887.7450000000001,-128.73386699999992
34.867,0.001081535999999994,873.8346,-128.73386699999992
34.876999999999995,0.0012593219999999933,889.7322,-126.7450061999998
34.885999999999996,0.0012593219999999933,871.8474000000001,-126.7450061999998
34.896,0.0016148939999999917,892.7130000000001,-128.73386699999992
34.906,0.001081535999999994,868.8666000000001,-130.72272780000003
34.915,0.0012593219999999933,894.7002000000001,-126.7450061999998
34.925,0.0012593219999999933,866.8794,-126.7450061999998
34.934999999999995,0.0012593219999999933,896.6874,-126.7450061999998
34.945,0.0012593219999999933,860.9178,-132.7115885999999
34.954,0.0016148939999999917,897.681,-128.73386699999992
34.964,0.001081535999999994,864.8922000000001,-126.7450061999998
34.974,0.0012593219999999933,898.6746,-126.7450061999998
34.983,0.0012593219999999933,861.9114000000001,-128.73386699999992
34.992999999999995,0.0014371079999999925,896.6874,-128.73386699999992
35.003,0.0014371079999999925,863.8986000000001,-128.73386699999992
35.012,0.0012593219999999933,898.6746,-126.7450061999998
35.022,0.0014371079999999925,863.8986000000001,-126.7450061999998
35.032,0.0012593219999999933,895.6938,-128.73386699999992
35.041,0.001081535999999994,862.9050000000001,-132.7115885999999
35.051,0.001081535999999994,893.7066000000001,-128.73386699999992
35.061,0.0014371079999999925,868.8666000000001,-126.7450061999998
35.07,0.0012593219999999933,892.7130000000001,-126.7450061999998
35.08,0.0012593219999999933,868.8666000000001,-130.72272780000003
35.089999999999996,0.001081535999999994,887.7450000000001,-126.7450061999998
35.099,0.0012593219999999933,870.8538000000001,-128.73386699999992
35.109,0.001792679999999991,885.7578000000001,-128.73386699999992
35.119,0.001792679999999991,873.8346,-128.73386699999992
35.129,0.0012593219999999933,880.7898,-130.72272780000003
35.138,0.0014371079999999925,877.8090000000001,-126.7450061999998
35.147999999999996,0.0012593219999999933,879.7962000000001,-126.7450061999998
35.157,0.001081535999999994,880.7898,-126.7450061999998
35.167,0.0012593219999999933,872.841,-128.73386699999992
35.177,0.0014371079999999925,885.7578000000001,-126.7450061999998
35.187,0.0012593219999999933,872.841,-126.7450061999998
35.196,0.0014371079999999925,890.7258,-126.7450061999998
35.205999999999996,0.0014371079999999925,870.8538000000001,-128.73386699999992
35.216,0.001081535999999994,890.7258,-128.73386699999992
35.225,0.0014371079999999925,867.873,-128.73386699999992
35.235,0.0012593219999999933,892.7130000000001,-126.7450061999998
35.245,0.0012593219999999933,866.8794,-126.7450061999998
35.254,0.001081535999999994,892.7130000000001,-126.7450061999998
35.263999999999996,0.001081535999999994,863.8986000000001,-130.72272780000003
35.274,0.001081535999999994,895.6938,-126.7450061999998
35.283,0.0012593219999999933,863.8986000000001,-126.7450061999998
35.293,0.0014371079999999925,896.6874,-126.7450061999998
35.303,0.0009037499999999948,861.9114000000001,-126.7450061999998
35.312,0.0012593219999999933,897.681,-124.75614539999992
35.321999999999996,0.0009037499999999948,860.9178,-126.7450061999998
35.359,0.0016148939999999917,887.7450000000001,-132.7115885999999
35.367999999999995,0.001792679999999991,887.7450000000001,-128.73386699999992
35.378,0.0014371079999999925,882.777,-126.7450061999998
35.388,0.0012593219999999933,880.7898,-126.7450061999998
35.397,0.0012593219999999933,883.7706000000001,-130.72272780000003
35.407,0.0014371079999999925,878.8026000000001,-126.7450061999998
35.417,0.0012593219999999933,886.7514000000001,-126.7450061999998
35.426,0.0012593219999999933,872.841,-126.7450061999998
35.436,0.0012593219999999933,893.7066000000001,-126.7450061999998
35.446,0.0014371079999999925,873.8346,-126.7450061999998
35.455,0.0016148939999999917,892.7130000000001,-126.7450061999998
35.492999999999995,0.001081535999999994,910.5978000000001,-128.73386699999992
35.503,0.0014371079999999925,870.8538000000001,-128.73386699999992
35.513,0.0012593219999999933,902.6490000000001,-126.7450061999998
35.522,0.0014371079999999925,868.8666000000001,-126.7450061999998
35.532,0.001081535999999994,900.6618000000001,-128.73386699999992
35.542,0.0016148939999999917,867.873,-128.73386699999992
35.551,0.0016148939999999917,899.6682000000001,-126.7450061999998
35.561,0.0012593219999999933,869.8602000000001,-126.7450061999998
35.571,0.0014371079999999925,896.6874,-126.7450061999998
35.58,0.0012593219999999933,867.873,-128.73386699999992
35.589999999999996,0.0014371079999999925,895.6938,-126.7450061999998
35.6,0.0012593219999999933,871.8474000000001,-126.7450061999998
35.609,0.0012593219999999933,892.7130000000001,-126.7450061999998
35.619,0.0014371079999999925,869.8602000000001,-130.72272780000003
35.629,0.0014371079999999925,889.7322,-128.73386699999992
35.638999999999996,0.0014371079999999925,876.8154000000001,-124.75614539999992
35.647999999999996,0.0014371079999999925,884.7642000000001,-126.7450061999998
35.658,0.0016148939999999917,877.8090000000001,-128.73386699999992
35.668,0.001081535999999994,879.7962000000001,-128.73386699999992
35.677,0.0014371079999999925,880.7898,-126.7450061999998
35.687,0.0014371079999999925,880.7898,-126.7450061999998
35.696999999999996,0.0012593219999999933,885.7578000000001,-126.7450061999998
35.705999999999996,0.0012593219999999933,873.8346,-126.7450061999998
35.716,0.0016148939999999917,886.7514000000001,-132.7115885999999
35.726,0.0012593219999999933,869.8602000000001,-128.73386699999992
35.735,0.0014371079999999925,890.7258,-126.7450061999998
35.745,0.0012593219999999933,867.873,-126.7450061999998
35.754999999999995,0.0014371079999999925,891.7194000000001,-130.72272780000003
35.763999999999996,0.0014371079999999925,867.873,-128.73386699999992
35.774,0.0014371079999999925,893.7066000000001,-126.7450061999998
35.784,0.0014371079999999925,865.8858,-126.7450061999998
35.793,0.0014371079999999925,897.681,-126.7450061999998
35.803,0.0012593219999999933,862.9050000000001,-128.73386699999992
35.812999999999995,0.0014371079999999925,897.681,-126.7450061999998
35.821999999999996,0.0012593219999999933,862.9050000000001,-126.7450061999998
35.853,0.0014371079999999925,909.6042000000001,-126.7450061999998
35.863,0.0012593219999999933,869.8602000000001,-126.7450061999998
35.872,0.001081535999999994,902.6490000000001,-126.7450061999998
35.897999999999996,0.0014371079999999925,887.7450000000001,-126.7450061999998
35.943,0.001792679999999991,883.7706000000001,-130.72272780000003
35.952999999999996,0.0016148939999999917,906.6234000000001,-126.7450061999998
35.963,0.0012593219999999933,875.8218,-126.7450061999998
35.972,0.0016148939999999917,907.6170000000001,-126.7450061999998
35.982,0.0014371079999999925,868.8666000000001,-130.72272780000003
35.992,0.0014371079999999925,904.6362,-126.7450061999998
36.001,0.0016148939999999917,868.8666000000001,-128.73386699999992
36.010999999999996,0.001081535999999994,901.6554000000001,-124.75614539999992
36.021,0.0012593219999999933,868.8666000000001,-126.7450061999998
36.03,0.0012593219999999933,900.6618000000001,-128.73386699999992
36.04,0.0012593219999999933,869.8602000000001,-126.7450061999998
36.05,0.0014371079999999925,896.6874,-128.73386699999992
36.059,0.0016148939999999917,869.8602000000001,-130.72272780000003
36.068999999999996,0.0012593219999999933,890.7258,-128.73386699999992
36.079,0.001792679999999991,873.8346,-130.72272780000003
36.088,0.0014371079999999925,888.7386,-128.73386699999992
36.098,0.0016148939999999917,875.8218,-128.73386699999992
36.108,0.0012593219999999933,885.7578000000001,-126.7450061999998
36.117999999999995,0.001081535999999994,881.7834,-128.73386699999992
36.126999999999995,0.0014371079999999925,884.7642000000001,-128.73386699999992
36.137,0.0014371079999999925,882.777,-126.7450061999998
36.147,0.0014371079999999925,879.7962000000001,-126.7450061999998
36.156,0.0012593219999999933,886.7514000000001,-126.7450061999998
36.166,0.0014371079999999925,874.8282,-130.72272780000003
36.176,0.0012593219999999933,889.7322,-126.7450061999998
36.184999999999995,0.0012593219999999933,876.8154000000001,-126.7450061999998
36.195,0.0012593219999999933,892.7130000000001,-126.7450061999998
