Time (s),Channel 1 (mA),Channel 2 (mV),Channel 3 (mV)
0.0,1.4819999999998723e-05,344.2458,18.441832200000135
0.010000000000005116,1.4819999999998723e-05,345.2394,22.41955380000013
0.020000000000003126,-0.00016296600000001438,346.233,24.408414600000015
0.030000000000001137,-0.00016296600000001438,346.233,22.41955380000013
0.04000000000000625,-0.00016296600000001438,345.2394,22.41955380000013
0.05000000000000426,-0.0003407520000000136,344.2458,18.441832200000135
0.060000000000002274,1.4819999999998723e-05,345.2394,22.41955380000013
0.07000000000000028,-0.00016296600000001438,346.233,24.408414600000015
0.0800000000000054,1.4819999999998723e-05,346.233,22.41955380000013
0.09000000000000341,0.00019260599999999795,345.2394,20.43069300000002
0.10000000000000142,1.4819999999998723e-05,346.233,22.41955380000013
0.11000000000000654,-0.00016296600000001438,346.233,22.41955380000013
0.12000000000000455,-0.00016296600000001438,346.233,24.408414600000015
0.13000000000000256,-0.00016296600000001438,346.233,22.41955380000013
0.14000000000000057,1.4819999999998723e-05,345.2394,18.441832200000135
0.15000000000000568,0.00019260599999999795,346.233,22.41955380000013
0.1600000000000037,-0.00016296600000001438,347.22659999999996,24.408414600000015
0.1700000000000017,-0.00016296600000001438,346.233,24.408414600000015
0.18000000000000682,-0.00016296600000001438,347.22659999999996,20.43069300000002
0.19000000000000483,0.00019260599999999795,347.22659999999996,22.41955380000013
0.20000000000000284,1.4819999999998723e-05,347.22659999999996,22.41955380000013
0.21000000000000085,1.4819999999998723e-05,347.22659999999996,24.408414600000015
0.22000000000000597,-0.00016296600000001438,347.22659999999996,24.408414600000015
0.23000000000000398,-0.00016296600000001438,347.22659999999996,22.41955380000013
0.240000000000002,1.4819999999998723e-05,347.22659999999996,22.41955380000013
0.25,0.00019260599999999795,347.22659999999996,22.41955380000013
0.2600000000000051,-0.00016296600000001438,348.2202,24.408414600000015
0.277000000000001,-0.00016296600000001438,347.22659999999996,20.43069300000002
0.28600000000000136,1.4819999999998723e-05,347.22659999999996,22.41955380000013
0.2960000000000065,-0.00016296600000001438,348.2202,22.41955380000013
0.3050000000000068,1.4819999999998723e-05,348.2202,22.41955380000013
0.31500000000000483,0.00019260599999999795,348.2202,18.441832200000135
0.3240000000000052,-0.0003407520000000136,348.2202,24.408414600000015
0.3340000000000032,-0.00016296600000001438,349.2138,22.41955380000013
0.3430000000000035,0.00019260599999999795,348.2202,20.43069300000002
0.35300000000000153,-0.0003407520000000136,350.2074,24.408414600000015
0.36300000000000665,-0.0005185379999999989,349.2138,22.41955380000013
0.372000000000007,1.4819999999998723e-05,350.2074,22.41955380000013
0.382000000000005,-0.00016296600000001438,349.2138,22.41955380000013
0.39100000000000534,-0.0003407520000000136,351.20099999999996,26.3972753999999
0.41100000000000136,1.4819999999998723e-05,350.2074,22.41955380000013
0.4200000000000017,1.4819999999998723e-05,350.2074,22.41955380000013
0.4300000000000068,-0.00016296600000001438,351.20099999999996,22.41955380000013
0.44000000000000483,1.4819999999998723e-05,350.2074,22.41955380000013
0.4510000000000005,-0.0003407520000000136,350.2074,22.41955380000013
0.46000000000000085,1.4819999999998723e-05,350.2074,22.41955380000013
0.47000000000000597,1.4819999999998723e-05,350.2074,22.41955380000013
0.480000000000004,-0.00016296600000001438,351.20099999999996,22.41955380000013
0.490000000000002,-0.00016296600000001438,350.2074,22.41955380000013
0.5010000000000048,-0.00016296600000001438,348.2202,18.441832200000135
0.5100000000000051,1.4819999999998723e-05,351.20099999999996,24.408414600000015
0.5200000000000031,-0.0003407520000000136,352.1946,24.408414600000015
0.5300000000000011,-0.00016296600000001438,351.20099999999996,22.41955380000013
0.5410000000000039,-0.00016296600000001438,351.20099999999996,20.43069300000002
0.5510000000000019,1.4819999999998723e-05,352.1946,22.41955380000013
0.5609999999999999,1.4819999999998723e-05,351.20099999999996,22.41955380000013
0.5710000000000051,1.4819999999998723e-05,351.20099999999996,22.41955380000013
0.5810000000000031,-0.00016296600000001438,351.20099999999996,22.41955380000013
0.5910000000000011,0.00019260599999999795,350.2074,20.43069300000002
0.6010000000000062,1.4819999999998723e-05,351.20099999999996,20.43069300000002
0.6110000000000042,1.4819999999998723e-05,352.1946,22.41955380000013
0.6210000000000022,1.4819999999998723e-05,352.1946,24.408414600000015
0.6310000000000002,1.4819999999998723e-05,352.1946,18.441832200000135
0.6410000000000053,-0.00016296600000001438,353.1882,24.408414600000015
0.6510000000000034,1.4819999999998723e-05,353.1882,22.41955380000013
0.6610000000000014,-0.00016296600000001438,352.1946,24.408414600000015
0.6710000000000065,1.4819999999998723e-05,352.1946,24.408414600000015
0.6810000000000045,1.4819999999998723e-05,352.1946,20.43069300000002
0.6910000000000025,0.00019260599999999795,353.1882,20.43069300000002
0.7010000000000005,-0.00016296600000001438,352.1946,22.41955380000013
0.7110000000000056,1.4819999999998723e-05,353.1882,22.41955380000013
0.7210000000000036,-0.0003407520000000136,353.1882,22.41955380000013
0.7310000000000016,-0.00016296600000001438,354.1818,24.408414600000015
0.7410000000000068,-0.00016296600000001438,353.1882,22.41955380000013
0.7720000000000056,1.4819999999998723e-05,349.2138,18.441832200000135
0.7910000000000039,-0.00016296600000001438,352.1946,24.408414600000015
0.8010000000000019,-0.00016296600000001438,352.1946,22.41955380000013
0.8109999999999999,-0.0003407520000000136,352.1946,20.43069300000002
0.8210000000000051,-0.00016296600000001438,353.1882,24.408414600000015
0.8310000000000031,-0.00016296600000001438,354.1818,24.408414600000015
0.8410000000000011,-0.00016296600000001438,353.1882,22.41955380000013
0.8510000000000062,1.4819999999998723e-05,353.1882,20.43069300000002
0.8610000000000042,-0.00016296600000001438,353.1882,20.43069300000002
0.8710000000000022,-0.00016296600000001438,355.17539999999997,24.408414600000015
0.8810000000000002,1.4819999999998723e-05,353.1882,20.43069300000002
0.8910000000000053,1.4819999999998723e-05,354.1818,22.41955380000013
0.9010000000000034,-0.00016296600000001438,355.17539999999997,20.43069300000002
0.9110000000000014,-0.0003407520000000136,355.17539999999997,24.408414600000015
0.9210000000000065,1.4819999999998723e-05,354.1818,22.41955380000013
0.9310000000000045,0.00019260599999999795,355.17539999999997,22.41955380000013
0.9410000000000025,-0.0003407520000000136,355.17539999999997,24.408414600000015
0.9510000000000005,-0.00016296600000001438,355.17539999999997,22.41955380000013
0.9610000000000056,-0.00016296600000001438,355.17539999999997,24.408414600000015
0.9710000000000036,0.00019260599999999795,355.17539999999997,22.41955380000013
0.9810000000000016,1.4819999999998723e-05,355.17539999999997,22.41955380000013
0.9910000000000068,-0.0003407520000000136,355.17539999999997,18.441832200000135
1.0010000000000048,1.4819999999998723e-05,352.1946,6.508667400000149
1.0110000000000028,-0.00016296600000001438,356.169,6.508667400000149
1.0420000000000016,-0.00016296600000001438,357.1626,4.519806600000038
1.051000000000002,0.00019260599999999795,360.1434,6.508667400000149
1.061,1.4819999999998723e-05,362.1306,8.497528200000033
1.071000000000005,0.00019260599999999795,363.1242,6.508667400000149
1.0820000000000007,-0.00016296600000001438,364.1178,4.519806600000038
1.0920000000000059,1.4819999999998723e-05,373.0602,38.330440199999884
1.1010000000000062,-0.00016296600000001438,375.0474,38.330440199999884
1.132000000000005,-0.00016296600000001438,371.073,36.3415794
1.1770000000000067,1.4819999999998723e-05,361.137,36.3415794
1.2220000000000013,1.4819999999998723e-05,354.1818,36.3415794
1.2310000000000016,1.4819999999998723e-05,355.17539999999997,38.330440199999884
1.2410000000000068,1.4819999999998723e-05,355.17539999999997,36.3415794
1.25,-0.00016296600000001438,356.169,38.330440199999884
1.2610000000000028,-0.0003407520000000136,355.17539999999997,36.3415794
1.2700000000000031,1.4819999999998723e-05,362.1306,66.17449140000008
1.2800000000000011,-0.00016296600000001438,362.1306,66.17449140000008
1.2890000000000015,-0.00016296600000001438,359.14979999999997,66.17449140000008
1.3120000000000047,-0.00016296600000001438,343.25219999999996,66.17449140000008
1.321000000000005,1.4819999999998723e-05,335.3034,66.17449140000008
1.331000000000003,-0.0003407520000000136,330.3354,66.17449140000008
1.3400000000000034,-0.00016296600000001438,325.3674,68.16335219999996
1.3500000000000014,-0.0003407520000000136,321.393,64.1856306000002
1.3590000000000018,-0.00016296600000001438,318.4122,68.16335219999996
1.3690000000000069,-0.00016296600000001438,315.4314,66.17449140000008
1.3790000000000049,-0.00016296600000001438,311.457,66.17449140000008
1.3880000000000052,-0.00016296600000001438,308.4762,68.16335219999996
1.3980000000000032,-0.0005185379999999989,307.4826,68.16335219999996
1.4070000000000036,1.4819999999998723e-05,309.46979999999996,94.01854260000005
1.4170000000000016,1.4819999999998723e-05,306.489,96.00740339999993
1.4470000000000027,-0.0003407520000000136,296.553,96.00740339999993
1.456000000000003,1.4819999999998723e-05,298.54019999999997,96.00740339999993
1.466000000000001,1.4819999999998723e-05,299.5338,97.99626420000004
1.4750000000000014,-0.00016296600000001438,298.54019999999997,97.99626420000004
1.4850000000000065,-0.0005185379999999989,295.5594,97.99626420000004
1.4950000000000045,-0.0003407520000000136,295.5594,127.82917620000012
1.5050000000000026,1.4819999999998723e-05,299.5338,125.84031540000001
1.5370000000000061,1.4819999999998723e-05,296.553,123.85145460000012
1.5460000000000065,-0.00016296600000001438,298.54019999999997,125.84031540000001
1.5560000000000045,1.4819999999998723e-05,297.5466,125.84031540000001
1.5650000000000048,1.4819999999998723e-05,298.54019999999997,125.84031540000001
1.5750000000000028,-0.00016296600000001438,297.5466,125.84031540000001
1.5850000000000009,-0.0003407520000000136,296.553,155.6732274000001
1.595000000000006,-0.0003407520000000136,296.553,159.65094900000008
1.6270000000000024,1.4819999999998723e-05,298.54019999999997,157.6620882000002
1.6720000000000041,-0.00016296600000001438,294.56579999999997,153.68436659999998
1.6810000000000045,-0.00016296600000001438,297.5466,155.6732274000001
1.6910000000000025,1.4819999999998723e-05,298.54019999999997,157.6620882000002
1.7000000000000028,-0.00016296600000001438,298.54019999999997,157.6620882000002
1.7100000000000009,1.4819999999998723e-05,298.54019999999997,157.6620882000002
1.720000000000006,0.00019260599999999795,298.54019999999997,157.6620882000002
1.7290000000000063,-0.00016296600000001438,299.5338,159.65094900000008
1.7380000000000067,1.4819999999998723e-05,300.5274,157.6620882000002
1.7650000000000006,1.4819999999998723e-05,299.5338,187.49500020000005
1.7750000000000057,1.4819999999998723e-05,296.553,185.50613939999994
1.8070000000000022,0.00019260599999999795,296.553,185.50613939999994
1.8160000000000025,0.00019260599999999795,300.5274,185.50613939999994
1.8260000000000005,0.00037039200000001105,298.54019999999997,183.51727860000005
1.8350000000000009,1.4819999999998723e-05,297.5466,187.49500020000005
1.845000000000006,0.00019260599999999795,298.54019999999997,185.50613939999994
1.855000000000004,0.00019260599999999795,297.5466,215.33905140000002
1.865000000000002,0.0005481779999999825,298.54019999999997,213.35019060000013
1.8970000000000056,0.00037039200000001105,296.553,215.33905140000002
1.906000000000006,1.4819999999998723e-05,298.54019999999997,219.316773
1.916000000000004,0.00037039200000001105,298.54019999999997,215.33905140000002
1.9250000000000043,1.4819999999998723e-05,296.553,217.32791220000013
1.9350000000000023,0.00019260599999999795,297.5466,215.33905140000002
1.9450000000000003,0.0005481779999999825,299.5338,215.33905140000002
1.9540000000000006,0.00037039200000001105,300.5274,217.32791220000013
1.9640000000000057,0.0005481779999999825,297.5466,215.33905140000002
1.983000000000004,0.00037039200000001105,297.5466,215.33905140000002
1.993000000000002,0.0005481779999999825,298.54019999999997,247.1608242000002
2.003,0.0007259639999999956,299.5338,247.1608242000002
2.0320000000000036,0.0009037499999999948,297.5466,245.17196339999987
2.041000000000004,0.001081535999999994,299.5338,243.18310259999998
2.051000000000002,0.0009037499999999948,298.54019999999997,247.1608242000002
2.0600000000000023,0.0009037499999999948,299.5338,247.1608242000002
2.0700000000000003,0.0007259639999999956,294.56579999999997,243.18310259999998
2.0800000000000054,0.0007259639999999956,297.5466,245.17196339999987
2.0890000000000057,0.0007259639999999956,297.5466,247.1608242000002
2.0990000000000038,0.0009037499999999948,299.5338,247.1608242000002
2.108000000000004,0.001081535999999994,298.54019999999997,245.17196339999987
2.118000000000002,0.001081535999999994,300.5274,245.17196339999987
2.128,0.001081535999999994,299.5338,278.98259699999994
2.1370000000000005,0.0012593219999999933,298.54019999999997,276.99373620000006
2.1670000000000016,0.0014371079999999925,297.5466,275.00487539999995
2.176000000000002,0.001792679999999991,299.5338,276.99373620000006
2.186,0.0016148939999999917,298.54019999999997,276.99373620000006
2.1950000000000003,0.0016148939999999917,298.54019999999997,276.99373620000006
2.2050000000000054,0.0012593219999999933,295.5594,276.99373620000006
2.2150000000000034,0.0016148939999999917,299.5338,276.99373620000006
2.2240000000000038,0.0016148939999999917,297.5466,276.99373620000006
2.243000000000002,0.0016148939999999917,300.5274,278.98259699999994
2.253,0.0012593219999999933,294.56579999999997,273.01601460000006
2.2630000000000052,0.0016148939999999917,296.553,310.8043697999999
2.2730000000000032,0.0023260380000000025,298.54019999999997,306.82664820000014
2.3020000000000067,0.0023260380000000025,297.5466,306.82664820000014
2.311,0.002503823999999988,297.5466,308.815509
2.321000000000005,0.002503823999999988,299.5338,308.815509
2.3300000000000054,0.002681610000000001,299.5338,306.82664820000014
2.341000000000001,0.002503823999999988,296.553,306.82664820000014
2.3500000000000014,0.0028593959999999863,298.54019999999997,338.6484210000001
2.3600000000000065,0.003392753999999998,299.5338,338.6484210000001
2.392000000000003,0.003392753999999998,293.5722,334.6706993999999
2.4010000000000034,0.0037483259999999963,297.5466,338.6484210000001
2.4110000000000014,0.0037483259999999963,297.5466,336.6595602000002
2.4200000000000017,0.0039261119999999955,297.5466,336.6595602000002
2.430000000000007,0.0037483259999999963,296.553,334.6706993999999
2.440000000000005,0.003570539999999997,296.553,338.6484210000001
2.449000000000005,0.0037483259999999963,296.553,336.6595602000002
2.459000000000003,0.0039261119999999955,297.5466,338.6484210000001
2.4680000000000035,0.004103897999999995,298.54019999999997,336.6595602000002
2.4780000000000015,0.0039261119999999955,299.5338,334.6706993999999
2.487000000000002,0.004103897999999995,296.553,368.48133299999995
2.497000000000007,0.005348400000000003,298.54019999999997,366.49247220000007
2.527000000000001,0.005703972000000002,293.5722,364.5036114000002
2.5360000000000014,0.0055261859999999885,296.553,370.4701938000003
2.5460000000000065,0.005703972000000002,296.553,366.49247220000007
2.555000000000007,0.005881757999999987,299.5338,368.48133299999995
2.565000000000005,0.005881757999999987,296.553,366.49247220000007
2.575000000000003,0.005703972000000002,299.5338,368.48133299999995
2.594000000000001,0.006059544,297.5466,368.48133299999995
2.6040000000000063,0.006059544,299.5338,368.48133299999995
2.6140000000000043,0.005881757999999987,297.5466,366.49247220000007
2.6240000000000023,0.0064151159999999985,300.5274,398.314245
2.6340000000000003,0.007481831999999994,299.5338,400.30310580000014
2.662000000000006,0.008015189999999991,296.553,394.33652340000026
2.6710000000000065,0.00819297599999999,297.5466,396.32538420000014
2.6810000000000045,0.008370762000000004,298.54019999999997,398.314245
2.690000000000005,0.008015189999999991,298.54019999999997,400.30310580000014
2.7010000000000005,0.008370762000000004,297.5466,394.33652340000026
2.710000000000001,0.008904119999999988,299.5338,428.1471570000001
2.720000000000006,0.010326407999999995,296.553,424.1694354000001
2.7520000000000024,0.011215337999999991,296.553,426.1582962
2.761000000000003,0.011215337999999991,296.553,428.1471570000001
2.771000000000001,0.011037551999999992,298.54019999999997,428.1471570000001
2.780000000000001,0.011215337999999991,298.54019999999997,428.1471570000001
2.7900000000000063,0.011037551999999992,293.5722,426.1582962
2.8000000000000043,0.011215337999999991,297.5466,426.1582962
2.8090000000000046,0.011393124000000004,298.54019999999997,430.1360178000002
2.8190000000000026,0.011215337999999991,297.5466,430.1360178000002
2.828000000000003,0.011393124000000004,298.54019999999997,428.1471570000001
2.838000000000001,0.011037551999999992,295.5594,428.1471570000001
2.848000000000006,0.012459839999999986,298.54019999999997,457.98006899999996
2.8570000000000064,0.013704341999999994,299.5338,457.98006899999996
2.8870000000000005,0.01459327199999999,296.553,455.9912082000001
2.896000000000001,0.01459327199999999,299.5338,455.9912082000001
2.906000000000006,0.014415486000000005,298.54019999999997,459.96892980000007
2.9150000000000063,0.01459327199999999,298.54019999999997,455.9912082000001
2.9250000000000043,0.014771058000000004,296.553,454.0023474000002
2.9440000000000026,0.014948843999999989,300.5274,455.9912082000001
2.9540000000000006,0.014771058000000004,298.54019999999997,457.98006899999996
2.9640000000000057,0.014948843999999989,298.54019999999997,457.98006899999996
2.9750000000000014,0.014771058000000004,297.5466,455.9912082000001
2.9850000000000065,0.015837773999999985,299.5338,485.82412020000015
2.994000000000007,0.017437848000000006,299.5338,487.81298100000004
3.0220000000000056,0.018326778000000002,298.54019999999997,483.83525940000004
3.031000000000006,0.01814899199999999,298.54019999999997,485.82412020000015
3.041000000000004,0.018504563999999987,298.54019999999997,485.82412020000015
3.0500000000000043,0.018504563999999987,298.54019999999997,485.82412020000015
3.0600000000000023,0.018326778000000002,298.54019999999997,485.82412020000015
3.0700000000000003,0.018326778000000002,298.54019999999997,487.81298100000004
3.0790000000000006,0.018504563999999987,298.54019999999997,485.82412020000015
3.0890000000000057,0.018326778000000002,298.54019999999997,485.82412020000015
3.098000000000006,0.018504563999999987,298.54019999999997,485.82412020000015
3.115000000000002,0.019571279999999996,299.5338,513.6681714000001
3.125,0.02117135399999999,298.54019999999997,515.6570322
3.1570000000000036,0.021882497999999986,295.5594,511.6793106
3.166000000000004,0.022060284,297.5466,513.6681714000001
3.176000000000002,0.021704712,298.54019999999997,515.6570322
3.1950000000000003,0.022060284,297.5466,515.6570322
3.2050000000000054,0.022238069999999985,298.54019999999997,513.6681714000001
3.2150000000000034,0.021882497999999986,296.553,515.6570322
3.2250000000000014,0.021882497999999986,298.54019999999997,515.6570322
3.2350000000000065,0.022060284,296.553,515.6570322
3.2450000000000045,0.022238069999999985,299.5338,509.6904498000001
3.2550000000000026,0.023126999999999995,296.553,543.5010834000002
3.2650000000000006,0.024727074,299.5338,541.5122226000001
3.2920000000000016,0.025082646,297.5466,543.5010834000002
3.3020000000000067,0.025260431999999985,297.5466,541.5122226000001
3.311,0.025260431999999985,298.54019999999997,541.5122226000001
3.321000000000005,0.025260431999999985,299.5338,541.5122226000001
3.3300000000000054,0.025082646,296.553,543.5010834000002
3.3400000000000034,0.025260431999999985,299.5338,543.5010834000002
3.3490000000000038,0.025260431999999985,298.54019999999997,543.5010834000002
3.3590000000000018,0.024904859999999987,298.54019999999997,545.4899442000001
3.368000000000002,0.025260431999999985,298.54019999999997,543.5010834000002
3.378,0.025082646,294.56579999999997,539.5233618
3.3880000000000052,0.025971575999999996,298.54019999999997,575.3228562000002
3.3970000000000056,0.02739386399999999,297.5466,577.311717
3.4270000000000067,0.027749436000000002,296.553,571.3451345999999
3.4370000000000047,0.02757164999999999,299.5338,577.311717
3.446000000000005,0.027749436000000002,298.54019999999997,575.3228562000002
3.4650000000000034,0.027749436000000002,296.553,571.3451345999999
3.4750000000000014,0.02739386399999999,297.5466,577.311717
3.4850000000000065,0.02757164999999999,299.5338,573.3339954
3.4950000000000045,0.02757164999999999,299.5338,573.3339954
3.5050000000000026,0.02757164999999999,299.5338,573.3339954
3.5160000000000053,0.02739386399999999,296.553,573.3339954
3.5250000000000057,0.028105008,298.54019999999997,603.1669074000001
3.5350000000000037,0.029171723999999996,296.553,607.1446289999999
3.5620000000000047,0.029171723999999996,294.56579999999997,603.1669074000001
3.5720000000000027,0.029171723999999996,297.5466,605.1557682
3.581000000000003,0.029171723999999996,296.553,605.1557682
3.591000000000001,0.029171723999999996,296.553,605.1557682
3.6000000000000014,0.029171723999999996,296.553,599.1891858000001
3.6100000000000065,0.028993937999999997,297.5466,605.1557682
3.619000000000007,0.028638366,299.5338,605.1557682
3.629000000000005,0.028638366,299.5338,605.1557682
3.6380000000000052,0.028638366,299.5338,603.1669074000001
3.6480000000000032,0.028105008,296.553,603.1669074000001
3.6570000000000036,0.02846058,300.5274,605.1557682
3.7420000000000044,0.02846058,297.5466,634.9886802000001
3.7520000000000024,0.029527295999999995,300.5274,634.9886802000001
3.761000000000003,0.029349509999999995,296.553,636.9775410000002
3.771000000000001,0.029527295999999995,299.5338,634.9886802000001
3.7820000000000036,0.029171723999999996,297.5466,634.9886802000001
3.791000000000004,0.029349509999999995,298.54019999999997,662.8327314000001
3.801000000000002,0.029527295999999995,299.5338,664.8215921999999
3.8100000000000023,0.029349509999999995,297.5466,664.8215921999999
3.8200000000000003,0.029349509999999995,300.5274,664.8215921999999
3.8320000000000007,0.028993937999999997,297.5466,660.8438706000002
3.842000000000006,0.02846058,298.54019999999997,664.8215921999999
3.851000000000006,0.028282793999999986,298.54019999999997,664.8215921999999
3.861000000000004,0.028282793999999986,300.5274,660.8438706000002
3.8700000000000045,0.027749436000000002,294.56579999999997,662.8327314000001
3.8800000000000026,0.02757164999999999,298.54019999999997,666.8104530000003
3.889000000000003,0.02739386399999999,297.5466,664.8215921999999
3.899000000000001,0.02739386399999999,298.54019999999997,664.8215921999999
3.9080000000000013,0.02721607799999999,299.5338,662.8327314000001
3.9180000000000064,0.02703829199999999,294.56579999999997,662.8327314000001
3.9280000000000044,0.02703829199999999,297.5466,694.6545042
3.9370000000000047,0.02739386399999999,300.5274,696.6433650000001
3.967000000000006,0.026682719999999993,297.5466,692.6656434000001
3.986000000000004,0.025793789999999997,297.5466,694.6545042
3.996000000000002,0.025793789999999997,298.54019999999997,696.6433650000001
4.006,0.025438218,297.5466,692.6656434000001
4.016000000000005,0.025082646,298.54019999999997,728.4651377999999
4.026000000000003,0.024727074,298.54019999999997,728.4651377999999
4.036000000000001,0.024727074,299.5338,726.4762770000002
4.057000000000002,0.02419371599999999,294.56579999999997,724.4874162000001
4.0760000000000005,0.023482571999999993,300.5274,728.4651377999999
4.086000000000006,0.023126999999999995,299.5338,728.4651377999999
4.096000000000004,0.022949213999999996,297.5466,726.4762770000002
4.106000000000002,0.022949213999999996,297.5466,726.4762770000002
4.116000000000007,0.022593641999999997,299.5338,726.4762770000002
4.126000000000005,0.022415855999999998,297.5466,728.4651377999999
4.136000000000003,0.022415855999999998,298.54019999999997,726.4762770000002
4.147000000000006,0.022060284,298.54019999999997,726.4762770000002
4.156000000000006,0.021704712,296.553,756.3091890000005
4.166000000000004,0.021349140000000003,299.5338,758.2980498000002
4.192,0.020637995999999992,296.553,756.3091890000005
4.202000000000005,0.020282423999999993,298.54019999999997,758.2980498000002
4.211000000000006,0.019926851999999995,296.553,756.3091890000005
4.221000000000004,0.019749065999999996,298.54019999999997,758.2980498000002
4.230000000000004,0.019571279999999996,294.56579999999997,756.3091890000005
4.240000000000002,0.019571279999999996,297.5466,756.3091890000005
4.249000000000002,0.019215707999999984,297.5466,756.3091890000005
4.259,0.019037922,298.54019999999997,756.3091890000005
4.268000000000001,0.018860135999999986,297.5466,756.3091890000005
4.278000000000006,0.018326778000000002,296.553,756.3091890000005
4.288000000000004,0.01797120599999999,299.5338,788.1309618000005
4.307000000000002,0.017437848000000006,299.5338,788.1309618000005
4.327000000000005,0.016904489999999994,296.553,786.1421010000004
4.337000000000003,0.016726703999999995,298.54019999999997,788.1309618000005
4.347000000000001,0.016371131999999997,300.5274,790.1198226000006
4.357000000000006,0.016193345999999983,297.5466,788.1309618000005
4.367000000000004,0.015482201999999987,296.553,788.1309618000005
4.3770000000000024,0.014948843999999989,299.5338,819.9527346000004
4.3870000000000005,0.014771058000000004,298.54019999999997,817.9638738000003
4.417000000000002,0.013704341999999994,294.56579999999997,815.9750130000002
4.427000000000007,0.013704341999999994,298.54019999999997,817.9638738000003
4.437000000000005,0.012993197999999997,299.5338,819.9527346000004
4.447000000000003,0.012637625999999999,298.54019999999997,819.9527346000004
4.457000000000001,0.012637625999999999,298.54019999999997,813.9861522000006
4.467000000000006,0.012459839999999986,300.5274,819.9527346000004
4.477000000000004,0.012104268000000001,296.553,819.9527346000004
4.487000000000002,0.011926481999999988,298.54019999999997,819.9527346000004
4.497000000000007,0.011748696000000003,297.5466,819.9527346000004
4.510000000000005,0.010859765999999993,298.54019999999997,851.7745074000004
4.520000000000003,0.010504193999999994,299.5338,853.7633682000005
4.5290000000000035,0.010326407999999995,300.5274,851.7745074000004
4.552000000000007,0.009437478,292.5786,847.7967858000006
4.562000000000005,0.009437478,299.5338,851.7745074000004
4.571000000000005,0.009081906,299.5338,851.7745074000004
4.581000000000003,0.008904119999999988,299.5338,851.7745074000004
4.591000000000001,0.008726334000000002,296.553,851.7745074000004
4.601000000000006,0.008015189999999991,298.54019999999997,875.6408370000004
4.6100000000000065,0.007659617999999993,298.54019999999997,881.6074194000003
4.642000000000003,0.006770687999999997,295.5594,877.6296978000005
4.652000000000001,0.006770687999999997,298.54019999999997,881.6074194000003
4.661000000000001,0.0064151159999999985,297.5466,879.6185586000001
4.6710000000000065,0.0064151159999999985,298.54019999999997,879.6185586000001
4.680000000000007,0.005881757999999987,294.56579999999997,879.6185586000001
4.690000000000005,0.005703972000000002,299.5338,879.6185586000001
4.699000000000005,0.005881757999999987,300.5274,879.6185586000001
4.709000000000003,0.0055261859999999885,299.5338,879.6185586000001
4.7180000000000035,0.005703972000000002,298.54019999999997,879.6185586000001
4.7280000000000015,0.004992828000000005,295.5594,877.6296978000005
4.747000000000007,0.004459469999999993,297.5466,909.4514706000004
4.757000000000005,0.004459469999999993,299.5338,911.4403314000006
4.777000000000001,0.004281683999999994,299.5338,905.4737490000002
4.787000000000006,0.0039261119999999955,299.5338,911.4403314000006
4.7960000000000065,0.0039261119999999955,300.5274,911.4403314000006
4.8060000000000045,0.003392753999999998,298.54019999999997,911.4403314000006
4.8160000000000025,0.0032149679999999986,297.5466,909.4514706000004
4.825000000000003,0.002681610000000001,298.54019999999997,943.2621042000005
4.835000000000001,0.002681610000000001,297.5466,941.2732434
4.867000000000004,0.001970466000000004,294.56579999999997,941.2732434
4.8770000000000024,0.0023260380000000025,297.5466,941.2732434
4.886000000000003,0.0021482519999999894,297.5466,941.2732434
4.896000000000001,0.001792679999999991,297.5466,941.2732434
4.906000000000006,0.0016148939999999917,296.553,941.2732434
4.915000000000006,0.001081535999999994,297.5466,971.1061554000003
4.925000000000004,0.0012593219999999933,298.54019999999997,971.1061554000003
4.957000000000001,0.0007259639999999956,297.5466,973.0950162000004
4.967000000000006,0.0005481779999999825,298.54019999999997,973.0950162000004
4.976000000000006,0.0005481779999999825,298.54019999999997,973.0950162000004
4.9850000000000065,0.0007259639999999956,299.5338,973.0950162000004
5.0020000000000024,0.00037039200000001105,294.56579999999997,971.1061554000003
5.0120000000000005,-0.00016296600000001438,299.5338,1014.9137370000003
5.021000000000001,1.4819999999998723e-05,298.54019999999997,1012.9974906000002
5.031000000000006,-0.00016296600000001438,297.5466,1012.9974906000002
5.047000000000004,-0.00016296600000001438,295.5594,1011.0812442000001
5.057000000000002,1.4819999999998723e-05,298.54019999999997,1012.9974906000002
5.0660000000000025,1.4819999999998723e-05,299.5338,1012.9974906000002
5.0760000000000005,0.00019260599999999795,296.553,1012.9974906000002
5.085000000000001,-0.00016296600000001438,295.5594,1012.9974906000002
5.095000000000006,0.00019260599999999795,299.5338,1014.9137370000003
5.104000000000006,1.4819999999998723e-05,298.54019999999997,1011.0812442000001
5.114000000000004,0.00019260599999999795,297.5466,1012.9974906000002
5.123000000000005,0.00019260599999999795,298.54019999999997,1011.0812442000001
5.133000000000003,1.4819999999998723e-05,298.54019999999997,1007.2487514
5.143000000000001,1.4819999999998723e-05,299.5338,1041.7411865999998
5.152000000000001,-0.0003407520000000136,307.4826,1043.6574329999999
5.182000000000002,-0.0003407520000000136,306.489,1039.8249402000001
5.192,-0.0005185379999999989,307.4826,1043.6574329999999
5.2010000000000005,-0.0003407520000000136,308.4762,1043.6574329999999
5.211000000000006,-0.00016296600000001438,309.46979999999996,1041.7411865999998
5.221000000000004,-0.0005185379999999989,308.4762,1041.7411865999998
5.230000000000004,-0.00016296600000001438,339.2778,1074.3173754
5.240000000000002,-0.0003407520000000136,340.27139999999997,1072.4011290000003
5.272000000000006,-0.0003407520000000136,340.27139999999997,1070.4848826000002
5.282000000000004,-0.0003407520000000136,343.25219999999996,1074.3173754
5.291000000000004,-0.00016296600000001438,343.25219999999996,1070.4848826000002
5.301000000000002,-0.00016296600000001438,345.2394,1076.2336218
5.312000000000005,1.4819999999998723e-05,343.25219999999996,1068.5686362000001
5.321000000000005,-0.00016296600000001438,374.05379999999997,1103.0610714000004
5.331000000000003,-0.00016296600000001438,376.041,1101.1448249999999
5.340000000000003,1.4819999999998723e-05,376.041,1103.0610714000004
5.350000000000001,1.4819999999998723e-05,376.041,1101.1448249999999
5.362000000000002,-0.00016296600000001438,375.0474,1099.2285785999998
5.372000000000007,-0.00016296600000001438,378.02819999999997,1104.9773178
5.381,1.4819999999998723e-05,378.02819999999997,1101.1448249999999
5.391000000000005,-0.00016296600000001438,379.0218,1104.9773178
5.401000000000003,-0.00016296600000001438,380.0154,1103.0610714000004
5.410000000000004,1.4819999999998723e-05,409.8234,1133.7210138
5.420000000000002,-0.00016296600000001438,410.817,1135.6372601999997
5.452000000000005,-0.00016296600000001438,410.817,1131.8047674
5.462000000000003,-0.0003407520000000136,413.7978,1133.7210138
5.471000000000004,-0.0003407520000000136,413.7978,1133.7210138
5.481000000000002,-0.0003407520000000136,413.7978,1133.7210138
5.491000000000007,-0.0005185379999999989,412.8042,1129.8885210000003
5.501000000000005,-0.0003407520000000136,442.6122,1166.2972026000002
5.510000000000005,-0.00016296600000001438,443.6058,1162.4647098
5.542000000000002,-0.0003407520000000136,444.5994,1162.4647098
5.552000000000007,-0.0003407520000000136,445.593,1164.3809562000001
5.561,-0.0003407520000000136,446.5866,1162.4647098
5.571000000000005,-0.00016296600000001438,447.5802,1162.4647098
5.580000000000005,-0.0003407520000000136,446.5866,1160.5484634000004
5.590000000000003,-0.0003407520000000136,447.5802,1162.4647098
5.600000000000001,1.4819999999998723e-05,449.56739999999996,1162.4647098
5.619000000000007,-0.00016296600000001438,449.56739999999996,1162.4647098
5.629000000000005,-0.00016296600000001438,449.56739999999996,1160.5484634000004
5.639000000000003,-0.0003407520000000136,481.3626,1195.0408986000002
5.649000000000001,1.4819999999998723e-05,480.36899999999997,1193.1246521999997
5.677000000000007,-0.00016296600000001438,480.36899999999997,1191.2084058
5.687000000000005,-0.0003407520000000136,483.3498,1196.9571450000003
5.696000000000005,-0.00016296600000001438,483.3498,1195.0408986000002
5.706000000000003,-0.00016296600000001438,482.3562,1193.1246521999997
5.715000000000003,-0.0003407520000000136,482.3562,1189.2921594
5.725000000000001,1.4819999999998723e-05,483.3498,1193.1246521999997
5.7350000000000065,1.4819999999998723e-05,484.3434,1195.0408986000002
5.744000000000007,-0.00016296600000001438,484.3434,1193.1246521999997
5.754000000000005,1.4819999999998723e-05,485.337,1193.1246521999997
5.763000000000005,-0.0005185379999999989,484.3434,1195.0408986000002
5.773000000000003,-0.00016296600000001438,514.1514,1223.7845945999998
5.782000000000004,1.4819999999998723e-05,514.1514,1219.9521018
5.812000000000005,-0.00016296600000001438,514.1514,1221.8683482000001
5.822000000000003,-0.0003407520000000136,516.1386,1225.7008409999999
5.831000000000003,1.4819999999998723e-05,515.145,1221.8683482000001
5.841000000000001,-0.00016296600000001438,516.1386,1221.8683482000001
5.851000000000006,-0.0003407520000000136,516.1386,1221.8683482000001
5.861000000000004,-0.00016296600000001438,544.9530000000001,1254.4445370000003
5.8700000000000045,-0.0003407520000000136,545.9466000000001,1252.5282906000002
5.902000000000001,1.4819999999998723e-05,546.9402,1254.4445370000003
5.912000000000006,-0.00016296600000001438,546.9402,1254.4445370000003
5.9210000000000065,-0.00016296600000001438,547.9338,1254.4445370000003
5.9310000000000045,-0.00016296600000001438,546.9402,1254.4445370000003
5.947000000000003,-0.00016296600000001438,546.9402,1250.6120442000001
5.957000000000001,1.4819999999998723e-05,546.9402,1252.5282906000002
5.966000000000001,-0.0003407520000000136,547.9338,1256.3607834
5.976000000000006,-0.0005185379999999989,548.9274,1254.4445370000003
5.986000000000004,-0.0006963239999999982,548.9274,1254.4445370000003
5.996000000000002,-0.00016296600000001438,577.7418,1283.1882329999999
6.005000000000003,-0.0003407520000000136,578.7354,1285.1044794000004
6.037000000000006,-0.0005185379999999989,578.7354,1285.1044794000004
6.047000000000004,1.4819999999998723e-05,577.7418,1283.1882329999999
6.0560000000000045,-0.00016296600000001438,578.7354,1283.1882329999999
6.0660000000000025,1.4819999999998723e-05,577.7418,1281.2719865999998
6.0760000000000005,-0.0003407520000000136,578.7354,1281.2719865999998
6.086000000000006,-0.0003407520000000136,607.5498,1313.8481754
6.095000000000006,-0.00016296600000001438,606.5562000000001,1311.9319290000003
6.1270000000000024,-0.0003407520000000136,606.5562000000001,1311.9319290000003
6.1370000000000005,-0.0003407520000000136,607.5498,1313.8481754
6.146000000000001,-0.00016296600000001438,606.5562000000001,1313.8481754
6.156000000000006,-0.00016296600000001438,606.5562000000001,1313.8481754
6.165000000000006,1.4819999999998723e-05,606.5562000000001,1313.8481754
6.175000000000004,-0.00016296600000001438,606.5562000000001,1311.9319290000003
6.184000000000005,-0.00016296600000001438,607.5498,1313.8481754
6.217000000000006,-0.0003407520000000136,607.5498,1315.7644218
6.265000000000001,-0.0003407520000000136,637.3578000000001,1346.4243642000001
6.275000000000006,-0.00016296600000001438,635.3706000000001,1342.5918714000004
6.307000000000002,-0.0005185379999999989,636.3642000000001,1342.5918714000004
6.317,1.4819999999998723e-05,635.3706000000001,1344.5081178
6.3260000000000005,-0.00016296600000001438,635.3706000000001,1342.5918714000004
6.336000000000006,1.4819999999998723e-05,635.3706000000001,1344.5081178
6.346000000000004,-0.0005185379999999989,634.3770000000001,1342.5918714000004
6.356000000000002,-0.0003407520000000136,662.1978,1377.0843066000002
6.365000000000002,-0.0003407520000000136,662.1978,1377.0843066000002
6.397000000000006,-0.0003407520000000136,660.2106000000001,1371.3355674
6.407000000000004,-0.00016296600000001438,661.2042,1373.2518138
6.416000000000004,0.00019260599999999795,659.2170000000001,1371.3355674
6.426000000000002,-0.00016296600000001438,660.2106000000001,1375.1680601999997
6.437000000000005,-0.00016296600000001438,659.2170000000001,1369.4193210000003
6.447000000000003,-0.0003407520000000136,660.2106000000001,1373.2518138
6.456000000000003,-0.00016296600000001438,659.2170000000001,1373.2518138
6.466000000000001,-0.00016296600000001438,658.2234000000001,1373.2518138
6.475000000000001,-0.00016296600000001438,658.2234000000001,1371.3355674
6.487000000000002,1.4819999999998723e-05,655.2426,1367.5030746000002
6.497000000000007,-0.0003407520000000136,659.2170000000001,1377.0843066000002
6.506,-0.00016296600000001438,657.2298000000001,1375.1680601999997
6.516000000000005,1.4819999999998723e-05,656.2362,1371.3355674
6.526000000000003,1.4819999999998723e-05,656.2362,1371.3355674
6.535000000000004,-0.00016296600000001438,656.2362,1371.3355674
6.545000000000002,-0.0003407520000000136,657.2298000000001,1375.1680601999997
6.554000000000002,-0.00016296600000001438,655.2426,1373.2518138
6.564,1.4819999999998723e-05,655.2426,1373.2518138
6.573,-0.00016296600000001438,655.2426,1371.3355674
6.5830000000000055,-0.00016296600000001438,629.4090000000001,1344.5081178
6.592000000000006,-0.0003407520000000136,628.4154000000001,1346.4243642000001
6.622000000000007,-0.00016296600000001438,626.4282000000001,1342.5918714000004
6.632000000000005,-0.00016296600000001438,627.4218000000001,1346.4243642000001
6.641000000000005,-0.00016296600000001438,627.4218000000001,1344.5081178
6.661000000000001,1.4819999999998723e-05,627.4218000000001,1342.5918714000004
6.680000000000007,1.4819999999998723e-05,597.6138000000001,1315.7644218
6.690000000000005,-0.0003407520000000136,597.6138000000001,1317.6806681999997
6.700000000000003,-0.00016296600000001438,597.6138000000001,1311.9319290000003
6.712000000000003,1.4819999999998723e-05,595.6266,1310.0156826000002
6.722000000000001,-0.00016296600000001438,598.6074000000001,1311.9319290000003
6.731000000000002,-0.00016296600000001438,597.6138000000001,1313.8481754
6.751000000000005,-0.0003407520000000136,598.6074000000001,1313.8481754
6.760000000000005,-0.0006963239999999982,598.6074000000001,1315.7644218
6.770000000000003,1.4819999999998723e-05,597.6138000000001,1311.9319290000003
6.780000000000001,-0.0003407520000000136,598.6074000000001,1313.8481754
6.790000000000006,1.4819999999998723e-05,597.6138000000001,1311.9319290000003
6.801000000000002,-0.0005185379999999989,598.6074000000001,1311.9319290000003
6.811,-0.0003407520000000136,571.7802,1285.1044794000004
6.821000000000005,-0.00016296600000001438,570.7866,1283.1882329999999
6.847000000000001,-0.00016296600000001438,570.7866,1281.2719865999998
6.857000000000006,1.4819999999998723e-05,571.7802,1283.1882329999999
6.866000000000007,-0.0003407520000000136,571.7802,1283.1882329999999
6.876000000000005,-0.0003407520000000136,571.7802,1283.1882329999999
6.892000000000003,0.00019260599999999795,570.7866,1277.4394938
6.902000000000001,-0.00016296600000001438,572.7738,1281.2719865999998
6.9210000000000065,-0.00016296600000001438,571.7802,1283.1882329999999
6.9310000000000045,-0.0003407520000000136,573.7674000000001,1281.2719865999998
6.9410000000000025,-0.00016296600000001438,544.9530000000001,1254.4445370000003
6.9510000000000005,-0.00016296600000001438,544.9530000000001,1252.5282906000002
6.961000000000006,-0.0003407520000000136,543.9594000000001,1256.3607834
6.982000000000006,1.4819999999998723e-05,541.9722,1248.6957978
6.992000000000004,1.4819999999998723e-05,544.9530000000001,1252.5282906000002
7.011000000000003,-0.0003407520000000136,546.9402,1256.3607834
7.021000000000001,-0.0006963239999999982,544.9530000000001,1254.4445370000003
7.031000000000006,-0.00016296600000001438,519.1194,1225.7008409999999
7.041000000000004,-0.00016296600000001438,518.1258,1221.8683482000001
7.051000000000002,-0.00016296600000001438,518.1258,1221.8683482000001
7.072000000000003,0.00019260599999999795,518.1258,1216.1196089999999
7.082000000000001,1.4819999999998723e-05,518.1258,1219.9521018
7.101000000000006,-0.00016296600000001438,520.113,1223.7845945999998
7.111000000000004,0.00019260599999999795,519.1194,1218.0358554000004
7.121000000000002,-0.00016296600000001438,521.1066000000001,1221.8683482000001
7.131,-0.00016296600000001438,521.1066000000001,1221.8683482000001
7.141000000000005,-0.00016296600000001438,521.1066000000001,1221.8683482000001
7.151000000000003,-0.00016296600000001438,522.1002000000001,1221.8683482000001
7.161000000000001,-0.00016296600000001438,521.1066000000001,1221.8683482000001
7.1710000000000065,1.4819999999998723e-05,492.2922,1193.1246521999997
7.1810000000000045,1.4819999999998723e-05,492.2922,1193.1246521999997
7.207000000000001,-0.0005185379999999989,493.2858,1193.1246521999997
7.217000000000006,-0.00016296600000001438,495.27299999999997,1195.0408986000002
7.226000000000006,-0.00016296600000001438,495.27299999999997,1191.2084058
7.236000000000004,-0.00016296600000001438,496.2666,1193.1246521999997
7.246000000000002,-0.0003407520000000136,495.27299999999997,1195.0408986000002
7.256,1.4819999999998723e-05,467.4522,1162.4647098
7.265000000000001,-0.0003407520000000136,467.4522,1164.3809562000001
7.297000000000004,-0.00016296600000001438,466.4586,1160.5484634000004
7.307000000000002,-0.0003407520000000136,468.4458,1162.4647098
7.3160000000000025,1.4819999999998723e-05,468.4458,1160.5484634000004
7.3260000000000005,-0.00016296600000001438,468.4458,1160.5484634000004
7.337000000000003,-0.00016296600000001438,467.4522,1156.7159705999998
7.347000000000001,1.4819999999998723e-05,443.6058,1131.8047674
7.356000000000002,-0.00016296600000001438,442.6122,1133.7210138
7.366000000000007,-0.00016296600000001438,442.6122,1133.7210138
7.375,-0.0003407520000000136,442.6122,1135.6372601999997
7.3870000000000005,1.4819999999998723e-05,443.6058,1133.7210138
7.432000000000002,-0.0003407520000000136,443.6058,1133.7210138
7.452000000000005,-0.0003407520000000136,415.78499999999997,1103.0610714000004
7.462000000000003,1.4819999999998723e-05,415.78499999999997,1103.0610714000004
7.472000000000001,0.00019260599999999795,415.78499999999997,1099.2285785999998
7.482000000000006,1.4819999999998723e-05,416.7786,1103.0610714000004
7.492000000000004,-0.00016296600000001438,416.7786,1103.0610714000004
7.5020000000000024,1.4819999999998723e-05,417.7722,1103.0610714000004
7.5120000000000005,-0.00016296600000001438,417.7722,1103.0610714000004
7.522000000000006,-0.00016296600000001438,416.7786,1099.2285785999998
7.532000000000004,-0.00016296600000001438,389.9514,1070.4848826000002
7.542000000000002,-0.0003407520000000136,389.9514,1074.3173754
7.567,-0.0003407520000000136,388.95779999999996,1070.4848826000002
7.577000000000005,-0.00016296600000001438,390.945,1074.3173754
7.586000000000006,-0.00016296600000001438,390.945,1072.4011290000003
7.596000000000004,-0.00016296600000001438,391.9386,1074.3173754
7.607000000000006,-0.0008741100000000113,389.9514,1074.3173754
7.617000000000004,1.4819999999998723e-05,364.1178,1041.7411865999998
7.6270000000000024,-0.00016296600000001438,363.1242,1041.7411865999998
7.636000000000003,1.4819999999998723e-05,364.1178,1043.6574329999999
7.646000000000001,1.4819999999998723e-05,364.1178,1041.7411865999998
7.657000000000004,1.4819999999998723e-05,363.1242,1037.9086938
7.667000000000002,-0.0003407520000000136,366.10499999999996,1043.6574329999999
7.676000000000002,-0.00016296600000001438,366.10499999999996,1045.5736794000004
7.686,0.00019260599999999795,366.10499999999996,1041.7411865999998
7.696000000000005,-0.0003407520000000136,365.1114,1039.8249402000001
7.705000000000005,-0.00016296600000001438,367.0986,1043.6574329999999
7.715000000000003,-0.00016296600000001438,367.0986,1041.7411865999998
7.724000000000004,1.4819999999998723e-05,366.10499999999996,1041.7411865999998
7.734000000000002,-0.0003407520000000136,368.0922,1041.7411865999998
7.743000000000002,-0.0003407520000000136,366.10499999999996,1039.8249402000001
7.753,-0.00016296600000001438,339.2778,1011.0812442000001
7.772000000000006,-0.00016296600000001438,339.2778,1012.9974906000002
7.792000000000002,-0.0003407520000000136,338.2842,1012.9974906000002
7.802000000000007,1.4819999999998723e-05,340.27139999999997,1012.9974906000002
7.812000000000005,-0.00016296600000001438,340.27139999999997,1012.9974906000002
7.822000000000003,1.4819999999998723e-05,341.265,1012.9974906000002
7.841000000000001,-0.00016296600000001438,313.44419999999997,973.0950162000004
7.850000000000001,-0.0003407520000000136,313.44419999999997,973.0950162000004
7.882000000000005,1.4819999999998723e-05,312.4506,969.1172946000006
7.892000000000003,-0.00016296600000001438,314.4378,973.0950162000004
7.902000000000001,1.4819999999998723e-05,314.4378,971.1061554000003
7.912000000000006,-0.00016296600000001438,315.4314,973.0950162000004
7.923000000000002,-0.0005185379999999989,314.4378,973.0950162000004
7.932000000000002,-0.00016296600000001438,300.5274,943.2621042000005
7.942,-0.00016296600000001438,299.5338,943.2621042000005
7.972000000000001,-0.0003407520000000136,298.54019999999997,941.2732434
7.982000000000006,-0.00016296600000001438,299.5338,943.2621042000005
7.991000000000007,-0.00016296600000001438,298.54019999999997,943.2621042000005
8.001000000000005,-0.00016296600000001438,299.5338,941.2732434
8.011000000000003,-0.00016296600000001438,296.553,939.2843826000003
8.020000000000003,-0.0003407520000000136,298.54019999999997,943.2621042000005
8.030000000000001,-0.0003407520000000136,298.54019999999997,943.2621042000005
8.039000000000001,-0.0003407520000000136,298.54019999999997,943.2621042000005
8.049000000000007,-0.00016296600000001438,298.54019999999997,941.2732434
8.058000000000007,-0.0005185379999999989,295.5594,943.2621042000005
8.068000000000005,-0.00016296600000001438,298.54019999999997,909.4514706000004
8.077000000000005,-0.00016296600000001438,297.5466,911.4403314000006
8.107000000000006,-0.00016296600000001438,295.5594,911.4403314000006
8.117000000000004,1.4819999999998723e-05,298.54019999999997,911.4403314000006
8.127000000000002,-0.0005185379999999989,297.5466,915.4180530000003
8.136000000000003,1.4819999999998723e-05,299.5338,909.4514706000004
8.146,-0.0003407520000000136,298.54019999999997,911.4403314000006
8.156000000000006,-0.00016296600000001438,296.553,879.6185586000001
8.165000000000006,-0.00016296600000001438,297.5466,879.6185586000001
8.197000000000003,1.4819999999998723e-05,297.5466,875.6408370000004
8.207,1.4819999999998723e-05,299.5338,877.6296978000005
8.217000000000006,-0.0003407520000000136,296.553,881.6074194000003
8.226000000000006,-0.00016296600000001438,299.5338,879.6185586000001
8.236000000000004,1.4819999999998723e-05,299.5338,877.6296978000005
8.246000000000002,0.00019260599999999795,299.5338,849.7856466000003
8.255000000000003,-0.00016296600000001438,296.553,851.7745074000004
8.287000000000006,-0.0003407520000000136,294.56579999999997,849.7856466000003
8.297000000000004,-0.00016296600000001438,298.54019999999997,849.7856466000003
8.307000000000002,1.4819999999998723e-05,299.5338,847.7967858000006
8.316000000000003,1.4819999999998723e-05,297.5466,847.7967858000006
8.326,-0.00016296600000001438,296.553,847.7967858000006
8.335,1.4819999999998723e-05,299.5338,847.7967858000006
8.345000000000006,1.4819999999998723e-05,297.5466,849.7856466000003
8.354000000000006,1.4819999999998723e-05,299.5338,849.7856466000003
8.373000000000005,-0.00016296600000001438,298.54019999999997,847.7967858000006
8.383000000000003,0.00019260599999999795,297.5466,817.9638738000003
8.393,0.00019260599999999795,299.5338,817.9638738000003
8.422000000000004,-0.00016296600000001438,295.5594,817.9638738000003
8.432000000000002,1.4819999999998723e-05,300.5274,815.9750130000002
8.442,-0.00016296600000001438,298.54019999999997,817.9638738000003
8.451,1.4819999999998723e-05,298.54019999999997,817.9638738000003
8.462000000000003,-0.00016296600000001438,297.5466,817.9638738000003
8.471000000000004,-0.00016296600000001438,298.54019999999997,790.1198226000006
8.481000000000002,0.00019260599999999795,299.5338,788.1309618000005
8.490000000000002,1.4819999999998723e-05,298.54019999999997,788.1309618000005
8.512,-0.00016296600000001438,295.5594,786.1421010000004
8.522000000000006,0.00019260599999999795,299.5338,788.1309618000005
8.532000000000004,-0.00016296600000001438,295.5594,790.1198226000006
8.541000000000004,1.4819999999998723e-05,298.54019999999997,790.1198226000006
8.551000000000002,-0.00016296600000001438,298.54019999999997,786.1421010000004
8.560000000000002,-0.00016296600000001438,299.5338,792.1086834000002
8.57,-0.0003407520000000136,297.5466,790.1198226000006
8.579,-0.00016296600000001438,297.5466,792.1086834000002
8.589000000000006,-0.00016296600000001438,299.5338,790.1198226000006
8.598000000000006,-0.00016296600000001438,296.553,784.1532402000003
8.608000000000004,0.00019260599999999795,298.54019999999997,760.2869106000003
8.618000000000002,0.00019260599999999795,298.54019999999997,758.2980498000002
8.648000000000003,-0.0003407520000000136,296.553,758.2980498000002
8.657000000000004,1.4819999999998723e-05,298.54019999999997,758.2980498000002
8.667000000000002,1.4819999999998723e-05,298.54019999999997,756.3091890000005
8.676000000000002,-0.0003407520000000136,297.5466,762.2757713999999
8.686,-0.0003407520000000136,295.5594,758.2980498000002
8.696000000000005,0.00019260599999999795,297.5466,728.4651377999999
8.705000000000005,-0.00016296600000001438,298.54019999999997,728.4651377999999
8.737000000000002,1.4819999999998723e-05,296.553,724.4874162000001
8.747000000000007,-0.00016296600000001438,295.5594,728.4651377999999
8.756,0.00019260599999999795,299.5338,726.4762770000002
8.766000000000005,1.4819999999998723e-05,298.54019999999997,726.4762770000002
8.786000000000001,1.4819999999998723e-05,298.54019999999997,696.6433650000001
8.795000000000002,0.00019260599999999795,298.54019999999997,696.6433650000001
8.828000000000003,-0.00016296600000001438,297.5466,694.6545042
8.837000000000003,-0.00016296600000001438,297.5466,696.6433650000001
8.847000000000001,1.4819999999998723e-05,299.5338,696.6433650000001
8.856000000000002,0.00019260599999999795,297.5466,694.6545042
8.866000000000007,1.4819999999998723e-05,298.54019999999997,692.6656434000001
8.875,0.00019260599999999795,298.54019999999997,694.6545042
8.885000000000005,-0.0003407520000000136,300.5274,696.6433650000001
8.904000000000003,1.4819999999998723e-05,299.5338,696.6433650000001
8.914000000000001,1.4819999999998723e-05,297.5466,694.6545042
8.924000000000007,0.00037039200000001105,300.5274,662.8327314000001
8.934000000000005,1.4819999999998723e-05,300.5274,664.8215921999999
8.962000000000003,1.4819999999998723e-05,295.5594,662.8327314000001
8.972000000000001,0.00019260599999999795,299.5338,662.8327314000001
8.982000000000006,1.4819999999998723e-05,299.5338,664.8215921999999
8.991000000000007,0.00019260599999999795,300.5274,664.8215921999999
9.003,1.4819999999998723e-05,297.5466,662.8327314000001
9.012,0.00019260599999999795,300.5274,638.9664018000001
9.022000000000006,1.4819999999998723e-05,298.54019999999997,636.9775410000002
9.031000000000006,0.00019260599999999795,298.54019999999997,632.9998194000002
9.041000000000004,0.00019260599999999795,299.5338,634.9886802000001
9.053000000000004,1.4819999999998723e-05,293.5722,631.0109586000001
9.062000000000005,1.4819999999998723e-05,299.5338,636.9775410000002
9.072000000000003,1.4819999999998723e-05,298.54019999999997,634.9886802000001
9.081000000000003,-0.00016296600000001438,300.5274,636.9775410000002
9.091000000000001,-0.0003407520000000136,298.54019999999997,634.9886802000001
9.101000000000006,1.4819999999998723e-05,298.54019999999997,605.1557682
9.110000000000007,0.00019260599999999795,297.5466,605.1557682
9.142000000000003,1.4819999999998723e-05,296.553,603.1669074000001
9.152000000000001,1.4819999999998723e-05,298.54019999999997,605.1557682
9.162000000000006,1.4819999999998723e-05,299.5338,603.1669074000001
9.171000000000006,0.00019260599999999795,299.5338,605.1557682
9.181000000000004,-0.00016296600000001438,293.5722,599.1891858000001
9.190000000000005,1.4819999999998723e-05,298.54019999999997,603.1669074000001
9.200000000000003,0.00019260599999999795,298.54019999999997,603.1669074000001
9.209000000000003,1.4819999999998723e-05,298.54019999999997,605.1557682
9.219000000000001,0.00019260599999999795,298.54019999999997,603.1669074000001
9.228000000000002,-0.0003407520000000136,295.5594,603.1669074000001
9.238000000000007,1.4819999999998723e-05,297.5466,575.3228562000002
9.248000000000005,1.4819999999998723e-05,297.5466,577.311717
9.278000000000006,-0.00016296600000001438,295.5594,571.3451345999999
9.287000000000006,0.00037039200000001105,298.54019999999997,571.3451345999999
9.297000000000004,-0.00016296600000001438,298.54019999999997,573.3339954
9.306000000000004,1.4819999999998723e-05,298.54019999999997,573.3339954
9.316000000000003,-0.00016296600000001438,298.54019999999997,571.3451345999999
9.326,0.0005481779999999825,299.5338,539.5233618
9.345000000000006,1.4819999999998723e-05,299.5338,543.5010834000002
9.368000000000002,-0.00016296600000001438,297.5466,543.5010834000002
9.377000000000002,1.4819999999998723e-05,298.54019999999997,543.5010834000002
9.387,1.4819999999998723e-05,298.54019999999997,543.5010834000002
9.396,0.00019260599999999795,299.5338,543.5010834000002
9.406000000000006,-0.00016296600000001438,295.5594,543.5010834000002
9.425000000000004,0.00019260599999999795,297.5466,541.5122226000001
9.435000000000002,1.4819999999998723e-05,298.54019999999997,541.5122226000001
9.445,1.4819999999998723e-05,298.54019999999997,543.5010834000002
9.455000000000005,-0.0003407520000000136,294.56579999999997,543.5010834000002
9.465000000000003,-0.00016296600000001438,297.5466,515.6570322
9.475000000000001,-0.00016296600000001438,298.54019999999997,515.6570322
9.503,1.4819999999998723e-05,295.5594,511.6793106
9.512,0.00037039200000001105,299.5338,511.6793106
9.522000000000006,-0.00016296600000001438,298.54019999999997,517.6458929999999
9.531000000000006,0.00019260599999999795,300.5274,511.6793106
9.541000000000004,1.4819999999998723e-05,296.553,511.6793106
9.550000000000004,0.00019260599999999795,297.5466,513.6681714000001
9.560000000000002,1.4819999999998723e-05,296.553,515.6570322
9.569000000000003,1.4819999999998723e-05,297.5466,513.6681714000001
9.579,1.4819999999998723e-05,298.54019999999997,513.6681714000001
9.589000000000006,1.4819999999998723e-05,296.553,513.6681714000001
9.598000000000006,0.00019260599999999795,297.5466,485.82412020000015
9.608000000000004,0.00019260599999999795,297.5466,485.82412020000015
9.638000000000005,1.4819999999998723e-05,294.56579999999997,483.83525940000004
9.647000000000006,1.4819999999998723e-05,299.5338,487.81298100000004
9.657000000000004,1.4819999999998723e-05,297.5466,487.81298100000004
9.666000000000004,0.00019260599999999795,297.5466,487.81298100000004
9.676000000000002,0.00019260599999999795,298.54019999999997,483.83525940000004
9.695,1.4819999999998723e-05,298.54019999999997,487.81298100000004
9.705000000000005,1.4819999999998723e-05,297.5466,483.83525940000004
9.715000000000003,0.00019260599999999795,299.5338,485.82412020000015
9.725000000000001,-0.0003407520000000136,294.56579999999997,483.83525940000004
9.735000000000007,1.4819999999998723e-05,300.5274,457.98006899999996
9.745000000000005,0.00019260599999999795,297.5466,457.98006899999996
9.773000000000003,-0.0003407520000000136,295.5594,455.9912082000001
9.782000000000004,1.4819999999998723e-05,298.54019999999997,457.98006899999996
9.792000000000002,-0.00016296600000001438,298.54019999999997,457.98006899999996
9.801000000000002,1.4819999999998723e-05,299.5338,457.98006899999996
9.811,-0.00016296600000001438,296.553,454.0023474000002
9.821000000000005,0.00019260599999999795,297.5466,426.1582962
9.830000000000005,0.00019260599999999795,298.54019999999997,426.1582962
9.863000000000007,-0.00016296600000001438,295.5594,426.1582962
9.872000000000007,1.4819999999998723e-05,299.5338,428.1471570000001
9.882000000000005,0.00037039200000001105,299.5338,426.1582962
9.891000000000005,0.00037039200000001105,299.5338,426.1582962
9.901000000000003,1.4819999999998723e-05,296.553,426.1582962
9.911000000000001,0.00019260599999999795,299.5338,400.30310580000014
9.920000000000002,1.4819999999998723e-05,297.5466,400.30310580000014
9.953000000000003,0.00019260599999999795,295.5594,394.33652340000026
9.962000000000003,1.4819999999998723e-05,298.54019999999997,398.314245
9.972000000000001,0.00037039200000001105,299.5338,396.32538420000014
9.981000000000002,0.00019260599999999795,297.5466,396.32538420000014
9.991000000000007,0.00019260599999999795,297.5466,396.32538420000014
10.0,1.4819999999998723e-05,298.54019999999997,400.30310580000014
10.010000000000005,1.4819999999998723e-05,298.54019999999997,398.314245
10.019000000000005,-0.00016296600000001438,298.54019999999997,400.30310580000014
10.029000000000003,0.00019260599999999795,299.5338,396.32538420000014
10.039000000000001,1.4819999999998723e-05,297.5466,396.32538420000014
10.048000000000002,0.0005481779999999825,296.553,368.48133299999995
10.058000000000007,0.00037039200000001105,296.553,366.49247220000007
10.088000000000001,0.00019260599999999795,296.553,366.49247220000007
10.097000000000001,0.00019260599999999795,298.54019999999997,366.49247220000007
10.107000000000006,0.00019260599999999795,299.5338,368.48133299999995
10.126000000000005,0.00019260599999999795,297.5466,366.49247220000007
10.136000000000003,1.4819999999998723e-05,301.52099999999996,368.48133299999995
10.146,0.00019260599999999795,297.5466,368.48133299999995
10.156000000000006,1.4819999999998723e-05,297.5466,366.49247220000007
10.166000000000004,0.00019260599999999795,300.5274,366.49247220000007
10.176000000000002,-0.00016296600000001438,294.56579999999997,368.48133299999995
10.186,0.00037039200000001105,299.5338,338.6484210000001
10.196000000000005,0.00037039200000001105,299.5338,338.6484210000001
10.223000000000006,0.00019260599999999795,295.5594,334.6706993999999
10.232000000000006,1.4819999999998723e-05,299.5338,338.6484210000001
10.242000000000004,1.4819999999998723e-05,300.5274,338.6484210000001
10.251000000000005,0.00037039200000001105,298.54019999999997,336.6595602000002
10.261000000000003,-0.00016296600000001438,296.553,336.6595602000002
10.270000000000003,1.4819999999998723e-05,298.54019999999997,338.6484210000001
10.280000000000001,0.00019260599999999795,298.54019999999997,336.6595602000002
10.289000000000001,0.00019260599999999795,301.52099999999996,338.6484210000001
10.299000000000007,1.4819999999998723e-05,299.5338,336.6595602000002
10.309000000000005,-0.00016296600000001438,297.5466,336.6595602000002
10.318000000000005,0.00019260599999999795,297.5466,306.82664820000014
10.328000000000003,0.00037039200000001105,299.5338,304.8377874
10.358000000000004,0.00019260599999999795,294.56579999999997,304.8377874
10.367000000000004,0.00037039200000001105,298.54019999999997,306.82664820000014
10.386000000000003,0.00037039200000001105,299.5338,306.82664820000014
10.396,0.00019260599999999795,298.54019999999997,306.82664820000014
10.406000000000006,0.0005481779999999825,298.54019999999997,304.8377874
10.416000000000004,0.00019260599999999795,297.5466,306.82664820000014
10.426000000000002,0.00037039200000001105,300.5274,308.815509
10.436,0.00019260599999999795,296.553,308.815509
10.447000000000003,1.4819999999998723e-05,296.553,306.82664820000014
10.457,0.00037039200000001105,298.54019999999997,278.98259699999994
10.466000000000001,0.00019260599999999795,299.5338,276.99373620000006
10.493000000000002,0.00037039200000001105,296.553,273.01601460000006
10.502000000000002,0.0005481779999999825,299.5338,276.99373620000006
10.512,0.00019260599999999795,299.5338,278.98259699999994
10.521,0.00037039200000001105,299.5338,276.99373620000006
10.531000000000006,0.00019260599999999795,297.5466,276.99373620000006
10.541000000000004,0.0005481779999999825,299.5338,247.1608242000002
10.551000000000002,0.0005481779999999825,298.54019999999997,245.17196339999987
10.583000000000006,0.00019260599999999795,297.5466,243.18310259999998
10.592000000000006,0.00037039200000001105,298.54019999999997,247.1608242000002
10.602000000000004,0.00037039200000001105,296.553,247.1608242000002
10.611000000000004,0.0005481779999999825,298.54019999999997,245.17196339999987
10.621000000000002,0.00037039200000001105,296.553,245.17196339999987
10.631,0.00037039200000001105,298.54019999999997,245.17196339999987
10.64,0.0007259639999999956,299.5338,247.1608242000002
10.649000000000001,0.0005481779999999825,298.54019999999997,247.1608242000002
10.659000000000006,0.0005481779999999825,298.54019999999997,245.17196339999987
10.676000000000002,0.00037039200000001105,298.54019999999997,215.33905140000002
10.685000000000002,0.0005481779999999825,299.5338,215.33905140000002
10.718000000000004,0.0005481779999999825,296.553,213.35019060000013
10.737000000000002,0.00037039200000001105,298.54019999999997,217.32791220000013
10.747000000000007,0.00019260599999999795,296.553,217.32791220000013
10.757000000000005,1.4819999999998723e-05,294.56579999999997,215.33905140000002
10.767000000000003,0.00037039200000001105,297.5466,187.49500020000005
10.777000000000001,0.0005481779999999825,300.5274,185.50613939999994
10.787000000000006,0.0005481779999999825,296.553,185.50613939999994
10.808000000000007,0.00019260599999999795,294.56579999999997,185.50613939999994
10.827000000000005,0.00037039200000001105,295.5594,187.49500020000005
10.837000000000003,0.00037039200000001105,295.5594,185.50613939999994
10.847000000000001,0.00019260599999999795,293.5722,183.51727860000005
10.857000000000006,0.00019260599999999795,299.5338,159.65094900000008
10.867000000000004,0.00019260599999999795,297.5466,157.6620882000002
10.877000000000002,0.00019260599999999795,297.5466,157.6620882000002
10.898000000000003,0.00019260599999999795,294.56579999999997,155.6732274000001
10.907000000000004,0.00019260599999999795,300.5274,157.6620882000002
10.917000000000002,0.00037039200000001105,299.5338,157.6620882000002
10.927000000000007,0.00019260599999999795,299.5338,159.65094900000008
10.937000000000005,0.00019260599999999795,295.5594,153.68436659999998
10.947000000000003,0.00037039200000001105,297.5466,157.6620882000002
10.957,0.00037039200000001105,297.5466,157.6620882000002
10.967000000000006,0.0005481779999999825,299.5338,157.6620882000002
10.977000000000004,1.4819999999998723e-05,297.5466,157.6620882000002
10.987000000000002,0.00037039200000001105,298.54019999999997,155.6732274000001
10.997000000000007,0.0005481779999999825,296.553,123.85145460000012
11.007000000000005,0.00019260599999999795,299.5338,127.82917620000012
11.033000000000001,0.00019260599999999795,296.553,123.85145460000012
11.042000000000002,-0.00016296600000001438,298.54019999999997,127.82917620000012
11.052000000000007,1.4819999999998723e-05,299.5338,127.82917620000012
11.061,0.00037039200000001105,298.54019999999997,125.84031540000001
11.072000000000003,0.00037039200000001105,298.54019999999997,121.86259380000024
11.081000000000003,0.00019260599999999795,299.5338,97.99626420000004
11.091000000000001,0.00037039200000001105,298.54019999999997,97.99626420000004
11.123000000000005,1.4819999999998723e-05,294.56579999999997,94.01854260000005
11.132000000000005,0.00019260599999999795,297.5466,96.00740339999993
11.142000000000003,0.00019260599999999795,300.5274,97.99626420000004
11.151000000000003,-0.00016296600000001438,297.5466,96.00740339999993
11.161000000000001,-0.00016296600000001438,297.5466,97.99626420000004
11.171000000000006,0.00019260599999999795,299.5338,97.99626420000004
11.180000000000007,1.4819999999998723e-05,297.5466,97.99626420000004
11.190000000000005,-0.00016296600000001438,299.5338,97.99626420000004
11.199000000000005,0.00019260599999999795,298.54019999999997,96.00740339999993
11.209000000000003,-0.0003407520000000136,294.56579999999997,97.99626420000004
11.228000000000002,0.00019260599999999795,298.54019999999997,96.00740339999993
11.303000000000004,-0.00016296600000001438,295.5594,64.1856306000002
11.313000000000002,1.4819999999998723e-05,299.5338,68.16335219999996
11.322000000000003,1.4819999999998723e-05,297.5466,66.17449140000008
11.332,0.00019260599999999795,298.54019999999997,66.17449140000008
11.341000000000001,1.4819999999998723e-05,296.553,64.1856306000002
11.351000000000006,-0.00016296600000001438,298.54019999999997,66.17449140000008
11.360000000000007,-0.00016296600000001438,298.54019999999997,66.17449140000008
11.370000000000005,-0.00016296600000001438,296.553,68.16335219999996
11.379000000000005,-0.00016296600000001438,295.5594,66.17449140000008
11.389000000000003,-0.0003407520000000136,296.553,66.17449140000008
11.408000000000001,-0.00016296600000001438,299.5338,36.3415794
11.418000000000006,1.4819999999998723e-05,298.54019999999997,36.3415794
11.438000000000002,1.4819999999998723e-05,295.5594,34.35271860000012
11.447000000000003,1.4819999999998723e-05,297.5466,38.330440199999884
11.457,0.00019260599999999795,296.553,34.35271860000012
11.466000000000001,1.4819999999998723e-05,298.54019999999997,36.3415794
11.476000000000006,-0.0003407520000000136,297.5466,38.330440199999884
11.486000000000004,1.4819999999998723e-05,297.5466,38.330440199999884
11.495000000000005,1.4819999999998723e-05,298.54019999999997,36.3415794
11.505000000000003,-0.0003407520000000136,298.54019999999997,38.330440199999884
11.514000000000003,-0.00016296600000001438,297.5466,36.3415794
11.524000000000001,-0.00016296600000001438,298.54019999999997,38.330440199999884
11.533000000000008,1.4819999999998723e-05,299.5338,6.508667400000149
11.543,-0.0003407520000000136,299.5338,8.497528200000033
11.573,-0.00016296600000001438,298.54019999999997,6.508667400000149
11.582,1.4819999999998723e-05,299.5338,8.497528200000033
11.592000000000006,1.4819999999998723e-05,298.54019999999997,8.497528200000033
11.601000000000006,-0.00016296600000001438,297.5466,8.497528200000033
11.621000000000002,-0.00016296600000001438,298.54019999999997,6.508667400000149
11.631000000000007,-0.00016296600000001438,297.5466,6.508667400000149
11.663000000000004,1.4819999999998723e-05,296.553,4.519806600000038
11.672000000000004,-0.00016296600000001438,297.5466,8.497528200000033
11.68200000000001,-0.0003407520000000136,299.5338,8.497528200000033
11.69100000000001,-0.0003407520000000136,296.553,6.508667400000149
11.70300000000001,-0.00016296600000001438,296.553,4.519806600000038
11.713000000000001,-0.00016296600000001438,298.54019999999997,38.330440199999884
11.722000000000001,-0.0003407520000000136,299.5338,40.319300999999996
11.731000000000002,1.4819999999998723e-05,299.5338,36.3415794
11.741000000000007,1.4819999999998723e-05,299.5338,36.3415794
11.753000000000007,-0.00016296600000001438,294.56579999999997,32.363857800000005
11.762000000000008,1.4819999999998723e-05,299.5338,36.3415794
11.771999999999998,-0.00016296600000001438,299.5338,38.330440199999884
11.780999999999999,-0.0003407520000000136,299.5338,38.330440199999884
11.792000000000009,-0.0003407520000000136,296.553,34.35271860000012
11.801000000000009,1.4819999999998723e-05,299.5338,66.17449140000008
11.811,1.4819999999998723e-05,300.5274,68.16335219999996
11.842999999999996,1.4819999999998723e-05,295.5594,64.1856306000002
11.851999999999997,1.4819999999998723e-05,297.5466,66.17449140000008
11.862000000000002,-0.00016296600000001438,298.54019999999997,66.17449140000008
11.871000000000002,-0.00016296600000001438,298.54019999999997,68.16335219999996
11.881999999999998,-0.00016296600000001438,296.553,66.17449140000008
11.890999999999998,1.4819999999998723e-05,299.5338,97.99626420000004
11.901000000000003,-0.00016296600000001438,299.5338,97.99626420000004
11.933,-0.00016296600000001438,296.553,97.99626420000004
11.942,-0.00016296600000001438,297.5466,99.98512500000015
11.952000000000005,-0.00016296600000001438,296.553,97.99626420000004
11.961000000000006,1.4819999999998723e-05,297.5466,97.99626420000004
11.981000000000002,1.4819999999998723e-05,299.5338,125.84031540000001
11.991000000000007,0.00037039200000001105,299.5338,123.85145460000012
12.023000000000003,0.00019260599999999795,297.5466,123.85145460000012
12.032000000000004,0.00019260599999999795,299.5338,125.84031540000001
12.042000000000009,1.4819999999998723e-05,298.54019999999997,127.82917620000012
12.051000000000009,0.00037039200000001105,297.5466,125.84031540000001
12.061,-0.00016296600000001438,296.553,125.84031540000001
12.071000000000005,0.00019260599999999795,298.54019999999997,127.82917620000012
12.080000000000005,0.00019260599999999795,299.5338,125.84031540000001
12.098999999999997,1.4819999999998723e-05,299.5338,127.82917620000012
12.109000000000002,-0.00016296600000001438,294.56579999999997,123.85145460000012
12.119000000000007,1.4819999999998723e-05,298.54019999999997,157.6620882000002
12.128999999999998,0.00037039200000001105,300.5274,155.6732274000001
12.158000000000008,0.00019260599999999795,294.56579999999997,153.68436659999998
12.167000000000009,0.00019260599999999795,299.5338,157.6620882000002
12.177,0.00037039200000001105,299.5338,155.6732274000001
12.186,0.00037039200000001105,298.54019999999997,157.6620882000002
12.19700000000001,0.00019260599999999795,297.5466,155.6732274000001
12.20600000000001,0.00037039200000001105,298.54019999999997,185.50613939999994
12.216000000000001,0.0005481779999999825,295.5594,183.51727860000005
12.247999999999998,0.0005481779999999825,295.5594,185.50613939999994
12.256999999999998,0.0007259639999999956,300.5274,187.49500020000005
12.293,0.0007259639999999956,296.553,183.51727860000005
12.302,0.0005481779999999825,298.54019999999997,185.50613939999994
12.312000000000005,0.0005481779999999825,297.5466,185.50613939999994
12.321000000000005,0.00037039200000001105,298.54019999999997,187.49500020000005
12.333000000000006,0.0007259639999999956,296.553,183.51727860000005
12.342999999999996,0.0007259639999999956,297.5466,215.33905140000002
12.351999999999997,0.0007259639999999956,297.5466,217.32791220000013
12.362000000000002,0.0005481779999999825,296.553,217.32791220000013
12.371000000000002,0.0009037499999999948,299.5338,217.32791220000013
12.383000000000003,0.0007259639999999956,295.5594,213.35019060000013
12.392000000000003,0.0009037499999999948,299.5338,217.32791220000013
12.402000000000008,0.0009037499999999948,299.5338,217.32791220000013
12.411000000000008,0.0009037499999999948,299.5338,217.32791220000013
12.421,0.0009037499999999948,298.54019999999997,215.33905140000002
12.431000000000004,0.0009037499999999948,299.5338,217.32791220000013
12.45000000000001,0.0009037499999999948,297.5466,215.33905140000002
12.46,0.001081535999999994,298.54019999999997,215.33905140000002
12.470000000000006,0.0007259639999999956,294.56579999999997,213.35019060000013
12.479999999999997,0.0009037499999999948,299.5338,249.1496850000001
12.490000000000002,0.0012593219999999933,297.5466,249.1496850000001
12.518000000000008,0.0012593219999999933,298.54019999999997,245.17196339999987
12.527000000000008,0.0014371079999999925,297.5466,247.1608242000002
12.536999999999999,0.0016148939999999917,299.5338,247.1608242000002
12.546,0.0012593219999999933,297.5466,249.1496850000001
12.56600000000001,0.001792679999999991,297.5466,276.99373620000006
12.576,0.0021482519999999894,298.54019999999997,278.98259699999994
12.607999999999997,0.0023260380000000025,295.5594,275.00487539999995
12.616999999999997,0.0021482519999999894,297.5466,276.99373620000006
12.627000000000002,0.0021482519999999894,298.54019999999997,276.99373620000006
12.636000000000003,0.0023260380000000025,299.5338,275.00487539999995
12.648000000000003,0.0023260380000000025,297.5466,275.00487539999995
12.657000000000004,0.0023260380000000025,297.5466,308.815509
12.667000000000009,0.0030371819999999994,300.5274,306.82664820000014
12.676000000000009,0.0028593959999999863,298.54019999999997,308.815509
12.686,0.0032149679999999986,297.5466,306.82664820000014
12.698,0.0032149679999999986,297.5466,304.8377874
12.707,0.003392753999999998,298.54019999999997,308.815509
12.717000000000006,0.0032149679999999986,298.54019999999997,306.82664820000014
12.726000000000006,0.0030371819999999994,297.5466,308.815509
12.735999999999997,0.0030371819999999994,294.56579999999997,306.82664820000014
12.746000000000002,0.003392753999999998,299.5338,306.82664820000014
12.755000000000003,0.003392753999999998,298.54019999999997,306.82664820000014
12.765000000000008,0.003392753999999998,298.54019999999997,306.82664820000014
12.774000000000008,0.0032149679999999986,298.54019999999997,306.82664820000014
12.783999999999999,0.0032149679999999986,297.5466,306.82664820000014
12.794000000000004,0.003570539999999997,299.5338,336.6595602000002
12.803000000000004,0.004281683999999994,298.54019999999997,334.6706993999999
12.833000000000006,0.004103897999999995,297.5466,336.6595602000002
12.842000000000006,0.004103897999999995,299.5338,338.6484210000001
12.851999999999997,0.004281683999999994,298.54019999999997,336.6595602000002
12.862000000000002,0.004103897999999995,299.5338,338.6484210000001
12.872000000000007,0.004281683999999994,298.54019999999997,336.6595602000002
12.881000000000007,0.004637255999999992,299.5338,370.4701938000003
12.899999999999999,0.005703972000000002,296.553,366.49247220000007
12.923000000000009,0.005881757999999987,295.5594,366.49247220000007
12.933,0.005703972000000002,297.5466,368.48133299999995
12.942,0.005703972000000002,296.553,370.4701938000003
12.952000000000005,0.006059544,298.54019999999997,368.48133299999995
12.963000000000001,0.005703972000000002,295.5594,364.5036114000002
12.972000000000001,0.0064151159999999985,297.5466,396.32538420000014
12.982000000000006,0.007126259999999995,294.56579999999997,398.314245
12.991000000000007,0.007481831999999994,296.553,396.32538420000014
13.011000000000003,0.007659617999999993,295.5594,394.33652340000026
13.020000000000003,0.007659617999999993,298.54019999999997,398.314245
13.030000000000008,0.007837403999999992,299.5338,398.314245
13.04,0.00819297599999999,300.5274,398.314245
13.051000000000009,0.007837403999999992,297.5466,396.32538420000014
13.061,0.007837403999999992,299.5338,398.314245
13.071000000000005,0.007837403999999992,297.5466,398.314245
13.08100000000001,0.007837403999999992,299.5338,396.32538420000014
13.091000000000001,0.00819297599999999,298.54019999999997,398.314245
13.101000000000006,0.007659617999999993,296.553,398.314245
13.110999999999997,0.00854854799999999,297.5466,428.1471570000001
13.121000000000002,0.009437478,296.553,426.1582962
13.148000000000003,0.009970835999999997,297.5466,426.1582962
13.193000000000005,0.009970835999999997,295.5594,428.1471570000001
13.202000000000005,0.010326407999999995,299.5338,428.1471570000001
13.21200000000001,0.009970835999999997,298.54019999999997,428.1471570000001
13.231000000000002,0.010326407999999995,295.5594,424.1694354000001
13.241000000000007,0.009970835999999997,297.5466,428.1471570000001
13.250999999999998,0.010148621999999996,297.5466,430.1360178000002
13.261000000000003,0.010326407999999995,299.5338,426.1582962
13.271000000000008,0.010504193999999994,299.5338,428.1471570000001
13.280999999999999,0.010504193999999994,298.54019999999997,424.1694354000001
13.291000000000004,0.010859765999999993,297.5466,457.98006899999996
13.301000000000009,0.011926481999999988,297.5466,457.98006899999996
13.32800000000001,0.012637625999999999,296.553,454.0023474000002
13.338000000000001,0.012815411999999984,299.5338,457.98006899999996
13.347000000000001,0.012637625999999999,297.5466,457.98006899999996
13.357000000000006,0.012459839999999986,297.5466,457.98006899999996
13.366000000000007,0.012637625999999999,296.553,455.9912082000001
13.375999999999998,0.012993197999999997,299.5338,457.98006899999996
13.384999999999998,0.012815411999999984,298.54019999999997,455.9912082000001
13.395000000000003,0.012637625999999999,299.5338,457.98006899999996
13.404000000000003,0.012815411999999984,298.54019999999997,459.96892980000007
13.414000000000009,0.012637625999999999,293.5722,457.98006899999996
13.424,0.013348769999999996,297.5466,485.82412020000015
13.433,0.01459327199999999,299.5338,485.82412020000015
13.463000000000001,0.015482201999999987,298.54019999999997,483.83525940000004
13.472000000000001,0.015659988,298.54019999999997,485.82412020000015
13.491000000000007,0.015482201999999987,298.54019999999997,485.82412020000015
13.502000000000002,0.015659988,297.5466,483.83525940000004
13.511000000000003,0.016371131999999997,298.54019999999997,515.6570322
13.521000000000008,0.017437848000000006,298.54019999999997,513.6681714000001
13.553000000000004,0.017793420000000004,295.5594,511.6793106
13.56300000000001,0.01797120599999999,296.553,513.6681714000001
13.58100000000001,0.018326778000000002,297.5466,513.6681714000001
13.592000000000006,0.01814899199999999,297.5466,513.6681714000001
13.601000000000006,0.01814899199999999,298.54019999999997,515.6570322
13.610999999999997,0.01868235,298.54019999999997,511.6793106
13.621000000000002,0.018326778000000002,299.5338,515.6570322
13.631000000000007,0.018326778000000002,299.5338,517.6458929999999
13.642000000000003,0.018326778000000002,298.54019999999997,515.6570322
13.652000000000008,0.019037922,298.54019999999997,545.4899442000001
13.661000000000008,0.020282423999999993,298.54019999999997,543.5010834000002
13.68800000000001,0.02099356799999999,296.553,539.5233618
13.698,0.02099356799999999,297.5466,543.5010834000002
13.707,0.02117135399999999,299.5338,541.5122226000001
13.717000000000006,0.02117135399999999,296.553,541.5122226000001
13.726000000000006,0.02117135399999999,297.5466,543.5010834000002
13.735999999999997,0.02117135399999999,297.5466,543.5010834000002
13.744999999999997,0.02099356799999999,294.56579999999997,543.5010834000002
13.777999999999999,0.02117135399999999,298.54019999999997,545.4899442000001
13.826,0.021882497999999986,296.553,575.3228562000002
13.836000000000006,0.023126999999999995,299.5338,575.3228562000002
13.868000000000002,0.023482571999999993,293.5722,571.3451345999999
13.878000000000007,0.023304785999999994,298.54019999999997,577.311717
13.887000000000008,0.023660357999999992,298.54019999999997,573.3339954
13.896999999999998,0.023482571999999993,297.5466,571.3451345999999
13.905999999999999,0.023304785999999994,296.553,573.3339954
13.916000000000004,0.023660357999999992,299.5338,575.3228562000002
13.925000000000004,0.023482571999999993,299.5338,573.3339954
13.93500000000001,0.023660357999999992,298.54019999999997,573.3339954
13.94400000000001,0.023482571999999993,298.54019999999997,573.3339954
13.954,0.023126999999999995,295.5594,571.3451345999999
13.964000000000006,0.02419371599999999,298.54019999999997,603.1669074000001
13.973000000000006,0.025082646,296.553,605.1557682
14.003000000000007,0.025260431999999985,297.5466,601.1780466
14.021999999999998,0.025082646,300.5274,605.1557682
14.032000000000004,0.025260431999999985,300.5274,603.1669074000001
14.042000000000009,0.024904859999999987,298.54019999999997,603.1669074000001
14.052,0.025260431999999985,297.5466,636.9775410000002
14.062000000000005,0.025971575999999996,297.5466,636.9775410000002
14.07200000000001,0.026327147999999995,299.5338,636.9775410000002
14.092999999999996,0.025971575999999996,296.553,636.9775410000002
14.112000000000002,0.025793789999999997,298.54019999999997,634.9886802000001
14.122000000000007,0.025616003999999998,299.5338,636.9775410000002
14.131999999999998,0.025616003999999998,299.5338,632.9998194000002
14.142000000000003,0.025438218,297.5466,634.9886802000001
14.152000000000008,0.025260431999999985,299.5338,636.9775410000002
14.161999999999999,0.025260431999999985,299.5338,636.9775410000002
14.172000000000004,0.025260431999999985,298.54019999999997,632.9998194000002
14.183,0.025082646,296.553,632.9998194000002
14.192,0.025082646,297.5466,664.8215921999999
14.202000000000005,0.025616003999999998,298.54019999999997,666.8104530000003
14.228000000000002,0.025260431999999985,296.553,660.8438706000002
14.238000000000007,0.025260431999999985,299.5338,662.8327314000001
14.247000000000007,0.025260431999999985,298.54019999999997,662.8327314000001
14.256999999999998,0.024904859999999987,297.5466,664.8215921999999
14.267000000000003,0.024727074,298.54019999999997,664.8215921999999
14.276000000000003,0.024371502000000003,297.5466,698.6322258
14.286000000000008,0.024904859999999987,297.5466,694.6545042
14.318000000000005,0.02401592999999999,295.5594,694.6545042
14.32800000000001,0.02401592999999999,299.5338,694.6545042
14.33700000000001,0.023660357999999992,297.5466,694.6545042
14.347000000000001,0.023482571999999993,297.5466,694.6545042
14.357000000000006,0.023304785999999994,298.54019999999997,694.6545042
14.366000000000007,0.022593641999999997,294.56579999999997,728.4651377999999
14.375999999999998,0.022771427999999996,295.5594,726.4762770000002
14.408000000000008,0.022060284,299.5338,726.4762770000002
14.418,0.021882497999999986,298.54019999999997,728.4651377999999
14.427,0.021526925999999988,295.5594,726.4762770000002
14.437000000000005,0.021349140000000003,299.5338,726.4762770000002
14.45600000000001,0.020460210000000006,299.5338,758.2980498000002
14.466000000000001,0.020104637999999994,296.553,756.3091890000005
14.497999999999998,0.019215707999999984,294.56579999999997,756.3091890000005
14.508000000000003,0.019215707999999984,297.5466,758.2980498000002
14.517000000000003,0.018860135999999986,298.54019999999997,758.2980498000002
14.527000000000008,0.01868235,296.553,758.2980498000002
14.536000000000008,0.01814899199999999,295.5594,758.2980498000002
14.546,0.01797120599999999,299.5338,758.2980498000002
14.555,0.01814899199999999,298.54019999999997,756.3091890000005
14.565000000000005,0.017793420000000004,297.5466,758.2980498000002
14.574000000000005,0.017437848000000006,296.553,758.2980498000002
14.58400000000001,0.017082275999999993,297.5466,754.3203282000004
14.594000000000001,0.016726703999999995,299.5338,790.1198226000006
14.613000000000007,0.016548917999999996,298.54019999999997,788.1309618000005
14.633000000000003,0.015659988,296.553,786.1421010000004
14.643000000000008,0.015659988,298.54019999999997,788.1309618000005
14.652000000000008,0.014948843999999989,299.5338,790.1198226000006
14.661999999999999,0.015126630000000002,298.54019999999997,786.1421010000004
14.672000000000004,0.014771058000000004,298.54019999999997,788.1309618000005
14.681000000000004,0.013882127999999994,299.5338,819.9527346000004
14.69100000000001,0.013348769999999996,295.5594,819.9527346000004
14.723000000000006,0.012815411999999984,299.5338,815.9750130000002
14.732999999999997,0.012459839999999986,299.5338,821.9415954000001
14.741999999999997,0.012104268000000001,297.5466,817.9638738000003
14.752000000000002,0.012104268000000001,298.54019999999997,817.9638738000003
14.762999999999998,0.011748696000000003,295.5594,815.9750130000002
14.771999999999998,0.011037551999999992,298.54019999999997,849.7856466000003
14.782000000000004,0.010504193999999994,297.5466,851.7745074000004
14.791000000000004,0.010504193999999994,297.5466,847.7967858000006
14.801000000000009,0.010148621999999996,298.54019999999997,849.7856466000003
14.81300000000001,0.009793049999999984,295.5594,847.7967858000006
14.823,0.009259692,299.5338,849.7856466000003
14.832,0.009081906,298.54019999999997,849.7856466000003
14.842000000000006,0.00854854799999999,297.5466,849.7856466000003
14.851000000000006,0.008370762000000004,297.5466,849.7856466000003
14.860999999999997,0.00854854799999999,297.5466,847.7967858000006
14.869999999999997,0.008015189999999991,297.5466,851.7745074000004
14.880000000000003,0.008015189999999991,297.5466,849.7856466000003
14.889000000000003,0.008015189999999991,299.5338,849.7856466000003
14.899000000000008,0.007659617999999993,297.5466,845.8079250000001
14.908999999999999,0.006770687999999997,297.5466,881.6074194000003
14.918,0.006770687999999997,299.5338,879.6185586000001
14.948,0.006059544,295.5594,877.6296978000005
14.958000000000006,0.005703972000000002,297.5466,879.6185586000001
14.967000000000006,0.005703972000000002,298.54019999999997,881.6074194000003
14.976999999999997,0.0055261859999999885,298.54019999999997,881.6074194000003
14.987000000000002,0.00517061399999999,296.553,877.6296978000005
14.997000000000007,0.004637255999999992,297.5466,911.4403314000006
15.006000000000007,0.004459469999999993,298.54019999999997,911.4403314000006
15.038000000000004,0.0039261119999999955,296.553,911.4403314000006
15.048000000000009,0.0037483259999999963,299.5338,911.4403314000006
15.05700000000001,0.003570539999999997,299.5338,911.4403314000006
15.067,0.003392753999999998,298.54019999999997,911.4403314000006
15.07800000000001,0.0032149679999999986,296.553,909.4514706000004
15.08700000000001,0.002503823999999988,300.5274,941.2732434
15.097000000000001,0.002503823999999988,299.5338,939.2843826000003
15.106000000000002,0.0023260380000000025,298.54019999999997,943.2621042000005
15.116000000000007,0.002503823999999988,298.54019999999997,941.2732434
15.128000000000007,0.0021482519999999894,296.553,937.2955218000002
15.137999999999998,0.001970466000000004,298.54019999999997,941.2732434
15.146999999999998,0.0021482519999999894,299.5338,941.2732434
15.157000000000004,0.001970466000000004,299.5338,941.2732434
15.167000000000009,0.0014371079999999925,294.56579999999997,939.2843826000003
15.177,0.001081535999999994,298.54019999999997,971.1061554000003
15.186,0.001081535999999994,297.5466,969.1172946000006
15.217999999999996,0.0007259639999999956,294.56579999999997,973.0950162000004
15.228000000000002,0.0005481779999999825,297.5466,975.083877
15.237000000000002,0.0005481779999999825,296.553,975.083877
15.247000000000007,0.0007259639999999956,297.5466,973.0950162000004
15.256999999999998,0.00037039200000001105,295.5594,969.1172946000006
15.267000000000003,1.4819999999998723e-05,298.54019999999997,1014.9137370000003
15.276000000000003,1.4819999999998723e-05,296.553,1014.9137370000003
15.308,1.4819999999998723e-05,296.553,1011.0812442000001
15.318000000000005,1.4819999999998723e-05,297.5466,1012.9974906000002
15.327000000000005,0.00019260599999999795,298.54019999999997,1011.0812442000001
15.33700000000001,1.4819999999998723e-05,298.54019999999997,1014.9137370000003
15.347000000000001,-0.00016296600000001438,296.553,1012.9974906000002
15.357000000000006,-0.00016296600000001438,298.54019999999997,1043.6574329999999
15.366000000000007,-0.0003407520000000136,306.489,1043.6574329999999
15.398000000000003,-0.00016296600000001438,306.489,1041.7411865999998
15.408000000000008,-0.0003407520000000136,307.4826,1041.7411865999998
15.417000000000009,-0.00016296600000001438,308.4762,1043.6574329999999
15.427,1.4819999999998723e-05,308.4762,1039.8249402000001
15.437000000000005,-0.0003407520000000136,308.4762,1039.8249402000001
15.446000000000005,-0.00016296600000001438,310.4634,1041.7411865999998
15.45600000000001,-0.0003407520000000136,310.4634,1043.6574329999999
15.473999999999997,-0.00016296600000001438,311.457,1041.7411865999998
15.485000000000007,1.4819999999998723e-05,311.457,1039.8249402000001
15.494999999999997,-0.00016296600000001438,343.25219999999996,1072.4011290000003
15.503999999999998,-0.00016296600000001438,344.2458,1072.4011290000003
15.533000000000008,-0.00016296600000001438,345.2394,1070.4848826000002
15.543,-0.00016296600000001438,346.233,1072.4011290000003
15.552,-0.00016296600000001438,347.22659999999996,1072.4011290000003
15.562000000000005,0.00019260599999999795,348.2202,1072.4011290000003
15.57200000000001,-0.0003407520000000136,348.2202,1074.3173754
15.58100000000001,-0.00016296600000001438,377.0346,1103.0610714000004
15.591000000000001,1.4819999999998723e-05,379.0218,1101.1448249999999
15.622999999999998,-0.00016296600000001438,380.0154,1103.0610714000004
15.633000000000003,1.4819999999998723e-05,381.009,1103.0610714000004
15.642000000000003,-0.00016296600000001438,382.9962,1104.9773178
15.652000000000008,-0.0003407520000000136,382.9962,1104.9773178
15.663000000000004,-0.0003407520000000136,382.0026,1099.2285785999998
15.673000000000009,-0.00016296600000001438,412.8042,1133.7210138
15.68200000000001,-0.00016296600000001438,413.7978,1133.7210138
15.692,1.4819999999998723e-05,413.7978,1131.8047674
15.701,-0.00016296600000001438,414.7914,1133.7210138
15.713000000000001,1.4819999999998723e-05,413.7978,1126.0560282000001
15.723000000000006,-0.00016296600000001438,415.78499999999997,1129.8885210000003
15.732000000000006,-0.00016296600000001438,416.7786,1133.7210138
15.741999999999997,-0.00016296600000001438,417.7722,1133.7210138
15.752000000000002,-0.00016296600000001438,417.7722,1133.7210138
15.762000000000008,-0.0003407520000000136,446.5866,1164.3809562000001
15.771000000000008,-0.0003407520000000136,448.5738,1162.4647098
15.803000000000004,-0.00016296600000001438,447.5802,1158.6322169999999
15.81300000000001,-0.00016296600000001438,449.56739999999996,1162.4647098
15.82200000000001,-0.00016296600000001438,450.561,1162.4647098
15.832,1.4819999999998723e-05,450.561,1162.4647098
15.842000000000006,-0.00016296600000001438,450.561,1160.5484634000004
15.851999999999997,-0.00016296600000001438,481.3626,1195.0408986000002
15.860999999999997,-0.00016296600000001438,481.3626,1193.1246521999997
15.893000000000008,-0.0003407520000000136,481.3626,1191.2084058
15.902999999999999,1.4819999999998723e-05,482.3562,1193.1246521999997
15.911999999999999,-0.00016296600000001438,484.3434,1193.1246521999997
15.922000000000004,-0.00016296600000001438,484.3434,1193.1246521999997
15.93200000000001,-0.00016296600000001438,483.3498,1191.2084058
15.942,1.4819999999998723e-05,513.1578000000001,1219.9521018
15.951,-0.0003407520000000136,515.145,1223.7845945999998
15.982999999999997,-0.00016296600000001438,514.1514,1221.8683482000001
15.993000000000002,-0.00016296600000001438,514.1514,1221.8683482000001
16.002000000000002,1.4819999999998723e-05,515.145,1221.8683482000001
16.012000000000008,-0.00016296600000001438,516.1386,1223.7845945999998
16.022,-0.0003407520000000136,515.145,1219.9521018
16.031,-0.00016296600000001438,516.1386,1225.7008409999999
16.041000000000004,0.00019260599999999795,515.145,1219.9521018
16.050000000000004,-0.00016296600000001438,517.1322,1223.7845945999998
16.06000000000001,-0.00016296600000001438,517.1322,1223.7845945999998
16.06900000000001,1.4819999999998723e-05,515.145,1216.1196089999999
16.079,-0.0003407520000000136,546.9402,1254.4445370000003
16.088,-0.00016296600000001438,546.9402,1252.5282906000002
16.118000000000002,-0.0003407520000000136,545.9466000000001,1248.6957978
16.128000000000007,1.4819999999998723e-05,546.9402,1252.5282906000002
16.137000000000008,1.4819999999998723e-05,547.9338,1252.5282906000002
16.147,1.4819999999998723e-05,546.9402,1250.6120442000001
16.157000000000004,-0.0003407520000000136,548.9274,1254.4445370000003
16.16700000000001,1.4819999999998723e-05,575.7546000000001,1281.2719865999998
16.18500000000001,-0.0003407520000000136,578.7354,1283.1882329999999
16.208000000000006,-0.00016296600000001438,577.7418,1281.2719865999998
16.217999999999996,1.4819999999998723e-05,577.7418,1281.2719865999998
16.226999999999997,-0.00016296600000001438,577.7418,1283.1882329999999
16.237000000000002,-0.00016296600000001438,578.7354,1283.1882329999999
16.247000000000007,-0.00016296600000001438,578.7354,1281.2719865999998
16.266,-0.00016296600000001438,579.729,1281.2719865999998
16.276000000000003,1.4819999999998723e-05,578.7354,1283.1882329999999
16.29800000000001,1.4819999999998723e-05,578.7354,1283.1882329999999
16.345999999999997,1.4819999999998723e-05,607.5498,1313.8481754
16.356,1.4819999999998723e-05,607.5498,1311.9319290000003
16.387999999999998,1.4819999999998723e-05,607.5498,1315.7644218
16.433,-0.00016296600000001438,606.5562000000001,1308.0994362000001
16.443000000000005,-0.00016296600000001438,607.5498,1315.7644218
16.452000000000005,-0.00016296600000001438,607.5498,1313.8481754
16.46200000000001,1.4819999999998723e-05,607.5498,1311.9319290000003
16.473000000000006,-0.00016296600000001438,606.5562000000001,1310.0156826000002
16.482000000000006,-0.0003407520000000136,637.3578000000001,1348.3406106000002
16.491999999999997,-0.00016296600000001438,636.3642000000001,1344.5081178
16.500999999999998,-0.00016296600000001438,636.3642000000001,1342.5918714000004
16.511000000000003,-0.00016296600000001438,637.3578000000001,1344.5081178
16.523000000000003,1.4819999999998723e-05,635.3706000000001,1338.7593785999998
16.53300000000001,-0.0003407520000000136,636.3642000000001,1346.4243642000001
16.54200000000001,1.4819999999998723e-05,636.3642000000001,1344.5081178
16.552,1.4819999999998723e-05,635.3706000000001,1340.6756249999999
16.562000000000005,-0.0003407520000000136,635.3706000000001,1344.5081178
16.571000000000005,1.4819999999998723e-05,635.3706000000001,1344.5081178
16.58100000000001,-0.0005185379999999989,636.3642000000001,1348.3406106000002
16.59000000000001,0.00019260599999999795,634.3770000000001,1340.6756249999999
16.6,-0.00016296600000001438,635.3706000000001,1344.5081178
16.609,1.4819999999998723e-05,635.3706000000001,1342.5918714000004
16.619000000000007,-0.00016296600000001438,662.1978,1373.2518138
16.628000000000007,-0.0003407520000000136,662.1978,1375.1680601999997
16.65800000000001,1.4819999999998723e-05,658.2234000000001,1369.4193210000003
16.668,-0.00016296600000001438,661.2042,1375.1680601999997
16.677,-0.0005185379999999989,661.2042,1377.0843066000002
16.69700000000001,-0.0003407520000000136,660.2106000000001,1375.1680601999997
16.716,-0.00016296600000001438,659.2170000000001,1375.1680601999997
16.726000000000006,1.4819999999998723e-05,659.2170000000001,1373.2518138
16.735999999999997,1.4819999999998723e-05,657.2298000000001,1375.1680601999997
16.747999999999998,-0.00016296600000001438,657.2298000000001,1373.2518138
16.758000000000003,-0.00016296600000001438,658.2234000000001,1375.1680601999997
16.767000000000003,-0.00016296600000001438,658.2234000000001,1375.1680601999997
16.787,-0.0003407520000000136,656.2362,1371.3355674
16.797000000000004,1.4819999999998723e-05,656.2362,1375.1680601999997
16.806000000000004,-0.00016296600000001438,656.2362,1373.2518138
16.817,-0.00016296600000001438,656.2362,1375.1680601999997
16.827000000000005,-0.00016296600000001438,655.2426,1375.1680601999997
16.83700000000001,-0.0003407520000000136,656.2362,1373.2518138
16.847,1.4819999999998723e-05,628.4154000000001,1344.5081178
16.857000000000006,-0.00016296600000001438,628.4154000000001,1344.5081178
16.883000000000003,-0.0003407520000000136,626.4282000000001,1340.6756249999999
16.893000000000008,-0.00016296600000001438,627.4218000000001,1344.5081178
16.902000000000008,-0.00016296600000001438,628.4154000000001,1346.4243642000001
16.912,1.4819999999998723e-05,627.4218000000001,1342.5918714000004
16.922000000000004,-0.0005185379999999989,628.4154000000001,1342.5918714000004
16.93200000000001,0.00019260599999999795,596.6202000000001,1310.0156826000002
16.94100000000001,0.00019260599999999795,597.6138000000001,1310.0156826000002
16.973000000000006,-0.00016296600000001438,597.6138000000001,1311.9319290000003
16.982999999999997,-0.00016296600000001438,597.6138000000001,1313.8481754
16.991999999999997,-0.0003407520000000136,597.6138000000001,1315.7644218
17.002000000000002,-0.00016296600000001438,597.6138000000001,1313.8481754
17.012000000000008,1.4819999999998723e-05,597.6138000000001,1310.0156826000002
17.022,-0.00016296600000001438,570.7866,1283.1882329999999
17.031,-0.0003407520000000136,570.7866,1283.1882329999999
17.06300000000001,-0.0003407520000000136,570.7866,1281.2719865999998
17.073,1.4819999999998723e-05,570.7866,1283.1882329999999
17.082,-0.00016296600000001438,570.7866,1281.2719865999998
17.092000000000006,-0.00016296600000001438,571.7802,1283.1882329999999
17.101999999999997,0.00019260599999999795,570.7866,1281.2719865999998
17.110999999999997,1.4819999999998723e-05,570.7866,1281.2719865999998
17.121000000000002,-0.0003407520000000136,572.7738,1285.1044794000004
17.130000000000003,1.4819999999998723e-05,572.7738,1283.1882329999999
17.140000000000008,1.4819999999998723e-05,571.7802,1279.3557402000001
17.149000000000008,1.4819999999998723e-05,571.7802,1279.3557402000001
17.159,1.4819999999998723e-05,543.9594000000001,1254.4445370000003
17.169000000000004,-0.00016296600000001438,543.9594000000001,1254.4445370000003
17.198,-0.0003407520000000136,545.9466000000001,1252.5282906000002
17.208000000000006,-0.00016296600000001438,544.9530000000001,1252.5282906000002
17.226999999999997,1.4819999999998723e-05,544.9530000000001,1252.5282906000002
17.237000000000002,-0.00016296600000001438,543.9594000000001,1250.6120442000001
17.247000000000007,1.4819999999998723e-05,545.9466000000001,1252.5282906000002
17.256999999999998,-0.00016296600000001438,546.9402,1254.4445370000003
17.267000000000003,-0.0003407520000000136,546.9402,1254.4445370000003
17.277000000000008,-0.00016296600000001438,546.9402,1254.4445370000003
17.287,-0.0003407520000000136,545.9466000000001,1248.6957978
17.297000000000004,-0.00016296600000001438,519.1194,1221.8683482000001
17.30700000000001,-0.00016296600000001438,519.1194,1221.8683482000001
17.333000000000006,-0.0003407520000000136,519.1194,1219.9521018
17.342999999999996,-0.0005185379999999989,521.1066000000001,1225.7008409999999
17.351999999999997,0.00019260599999999795,520.113,1221.8683482000001
17.362000000000002,-0.00016296600000001438,521.1066000000001,1221.8683482000001
17.372000000000007,-0.0003407520000000136,520.113,1221.8683482000001
17.381000000000007,1.4819999999998723e-05,522.1002000000001,1223.7845945999998
17.391,-0.00016296600000001438,522.1002000000001,1223.7845945999998
17.4,-0.0003407520000000136,522.1002000000001,1223.7845945999998
17.410000000000004,-0.00016296600000001438,522.1002000000001,1221.8683482000001
17.419000000000004,-0.0003407520000000136,521.1066000000001,1221.8683482000001
17.42900000000001,-0.00016296600000001438,495.27299999999997,1195.0408986000002
17.43800000000001,-0.0003407520000000136,494.2794,1195.0408986000002
17.467999999999996,-0.00016296600000001438,493.2858,1189.2921594
17.488000000000007,-0.0003407520000000136,496.2666,1195.0408986000002
17.497999999999998,-0.0003407520000000136,496.2666,1196.9571450000003
17.508000000000003,1.4819999999998723e-05,496.2666,1193.1246521999997
17.518000000000008,-0.00016296600000001438,468.4458,1162.4647098
17.528,1.4819999999998723e-05,467.4522,1162.4647098
17.538000000000004,1.4819999999998723e-05,468.4458,1160.5484634000004
17.558,1.4819999999998723e-05,467.4522,1160.5484634000004
17.568000000000005,1.4819999999998723e-05,469.4394,1160.5484634000004
17.57800000000001,-0.0005185379999999989,470.433,1162.4647098
17.588,1.4819999999998723e-05,469.4394,1160.5484634000004
17.598000000000006,1.4819999999998723e-05,468.4458,1160.5484634000004
17.607999999999997,1.4819999999998723e-05,470.433,1160.5484634000004
17.618000000000002,-0.00016296600000001438,470.433,1162.4647098
17.628000000000007,1.4819999999998723e-05,470.433,1160.5484634000004
17.637999999999998,-0.00016296600000001438,471.4266,1164.3809562000001
17.648000000000003,-0.00016296600000001438,470.433,1160.5484634000004
17.65800000000001,-0.00016296600000001438,444.5994,1133.7210138
17.668,-0.00016296600000001438,443.6058,1131.8047674
17.693000000000005,-0.00016296600000001438,444.5994,1131.8047674
17.70300000000001,1.4819999999998723e-05,445.593,1131.8047674
17.713,-0.00016296600000001438,445.593,1131.8047674
17.722,-0.00016296600000001438,445.593,1131.8047674
17.732000000000006,-0.00016296600000001438,444.5994,1129.8885210000003
17.741000000000007,-0.00016296600000001438,447.5802,1137.5535066000002
17.750999999999998,-0.00016296600000001438,447.5802,1133.7210138
17.759999999999998,-0.0003407520000000136,447.5802,1133.7210138
17.770000000000003,-0.00016296600000001438,447.5802,1133.7210138
17.78000000000001,-0.0003407520000000136,447.5802,1131.8047674
17.78900000000001,-0.0003407520000000136,419.75939999999997,1104.9773178
17.808,1.4819999999998723e-05,419.75939999999997,1103.0610714000004
17.82800000000001,-0.00016296600000001438,418.7658,1101.1448249999999
17.838,1.4819999999998723e-05,419.75939999999997,1101.1448249999999
17.848000000000006,-0.00016296600000001438,420.753,1103.0610714000004
17.857999999999997,-0.00016296600000001438,420.753,1103.0610714000004
17.868000000000002,-0.0005185379999999989,420.753,1101.1448249999999
17.878000000000007,1.4819999999998723e-05,392.93219999999997,1074.3173754
17.887999999999998,-0.00016296600000001438,392.93219999999997,1072.4011290000003
17.918,0.00019260599999999795,392.93219999999997,1066.6523898
17.928000000000004,-0.00016296600000001438,394.9194,1074.3173754
17.93800000000001,-0.00016296600000001438,394.9194,1072.4011290000003
17.948,1.4819999999998723e-05,394.9194,1072.4011290000003
17.95900000000001,-0.00016296600000001438,395.913,1072.4011290000003
17.967999999999996,-0.00016296600000001438,395.913,1074.3173754
17.978,-0.00016296600000001438,396.90659999999997,1072.4011290000003
17.988000000000007,1.4819999999998723e-05,395.913,1072.4011290000003
17.997999999999998,-0.0005185379999999989,397.9002,1074.3173754
18.012000000000008,-0.00016296600000001438,369.0858,1039.8249402000001
18.021000000000008,-0.00016296600000001438,368.0922,1043.6574329999999
18.031,-0.00016296600000001438,368.0922,1041.7411865999998
18.053000000000004,-0.00016296600000001438,367.0986,1039.8249402000001
18.06300000000001,1.4819999999998723e-05,369.0858,1041.7411865999998
18.073,-0.0003407520000000136,369.0858,1041.7411865999998
18.082,1.4819999999998723e-05,370.07939999999996,1039.8249402000001
18.092000000000006,1.4819999999998723e-05,368.0922,1039.8249402000001
18.101999999999997,-0.00016296600000001438,341.265,1011.0812442000001
18.110999999999997,1.4819999999998723e-05,341.265,1012.9974906000002
18.144,-0.0003407520000000136,341.265,1009.1649978
18.153,0.00019260599999999795,343.25219999999996,1011.0812442000001
18.163000000000004,-0.00016296600000001438,343.25219999999996,1012.9974906000002
18.172000000000004,-0.0003407520000000136,343.25219999999996,1014.9137370000003
18.183,-0.00016296600000001438,342.2586,1009.1649978
18.192,-0.00016296600000001438,315.4314,969.1172946000006
18.202000000000005,-0.00016296600000001438,315.4314,973.0950162000004
18.211000000000006,1.4819999999998723e-05,315.4314,971.1061554000003
18.232999999999997,1.4819999999998723e-05,315.4314,973.0950162000004
18.243000000000002,-0.00016296600000001438,316.425,971.1061554000003
18.253000000000007,-0.00016296600000001438,316.425,973.0950162000004
18.262000000000008,-0.0003407520000000136,317.41859999999997,973.0950162000004
18.272,1.4819999999998723e-05,315.4314,969.1172946000006
18.281,-0.00016296600000001438,318.4122,973.0950162000004
18.291000000000004,0.00019260599999999795,317.41859999999997,971.1061554000003
18.300000000000004,-0.0003407520000000136,317.41859999999997,973.0950162000004
18.31000000000001,-0.00016296600000001438,318.4122,973.0950162000004
18.329,-0.00016296600000001438,300.5274,941.2732434
18.339000000000006,-0.0003407520000000136,298.54019999999997,945.2509650000006
18.348999999999997,-0.00016296600000001438,299.5338,941.2732434
18.368000000000002,-0.00016296600000001438,297.5466,941.2732434
18.378000000000007,-0.0003407520000000136,297.5466,943.2621042000005
18.387999999999998,-0.00016296600000001438,300.5274,941.2732434
18.397,-0.00016296600000001438,299.5338,941.2732434
18.407000000000004,-0.0003407520000000136,294.56579999999997,941.2732434
18.41700000000001,1.4819999999998723e-05,297.5466,911.4403314000006
18.42600000000001,-0.00016296600000001438,297.5466,911.4403314000006
18.458000000000006,-0.0003407520000000136,296.553,909.4514706000004
18.467999999999996,1.4819999999998723e-05,298.54019999999997,911.4403314000006
18.478,-0.00016296600000001438,298.54019999999997,911.4403314000006
18.487000000000002,1.4819999999998723e-05,296.553,907.4626098000003
18.497000000000007,-0.00016296600000001438,296.553,907.4626098000003
18.506000000000007,1.4819999999998723e-05,299.5338,911.4403314000006
18.516,-0.00016296600000001438,300.5274,911.4403314000006
18.525,-0.00016296600000001438,296.553,909.4514706000004
18.535000000000004,-0.00016296600000001438,298.54019999999997,911.4403314000006
18.544000000000004,-0.00016296600000001438,295.5594,905.4737490000002
18.55400000000001,1.4819999999998723e-05,298.54019999999997,877.6296978000005
18.564,1.4819999999998723e-05,298.54019999999997,881.6074194000003
18.594,-0.0003407520000000136,295.5594,879.6185586000001
18.603,-0.00016296600000001438,297.5466,881.6074194000003
18.613000000000007,-0.00016296600000001438,298.54019999999997,879.6185586000001
18.622000000000007,1.4819999999998723e-05,297.5466,877.6296978000005
18.631999999999998,-0.0003407520000000136,295.5594,879.6185586000001
18.642000000000003,1.4819999999998723e-05,298.54019999999997,851.7745074000004
18.651000000000003,1.4819999999998723e-05,297.5466,849.7856466000003
18.684000000000005,-0.0003407520000000136,295.5594,849.7856466000003
18.693000000000005,-0.00016296600000001438,295.5594,849.7856466000003
18.70300000000001,-0.00016296600000001438,297.5466,851.7745074000004
18.71200000000001,-0.00016296600000001438,299.5338,851.7745074000004
18.722,-0.0005185379999999989,294.56579999999997,849.7856466000003
18.731,1.4819999999998723e-05,296.553,849.7856466000003
18.741000000000007,0.00019260599999999795,298.54019999999997,849.7856466000003
18.750000000000007,-0.00016296600000001438,299.5338,851.7745074000004
18.770000000000003,1.4819999999998723e-05,299.5338,849.7856466000003
18.78000000000001,-0.0003407520000000136,299.5338,853.7633682000005
18.79,-0.00016296600000001438,297.5466,849.7856466000003
18.863999999999997,-0.00016296600000001438,296.553,813.9861522000006
18.872999999999998,1.4819999999998723e-05,299.5338,817.9638738000003
18.883000000000003,1.4819999999998723e-05,298.54019999999997,819.9527346000004
18.892000000000003,0.00019260599999999795,299.5338,817.9638738000003
18.902000000000008,-0.00016296600000001438,295.5594,815.9750130000002
18.912,0.00037039200000001105,298.54019999999997,790.1198226000006
18.95300000000001,-0.0003407520000000136,296.553,788.1309618000005
18.963,1.4819999999998723e-05,299.5338,788.1309618000005
18.972,1.4819999999998723e-05,298.54019999999997,788.1309618000005
18.999000000000002,1.4819999999998723e-05,296.553,784.1532402000003
19.009000000000007,1.4819999999998723e-05,298.54019999999997,788.1309618000005
19.018000000000008,-0.00016296600000001438,296.553,788.1309618000005
19.028,0.00019260599999999795,297.5466,786.1421010000004
19.037,-0.00016296600000001438,295.5594,786.1421010000004
19.047000000000004,0.00019260599999999795,298.54019999999997,786.1421010000004
19.056000000000004,-0.00016296600000001438,298.54019999999997,788.1309618000005
19.06600000000001,1.4819999999998723e-05,297.5466,788.1309618000005
19.07500000000001,1.4819999999998723e-05,297.5466,788.1309618000005
19.085,-0.00016296600000001438,295.5594,786.1421010000004
19.095000000000006,0.00019260599999999795,298.54019999999997,756.3091890000005
19.104000000000006,1.4819999999998723e-05,296.553,756.3091890000005
19.134000000000007,-0.00016296600000001438,297.5466,756.3091890000005
19.143000000000008,-0.00016296600000001438,296.553,756.3091890000005
19.153,0.00019260599999999795,298.54019999999997,756.3091890000005
19.162,-0.00016296600000001438,300.5274,760.2869106000003
19.18200000000001,0.00019260599999999795,299.5338,728.4651377999999
19.19100000000001,0.00019260599999999795,298.54019999999997,726.4762770000002
19.223999999999997,1.4819999999998723e-05,299.5338,726.4762770000002
19.232999999999997,1.4819999999998723e-05,298.54019999999997,726.4762770000002
19.243000000000002,0.00019260599999999795,299.5338,726.4762770000002
19.252000000000002,-0.00016296600000001438,299.5338,728.4651377999999
19.262999999999998,-0.0003407520000000136,294.56579999999997,724.4874162000001
19.273000000000003,0.00019260599999999795,298.54019999999997,696.6433650000001
19.282000000000004,1.4819999999998723e-05,297.5466,696.6433650000001
19.314,-0.00016296600000001438,297.5466,694.6545042
19.323,1.4819999999998723e-05,299.5338,696.6433650000001
19.333000000000006,1.4819999999998723e-05,298.54019999999997,694.6545042
19.342000000000006,1.4819999999998723e-05,299.5338,696.6433650000001
19.351999999999997,1.4819999999998723e-05,296.553,692.6656434000001
19.360999999999997,-0.00016296600000001438,297.5466,698.6322258
19.381000000000007,-0.00016296600000001438,299.5338,696.6433650000001
19.391,1.4819999999998723e-05,299.5338,696.6433650000001
19.401000000000003,-0.0003407520000000136,296.553,696.6433650000001
19.41100000000001,-0.00016296600000001438,298.54019999999997,666.8104530000003
19.421,1.4819999999998723e-05,297.5466,664.8215921999999
19.449000000000005,1.4819999999998723e-05,295.5594,662.8327314000001
19.458000000000006,0.00019260599999999795,299.5338,662.8327314000001
19.467999999999996,0.00019260599999999795,301.52099999999996,662.8327314000001
19.476999999999997,1.4819999999998723e-05,299.5338,666.8104530000003
19.487000000000002,1.4819999999998723e-05,297.5466,662.8327314000001
19.497000000000007,0.00037039200000001105,300.5274,634.9886802000001
19.506000000000007,1.4819999999998723e-05,296.553,638.9664018000001
19.53900000000001,-0.0003407520000000136,296.553,636.9775410000002
19.54800000000001,1.4819999999998723e-05,299.5338,636.9775410000002
19.558,-0.00016296600000001438,296.553,636.9775410000002
19.567,0.00019260599999999795,299.5338,634.9886802000001
19.579,0.00019260599999999795,293.5722,632.9998194000002
19.589000000000006,0.00019260599999999795,298.54019999999997,605.1557682
19.598000000000006,-0.00016296600000001438,298.54019999999997,607.1446289999999
19.607999999999997,0.00019260599999999795,299.5338,603.1669074000001
19.616999999999997,-0.00016296600000001438,296.553,607.1446289999999
19.628999999999998,1.4819999999998723e-05,296.553,603.1669074000001
19.637999999999998,0.00019260599999999795,299.5338,603.1669074000001
19.648000000000003,1.4819999999998723e-05,296.553,605.1557682
19.657000000000004,1.4819999999998723e-05,299.5338,605.1557682
19.66700000000001,1.4819999999998723e-05,295.5594,603.1669074000001
19.67600000000001,1.4819999999998723e-05,298.54019999999997,603.1669074000001
19.686,1.4819999999998723e-05,296.553,603.1669074000001
19.695,1.4819999999998723e-05,296.553,603.1669074000001
19.705000000000005,1.4819999999998723e-05,298.54019999999997,607.1446289999999
19.71500000000001,1.4819999999998723e-05,298.54019999999997,599.1891858000001
19.723999999999997,0.00037039200000001105,297.5466,571.3451345999999
19.734,0.00019260599999999795,297.5466,571.3451345999999
19.764000000000003,-0.00016296600000001438,296.553,573.3339954
19.773000000000003,0.00019260599999999795,299.5338,571.3451345999999
19.78300000000001,1.4819999999998723e-05,299.5338,573.3339954
19.79200000000001,1.4819999999998723e-05,298.54019999999997,575.3228562000002
19.811,-0.00016296600000001438,298.54019999999997,575.3228562000002
19.821000000000005,0.00019260599999999795,298.54019999999997,571.3451345999999
19.83100000000001,1.4819999999998723e-05,295.5594,575.3228562000002
19.841,0.00019260599999999795,298.54019999999997,575.3228562000002
19.851999999999997,-0.00016296600000001438,295.5594,571.3451345999999
19.862000000000002,0.00019260599999999795,298.54019999999997,543.5010834000002
19.871000000000002,0.00037039200000001105,298.54019999999997,541.5122226000001
19.899000000000008,1.4819999999998723e-05,295.5594,539.5233618
19.90800000000001,1.4819999999998723e-05,299.5338,543.5010834000002
19.918,0.00019260599999999795,298.54019999999997,541.5122226000001
19.927,0.00037039200000001105,298.54019999999997,541.5122226000001
19.937000000000005,0.00019260599999999795,296.553,539.5233618
19.946000000000005,-0.0003407520000000136,298.54019999999997,541.5122226000001
19.95600000000001,1.4819999999998723e-05,299.5338,543.5010834000002
19.96500000000001,1.4819999999998723e-05,299.5338,545.4899442000001
19.991999999999997,1.4819999999998723e-05,300.5274,515.6570322
20.002000000000002,0.00037039200000001105,298.54019999999997,511.6793106
20.034,1.4819999999998723e-05,296.553,511.6793106
20.043,1.4819999999998723e-05,297.5466,513.6681714000001
20.053000000000004,-0.00016296600000001438,296.553,515.6570322
20.073,1.4819999999998723e-05,296.553,513.6681714000001
20.092000000000006,0.00019260599999999795,297.5466,485.82412020000015
20.101999999999997,0.00019260599999999795,298.54019999999997,483.83525940000004
20.112000000000002,1.4819999999998723e-05,296.553,485.82412020000015
20.122000000000007,0.00019260599999999795,295.5594,481.84639859999993
20.131999999999998,1.4819999999998723e-05,298.54019999999997,485.82412020000015
20.142000000000003,1.4819999999998723e-05,297.5466,485.82412020000015
20.152000000000008,0.00019260599999999795,297.5466,487.81298100000004
20.162,-0.00016296600000001438,297.5466,485.82412020000015
20.172000000000004,0.00019260599999999795,299.5338,485.82412020000015
20.18200000000001,1.4819999999998723e-05,298.54019999999997,483.83525940000004
20.192,-0.00016296600000001438,300.5274,487.81298100000004
20.202000000000005,1.4819999999998723e-05,297.5466,485.82412020000015
20.21200000000001,-0.00016296600000001438,296.553,483.83525940000004
20.222,1.4819999999998723e-05,298.54019999999997,457.98006899999996
20.232000000000006,0.00019260599999999795,297.5466,457.98006899999996
20.259000000000007,1.4819999999998723e-05,297.5466,454.0023474000002
20.268000000000008,0.00019260599999999795,299.5338,455.9912082000001
20.278,0.00019260599999999795,299.5338,459.96892980000007
20.287,-0.00016296600000001438,297.5466,457.98006899999996
20.297000000000004,-0.00016296600000001438,298.54019999999997,457.98006899999996
20.30700000000001,1.4819999999998723e-05,297.5466,428.1471570000001
20.317,0.00019260599999999795,297.5466,428.1471570000001
20.348999999999997,0.00019260599999999795,294.56579999999997,424.1694354000001
20.357999999999997,1.4819999999998723e-05,299.5338,428.1471570000001
20.368000000000002,1.4819999999998723e-05,298.54019999999997,428.1471570000001
20.377000000000002,-0.00016296600000001438,295.5594,430.1360178000002
20.387000000000008,1.4819999999998723e-05,298.54019999999997,428.1471570000001
20.397,0.00019260599999999795,297.5466,398.314245
20.406,0.00019260599999999795,299.5338,398.314245
20.439,1.4819999999998723e-05,295.5594,394.33652340000026
20.448,0.00019260599999999795,300.5274,398.314245
20.458000000000006,-0.00016296600000001438,296.553,398.314245
20.467000000000006,0.00019260599999999795,296.553,396.32538420000014
20.476999999999997,-0.00016296600000001438,298.54019999999997,396.32538420000014
20.487000000000002,1.4819999999998723e-05,297.5466,366.49247220000007
20.497000000000007,0.00019260599999999795,298.54019999999997,368.48133299999995
20.529000000000003,1.4819999999998723e-05,294.56579999999997,364.5036114000002
20.538000000000004,0.00019260599999999795,298.54019999999997,366.49247220000007
20.54800000000001,0.00019260599999999795,296.553,366.49247220000007
20.55700000000001,-0.00016296600000001438,297.5466,366.49247220000007
20.568000000000005,1.4819999999998723e-05,296.553,364.5036114000002
20.57800000000001,0.0005481779999999825,297.5466,336.6595602000002
20.58700000000001,0.00037039200000001105,299.5338,338.6484210000001
20.597,0.00019260599999999795,297.5466,336.6595602000002
20.619000000000007,0.00019260599999999795,294.56579999999997,336.6595602000002
20.628000000000007,1.4819999999998723e-05,298.54019999999997,340.6372818
20.637999999999998,-0.00016296600000001438,297.5466,338.6484210000001
20.647,-0.00016296600000001438,298.54019999999997,340.6372818
20.657000000000004,1.4819999999998723e-05,296.553,334.6706993999999
20.66700000000001,1.4819999999998723e-05,298.54019999999997,336.6595602000002
20.67600000000001,0.00019260599999999795,300.5274,338.6484210000001
20.686,0.00019260599999999795,299.5338,336.6595602000002
20.695,0.00019260599999999795,300.5274,336.6595602000002
20.705000000000005,0.00019260599999999795,298.54019999999997,334.6706993999999
20.714000000000006,0.00019260599999999795,297.5466,306.82664820000014
20.723999999999997,0.00019260599999999795,298.54019999999997,308.815509
20.753999999999998,1.4819999999998723e-05,294.56579999999997,304.8377874
20.773000000000003,1.4819999999998723e-05,296.553,306.82664820000014
20.78300000000001,0.00019260599999999795,299.5338,306.82664820000014
20.793,1.4819999999998723e-05,295.5594,304.8377874
20.803000000000004,0.00019260599999999795,298.54019999999997,278.98259699999994
20.81300000000001,0.00019260599999999795,299.5338,276.99373620000006
20.823,0.00019260599999999795,297.5466,276.99373620000006
20.844,1.4819999999998723e-05,296.553,276.99373620000006
20.863000000000007,0.00019260599999999795,297.5466,276.99373620000006
20.872999999999998,0.00019260599999999795,299.5338,280.97145780000005
20.883000000000003,0.00037039200000001105,295.5594,275.00487539999995
20.893000000000008,0.0005481779999999825,298.54019999999997,276.99373620000006
20.903,0.00037039200000001105,296.553,278.98259699999994
20.913000000000004,0.00037039200000001105,298.54019999999997,276.99373620000006
20.92300000000001,0.0005481779999999825,299.5338,276.99373620000006
20.933,0.00037039200000001105,296.553,275.00487539999995
20.943000000000005,0.00019260599999999795,297.5466,247.1608242000002
20.95300000000001,0.00037039200000001105,297.5466,247.1608242000002
20.979000000000006,0.00019260599999999795,294.56579999999997,247.1608242000002
20.988000000000007,0.00037039200000001105,299.5338,247.1608242000002
20.997999999999998,0.00037039200000001105,297.5466,247.1608242000002
21.006999999999998,0.0005481779999999825,299.5338,245.17196339999987
21.017000000000003,0.0005481779999999825,297.5466,245.17196339999987
21.026000000000003,0.00019260599999999795,298.54019999999997,247.1608242000002
21.03600000000001,0.00019260599999999795,298.54019999999997,245.17196339999987
21.04500000000001,0.00019260599999999795,297.5466,247.1608242000002
21.055,0.0005481779999999825,296.553,245.17196339999987
21.07200000000001,0.0005481779999999825,298.54019999999997,215.33905140000002
21.113999999999997,0.0005481779999999825,298.54019999999997,213.35019060000013
21.122999999999998,0.0005481779999999825,300.5274,217.32791220000013
21.133000000000003,0.00037039200000001105,296.553,215.33905140000002
21.143000000000008,0.00037039200000001105,297.5466,215.33905140000002
21.154000000000003,0.0005481779999999825,295.5594,213.35019060000013
21.16400000000001,0.0005481779999999825,297.5466,187.49500020000005
21.17300000000001,0.00037039200000001105,297.5466,185.50613939999994
21.204,0.0005481779999999825,297.5466,185.50613939999994
21.214000000000006,0.0005481779999999825,299.5338,185.50613939999994
21.223999999999997,0.0005481779999999825,298.54019999999997,185.50613939999994
21.234,0.00037039200000001105,299.5338,187.49500020000005
21.244000000000007,0.00037039200000001105,297.5466,185.50613939999994
21.253999999999998,0.00037039200000001105,299.5338,155.6732274000001
21.264000000000003,0.00019260599999999795,299.5338,159.65094900000008
21.294000000000004,0.00037039200000001105,298.54019999999997,157.6620882000002
21.339000000000006,0.0005481779999999825,299.5338,157.6620882000002
21.384000000000007,0.00037039200000001105,296.553,153.68436659999998
21.393000000000008,0.00037039200000001105,298.54019999999997,157.6620882000002
21.403,0.00019260599999999795,299.5338,157.6620882000002
21.412,0.00037039200000001105,299.5338,157.6620882000002
21.42300000000001,0.00019260599999999795,297.5466,155.6732274000001
21.43200000000001,0.00037039200000001105,299.5338,127.82917620000012
21.442,0.00037039200000001105,297.5466,125.84031540000001
21.473999999999997,0.00019260599999999795,295.5594,123.85145460000012
21.482999999999997,0.00019260599999999795,298.54019999999997,127.82917620000012
21.493000000000002,0.00037039200000001105,300.5274,125.84031540000001
21.502000000000002,1.4819999999998723e-05,299.5338,125.84031540000001
21.512000000000008,1.4819999999998723e-05,296.553,127.82917620000012
21.522,0.0005481779999999825,298.54019999999997,125.84031540000001
21.531,0.00019260599999999795,299.5338,127.82917620000012
21.541000000000004,0.00019260599999999795,296.553,123.85145460000012
21.550000000000004,0.00037039200000001105,297.5466,123.85145460000012
21.56000000000001,0.00019260599999999795,299.5338,125.84031540000001
21.57,0.00019260599999999795,298.54019999999997,97.99626420000004
21.579,1.4819999999998723e-05,296.553,97.99626420000004
21.609,1.4819999999998723e-05,295.5594,96.00740339999993
21.618000000000002,1.4819999999998723e-05,297.5466,96.00740339999993
21.628000000000007,0.00019260599999999795,298.54019999999997,96.00740339999993
21.637000000000008,1.4819999999998723e-05,298.54019999999997,97.99626420000004
21.647,1.4819999999998723e-05,295.5594,94.01854260000005
21.657000000000004,1.4819999999998723e-05,298.54019999999997,97.99626420000004
21.666000000000004,1.4819999999998723e-05,297.5466,96.00740339999993
21.67600000000001,0.00037039200000001105,299.5338,96.00740339999993
21.68500000000001,1.4819999999998723e-05,297.5466,96.00740339999993
21.704,1.4819999999998723e-05,296.553,66.17449140000008
21.714000000000006,0.00019260599999999795,296.553,66.17449140000008
21.723999999999997,0.00019260599999999795,298.54019999999997,68.16335219999996
21.744000000000007,-0.00016296600000001438,295.5594,66.17449140000008
21.753000000000007,-0.00016296600000001438,297.5466,68.16335219999996
21.762999999999998,-0.00016296600000001438,297.5466,68.16335219999996
21.772,1.4819999999998723e-05,297.5466,68.16335219999996
21.782000000000004,1.4819999999998723e-05,294.56579999999997,64.1856306000002
21.79200000000001,-0.00016296600000001438,297.5466,68.16335219999996
21.80100000000001,-0.00016296600000001438,297.5466,68.16335219999996
21.811,1.4819999999998723e-05,297.5466,66.17449140000008
21.82,1.4819999999998723e-05,297.5466,66.17449140000008
21.830000000000005,-0.0003407520000000136,297.5466,66.17449140000008
21.839000000000006,1.4819999999998723e-05,297.5466,36.3415794
21.848999999999997,-0.00016296600000001438,298.54019999999997,38.330440199999884
21.878999999999998,-0.00016296600000001438,296.553,34.35271860000012
21.887999999999998,1.4819999999998723e-05,298.54019999999997,36.3415794
21.898000000000003,-0.00016296600000001438,297.5466,36.3415794
21.907000000000004,1.4819999999998723e-05,297.5466,34.35271860000012
21.91700000000001,-0.0003407520000000136,294.56579999999997,34.35271860000012
21.927,0.00037039200000001105,298.54019999999997,36.3415794
21.936,1.4819999999998723e-05,299.5338,36.3415794
21.946000000000005,1.4819999999998723e-05,299.5338,34.35271860000012
21.96500000000001,-0.0003407520000000136,296.553,34.35271860000012
21.975,-0.00016296600000001438,298.54019999999997,8.497528200000033
21.985000000000007,-0.00016296600000001438,297.5466,6.508667400000149
22.014000000000003,-0.0003407520000000136,295.5594,6.508667400000149
22.023000000000003,-0.0003407520000000136,296.553,8.497528200000033
22.03300000000001,-0.00016296600000001438,299.5338,6.508667400000149
22.04200000000001,-0.00016296600000001438,298.54019999999997,6.508667400000149
22.053000000000004,-0.0003407520000000136,295.5594,4.519806600000038
22.06300000000001,-0.00016296600000001438,298.54019999999997,6.508667400000149
22.073,-0.00016296600000001438,299.5338,8.497528200000033
22.082,-0.00016296600000001438,297.5466,6.508667400000149
22.092000000000006,1.4819999999998723e-05,298.54019999999997,6.508667400000149
22.104000000000006,1.4819999999998723e-05,296.553,6.508667400000149
22.113000000000007,-0.00016296600000001438,300.5274,8.497528200000033
22.122999999999998,-0.00016296600000001438,296.553,6.508667400000149
22.131999999999998,-0.00016296600000001438,299.5338,6.508667400000149
22.142000000000003,1.4819999999998723e-05,298.54019999999997,2.5309457999999267
22.152000000000008,-0.00016296600000001438,298.54019999999997,6.508667400000149
22.16100000000001,-0.0003407520000000136,297.5466,8.497528200000033
22.171,-0.00016296600000001438,298.54019999999997,6.508667400000149
22.18,-0.00016296600000001438,296.553,6.508667400000149
22.190000000000005,-0.0005185379999999989,296.553,6.508667400000149
22.199000000000005,-0.00016296600000001438,296.553,36.3415794
22.20900000000001,-0.00016296600000001438,297.5466,36.3415794
22.238999999999997,-0.0003407520000000136,298.54019999999997,38.330440199999884
22.284,-0.00016296600000001438,295.5594,36.3415794
22.293,-0.00016296600000001438,298.54019999999997,36.3415794
22.303000000000004,-0.00016296600000001438,299.5338,36.3415794
22.312000000000005,-0.00016296600000001438,297.5466,36.3415794
22.32200000000001,-0.0003407520000000136,294.56579999999997,34.35271860000012
22.332,-0.0003407520000000136,295.5594,38.330440199999884
22.341,-0.00016296600000001438,297.5466,36.3415794
22.351000000000006,-0.00016296600000001438,297.5466,36.3415794
22.360000000000007,-0.00016296600000001438,297.5466,38.330440199999884
22.369999999999997,1.4819999999998723e-05,295.5594,32.363857800000005
22.380000000000003,-0.00016296600000001438,300.5274,68.16335219999996
22.389000000000003,-0.0003407520000000136,298.54019999999997,68.16335219999996
22.419000000000004,1.4819999999998723e-05,297.5466,64.1856306000002
22.42900000000001,-0.00016296600000001438,298.54019999999997,66.17449140000008
22.43800000000001,-0.00016296600000001438,299.5338,68.16335219999996
22.44700000000001,-0.00016296600000001438,298.54019999999997,70.15221300000007
22.457,1.4819999999998723e-05,293.5722,62.196769799999856
22.467000000000006,1.4819999999998723e-05,298.54019999999997,66.17449140000008
22.485999999999997,1.4819999999998723e-05,299.5338,68.16335219999996
22.496000000000002,-0.00016296600000001438,299.5338,66.17449140000008
22.506000000000007,-0.00016296600000001438,294.56579999999997,64.1856306000002
22.516,1.4819999999998723e-05,297.5466,96.00740339999993
22.526000000000003,-0.00016296600000001438,297.5466,97.99626420000004
22.55400000000001,-0.00016296600000001438,293.5722,94.01854260000005
22.56300000000001,1.4819999999998723e-05,295.5594,96.00740339999993
22.573,-0.00016296600000001438,297.5466,97.99626420000004
22.582,1.4819999999998723e-05,297.5466,96.00740339999993
22.592999999999996,-0.00016296600000001438,295.5594,96.00740339999993
22.601999999999997,-0.00016296600000001438,296.553,127.82917620000012
22.612000000000002,0.00019260599999999795,298.54019999999997,127.82917620000012
22.644,1.4819999999998723e-05,295.5594,123.85145460000012
22.654000000000003,1.4819999999998723e-05,298.54019999999997,127.82917620000012
22.663000000000004,-0.00016296600000001438,300.5274,127.82917620000012
22.67300000000001,0.00019260599999999795,300.5274,125.84031540000001
22.68200000000001,1.4819999999998723e-05,297.5466,121.86259380000024
22.692,-0.00016296600000001438,297.5466,127.82917620000012
22.701,0.00019260599999999795,298.54019999999997,127.82917620000012
22.711000000000006,1.4819999999998723e-05,299.5338,125.84031540000001
22.720000000000006,1.4819999999998723e-05,298.54019999999997,127.82917620000012
22.729999999999997,-0.00016296600000001438,295.5594,127.82917620000012
22.740000000000002,1.4819999999998723e-05,296.553,157.6620882000002
22.749000000000002,0.00037039200000001105,299.5338,155.6732274000001
22.779000000000003,1.4819999999998723e-05,295.5594,155.6732274000001
22.78900000000001,0.00019260599999999795,298.54019999999997,157.6620882000002
22.79800000000001,0.00037039200000001105,299.5338,157.6620882000002
22.80700000000001,1.4819999999998723e-05,297.5466,157.6620882000002
22.817,-0.00016296600000001438,293.5722,153.68436659999998
22.836000000000006,1.4819999999998723e-05,297.5466,157.6620882000002
22.845999999999997,0.00019260599999999795,299.5338,157.6620882000002
22.856,1.4819999999998723e-05,298.54019999999997,157.6620882000002
22.866000000000007,0.00019260599999999795,296.553,155.6732274000001
22.875999999999998,1.4819999999998723e-05,296.553,187.49500020000005
22.886000000000003,0.0005481779999999825,298.54019999999997,185.50613939999994
22.91400000000001,0.0005481779999999825,295.5594,183.51727860000005
22.92300000000001,0.0005481779999999825,298.54019999999997,185.50613939999994
22.933,0.0005481779999999825,296.553,187.49500020000005
22.942,0.00037039200000001105,297.5466,189.48386100000016
22.95900000000001,0.00037039200000001105,296.553,185.50613939999994
22.969,0.0005481779999999825,297.5466,217.32791220000013
22.978,0.0009037499999999948,299.5338,217.32791220000013
22.988000000000007,0.0007259639999999956,299.5338,217.32791220000013
23.003999999999998,0.001081535999999994,295.5594,215.33905140000002
23.012999999999998,0.001081535999999994,299.5338,217.32791220000013
23.023000000000003,0.001081535999999994,296.553,215.33905140000002
23.03300000000001,0.0009037499999999948,298.54019999999997,217.32791220000013
23.04200000000001,0.0007259639999999956,298.54019999999997,213.35019060000013
23.052,0.0009037499999999948,297.5466,217.32791220000013
23.061,0.001081535999999994,299.5338,217.32791220000013
23.071000000000005,0.0009037499999999948,297.5466,217.32791220000013
23.080000000000005,0.0007259639999999956,297.5466,219.316773
23.09000000000001,0.0009037499999999948,295.5594,211.36132980000025
23.1,0.001081535999999994,297.5466,245.17196339999987
23.109,0.0012593219999999933,296.553,245.17196339999987
23.139000000000003,0.0012593219999999933,296.553,243.18310259999998
23.149000000000008,0.0012593219999999933,297.5466,247.1608242000002
23.15800000000001,0.0014371079999999925,297.5466,247.1608242000002
23.168,0.0016148939999999917,297.5466,243.18310259999998
23.187000000000005,0.0016148939999999917,299.5338,247.1608242000002
23.19700000000001,0.0016148939999999917,297.5466,247.1608242000002
23.207,0.0016148939999999917,297.5466,245.17196339999987
23.217000000000006,0.0016148939999999917,299.5338,245.17196339999987
23.226999999999997,0.001081535999999994,293.5722,243.18310259999998
23.237000000000002,0.0016148939999999917,297.5466,276.99373620000006
23.247000000000007,0.0021482519999999894,298.54019999999997,276.99373620000006
23.274000000000008,0.0021482519999999894,294.56579999999997,275.00487539999995
23.284,0.0021482519999999894,297.5466,278.98259699999994
23.293,0.0023260380000000025,297.5466,278.98259699999994
23.303000000000004,0.002503823999999988,297.5466,275.00487539999995
23.312000000000005,0.0021482519999999894,294.56579999999997,275.00487539999995
23.32200000000001,0.0021482519999999894,298.54019999999997,278.98259699999994
23.33100000000001,0.0023260380000000025,298.54019999999997,278.98259699999994
23.341,0.002503823999999988,298.54019999999997,276.99373620000006
23.35,0.0023260380000000025,298.54019999999997,278.98259699999994
23.360000000000007,0.002503823999999988,298.54019999999997,276.99373620000006
23.369999999999997,0.002503823999999988,295.5594,308.815509
23.378999999999998,0.0028593959999999863,298.54019999999997,306.82664820000014
23.409,0.0032149679999999986,295.5594,304.8377874
23.419000000000004,0.003392753999999998,299.5338,308.815509
23.428000000000004,0.0032149679999999986,299.5338,306.82664820000014
23.448,0.003392753999999998,299.5338,306.82664820000014
23.457,0.0037483259999999963,299.5338,336.6595602000002
23.467000000000006,0.0039261119999999955,297.5466,338.6484210000001
23.476999999999997,0.004459469999999993,298.54019999999997,338.6484210000001
23.499000000000002,0.004815041999999992,294.56579999999997,332.6818386
23.509000000000007,0.004637255999999992,297.5466,336.6595602000002
23.518000000000008,0.004459469999999993,297.5466,338.6484210000001
23.537,0.004637255999999992,297.5466,332.6818386
23.547000000000004,0.004459469999999993,299.5338,340.6372818
23.55700000000001,0.004637255999999992,299.5338,338.6484210000001
23.567,0.004637255999999992,299.5338,336.6595602000002
23.577000000000005,0.004637255999999992,298.54019999999997,338.6484210000001
23.588,0.004815041999999992,299.5338,336.6595602000002
23.597,0.004992828000000005,296.553,370.4701938000003
23.607000000000006,0.006059544,297.5466,366.49247220000007
23.634000000000007,0.006237329999999999,296.553,366.49247220000007
23.644,0.006059544,296.553,366.49247220000007
23.653,0.006237329999999999,299.5338,368.48133299999995
23.663000000000004,0.006059544,298.54019999999997,368.48133299999995
23.672000000000004,0.006237329999999999,296.553,364.5036114000002
23.68200000000001,0.0064151159999999985,299.5338,368.48133299999995
23.69100000000001,0.006237329999999999,298.54019999999997,368.48133299999995
23.701,0.006237329999999999,297.5466,366.49247220000007
23.71,0.0064151159999999985,299.5338,370.4701938000003
23.720000000000006,0.006237329999999999,297.5466,368.48133299999995
23.769,0.006948473999999996,295.5594,394.33652340000026
23.779000000000003,0.007837403999999992,298.54019999999997,396.32538420000014
23.79800000000001,0.008015189999999991,299.5338,400.30310580000014
23.808,0.008370762000000004,300.5274,394.33652340000026
23.818000000000005,0.008370762000000004,299.5338,398.314245
23.82800000000001,0.00819297599999999,297.5466,396.32538420000014
23.838,0.00819297599999999,299.5338,398.314245
23.859,0.00854854799999999,299.5338,398.314245
23.907000000000004,0.009081906,300.5274,428.1471570000001
23.91700000000001,0.009970835999999997,297.5466,426.1582962
23.949000000000005,0.010504193999999994,296.553,428.1471570000001
23.967999999999996,0.010504193999999994,297.5466,430.1360178000002
23.978,0.010504193999999994,298.54019999999997,430.1360178000002
23.988000000000007,0.010681979999999994,296.553,426.1582962
23.997999999999998,0.010859765999999993,298.54019999999997,428.1471570000001
24.008000000000003,0.010859765999999993,299.5338,428.1471570000001
24.018000000000008,0.011037551999999992,297.5466,426.1582962
24.028,0.010859765999999993,296.553,426.1582962
24.038000000000004,0.010681979999999994,297.5466,426.1582962
24.04800000000001,0.01157090999999999,299.5338,455.9912082000001
24.058,0.012815411999999984,296.553,454.0023474000002
24.08400000000001,0.013170983999999997,296.553,455.9912082000001
24.094,0.012993197999999997,295.5594,457.98006899999996
24.103,0.013170983999999997,296.553,455.9912082000001
24.113000000000007,0.013348769999999996,298.54019999999997,457.98006899999996
24.122000000000007,0.013348769999999996,295.5594,457.98006899999996
24.131999999999998,0.013348769999999996,297.5466,457.98006899999996
24.141,0.013526555999999995,299.5338,457.98006899999996
24.151000000000003,0.013348769999999996,297.5466,457.98006899999996
24.160000000000004,0.013526555999999995,298.54019999999997,457.98006899999996
24.17000000000001,0.013348769999999996,296.553,454.0023474000002
24.18,0.014237699999999992,299.5338,485.82412020000015
24.189,0.015304416000000001,298.54019999999997,485.82412020000015
24.219,0.015837773999999985,291.585,487.81298100000004
24.229000000000006,0.016193345999999983,298.54019999999997,485.82412020000015
24.238000000000007,0.016193345999999983,296.553,483.83525940000004
24.247999999999998,0.016371131999999997,298.54019999999997,485.82412020000015
24.259000000000007,0.016371131999999997,299.5338,483.83525940000004
24.269,0.016904489999999994,296.553,515.6570322
24.278,0.018504563999999987,300.5274,513.6681714000001
24.309000000000005,0.018860135999999986,296.553,511.6793106
24.31900000000001,0.019037922,298.54019999999997,513.6681714000001
24.329,0.019215707999999984,298.54019999999997,513.6681714000001
24.339000000000006,0.019037922,297.5466,513.6681714000001
24.348999999999997,0.018860135999999986,297.5466,511.6793106
24.359,0.019926851999999995,298.54019999999997,543.5010834000002
24.369000000000007,0.021526925999999988,298.54019999999997,541.5122226000001
24.399000000000008,0.021882497999999986,296.553,543.5010834000002
24.409,0.022060284,298.54019999999997,541.5122226000001
24.419000000000004,0.021704712,298.54019999999997,545.4899442000001
24.42900000000001,0.022060284,299.5338,543.5010834000002
24.439,0.022060284,295.5594,539.5233618
24.449000000000005,0.022060284,298.54019999999997,543.5010834000002
24.45900000000001,0.022060284,298.54019999999997,543.5010834000002
24.469,0.022238069999999985,296.553,541.5122226000001
24.479000000000006,0.022238069999999985,297.5466,543.5010834000002
24.491999999999997,0.022415855999999998,299.5338,543.5010834000002
24.502000000000002,0.022593641999999997,299.5338,575.3228562000002
24.511000000000003,0.02401592999999999,299.5338,573.3339954
24.534,0.02454928799999999,294.56579999999997,569.3562738
24.544000000000004,0.02454928799999999,299.5338,575.3228562000002
24.553000000000004,0.024371502000000003,298.54019999999997,575.3228562000002
24.56300000000001,0.024371502000000003,298.54019999999997,573.3339954
24.57200000000001,0.02419371599999999,296.553,573.3339954
24.582,0.02454928799999999,297.5466,571.3451345999999
24.591,0.02419371599999999,297.5466,575.3228562000002
24.601000000000006,0.024371502000000003,298.54019999999997,573.3339954
24.610000000000007,0.02454928799999999,299.5338,575.3228562000002
24.619999999999997,0.02454928799999999,296.553,571.3451345999999
24.630000000000003,0.024904859999999987,299.5338,605.1557682
24.649000000000008,0.026327147999999995,298.54019999999997,603.1669074000001
24.669000000000004,0.026149361999999995,298.54019999999997,605.1557682
24.714000000000006,0.025793789999999997,295.5594,601.1780466
24.723999999999997,0.025793789999999997,296.553,607.1446289999999
24.732999999999997,0.025616003999999998,300.5274,605.1557682
24.743000000000002,0.025616003999999998,297.5466,605.1557682
24.753000000000007,0.025616003999999998,297.5466,601.1780466
24.762000000000008,0.026149361999999995,298.54019999999997,634.9886802000001
24.772,0.026860505999999992,299.5338,636.9775410000002
24.80400000000001,0.026682719999999993,296.553,632.9998194000002
24.814,0.026682719999999993,299.5338,634.9886802000001
24.823,0.026327147999999995,296.553,634.9886802000001
24.833000000000006,0.026327147999999995,299.5338,636.9775410000002
24.848999999999997,0.026327147999999995,296.553,632.9998194000002
24.859,0.025793789999999997,296.553,636.9775410000002
24.868000000000002,0.025971575999999996,299.5338,634.9886802000001
24.878000000000007,0.025971575999999996,299.5338,636.9775410000002
24.887999999999998,0.025616003999999998,298.54019999999997,632.9998194000002
24.897,0.025616003999999998,297.5466,664.8215921999999
24.907000000000004,0.026327147999999995,297.5466,664.8215921999999
24.939,0.025793789999999997,297.5466,660.8438706000002
24.949000000000005,0.025971575999999996,299.5338,664.8215921999999
24.958000000000006,0.025260431999999985,298.54019999999997,666.8104530000003
24.967999999999996,0.025616003999999998,299.5338,662.8327314000001
24.976999999999997,0.025082646,297.5466,664.8215921999999
24.987000000000002,0.025260431999999985,299.5338,664.8215921999999
24.997000000000007,0.025082646,299.5338,664.8215921999999
25.006000000000007,0.024904859999999987,299.5338,664.8215921999999
25.015000000000008,0.025082646,300.5274,662.8327314000001
25.025,0.024727074,297.5466,662.8327314000001
25.035000000000004,0.02454928799999999,297.5466,694.6545042
25.044000000000004,0.024727074,298.54019999999997,698.6322258
25.074000000000005,0.02419371599999999,296.553,694.6545042
25.08400000000001,0.02401592999999999,298.54019999999997,696.6433650000001
25.092999999999996,0.02383814399999999,299.5338,698.6322258
25.103,0.02401592999999999,300.5274,696.6433650000001
25.113999999999997,0.023660357999999992,296.553,692.6656434000001
25.122999999999998,0.023126999999999995,296.553,726.4762770000002
25.133000000000003,0.023126999999999995,296.553,728.4651377999999
25.142000000000003,0.022771427999999996,298.54019999999997,726.4762770000002
25.152000000000008,0.022593641999999997,297.5466,728.4651377999999
25.16400000000001,0.022415855999999998,295.5594,722.4985554
25.174,0.022060284,298.54019999999997,726.4762770000002
25.183,0.021882497999999986,297.5466,726.4762770000002
25.193000000000005,0.021704712,296.553,724.4874162000001
25.202000000000005,0.02117135399999999,294.56579999999997,724.4874162000001
25.21200000000001,0.021349140000000003,296.553,724.4874162000001
25.220999999999997,0.02117135399999999,300.5274,726.4762770000002
25.231,0.02117135399999999,299.5338,728.4651377999999
25.250000000000007,0.02081578199999999,297.5466,728.4651377999999
25.259999999999998,0.020104637999999994,299.5338,756.3091890000005
25.270000000000003,0.019926851999999995,297.5466,758.2980498000002
25.299,0.018860135999999986,296.553,758.2980498000002
25.309000000000005,0.018860135999999986,298.54019999999997,758.2980498000002
25.318000000000005,0.01868235,298.54019999999997,758.2980498000002
25.32800000000001,0.01868235,298.54019999999997,758.2980498000002
25.338,0.01797120599999999,297.5466,756.3091890000005
25.348000000000006,0.017793420000000004,299.5338,788.1309618000005
25.357000000000006,0.017082275999999993,298.54019999999997,790.1198226000006
25.389000000000003,0.016015559999999998,294.56579999999997,786.1421010000004
25.399000000000008,0.015837773999999985,299.5338,790.1198226000006
25.40800000000001,0.015659988,300.5274,788.1309618000005
25.418,0.015659988,298.54019999999997,784.1532402000003
25.428000000000004,0.015126630000000002,295.5594,786.1421010000004
25.437000000000005,0.014948843999999989,299.5338,788.1309618000005
25.44700000000001,0.01459327199999999,298.54019999999997,788.1309618000005
25.45600000000001,0.01459327199999999,299.5338,786.1421010000004
25.466,0.014237699999999992,299.5338,790.1198226000006
25.475,0.014059913999999993,297.5466,788.1309618000005
25.485000000000007,0.013348769999999996,299.5338,817.9638738000003
25.494000000000007,0.013170983999999997,298.54019999999997,817.9638738000003
25.524000000000008,0.012282054,298.54019999999997,819.9527346000004
25.56900000000001,0.01157090999999999,294.56579999999997,813.9861522000006
25.579,0.011215337999999991,299.5338,817.9638738000003
25.588,0.011037551999999992,299.5338,817.9638738000003
25.598000000000006,0.010859765999999993,296.553,817.9638738000003
25.607999999999997,0.010859765999999993,295.5594,813.9861522000006
25.616999999999997,0.010504193999999994,296.553,817.9638738000003
25.627000000000002,0.010504193999999994,297.5466,817.9638738000003
25.636000000000003,0.010148621999999996,299.5338,817.9638738000003
25.646000000000008,0.010148621999999996,298.54019999999997,817.9638738000003
25.65500000000001,0.009970835999999997,296.553,817.9638738000003
25.665,0.009437478,299.5338,849.7856466000003
25.674,0.009259692,298.54019999999997,849.7856466000003
25.704,0.00854854799999999,296.553,849.7856466000003
25.714000000000006,0.008726334000000002,300.5274,847.7967858000006
25.723000000000006,0.008370762000000004,298.54019999999997,849.7856466000003
25.732999999999997,0.00819297599999999,300.5274,849.7856466000003
25.743000000000002,0.008015189999999991,297.5466,847.7967858000006
25.752000000000002,0.007659617999999993,298.54019999999997,851.7745074000004
25.762000000000008,0.007659617999999993,300.5274,851.7745074000004
25.781,0.007481831999999994,298.54019999999997,849.7856466000003
25.791000000000004,0.007126259999999995,296.553,847.7967858000006
25.80100000000001,0.006592901999999998,300.5274,879.6185586000001
25.811,0.0064151159999999985,296.553,877.6296978000005
25.839000000000006,0.006059544,299.5338,877.6296978000005
25.848999999999997,0.005348400000000003,296.553,877.6296978000005
25.884000000000007,0.004992828000000005,296.553,875.6408370000004
25.894,0.004815041999999992,299.5338,879.6185586000001
25.903,0.004459469999999993,297.5466,881.6074194000003
25.913000000000004,0.004815041999999992,299.5338,879.6185586000001
25.92300000000001,0.004281683999999994,297.5466,877.6296978000005
25.933,0.0039261119999999955,298.54019999999997,907.4626098000003
25.942,0.0037483259999999963,298.54019999999997,913.4291922000002
25.973999999999997,0.003392753999999998,295.5594,905.4737490000002
25.984,0.0032149679999999986,299.5338,913.4291922000002
25.993000000000002,0.0030371819999999994,297.5466,911.4403314000006
26.003000000000007,0.0030371819999999994,298.54019999999997,913.4291922000002
26.014000000000003,0.0028593959999999863,296.553,907.4626098000003
26.024000000000008,0.0023260380000000025,298.54019999999997,939.2843826000003
26.03300000000001,0.0021482519999999894,297.5466,941.2732434
26.043,0.0021482519999999894,299.5338,943.2621042000005
26.052,0.001970466000000004,298.54019999999997,941.2732434
26.064,0.0016148939999999917,294.56579999999997,937.2955218000002
26.074000000000005,0.001970466000000004,299.5338,941.2732434
26.083000000000006,0.001792679999999991,299.5338,941.2732434
26.092999999999996,0.0016148939999999917,299.5338,943.2621042000005
26.103,0.0014371079999999925,296.553,941.2732434
26.121000000000002,0.0014371079999999925,299.5338,943.2621042000005
26.131000000000007,0.0014371079999999925,297.5466,941.2732434
26.141,0.001081535999999994,299.5338,945.2509650000006
26.152000000000008,0.001081535999999994,296.553,937.2955218000002
26.162,0.0005481779999999825,299.5338,973.0950162000004
26.171,0.0005481779999999825,298.54019999999997,975.083877
26.199000000000005,0.0007259639999999956,296.553,969.1172946000006
26.20900000000001,0.0005481779999999825,296.553,973.0950162000004
26.217999999999996,0.0005481779999999825,299.5338,973.0950162000004
26.228,0.00019260599999999795,298.54019999999997,973.0950162000004
26.238000000000007,0.00019260599999999795,297.5466,971.1061554000003
26.247999999999998,0.00019260599999999795,298.54019999999997,1011.0812442000001
26.256999999999998,-0.0003407520000000136,298.54019999999997,1016.8299834
26.28900000000001,1.4819999999998723e-05,296.553,1012.9974906000002
26.299,-0.00016296600000001438,297.5466,1016.8299834
26.308,1.4819999999998723e-05,298.54019999999997,1012.9974906000002
26.318000000000005,-0.00016296600000001438,298.54019999999997,1012.9974906000002
26.32800000000001,-0.00016296600000001438,295.5594,1012.9974906000002
26.33700000000001,0.00019260599999999795,297.5466,1011.0812442000001
26.347,1.4819999999998723e-05,298.54019999999997,1011.0812442000001
26.378999999999998,-0.00016296600000001438,297.5466,1012.9974906000002
26.428000000000004,1.4819999999998723e-05,301.52099999999996,1039.8249402000001
26.437000000000005,1.4819999999998723e-05,315.4314,1041.7411865999998
26.469,-0.0003407520000000136,317.41859999999997,1039.8249402000001
26.479000000000006,-0.00016296600000001438,319.4058,1043.6574329999999
26.488000000000007,-0.00016296600000001438,319.4058,1043.6574329999999
26.497999999999998,1.4819999999998723e-05,320.3994,1043.6574329999999
26.508000000000003,-0.00016296600000001438,320.3994,1041.7411865999998
26.518000000000008,-0.00016296600000001438,352.1946,1072.4011290000003
26.527000000000008,-0.0003407520000000136,352.1946,1076.2336218
26.559000000000005,-0.0003407520000000136,352.1946,1068.5686362000001
26.56900000000001,-0.00016296600000001438,354.1818,1074.3173754
26.57800000000001,-0.00016296600000001438,354.1818,1072.4011290000003
26.588,-0.0003407520000000136,356.169,1074.3173754
26.598000000000006,-0.0005185379999999989,356.169,1072.4011290000003
26.607999999999997,-0.00016296600000001438,384.9834,1103.0610714000004
26.616999999999997,-0.00016296600000001438,385.977,1103.0610714000004
26.649000000000008,-0.0005185379999999989,386.9706,1101.1448249999999
26.659,-0.0003407520000000136,388.95779999999996,1104.9773178
26.668,-0.00016296600000001438,388.95779999999996,1103.0610714000004
26.678000000000004,-0.00016296600000001438,388.95779999999996,1103.0610714000004
26.68800000000001,-0.00016296600000001438,389.9514,1101.1448249999999
26.69700000000001,-0.00016296600000001438,388.95779999999996,1103.0610714000004
26.707,-0.0003407520000000136,391.9386,1104.9773178
26.716,1.4819999999998723e-05,390.945,1103.0610714000004
26.726000000000006,-0.0005185379999999989,392.93219999999997,1106.8935642000001
26.743000000000002,-0.00016296600000001438,421.7466,1131.8047674
26.752000000000002,1.4819999999998723e-05,422.7402,1133.7210138
26.784,-0.00016296600000001438,423.7338,1129.8885210000003
26.794000000000004,-0.0003407520000000136,424.7274,1133.7210138
26.803000000000004,-0.00016296600000001438,424.7274,1133.7210138
26.823,1.4819999999998723e-05,424.7274,1129.8885210000003
26.833000000000006,-0.00016296600000001438,454.5354,1162.4647098
26.842999999999996,-0.00016296600000001438,455.529,1164.3809562000001
26.853,1.4819999999998723e-05,455.529,1162.4647098
26.874000000000002,-0.00016296600000001438,455.529,1160.5484634000004
26.884000000000007,1.4819999999998723e-05,456.5226,1160.5484634000004
26.893000000000008,-0.00016296600000001438,457.51619999999997,1162.4647098
26.913000000000004,-0.0003407520000000136,457.51619999999997,1160.5484634000004
26.92300000000001,0.00019260599999999795,486.3306,1189.2921594
26.933,0.00019260599999999795,487.3242,1191.2084058
26.943000000000005,1.4819999999998723e-05,488.3178,1193.1246521999997
26.964000000000006,-0.00016296600000001438,487.3242,1191.2084058
26.973999999999997,-0.00016296600000001438,488.3178,1193.1246521999997
26.993000000000002,-0.0003407520000000136,489.3114,1195.0408986000002
27.003000000000007,0.00019260599999999795,488.3178,1189.2921594
27.012999999999998,-0.00016296600000001438,490.305,1195.0408986000002
27.023000000000003,0.00019260599999999795,489.3114,1191.2084058
27.03300000000001,-0.00016296600000001438,491.29859999999996,1195.0408986000002
27.043,-0.00016296600000001438,490.305,1195.0408986000002
27.053000000000004,1.4819999999998723e-05,490.305,1189.2921594
27.06300000000001,-0.0003407520000000136,522.1002000000001,1225.7008409999999
27.073,-0.0003407520000000136,521.1066000000001,1225.7008409999999
27.098999999999997,-0.00016296600000001438,520.113,1221.8683482000001
27.109,-0.0003407520000000136,522.1002000000001,1221.8683482000001
27.118000000000002,-0.00016296600000001438,522.1002000000001,1223.7845945999998
27.128000000000007,-0.00016296600000001438,522.1002000000001,1225.7008409999999
27.137999999999998,-0.00016296600000001438,521.1066000000001,1219.9521018
27.147,-0.00016296600000001438,522.1002000000001,1221.8683482000001
27.157000000000004,1.4819999999998723e-05,522.1002000000001,1221.8683482000001
27.166000000000004,-0.0005185379999999989,523.0938000000001,1223.7845945999998
27.17600000000001,1.4819999999998723e-05,523.0938000000001,1223.7845945999998
27.18500000000001,-0.00016296600000001438,522.1002000000001,1219.9521018
27.195,-0.0003407520000000136,552.9018000000001,1256.3607834
27.205000000000005,-0.00016296600000001438,552.9018000000001,1254.4445370000003
27.234,-0.0003407520000000136,552.9018000000001,1252.5282906000002
27.244000000000007,-0.0003407520000000136,553.8954000000001,1254.4445370000003
27.262999999999998,-0.00016296600000001438,553.8954000000001,1252.5282906000002
27.273000000000003,-0.0006963239999999982,553.8954000000001,1252.5282906000002
27.28300000000001,-0.00016296600000001438,582.7098000000001,1283.1882329999999
27.293,-0.00016296600000001438,582.7098000000001,1283.1882329999999
27.303000000000004,-0.00016296600000001438,583.7034000000001,1283.1882329999999
27.324000000000005,1.4819999999998723e-05,582.7098000000001,1279.3557402000001
27.342999999999996,-0.0005185379999999989,584.697,1287.0207258
27.353,-0.00016296600000001438,583.7034000000001,1283.1882329999999
27.363999999999997,-0.00016296600000001438,581.7162000000001,1277.4394938
27.372999999999998,-0.00016296600000001438,582.7098000000001,1283.1882329999999
27.383000000000003,-0.00016296600000001438,582.7098000000001,1283.1882329999999
27.393000000000008,1.4819999999998723e-05,583.7034000000001,1281.2719865999998
27.403,-0.00016296600000001438,584.697,1283.1882329999999
27.41400000000001,-0.0003407520000000136,582.7098000000001,1281.2719865999998
27.424,1.4819999999998723e-05,611.5242000000001,1311.9319290000003
27.433,1.4819999999998723e-05,611.5242000000001,1311.9319290000003
27.45900000000001,0.00019260599999999795,609.537,1310.0156826000002
27.469,1.4819999999998723e-05,612.5178000000001,1311.9319290000003
27.479000000000006,-0.0003407520000000136,611.5242000000001,1315.7644218
27.488000000000007,1.4819999999998723e-05,611.5242000000001,1311.9319290000003
27.497999999999998,-0.0005185379999999989,610.5306,1311.9319290000003
27.508000000000003,-0.0003407520000000136,640.3386,1344.5081178
27.517000000000003,1.4819999999998723e-05,640.3386,1344.5081178
27.549,-0.00016296600000001438,637.3578000000001,1340.6756249999999
27.559000000000005,-0.00016296600000001438,639.345,1346.4243642000001
27.56900000000001,-0.0003407520000000136,640.3386,1344.5081178
27.57800000000001,-0.00016296600000001438,639.345,1346.4243642000001
27.588,-0.0005185379999999989,638.3514,1340.6756249999999
27.598000000000006,-0.0003407520000000136,666.1722000000001,1371.3355674
27.607000000000006,1.4819999999998723e-05,666.1722000000001,1373.2518138
27.639000000000003,1.4819999999998723e-05,664.1850000000001,1371.3355674
27.649000000000008,-0.00016296600000001438,664.1850000000001,1373.2518138
27.65800000000001,-0.00016296600000001438,665.1786000000001,1377.0843066000002
27.668,-0.0003407520000000136,664.1850000000001,1375.1680601999997
27.68800000000001,-0.00016296600000001438,663.1914,1377.0843066000002
27.69700000000001,1.4819999999998723e-05,664.1850000000001,1373.2518138
27.729000000000006,1.4819999999998723e-05,660.2106000000001,1373.2518138
27.738999999999997,1.4819999999998723e-05,661.2042,1375.1680601999997
27.749000000000002,1.4819999999998723e-05,660.2106000000001,1371.3355674
27.758000000000003,1.4819999999998723e-05,660.2106000000001,1373.2518138
27.768000000000008,-0.0003407520000000136,660.2106000000001,1373.2518138
27.778,1.4819999999998723e-05,633.3834,1342.5918714000004
27.787,1.4819999999998723e-05,632.3898,1340.6756249999999
27.81900000000001,-0.00016296600000001438,630.4026,1340.6756249999999
27.829,0.00019260599999999795,630.4026,1340.6756249999999
27.839000000000006,-0.00016296600000001438,631.3962,1344.5081178
27.848000000000006,-0.00016296600000001438,631.3962,1342.5918714000004
27.857999999999997,-0.00016296600000001438,631.3962,1344.5081178
27.866999999999997,1.4819999999998723e-05,630.4026,1342.5918714000004
27.877000000000002,1.4819999999998723e-05,630.4026,1344.5081178
27.913000000000004,1.4819999999998723e-05,600.5946,1311.9319290000003
27.92300000000001,-0.00016296600000001438,600.5946,1313.8481754
27.955000000000005,1.4819999999998723e-05,598.6074000000001,1308.0994362000001
27.964000000000006,0.00019260599999999795,600.5946,1308.0994362000001
27.973999999999997,-0.0003407520000000136,601.5882,1317.6806681999997
27.984,1.4819999999998723e-05,600.5946,1311.9319290000003
27.994999999999997,-0.00016296600000001438,600.5946,1311.9319290000003
28.005000000000003,-0.00016296600000001438,573.7674000000001,1281.2719865999998
28.014000000000003,1.4819999999998723e-05,573.7674000000001,1283.1882329999999
28.04500000000001,-0.00016296600000001438,572.7738,1281.2719865999998
28.05400000000001,1.4819999999998723e-05,573.7674000000001,1279.3557402000001
28.064,-0.00016296600000001438,573.7674000000001,1283.1882329999999
28.073,-0.00016296600000001438,574.7610000000001,1283.1882329999999
28.083000000000006,-0.00016296600000001438,572.7738,1281.2719865999998
28.092000000000006,1.4819999999998723e-05,574.7610000000001,1279.3557402000001
28.101999999999997,1.4819999999998723e-05,573.7674000000001,1281.2719865999998
28.110999999999997,-0.00016296600000001438,574.7610000000001,1281.2719865999998
28.121000000000002,-0.00016296600000001438,574.7610000000001,1285.1044794000004
28.131000000000007,-0.00016296600000001438,574.7610000000001,1281.2719865999998
28.140000000000008,-0.00016296600000001438,546.9402,1254.4445370000003
28.15,-0.0003407520000000136,546.9402,1254.4445370000003
28.18,-0.00016296600000001438,546.9402,1248.6957978
28.189,-0.0003407520000000136,547.9338,1252.5282906000002
28.199000000000005,-0.00016296600000001438,547.9338,1256.3607834
28.208000000000006,1.4819999999998723e-05,546.9402,1250.6120442000001
28.217999999999996,-0.00016296600000001438,547.9338,1252.5282906000002
28.228,1.4819999999998723e-05,520.113,1221.8683482000001
28.237000000000002,1.4819999999998723e-05,520.113,1219.9521018
28.270000000000003,-0.00016296600000001438,520.113,1219.9521018
28.279000000000003,1.4819999999998723e-05,522.1002000000001,1221.8683482000001
28.28900000000001,1.4819999999998723e-05,521.1066000000001,1219.9521018
28.29800000000001,1.4819999999998723e-05,521.1066000000001,1221.8683482000001
28.309000000000005,-0.0003407520000000136,520.113,1221.8683482000001
28.318000000000005,1.4819999999998723e-05,493.2858,1193.1246521999997
28.32800000000001,0.00019260599999999795,493.2858,1191.2084058
28.33700000000001,-0.00016296600000001438,494.2794,1195.0408986000002
28.360000000000007,-0.0003407520000000136,494.2794,1191.2084058
28.369000000000007,1.4819999999998723e-05,495.27299999999997,1193.1246521999997
28.378999999999998,-0.00016296600000001438,496.2666,1195.0408986000002
28.387999999999998,1.4819999999998723e-05,496.2666,1191.2084058
28.4,-0.0003407520000000136,495.27299999999997,1191.2084058
28.409,-0.0003407520000000136,468.4458,1164.3809562000001
28.419000000000004,-0.00016296600000001438,468.4458,1160.5484634000004
28.428000000000004,0.00019260599999999795,468.4458,1160.5484634000004
28.43800000000001,-0.00016296600000001438,469.4394,1164.3809562000001
28.45000000000001,-0.0003407520000000136,466.4586,1158.6322169999999
28.45900000000001,-0.00016296600000001438,469.4394,1162.4647098
28.469,-0.0003407520000000136,469.4394,1162.4647098
28.478,-0.00016296600000001438,469.4394,1162.4647098
28.488000000000007,1.4819999999998723e-05,468.4458,1160.5484634000004
28.497000000000007,0.00019260599999999795,470.433,1158.6322169999999
28.506999999999998,1.4819999999998723e-05,471.4266,1160.5484634000004
28.516,1.4819999999998723e-05,471.4266,1160.5484634000004
28.535000000000004,-0.0005185379999999989,471.4266,1164.3809562000001
28.54500000000001,1.4819999999998723e-05,443.6058,1131.8047674
28.555,1.4819999999998723e-05,444.5994,1133.7210138
28.585,-0.00016296600000001438,444.5994,1131.8047674
28.594,-0.00016296600000001438,444.5994,1131.8047674
28.603,1.4819999999998723e-05,444.5994,1131.8047674
28.613000000000007,1.4819999999998723e-05,445.593,1133.7210138
28.628999999999998,-0.00016296600000001438,444.5994,1131.8047674
28.639000000000003,-0.0003407520000000136,417.7722,1104.9773178
28.649000000000008,1.4819999999998723e-05,417.7722,1101.1448249999999
28.675000000000004,-0.0003407520000000136,418.7658,1104.9773178
28.684000000000005,-0.00016296600000001438,418.7658,1104.9773178
28.69400000000001,1.4819999999998723e-05,417.7722,1101.1448249999999
28.70300000000001,1.4819999999998723e-05,419.75939999999997,1103.0610714000004
28.713,1.4819999999998723e-05,418.7658,1101.1448249999999
28.722,-0.00016296600000001438,419.75939999999997,1103.0610714000004
28.732000000000006,-0.0003407520000000136,420.753,1103.0610714000004
28.741000000000007,1.4819999999998723e-05,419.75939999999997,1101.1448249999999
28.750999999999998,1.4819999999998723e-05,420.753,1103.0610714000004
28.761000000000003,-0.0003407520000000136,419.75939999999997,1099.2285785999998
28.770000000000003,-0.00016296600000001438,391.9386,1072.4011290000003
28.78000000000001,-0.00016296600000001438,392.93219999999997,1072.4011290000003
28.81000000000001,-0.0005185379999999989,392.93219999999997,1072.4011290000003
28.81900000000001,1.4819999999998723e-05,393.9258,1072.4011290000003
28.829,1.4819999999998723e-05,393.9258,1072.4011290000003
28.838,-0.00016296600000001438,394.9194,1072.4011290000003
28.848999999999997,-0.0003407520000000136,392.93219999999997,1070.4848826000002
28.859,-0.0003407520000000136,367.0986,1043.6574329999999
28.868000000000002,1.4819999999998723e-05,366.10499999999996,1041.7411865999998
28.9,-0.00016296600000001438,367.0986,1043.6574329999999
28.94400000000001,-0.00016296600000001438,368.0922,1043.6574329999999
28.990000000000002,-0.00016296600000001438,368.0922,1035.9924474000004
28.999000000000002,-0.0003407520000000136,369.0858,1041.7411865999998
29.009000000000007,-0.0003407520000000136,369.0858,1043.6574329999999
29.018000000000008,-0.00016296600000001438,369.0858,1041.7411865999998
29.028,-0.0003407520000000136,369.0858,1041.7411865999998
29.038000000000004,-0.00016296600000001438,341.265,1011.0812442000001
29.047000000000004,-0.0005185379999999989,343.25219999999996,1014.9137370000003
29.080000000000005,-0.00016296600000001438,341.265,1011.0812442000001
29.089000000000006,-0.00016296600000001438,343.25219999999996,1012.9974906000002
29.098999999999997,0.00019260599999999795,342.2586,1007.2487514
29.107999999999997,-0.00016296600000001438,343.25219999999996,1012.9974906000002
29.118000000000002,-0.0003407520000000136,342.2586,1011.0812442000001
29.127000000000002,-0.00016296600000001438,343.25219999999996,1012.9974906000002
29.146000000000008,1.4819999999998723e-05,344.2458,1009.1649978
29.156,-0.00016296600000001438,343.25219999999996,1012.9974906000002
29.166000000000004,-0.0005185379999999989,344.2458,1014.9137370000003
29.17600000000001,1.4819999999998723e-05,315.4314,973.0950162000004
29.186,1.4819999999998723e-05,315.4314,973.0950162000004
29.21500000000001,1.4819999999998723e-05,315.4314,971.1061554000003
29.223999999999997,1.4819999999998723e-05,316.425,973.0950162000004
29.234,1.4819999999998723e-05,316.425,973.0950162000004
29.243000000000002,1.4819999999998723e-05,316.425,973.0950162000004
29.256000000000007,-0.0003407520000000136,314.4378,971.1061554000003
29.265000000000008,1.4819999999998723e-05,298.54019999999997,941.2732434
29.275,-0.00016296600000001438,300.5274,941.2732434
29.284,1.4819999999998723e-05,298.54019999999997,939.2843826000003
29.294000000000004,-0.00016296600000001438,297.5466,943.2621042000005
29.305,-0.00016296600000001438,295.5594,935.3066610000005
29.314,1.4819999999998723e-05,299.5338,941.2732434
29.324000000000005,-0.00016296600000001438,298.54019999999997,941.2732434
29.333000000000006,1.4819999999998723e-05,299.5338,943.2621042000005
29.342999999999996,-0.00016296600000001438,296.553,937.2955218000002
29.351999999999997,-0.00016296600000001438,298.54019999999997,941.2732434
29.362000000000002,1.4819999999998723e-05,298.54019999999997,941.2732434
29.372000000000007,-0.00016296600000001438,298.54019999999997,941.2732434
29.381000000000007,-0.0003407520000000136,299.5338,943.2621042000005
29.391,-0.0005185379999999989,297.5466,943.2621042000005
29.4,-0.00016296600000001438,299.5338,913.4291922000002
29.410000000000004,-0.00016296600000001438,297.5466,911.4403314000006
29.440000000000005,-0.0003407520000000136,295.5594,911.4403314000006
29.449000000000005,-0.00016296600000001438,298.54019999999997,913.4291922000002
29.45900000000001,1.4819999999998723e-05,298.54019999999997,909.4514706000004
29.467999999999996,-0.00016296600000001438,298.54019999999997,911.4403314000006
29.478,-0.00016296600000001438,295.5594,907.4626098000003
29.497000000000007,-0.00016296600000001438,299.5338,911.4403314000006
29.506999999999998,-0.00016296600000001438,297.5466,913.4291922000002
29.517000000000003,1.4819999999998723e-05,297.5466,911.4403314000006
29.527000000000008,-0.00016296600000001438,294.56579999999997,907.4626098000003
29.537,0.00019260599999999795,298.54019999999997,877.6296978000005
29.547000000000004,-0.0003407520000000136,298.54019999999997,881.6074194000003
29.57500000000001,1.4819999999998723e-05,296.553,877.6296978000005
29.58400000000001,-0.00016296600000001438,296.553,879.6185586000001
29.594,1.4819999999998723e-05,298.54019999999997,879.6185586000001
29.603,1.4819999999998723e-05,298.54019999999997,879.6185586000001
29.613000000000007,1.4819999999998723e-05,297.5466,879.6185586000001
29.622000000000007,-0.00016296600000001438,296.553,879.6185586000001
29.631999999999998,-0.00016296600000001438,298.54019999999997,881.6074194000003
29.641,-0.0005185379999999989,294.56579999999997,879.6185586000001
29.651000000000003,1.4819999999998723e-05,296.553,879.6185586000001
29.66100000000001,-0.0005185379999999989,295.5594,877.6296978000005
29.67000000000001,1.4819999999998723e-05,298.54019999999997,849.7856466000003
29.68,1.4819999999998723e-05,296.553,849.7856466000003
29.71,1.4819999999998723e-05,296.553,847.7967858000006
29.719,1.4819999999998723e-05,298.54019999999997,849.7856466000003
29.729000000000006,-0.00016296600000001438,297.5466,847.7967858000006
29.738000000000007,1.4819999999998723e-05,297.5466,851.7745074000004
29.749000000000002,1.4819999999998723e-05,296.553,847.7967858000006
29.759000000000007,0.00019260599999999795,298.54019999999997,815.9750130000002
29.768000000000008,1.4819999999998723e-05,299.5338,817.9638738000003
29.800000000000004,-0.0003407520000000136,294.56579999999997,817.9638738000003
29.809000000000005,1.4819999999998723e-05,298.54019999999997,819.9527346000004
29.81900000000001,-0.00016296600000001438,299.5338,817.9638738000003
29.82800000000001,-0.00016296600000001438,298.54019999999997,819.9527346000004
29.838,-0.0003407520000000136,294.56579999999997,815.9750130000002
29.857000000000006,1.4819999999998723e-05,300.5274,790.1198226000006
29.866999999999997,1.4819999999998723e-05,298.54019999999997,788.1309618000005
29.890000000000008,-0.00016296600000001438,294.56579999999997,788.1309618000005
29.899000000000008,-0.0003407520000000136,297.5466,790.1198226000006
29.909,-0.00016296600000001438,297.5466,790.1198226000006
29.918,-0.00016296600000001438,296.553,788.1309618000005
29.93,1.4819999999998723e-05,295.5594,784.1532402000003
29.939,1.4819999999998723e-05,298.54019999999997,758.2980498000002
29.949000000000005,0.00019260599999999795,298.54019999999997,756.3091890000005
29.958000000000006,0.00019260599999999795,298.54019999999997,756.3091890000005
29.978,0.00019260599999999795,298.54019999999997,752.3314674000007
29.988000000000007,1.4819999999998723e-05,298.54019999999997,758.2980498000002
29.997999999999998,0.00019260599999999795,297.5466,754.3203282000004
30.008000000000003,-0.00016296600000001438,297.5466,758.2980498000002
30.018000000000008,1.4819999999998723e-05,297.5466,756.3091890000005
30.028,1.4819999999998723e-05,298.54019999999997,758.2980498000002
30.038000000000004,-0.00016296600000001438,299.5338,760.2869106000003
30.04800000000001,1.4819999999998723e-05,297.5466,758.2980498000002
30.058,1.4819999999998723e-05,298.54019999999997,756.3091890000005
30.068000000000005,1.4819999999998723e-05,298.54019999999997,754.3203282000004
30.07800000000001,1.4819999999998723e-05,298.54019999999997,728.4651377999999
30.088,0.00019260599999999795,298.54019999999997,728.4651377999999
30.115000000000002,-0.00016296600000001438,295.5594,726.4762770000002
30.124000000000002,-0.0003407520000000136,298.54019999999997,730.4539986
30.134000000000007,1.4819999999998723e-05,297.5466,726.4762770000002
30.143000000000008,1.4819999999998723e-05,299.5338,726.4762770000002
30.153,-0.00016296600000001438,295.5594,722.4985554
30.163000000000004,0.00019260599999999795,297.5466,694.6545042
30.17300000000001,1.4819999999998723e-05,298.54019999999997,696.6433650000001
30.205000000000005,1.4819999999998723e-05,297.5466,696.6433650000001
30.214000000000006,0.00019260599999999795,298.54019999999997,694.6545042
30.223999999999997,1.4819999999998723e-05,298.54019999999997,694.6545042
30.232999999999997,-0.00016296600000001438,296.553,696.6433650000001
30.243000000000002,1.4819999999998723e-05,297.5466,694.6545042
30.253000000000007,0.00019260599999999795,300.5274,666.8104530000003
30.262999999999998,1.4819999999998723e-05,298.54019999999997,664.8215921999999
30.29500000000001,0.00019260599999999795,295.5594,662.8327314000001
30.30400000000001,0.00037039200000001105,299.5338,660.8438706000002
30.314,-0.00016296600000001438,298.54019999999997,664.8215921999999
30.323,1.4819999999998723e-05,296.553,662.8327314000001
30.333000000000006,1.4819999999998723e-05,294.56579999999997,660.8438706000002
30.342999999999996,1.4819999999998723e-05,297.5466,664.8215921999999
30.351999999999997,-0.00016296600000001438,295.5594,666.8104530000003
30.362000000000002,-0.00016296600000001438,297.5466,664.8215921999999
30.371000000000002,1.4819999999998723e-05,299.5338,664.8215921999999
30.381000000000007,-0.00016296600000001438,296.553,664.8215921999999
30.390000000000008,-0.00016296600000001438,297.5466,636.9775410000002
30.4,0.00019260599999999795,300.5274,636.9775410000002
30.43,1.4819999999998723e-05,296.553,634.9886802000001
30.475,-0.00016296600000001438,296.553,632.9998194000002
30.484,0.00037039200000001105,298.54019999999997,632.9998194000002
30.494000000000007,-0.00016296600000001438,298.54019999999997,638.9664018000001
30.503000000000007,1.4819999999998723e-05,299.5338,638.9664018000001
30.520000000000003,1.4819999999998723e-05,294.56579999999997,634.9886802000001
30.529000000000003,1.4819999999998723e-05,299.5338,636.9775410000002
30.54800000000001,1.4819999999998723e-05,298.54019999999997,636.9775410000002
30.559000000000005,-0.00016296600000001438,296.553,634.9886802000001
30.56900000000001,0.00037039200000001105,299.5338,605.1557682
30.57800000000001,1.4819999999998723e-05,297.5466,605.1557682
30.589000000000006,0.00019260599999999795,296.553,603.1669074000001
30.610000000000007,0.00019260599999999795,295.5594,603.1669074000001
30.628999999999998,-0.00016296600000001438,295.5594,603.1669074000001
30.639000000000003,0.00037039200000001105,300.5274,603.1669074000001
30.649000000000008,-0.00016296600000001438,294.56579999999997,603.1669074000001
30.659,1.4819999999998723e-05,297.5466,609.1334898
30.669000000000004,-0.00016296600000001438,298.54019999999997,607.1446289999999
30.67900000000001,0.00019260599999999795,298.54019999999997,605.1557682
30.689,-0.00016296600000001438,296.553,605.1557682
30.699000000000005,0.00019260599999999795,298.54019999999997,603.1669074000001
30.70900000000001,0.00019260599999999795,299.5338,575.3228562000002
30.719,0.00019260599999999795,299.5338,573.3339954
30.744999999999997,1.4819999999998723e-05,293.5722,571.3451345999999
30.753999999999998,0.00019260599999999795,298.54019999999997,573.3339954
30.764000000000003,1.4819999999998723e-05,300.5274,575.3228562000002
30.773000000000003,0.00019260599999999795,297.5466,573.3339954
30.78300000000001,-0.00016296600000001438,296.553,571.3451345999999
30.793,0.00037039200000001105,299.5338,543.5010834000002
30.803000000000004,0.00019260599999999795,298.54019999999997,541.5122226000001
30.835,1.4819999999998723e-05,296.553,541.5122226000001
30.844,1.4819999999998723e-05,298.54019999999997,543.5010834000002
30.854000000000006,0.00019260599999999795,300.5274,543.5010834000002
30.863000000000007,0.00019260599999999795,298.54019999999997,543.5010834000002
30.883000000000003,-0.00016296600000001438,297.5466,515.6570322
30.892000000000003,0.00019260599999999795,297.5466,511.6793106
30.925000000000004,0.00019260599999999795,296.553,511.6793106
30.934000000000005,0.00019260599999999795,296.553,513.6681714000001
30.94400000000001,1.4819999999998723e-05,297.5466,513.6681714000001
30.95300000000001,-0.00016296600000001438,296.553,515.6570322
30.963,-0.0003407520000000136,293.5722,511.6793106
30.973000000000006,1.4819999999998723e-05,299.5338,515.6570322
30.982000000000006,0.00019260599999999795,298.54019999999997,513.6681714000001
30.991999999999997,-0.00016296600000001438,297.5466,515.6570322
31.000999999999998,1.4819999999998723e-05,299.5338,515.6570322
31.011000000000003,1.4819999999998723e-05,297.5466,511.6793106
31.020000000000003,0.00037039200000001105,297.5466,485.82412020000015
31.03900000000001,1.4819999999998723e-05,296.553,485.82412020000015
31.06000000000001,1.4819999999998723e-05,294.56579999999997,485.82412020000015
31.06900000000001,0.00037039200000001105,298.54019999999997,485.82412020000015
31.079,0.00019260599999999795,299.5338,485.82412020000015
31.089000000000006,1.4819999999998723e-05,297.5466,487.81298100000004
31.1,-0.0003407520000000136,296.553,483.83525940000004
31.109,1.4819999999998723e-05,298.54019999999997,459.96892980000007
31.119000000000007,1.4819999999998723e-05,296.553,457.98006899999996
31.15,1.4819999999998723e-05,298.54019999999997,455.9912082000001
31.159,0.00019260599999999795,298.54019999999997,457.98006899999996
31.169000000000004,1.4819999999998723e-05,298.54019999999997,457.98006899999996
31.17900000000001,0.00019260599999999795,299.5338,457.98006899999996
31.190000000000005,-0.00016296600000001438,297.5466,455.9912082000001
31.20000000000001,0.00019260599999999795,299.5338,430.1360178000002
31.20900000000001,0.00037039200000001105,297.5466,428.1471570000001
31.240000000000002,0.00019260599999999795,297.5466,424.1694354000001
31.250000000000007,0.00019260599999999795,299.5338,426.1582962
31.259999999999998,0.00019260599999999795,299.5338,426.1582962
31.270000000000003,1.4819999999998723e-05,298.54019999999997,428.1471570000001
31.28000000000001,0.00019260599999999795,296.553,426.1582962
31.29,1.4819999999998723e-05,299.5338,428.1471570000001
31.300000000000004,0.00019260599999999795,298.54019999999997,426.1582962
31.31000000000001,1.4819999999998723e-05,298.54019999999997,426.1582962
31.32,0.00019260599999999795,297.5466,428.1471570000001
31.333000000000006,0.0005481779999999825,300.5274,398.314245
31.342999999999996,0.00019260599999999795,298.54019999999997,400.30310580000014
31.351999999999997,0.00019260599999999795,298.54019999999997,398.314245
31.375000000000007,1.4819999999998723e-05,295.5594,394.33652340000026
31.384000000000007,1.4819999999998723e-05,296.553,398.314245
31.394,-0.0003407520000000136,298.54019999999997,400.30310580000014
31.403,0.00019260599999999795,298.54019999999997,398.314245
31.413000000000004,-0.00016296600000001438,295.5594,398.314245
31.42300000000001,0.00019260599999999795,298.54019999999997,398.314245
31.43200000000001,-0.00016296600000001438,298.54019999999997,400.30310580000014
31.509999999999998,0.00037039200000001105,296.553,364.5036114000002
31.520000000000003,0.00037039200000001105,299.5338,368.48133299999995
31.529000000000003,1.4819999999998723e-05,298.54019999999997,368.48133299999995
31.53900000000001,0.00019260599999999795,296.553,368.48133299999995
31.54800000000001,1.4819999999998723e-05,297.5466,364.5036114000002
31.558,0.00019260599999999795,299.5338,366.49247220000007
31.567,1.4819999999998723e-05,298.54019999999997,366.49247220000007
31.577000000000005,0.00019260599999999795,297.5466,366.49247220000007
31.586000000000006,-0.00016296600000001438,298.54019999999997,368.48133299999995
31.595999999999997,0.00019260599999999795,296.553,364.5036114000002
31.606,0.00019260599999999795,299.5338,340.6372818
31.615000000000002,0.00037039200000001105,299.5338,338.6484210000001
31.645000000000003,1.4819999999998723e-05,296.553,334.6706993999999
31.654000000000003,0.00019260599999999795,298.54019999999997,336.6595602000002
31.66400000000001,-0.00016296600000001438,296.553,336.6595602000002
31.67300000000001,1.4819999999998723e-05,298.54019999999997,338.6484210000001
31.683,-0.00016296600000001438,294.56579999999997,334.6706993999999
31.693000000000005,0.00019260599999999795,298.54019999999997,334.6706993999999
31.702000000000005,1.4819999999998723e-05,296.553,336.6595602000002
31.71200000000001,0.00037039200000001105,299.5338,334.6706993999999
31.720999999999997,-0.00016296600000001438,296.553,338.6484210000001
31.740000000000002,0.00019260599999999795,299.5338,310.8043697999999
31.750000000000007,1.4819999999998723e-05,298.54019999999997,308.815509
31.759999999999998,0.00019260599999999795,298.54019999999997,306.82664820000014
31.78000000000001,0.00019260599999999795,296.553,306.82664820000014
31.78900000000001,1.4819999999998723e-05,297.5466,308.815509
31.799,0.00037039200000001105,296.553,306.82664820000014
31.808,0.00019260599999999795,298.54019999999997,308.815509
31.818000000000005,0.00019260599999999795,296.553,304.8377874
31.82800000000001,0.00019260599999999795,297.5466,306.82664820000014
31.83700000000001,0.00019260599999999795,296.553,306.82664820000014
31.847,0.00019260599999999795,296.553,306.82664820000014
31.856,0.00037039200000001105,299.5338,306.82664820000014
31.866000000000007,0.00019260599999999795,297.5466,306.82664820000014
31.875999999999998,0.0005481779999999825,298.54019999999997,275.00487539999995
31.884999999999998,1.4819999999998723e-05,295.5594,276.99373620000006
31.915,0.00037039200000001105,296.553,275.00487539999995
31.924,0.0005481779999999825,299.5338,276.99373620000006
31.934000000000005,0.00037039200000001105,298.54019999999997,276.99373620000006
31.943000000000005,0.0005481779999999825,299.5338,276.99373620000006
31.95300000000001,0.00037039200000001105,298.54019999999997,276.99373620000006
31.963,0.00037039200000001105,297.5466,278.98259699999994
31.972,0.0005481779999999825,297.5466,275.00487539999995
31.982000000000006,0.00037039200000001105,299.5338,276.99373620000006
32.001,0.00019260599999999795,295.5594,275.00487539999995
32.011,0.0007259639999999956,299.5338,247.1608242000002
32.02100000000001,0.00037039200000001105,297.5466,247.1608242000002
32.050000000000004,0.00037039200000001105,294.56579999999997,243.18310259999998
32.059000000000005,0.00037039200000001105,298.54019999999997,245.17196339999987
32.06900000000001,0.00037039200000001105,297.5466,245.17196339999987
32.07800000000001,0.0005481779999999825,300.5274,247.1608242000002
32.089000000000006,0.00019260599999999795,296.553,247.1608242000002
32.098000000000006,0.0005481779999999825,298.54019999999997,217.32791220000013
32.108,0.00037039200000001105,298.54019999999997,217.32791220000013
32.14000000000001,0.00037039200000001105,297.5466,215.33905140000002
32.14900000000001,0.0007259639999999956,298.54019999999997,215.33905140000002
32.159,0.0005481779999999825,299.5338,215.33905140000002
32.169000000000004,0.00037039200000001105,296.553,217.32791220000013
32.18,0.00019260599999999795,293.5722,213.35019060000013
32.189,0.0005481779999999825,299.5338,185.50613939999994
32.199000000000005,0.0005481779999999825,300.5274,187.49500020000005
32.208000000000006,0.00019260599999999795,299.5338,189.48386100000016
32.217999999999996,0.00037039200000001105,299.5338,187.49500020000005
32.23,0.0005481779999999825,294.56579999999997,183.51727860000005
32.239,0.00037039200000001105,298.54019999999997,187.49500020000005
32.249,0.00037039200000001105,297.5466,187.49500020000005
32.258,0.0005481779999999825,298.54019999999997,187.49500020000005
32.26800000000001,0.00019260599999999795,295.5594,185.50613939999994
32.278,0.00037039200000001105,297.5466,185.50613939999994
32.287,0.0005481779999999825,297.5466,185.50613939999994
32.297000000000004,0.0005481779999999825,298.54019999999997,187.49500020000005
32.306000000000004,0.00037039200000001105,297.5466,187.49500020000005
32.31600000000001,0.00037039200000001105,299.5338,185.50613939999994
32.32500000000001,0.00037039200000001105,298.54019999999997,157.6620882000002
32.335,0.00019260599999999795,296.553,157.6620882000002
32.365,0.00037039200000001105,297.5466,155.6732274000001
32.374,0.00037039200000001105,299.5338,157.6620882000002
32.38400000000001,0.00019260599999999795,297.5466,157.6620882000002
32.39300000000001,0.00037039200000001105,297.5466,157.6620882000002
32.413000000000004,0.00037039200000001105,298.54019999999997,127.82917620000012
32.42300000000001,0.00037039200000001105,298.54019999999997,127.82917620000012
32.455000000000005,0.00019260599999999795,296.553,123.85145460000012
32.46500000000001,1.4819999999998723e-05,298.54019999999997,125.84031540000001
32.474,0.00019260599999999795,299.5338,129.818037
32.484,0.00019260599999999795,297.5466,127.82917620000012
32.493,1.4819999999998723e-05,296.553,125.84031540000001
32.50300000000001,0.00019260599999999795,298.54019999999997,127.82917620000012
32.522,0.00019260599999999795,298.54019999999997,127.82917620000012
32.532000000000004,1.4819999999998723e-05,296.553,125.84031540000001
32.54200000000001,0.00019260599999999795,296.553,125.84031540000001
32.552,0.00019260599999999795,298.54019999999997,97.99626420000004
32.562000000000005,0.00019260599999999795,298.54019999999997,96.00740339999993
32.59000000000001,0.00019260599999999795,298.54019999999997,94.01854260000005
32.599,1.4819999999998723e-05,297.5466,97.99626420000004
32.609,1.4819999999998723e-05,297.5466,97.99626420000004
32.618,0.00037039200000001105,299.5338,96.00740339999993
32.629,-0.00016296600000001438,296.553,96.00740339999993
32.638,0.00019260599999999795,298.54019999999997,66.17449140000008
32.648,0.00019260599999999795,297.5466,66.17449140000008
32.68,1.4819999999998723e-05,296.553,66.17449140000008
32.690000000000005,0.00037039200000001105,299.5338,64.1856306000002
32.699000000000005,1.4819999999998723e-05,298.54019999999997,66.17449140000008
32.70900000000001,-0.00016296600000001438,298.54019999999997,66.17449140000008
32.717999999999996,1.4819999999998723e-05,294.56579999999997,62.196769799999856
32.728,-0.0003407520000000136,297.5466,66.17449140000008
32.737,1.4819999999998723e-05,299.5338,66.17449140000008
32.74700000000001,-0.00016296600000001438,299.5338,68.16335219999996
32.75600000000001,-0.00016296600000001438,297.5466,66.17449140000008
32.766,-0.00016296600000001438,295.5594,68.16335219999996
32.776,-0.00016296600000001438,295.5594,36.3415794
32.785000000000004,-0.0003407520000000136,296.553,38.330440199999884
32.815000000000005,-0.00016296600000001438,295.5594,36.3415794
32.82500000000001,1.4819999999998723e-05,296.553,36.3415794
32.83400000000001,-0.00016296600000001438,297.5466,36.3415794
32.844,1.4819999999998723e-05,298.54019999999997,38.330440199999884
32.854000000000006,-0.00016296600000001438,295.5594,34.35271860000012
32.86300000000001,1.4819999999998723e-05,298.54019999999997,8.497528200000033
32.882,-0.00016296600000001438,300.5274,8.497528200000033
32.90500000000001,1.4819999999998723e-05,295.5594,4.519806600000038
32.915,-0.00016296600000001438,297.5466,8.497528200000033
32.924,-0.00016296600000001438,301.52099999999996,8.497528200000033
32.934000000000005,-0.0003407520000000136,296.553,8.497528200000033
32.94400000000001,-0.00016296600000001438,296.553,4.519806600000038
32.954,-0.00016296600000001438,296.553,8.497528200000033
32.963,-0.0003407520000000136,296.553,10.486389000000145
32.995,-0.00016296600000001438,296.553,6.508667400000149
33.005,-0.0003407520000000136,298.54019999999997,8.497528200000033
33.014,1.4819999999998723e-05,298.54019999999997,8.497528200000033
33.02400000000001,1.4819999999998723e-05,299.5338,8.497528200000033
33.03300000000001,-0.00016296600000001438,295.5594,6.508667400000149
33.052,-0.00016296600000001438,297.5466,8.497528200000033
33.062000000000005,-0.00016296600000001438,299.5338,8.497528200000033
33.07200000000001,1.4819999999998723e-05,297.5466,4.519806600000038
33.083000000000006,-0.00016296600000001438,296.553,6.508667400000149
33.092999999999996,-0.00016296600000001438,298.54019999999997,36.3415794
33.103,1.4819999999998723e-05,298.54019999999997,34.35271860000012
33.13,1.4819999999998723e-05,295.5594,32.363857800000005
33.14000000000001,-0.00016296600000001438,297.5466,38.330440199999884
33.14900000000001,-0.00016296600000001438,298.54019999999997,36.3415794
33.159,-0.0003407520000000136,298.54019999999997,38.330440199999884
33.168,1.4819999999998723e-05,296.553,36.3415794
33.178000000000004,-0.00016296600000001438,298.54019999999997,38.330440199999884
33.187000000000005,1.4819999999998723e-05,301.52099999999996,36.3415794
33.19700000000001,-0.00016296600000001438,296.553,36.3415794
33.20600000000001,-0.00016296600000001438,297.5466,36.3415794
33.216,-0.00016296600000001438,296.553,36.3415794
33.226000000000006,-0.00016296600000001438,298.54019999999997,68.16335219999996
33.23500000000001,0.00019260599999999795,297.5466,66.17449140000008
33.26500000000001,1.4819999999998723e-05,295.5594,66.17449140000008
33.275,-0.00016296600000001438,298.54019999999997,68.16335219999996
33.284,1.4819999999998723e-05,299.5338,68.16335219999996
33.303000000000004,-0.00016296600000001438,295.5594,66.17449140000008
33.31300000000001,1.4819999999998723e-05,297.5466,66.17449140000008
33.323,-0.00016296600000001438,299.5338,68.16335219999996
33.333000000000006,-0.00016296600000001438,297.5466,68.16335219999996
33.342999999999996,-0.00016296600000001438,297.5466,66.17449140000008
33.353,-0.00016296600000001438,295.5594,64.1856306000002
33.36300000000001,1.4819999999998723e-05,297.5466,97.99626420000004
33.373,0.00019260599999999795,299.5338,96.00740339999993
33.4,-0.00016296600000001438,293.5722,96.00740339999993
33.410000000000004,-0.00016296600000001438,297.5466,97.99626420000004
33.419000000000004,-0.00016296600000001438,295.5594,96.00740339999993
33.42900000000001,1.4819999999998723e-05,298.54019999999997,96.00740339999993
33.439,-0.00016296600000001438,296.553,96.00740339999993
33.448,0.00019260599999999795,299.5338,125.84031540000001
33.458000000000006,0.00019260599999999795,298.54019999999997,125.84031540000001
33.49,0.00019260599999999795,297.5466,121.86259380000024
33.50000000000001,0.00019260599999999795,297.5466,127.82917620000012
33.50900000000001,0.00019260599999999795,298.54019999999997,125.84031540000001
33.519,0.00019260599999999795,298.54019999999997,127.82917620000012
33.529,-0.00016296600000001438,299.5338,125.84031540000001
33.538000000000004,1.4819999999998723e-05,297.5466,159.65094900000008
33.54800000000001,0.00019260599999999795,299.5338,159.65094900000008
33.580000000000005,0.00019260599999999795,295.5594,155.6732274000001
33.59000000000001,0.00037039200000001105,298.54019999999997,157.6620882000002
33.599,0.00037039200000001105,298.54019999999997,157.6620882000002
33.609,0.00019260599999999795,296.553,155.6732274000001
33.61900000000001,0.00019260599999999795,297.5466,155.6732274000001
33.62800000000001,0.00019260599999999795,297.5466,187.49500020000005
33.638,0.00037039200000001105,295.5594,185.50613939999994
33.67000000000001,0.0005481779999999825,295.5594,185.50613939999994
33.68,0.0007259639999999956,298.54019999999997,189.48386100000016
33.689,0.0005481779999999825,296.553,187.49500020000005
33.698,0.0007259639999999956,299.5338,185.50613939999994
33.71500000000001,0.0005481779999999825,296.553,185.50613939999994
33.725,0.0005481779999999825,298.54019999999997,187.49500020000005
33.74400000000001,0.0007259639999999956,298.54019999999997,187.49500020000005
33.754,0.0005481779999999825,295.5594,183.51727860000005
33.764,0.0009037499999999948,299.5338,217.32791220000013
33.77400000000001,0.001081535999999994,299.5338,215.33905140000002
33.784,0.0012593219999999933,300.5274,215.33905140000002
33.805,0.001081535999999994,296.553,215.33905140000002
33.815000000000005,0.0009037499999999948,297.5466,217.32791220000013
33.83400000000001,0.0009037499999999948,298.54019999999997,217.32791220000013
33.844,0.0009037499999999948,295.5594,213.35019060000013
33.854000000000006,0.0012593219999999933,296.553,245.17196339999987
33.864,0.0016148939999999917,297.5466,247.1608242000002
33.874,0.001792679999999991,299.5338,247.1608242000002
33.895,0.001792679999999991,295.5594,243.18310259999998
33.90500000000001,0.0016148939999999917,298.54019999999997,245.17196339999987
33.924,0.001792679999999991,298.54019999999997,245.17196339999987
33.934000000000005,0.001792679999999991,298.54019999999997,245.17196339999987
33.94400000000001,0.001792679999999991,300.5274,247.1608242000002
33.954,0.0016148939999999917,300.5274,247.1608242000002
33.964000000000006,0.001792679999999991,300.5274,245.17196339999987
33.98500000000001,0.0016148939999999917,299.5338,249.1496850000001
34.03300000000001,0.001792679999999991,298.54019999999997,276.99373620000006
34.043,0.0021482519999999894,300.5274,278.98259699999994
34.07500000000001,0.0021482519999999894,295.5594,276.99373620000006
34.094,0.0023260380000000025,298.54019999999997,276.99373620000006
34.104000000000006,0.002503823999999988,298.54019999999997,276.99373620000006
34.114,0.002503823999999988,298.54019999999997,276.99373620000006
34.124,0.002681610000000001,298.54019999999997,308.815509
34.13400000000001,0.003570539999999997,299.5338,304.8377874
34.144,0.003392753999999998,298.54019999999997,306.82664820000014
34.165,0.0032149679999999986,294.56579999999997,306.82664820000014
34.184000000000005,0.003392753999999998,298.54019999999997,308.815509
34.19400000000001,0.003570539999999997,299.5338,304.8377874
34.205000000000005,0.0032149679999999986,297.5466,306.82664820000014
34.214000000000006,0.0037483259999999963,299.5338,336.6595602000002
34.224,0.004281683999999994,299.5338,338.6484210000001
34.234,0.004637255999999992,297.5466,336.6595602000002
34.255,0.004815041999999992,297.5466,336.6595602000002
34.26500000000001,0.004815041999999992,300.5274,338.6484210000001
34.27400000000001,0.004637255999999992,298.54019999999997,336.6595602000002
34.284,0.004815041999999992,299.5338,338.6484210000001
34.300000000000004,0.004815041999999992,297.5466,338.6484210000001
34.348000000000006,0.00517061399999999,298.54019999999997,366.49247220000007
34.358,0.006237329999999999,299.5338,366.49247220000007
34.39000000000001,0.0064151159999999985,295.5594,364.5036114000002
34.4,0.0064151159999999985,297.5466,368.48133299999995
34.409,0.0064151159999999985,294.56579999999997,368.48133299999995
34.419000000000004,0.006592901999999998,298.54019999999997,368.48133299999995
34.428000000000004,0.0064151159999999985,295.5594,366.49247220000007
34.43800000000001,0.006592901999999998,297.5466,366.49247220000007
34.44700000000001,0.006592901999999998,298.54019999999997,366.49247220000007
34.457,0.006592901999999998,298.54019999999997,366.49247220000007
34.466,0.006770687999999997,299.5338,366.49247220000007
34.476000000000006,0.006237329999999999,294.56579999999997,362.51475060000007
34.486,0.006770687999999997,299.5338,398.314245
34.505,0.008370762000000004,297.5466,396.32538420000014
34.525,0.008726334000000002,296.553,394.33652340000026
34.535000000000004,0.00819297599999999,300.5274,398.314245
34.54500000000001,0.00854854799999999,297.5466,398.314245
34.555,0.008370762000000004,299.5338,396.32538420000014
34.565000000000005,0.008370762000000004,294.56579999999997,396.32538420000014
34.57500000000001,0.008370762000000004,298.54019999999997,398.314245
34.585,0.008370762000000004,298.54019999999997,398.314245
34.595000000000006,0.008726334000000002,298.54019999999997,396.32538420000014
34.605,0.008726334000000002,300.5274,398.314245
34.618,0.009081906,298.54019999999997,428.1471570000001
34.62800000000001,0.010326407999999995,297.5466,426.1582962
34.63700000000001,0.010326407999999995,296.553,428.1471570000001
34.660000000000004,0.010681979999999994,294.56579999999997,424.1694354000001
34.67000000000001,0.010681979999999994,298.54019999999997,428.1471570000001
34.67900000000001,0.010681979999999994,295.5594,428.1471570000001
34.689,0.010859765999999993,298.54019999999997,428.1471570000001
34.699000000000005,0.010504193999999994,295.5594,426.1582962
34.70900000000001,0.01157090999999999,299.5338,455.9912082000001
34.717999999999996,0.012459839999999986,299.5338,459.96892980000007
34.75000000000001,0.013170983999999997,295.5594,455.9912082000001
34.76,0.013170983999999997,298.54019999999997,457.98006899999996
34.769,0.013348769999999996,297.5466,455.9912082000001
34.779,0.013348769999999996,299.5338,457.98006899999996
34.78900000000001,0.013526555999999995,298.54019999999997,454.0023474000002
34.799,0.014237699999999992,299.5338,485.82412020000015
34.808,0.015482201999999987,297.5466,485.82412020000015
34.84000000000001,0.016193345999999983,295.5594,483.83525940000004
34.85,0.016193345999999983,300.5274,487.81298100000004
34.859,0.016193345999999983,298.54019999999997,487.81298100000004
34.86900000000001,0.016371131999999997,299.5338,485.82412020000015
34.879,0.016193345999999983,296.553,485.82412020000015
34.889,0.017082275999999993,297.5466,511.6793106
34.89900000000001,0.018326778000000002,297.5466,513.6681714000001
34.90800000000001,0.01868235,299.5338,513.6681714000001
34.93,0.019215707999999984,296.553,511.6793106
34.940000000000005,0.019037922,299.5338,513.6681714000001
34.949000000000005,0.019215707999999984,298.54019999999997,513.6681714000001
34.95900000000001,0.019215707999999984,299.5338,513.6681714000001
34.967999999999996,0.019393493999999997,298.54019999999997,511.6793106
34.978,0.019393493999999997,300.5274,515.6570322
34.987,0.019571279999999996,297.5466,513.6681714000001
34.99700000000001,0.019393493999999997,297.5466,513.6681714000001
35.00600000000001,0.019393493999999997,299.5338,515.6570322
35.026,0.020282423999999993,298.54019999999997,541.5122226000001
35.03600000000001,0.021526925999999988,297.5466,543.5010834000002
35.046,0.021882497999999986,298.54019999999997,545.4899442000001
35.065000000000005,0.022238069999999985,294.56579999999997,541.5122226000001
35.07500000000001,0.022415855999999998,298.54019999999997,541.5122226000001
35.08400000000001,0.022238069999999985,298.54019999999997,541.5122226000001
35.094,0.022238069999999985,297.5466,543.5010834000002
35.104000000000006,0.022238069999999985,298.54019999999997,541.5122226000001
35.114,0.022949213999999996,298.54019999999997,575.3228562000002
35.123,0.02419371599999999,296.553,573.3339954
35.15500000000001,0.02454928799999999,294.56579999999997,573.3339954
35.165,0.024727074,298.54019999999997,575.3228562000002
35.174,0.024727074,298.54019999999997,573.3339954
35.184000000000005,0.024727074,297.5466,571.3451345999999
35.195,0.02454928799999999,297.5466,569.3562738
35.204,0.025260431999999985,298.54019999999997,605.1557682
35.214000000000006,0.026149361999999995,298.54019999999997,607.1446289999999
35.223000000000006,0.026860505999999992,299.5338,603.1669074000001
35.245,0.026504933999999994,294.56579999999997,601.1780466
35.255,0.026504933999999994,300.5274,603.1669074000001
35.264,0.026504933999999994,299.5338,605.1557682
35.27400000000001,0.026327147999999995,298.54019999999997,605.1557682
35.284,0.026149361999999995,296.553,603.1669074000001
35.294000000000004,0.026504933999999994,295.5594,634.9886802000001
35.303000000000004,0.02757164999999999,298.54019999999997,634.9886802000001
35.335,0.026860505999999992,296.553,634.9886802000001
35.345000000000006,0.02703829199999999,298.54019999999997,634.9886802000001
35.354000000000006,0.02703829199999999,298.54019999999997,634.9886802000001
35.364,0.026860505999999992,296.553,636.9775410000002
35.374,0.026504933999999994,296.553,636.9775410000002
35.38400000000001,0.026860505999999992,297.5466,662.8327314000001
35.39300000000001,0.02721607799999999,299.5338,666.8104530000003
35.425000000000004,0.026682719999999993,294.56579999999997,660.8438706000002
35.43500000000001,0.026327147999999995,299.5338,664.8215921999999
35.44400000000001,0.026327147999999995,299.5338,662.8327314000001
35.454,0.026327147999999995,299.5338,662.8327314000001
35.464000000000006,0.025616003999999998,295.5594,662.8327314000001
35.473000000000006,0.025971575999999996,299.5338,662.8327314000001
35.483,0.025616003999999998,297.5466,664.8215921999999
35.492,0.025438218,299.5338,664.8215921999999
35.502,0.025793789999999997,299.5338,662.8327314000001
35.511,0.025260431999999985,297.5466,662.8327314000001
35.52100000000001,0.025438218,299.5338,694.6545042
35.53000000000001,0.025438218,299.5338,696.6433650000001
35.56000000000001,0.024904859999999987,295.5594,692.6656434000001
35.57,0.024371502000000003,297.5466,698.6322258
35.579,0.024371502000000003,297.5466,696.6433650000001
35.589000000000006,0.02419371599999999,296.553,694.6545042
35.599,0.02401592999999999,297.5466,694.6545042
35.609,0.02383814399999999,297.5466,726.4762770000002
35.618,0.023660357999999992,298.54019999999997,728.4651377999999
35.65,0.022593641999999997,295.5594,724.4874162000001
35.660000000000004,0.022415855999999998,296.553,726.4762770000002
35.669000000000004,0.022060284,296.553,728.4651377999999
35.67900000000001,0.022060284,294.56579999999997,724.4874162000001
35.689,0.022060284,297.5466,724.4874162000001
35.698,0.021882497999999986,299.5338,726.4762770000002
35.708000000000006,0.021349140000000003,298.54019999999997,728.4651377999999
35.727,0.02117135399999999,297.5466,726.4762770000002
35.737,0.02099356799999999,295.5594,722.4985554
35.74700000000001,0.020460210000000006,298.54019999999997,758.2980498000002
35.757,0.020460210000000006,298.54019999999997,756.3091890000005
35.785000000000004,0.019393493999999997,295.5594,754.3203282000004
35.79500000000001,0.019393493999999997,297.5466,756.3091890000005
35.80400000000001,0.018860135999999986,297.5466,758.2980498000002
35.814,0.018860135999999986,298.54019999999997,756.3091890000005
35.824000000000005,0.018326778000000002,295.5594,756.3091890000005
35.833000000000006,0.018504563999999987,299.5338,756.3091890000005
35.842999999999996,0.01814899199999999,298.54019999999997,758.2980498000002
35.852,0.01797120599999999,298.54019999999997,756.3091890000005
35.862,0.017793420000000004,299.5338,758.2980498000002
35.871,0.017437848000000006,294.56579999999997,754.3203282000004
35.88100000000001,0.016904489999999994,297.5466,788.1309618000005
35.89000000000001,0.016548917999999996,298.54019999999997,790.1198226000006
35.92000000000001,0.015659988,291.585,788.1309618000005
35.93,0.016015559999999998,297.5466,788.1309618000005
35.939,0.015482201999999987,298.54019999999997,788.1309618000005
35.949000000000005,0.015304416000000001,298.54019999999997,786.1421010000004
35.95900000000001,0.01459327199999999,297.5466,788.1309618000005
35.969,0.014059913999999993,296.553,817.9638738000003
35.978,0.013526555999999995,294.56579999999997,819.9527346000004
36.01,0.012815411999999984,292.5786,813.9861522000006
36.02,0.012282054,296.553,821.9415954000001
36.029,0.012282054,297.5466,817.9638738000003
36.03900000000001,0.012282054,298.54019999999997,815.9750130000002
36.049,0.011748696000000003,295.5594,811.9972914000004
36.058,0.011748696000000003,297.5466,817.9638738000003
36.077000000000005,0.011215337999999991,298.54019999999997,819.9527346000004
36.08700000000001,0.011037551999999992,299.5338,817.9638738000003
36.097,0.010859765999999993,296.553,813.9861522000006
36.107000000000006,0.009970835999999997,297.5466,851.7745074000004
36.117,0.009970835999999997,300.5274,851.7745074000004
36.145,0.009081906,296.553,847.7967858000006
36.15500000000001,0.008904119999999988,297.5466,849.7856466000003
36.16400000000001,0.008726334000000002,297.5466,849.7856466000003
36.174,0.008726334000000002,298.54019999999997,847.7967858000006
36.236,0.006770687999999997,299.5338,877.6296978000005
36.245,0.006770687999999997,299.5338,881.6074194000003
36.255,0.006592901999999998,298.54019999999997,879.6185586000001
36.264,0.0064151159999999985,298.54019999999997,877.6296978000005
36.275,0.006059544,297.5466,879.6185586000001
36.284,0.004992828000000005,298.54019999999997,911.4403314000006
36.294000000000004,0.004815041999999992,297.5466,913.4291922000002
36.303000000000004,0.004815041999999992,297.5466,909.4514706000004
36.32500000000001,0.0039261119999999955,294.56579999999997,907.4626098000003
36.335,0.004103897999999995,298.54019999999997,911.4403314000006
36.344,0.0039261119999999955,299.5338,913.4291922000002
36.354000000000006,0.0037483259999999963,297.5466,909.4514706000004
36.364,0.003392753999999998,294.56579999999997,909.4514706000004
36.373,0.0032149679999999986,299.5338,913.4291922000002
36.383,0.0032149679999999986,297.5466,911.4403314000006
36.392,0.0032149679999999986,299.5338,911.4403314000006
36.40200000000001,0.0028593959999999863,297.5466,909.4514706000004
36.41100000000001,0.002681610000000001,298.54019999999997,907.4626098000003
36.421,0.002681610000000001,299.5338,939.2843826000003
36.43,0.002503823999999988,298.54019999999997,937.2955218000002
36.46,0.001970466000000004,297.5466,943.2621042000005
36.505,0.0016148939999999917,298.54019999999997,941.2732434
36.550000000000004,0.0012593219999999933,294.56579999999997,935.3066610000005
36.56000000000001,0.0012593219999999933,298.54019999999997,941.2732434
36.56900000000001,0.001081535999999994,296.553,941.2732434
36.579,0.001081535999999994,298.54019999999997,943.2621042000005
36.589000000000006,0.001081535999999994,297.5466,939.2843826000003
36.608,0.0007259639999999956,298.54019999999997,973.0950162000004
36.618,0.0009037499999999948,299.5338,971.1061554000003
36.64000000000001,0.0005481779999999825,295.5594,967.1284338000005
36.65,0.0005481779999999825,298.54019999999997,971.1061554000003
36.659,0.00037039200000001105,299.5338,971.1061554000003
36.678000000000004,0.00037039200000001105,297.5466,971.1061554000003
36.68800000000001,0.00019260599999999795,298.54019999999997,973.0950162000004
36.698,0.00037039200000001105,300.5274,973.0950162000004
36.708000000000006,0.00037039200000001105,298.54019999999997,971.1061554000003
36.717999999999996,0.00037039200000001105,299.5338,973.0950162000004
36.729000000000006,0.00019260599999999795,297.5466,971.1061554000003
36.73800000000001,1.4819999999998723e-05,300.5274,1012.9974906000002
36.748,-0.00016296600000001438,296.553,1011.0812442000001
36.775,-0.00016296600000001438,294.56579999999997,1009.1649978
36.785000000000004,-0.00016296600000001438,299.5338,1014.9137370000003
36.79500000000001,-0.0003407520000000136,298.54019999999997,1014.9137370000003
36.80400000000001,0.00019260599999999795,297.5466,1011.0812442000001
36.814,1.4819999999998723e-05,295.5594,1009.1649978
36.824000000000005,-0.00016296600000001438,302.5146,1041.7411865999998
36.833000000000006,-0.00016296600000001438,314.4378,1043.6574329999999
36.865,1.4819999999998723e-05,315.4314,1041.7411865999998
36.87500000000001,-0.0003407520000000136,318.4122,1045.5736794000004
36.885,-0.0003407520000000136,318.4122,1045.5736794000004
36.894,1.4819999999998723e-05,318.4122,1041.7411865999998
36.904,1.4819999999998723e-05,319.4058,1039.8249402000001
36.913000000000004,-0.00016296600000001438,320.3994,1043.6574329999999
36.92300000000001,-0.00016296600000001438,320.3994,1043.6574329999999
36.93200000000001,-0.00016296600000001438,320.3994,1041.7411865999998
36.942,-0.00016296600000001438,321.393,1043.6574329999999
36.951,-0.00016296600000001438,321.393,1041.7411865999998
36.961000000000006,-0.00016296600000001438,353.1882,1072.4011290000003
36.971,-0.0005185379999999989,353.1882,1074.3173754
37.00000000000001,-0.0003407520000000136,354.1818,1072.4011290000003
37.01,-0.0003407520000000136,356.169,1072.4011290000003
37.029,-0.00016296600000001438,356.169,1074.3173754
37.03900000000001,-0.0005185379999999989,356.169,1072.4011290000003
37.049,1.4819999999998723e-05,386.9706,1103.0610714000004
37.059000000000005,1.4819999999998723e-05,386.9706,1101.1448249999999
37.06900000000001,-0.00016296600000001438,387.9642,1103.0610714000004
37.09000000000001,-0.00016296600000001438,389.9514,1103.0610714000004
37.1,-0.0003407520000000136,389.9514,1104.9773178
37.11900000000001,-0.00016296600000001438,390.945,1104.9773178
37.13,-0.0003407520000000136,388.95779999999996,1099.2285785999998
37.14900000000001,-0.00016296600000001438,422.7402,1133.7210138
37.159,0.00019260599999999795,421.7466,1129.8885210000003
37.18,-0.00016296600000001438,420.753,1129.8885210000003
37.190000000000005,-0.0003407520000000136,424.7274,1135.6372601999997
37.20900000000001,-0.0003407520000000136,424.7274,1135.6372601999997
37.219,-0.00016296600000001438,422.7402,1129.8885210000003
37.229000000000006,-0.00016296600000001438,425.721,1133.7210138
37.239,0.00019260599999999795,425.721,1131.8047674
37.249,-0.00016296600000001438,426.7146,1131.8047674
37.25900000000001,-0.00016296600000001438,427.7082,1133.7210138
37.269,1.4819999999998723e-05,426.7146,1129.8885210000003
37.279,-0.00016296600000001438,455.529,1162.4647098
37.28900000000001,-0.00016296600000001438,456.5226,1162.4647098
37.315000000000005,-0.00016296600000001438,456.5226,1158.6322169999999
37.32500000000001,1.4819999999998723e-05,456.5226,1160.5484634000004
37.335,1.4819999999998723e-05,457.51619999999997,1160.5484634000004
37.344,1.4819999999998723e-05,458.5098,1162.4647098
37.354000000000006,-0.00016296600000001438,459.5034,1160.5484634000004
37.364,-0.00016296600000001438,488.3178,1193.1246521999997
37.373,-0.00016296600000001438,488.3178,1193.1246521999997
37.40500000000001,-0.00016296600000001438,488.3178,1191.2084058
37.415,-0.0003407520000000136,490.305,1195.0408986000002
37.425000000000004,1.4819999999998723e-05,489.3114,1193.1246521999997
37.434000000000005,-0.00016296600000001438,490.305,1193.1246521999997
37.44400000000001,-0.00016296600000001438,490.305,1191.2084058
37.454,-0.0003407520000000136,519.1194,1223.7845945999998
37.463,-0.0003407520000000136,521.1066000000001,1221.8683482000001
37.495,-0.00016296600000001438,520.113,1219.9521018
37.505,-0.0003407520000000136,522.1002000000001,1223.7845945999998
37.51500000000001,1.4819999999998723e-05,521.1066000000001,1221.8683482000001
37.52400000000001,-0.00016296600000001438,522.1002000000001,1223.7845945999998
37.535000000000004,-0.00016296600000001438,521.1066000000001,1219.9521018
37.54500000000001,-0.0003407520000000136,551.9082000000001,1256.3607834
37.55400000000001,-0.0003407520000000136,551.9082000000001,1254.4445370000003
37.564,-0.0003407520000000136,551.9082000000001,1254.4445370000003
37.573,-0.00016296600000001438,551.9082000000001,1252.5282906000002
37.585,-0.00016296600000001438,549.921,1250.6120442000001
37.595000000000006,-0.0005185379999999989,551.9082000000001,1254.4445370000003
37.605,-0.00016296600000001438,552.9018000000001,1252.5282906000002
37.614,-0.00016296600000001438,551.9082000000001,1254.4445370000003
37.624,1.4819999999998723e-05,549.921,1246.7795514
37.633,1.4819999999998723e-05,551.9082000000001,1252.5282906000002
37.64300000000001,1.4819999999998723e-05,552.9018000000001,1252.5282906000002
37.65200000000001,1.4819999999998723e-05,552.9018000000001,1250.6120442000001
37.662,1.4819999999998723e-05,552.9018000000001,1252.5282906000002
37.671,-0.0003407520000000136,551.9082000000001,1248.6957978
37.681000000000004,1.4819999999998723e-05,581.7162000000001,1281.2719865999998
37.70000000000001,1.4819999999998723e-05,581.7162000000001,1281.2719865999998
37.720000000000006,-0.00016296600000001438,581.7162000000001,1277.4394938
37.73,1.4819999999998723e-05,583.7034000000001,1283.1882329999999
37.74,-0.00016296600000001438,581.7162000000001,1283.1882329999999
37.75000000000001,1.4819999999998723e-05,581.7162000000001,1281.2719865999998
37.76,-0.0003407520000000136,583.7034000000001,1281.2719865999998
37.77,1.4819999999998723e-05,610.5306,1313.8481754
37.78000000000001,-0.00016296600000001438,610.5306,1313.8481754
37.811,1.4819999999998723e-05,609.537,1308.0994362000001
37.82,-0.00016296600000001438,611.5242000000001,1311.9319290000003
37.830000000000005,-0.00016296600000001438,611.5242000000001,1313.8481754
37.84000000000001,-0.00016296600000001438,610.5306,1313.8481754
37.85,-0.00016296600000001438,610.5306,1308.0994362000001
37.86000000000001,-0.00016296600000001438,611.5242000000001,1315.7644218
37.87,1.4819999999998723e-05,610.5306,1311.9319290000003
37.88,1.4819999999998723e-05,610.5306,1311.9319290000003
37.89000000000001,1.4819999999998723e-05,609.537,1311.9319290000003
37.904,-0.00016296600000001438,640.3386,1342.5918714000004
37.913000000000004,-0.00016296600000001438,639.345,1344.5081178
37.92300000000001,-0.0003407520000000136,641.3322000000001,1346.4243642000001
37.946000000000005,1.4819999999998723e-05,638.3514,1338.7593785999998
37.955000000000005,-0.00016296600000001438,639.345,1348.3406106000002
37.96500000000001,-0.00016296600000001438,639.345,1344.5081178
37.974,-0.00016296600000001438,638.3514,1348.3406106000002
37.984,-0.00016296600000001438,638.3514,1342.5918714000004
37.99400000000001,-0.0003407520000000136,665.1786000000001,1377.0843066000002
38.00300000000001,-0.00016296600000001438,665.1786000000001,1373.2518138
38.03600000000001,-0.00016296600000001438,663.1914,1371.3355674
38.04500000000001,-0.00016296600000001438,664.1850000000001,1375.1680601999997
38.05400000000001,-0.0003407520000000136,664.1850000000001,1375.1680601999997
38.064,-0.0003407520000000136,664.1850000000001,1379.0005530000003
38.08100000000001,-0.00016296600000001438,662.1978,1371.3355674
38.09000000000001,-0.00016296600000001438,662.1978,1375.1680601999997
38.1,1.4819999999998723e-05,661.2042,1375.1680601999997
38.109,-0.00016296600000001438,662.1978,1375.1680601999997
38.11900000000001,-0.0005185379999999989,663.1914,1371.3355674
38.129,-0.00016296600000001438,661.2042,1373.2518138
38.138,-0.0003407520000000136,661.2042,1377.0843066000002
38.171,-0.00016296600000001438,658.2234000000001,1369.4193210000003
38.18,-0.00016296600000001438,660.2106000000001,1373.2518138
38.190000000000005,-0.00016296600000001438,659.2170000000001,1375.1680601999997
38.199000000000005,-0.00016296600000001438,659.2170000000001,1371.3355674
38.20900000000001,-0.0003407520000000136,658.2234000000001,1371.3355674
38.217999999999996,-0.00016296600000001438,658.2234000000001,1371.3355674
38.228,1.4819999999998723e-05,657.2298000000001,1373.2518138
38.237,-0.00016296600000001438,657.2298000000001,1373.2518138
38.24700000000001,-0.0005185379999999989,659.2170000000001,1375.1680601999997
38.257,-0.0003407520000000136,657.2298000000001,1371.3355674
38.266,-0.00016296600000001438,630.4026,1344.5081178
38.276,1.4819999999998723e-05,629.4090000000001,1344.5081178
38.306000000000004,-0.00016296600000001438,628.4154000000001,1338.7593785999998
38.315000000000005,1.4819999999998723e-05,628.4154000000001,1340.6756249999999
38.32500000000001,-0.00016296600000001438,629.4090000000001,1344.5081178
38.33400000000001,-0.00016296600000001438,628.4154000000001,1346.4243642000001
38.344,-0.0003407520000000136,627.4218000000001,1342.5918714000004
38.354000000000006,-0.00016296600000001438,598.6074000000001,1313.8481754
38.36300000000001,1.4819999999998723e-05,598.6074000000001,1311.9319290000003
38.39600000000001,-0.0003407520000000136,597.6138000000001,1311.9319290000003
38.40500000000001,1.4819999999998723e-05,599.601,1311.9319290000003
38.415,-0.00016296600000001438,599.601,1311.9319290000003
38.424,-0.0003407520000000136,599.601,1313.8481754
38.434000000000005,-0.00016296600000001438,597.6138000000001,1310.0156826000002
38.443000000000005,1.4819999999998723e-05,599.601,1310.0156826000002
38.45300000000001,-0.00016296600000001438,599.601,1311.9319290000003
38.46200000000001,1.4819999999998723e-05,599.601,1311.9319290000003
38.481,1.4819999999998723e-05,599.601,1310.0156826000002
38.49100000000001,-0.00016296600000001438,572.7738,1281.2719865999998
38.501,-0.00016296600000001438,573.7674000000001,1285.1044794000004
38.531,-0.0003407520000000136,571.7802,1279.3557402000001
38.54,0.00019260599999999795,571.7802,1279.3557402000001
38.550000000000004,-0.00016296600000001438,573.7674000000001,1285.1044794000004
38.559000000000005,-0.00016296600000001438,573.7674000000001,1283.1882329999999
38.56900000000001,1.4819999999998723e-05,572.7738,1279.3557402000001
38.57800000000001,-0.00016296600000001438,574.7610000000001,1283.1882329999999
38.588,-0.0003407520000000136,573.7674000000001,1283.1882329999999
38.597,-0.00016296600000001438,574.7610000000001,1285.1044794000004
38.607000000000006,1.4819999999998723e-05,573.7674000000001,1285.1044794000004
38.617,-0.00016296600000001438,573.7674000000001,1277.4394938
38.626,-0.00016296600000001438,545.9466000000001,1252.5282906000002
38.636,1.4819999999998723e-05,545.9466000000001,1252.5282906000002
38.666000000000004,1.4819999999998723e-05,544.9530000000001,1248.6957978
38.675000000000004,1.4819999999998723e-05,545.9466000000001,1250.6120442000001
38.68500000000001,1.4819999999998723e-05,546.9402,1250.6120442000001
38.69400000000001,-0.0003407520000000136,547.9338,1254.4445370000003
38.704,-0.00016296600000001438,546.9402,1248.6957978
38.713,1.4819999999998723e-05,547.9338,1252.5282906000002
38.723000000000006,1.4819999999998723e-05,547.9338,1250.6120442000001
38.732000000000006,-0.0003407520000000136,547.9338,1254.4445370000003
38.752,1.4819999999998723e-05,548.9274,1252.5282906000002
38.76200000000001,-0.00016296600000001438,521.1066000000001,1221.8683482000001
38.772,-0.0003407520000000136,521.1066000000001,1223.7845945999998
38.80100000000001,-0.0003407520000000136,521.1066000000001,1221.8683482000001
38.81000000000001,1.4819999999998723e-05,522.1002000000001,1219.9521018
38.82,-0.00016296600000001438,522.1002000000001,1221.8683482000001
38.829,-0.00016296600000001438,523.0938000000001,1223.7845945999998
38.839000000000006,-0.0003407520000000136,523.0938000000001,1221.8683482000001
38.848000000000006,1.4819999999998723e-05,523.0938000000001,1221.8683482000001
38.858,1.4819999999998723e-05,523.0938000000001,1221.8683482000001
38.867,1.4819999999998723e-05,523.0938000000001,1223.7845945999998
38.877,-0.00016296600000001438,524.0874,1221.8683482000001
38.88700000000001,-0.00016296600000001438,523.0938000000001,1219.9521018
38.89600000000001,-0.0005185379999999989,497.2602,1196.9571450000003
38.906,1.4819999999998723e-05,495.27299999999997,1193.1246521999997
38.936,0.00019260599999999795,495.27299999999997,1187.3759129999999
38.945,-0.00016296600000001438,497.2602,1193.1246521999997
38.955000000000005,-0.00016296600000001438,497.2602,1193.1246521999997
38.964000000000006,-0.0003407520000000136,498.2538,1195.0408986000002
38.974,-0.0003407520000000136,498.2538,1195.0408986000002
38.983,-0.0003407520000000136,498.2538,1195.0408986000002
38.993,-0.00016296600000001438,498.2538,1196.9571450000003
39.071000000000005,-0.00016296600000001438,470.433,1160.5484634000004
39.080000000000005,-0.00016296600000001438,472.42019999999997,1164.3809562000001
39.09000000000001,-0.0003407520000000136,473.4138,1164.3809562000001
39.099,-0.00016296600000001438,472.42019999999997,1162.4647098
39.109,-0.00016296600000001438,472.42019999999997,1158.6322169999999
39.11900000000001,-0.00016296600000001438,472.42019999999997,1162.4647098
39.12800000000001,-0.00016296600000001438,474.4074,1164.3809562000001
39.138,-0.00016296600000001438,473.4138,1162.4647098
39.147,1.4819999999998723e-05,474.4074,1160.5484634000004
39.157000000000004,-0.0003407520000000136,473.4138,1162.4647098
39.166000000000004,-0.00016296600000001438,446.5866,1135.6372601999997
39.17600000000001,-0.0006963239999999982,447.5802,1135.6372601999997
39.20600000000001,-0.0003407520000000136,446.5866,1131.8047674
39.21500000000001,1.4819999999998723e-05,447.5802,1131.8047674
39.225,-0.0003407520000000136,448.5738,1133.7210138
39.234,-0.00016296600000001438,448.5738,1129.8885210000003
39.24400000000001,-0.00016296600000001438,448.5738,1133.7210138
39.254,-0.00016296600000001438,420.753,1106.8935642000001
39.263,1.4819999999998723e-05,419.75939999999997,1101.1448249999999
39.296,-0.0003407520000000136,420.753,1101.1448249999999
39.305,-0.00016296600000001438,421.7466,1104.9773178
39.315000000000005,-0.00016296600000001438,420.753,1103.0610714000004
39.324000000000005,-0.0003407520000000136,421.7466,1104.9773178
39.33400000000001,-0.0003407520000000136,420.753,1101.1448249999999
39.344,-0.0003407520000000136,422.7402,1103.0610714000004
39.36300000000001,-0.0003407520000000136,423.7338,1104.9773178
39.373,-0.0003407520000000136,422.7402,1104.9773178
39.383,-0.0006963239999999982,423.7338,1104.9773178
39.39300000000001,-0.00016296600000001438,395.913,1074.3173754
39.403,1.4819999999998723e-05,394.9194,1072.4011290000003
39.431000000000004,-0.00016296600000001438,394.9194,1070.4848826000002
39.440000000000005,-0.00016296600000001438,395.913,1072.4011290000003
39.45000000000001,-0.00016296600000001438,395.913,1072.4011290000003
39.45900000000001,1.4819999999998723e-05,396.90659999999997,1072.4011290000003
39.469,1.4819999999998723e-05,396.90659999999997,1070.4848826000002
39.479000000000006,1.4819999999998723e-05,369.0858,1043.6574329999999
39.489,-0.00016296600000001438,368.0922,1041.7411865999998
39.52100000000001,-0.00016296600000001438,368.0922,1041.7411865999998
39.53000000000001,-0.00016296600000001438,369.0858,1041.7411865999998
39.54,1.4819999999998723e-05,370.07939999999996,1041.7411865999998
39.549,-0.0003407520000000136,371.073,1045.5736794000004
39.559000000000005,-0.00016296600000001438,369.0858,1039.8249402000001
39.56900000000001,-0.00016296600000001438,370.07939999999996,1043.6574329999999
39.57800000000001,-0.00016296600000001438,371.073,1041.7411865999998
39.588,-0.0003407520000000136,371.073,1043.6574329999999
39.597,-0.00016296600000001438,371.073,1041.7411865999998
39.607000000000006,-0.0005185379999999989,370.07939999999996,1041.7411865999998
39.61600000000001,-0.00016296600000001438,344.2458,1012.9974906000002
39.626,-0.00016296600000001438,342.2586,1011.0812442000001
39.656,-0.00016296600000001438,342.2586,1007.2487514
39.665,1.4819999999998723e-05,344.2458,1011.0812442000001
39.675000000000004,-0.0003407520000000136,345.2394,1014.9137370000003
39.684000000000005,-0.00016296600000001438,345.2394,1012.9974906000002
39.69400000000001,-0.0003407520000000136,344.2458,1011.0812442000001
39.713,-0.0003407520000000136,345.2394,1014.9137370000003
39.723000000000006,-0.00016296600000001438,345.2394,1014.9137370000003
39.733,-0.00016296600000001438,346.233,1012.9974906000002
39.743,-0.0003407520000000136,345.2394,1011.0812442000001
39.75300000000001,-0.00016296600000001438,318.4122,975.083877
39.763,-0.00016296600000001438,317.41859999999997,973.0950162000004
39.791000000000004,-0.00016296600000001438,317.41859999999997,973.0950162000004
39.836000000000006,-0.00016296600000001438,317.41859999999997,971.1061554000003
39.845000000000006,-0.00016296600000001438,319.4058,973.0950162000004
39.855,1.4819999999998723e-05,318.4122,971.1061554000003
39.864,-0.00016296600000001438,319.4058,973.0950162000004
39.883,1.4819999999998723e-05,320.3994,973.0950162000004
39.89300000000001,0.00019260599999999795,319.4058,971.1061554000003
39.903,-0.00016296600000001438,319.4058,971.1061554000003
39.913000000000004,-0.00016296600000001438,320.3994,973.0950162000004
39.924,-0.0003407520000000136,319.4058,967.1284338000005
39.934000000000005,1.4819999999998723e-05,297.5466,941.2732434
39.943000000000005,-0.00016296600000001438,297.5466,943.2621042000005
39.971,-0.0003407520000000136,299.5338,937.2955218000002
39.98,1.4819999999998723e-05,296.553,939.2843826000003
39.99,-0.00016296600000001438,297.5466,941.2732434
39.999,-0.00016296600000001438,297.5466,945.2509650000006
40.00900000000001,1.4819999999998723e-05,297.5466,939.2843826000003
40.019,-0.00016296600000001438,297.5466,907.4626098000003
40.029,-0.00016296600000001438,295.5594,911.4403314000006
40.061,-0.00016296600000001438,297.5466,909.4514706000004
40.07,-0.0003407520000000136,297.5466,913.4291922000002
40.080000000000005,1.4819999999998723e-05,298.54019999999997,909.4514706000004
40.089000000000006,-0.00016296600000001438,298.54019999999997,911.4403314000006
40.099,1.4819999999998723e-05,297.5466,911.4403314000006
40.109,-0.00016296600000001438,296.553,879.6185586000001
40.11900000000001,0.00019260599999999795,298.54019999999997,877.6296978000005
40.151,-0.00016296600000001438,295.5594,877.6296978000005
40.160000000000004,1.4819999999998723e-05,298.54019999999997,881.6074194000003
40.17000000000001,-0.00016296600000001438,297.5466,881.6074194000003
40.17900000000001,-0.0003407520000000136,297.5466,879.6185586000001
40.189,-0.0003407520000000136,297.5466,879.6185586000001
40.199000000000005,-0.00016296600000001438,297.5466,879.6185586000001
40.208000000000006,-0.00016296600000001438,298.54019999999997,881.6074194000003
40.217999999999996,1.4819999999998723e-05,299.5338,879.6185586000001
40.227,-0.00016296600000001438,297.5466,877.6296978000005
40.237,-0.0003407520000000136,298.54019999999997,881.6074194000003
40.246,1.4819999999998723e-05,298.54019999999997,851.7745074000004
40.25600000000001,1.4819999999998723e-05,299.5338,851.7745074000004
40.28600000000001,-0.0003407520000000136,295.5594,847.7967858000006
40.29500000000001,-0.00016296600000001438,298.54019999999997,849.7856466000003
40.305,-0.00016296600000001438,298.54019999999997,851.7745074000004
40.324000000000005,0.00019260599999999795,298.54019999999997,843.8190642000004
40.33400000000001,-0.00016296600000001438,298.54019999999997,849.7856466000003
40.344,-0.00016296600000001438,297.5466,851.7745074000004
40.354000000000006,-0.00016296600000001438,298.54019999999997,849.7856466000003
40.364,1.4819999999998723e-05,299.5338,849.7856466000003
40.374,-0.00016296600000001438,295.5594,847.7967858000006
40.38400000000001,1.4819999999998723e-05,298.54019999999997,819.9527346000004
40.394,0.00019260599999999795,295.5594,813.9861522000006
40.421,0.00019260599999999795,295.5594,815.9750130000002
40.43,1.4819999999998723e-05,297.5466,817.9638738000003
40.440000000000005,-0.00016296600000001438,295.5594,817.9638738000003
40.449000000000005,0.00019260599999999795,297.5466,815.9750130000002
40.45900000000001,1.4819999999998723e-05,296.553,813.9861522000006
40.469,-0.0003407520000000136,295.5594,819.9527346000004
40.478,-0.00016296600000001438,299.5338,817.9638738000003
40.48800000000001,-0.00016296600000001438,297.5466,817.9638738000003
40.49700000000001,-0.00016296600000001438,298.54019999999997,819.9527346000004
40.507,-0.0003407520000000136,295.5594,815.9750130000002
40.517,0.00019260599999999795,298.54019999999997,788.1309618000005
40.526,1.4819999999998723e-05,296.553,788.1309618000005
40.556000000000004,-0.00016296600000001438,295.5594,786.1421010000004
40.565000000000005,-0.00016296600000001438,297.5466,790.1198226000006
40.58400000000001,1.4819999999998723e-05,296.553,786.1421010000004
40.595000000000006,-0.00016296600000001438,295.5594,788.1309618000005
40.605,1.4819999999998723e-05,299.5338,788.1309618000005
40.615,1.4819999999998723e-05,297.5466,788.1309618000005
40.62500000000001,-0.00016296600000001438,297.5466,790.1198226000006
40.635,-0.00016296600000001438,298.54019999999997,788.1309618000005
40.645,-0.00016296600000001438,296.553,784.1532402000003
40.65500000000001,-0.00016296600000001438,296.553,758.2980498000002
40.665,0.00019260599999999795,300.5274,756.3091890000005
40.69100000000001,0.00019260599999999795,297.5466,754.3203282000004
40.70000000000001,1.4819999999998723e-05,297.5466,756.3091890000005
40.71,-0.00016296600000001438,297.5466,756.3091890000005
40.719,-0.00016296600000001438,296.553,758.2980498000002
40.73,-0.0003407520000000136,297.5466,754.3203282000004
40.739,0.00037039200000001105,297.5466,726.4762770000002
40.749,-0.00016296600000001438,299.5338,730.4539986
40.781,-0.00016296600000001438,293.5722,724.4874162000001
40.79,-0.00016296600000001438,297.5466,728.4651377999999
40.800000000000004,1.4819999999998723e-05,297.5466,726.4762770000002
40.809000000000005,-0.00016296600000001438,296.553,728.4651377999999
40.82,-0.0003407520000000136,295.5594,722.4985554
40.830000000000005,1.4819999999998723e-05,297.5466,696.6433650000001
40.84000000000001,0.00019260599999999795,299.5338,696.6433650000001
40.849,-0.00016296600000001438,297.5466,696.6433650000001
40.859,1.4819999999998723e-05,297.5466,692.6656434000001
40.871,1.4819999999998723e-05,295.5594,694.6545042
40.88,0.00019260599999999795,297.5466,694.6545042
40.89000000000001,-0.00016296600000001438,297.5466,698.6322258
40.89900000000001,-0.00016296600000001438,298.54019999999997,696.6433650000001
40.916000000000004,1.4819999999998723e-05,296.553,692.6656434000001
40.93500000000001,-0.00016296600000001438,296.553,698.6322258
40.945,-0.00016296600000001438,299.5338,696.6433650000001
40.955000000000005,-0.00016296600000001438,298.54019999999997,694.6545042
40.96500000000001,1.4819999999998723e-05,298.54019999999997,666.8104530000003
40.975,0.00037039200000001105,298.54019999999997,664.8215921999999
40.98500000000001,0.00019260599999999795,297.5466,664.8215921999999
41.00600000000001,1.4819999999998723e-05,296.553,664.8215921999999
41.01500000000001,0.00019260599999999795,299.5338,664.8215921999999
41.025,1.4819999999998723e-05,298.54019999999997,662.8327314000001
41.035000000000004,1.4819999999998723e-05,299.5338,664.8215921999999
41.04500000000001,0.00019260599999999795,295.5594,658.8550098000001
41.055,1.4819999999998723e-05,296.553,664.8215921999999
41.065000000000005,0.00019260599999999795,297.5466,664.8215921999999
41.07500000000001,1.4819999999998723e-05,297.5466,664.8215921999999
41.085,1.4819999999998723e-05,298.54019999999997,662.8327314000001
41.095000000000006,-0.0003407520000000136,296.553,664.8215921999999
41.105,0.00019260599999999795,297.5466,634.9886802000001
41.115,0.00019260599999999795,299.5338,636.9775410000002
41.141,-0.00016296600000001438,295.5594,634.9886802000001
41.15,1.4819999999998723e-05,299.5338,634.9886802000001
41.160000000000004,1.4819999999998723e-05,298.54019999999997,636.9775410000002
41.169000000000004,0.00019260599999999795,300.5274,636.9775410000002
41.17900000000001,-0.00016296600000001438,295.5594,634.9886802000001
41.189,1.4819999999998723e-05,296.553,634.9886802000001
41.198,1.4819999999998723e-05,298.54019999999997,636.9775410000002
41.208000000000006,-0.0003407520000000136,298.54019999999997,640.9552626
41.217000000000006,1.4819999999998723e-05,297.5466,634.9886802000001
41.227,-0.00016296600000001438,294.56579999999997,634.9886802000001
41.237,1.4819999999998723e-05,296.553,605.1557682
41.25600000000001,0.00019260599999999795,299.5338,603.1669074000001
41.276,0.00019260599999999795,299.5338,601.1780466
41.28600000000001,1.4819999999998723e-05,299.5338,607.1446289999999
41.296,0.00019260599999999795,298.54019999999997,605.1557682
41.306000000000004,1.4819999999998723e-05,297.5466,605.1557682
41.31600000000001,-0.00016296600000001438,298.54019999999997,605.1557682
41.326,0.00019260599999999795,297.5466,575.3228562000002
41.336000000000006,0.00019260599999999795,298.54019999999997,573.3339954
41.36600000000001,1.4819999999998723e-05,295.5594,571.3451345999999
41.37500000000001,0.00019260599999999795,298.54019999999997,575.3228562000002
41.385,-0.00016296600000001438,299.5338,577.311717
41.394,-0.00016296600000001438,297.5466,573.3339954
41.40500000000001,-0.0003407520000000136,295.5594,569.3562738
41.415,1.4819999999998723e-05,299.5338,543.5010834000002
41.425000000000004,0.00037039200000001105,298.54019999999997,541.5122226000001
41.434000000000005,0.00019260599999999795,300.5274,543.5010834000002
41.44400000000001,0.00019260599999999795,299.5338,541.5122226000001
41.45600000000001,0.00019260599999999795,295.5594,539.5233618
41.46500000000001,0.00019260599999999795,298.54019999999997,541.5122226000001
41.475,1.4819999999998723e-05,297.5466,545.4899442000001
41.484,1.4819999999998723e-05,297.5466,543.5010834000002
41.49400000000001,-0.00016296600000001438,294.56579999999997,541.5122226000001
41.504,1.4819999999998723e-05,296.553,541.5122226000001
41.513,1.4819999999998723e-05,297.5466,545.4899442000001
41.546,1.4819999999998723e-05,297.5466,545.4899442000001
41.594,1.4819999999998723e-05,297.5466,515.6570322
41.604000000000006,1.4819999999998723e-05,298.54019999999997,513.6681714000001
41.636,1.4819999999998723e-05,294.56579999999997,511.6793106
41.645,1.4819999999998723e-05,295.5594,513.6681714000001
41.65500000000001,0.00019260599999999795,296.553,511.6793106
41.66400000000001,1.4819999999998723e-05,295.5594,513.6681714000001
41.674,-0.00016296600000001438,297.5466,511.6793106
41.684000000000005,-0.00016296600000001438,297.5466,513.6681714000001
41.693000000000005,1.4819999999998723e-05,296.553,513.6681714000001
41.70300000000001,0.00019260599999999795,296.553,513.6681714000001
41.71200000000001,-0.00016296600000001438,298.54019999999997,513.6681714000001
41.722,-0.00016296600000001438,295.5594,511.6793106
41.732000000000006,0.00019260599999999795,298.54019999999997,485.82412020000015
41.74100000000001,1.4819999999998723e-05,297.5466,487.81298100000004
41.77100000000001,0.00019260599999999795,295.5594,483.83525940000004
41.781,-0.00016296600000001438,297.5466,485.82412020000015
41.79,1.4819999999998723e-05,297.5466,485.82412020000015
41.800000000000004,0.00019260599999999795,298.54019999999997,485.82412020000015
41.81000000000001,-0.00016296600000001438,296.553,483.83525940000004
41.81900000000001,0.00019260599999999795,297.5466,457.98006899999996
41.829,-0.00016296600000001438,296.553,457.98006899999996
41.861,1.4819999999998723e-05,294.56579999999997,455.9912082000001
41.87,0.00019260599999999795,298.54019999999997,457.98006899999996
41.88,0.00037039200000001105,297.5466,454.0023474000002
41.89000000000001,1.4819999999998723e-05,298.54019999999997,457.98006899999996
41.9,1.4819999999998723e-05,299.5338,455.9912082000001
41.909,0.00037039200000001105,297.5466,428.1471570000001
41.919000000000004,0.00019260599999999795,298.54019999999997,428.1471570000001
41.951,1.4819999999998723e-05,296.553,426.1582962
41.996,-0.00016296600000001438,296.553,428.1471570000001
42.005,1.4819999999998723e-05,295.5594,426.1582962
42.01500000000001,-0.00016296600000001438,295.5594,428.1471570000001
42.02400000000001,1.4819999999998723e-05,299.5338,428.1471570000001
42.034,0.00019260599999999795,298.54019999999997,426.1582962
42.044000000000004,0.00019260599999999795,297.5466,426.1582962
42.053000000000004,-0.00016296600000001438,297.5466,428.1471570000001
42.06300000000001,-0.00016296600000001438,298.54019999999997,430.1360178000002
42.07200000000001,-0.00016296600000001438,298.54019999999997,430.1360178000002
42.082,-0.0003407520000000136,292.5786,428.1471570000001
42.092000000000006,0.00037039200000001105,297.5466,396.32538420000014
42.101000000000006,1.4819999999998723e-05,297.5466,400.30310580000014
42.13100000000001,0.00019260599999999795,296.553,396.32538420000014
42.141,0.00019260599999999795,298.54019999999997,396.32538420000014
42.15,0.00037039200000001105,298.54019999999997,398.314245
42.160000000000004,1.4819999999998723e-05,299.5338,398.314245
42.169000000000004,-0.00016296600000001438,296.553,396.32538420000014
42.17900000000001,-0.00016296600000001438,298.54019999999997,398.314245
42.18800000000001,-0.00016296600000001438,296.553,400.30310580000014
42.207,-0.00016296600000001438,297.5466,398.314245
42.217000000000006,-0.00016296600000001438,296.553,396.32538420000014
42.227,0.00037039200000001105,297.5466,366.49247220000007
42.237,0.00019260599999999795,298.54019999999997,368.48133299999995
42.266,1.4819999999998723e-05,296.553,366.49247220000007
42.275,0.00019260599999999795,296.553,366.49247220000007
42.285000000000004,0.00019260599999999795,297.5466,366.49247220000007
42.294000000000004,0.00019260599999999795,298.54019999999997,368.48133299999995
42.306000000000004,0.00019260599999999795,296.553,364.5036114000002
42.31600000000001,0.0005481779999999825,298.54019999999997,336.6595602000002
42.32500000000001,1.4819999999998723e-05,297.5466,338.6484210000001
42.335,1.4819999999998723e-05,297.5466,338.6484210000001
42.344,-0.00016296600000001438,296.553,338.6484210000001
42.356,1.4819999999998723e-05,293.5722,334.6706993999999
42.36600000000001,0.00019260599999999795,295.5594,334.6706993999999
42.37500000000001,0.00019260599999999795,298.54019999999997,336.6595602000002
42.385,1.4819999999998723e-05,298.54019999999997,336.6595602000002
42.394,1.4819999999998723e-05,297.5466,338.6484210000001
42.404,1.4819999999998723e-05,295.5594,336.6595602000002
42.413000000000004,1.4819999999998723e-05,298.54019999999997,338.6484210000001
42.42300000000001,0.00019260599999999795,297.5466,336.6595602000002
42.43200000000001,0.00019260599999999795,298.54019999999997,336.6595602000002
42.442,1.4819999999998723e-05,295.5594,334.6706993999999
42.452000000000005,1.4819999999998723e-05,295.5594,308.815509
42.461000000000006,1.4819999999998723e-05,296.553,308.815509
42.49100000000001,0.00019260599999999795,296.553,306.82664820000014
42.501,0.00019260599999999795,298.54019999999997,308.815509
42.51,0.00019260599999999795,299.5338,306.82664820000014
42.52,-0.00016296600000001438,299.5338,308.815509
42.53000000000001,1.4819999999998723e-05,298.54019999999997,308.815509
42.53900000000001,0.00019260599999999795,297.5466,276.99373620000006
42.58100000000001,1.4819999999998723e-05,295.5594,273.01601460000006
42.591,0.00019260599999999795,298.54019999999997,278.98259699999994
42.6,0.00037039200000001105,297.5466,275.00487539999995
42.61000000000001,0.00019260599999999795,299.5338,278.98259699999994
42.61900000000001,0.00019260599999999795,295.5594,273.01601460000006
42.629,0.00019260599999999795,297.5466,276.99373620000006
42.648,0.00037039200000001105,298.54019999999997,276.99373620000006
42.65800000000001,0.00037039200000001105,298.54019999999997,276.99373620000006
42.668,0.00037039200000001105,298.54019999999997,276.99373620000006
42.678000000000004,0.00037039200000001105,299.5338,245.17196339999987
42.68800000000001,0.00019260599999999795,299.5338,247.1608242000002
42.716,0.00019260599999999795,297.5466,247.1608242000002
42.726000000000006,0.0005481779999999825,298.54019999999997,247.1608242000002
42.73500000000001,0.00019260599999999795,296.553,245.17196339999987
42.745,0.0005481779999999825,298.54019999999997,247.1608242000002
42.754,0.00037039200000001105,295.5594,243.18310259999998
42.764,0.0005481779999999825,295.5594,245.17196339999987
42.773,0.0005481779999999825,296.553,245.17196339999987
42.78300000000001,0.0005481779999999825,298.54019999999997,249.1496850000001
42.79200000000001,0.00037039200000001105,297.5466,247.1608242000002
42.809000000000005,0.00037039200000001105,298.54019999999997,217.32791220000013
42.82800000000001,0.00037039200000001105,297.5466,215.33905140000002
42.851000000000006,0.00037039200000001105,296.553,215.33905140000002
42.86000000000001,0.00037039200000001105,298.54019999999997,215.33905140000002
42.87,0.0005481779999999825,298.54019999999997,217.32791220000013
42.879,0.00037039200000001105,298.54019999999997,215.33905140000002
42.89900000000001,0.00037039200000001105,298.54019999999997,187.49500020000005
42.918,0.00019260599999999795,298.54019999999997,187.49500020000005
42.94100000000001,1.4819999999998723e-05,295.5594,187.49500020000005
42.951,0.0005481779999999825,297.5466,185.50613939999994
42.96,0.00037039200000001105,299.5338,187.49500020000005
42.970000000000006,0.00019260599999999795,297.5466,187.49500020000005
42.979000000000006,0.00037039200000001105,296.553,185.50613939999994
42.998,0.00019260599999999795,297.5466,189.48386100000016
43.008,0.00019260599999999795,296.553,187.49500020000005
43.01800000000001,0.00037039200000001105,298.54019999999997,189.48386100000016
43.029,0.00037039200000001105,297.5466,185.50613939999994
43.03900000000001,0.00019260599999999795,297.5466,159.65094900000008
43.04800000000001,0.0005481779999999825,298.54019999999997,155.6732274000001
43.076,0.00037039200000001105,296.553,153.68436659999998
43.086000000000006,0.00019260599999999795,298.54019999999997,157.6620882000002
43.095000000000006,0.00019260599999999795,299.5338,157.6620882000002
43.105,0.00037039200000001105,296.553,157.6620882000002
43.115,0.00037039200000001105,296.553,155.6732274000001
43.124,0.00037039200000001105,296.553,125.84031540000001
43.13400000000001,1.4819999999998723e-05,297.5466,127.82917620000012
43.166000000000004,0.00019260599999999795,297.5466,125.84031540000001
43.17600000000001,0.00019260599999999795,298.54019999999997,127.82917620000012
43.18500000000001,0.00037039200000001105,295.5594,127.82917620000012
43.195,0.00019260599999999795,297.5466,123.85145460000012
43.205000000000005,0.00019260599999999795,298.54019999999997,125.84031540000001
43.21500000000001,1.4819999999998723e-05,297.5466,97.99626420000004
43.224,0.00019260599999999795,298.54019999999997,96.00740339999993
43.234,0.00019260599999999795,299.5338,97.99626420000004
43.25600000000001,0.00019260599999999795,293.5722,96.00740339999993
43.266,0.00019260599999999795,297.5466,97.99626420000004
43.275,0.00019260599999999795,298.54019999999997,94.01854260000005
43.285000000000004,1.4819999999998723e-05,296.553,96.00740339999993
43.29500000000001,-0.00016296600000001438,295.5594,92.02968179999993
43.30400000000001,0.00037039200000001105,298.54019999999997,66.17449140000008
43.314,0.00037039200000001105,297.5466,66.17449140000008
43.346,-0.00016296600000001438,297.5466,66.17449140000008
43.356,1.4819999999998723e-05,299.5338,66.17449140000008
43.365,1.4819999999998723e-05,298.54019999999997,68.16335219999996
43.37500000000001,1.4819999999998723e-05,298.54019999999997,68.16335219999996
43.385,0.00019260599999999795,298.54019999999997,64.1856306000002
43.394,1.4819999999998723e-05,299.5338,40.319300999999996
43.404,1.4819999999998723e-05,298.54019999999997,38.330440199999884
43.436,-0.00016296600000001438,295.5594,36.3415794
43.446000000000005,-0.00016296600000001438,298.54019999999997,38.330440199999884
43.455000000000005,1.4819999999998723e-05,299.5338,36.3415794
43.46500000000001,-0.00016296600000001438,299.5338,38.330440199999884
43.475,-0.0006963239999999982,295.5594,36.3415794
43.484,0.00019260599999999795,298.54019999999997,6.508667400000149
43.49400000000001,1.4819999999998723e-05,299.5338,6.508667400000149
43.526,-0.0003407520000000136,296.553,6.508667400000149
43.53600000000001,-0.0003407520000000136,298.54019999999997,8.497528200000033
43.54500000000001,-0.00016296600000001438,297.5466,6.508667400000149
43.555,1.4819999999998723e-05,297.5466,6.508667400000149
43.565000000000005,-0.00016296600000001438,297.5466,4.519806600000038
43.574000000000005,-0.00016296600000001438,297.5466,6.508667400000149
43.58400000000001,-0.00016296600000001438,299.5338,8.497528200000033
43.61600000000001,-0.00016296600000001438,297.5466,6.508667400000149
43.626,-0.00016296600000001438,299.5338,8.497528200000033
43.635,-0.00016296600000001438,299.5338,8.497528200000033
43.645,1.4819999999998723e-05,299.5338,6.508667400000149
43.65500000000001,-0.00016296600000001438,297.5466,6.508667400000149
43.66400000000001,-0.00016296600000001438,296.553,38.330440199999884
43.674,-0.00016296600000001438,297.5466,38.330440199999884
43.70600000000001,-0.00016296600000001438,296.553,34.35271860000012
43.716,-0.00016296600000001438,296.553,38.330440199999884
43.751,1.4819999999998723e-05,297.5466,34.35271860000012
43.761,1.4819999999998723e-05,297.5466,36.3415794
43.78000000000001,-0.00016296600000001438,297.5466,38.330440199999884
43.79,-0.0003407520000000136,297.5466,38.330440199999884
43.800000000000004,-0.00016296600000001438,296.553,66.17449140000008
43.81000000000001,-0.0003407520000000136,296.553,68.16335219999996
43.82,1.4819999999998723e-05,297.5466,66.17449140000008
43.841,1.4819999999998723e-05,294.56579999999997,64.1856306000002
43.851000000000006,-0.00016296600000001438,296.553,66.17449140000008
43.87,1.4819999999998723e-05,297.5466,66.17449140000008
43.88,0.00019260599999999795,298.54019999999997,64.1856306000002
43.89000000000001,1.4819999999998723e-05,297.5466,66.17449140000008
43.9,1.4819999999998723e-05,297.5466,68.16335219999996
43.910000000000004,1.4819999999998723e-05,296.553,66.17449140000008
43.92000000000001,0.00037039200000001105,297.5466,64.1856306000002
43.93,-0.0003407520000000136,296.553,64.1856306000002
43.940000000000005,1.4819999999998723e-05,299.5338,96.00740339999993
43.95000000000001,0.00019260599999999795,296.553,96.00740339999993
43.976000000000006,1.4819999999998723e-05,298.54019999999997,94.01854260000005
43.986,1.4819999999998723e-05,301.52099999999996,97.99626420000004
43.995,1.4819999999998723e-05,297.5466,96.00740339999993
44.005,0.00019260599999999795,300.5274,97.99626420000004
44.014,1.4819999999998723e-05,299.5338,97.99626420000004
44.02400000000001,-0.00016296600000001438,296.553,96.00740339999993
44.03300000000001,1.4819999999998723e-05,295.5594,96.00740339999993
44.06600000000001,-0.00016296600000001438,297.5466,99.98512500000015
44.114,1.4819999999998723e-05,299.5338,125.84031540000001
44.124,-0.00016296600000001438,297.5466,127.82917620000012
44.156,0.00019260599999999795,295.5594,123.85145460000012
44.166000000000004,0.00037039200000001105,301.52099999999996,127.82917620000012
44.175000000000004,0.00019260599999999795,297.5466,127.82917620000012
44.18500000000001,1.4819999999998723e-05,297.5466,127.82917620000012
44.19400000000001,-0.00016296600000001438,295.5594,123.85145460000012
44.204,0.00019260599999999795,298.54019999999997,123.85145460000012
44.214000000000006,1.4819999999998723e-05,299.5338,129.818037
44.223000000000006,0.00019260599999999795,296.553,125.84031540000001
44.232000000000006,1.4819999999998723e-05,298.54019999999997,127.82917620000012
44.242,1.4819999999998723e-05,296.553,123.85145460000012
44.252,1.4819999999998723e-05,297.5466,159.65094900000008
44.261,0.00019260599999999795,297.5466,157.6620882000002
44.291000000000004,0.00019260599999999795,298.54019999999997,155.6732274000001
44.31000000000001,0.00019260599999999795,298.54019999999997,157.6620882000002
44.32,0.0005481779999999825,300.5274,155.6732274000001
44.33100000000001,0.00037039200000001105,296.553,153.68436659999998
44.341,0.00037039200000001105,298.54019999999997,187.49500020000005
44.35,0.0007259639999999956,299.5338,185.50613939999994
44.38100000000001,0.0007259639999999956,297.5466,185.50613939999994
44.391,0.0007259639999999956,299.5338,185.50613939999994
44.401,0.0009037499999999948,299.5338,185.50613939999994
44.41100000000001,0.0007259639999999956,298.54019999999997,185.50613939999994
44.421,0.0007259639999999956,296.553,183.51727860000005
44.431000000000004,0.0007259639999999956,298.54019999999997,215.33905140000002
44.44100000000001,0.001081535999999994,296.553,215.33905140000002
44.471,0.001081535999999994,296.553,215.33905140000002
44.481,0.0009037499999999948,297.5466,217.32791220000013
44.49100000000001,0.001081535999999994,298.54019999999997,215.33905140000002
44.501,0.0009037499999999948,296.553,217.32791220000013
44.513,0.0009037499999999948,292.5786,211.36132980000025
44.522,0.0012593219999999933,298.54019999999997,245.17196339999987
44.532000000000004,0.0012593219999999933,296.553,247.1608242000002
44.55100000000001,0.0014371079999999925,298.54019999999997,249.1496850000001
44.561,0.001792679999999991,296.553,243.18310259999998
44.571000000000005,0.0016148939999999917,298.54019999999997,247.1608242000002
44.58100000000001,0.001792679999999991,297.5466,245.17196339999987
44.591,0.001970466000000004,299.5338,247.1608242000002
44.601000000000006,0.001792679999999991,296.553,243.18310259999998
44.611,0.0016148939999999917,297.5466,247.1608242000002
44.621,0.001792679999999991,297.5466,245.17196339999987
44.63100000000001,0.001792679999999991,297.5466,245.17196339999987
44.641,0.001970466000000004,298.54019999999997,245.17196339999987
44.65500000000001,0.001970466000000004,298.54019999999997,276.99373620000006
44.66400000000001,0.0023260380000000025,299.5338,278.98259699999994
44.67300000000001,0.0023260380000000025,297.5466,276.99373620000006
44.696000000000005,0.0023260380000000025,295.5594,276.99373620000006
44.70600000000001,0.002503823999999988,297.5466,276.99373620000006
44.71500000000001,0.0023260380000000025,299.5338,276.99373620000006
44.725,0.0023260380000000025,299.5338,278.98259699999994
44.73500000000001,0.0021482519999999894,294.56579999999997,275.00487539999995
44.74400000000001,0.002681610000000001,300.5274,275.00487539999995
44.754,0.0023260380000000025,296.553,276.99373620000006
44.763,0.002503823999999988,300.5274,278.98259699999994
44.773,0.002503823999999988,298.54019999999997,275.00487539999995
44.782000000000004,0.0023260380000000025,295.5594,275.00487539999995
44.80100000000001,0.003392753999999998,298.54019999999997,306.82664820000014
44.811,0.003392753999999998,298.54019999999997,308.815509
44.83100000000001,0.003392753999999998,297.5466,308.815509
44.841,0.003392753999999998,298.54019999999997,306.82664820000014
44.85,0.0032149679999999986,297.5466,308.815509
44.86000000000001,0.003570539999999997,299.5338,308.815509
44.87,0.003392753999999998,295.5594,306.82664820000014
44.879,0.003570539999999997,299.5338,306.82664820000014
44.889,0.003392753999999998,298.54019999999997,306.82664820000014
44.898,0.003570539999999997,298.54019999999997,306.82664820000014
44.90800000000001,0.003392753999999998,299.5338,308.815509
44.91700000000001,0.003392753999999998,295.5594,302.84892660000014
44.927,0.0037483259999999963,296.553,336.6595602000002
44.936,0.004637255999999992,298.54019999999997,336.6595602000002
44.966,0.004815041999999992,295.5594,334.6706993999999
44.976000000000006,0.004815041999999992,298.54019999999997,338.6484210000001
44.98500000000001,0.004637255999999992,299.5338,338.6484210000001
44.995,0.004815041999999992,298.54019999999997,338.6484210000001
45.004,0.004992828000000005,294.56579999999997,334.6706993999999
45.014,0.004815041999999992,299.5338,336.6595602000002
45.02400000000001,0.004815041999999992,298.54019999999997,338.6484210000001
45.03300000000001,0.004992828000000005,300.5274,336.6595602000002
45.04200000000001,0.004815041999999992,298.54019999999997,338.6484210000001
45.062000000000005,0.0055261859999999885,299.5338,366.49247220000007
45.07200000000001,0.006237329999999999,297.5466,368.48133299999995
45.082,0.0064151159999999985,297.5466,370.4701938000003
45.101000000000006,0.0064151159999999985,295.5594,368.48133299999995
45.111,0.006592901999999998,297.5466,366.49247220000007
45.12,0.006592901999999998,298.54019999999997,368.48133299999995
45.13,0.006592901999999998,298.54019999999997,368.48133299999995
45.14000000000001,0.006592901999999998,296.553,364.5036114000002
45.14900000000001,0.006770687999999997,297.5466,364.5036114000002
45.159,0.006592901999999998,298.54019999999997,370.4701938000003
45.168,0.006770687999999997,296.553,366.49247220000007
45.178000000000004,0.006948473999999996,299.5338,366.49247220000007
45.187000000000005,0.006592901999999998,294.56579999999997,366.49247220000007
45.19700000000001,0.007304045999999995,298.54019999999997,398.314245
45.20600000000001,0.008370762000000004,298.54019999999997,396.32538420000014
45.236,0.00854854799999999,295.5594,396.32538420000014
45.246,0.008370762000000004,299.5338,400.30310580000014
45.255,0.00854854799999999,299.5338,398.314245
45.26500000000001,0.00854854799999999,298.54019999999997,396.32538420000014
45.275,0.008726334000000002,296.553,394.33652340000026
45.284,0.00854854799999999,300.5274,400.30310580000014
45.294000000000004,0.00854854799999999,299.5338,398.314245
45.303000000000004,0.00854854799999999,298.54019999999997,400.30310580000014
45.32200000000001,0.008726334000000002,298.54019999999997,398.314245
45.332,0.009259692,298.54019999999997,428.1471570000001
45.342000000000006,0.010326407999999995,298.54019999999997,428.1471570000001
45.371,0.010681979999999994,297.5466,428.1471570000001
45.38100000000001,0.010859765999999993,297.5466,428.1471570000001
45.39000000000001,0.011037551999999992,299.5338,430.1360178000002
45.4,0.011215337999999991,296.553,426.1582962
45.410000000000004,0.010859765999999993,295.5594,426.1582962
45.42000000000001,0.011748696000000003,297.5466,457.98006899999996
45.42900000000001,0.012993197999999997,298.54019999999997,457.98006899999996
45.461000000000006,0.013704341999999994,296.553,454.0023474000002
45.471,0.013526555999999995,295.5594,455.9912082000001
45.48,0.013704341999999994,299.5338,457.98006899999996
45.49,0.014059913999999993,299.5338,455.9912082000001
45.50000000000001,0.013704341999999994,297.5466,455.9912082000001
45.50900000000001,0.013882127999999994,297.5466,455.9912082000001
45.519,0.013882127999999994,297.5466,455.9912082000001
45.528,0.014059913999999993,299.5338,457.98006899999996
45.538000000000004,0.013882127999999994,298.54019999999997,457.98006899999996
45.547000000000004,0.014059913999999993,295.5594,452.0134866000001
45.55700000000001,0.014415486000000005,297.5466,489.80184180000015
45.56600000000001,0.016015559999999998,297.5466,485.82412020000015
45.596,0.016726703999999995,297.5466,485.82412020000015
45.606,0.016904489999999994,299.5338,485.82412020000015
45.615,0.017082275999999993,299.5338,485.82412020000015
45.62500000000001,0.017082275999999993,298.54019999999997,487.81298100000004
45.645,0.017793420000000004,297.5466,513.6681714000001
45.654,0.019037922,297.5466,513.6681714000001
45.686,0.019749065999999996,295.5594,511.6793106
45.696000000000005,0.019749065999999996,296.553,513.6681714000001
45.705000000000005,0.019571279999999996,296.553,515.6570322
45.71500000000001,0.020104637999999994,299.5338,511.6793106
45.725,0.019749065999999996,298.54019999999997,513.6681714000001
45.73500000000001,0.020637995999999992,299.5338,543.5010834000002
45.74400000000001,0.022060284,298.54019999999997,543.5010834000002
45.776,0.022593641999999997,294.56579999999997,539.5233618
45.78600000000001,0.023126999999999995,297.5466,541.5122226000001
45.79500000000001,0.022771427999999996,297.5466,541.5122226000001
45.805,0.022771427999999996,297.5466,541.5122226000001
45.815000000000005,0.022771427999999996,297.5466,545.4899442000001
45.82500000000001,0.023482571999999993,297.5466,575.3228562000002
45.83400000000001,0.024727074,297.5466,575.3228562000002
45.86600000000001,0.025260431999999985,296.553,573.3339954
45.876,0.025438218,297.5466,573.3339954
45.885,0.025260431999999985,296.553,575.3228562000002
45.895,0.025260431999999985,296.553,575.3228562000002
45.90500000000001,0.025438218,297.5466,569.3562738
45.91400000000001,0.025438218,298.54019999999997,573.3339954
45.933,0.025438218,299.5338,573.3339954
45.943000000000005,0.025438218,298.54019999999997,575.3228562000002
45.95300000000001,0.025082646,296.553,573.3339954
45.963,0.025793789999999997,297.5466,605.1557682
45.973000000000006,0.02721607799999999,299.5338,605.1557682
46.001,0.02739386399999999,294.56579999999997,605.1557682
46.011,0.02721607799999999,298.54019999999997,603.1669074000001
46.02,0.02739386399999999,298.54019999999997,603.1669074000001
46.03000000000001,0.02721607799999999,298.54019999999997,603.1669074000001
46.04,0.026860505999999992,297.5466,603.1669074000001
46.050000000000004,0.02757164999999999,300.5274,636.9775410000002
46.059000000000005,0.028282793999999986,298.54019999999997,634.9886802000001
46.091,0.027927221999999988,296.553,634.9886802000001
46.101000000000006,0.027927221999999988,297.5466,634.9886802000001
46.11000000000001,0.02757164999999999,299.5338,636.9775410000002
46.12,0.027749436000000002,299.5338,632.9998194000002
46.13,0.02703829199999999,296.553,634.9886802000001
46.14000000000001,0.02757164999999999,299.5338,664.8215921999999
46.14900000000001,0.027927221999999988,296.553,664.8215921999999
46.181000000000004,0.02739386399999999,295.5594,662.8327314000001
46.19100000000001,0.02721607799999999,298.54019999999997,664.8215921999999
46.20000000000001,0.02703829199999999,298.54019999999997,662.8327314000001
46.21,0.026682719999999993,299.5338,664.8215921999999
46.220000000000006,0.026504933999999994,299.5338,662.8327314000001
46.23,0.026504933999999994,298.54019999999997,696.6433650000001
46.239,0.026682719999999993,300.5274,696.6433650000001
46.27100000000001,0.025616003999999998,293.5722,692.6656434000001
46.281,0.025438218,296.553,696.6433650000001
46.29,0.025260431999999985,298.54019999999997,694.6545042
46.300000000000004,0.024904859999999987,299.5338,698.6322258
46.31000000000001,0.024904859999999987,294.56579999999997,696.6433650000001
46.31900000000001,0.02454928799999999,297.5466,698.6322258
46.329,0.024727074,297.5466,692.6656434000001
46.338,0.02454928799999999,298.54019999999997,696.6433650000001
46.348000000000006,0.024727074,297.5466,694.6545042
46.357000000000006,0.02419371599999999,295.5594,694.6545042
46.367,0.02401592999999999,300.5274,728.4651377999999
46.376,0.02419371599999999,298.54019999999997,726.4762770000002
46.406,0.023126999999999995,296.553,724.4874162000001
46.416000000000004,0.022771427999999996,298.54019999999997,728.4651377999999
46.425000000000004,0.022771427999999996,298.54019999999997,726.4762770000002
46.43500000000001,0.022593641999999997,299.5338,726.4762770000002
46.445,0.022238069999999985,293.5722,726.4762770000002
46.455000000000005,0.021704712,299.5338,758.2980498000002
46.474,0.02099356799999999,299.5338,758.2980498000002
46.496,0.020104637999999994,300.5274,758.2980498000002
46.50600000000001,0.019926851999999995,298.54019999999997,758.2980498000002
46.51500000000001,0.019749065999999996,297.5466,758.2980498000002
46.541000000000004,0.018860135999999986,298.54019999999997,756.3091890000005
46.632,0.017082275999999993,295.5594,784.1532402000003
46.641,0.016904489999999994,298.54019999999997,788.1309618000005
46.651,0.016548917999999996,297.5466,788.1309618000005
46.660000000000004,0.016371131999999997,298.54019999999997,788.1309618000005
46.67000000000001,0.016015559999999998,295.5594,786.1421010000004
46.67900000000001,0.015837773999999985,298.54019999999997,788.1309618000005
46.689,0.015659988,299.5338,790.1198226000006
46.698,0.015304416000000001,298.54019999999997,788.1309618000005
46.708000000000006,0.014948843999999989,298.54019999999997,790.1198226000006
46.717999999999996,0.01459327199999999,295.5594,790.1198226000006
46.727,0.014059913999999993,299.5338,821.9415954000001
46.737,0.013882127999999994,299.5338,817.9638738000003
46.766,0.012815411999999984,296.553,817.9638738000003
46.776,0.012459839999999986,299.5338,817.9638738000003
46.78600000000001,0.012282054,298.54019999999997,819.9527346000004
46.805,0.011748696000000003,295.5594,815.9750130000002
46.814,0.01157090999999999,297.5466,819.9527346000004
46.824000000000005,0.01157090999999999,299.5338,817.9638738000003
46.83400000000001,0.011215337999999991,298.54019999999997,817.9638738000003
46.844,0.011215337999999991,300.5274,817.9638738000003
46.855,0.010681979999999994,295.5594,815.9750130000002
46.865,0.010148621999999996,299.5338,845.8079250000001
46.87500000000001,0.009970835999999997,298.54019999999997,849.7856466000003
46.901,0.009437478,295.5594,847.7967858000006
46.91100000000001,0.008904119999999988,299.5338,849.7856466000003
46.921,0.008726334000000002,299.5338,849.7856466000003
46.93,0.00854854799999999,299.5338,849.7856466000003
46.940000000000005,0.008015189999999991,298.54019999999997,851.7745074000004
46.95000000000001,0.007126259999999995,296.553,883.5962802000004
46.95900000000001,0.007304045999999995,299.5338,877.6296978000005
46.99100000000001,0.006237329999999999,296.553,875.6408370000004
47.001,0.006237329999999999,299.5338,877.6296978000005
47.011,0.006059544,297.5466,877.6296978000005
47.02,0.005703972000000002,298.54019999999997,879.6185586000001
47.031,0.005348400000000003,297.5466,877.6296978000005
47.041000000000004,0.004637255999999992,297.5466,911.4403314000006
47.050000000000004,0.004459469999999993,296.553,909.4514706000004
47.06000000000001,0.004459469999999993,299.5338,911.4403314000006
47.06900000000001,0.004103897999999995,298.54019999999997,915.4180530000003
47.08100000000001,0.0039261119999999955,293.5722,905.4737490000002
47.091,0.0039261119999999955,297.5466,909.4514706000004
47.101000000000006,0.003570539999999997,298.54019999999997,911.4403314000006
47.11000000000001,0.003570539999999997,297.5466,911.4403314000006
47.12,0.0030371819999999994,294.56579999999997,909.4514706000004
47.129,0.0030371819999999994,298.54019999999997,913.4291922000002
47.139,0.0030371819999999994,299.5338,911.4403314000006
47.148,0.0028593959999999863,296.553,911.4403314000006
47.15800000000001,0.0030371819999999994,298.54019999999997,911.4403314000006
47.168,0.002503823999999988,296.553,909.4514706000004
47.177,0.0021482519999999894,300.5274,941.2732434
47.187000000000005,0.0021482519999999894,298.54019999999997,941.2732434
47.217000000000006,0.0014371079999999925,292.5786,939.2843826000003
47.226000000000006,0.0016148939999999917,295.5594,943.2621042000005
47.245,0.001792679999999991,298.54019999999997,939.2843826000003
47.255,0.001081535999999994,294.56579999999997,939.2843826000003
47.26500000000001,0.0009037499999999948,299.5338,971.1061554000003
47.275,0.0007259639999999956,297.5466,973.0950162000004
47.285000000000004,0.0007259639999999956,296.553,975.083877
47.306000000000004,0.0007259639999999956,297.5466,971.1061554000003
47.32500000000001,0.00037039200000001105,297.5466,973.0950162000004
47.335,0.0005481779999999825,298.54019999999997,975.083877
47.345000000000006,0.00019260599999999795,295.5594,971.1061554000003
47.355,1.4819999999998723e-05,297.5466,1014.9137370000003
47.365,1.4819999999998723e-05,300.5274,1011.0812442000001
47.37500000000001,0.00019260599999999795,300.5274,1011.0812442000001
47.397,1.4819999999998723e-05,295.5594,1012.9974906000002
47.415,1.4819999999998723e-05,297.5466,1011.0812442000001
47.425000000000004,-0.00016296600000001438,299.5338,1014.9137370000003
47.436,1.4819999999998723e-05,298.54019999999997,1012.9974906000002
47.445,1.4819999999998723e-05,298.54019999999997,1014.9137370000003
47.455000000000005,1.4819999999998723e-05,297.5466,1011.0812442000001
47.46500000000001,-0.0003407520000000136,297.5466,1014.9137370000003
47.475,-0.00016296600000001438,298.54019999999997,1012.9974906000002
47.486,-0.00016296600000001438,296.553,1011.0812442000001
47.496,1.4819999999998723e-05,301.52099999999996,1041.7411865999998
47.50600000000001,0.00019260599999999795,313.44419999999997,1041.7411865999998
47.532000000000004,-0.0003407520000000136,316.425,1041.7411865999998
47.541000000000004,-0.00016296600000001438,317.41859999999997,1041.7411865999998
47.55100000000001,-0.00016296600000001438,318.4122,1041.7411865999998
47.56000000000001,-0.00016296600000001438,318.4122,1043.6574329999999
47.57,-0.0005185379999999989,318.4122,1039.8249402000001
47.580000000000005,1.4819999999998723e-05,350.2074,1072.4011290000003
47.589000000000006,-0.00016296600000001438,350.2074,1074.3173754
47.62200000000001,-0.0003407520000000136,350.2074,1070.4848826000002
47.63100000000001,-0.00016296600000001438,352.1946,1072.4011290000003
47.641,-0.0003407520000000136,353.1882,1074.3173754
47.65,-0.00016296600000001438,354.1818,1074.3173754
47.660000000000004,-0.00016296600000001438,353.1882,1072.4011290000003
47.67000000000001,-0.00016296600000001438,383.9898,1104.9773178
47.67900000000001,-0.00016296600000001438,384.9834,1101.1448249999999
47.711000000000006,1.4819999999998723e-05,385.977,1103.0610714000004
47.757,-0.0003407520000000136,386.9706,1103.0610714000004
47.766,1.4819999999998723e-05,388.95779999999996,1103.0610714000004
47.776,-0.00016296600000001438,389.9514,1103.0610714000004
47.78600000000001,1.4819999999998723e-05,390.945,1103.0610714000004
47.796,-0.0003407520000000136,388.95779999999996,1101.1448249999999
47.806000000000004,-0.0003407520000000136,420.753,1135.6372601999997
47.81600000000001,-0.0003407520000000136,421.7466,1133.7210138
47.826,-0.00016296600000001438,422.7402,1133.7210138
47.836000000000006,1.4819999999998723e-05,422.7402,1133.7210138
47.847,1.4819999999998723e-05,421.7466,1129.8885210000003
47.856,-0.00016296600000001438,422.7402,1133.7210138
47.86600000000001,1.4819999999998723e-05,423.7338,1131.8047674
47.876,-0.00016296600000001438,424.7274,1133.7210138
47.886,-0.00016296600000001438,423.7338,1131.8047674
47.89600000000001,-0.00016296600000001438,425.721,1133.7210138
47.906,-0.00016296600000001438,424.7274,1131.8047674
47.916000000000004,-0.00016296600000001438,425.721,1131.8047674
47.92600000000001,-0.00016296600000001438,426.7146,1133.7210138
47.940000000000005,-0.00016296600000001438,427.7082,1131.8047674
47.982000000000006,-0.00016296600000001438,454.5354,1160.5484634000004
47.992,-0.00016296600000001438,457.51619999999997,1162.4647098
48.001,-0.00016296600000001438,457.51619999999997,1160.5484634000004
48.011,1.4819999999998723e-05,457.51619999999997,1160.5484634000004
48.02,-0.0003407520000000136,457.51619999999997,1160.5484634000004
48.03000000000001,-0.00016296600000001438,489.3114,1195.0408986000002
48.03900000000001,-0.0003407520000000136,489.3114,1196.9571450000003
48.07200000000001,-0.00016296600000001438,488.3178,1191.2084058
48.08100000000001,-0.00016296600000001438,490.305,1193.1246521999997
48.091,-0.00016296600000001438,489.3114,1193.1246521999997
48.1,-0.00016296600000001438,490.305,1193.1246521999997
48.111,-0.0003407520000000136,488.3178,1193.1246521999997
48.12,-0.00016296600000001438,520.113,1225.7008409999999
48.13,-0.00016296600000001438,521.1066000000001,1221.8683482000001
48.139,1.4819999999998723e-05,521.1066000000001,1221.8683482000001
48.162,-0.00016296600000001438,521.1066000000001,1219.9521018
48.171,-0.00016296600000001438,521.1066000000001,1223.7845945999998
48.181000000000004,-0.0003407520000000136,521.1066000000001,1221.8683482000001
48.190000000000005,-0.0003407520000000136,522.1002000000001,1221.8683482000001
48.20000000000001,-0.00016296600000001438,520.113,1219.9521018
48.20900000000001,-0.0003407520000000136,522.1002000000001,1225.7008409999999
48.219,-0.00016296600000001438,522.1002000000001,1223.7845945999998
48.228,-0.0003407520000000136,523.0938000000001,1223.7845945999998
48.23800000000001,-0.00016296600000001438,523.0938000000001,1221.8683482000001
48.248,-0.00016296600000001438,523.0938000000001,1218.0358554000004
48.267,-0.0003407520000000136,552.9018000000001,1254.4445370000003
48.27700000000001,-0.00016296600000001438,551.9082000000001,1254.4445370000003
48.297000000000004,1.4819999999998723e-05,551.9082000000001,1246.7795514
48.306000000000004,-0.00016296600000001438,553.8954000000001,1254.4445370000003
48.31600000000001,-0.00016296600000001438,553.8954000000001,1254.4445370000003
48.32500000000001,-0.00016296600000001438,554.889,1254.4445370000003
48.335,-0.0003407520000000136,552.9018000000001,1250.6120442000001
48.345000000000006,-0.00016296600000001438,581.7162000000001,1279.3557402000001
48.354000000000006,1.4819999999998723e-05,582.7098000000001,1281.2719865999998
48.38700000000001,1.4819999999998723e-05,582.7098000000001,1281.2719865999998
48.39600000000001,-0.0003407520000000136,583.7034000000001,1283.1882329999999
48.406,1.4819999999998723e-05,583.7034000000001,1281.2719865999998
48.415,-0.00016296600000001438,584.697,1285.1044794000004
48.425000000000004,1.4819999999998723e-05,582.7098000000001,1279.3557402000001
48.43500000000001,-0.00016296600000001438,611.5242000000001,1315.7644218
48.44400000000001,1.4819999999998723e-05,611.5242000000001,1311.9319290000003
48.477,-0.0003407520000000136,610.5306,1311.9319290000003
48.486,-0.00016296600000001438,611.5242000000001,1315.7644218
48.496,1.4819999999998723e-05,611.5242000000001,1311.9319290000003
48.505,0.00019260599999999795,610.5306,1311.9319290000003
48.51500000000001,-0.00016296600000001438,611.5242000000001,1311.9319290000003
48.52400000000001,-0.00016296600000001438,612.5178000000001,1315.7644218
48.534,1.4819999999998723e-05,610.5306,1310.0156826000002
48.543,0.00019260599999999795,610.5306,1310.0156826000002
48.553000000000004,-0.0003407520000000136,612.5178000000001,1313.8481754
48.56300000000001,-0.00016296600000001438,610.5306,1310.0156826000002
48.57200000000001,-0.0005185379999999989,641.3322000000001,1344.5081178
48.582,1.4819999999998723e-05,641.3322000000001,1344.5081178
48.612,-0.0003407520000000136,638.3514,1340.6756249999999
48.621,-0.0003407520000000136,641.3322000000001,1342.5918714000004
48.63100000000001,-0.0003407520000000136,640.3386,1344.5081178
48.64000000000001,-0.00016296600000001438,639.345,1342.5918714000004
48.65,-0.0003407520000000136,639.345,1344.5081178
48.660000000000004,-0.0003407520000000136,667.1658000000001,1375.1680601999997
48.669000000000004,-0.00016296600000001438,666.1722000000001,1373.2518138
48.702000000000005,-0.0003407520000000136,665.1786000000001,1373.2518138
48.711000000000006,-0.0003407520000000136,665.1786000000001,1373.2518138
48.721,1.4819999999998723e-05,664.1850000000001,1371.3355674
48.73,-0.00016296600000001438,664.1850000000001,1375.1680601999997
48.74,-0.00016296600000001438,664.1850000000001,1369.4193210000003
48.75000000000001,1.4819999999998723e-05,663.1914,1375.1680601999997
48.75900000000001,1.4819999999998723e-05,663.1914,1371.3355674
48.79200000000001,-0.00016296600000001438,661.2042,1371.3355674
48.80100000000001,-0.0003407520000000136,662.1978,1375.1680601999997
48.811,-0.00016296600000001438,661.2042,1375.1680601999997
48.82,1.4819999999998723e-05,661.2042,1373.2518138
48.83100000000001,-0.0003407520000000136,660.2106000000001,1371.3355674
48.84000000000001,-0.0003407520000000136,633.3834,1346.4243642000001
48.85,1.4819999999998723e-05,633.3834,1346.4243642000001
48.859,-0.0003407520000000136,633.3834,1342.5918714000004
48.882,1.4819999999998723e-05,630.4026,1340.6756249999999
48.891,1.4819999999998723e-05,632.3898,1344.5081178
48.901,-0.00016296600000001438,631.3962,1346.4243642000001
48.910000000000004,-0.00016296600000001438,631.3962,1340.6756249999999
48.92000000000001,1.4819999999998723e-05,629.4090000000001,1340.6756249999999
48.92900000000001,-0.0003407520000000136,632.3898,1344.5081178
48.939,-0.00016296600000001438,631.3962,1344.5081178
48.958000000000006,-0.00016296600000001438,631.3962,1342.5918714000004
48.967999999999996,0.00019260599999999795,630.4026,1338.7593785999998
48.978,-0.00016296600000001438,601.5882,1313.8481754
48.98800000000001,-0.0003407520000000136,602.5818,1313.8481754
49.017,1.4819999999998723e-05,600.5946,1310.0156826000002
49.026,-0.0003407520000000136,601.5882,1315.7644218
49.03600000000001,-0.0003407520000000136,602.5818,1313.8481754
49.04500000000001,-0.00016296600000001438,601.5882,1311.9319290000003
49.055,-0.00016296600000001438,601.5882,1311.9319290000003
49.065000000000005,-0.00016296600000001438,574.7610000000001,1281.2719865999998
49.074000000000005,-0.0003407520000000136,574.7610000000001,1285.1044794000004
49.107000000000006,1.4819999999998723e-05,572.7738,1277.4394938
49.11600000000001,-0.00016296600000001438,575.7546000000001,1281.2719865999998
49.126,1.4819999999998723e-05,574.7610000000001,1281.2719865999998
49.135,-0.0003407520000000136,575.7546000000001,1281.2719865999998
49.145,-0.00016296600000001438,575.7546000000001,1281.2719865999998
49.15500000000001,-0.0003407520000000136,546.9402,1254.4445370000003
49.165,1.4819999999998723e-05,545.9466000000001,1250.6120442000001
49.19700000000001,-0.0003407520000000136,546.9402,1250.6120442000001
49.20600000000001,-0.00016296600000001438,546.9402,1254.4445370000003
49.216,-0.0005185379999999989,548.9274,1254.4445370000003
49.225,1.4819999999998723e-05,548.9274,1254.4445370000003
49.23500000000001,-0.0003407520000000136,547.9338,1252.5282906000002
49.245,1.4819999999998723e-05,521.1066000000001,1221.8683482000001
49.254,-0.00016296600000001438,520.113,1223.7845945999998
49.287,-0.00016296600000001438,520.113,1221.8683482000001
49.296,1.4819999999998723e-05,521.1066000000001,1223.7845945999998
49.306000000000004,-0.0005185379999999989,523.0938000000001,1225.7008409999999
49.315000000000005,-0.00016296600000001438,522.1002000000001,1221.8683482000001
49.32500000000001,-0.00016296600000001438,521.1066000000001,1216.1196089999999
49.33400000000001,1.4819999999998723e-05,522.1002000000001,1219.9521018
49.344,-0.0003407520000000136,523.0938000000001,1221.8683482000001
49.353,-0.0003407520000000136,523.0938000000001,1223.7845945999998
49.36300000000001,-0.00016296600000001438,523.0938000000001,1219.9521018
49.373,-0.00016296600000001438,523.0938000000001,1219.9521018
49.382,-0.0003407520000000136,496.2666,1195.0408986000002
49.392,-0.00016296600000001438,495.27299999999997,1193.1246521999997
49.422000000000004,-0.00016296600000001438,496.2666,1193.1246521999997
49.431000000000004,-0.0003407520000000136,497.2602,1195.0408986000002
49.44100000000001,-0.00016296600000001438,497.2602,1193.1246521999997
49.45000000000001,-0.00016296600000001438,497.2602,1196.9571450000003
49.46,-0.0005185379999999989,497.2602,1191.2084058
49.470000000000006,-0.00016296600000001438,469.4394,1164.3809562000001
49.479000000000006,-0.00016296600000001438,468.4458,1160.5484634000004
49.51200000000001,-0.00016296600000001438,468.4458,1156.7159705999998
49.52100000000001,-0.00016296600000001438,471.4266,1164.3809562000001
49.531,-0.00016296600000001438,471.4266,1162.4647098
49.54,-0.00016296600000001438,470.433,1162.4647098
49.550000000000004,-0.0003407520000000136,470.433,1162.4647098
49.56000000000001,-0.00016296600000001438,443.6058,1131.8047674
49.579,-0.0003407520000000136,444.5994,1133.7210138
49.602,-0.00016296600000001438,442.6122,1129.8885210000003
49.611,-0.0003407520000000136,445.593,1133.7210138
49.621,1.4819999999998723e-05,445.593,1131.8047674
49.63,-0.00016296600000001438,445.593,1133.7210138
49.64000000000001,-0.0003407520000000136,445.593,1133.7210138
49.659,1.4819999999998723e-05,446.5866,1133.7210138
49.669000000000004,-0.00016296600000001438,447.5802,1131.8047674
49.67900000000001,1.4819999999998723e-05,446.5866,1133.7210138
49.689,-0.0005185379999999989,446.5866,1129.8885210000003
49.699000000000005,-0.0003407520000000136,419.75939999999997,1103.0610714000004
49.70900000000001,1.4819999999998723e-05,418.7658,1103.0610714000004
49.737,-0.00016296600000001438,417.7722,1101.1448249999999
49.746,-0.0003407520000000136,420.753,1104.9773178
49.75600000000001,-0.00016296600000001438,420.753,1103.0610714000004
49.76500000000001,1.4819999999998723e-05,419.75939999999997,1103.0610714000004
49.775,-0.00016296600000001438,419.75939999999997,1101.1448249999999
49.785000000000004,-0.00016296600000001438,420.753,1103.0610714000004
49.794000000000004,-0.00016296600000001438,420.753,1103.0610714000004
49.80400000000001,-0.00016296600000001438,422.7402,1104.9773178
49.81300000000001,-0.00016296600000001438,421.7466,1101.1448249999999
49.823,-0.0003407520000000136,420.753,1099.2285785999998
49.832,1.4819999999998723e-05,393.9258,1072.4011290000003
49.842000000000006,-0.0003407520000000136,393.9258,1072.4011290000003
49.87200000000001,-0.0003407520000000136,392.93219999999997,1070.4848826000002
49.88100000000001,-0.0003407520000000136,395.913,1076.2336218
49.891,-0.0003407520000000136,395.913,1074.3173754
49.9,-0.00016296600000001438,394.9194,1072.4011290000003
49.910000000000004,-0.0003407520000000136,394.9194,1072.4011290000003
49.92900000000001,-0.00016296600000001438,366.10499999999996,1043.6574329999999
49.939,-0.00016296600000001438,368.0922,1043.6574329999999
49.96200000000001,-0.00016296600000001438,367.0986,1039.8249402000001
49.971,-0.00016296600000001438,368.0922,1043.6574329999999
49.981,-0.00016296600000001438,368.0922,1043.6574329999999
49.99,-0.0003407520000000136,368.0922,1043.6574329999999
50.001,-0.0005185379999999989,367.0986,1039.8249402000001
50.011,-0.00016296600000001438,340.27139999999997,1012.9974906000002
50.03000000000001,-0.0003407520000000136,340.27139999999997,1012.9974906000002
50.04,-0.0003407520000000136,341.265,1016.8299834
50.052,-0.00016296600000001438,340.27139999999997,1011.0812442000001
50.061,-0.00016296600000001438,341.265,1011.0812442000001
50.071000000000005,-0.00016296600000001438,342.2586,1012.9974906000002
50.09000000000001,-0.00016296600000001438,341.265,1011.0812442000001
50.1,-0.0003407520000000136,342.2586,1014.9137370000003
50.11000000000001,-0.00016296600000001438,341.265,1011.0812442000001
50.12,-0.00016296600000001438,342.2586,1012.9974906000002
50.13,-0.00016296600000001438,343.25219999999996,1012.9974906000002
50.14000000000001,-0.00016296600000001438,342.2586,1011.0812442000001
50.15,-0.0003407520000000136,314.4378,975.083877
50.160000000000004,-0.00016296600000001438,314.4378,971.1061554000003
50.187000000000005,-0.00016296600000001438,314.4378,971.1061554000003
50.196000000000005,1.4819999999998723e-05,315.4314,971.1061554000003
50.20600000000001,1.4819999999998723e-05,315.4314,973.0950162000004
50.21500000000001,0.00019260599999999795,314.4378,971.1061554000003
50.225,-0.00016296600000001438,315.4314,967.1284338000005
50.23500000000001,1.4819999999998723e-05,299.5338,941.2732434
50.245,-0.00016296600000001438,296.553,943.2621042000005
50.27700000000001,-0.0003407520000000136,295.5594,941.2732434
50.28600000000001,-0.00016296600000001438,297.5466,941.2732434
50.296,-0.0003407520000000136,297.5466,941.2732434
50.305,-0.00016296600000001438,297.5466,941.2732434
50.31600000000001,-0.00016296600000001438,298.54019999999997,941.2732434
50.32500000000001,-0.00016296600000001438,297.5466,909.4514706000004
50.335,-0.00016296600000001438,297.5466,909.4514706000004
50.367,-0.00016296600000001438,295.5594,909.4514706000004
50.376,-0.00016296600000001438,299.5338,911.4403314000006
50.386,1.4819999999998723e-05,297.5466,909.4514706000004
50.395,-0.00016296600000001438,297.5466,909.4514706000004
50.40500000000001,-0.00016296600000001438,296.553,909.4514706000004
50.415,-0.00016296600000001438,297.5466,911.4403314000006
50.424,-0.00016296600000001438,297.5466,909.4514706000004
50.434000000000005,-0.0003407520000000136,296.553,915.4180530000003
50.443000000000005,-0.00016296600000001438,298.54019999999997,911.4403314000006
50.45300000000001,-0.00016296600000001438,295.5594,907.4626098000003
50.46200000000001,-0.00016296600000001438,298.54019999999997,881.6074194000003
50.472,1.4819999999998723e-05,298.54019999999997,877.6296978000005
50.502,-0.0003407520000000136,295.5594,879.6185586000001
50.511,-0.0003407520000000136,296.553,881.6074194000003
50.53000000000001,-0.0003407520000000136,297.5466,883.5962802000004
50.541000000000004,-0.00016296600000001438,297.5466,879.6185586000001
50.55100000000001,-0.00016296600000001438,295.5594,849.7856466000003
50.56000000000001,0.00019260599999999795,299.5338,847.7967858000006
50.57,-0.00016296600000001438,294.56579999999997,849.7856466000003
50.592000000000006,-0.00016296600000001438,293.5722,847.7967858000006
50.601000000000006,-0.0005185379999999989,295.5594,847.7967858000006
50.621,-0.0003407520000000136,296.553,851.7745074000004
50.63100000000001,-0.0003407520000000136,295.5594,849.7856466000003
50.641,0.00019260599999999795,297.5466,819.9527346000004
50.651,0.00037039200000001105,298.54019999999997,819.9527346000004
50.66100000000001,-0.00016296600000001438,299.5338,819.9527346000004
50.68200000000001,0.00019260599999999795,293.5722,815.9750130000002
50.701,0.00019260599999999795,299.5338,819.9527346000004
50.711000000000006,1.4819999999998723e-05,299.5338,817.9638738000003
50.721,1.4819999999998723e-05,294.56579999999997,813.9861522000006
50.731,1.4819999999998723e-05,299.5338,817.9638738000003
50.74100000000001,1.4819999999998723e-05,297.5466,817.9638738000003
50.751,0.00019260599999999795,298.54019999999997,817.9638738000003
50.761,1.4819999999998723e-05,298.54019999999997,817.9638738000003
50.77100000000001,-0.0003407520000000136,294.56579999999997,815.9750130000002
50.781,0.00037039200000001105,296.553,786.1421010000004
50.791000000000004,0.00019260599999999795,297.5466,788.1309618000005
50.817,-0.0003407520000000136,293.5722,786.1421010000004
50.826,-0.00016296600000001438,297.5466,788.1309618000005
50.836000000000006,-0.00016296600000001438,299.5338,790.1198226000006
50.845000000000006,1.4819999999998723e-05,298.54019999999997,788.1309618000005
50.856,-0.00016296600000001438,297.5466,786.1421010000004
50.865,1.4819999999998723e-05,295.5594,760.2869106000003
50.87500000000001,-0.0003407520000000136,297.5466,758.2980498000002
50.907000000000004,1.4819999999998723e-05,298.54019999999997,758.2980498000002
50.952000000000005,-0.00016296600000001438,295.5594,754.3203282000004
50.971,1.4819999999998723e-05,299.5338,760.2869106000003
50.981,-0.00016296600000001438,300.5274,758.2980498000002
50.99100000000001,-0.00016296600000001438,294.56579999999997,752.3314674000007
51.001,-0.00016296600000001438,299.5338,758.2980498000002
51.011,1.4819999999998723e-05,299.5338,758.2980498000002
51.02100000000001,1.4819999999998723e-05,299.5338,758.2980498000002
51.031,-0.00016296600000001438,299.5338,758.2980498000002
51.041000000000004,-0.0003407520000000136,295.5594,760.2869106000003
51.05100000000001,0.00019260599999999795,296.553,726.4762770000002
51.061,1.4819999999998723e-05,298.54019999999997,726.4762770000002
51.08700000000001,-0.0003407520000000136,294.56579999999997,724.4874162000001
51.096,-0.00016296600000001438,298.54019999999997,728.4651377999999
51.106,0.00037039200000001105,299.5338,722.4985554
51.115,1.4819999999998723e-05,298.54019999999997,728.4651377999999
51.126,-0.00016296600000001438,296.553,726.4762770000002
51.135,-0.00016296600000001438,297.5466,696.6433650000001
51.145,1.4819999999998723e-05,298.54019999999997,696.6433650000001
51.177,-0.00016296600000001438,295.5594,694.6545042
51.186,-0.00016296600000001438,300.5274,698.6322258
51.196000000000005,-0.0003407520000000136,296.553,696.6433650000001
51.205000000000005,1.4819999999998723e-05,299.5338,696.6433650000001
51.216,-0.0005185379999999989,293.5722,696.6433650000001
51.225,1.4819999999998723e-05,298.54019999999997,666.8104530000003
51.23500000000001,0.00019260599999999795,298.54019999999997,666.8104530000003
51.267,-0.00016296600000001438,296.553,660.8438706000002
51.276,1.4819999999998723e-05,297.5466,664.8215921999999
51.28600000000001,1.4819999999998723e-05,299.5338,664.8215921999999
51.29500000000001,1.4819999999998723e-05,297.5466,662.8327314000001
51.312000000000005,1.4819999999998723e-05,296.553,662.8327314000001
51.32200000000001,0.00019260599999999795,297.5466,662.8327314000001
51.332,1.4819999999998723e-05,298.54019999999997,666.8104530000003
51.342000000000006,0.00019260599999999795,298.54019999999997,664.8215921999999
51.352,0.00037039200000001105,297.5466,662.8327314000001
51.362,0.00019260599999999795,300.5274,636.9775410000002
51.37200000000001,0.00019260599999999795,297.5466,636.9775410000002
51.40200000000001,1.4819999999998723e-05,299.5338,632.9998194000002
51.412,0.00019260599999999795,298.54019999999997,634.9886802000001
51.422000000000004,0.00019260599999999795,298.54019999999997,634.9886802000001
51.43200000000001,1.4819999999998723e-05,297.5466,634.9886802000001
51.442,1.4819999999998723e-05,298.54019999999997,636.9775410000002
51.452000000000005,1.4819999999998723e-05,298.54019999999997,605.1557682
51.46200000000001,0.00019260599999999795,296.553,605.1557682
51.492,1.4819999999998723e-05,297.5466,603.1669074000001
51.501,-0.00016296600000001438,298.54019999999997,607.1446289999999
51.511,0.00019260599999999795,297.5466,603.1669074000001
51.52,0.00019260599999999795,300.5274,605.1557682
51.53000000000001,-0.00016296600000001438,295.5594,603.1669074000001
51.54,0.00019260599999999795,298.54019999999997,605.1557682
51.549,-0.00016296600000001438,298.54019999999997,605.1557682
51.559000000000005,0.00019260599999999795,297.5466,603.1669074000001
51.568000000000005,1.4819999999998723e-05,298.54019999999997,605.1557682
51.57800000000001,-0.00016296600000001438,297.5466,605.1557682
51.58700000000001,-0.00016296600000001438,297.5466,607.1446289999999
51.672000000000004,1.4819999999998723e-05,298.54019999999997,573.3339954
51.68200000000001,1.4819999999998723e-05,295.5594,575.3228562000002
51.69100000000001,1.4819999999998723e-05,298.54019999999997,573.3339954
51.701,1.4819999999998723e-05,297.5466,575.3228562000002
51.71,0.00019260599999999795,292.5786,569.3562738
51.720000000000006,0.00019260599999999795,298.54019999999997,573.3339954
51.729000000000006,-0.00016296600000001438,296.553,573.3339954
51.739,0.00019260599999999795,297.5466,573.3339954
51.748,0.00019260599999999795,297.5466,573.3339954
51.758,1.4819999999998723e-05,296.553,571.3451345999999
51.76800000000001,0.00037039200000001105,298.54019999999997,543.5010834000002
51.77700000000001,-0.00016296600000001438,294.56579999999997,543.5010834000002
51.80700000000001,1.4819999999998723e-05,295.5594,541.5122226000001
51.817,0.00019260599999999795,298.54019999999997,541.5122226000001
51.826,0.00037039200000001105,299.5338,541.5122226000001
51.836000000000006,1.4819999999998723e-05,296.553,543.5010834000002
51.845000000000006,-0.00016296600000001438,293.5722,541.5122226000001
51.855,0.00019260599999999795,296.553,541.5122226000001
51.864,0.00019260599999999795,297.5466,543.5010834000002
51.874,0.00019260599999999795,300.5274,543.5010834000002
51.89300000000001,0.00019260599999999795,298.54019999999997,541.5122226000001
51.903,1.4819999999998723e-05,296.553,513.6681714000001
51.913000000000004,0.00019260599999999795,297.5466,515.6570322
51.942,-0.00016296600000001438,294.56579999999997,515.6570322
51.951,1.4819999999998723e-05,297.5466,513.6681714000001
51.961000000000006,-0.00016296600000001438,295.5594,515.6570322
51.970000000000006,0.00019260599999999795,298.54019999999997,513.6681714000001
51.98,-0.00016296600000001438,294.56579999999997,513.6681714000001
51.99,1.4819999999998723e-05,296.553,513.6681714000001
51.999,-0.0003407520000000136,296.553,515.6570322
52.00900000000001,0.00019260599999999795,298.54019999999997,511.6793106
52.01800000000001,1.4819999999998723e-05,297.5466,513.6681714000001
52.028,-0.00016296600000001438,293.5722,511.6793106
52.038000000000004,0.00019260599999999795,297.5466,485.82412020000015
52.047000000000004,0.00019260599999999795,296.553,485.82412020000015
52.077000000000005,1.4819999999998723e-05,295.5594,483.83525940000004
52.08700000000001,0.00019260599999999795,297.5466,483.83525940000004
52.096,1.4819999999998723e-05,297.5466,485.82412020000015
52.106,0.00019260599999999795,297.5466,485.82412020000015
52.115,-0.00016296600000001438,296.553,485.82412020000015
52.12500000000001,0.00019260599999999795,296.553,485.82412020000015
52.13400000000001,1.4819999999998723e-05,298.54019999999997,485.82412020000015
52.144,1.4819999999998723e-05,299.5338,485.82412020000015
52.17000000000001,0.00019260599999999795,297.5466,457.98006899999996
52.18,-0.0003407520000000136,296.553,459.96892980000007
52.21200000000001,1.4819999999998723e-05,297.5466,457.98006899999996
52.221,1.4819999999998723e-05,297.5466,455.9912082000001
52.231,0.00019260599999999795,297.5466,457.98006899999996
52.24,1.4819999999998723e-05,297.5466,459.96892980000007
52.26,0.00037039200000001105,298.54019999999997,426.1582962
52.27,1.4819999999998723e-05,299.5338,428.1471570000001
52.302,1.4819999999998723e-05,296.553,426.1582962
52.312000000000005,0.00019260599999999795,296.553,426.1582962
52.321000000000005,0.00019260599999999795,299.5338,428.1471570000001
52.33100000000001,-0.00016296600000001438,298.54019999999997,430.1360178000002
52.34000000000001,0.00037039200000001105,296.553,424.1694354000001
52.35,-0.00016296600000001438,297.5466,426.1582962
52.359,1.4819999999998723e-05,295.5594,428.1471570000001
52.36900000000001,-0.00016296600000001438,296.553,428.1471570000001
52.37800000000001,0.00037039200000001105,298.54019999999997,424.1694354000001
52.388,-0.00016296600000001438,295.5594,424.1694354000001
52.398,0.00019260599999999795,298.54019999999997,398.314245
52.407000000000004,0.00037039200000001105,298.54019999999997,398.314245
52.437000000000005,-0.00016296600000001438,294.56579999999997,394.33652340000026
52.44700000000001,1.4819999999998723e-05,298.54019999999997,398.314245
52.45600000000001,1.4819999999998723e-05,297.5466,398.314245
52.466,-0.00016296600000001438,298.54019999999997,398.314245
52.476000000000006,1.4819999999998723e-05,297.5466,396.32538420000014
52.486,0.00019260599999999795,297.5466,368.48133299999995
52.495,1.4819999999998723e-05,297.5466,368.48133299999995
52.52700000000001,0.00019260599999999795,296.553,364.5036114000002
52.537,0.00019260599999999795,299.5338,366.49247220000007
52.546,0.00019260599999999795,297.5466,368.48133299999995
52.556000000000004,-0.0003407520000000136,300.5274,368.48133299999995
52.56600000000001,0.00019260599999999795,298.54019999999997,366.49247220000007
52.57500000000001,0.00037039200000001105,297.5466,334.6706993999999
52.585,0.00019260599999999795,298.54019999999997,336.6595602000002
52.617,1.4819999999998723e-05,292.5786,332.6818386
52.627,1.4819999999998723e-05,297.5466,336.6595602000002
52.636,1.4819999999998723e-05,297.5466,336.6595602000002
52.64600000000001,-0.00016296600000001438,298.54019999999997,340.6372818
52.65500000000001,-0.00016296600000001438,292.5786,332.6818386
52.665,1.4819999999998723e-05,296.553,336.6595602000002
52.684000000000005,0.00019260599999999795,297.5466,336.6595602000002
52.69400000000001,0.00019260599999999795,298.54019999999997,336.6595602000002
52.704,1.4819999999998723e-05,296.553,336.6595602000002
52.714000000000006,0.00019260599999999795,295.5594,306.82664820000014
52.724,0.00037039200000001105,297.5466,306.82664820000014
52.752,0.00019260599999999795,295.5594,304.8377874
52.76200000000001,1.4819999999998723e-05,297.5466,306.82664820000014
52.77100000000001,-0.00016296600000001438,296.553,308.815509
52.781,0.00019260599999999795,297.5466,306.82664820000014
52.791000000000004,-0.00016296600000001438,296.553,306.82664820000014
52.800000000000004,0.0005481779999999825,298.54019999999997,276.99373620000006
52.81000000000001,1.4819999999998723e-05,295.5594,276.99373620000006
52.842000000000006,1.4819999999998723e-05,294.56579999999997,276.99373620000006
52.852,0.00037039200000001105,298.54019999999997,276.99373620000006
52.861,0.00037039200000001105,297.5466,276.99373620000006
52.871,0.00037039200000001105,297.5466,276.99373620000006
52.88100000000001,0.00019260599999999795,296.553,275.00487539999995
52.89000000000001,0.00019260599999999795,296.553,249.1496850000001
52.9,0.00037039200000001105,294.56579999999997,247.1608242000002
52.93200000000001,0.0005481779999999825,296.553,245.17196339999987
52.942,0.00037039200000001105,297.5466,247.1608242000002
52.951,0.0005481779999999825,297.5466,243.18310259999998
52.961000000000006,0.0005481779999999825,299.5338,245.17196339999987
52.970000000000006,0.0005481779999999825,297.5466,245.17196339999987
52.98,0.00019260599999999795,297.5466,247.1608242000002
52.989,0.00037039200000001105,298.54019999999997,247.1608242000002
52.999,0.0005481779999999825,299.5338,247.1608242000002
53.008,0.0005481779999999825,299.5338,249.1496850000001
53.01800000000001,0.00037039200000001105,296.553,243.18310259999998
53.028,0.00037039200000001105,296.553,219.316773
53.037,0.0007259639999999956,298.54019999999997,215.33905140000002
53.067,0.00037039200000001105,295.5594,215.33905140000002
53.077000000000005,0.00037039200000001105,298.54019999999997,217.32791220000013
53.086000000000006,0.00037039200000001105,296.553,217.32791220000013
53.096,0.0007259639999999956,298.54019999999997,215.33905140000002
53.106,0.00037039200000001105,299.5338,215.33905140000002
53.115,0.00037039200000001105,297.5466,187.49500020000005
53.135,0.00019260599999999795,298.54019999999997,187.49500020000005
53.157000000000004,0.00019260599999999795,296.553,187.49500020000005
53.16700000000001,0.00019260599999999795,298.54019999999997,189.48386100000016
53.17600000000001,0.00037039200000001105,296.553,185.50613939999994
53.186,0.00037039200000001105,295.5594,185.50613939999994
53.205000000000005,0.00037039200000001105,298.54019999999997,159.65094900000008
53.21500000000001,0.0005481779999999825,296.553,155.6732274000001
53.24700000000001,0.00019260599999999795,297.5466,155.6732274000001
53.257,0.00037039200000001105,296.553,155.6732274000001
53.266,1.4819999999998723e-05,297.5466,157.6620882000002
53.276,0.00037039200000001105,296.553,157.6620882000002
53.29500000000001,0.00037039200000001105,296.553,157.6620882000002
53.305,0.0005481779999999825,297.5466,155.6732274000001
53.315000000000005,0.00019260599999999795,298.54019999999997,159.65094900000008
53.32500000000001,0.00019260599999999795,297.5466,157.6620882000002
53.335,-0.00016296600000001438,296.553,157.6620882000002
53.345000000000006,0.00037039200000001105,298.54019999999997,125.84031540000001
53.355,0.00037039200000001105,298.54019999999997,127.82917620000012
53.382,0.00019260599999999795,297.5466,123.85145460000012
53.392,0.00019260599999999795,295.5594,123.85145460000012
53.401,0.00019260599999999795,298.54019999999997,125.84031540000001
53.41100000000001,1.4819999999998723e-05,297.5466,125.84031540000001
53.43,0.00037039200000001105,297.5466,96.00740339999993
53.440000000000005,0.00019260599999999795,296.553,97.99626420000004
53.472,0.00019260599999999795,297.5466,96.00740339999993
53.517,0.00019260599999999795,295.5594,94.01854260000005
53.52700000000001,1.4819999999998723e-05,298.54019999999997,97.99626420000004
53.53600000000001,1.4819999999998723e-05,298.54019999999997,97.99626420000004
53.555,0.00037039200000001105,299.5338,94.01854260000005
53.565000000000005,0.00019260599999999795,298.54019999999997,97.99626420000004
53.57500000000001,0.00019260599999999795,299.5338,96.00740339999993
53.585,0.00019260599999999795,298.54019999999997,97.99626420000004
53.595000000000006,1.4819999999998723e-05,298.54019999999997,97.99626420000004
53.606,-0.00016296600000001438,294.56579999999997,94.01854260000005
53.615,0.00037039200000001105,299.5338,64.1856306000002
53.62500000000001,1.4819999999998723e-05,296.553,66.17449140000008
53.65200000000001,1.4819999999998723e-05,298.54019999999997,66.17449140000008
53.662,1.4819999999998723e-05,298.54019999999997,66.17449140000008
53.671,0.00019260599999999795,297.5466,66.17449140000008
53.681000000000004,0.00019260599999999795,298.54019999999997,66.17449140000008
53.690000000000005,0.00019260599999999795,297.5466,64.1856306000002
53.70000000000001,1.4819999999998723e-05,296.553,68.16335219999996
53.70900000000001,1.4819999999998723e-05,299.5338,68.16335219999996
53.719,1.4819999999998723e-05,298.54019999999997,66.17449140000008
53.728,1.4819999999998723e-05,299.5338,66.17449140000008
53.73800000000001,1.4819999999998723e-05,295.5594,64.1856306000002
53.748,1.4819999999998723e-05,298.54019999999997,38.330440199999884
53.757,1.4819999999998723e-05,295.5594,36.3415794
53.787,-0.00016296600000001438,297.5466,34.35271860000012
53.797000000000004,1.4819999999998723e-05,299.5338,38.330440199999884
53.81600000000001,-0.00016296600000001438,298.54019999999997,38.330440199999884
53.826,-0.00016296600000001438,296.553,36.3415794
53.836000000000006,-0.00016296600000001438,297.5466,38.330440199999884
53.846,-0.00016296600000001438,298.54019999999997,36.3415794
53.856,-0.00016296600000001438,298.54019999999997,38.330440199999884
53.86600000000001,-0.00016296600000001438,297.5466,38.330440199999884
53.876,1.4819999999998723e-05,298.54019999999997,38.330440199999884
53.92300000000001,-0.00016296600000001438,296.553,4.519806600000038
53.93200000000001,1.4819999999998723e-05,300.5274,8.497528200000033
53.942,-0.0003407520000000136,298.54019999999997,8.497528200000033
53.951,0.00019260599999999795,298.54019999999997,6.508667400000149
53.961000000000006,-0.00016296600000001438,296.553,4.519806600000038
53.971,-0.00016296600000001438,299.5338,8.497528200000033
53.98,-0.0003407520000000136,297.5466,8.497528200000033
54.01200000000001,-0.0003407520000000136,297.5466,6.508667400000149
54.022,1.4819999999998723e-05,297.5466,6.508667400000149
54.031,-0.0003407520000000136,296.553,8.497528200000033
54.041000000000004,-0.00016296600000001438,295.5594,4.519806600000038
54.05100000000001,-0.00016296600000001438,295.5594,4.519806600000038
54.06000000000001,-0.00016296600000001438,298.54019999999997,6.508667400000149
54.07,1.4819999999998723e-05,301.52099999999996,8.497528200000033
54.079,-0.0003407520000000136,297.5466,6.508667400000149
54.089000000000006,-0.00016296600000001438,297.5466,6.508667400000149
54.098000000000006,-0.0003407520000000136,299.5338,8.497528200000033
54.108,-0.0003407520000000136,296.553,6.508667400000149
54.192,-0.0003407520000000136,295.5594,36.3415794
54.202000000000005,-0.00016296600000001438,297.5466,38.330440199999884
54.21200000000001,1.4819999999998723e-05,298.54019999999997,36.3415794
54.221,-0.00016296600000001438,298.54019999999997,36.3415794
54.231,-0.0003407520000000136,296.553,36.3415794
54.24100000000001,1.4819999999998723e-05,296.553,68.16335219999996
54.25000000000001,-0.00016296600000001438,297.5466,68.16335219999996
54.282000000000004,-0.00016296600000001438,295.5594,64.1856306000002
54.29200000000001,-0.00016296600000001438,300.5274,66.17449140000008
54.30100000000001,1.4819999999998723e-05,298.54019999999997,66.17449140000008
54.311,1.4819999999998723e-05,297.5466,66.17449140000008
54.321000000000005,-0.00016296600000001438,297.5466,64.1856306000002
54.33100000000001,1.4819999999998723e-05,298.54019999999997,97.99626420000004
54.34000000000001,0.00019260599999999795,297.5466,94.01854260000005
54.37200000000001,0.00019260599999999795,295.5594,96.00740339999993
54.382,1.4819999999998723e-05,299.5338,97.99626420000004
54.391,1.4819999999998723e-05,296.553,96.00740339999993
54.401,-0.00016296600000001438,297.5466,96.00740339999993
54.410000000000004,-0.00016296600000001438,296.553,96.00740339999993
54.42000000000001,0.00019260599999999795,297.5466,96.00740339999993
54.43,1.4819999999998723e-05,299.5338,97.99626420000004
54.439,-0.00016296600000001438,296.553,97.99626420000004
54.449000000000005,1.4819999999998723e-05,299.5338,97.99626420000004
54.458000000000006,-0.00016296600000001438,297.5466,94.01854260000005
54.467999999999996,1.4819999999998723e-05,297.5466,125.84031540000001
54.487,1.4819999999998723e-05,297.5466,127.82917620000012
54.507,1.4819999999998723e-05,295.5594,123.85145460000012
54.517,1.4819999999998723e-05,297.5466,127.82917620000012
54.52700000000001,1.4819999999998723e-05,297.5466,125.84031540000001
54.537,-0.00016296600000001438,297.5466,127.82917620000012
54.547000000000004,-0.00016296600000001438,295.5594,125.84031540000001
54.55700000000001,-0.00016296600000001438,296.553,159.65094900000008
54.567,0.00037039200000001105,298.54019999999997,157.6620882000002
54.597,0.00019260599999999795,295.5594,155.6732274000001
54.607000000000006,0.00019260599999999795,295.5594,155.6732274000001
54.617,1.4819999999998723e-05,296.553,159.65094900000008
54.627,0.00037039200000001105,301.52099999999996,157.6620882000002
54.63700000000001,0.00019260599999999795,296.553,153.68436659999998
54.647,1.4819999999998723e-05,296.553,157.6620882000002
54.657000000000004,0.00019260599999999795,297.5466,159.65094900000008
54.66700000000001,0.00037039200000001105,299.5338,157.6620882000002
54.677,0.00019260599999999795,296.553,157.6620882000002
54.69100000000001,0.0005481779999999825,299.5338,185.50613939999994
54.70000000000001,0.0007259639999999956,297.5466,185.50613939999994
54.70900000000001,0.00037039200000001105,297.5466,189.48386100000016
54.732000000000006,0.0005481779999999825,294.56579999999997,183.51727860000005
54.742,0.0005481779999999825,299.5338,187.49500020000005
54.751,0.0007259639999999956,298.54019999999997,187.49500020000005
54.761,0.0005481779999999825,298.54019999999997,187.49500020000005
54.77,0.0007259639999999956,295.5594,185.50613939999994
54.78000000000001,0.0005481779999999825,298.54019999999997,187.49500020000005
54.79,0.0005481779999999825,298.54019999999997,187.49500020000005
54.799,0.0007259639999999956,298.54019999999997,185.50613939999994
54.809000000000005,0.0005481779999999825,298.54019999999997,187.49500020000005
54.818000000000005,0.00019260599999999795,295.5594,185.50613939999994
54.83700000000001,0.0007259639999999956,298.54019999999997,219.316773
54.847,0.0009037499999999948,297.5466,219.316773
54.867,0.0009037499999999948,294.56579999999997,215.33905140000002
54.877,0.0009037499999999948,296.553,217.32791220000013
54.886,0.001081535999999994,295.5594,217.32791220000013
54.89600000000001,0.001081535999999994,298.54019999999997,217.32791220000013
54.906,0.0009037499999999948,296.553,215.33905140000002
54.916000000000004,0.0012593219999999933,297.5466,247.1608242000002
54.925000000000004,0.001792679999999991,298.54019999999997,245.17196339999987
54.957,0.0016148939999999917,296.553,247.1608242000002
54.967000000000006,0.001970466000000004,299.5338,243.18310259999998
54.976000000000006,0.0016148939999999917,297.5466,245.17196339999987
54.986,0.001792679999999991,298.54019999999997,245.17196339999987
54.996,0.0016148939999999917,294.56579999999997,245.17196339999987
55.005,0.0014371079999999925,298.54019999999997,247.1608242000002
55.01500000000001,0.0021482519999999894,299.5338,243.18310259999998
55.02400000000001,0.001792679999999991,300.5274,247.1608242000002
55.034,0.001970466000000004,300.5274,247.1608242000002
55.043,0.0014371079999999925,295.5594,243.18310259999998
55.053000000000004,0.0016148939999999917,295.5594,278.98259699999994
55.062000000000005,0.0021482519999999894,296.553,276.99373620000006
55.092000000000006,0.002503823999999988,295.5594,273.01601460000006
55.102,0.0023260380000000025,297.5466,278.98259699999994
55.111,0.0023260380000000025,297.5466,276.99373620000006
55.121,0.002503823999999988,297.5466,278.98259699999994
55.13100000000001,0.001970466000000004,294.56579999999997,275.00487539999995
55.141,0.0028593959999999863,297.5466,308.815509
55.15,0.0030371819999999994,297.5466,308.815509
55.18200000000001,0.003570539999999997,295.5594,306.82664820000014
55.192,0.0037483259999999963,298.54019999999997,304.8377874
55.201,0.003570539999999997,299.5338,306.82664820000014
55.211000000000006,0.0037483259999999963,297.5466,304.8377874
55.221,0.003392753999999998,297.5466,304.8377874
55.23,0.003570539999999997,297.5466,308.815509
55.24,0.0037483259999999963,298.54019999999997,306.82664820000014
55.249,0.0037483259999999963,297.5466,308.815509
55.26800000000001,0.003392753999999998,298.54019999999997,306.82664820000014
55.278,0.004103897999999995,295.5594,336.6595602000002
55.288000000000004,0.004815041999999992,296.553,336.6595602000002
55.317,0.004992828000000005,297.5466,334.6706993999999
55.327000000000005,0.004992828000000005,298.54019999999997,338.6484210000001
55.336000000000006,0.004637255999999992,297.5466,338.6484210000001
55.346,0.004992828000000005,297.5466,336.6595602000002
55.356,0.004815041999999992,294.56579999999997,334.6706993999999
55.365,0.00517061399999999,298.54019999999997,336.6595602000002
55.37500000000001,0.004992828000000005,296.553,336.6595602000002
55.38400000000001,0.00517061399999999,297.5466,334.6706993999999
55.394,0.004992828000000005,295.5594,336.6595602000002
55.403,0.004992828000000005,298.54019999999997,334.6706993999999
55.413000000000004,0.0055261859999999885,296.553,368.48133299999995
55.42300000000001,0.006237329999999999,297.5466,368.48133299999995
55.452000000000005,0.006770687999999997,294.56579999999997,364.5036114000002
55.46200000000001,0.006948473999999996,298.54019999999997,368.48133299999995
55.471,0.006770687999999997,298.54019999999997,368.48133299999995
55.481,0.006770687999999997,298.54019999999997,370.4701938000003
55.49100000000001,0.006948473999999996,295.5594,364.5036114000002
55.50000000000001,0.006948473999999996,300.5274,368.48133299999995
55.51,0.006770687999999997,297.5466,368.48133299999995
55.519,0.007126259999999995,297.5466,366.49247220000007
55.53900000000001,0.006592901999999998,296.553,364.5036114000002
55.549,0.007481831999999994,298.54019999999997,398.314245
55.558,0.008370762000000004,298.54019999999997,398.314245
55.58700000000001,0.008726334000000002,292.5786,396.32538420000014
55.597,0.009081906,299.5338,400.30310580000014
55.606,0.009081906,297.5466,396.32538420000014
55.61600000000001,0.009081906,298.54019999999997,396.32538420000014
55.626,0.008904119999999988,296.553,398.314245
55.636,0.009793049999999984,299.5338,426.1582962
55.645,0.010859765999999993,296.553,426.1582962
55.677,0.011393124000000004,296.553,428.1471570000001
55.687000000000005,0.011393124000000004,298.54019999999997,428.1471570000001
55.696000000000005,0.01157090999999999,298.54019999999997,428.1471570000001
55.70600000000001,0.01157090999999999,297.5466,428.1471570000001
55.716,0.011393124000000004,298.54019999999997,426.1582962
55.726000000000006,0.012282054,299.5338,457.98006899999996
55.73500000000001,0.013526555999999995,298.54019999999997,455.9912082000001
55.767,0.014059913999999993,297.5466,455.9912082000001
55.77700000000001,0.014059913999999993,299.5338,455.9912082000001
55.78600000000001,0.014237699999999992,298.54019999999997,457.98006899999996
55.796,0.014237699999999992,298.54019999999997,455.9912082000001
55.806000000000004,0.014059913999999993,295.5594,457.98006899999996
55.815000000000005,0.014415486000000005,299.5338,455.9912082000001
55.82500000000001,0.01459327199999999,297.5466,457.98006899999996
55.83400000000001,0.014415486000000005,297.5466,457.98006899999996
55.844,0.01459327199999999,295.5594,455.9912082000001
55.853,0.014415486000000005,296.553,454.0023474000002
55.86300000000001,0.015482201999999987,298.54019999999997,485.82412020000015
55.87200000000001,0.016726703999999995,298.54019999999997,485.82412020000015
55.90200000000001,0.01761563399999999,294.56579999999997,481.84639859999993
55.912,0.017437848000000006,297.5466,487.81298100000004
55.921,0.017437848000000006,295.5594,485.82412020000015
55.931000000000004,0.017437848000000006,298.54019999999997,487.81298100000004
55.94100000000001,0.01761563399999999,295.5594,483.83525940000004
55.951,0.018326778000000002,296.553,513.6681714000001
55.96,0.019749065999999996,296.553,513.6681714000001
55.992,0.02081578199999999,296.553,511.6793106
56.002,0.020637995999999992,297.5466,513.6681714000001
56.011,0.02081578199999999,298.54019999999997,515.6570322
56.02100000000001,0.02081578199999999,296.553,513.6681714000001
56.041000000000004,0.021882497999999986,297.5466,541.5122226000001
56.050000000000004,0.022949213999999996,298.54019999999997,543.5010834000002
56.082,0.023660357999999992,297.5466,543.5010834000002
56.092000000000006,0.02401592999999999,298.54019999999997,543.5010834000002
56.101000000000006,0.02383814399999999,299.5338,541.5122226000001
56.111,0.02401592999999999,298.54019999999997,543.5010834000002
56.121,0.02383814399999999,295.5594,541.5122226000001
56.13,0.02401592999999999,299.5338,543.5010834000002
56.14900000000001,0.02401592999999999,297.5466,543.5010834000002
56.159,0.02419371599999999,299.5338,541.5122226000001
56.17000000000001,0.02383814399999999,295.5594,541.5122226000001
56.18,0.024727074,299.5338,573.3339954
56.189,0.026149361999999995,297.5466,573.3339954
56.217000000000006,0.026682719999999993,295.5594,571.3451345999999
56.227,0.026860505999999992,298.54019999999997,573.3339954
56.236,0.026682719999999993,298.54019999999997,573.3339954
56.246,0.026860505999999992,299.5338,573.3339954
56.25600000000001,0.026504933999999994,297.5466,571.3451345999999
56.266,0.026860505999999992,297.5466,605.1557682
56.275,0.028282793999999986,298.54019999999997,605.1557682
56.30700000000001,0.028282793999999986,296.553,603.1669074000001
56.317,0.028282793999999986,297.5466,603.1669074000001
56.326,0.028105008,299.5338,605.1557682
56.336000000000006,0.028282793999999986,297.5466,603.1669074000001
56.346,0.027749436000000002,293.5722,605.1557682
56.355,0.027927221999999988,297.5466,605.1557682
56.365,0.027927221999999988,297.5466,605.1557682
56.374,0.027749436000000002,296.553,605.1557682
56.38400000000001,0.027927221999999988,298.54019999999997,605.1557682
56.39300000000001,0.02739386399999999,296.553,601.1780466
56.403,0.028105008,298.54019999999997,636.9775410000002
56.413000000000004,0.028993937999999997,298.54019999999997,636.9775410000002
56.442,0.028638366,294.56579999999997,631.0109586000001
56.452000000000005,0.028816151999999998,297.5466,634.9886802000001
56.461000000000006,0.02846058,298.54019999999997,634.9886802000001
56.471,0.02846058,298.54019999999997,634.9886802000001
56.481,0.027927221999999988,293.5722,632.9998194000002
56.49100000000001,0.028105008,299.5338,664.8215921999999
56.51,0.028638366,298.54019999999997,664.8215921999999
56.532000000000004,0.027927221999999988,297.5466,664.8215921999999
56.54200000000001,0.027749436000000002,297.5466,662.8327314000001
56.55100000000001,0.02739386399999999,297.5466,664.8215921999999
56.561,0.02721607799999999,296.553,666.8104530000003
56.571000000000005,0.02703829199999999,294.56579999999997,662.8327314000001
56.59000000000001,0.02721607799999999,298.54019999999997,696.6433650000001
56.6,0.02703829199999999,296.553,692.6656434000001
56.62200000000001,0.025971575999999996,297.5466,696.6433650000001
56.66700000000001,0.025260431999999985,299.5338,696.6433650000001
56.71200000000001,0.02454928799999999,295.5594,692.6656434000001
56.722,0.02454928799999999,299.5338,694.6545042
56.732000000000006,0.024371502000000003,297.5466,696.6433650000001
56.751,0.02419371599999999,295.5594,696.6433650000001
56.77,0.02401592999999999,299.5338,728.4651377999999
56.78000000000001,0.023660357999999992,298.54019999999997,728.4651377999999
56.79,0.023482571999999993,297.5466,724.4874162000001
56.803000000000004,0.023126999999999995,296.553,722.4985554
56.812000000000005,0.022593641999999997,296.553,728.4651377999999
56.82200000000001,0.022415855999999998,297.5466,726.4762770000002
56.841,0.021704712,294.56579999999997,726.4762770000002
56.86000000000001,0.02117135399999999,298.54019999999997,760.2869106000003
56.871,0.02081578199999999,298.54019999999997,758.2980498000002
56.88100000000001,0.020460210000000006,294.56579999999997,756.3091890000005
56.89300000000001,0.020104637999999994,295.5594,754.3203282000004
56.90200000000001,0.019926851999999995,299.5338,756.3091890000005
56.912,0.019037922,296.553,758.2980498000002
56.931000000000004,0.018504563999999987,294.56579999999997,754.3203282000004
56.94100000000001,0.01797120599999999,297.5466,790.1198226000006
56.951,0.01797120599999999,299.5338,788.1309618000005
56.961000000000006,0.01761563399999999,299.5338,788.1309618000005
56.983,0.016726703999999995,297.5466,786.1421010000004
56.992,0.016193345999999983,299.5338,788.1309618000005
57.002,0.016015559999999998,298.54019999999997,788.1309618000005
57.02100000000001,0.015482201999999987,296.553,786.1421010000004
57.031,0.015126630000000002,295.5594,788.1309618000005
57.041000000000004,0.014948843999999989,296.553,790.1198226000006
57.05100000000001,0.014771058000000004,297.5466,788.1309618000005
57.061,0.01459327199999999,296.553,786.1421010000004
57.071000000000005,0.014415486000000005,296.553,784.1532402000003
57.08100000000001,0.013704341999999994,300.5274,817.9638738000003
57.091,0.013526555999999995,298.54019999999997,817.9638738000003
57.117,0.012815411999999984,292.5786,813.9861522000006
57.127,0.012459839999999986,296.553,817.9638738000003
57.13700000000001,0.012282054,297.5466,815.9750130000002
57.14600000000001,0.012282054,298.54019999999997,815.9750130000002
57.156,0.01157090999999999,297.5466,815.9750130000002
57.166000000000004,0.010859765999999993,297.5466,847.7967858000006
57.175000000000004,0.010681979999999994,297.5466,849.7856466000003
57.208000000000006,0.009615263999999998,295.5594,845.8079250000001
57.217000000000006,0.009259692,296.553,847.7967858000006
57.227,0.008904119999999988,298.54019999999997,849.7856466000003
57.236,0.008726334000000002,296.553,847.7967858000006
57.246,0.00854854799999999,300.5274,847.7967858000006
57.255,0.00819297599999999,298.54019999999997,849.7856466000003
57.26500000000001,0.00819297599999999,295.5594,845.8079250000001
57.27400000000001,0.008015189999999991,298.54019999999997,849.7856466000003
57.284,0.007659617999999993,298.54019999999997,849.7856466000003
57.293,0.007481831999999994,296.553,845.8079250000001
57.303000000000004,0.006770687999999997,297.5466,879.6185586000001
57.31300000000001,0.006948473999999996,298.54019999999997,879.6185586000001
57.342999999999996,0.006059544,293.5722,877.6296978000005
57.352,0.005881757999999987,299.5338,879.6185586000001
57.371,0.005348400000000003,298.54019999999997,879.6185586000001
57.382,0.005348400000000003,297.5466,875.6408370000004
57.391,0.004637255999999992,297.5466,909.4514706000004
57.401,0.004459469999999993,297.5466,911.4403314000006
57.41100000000001,0.004281683999999994,298.54019999999997,909.4514706000004
57.433,0.0037483259999999963,295.5594,909.4514706000004
57.451,0.003392753999999998,297.5466,909.4514706000004
57.461000000000006,0.0032149679999999986,294.56579999999997,911.4403314000006
57.472,0.0032149679999999986,298.54019999999997,907.4626098000003
57.481,0.0030371819999999994,299.5338,911.4403314000006
57.49100000000001,0.0030371819999999994,297.5466,909.4514706000004
57.501,0.0030371819999999994,299.5338,911.4403314000006
57.51200000000001,0.0028593959999999863,298.54019999999997,911.4403314000006
57.522,0.0023260380000000025,297.5466,909.4514706000004
57.532000000000004,0.001970466000000004,299.5338,943.2621042000005
57.54200000000001,0.0021482519999999894,298.54019999999997,941.2732434
57.568000000000005,0.0016148939999999917,296.553,939.2843826000003
57.577000000000005,0.001792679999999991,299.5338,941.2732434
57.58700000000001,0.001792679999999991,298.54019999999997,941.2732434
57.596,0.0014371079999999925,297.5466,941.2732434
57.606,0.0012593219999999933,296.553,939.2843826000003
57.615,0.0016148939999999917,299.5338,941.2732434
57.62500000000001,0.0014371079999999925,299.5338,943.2621042000005
57.63400000000001,0.0014371079999999925,298.54019999999997,941.2732434
57.644,0.0012593219999999933,297.5466,939.2843826000003
57.654,0.001081535999999994,295.5594,939.2843826000003
57.663000000000004,0.00037039200000001105,296.553,971.1061554000003
57.67300000000001,0.00037039200000001105,296.553,973.0950162000004
57.70300000000001,0.00019260599999999795,296.553,971.1061554000003
57.71200000000001,0.0005481779999999825,298.54019999999997,971.1061554000003
57.722,0.00037039200000001105,300.5274,973.0950162000004
57.732000000000006,0.00037039200000001105,295.5594,971.1061554000003
57.742,0.00019260599999999795,294.56579999999997,971.1061554000003
57.752,0.00037039200000001105,298.54019999999997,975.083877
57.76200000000001,0.00037039200000001105,294.56579999999997,971.1061554000003
57.772,0.00019260599999999795,297.5466,973.0950162000004
57.782000000000004,0.00037039200000001105,297.5466,971.1061554000003
57.79200000000001,0.00019260599999999795,295.5594,971.1061554000003
57.802,1.4819999999998723e-05,297.5466,1012.9974906000002
57.812000000000005,-0.00016296600000001438,296.553,1012.9974906000002
57.838,-0.0003407520000000136,294.56579999999997,1011.0812442000001
57.847,-0.00016296600000001438,297.5466,1012.9974906000002
57.857000000000006,-0.00016296600000001438,297.5466,1012.9974906000002
57.86600000000001,-0.0003407520000000136,297.5466,1014.9137370000003
57.876,-0.0005185379999999989,296.553,1011.0812442000001
57.885,-0.00016296600000001438,297.5466,1014.9137370000003
57.895,-0.00016296600000001438,298.54019999999997,1012.9974906000002
57.904,-0.0003407520000000136,297.5466,1014.9137370000003
57.91400000000001,-0.00016296600000001438,298.54019999999997,1011.0812442000001
57.931000000000004,-0.00016296600000001438,301.52099999999996,1041.7411865999998
57.940000000000005,1.4819999999998723e-05,315.4314,1041.7411865999998
57.973000000000006,-0.00016296600000001438,320.3994,1039.8249402000001
57.982000000000006,-0.00016296600000001438,321.393,1043.6574329999999
58.01800000000001,1.4819999999998723e-05,322.3866,1037.9086938
58.028,-0.00016296600000001438,324.37379999999996,1041.7411865999998
58.037,-0.00016296600000001438,325.3674,1041.7411865999998
58.047000000000004,-0.00016296600000001438,325.3674,1043.6574329999999
58.056000000000004,-0.00016296600000001438,324.37379999999996,1039.8249402000001
58.06600000000001,-0.00016296600000001438,327.3546,1043.6574329999999
58.07500000000001,1.4819999999998723e-05,327.3546,1039.8249402000001
58.085,-0.00016296600000001438,328.34819999999996,1045.5736794000004
58.094,-0.0003407520000000136,328.34819999999996,1043.6574329999999
58.104000000000006,-0.0006963239999999982,327.3546,1041.7411865999998
58.114,-0.00016296600000001438,359.14979999999997,1072.4011290000003
58.133,1.4819999999998723e-05,361.137,1072.4011290000003
58.153,-0.0003407520000000136,361.137,1072.4011290000003
58.162,1.4819999999998723e-05,362.1306,1070.4848826000002
58.172000000000004,-0.00016296600000001438,362.1306,1074.3173754
58.181000000000004,-0.0003407520000000136,364.1178,1076.2336218
58.19100000000001,-0.0003407520000000136,363.1242,1072.4011290000003
58.201,-0.0003407520000000136,394.9194,1104.9773178
58.21,-0.00016296600000001438,393.9258,1103.0610714000004
58.243,-0.00016296600000001438,393.9258,1101.1448249999999
58.252,-0.00016296600000001438,395.913,1103.0610714000004
58.26200000000001,-0.00016296600000001438,397.9002,1103.0610714000004
58.27100000000001,-0.00016296600000001438,397.9002,1103.0610714000004
58.281,-0.0003407520000000136,396.90659999999997,1103.0610714000004
58.291000000000004,-0.0003407520000000136,426.7146,1133.7210138
58.300000000000004,-0.0003407520000000136,427.7082,1133.7210138
58.333000000000006,-0.0003407520000000136,427.7082,1131.8047674
58.342000000000006,-0.00016296600000001438,429.6954,1133.7210138
58.352,-0.0003407520000000136,429.6954,1133.7210138
58.361,-0.00016296600000001438,429.6954,1131.8047674
58.371,-0.00016296600000001438,429.6954,1131.8047674
58.38,1.4819999999998723e-05,430.68899999999996,1131.8047674
58.39000000000001,-0.0003407520000000136,431.6826,1133.7210138
58.39900000000001,-0.0003407520000000136,430.68899999999996,1131.8047674
58.409,-0.0003407520000000136,431.6826,1135.6372601999997
58.419000000000004,-0.0005185379999999989,430.68899999999996,1129.8885210000003
58.428000000000004,-0.00016296600000001438,460.497,1162.4647098
58.43800000000001,-0.00016296600000001438,461.4906,1164.3809562000001
58.467999999999996,-0.0003407520000000136,460.497,1158.6322169999999
58.477,-0.00016296600000001438,462.4842,1162.4647098
58.487,-0.00016296600000001438,463.4778,1162.4647098
58.496,1.4819999999998723e-05,461.4906,1158.6322169999999
58.50600000000001,-0.0003407520000000136,462.4842,1162.4647098
58.516,-0.0005185379999999989,493.2858,1195.0408986000002
58.525,-0.0003407520000000136,493.2858,1196.9571450000003
58.558,-0.00016296600000001438,493.2858,1193.1246521999997
58.567,-0.00016296600000001438,494.2794,1193.1246521999997
58.577000000000005,1.4819999999998723e-05,494.2794,1193.1246521999997
58.586000000000006,1.4819999999998723e-05,494.2794,1191.2084058
58.597,-0.00016296600000001438,495.27299999999997,1193.1246521999997
58.606,-0.00016296600000001438,524.0874,1223.7845945999998
58.61600000000001,0.00019260599999999795,523.0938000000001,1219.9521018
58.62500000000001,-0.00016296600000001438,523.0938000000001,1219.9521018
58.648,-0.00016296600000001438,524.0874,1221.8683482000001
58.657000000000004,-0.0003407520000000136,524.0874,1223.7845945999998
58.66700000000001,-0.0003407520000000136,526.0746,1225.7008409999999
58.67600000000001,-0.00016296600000001438,526.0746,1221.8683482000001
58.686,-0.0003407520000000136,524.0874,1223.7845945999998
58.695,-0.00016296600000001438,526.0746,1221.8683482000001
58.705000000000005,-0.00016296600000001438,526.0746,1223.7845945999998
58.71500000000001,-0.0003407520000000136,526.0746,1225.7008409999999
58.734,-0.00016296600000001438,526.0746,1223.7845945999998
58.74400000000001,-0.0003407520000000136,555.8826,1254.4445370000003
58.75300000000001,-0.00016296600000001438,555.8826,1252.5282906000002
58.78300000000001,-0.00016296600000001438,553.8954000000001,1250.6120442000001
58.79200000000001,-0.00016296600000001438,555.8826,1250.6120442000001
58.802,-0.00016296600000001438,556.8762,1256.3607834
58.811,-0.0003407520000000136,556.8762,1256.3607834
58.821000000000005,-0.0005185379999999989,556.8762,1250.6120442000001
58.83100000000001,-0.00016296600000001438,585.6906,1283.1882329999999
58.84000000000001,-0.0003407520000000136,585.6906,1285.1044794000004
58.873,-0.0003407520000000136,585.6906,1281.2719865999998
58.882,-0.00016296600000001438,586.6842,1281.2719865999998
58.892,-0.00016296600000001438,586.6842,1281.2719865999998
58.901,-0.00016296600000001438,586.6842,1283.1882329999999
58.91100000000001,-0.0003407520000000136,585.6906,1283.1882329999999
58.921,-0.0003407520000000136,586.6842,1285.1044794000004
58.93,-0.0003407520000000136,586.6842,1283.1882329999999
58.940000000000005,-0.00016296600000001438,586.6842,1283.1882329999999
58.949000000000005,-0.00016296600000001438,585.6906,1283.1882329999999
58.95900000000001,-0.0005185379999999989,586.6842,1283.1882329999999
58.967999999999996,-0.0003407520000000136,615.4986,1315.7644218
58.978,1.4819999999998723e-05,613.5114000000001,1311.9319290000003
59.008,-0.0003407520000000136,613.5114000000001,1311.9319290000003
59.017,-0.0003407520000000136,614.5050000000001,1313.8481754
59.02700000000001,-0.0003407520000000136,615.4986,1315.7644218
59.03600000000001,-0.0003407520000000136,614.5050000000001,1313.8481754
59.046,-0.0003407520000000136,613.5114000000001,1311.9319290000003
59.056000000000004,-0.00016296600000001438,643.3194000000001,1342.5918714000004
59.06600000000001,-0.0003407520000000136,644.3130000000001,1346.4243642000001
59.098000000000006,-0.0003407520000000136,642.3258000000001,1344.5081178
59.107000000000006,-0.00016296600000001438,642.3258000000001,1344.5081178
59.117,1.4819999999998723e-05,642.3258000000001,1344.5081178
59.126,-0.00016296600000001438,642.3258000000001,1344.5081178
59.13700000000001,-0.0003407520000000136,640.3386,1340.6756249999999
59.147,-0.0003407520000000136,669.153,1375.1680601999997
59.156,-0.0003407520000000136,670.1466,1375.1680601999997
59.18800000000001,-0.0005185379999999989,669.153,1377.0843066000002
59.233,1.4819999999998723e-05,665.1786000000001,1373.2518138
59.278,-0.00016296600000001438,663.1914,1369.4193210000003
59.287,-0.00016296600000001438,663.1914,1373.2518138
59.297000000000004,-0.00016296600000001438,664.1850000000001,1375.1680601999997
59.306000000000004,-0.0005185379999999989,664.1850000000001,1375.1680601999997
59.31600000000001,-0.0005185379999999989,663.1914,1377.0843066000002
59.326,-0.0005185379999999989,664.1850000000001,1377.0843066000002
59.344,-0.00016296600000001438,662.1978,1375.1680601999997
59.354000000000006,1.4819999999998723e-05,661.2042,1373.2518138
59.365,-0.0003407520000000136,660.2106000000001,1371.3355674
59.37500000000001,-0.00016296600000001438,660.2106000000001,1373.2518138
59.385,1.4819999999998723e-05,661.2042,1373.2518138
59.413000000000004,-0.0003407520000000136,659.2170000000001,1373.2518138
59.422000000000004,-0.0003407520000000136,660.2106000000001,1375.1680601999997
59.43200000000001,-0.0003407520000000136,659.2170000000001,1375.1680601999997
59.44100000000001,1.4819999999998723e-05,660.2106000000001,1373.2518138
59.451,-0.00016296600000001438,658.2234000000001,1371.3355674
59.461000000000006,-0.00016296600000001438,659.2170000000001,1373.2518138
59.470000000000006,-0.00016296600000001438,658.2234000000001,1373.2518138
59.48,1.4819999999998723e-05,658.2234000000001,1373.2518138
59.489,-0.00016296600000001438,658.2234000000001,1375.1680601999997
59.499,-0.0003407520000000136,658.2234000000001,1373.2518138
59.508,-0.00016296600000001438,631.3962,1344.5081178
59.51800000000001,-0.0003407520000000136,631.3962,1344.5081178
59.54800000000001,-0.00016296600000001438,629.4090000000001,1340.6756249999999
59.55700000000001,-0.0005185379999999989,630.4026,1344.5081178
59.567,-0.0003407520000000136,630.4026,1344.5081178
59.576,-0.00016296600000001438,630.4026,1344.5081178
59.586000000000006,1.4819999999998723e-05,627.4218000000001,1338.7593785999998
59.605,-0.00016296600000001438,629.4090000000001,1344.5081178
59.615,-0.0005185379999999989,631.3962,1348.3406106000002
59.62500000000001,-0.00016296600000001438,629.4090000000001,1344.5081178
59.635,-0.00016296600000001438,629.4090000000001,1338.7593785999998
59.645,-0.0005185379999999989,601.5882,1315.7644218
59.65500000000001,-0.00016296600000001438,600.5946,1313.8481754
59.683,-0.00016296600000001438,598.6074000000001,1308.0994362000001
59.692,-0.00016296600000001438,600.5946,1313.8481754
59.702000000000005,1.4819999999998723e-05,599.601,1311.9319290000003
59.711000000000006,-0.00016296600000001438,601.5882,1313.8481754
59.721,-0.0005185379999999989,601.5882,1313.8481754
59.731,-0.0003407520000000136,601.5882,1313.8481754
59.74,-0.00016296600000001438,600.5946,1310.0156826000002
59.75000000000001,-0.00016296600000001438,600.5946,1315.7644218
59.75900000000001,1.4819999999998723e-05,600.5946,1313.8481754
59.769,-0.00016296600000001438,601.5882,1310.0156826000002
59.778,-0.00016296600000001438,574.7610000000001,1283.1882329999999
59.788000000000004,-0.00016296600000001438,573.7674000000001,1283.1882329999999
59.818000000000005,-0.00016296600000001438,572.7738,1279.3557402000001
59.827000000000005,-0.00016296600000001438,574.7610000000001,1281.2719865999998
59.83700000000001,1.4819999999998723e-05,574.7610000000001,1281.2719865999998
59.846,1.4819999999998723e-05,574.7610000000001,1283.1882329999999
59.865,1.4819999999998723e-05,574.7610000000001,1283.1882329999999
59.87500000000001,-0.00016296600000001438,575.7546000000001,1285.1044794000004
59.885,-0.00016296600000001438,575.7546000000001,1283.1882329999999
59.895,-0.00016296600000001438,576.7482,1283.1882329999999
59.906,-0.0005185379999999989,575.7546000000001,1281.2719865999998
59.916000000000004,-0.0003407520000000136,548.9274,1254.4445370000003
59.925000000000004,-0.00016296600000001438,547.9338,1252.5282906000002
59.95300000000001,1.4819999999998723e-05,546.9402,1248.6957978
59.96200000000001,-0.00016296600000001438,547.9338,1252.5282906000002
59.972,1.4819999999998723e-05,548.9274,1254.4445370000003
59.981,1.4819999999998723e-05,548.9274,1252.5282906000002
59.992,-0.00016296600000001438,548.9274,1254.4445370000003
60.001,-0.0005185379999999989,523.0938000000001,1225.7008409999999
60.011,-0.00016296600000001438,521.1066000000001,1221.8683482000001
60.043,-0.00016296600000001438,521.1066000000001,1221.8683482000001
60.052,-0.00016296600000001438,523.0938000000001,1221.8683482000001
60.062000000000005,-0.00016296600000001438,523.0938000000001,1223.7845945999998
60.071000000000005,-0.0003407520000000136,523.0938000000001,1223.7845945999998
60.08100000000001,-0.00016296600000001438,522.1002000000001,1221.8683482000001
60.091,-0.0003407520000000136,523.0938000000001,1223.7845945999998
60.1,-0.0003407520000000136,524.0874,1221.8683482000001
60.11000000000001,-0.00016296600000001438,524.0874,1219.9521018
60.11900000000001,-0.00016296600000001438,524.0874,1221.8683482000001
60.129,1.4819999999998723e-05,523.0938000000001,1218.0358554000004
60.138,1.4819999999998723e-05,496.2666,1193.1246521999997
60.148,-0.0003407520000000136,497.2602,1195.0408986000002
60.178000000000004,1.4819999999998723e-05,495.27299999999997,1191.2084058
60.187000000000005,-0.0003407520000000136,498.2538,1193.1246521999997
60.19700000000001,-0.0003407520000000136,498.2538,1195.0408986000002
60.217000000000006,-0.0003407520000000136,496.2666,1191.2084058
60.236,1.4819999999998723e-05,470.433,1160.5484634000004
60.246,1.4819999999998723e-05,469.4394,1160.5484634000004
60.25600000000001,1.4819999999998723e-05,470.433,1162.4647098
60.26800000000001,-0.00016296600000001438,469.4394,1158.6322169999999
60.27700000000001,-0.00016296600000001438,471.4266,1164.3809562000001
60.287,1.4819999999998723e-05,470.433,1160.5484634000004
60.30700000000001,-0.0003407520000000136,472.42019999999997,1160.5484634000004
60.31600000000001,-0.00016296600000001438,444.5994,1131.8047674
60.326,1.4819999999998723e-05,444.5994,1133.7210138
60.336000000000006,-0.00016296600000001438,445.593,1133.7210138
60.358,-0.0003407520000000136,444.5994,1131.8047674
60.367,-0.0003407520000000136,447.5802,1133.7210138
60.377,1.4819999999998723e-05,446.5866,1131.8047674
60.39600000000001,-0.00016296600000001438,445.593,1131.8047674
60.406,-0.0003407520000000136,447.5802,1133.7210138
60.416000000000004,-0.00016296600000001438,447.5802,1133.7210138
60.42600000000001,-0.00016296600000001438,448.5738,1131.8047674
60.436,-0.00016296600000001438,447.5802,1133.7210138
60.451,-0.0003407520000000136,419.75939999999997,1106.8935642000001
60.461000000000006,1.4819999999998723e-05,419.75939999999997,1103.0610714000004
60.493,-0.00016296600000001438,419.75939999999997,1101.1448249999999
60.502,-0.0003407520000000136,420.753,1104.9773178
60.51200000000001,-0.00016296600000001438,421.7466,1103.0610714000004
60.52100000000001,-0.0003407520000000136,422.7402,1104.9773178
60.532000000000004,-0.0005185379999999989,420.753,1104.9773178
60.541000000000004,-0.00016296600000001438,393.9258,1074.3173754
60.55100000000001,-0.00016296600000001438,394.9194,1076.2336218
60.583000000000006,-0.00016296600000001438,392.93219999999997,1070.4848826000002
60.592000000000006,-0.00016296600000001438,394.9194,1074.3173754
60.602,-0.00016296600000001438,394.9194,1072.4011290000003
60.611,-0.0003407520000000136,396.90659999999997,1074.3173754
60.62200000000001,-0.0003407520000000136,394.9194,1074.3173754
60.63100000000001,-0.0003407520000000136,368.0922,1043.6574329999999
60.641,-0.00016296600000001438,368.0922,1043.6574329999999
60.67300000000001,-0.00016296600000001438,367.0986,1043.6574329999999
60.68200000000001,1.4819999999998723e-05,369.0858,1043.6574329999999
60.692,-0.00016296600000001438,368.0922,1043.6574329999999
60.701,-0.0006963239999999982,369.0858,1045.5736794000004
60.711000000000006,-0.00016296600000001438,368.0922,1041.7411865999998
60.721,-0.00016296600000001438,369.0858,1043.6574329999999
60.73,-0.00016296600000001438,370.07939999999996,1043.6574329999999
60.74,-0.00016296600000001438,370.07939999999996,1045.5736794000004
60.749,-0.0003407520000000136,370.07939999999996,1045.5736794000004
60.766,-0.0003407520000000136,342.2586,1012.9974906000002
60.776,-0.00016296600000001438,341.265,1012.9974906000002
60.808,-0.0003407520000000136,342.2586,1012.9974906000002
60.827000000000005,-0.0003407520000000136,342.2586,1011.0812442000001
60.83700000000001,-0.00016296600000001438,342.2586,1011.0812442000001
60.847,-0.0005185379999999989,343.25219999999996,1011.0812442000001
60.857000000000006,-0.0003407520000000136,315.4314,973.0950162000004
60.867,-0.00016296600000001438,314.4378,973.0950162000004
60.877,-0.0003407520000000136,315.4314,973.0950162000004
60.898,-0.00016296600000001438,313.44419999999997,967.1284338000005
60.91700000000001,-0.0003407520000000136,316.425,975.083877
60.927,-0.0003407520000000136,316.425,973.0950162000004
60.937000000000005,-0.00016296600000001438,316.425,969.1172946000006
60.94700000000001,-0.0003407520000000136,298.54019999999997,945.2509650000006
60.957,-0.0003407520000000136,296.553,943.2621042000005
60.967000000000006,-0.00016296600000001438,299.5338,941.2732434
60.98800000000001,-0.00016296600000001438,295.5594,941.2732434
61.007,-0.00016296600000001438,296.553,941.2732434
61.017,-0.0003407520000000136,297.5466,943.2621042000005
61.02700000000001,-0.00016296600000001438,295.5594,939.2843826000003
61.037,-0.0003407520000000136,297.5466,941.2732434
61.047000000000004,-0.00016296600000001438,297.5466,941.2732434
61.05700000000001,-0.0003407520000000136,296.553,943.2621042000005
61.067,-0.0005185379999999989,297.5466,943.2621042000005
61.077000000000005,-0.0003407520000000136,296.553,939.2843826000003
61.08700000000001,1.4819999999998723e-05,298.54019999999997,911.4403314000006
61.097,1.4819999999998723e-05,297.5466,911.4403314000006
61.123,-0.00016296600000001438,294.56579999999997,911.4403314000006
61.132,1.4819999999998723e-05,296.553,911.4403314000006
61.142,0.00019260599999999795,297.5466,909.4514706000004
61.151,1.4819999999998723e-05,296.553,911.4403314000006
61.162,-0.0003407520000000136,296.553,907.4626098000003
61.171,1.4819999999998723e-05,298.54019999999997,879.6185586000001
61.181000000000004,0.00019260599999999795,297.5466,877.6296978000005
61.213,-0.00016296600000001438,295.5594,877.6296978000005
61.222,1.4819999999998723e-05,297.5466,877.6296978000005
61.232000000000006,-0.00016296600000001438,297.5466,877.6296978000005
61.24100000000001,1.4819999999998723e-05,298.54019999999997,877.6296978000005
61.25300000000001,-0.0003407520000000136,295.5594,875.6408370000004
61.26200000000001,1.4819999999998723e-05,299.5338,851.7745074000004
61.272,1.4819999999998723e-05,296.553,849.7856466000003
61.281,-0.00016296600000001438,297.5466,851.7745074000004
61.291000000000004,-0.00016296600000001438,296.553,849.7856466000003
61.303000000000004,1.4819999999998723e-05,294.56579999999997,845.8079250000001
61.312000000000005,-0.00016296600000001438,296.553,847.7967858000006
61.32200000000001,1.4819999999998723e-05,297.5466,849.7856466000003
61.33100000000001,1.4819999999998723e-05,298.54019999999997,849.7856466000003
61.341,1.4819999999998723e-05,296.553,847.7967858000006
61.351000000000006,-0.00016296600000001438,297.5466,849.7856466000003
61.36000000000001,0.00019260599999999795,298.54019999999997,845.8079250000001
61.39600000000001,1.4819999999998723e-05,298.54019999999997,817.9638738000003
61.406,1.4819999999998723e-05,297.5466,817.9638738000003
61.43800000000001,-0.00016296600000001438,295.5594,815.9750130000002
61.448,-0.00016296600000001438,296.553,817.9638738000003
61.458000000000006,-0.00016296600000001438,294.56579999999997,817.9638738000003
61.467999999999996,1.4819999999998723e-05,297.5466,817.9638738000003
61.478,1.4819999999998723e-05,299.5338,817.9638738000003
61.48800000000001,-0.00016296600000001438,293.5722,790.1198226000006
61.498,1.4819999999998723e-05,298.54019999999997,790.1198226000006
61.528,-0.00016296600000001438,295.5594,788.1309618000005
61.537,1.4819999999998723e-05,299.5338,788.1309618000005
61.547000000000004,1.4819999999998723e-05,298.54019999999997,788.1309618000005
61.556000000000004,1.4819999999998723e-05,296.553,788.1309618000005
61.568000000000005,-0.0005185379999999989,296.553,788.1309618000005
61.57800000000001,0.00019260599999999795,298.54019999999997,756.3091890000005
61.58700000000001,1.4819999999998723e-05,299.5338,758.2980498000002
61.597,0.00019260599999999795,298.54019999999997,756.3091890000005
61.606,0.00019260599999999795,299.5338,756.3091890000005
61.618,0.00019260599999999795,294.56579999999997,752.3314674000007
61.627,1.4819999999998723e-05,298.54019999999997,756.3091890000005
61.63700000000001,1.4819999999998723e-05,297.5466,756.3091890000005
61.64600000000001,1.4819999999998723e-05,297.5466,758.2980498000002
61.657000000000004,-0.0003407520000000136,295.5594,754.3203282000004
61.666000000000004,0.00019260599999999795,299.5338,726.4762770000002
61.67600000000001,0.00019260599999999795,299.5338,728.4651377999999
61.708000000000006,1.4819999999998723e-05,301.52099999999996,728.4651377999999
61.75300000000001,-0.00016296600000001438,295.5594,730.4539986
61.79800000000001,-0.00016296600000001438,295.5594,726.4762770000002
61.808,1.4819999999998723e-05,297.5466,724.4874162000001
61.817,0.00019260599999999795,298.54019999999997,724.4874162000001
61.827000000000005,1.4819999999998723e-05,296.553,726.4762770000002
61.836000000000006,1.4819999999998723e-05,297.5466,724.4874162000001
61.846,-0.0003407520000000136,296.553,726.4762770000002
61.855,1.4819999999998723e-05,299.5338,728.4651377999999
61.865,-0.0003407520000000136,297.5466,728.4651377999999
61.874,1.4819999999998723e-05,298.54019999999997,728.4651377999999
61.88400000000001,-0.00016296600000001438,297.5466,726.4762770000002
61.894,1.4819999999998723e-05,298.54019999999997,698.6322258
61.903,-0.00016296600000001438,296.553,696.6433650000001
61.933,-0.00016296600000001438,295.5594,694.6545042
61.943000000000005,1.4819999999998723e-05,297.5466,694.6545042
61.952000000000005,1.4819999999998723e-05,297.5466,696.6433650000001
61.96200000000001,1.4819999999998723e-05,298.54019999999997,694.6545042
61.972,-0.00016296600000001438,296.553,698.6322258
61.981,1.4819999999998723e-05,298.54019999999997,666.8104530000003
61.99100000000001,1.4819999999998723e-05,296.553,662.8327314000001
62.023,-0.00016296600000001438,295.5594,660.8438706000002
62.03300000000001,1.4819999999998723e-05,296.553,664.8215921999999
62.04200000000001,-0.0003407520000000136,298.54019999999997,666.8104530000003
62.052,1.4819999999998723e-05,298.54019999999997,664.8215921999999
62.062000000000005,-0.00016296600000001438,294.56579999999997,664.8215921999999
62.071000000000005,0.00019260599999999795,300.5274,634.9886802000001
62.08100000000001,0.00019260599999999795,298.54019999999997,636.9775410000002
62.11300000000001,-0.00016296600000001438,296.553,632.9998194000002
62.123,1.4819999999998723e-05,297.5466,634.9886802000001
62.132,-0.00016296600000001438,297.5466,636.9775410000002
62.142,1.4819999999998723e-05,296.553,632.9998194000002
62.151,-0.00016296600000001438,294.56579999999997,632.9998194000002
62.16100000000001,-0.00016296600000001438,299.5338,638.9664018000001
62.17000000000001,-0.00016296600000001438,296.553,636.9775410000002
62.18,1.4819999999998723e-05,296.553,634.9886802000001
62.199000000000005,-0.00016296600000001438,293.5722,636.9775410000002
62.20900000000001,0.00019260599999999795,298.54019999999997,607.1446289999999
62.219,1.4819999999998723e-05,297.5466,605.1557682
62.248,0.00019260599999999795,296.553,605.1557682
62.258,0.00019260599999999795,298.54019999999997,603.1669074000001
62.267,0.00019260599999999795,296.553,603.1669074000001
62.27700000000001,1.4819999999998723e-05,297.5466,605.1557682
62.287,1.4819999999998723e-05,295.5594,603.1669074000001
62.296,0.00019260599999999795,296.553,573.3339954
62.306000000000004,1.4819999999998723e-05,296.553,575.3228562000002
62.338,-0.00016296600000001438,295.5594,571.3451345999999
62.348000000000006,1.4819999999998723e-05,295.5594,573.3339954
62.357000000000006,1.4819999999998723e-05,296.553,573.3339954
62.367,1.4819999999998723e-05,297.5466,571.3451345999999
62.377,1.4819999999998723e-05,295.5594,573.3339954
62.386,1.4819999999998723e-05,294.56579999999997,545.4899442000001
62.39600000000001,1.4819999999998723e-05,297.5466,543.5010834000002
62.428000000000004,-0.00016296600000001438,296.553,541.5122226000001
62.43800000000001,0.00019260599999999795,297.5466,541.5122226000001
62.44700000000001,-0.0003407520000000136,297.5466,547.478805
62.457,-0.00016296600000001438,297.5466,543.5010834000002
62.466,0.00019260599999999795,296.553,541.5122226000001
62.476000000000006,-0.00016296600000001438,297.5466,545.4899442000001
62.48500000000001,-0.00016296600000001438,297.5466,545.4899442000001
62.495,-0.0003407520000000136,297.5466,545.4899442000001
62.504,1.4819999999998723e-05,296.553,543.5010834000002
62.514,1.4819999999998723e-05,296.553,541.5122226000001
62.52400000000001,1.4819999999998723e-05,296.553,511.6793106
62.53300000000001,0.00019260599999999795,298.54019999999997,513.6681714000001
62.56300000000001,1.4819999999998723e-05,298.54019999999997,513.6681714000001
62.573,0.00019260599999999795,298.54019999999997,513.6681714000001
62.582,0.00019260599999999795,298.54019999999997,515.6570322
62.592000000000006,-0.00016296600000001438,297.5466,513.6681714000001
62.601000000000006,-0.00016296600000001438,296.553,511.6793106
62.611,1.4819999999998723e-05,297.5466,513.6681714000001
62.63,0.00019260599999999795,298.54019999999997,513.6681714000001
62.64000000000001,1.4819999999998723e-05,296.553,515.6570322
62.65,-0.00016296600000001438,295.5594,513.6681714000001
62.660000000000004,0.00019260599999999795,297.5466,485.82412020000015
62.67000000000001,0.00019260599999999795,298.54019999999997,485.82412020000015
62.698,1.4819999999998723e-05,297.5466,483.83525940000004
62.708000000000006,1.4819999999998723e-05,297.5466,485.82412020000015
62.717000000000006,1.4819999999998723e-05,296.553,485.82412020000015
62.727,0.00019260599999999795,298.54019999999997,485.82412020000015
62.737,0.00019260599999999795,297.5466,483.83525940000004
62.746,0.00019260599999999795,295.5594,455.9912082000001
62.75600000000001,0.00019260599999999795,299.5338,457.98006899999996
62.788000000000004,1.4819999999998723e-05,294.56579999999997,455.9912082000001
62.79800000000001,-0.00016296600000001438,297.5466,457.98006899999996
62.80700000000001,1.4819999999998723e-05,296.553,455.9912082000001
62.817,1.4819999999998723e-05,296.553,457.98006899999996
62.827000000000005,1.4819999999998723e-05,297.5466,457.98006899999996
62.836000000000006,1.4819999999998723e-05,296.553,428.1471570000001
62.846,0.00037039200000001105,298.54019999999997,426.1582962
62.87800000000001,1.4819999999998723e-05,296.553,426.1582962
62.888,0.00019260599999999795,298.54019999999997,426.1582962
62.897,1.4819999999998723e-05,298.54019999999997,428.1471570000001
62.907000000000004,0.00037039200000001105,298.54019999999997,426.1582962
62.91700000000001,1.4819999999998723e-05,296.553,428.1471570000001
62.92600000000001,0.00019260599999999795,298.54019999999997,398.314245
62.936,0.00019260599999999795,292.5786,396.32538420000014
62.967999999999996,0.00019260599999999795,298.54019999999997,396.32538420000014
62.978,1.4819999999998723e-05,299.5338,398.314245
62.987,0.00019260599999999795,297.5466,396.32538420000014
62.99700000000001,0.00019260599999999795,299.5338,396.32538420000014
63.00600000000001,1.4819999999998723e-05,294.56579999999997,398.314245
63.016,0.00019260599999999795,296.553,396.32538420000014
63.025,0.00037039200000001105,299.5338,396.32538420000014
63.035000000000004,-0.00016296600000001438,297.5466,398.314245
63.044000000000004,1.4819999999998723e-05,297.5466,398.314245
63.05400000000001,-0.00016296600000001438,297.5466,394.33652340000026
63.064,0.00037039200000001105,297.5466,366.49247220000007
63.073,0.00037039200000001105,298.54019999999997,368.48133299999995
63.103,1.4819999999998723e-05,296.553,368.48133299999995
63.11300000000001,1.4819999999998723e-05,299.5338,368.48133299999995
63.12200000000001,0.00019260599999999795,298.54019999999997,368.48133299999995
63.132,0.00019260599999999795,299.5338,366.49247220000007
63.142,-0.00016296600000001438,299.5338,366.49247220000007
63.151,0.00019260599999999795,297.5466,340.6372818
63.171,0.00019260599999999795,297.5466,338.6484210000001
63.193000000000005,1.4819999999998723e-05,296.553,334.6706993999999
63.20300000000001,0.00019260599999999795,296.553,336.6595602000002
63.21200000000001,1.4819999999998723e-05,298.54019999999997,338.6484210000001
63.222,0.00019260599999999795,297.5466,338.6484210000001
63.232000000000006,1.4819999999998723e-05,297.5466,336.6595602000002
63.24100000000001,0.00037039200000001105,298.54019999999997,308.815509
63.261,1.4819999999998723e-05,296.553,308.815509
63.28300000000001,0.00019260599999999795,298.54019999999997,304.8377874
63.293,0.00019260599999999795,297.5466,306.82664820000014
63.302,0.00019260599999999795,298.54019999999997,306.82664820000014
63.312000000000005,1.4819999999998723e-05,297.5466,306.82664820000014
63.33100000000001,0.00037039200000001105,298.54019999999997,306.82664820000014
63.341,0.00037039200000001105,298.54019999999997,308.815509
63.351000000000006,0.00037039200000001105,298.54019999999997,306.82664820000014
63.361,0.0005481779999999825,298.54019999999997,306.82664820000014
63.371,1.4819999999998723e-05,294.56579999999997,304.8377874
63.38100000000001,0.00019260599999999795,296.553,276.99373620000006
63.391,0.00037039200000001105,298.54019999999997,275.00487539999995
63.418,1.4819999999998723e-05,294.56579999999997,275.00487539999995
63.428000000000004,0.00019260599999999795,298.54019999999997,278.98259699999994
63.437000000000005,0.0005481779999999825,298.54019999999997,276.99373620000006
63.44700000000001,0.00019260599999999795,297.5466,276.99373620000006
63.457,1.4819999999998723e-05,298.54019999999997,278.98259699999994
63.466,0.0005481779999999825,296.553,245.17196339999987
63.476000000000006,0.00037039200000001105,298.54019999999997,247.1608242000002
63.508,0.00019260599999999795,296.553,245.17196339999987
63.51800000000001,0.0007259639999999956,297.5466,247.1608242000002
63.52700000000001,0.0007259639999999956,298.54019999999997,245.17196339999987
63.537,0.00019260599999999795,296.553,247.1608242000002
63.54800000000001,0.00019260599999999795,294.56579999999997,243.18310259999998
63.55700000000001,0.0005481779999999825,298.54019999999997,215.33905140000002
63.567,0.00037039200000001105,297.5466,215.33905140000002
63.576,0.00037039200000001105,297.5466,217.32791220000013
63.598000000000006,0.00037039200000001105,296.553,215.33905140000002
63.608,0.0005481779999999825,298.54019999999997,215.33905140000002
63.617,0.00019260599999999795,297.5466,219.316773
63.627,0.0005481779999999825,300.5274,217.32791220000013
63.636,0.0005481779999999825,297.5466,215.33905140000002
63.64600000000001,0.0005481779999999825,298.54019999999997,215.33905140000002
63.656,0.0005481779999999825,298.54019999999997,215.33905140000002
63.665,0.0005481779999999825,297.5466,215.33905140000002
63.674,0.0005481779999999825,296.553,217.32791220000013
63.684000000000005,0.00037039200000001105,295.5594,217.32791220000013
63.69400000000001,0.00019260599999999795,298.54019999999997,189.48386100000016
63.70300000000001,0.00037039200000001105,299.5338,187.49500020000005
63.733,0.00037039200000001105,298.54019999999997,185.50613939999994
63.743,0.00019260599999999795,297.5466,187.49500020000005
63.76200000000001,0.0005481779999999825,300.5274,187.49500020000005
63.772,0.0005481779999999825,296.553,185.50613939999994
63.782000000000004,0.0005481779999999825,300.5274,157.6620882000002
63.79200000000001,0.0005481779999999825,300.5274,157.6620882000002
63.802,0.00037039200000001105,298.54019999999997,157.6620882000002
63.823,0.00037039200000001105,295.5594,153.68436659999998
63.833000000000006,0.00037039200000001105,297.5466,157.6620882000002
63.852,0.0005481779999999825,297.5466,155.6732274000001
63.862,0.00019260599999999795,295.5594,155.6732274000001
63.87200000000001,0.0005481779999999825,298.54019999999997,157.6620882000002
63.882,0.00037039200000001105,297.5466,157.6620882000002
63.892,0.00037039200000001105,298.54019999999997,159.65094900000008
63.90200000000001,0.0005481779999999825,297.5466,155.6732274000001
63.912,0.00019260599999999795,296.553,155.6732274000001
63.922000000000004,0.00019260599999999795,298.54019999999997,125.84031540000001
63.93200000000001,0.00037039200000001105,298.54019999999997,125.84031540000001
63.958000000000006,0.00019260599999999795,293.5722,125.84031540000001
63.967999999999996,0.00037039200000001105,298.54019999999997,123.85145460000012
63.977,1.4819999999998723e-05,297.5466,125.84031540000001
63.987,0.00019260599999999795,298.54019999999997,125.84031540000001
63.99700000000001,0.0005481779999999825,296.553,125.84031540000001
64.006,0.00019260599999999795,298.54019999999997,127.82917620000012
64.01599999999999,0.0005481779999999825,299.5338,125.84031540000001
64.025,1.4819999999998723e-05,293.5722,125.84031540000001
64.035,0.00019260599999999795,296.553,127.82917620000012
64.04400000000001,1.4819999999998723e-05,294.56579999999997,125.84031540000001
64.054,0.00037039200000001105,295.5594,96.00740339999993
64.06300000000002,0.00037039200000001105,296.553,94.01854260000005
64.09299999999999,0.00019260599999999795,298.54019999999997,94.01854260000005
64.112,0.0005481779999999825,298.54019999999997,94.01854260000005
64.12200000000001,0.00019260599999999795,299.5338,97.99626420000004
64.132,0.00019260599999999795,297.5466,96.00740339999993
64.142,0.00019260599999999795,297.5466,66.17449140000008
64.15200000000002,0.00037039200000001105,298.54019999999997,66.17449140000008
64.162,-0.00016296600000001438,297.5466,66.17449140000008
64.18299999999999,0.00019260599999999795,297.5466,64.1856306000002
64.202,0.00019260599999999795,297.5466,66.17449140000008
64.21200000000002,1.4819999999998723e-05,298.54019999999997,66.17449140000008
64.22200000000001,0.00037039200000001105,299.5338,68.16335219999996
64.232,1.4819999999998723e-05,296.553,66.17449140000008
64.24199999999999,0.00019260599999999795,299.5338,66.17449140000008
64.25200000000001,-0.00016296600000001438,298.54019999999997,68.16335219999996
64.31800000000001,-0.00016296600000001438,295.5594,36.3415794
64.328,-0.00016296600000001438,296.553,38.330440199999884
64.338,1.4819999999998723e-05,297.5466,36.3415794
64.34700000000001,1.4819999999998723e-05,296.553,38.330440199999884
64.357,-0.0003407520000000136,299.5338,36.3415794
64.36699999999999,1.4819999999998723e-05,296.553,4.519806600000038
64.376,1.4819999999998723e-05,298.54019999999997,8.497528200000033
64.40800000000002,-0.00016296600000001438,293.5722,4.519806600000038
64.418,1.4819999999998723e-05,298.54019999999997,8.497528200000033
64.42699999999999,1.4819999999998723e-05,299.5338,8.497528200000033
64.43700000000001,1.4819999999998723e-05,298.54019999999997,6.508667400000149
64.447,1.4819999999998723e-05,297.5466,4.519806600000038
64.457,1.4819999999998723e-05,297.5466,6.508667400000149
64.46600000000001,-0.0006963239999999982,296.553,10.486389000000145
64.49799999999999,-0.00016296600000001438,297.5466,4.519806600000038
64.50800000000001,-0.0003407520000000136,296.553,8.497528200000033
64.517,-0.0003407520000000136,295.5594,6.508667400000149
64.52700000000002,1.4819999999998723e-05,298.54019999999997,6.508667400000149
64.547,-0.00016296600000001438,296.553,36.3415794
64.55600000000001,-0.0003407520000000136,296.553,36.3415794
64.588,-0.00016296600000001438,296.553,34.35271860000012
64.59800000000001,-0.00016296600000001438,296.553,38.330440199999884
64.607,1.4819999999998723e-05,297.5466,36.3415794
64.61699999999999,-0.00016296600000001438,297.5466,38.330440199999884
64.62700000000001,-0.0003407520000000136,295.5594,36.3415794
64.637,1.4819999999998723e-05,296.553,66.17449140000008
64.64600000000002,-0.00016296600000001438,299.5338,68.16335219999996
64.678,-0.00016296600000001438,295.5594,66.17449140000008
64.68800000000002,1.4819999999998723e-05,299.5338,66.17449140000008
64.697,0.00019260599999999795,297.5466,64.1856306000002
64.707,0.00019260599999999795,297.5466,66.17449140000008
64.71700000000001,-0.00016296600000001438,294.56579999999997,62.196769799999856
64.727,1.4819999999998723e-05,299.5338,97.99626420000004
64.73599999999999,0.00019260599999999795,297.5466,96.00740339999993
64.768,-0.00016296600000001438,294.56579999999997,96.00740339999993
64.77799999999999,-0.00016296600000001438,297.5466,97.99626420000004
64.787,1.4819999999998723e-05,299.5338,97.99626420000004
64.797,-0.00016296600000001438,297.5466,97.99626420000004
64.80700000000002,-0.00016296600000001438,296.553,96.00740339999993
64.81700000000001,1.4819999999998723e-05,297.5466,125.84031540000001
64.826,1.4819999999998723e-05,297.5466,127.82917620000012
64.858,0.00019260599999999795,295.5594,121.86259380000024
64.868,0.00019260599999999795,298.54019999999997,125.84031540000001
64.87700000000001,1.4819999999998723e-05,297.5466,125.84031540000001
64.887,1.4819999999998723e-05,296.553,127.82917620000012
64.89699999999999,0.00019260599999999795,296.553,123.85145460000012
64.90700000000001,1.4819999999998723e-05,297.5466,159.65094900000008
64.916,0.0005481779999999825,297.5466,155.6732274000001
64.94800000000001,0.00019260599999999795,295.5594,155.6732274000001
64.958,0.00037039200000001105,298.54019999999997,155.6732274000001
64.96700000000001,0.00037039200000001105,299.5338,157.6620882000002
64.977,0.00037039200000001105,297.5466,155.6732274000001
64.987,0.00019260599999999795,295.5594,153.68436659999998
64.99700000000001,0.0005481779999999825,298.54019999999997,185.50613939999994
65.03800000000001,0.0007259639999999956,297.5466,187.49500020000005
65.048,0.0005481779999999825,298.54019999999997,187.49500020000005
65.05700000000002,0.0005481779999999825,298.54019999999997,187.49500020000005
65.084,0.0005481779999999825,296.553,185.50613939999994
65.094,0.0007259639999999956,298.54019999999997,189.48386100000016
65.10400000000001,0.0005481779999999825,297.5466,187.49500020000005
65.114,0.0007259639999999956,298.54019999999997,187.49500020000005
65.124,0.0005481779999999825,297.5466,185.50613939999994
65.13400000000001,0.0007259639999999956,297.5466,217.32791220000013
65.144,0.001081535999999994,300.5274,217.32791220000013
65.173,0.0014371079999999925,297.5466,213.35019060000013
65.18299999999999,0.001081535999999994,297.5466,217.32791220000013
65.19200000000001,0.0012593219999999933,298.54019999999997,215.33905140000002
65.202,0.001081535999999994,298.54019999999997,217.32791220000013
65.21200000000002,0.001081535999999994,299.5338,213.35019060000013
65.22200000000001,0.0014371079999999925,298.54019999999997,245.17196339999987
65.231,0.001792679999999991,298.54019999999997,245.17196339999987
65.263,0.0016148939999999917,294.56579999999997,245.17196339999987
65.273,0.0016148939999999917,298.54019999999997,249.1496850000001
65.28200000000001,0.001970466000000004,299.5338,245.17196339999987
65.292,0.001792679999999991,299.5338,247.1608242000002
65.30199999999999,0.001970466000000004,295.5594,245.17196339999987
65.31200000000001,0.001792679999999991,298.54019999999997,278.98259699999994
65.321,0.002503823999999988,297.5466,276.99373620000006
65.35300000000001,0.002503823999999988,294.56579999999997,275.00487539999995
65.363,0.002681610000000001,299.5338,278.98259699999994
65.37200000000001,0.002503823999999988,298.54019999999997,278.98259699999994
65.382,0.002681610000000001,298.54019999999997,275.00487539999995
65.392,0.002503823999999988,293.5722,273.01601460000006
65.40100000000001,0.002681610000000001,298.54019999999997,275.00487539999995
65.411,0.002503823999999988,298.54019999999997,276.99373620000006
65.42000000000002,0.002503823999999988,297.5466,278.98259699999994
65.43,0.002503823999999988,298.54019999999997,278.98259699999994
65.439,0.002681610000000001,297.5466,275.00487539999995
65.44900000000001,0.0028593959999999863,299.5338,308.815509
65.458,0.003392753999999998,297.5466,306.82664820000014
65.488,0.003392753999999998,296.553,306.82664820000014
65.49799999999999,0.0037483259999999963,297.5466,306.82664820000014
65.507,0.0037483259999999963,298.54019999999997,306.82664820000014
65.517,0.0037483259999999963,298.54019999999997,306.82664820000014
65.52700000000002,0.003392753999999998,296.553,306.82664820000014
65.537,0.004103897999999995,299.5338,336.6595602000002
65.54599999999999,0.004815041999999992,299.5338,338.6484210000001
65.578,0.004815041999999992,294.56579999999997,336.6595602000002
65.588,0.004815041999999992,297.5466,338.6484210000001
65.59700000000001,0.004992828000000005,295.5594,338.6484210000001
65.607,0.004992828000000005,296.553,336.6595602000002
65.618,0.004992828000000005,298.54019999999997,332.6818386
65.62700000000001,0.0055261859999999885,298.54019999999997,366.49247220000007
65.637,0.0064151159999999985,299.5338,370.4701938000003
65.64600000000002,0.006770687999999997,298.54019999999997,366.49247220000007
65.668,0.006770687999999997,295.5594,364.5036114000002
65.678,0.006770687999999997,298.54019999999997,366.49247220000007
65.68700000000001,0.007126259999999995,299.5338,366.49247220000007
65.697,0.006948473999999996,298.54019999999997,368.48133299999995
65.707,0.006770687999999997,296.553,364.5036114000002
65.71600000000001,0.006948473999999996,298.54019999999997,368.48133299999995
65.726,0.006948473999999996,299.5338,366.49247220000007
65.745,0.006948473999999996,294.56579999999997,366.49247220000007
65.755,0.0064151159999999985,292.5786,364.5036114000002
65.76500000000001,0.007837403999999992,298.54019999999997,396.32538420000014
65.775,0.00854854799999999,297.5466,396.32538420000014
65.803,0.009081906,295.5594,392.3476625999999
65.81300000000002,0.008904119999999988,300.5274,398.314245
65.82300000000001,0.009081906,299.5338,396.32538420000014
65.832,0.008904119999999988,297.5466,400.30310580000014
65.84200000000001,0.008904119999999988,299.5338,394.33652340000026
65.852,0.009437478,296.553,428.1471570000001
65.86099999999999,0.010859765999999993,298.54019999999997,426.1582962
65.893,0.011393124000000004,298.54019999999997,424.1694354000001
65.90299999999999,0.01157090999999999,299.5338,428.1471570000001
65.912,0.01157090999999999,300.5274,426.1582962
65.922,0.011215337999999991,297.5466,426.1582962
65.93200000000002,0.011393124000000004,294.56579999999997,424.1694354000001
65.941,0.011393124000000004,297.5466,428.1471570000001
65.951,0.011748696000000003,298.54019999999997,426.1582962
65.96000000000001,0.011926481999999988,297.5466,426.1582962
65.97,0.011748696000000003,298.54019999999997,428.1471570000001
65.97900000000001,0.011748696000000003,295.5594,426.1582962
65.989,0.012637625999999999,298.54019999999997,455.9912082000001
65.99799999999999,0.013348769999999996,296.553,459.96892980000007
66.02799999999999,0.014237699999999992,295.5594,455.9912082000001
66.03800000000001,0.014415486000000005,298.54019999999997,455.9912082000001
66.048,0.014415486000000005,297.5466,455.9912082000001
66.05700000000002,0.014771058000000004,299.5338,455.9912082000001
66.06700000000001,0.014415486000000005,298.54019999999997,457.98006899999996
66.077,0.015482201999999987,298.54019999999997,485.82412020000015
66.08600000000001,0.016726703999999995,299.5338,485.82412020000015
66.118,0.017437848000000006,294.56579999999997,483.83525940000004
66.12800000000001,0.017437848000000006,298.54019999999997,485.82412020000015
66.138,0.017437848000000006,297.5466,485.82412020000015
66.14699999999999,0.017793420000000004,297.5466,487.81298100000004
66.15700000000001,0.017793420000000004,298.54019999999997,483.83525940000004
66.167,0.01868235,299.5338,511.6793106
66.17600000000002,0.020104637999999994,297.5466,513.6681714000001
66.208,0.020637995999999992,296.553,511.6793106
66.21799999999999,0.02081578199999999,298.54019999999997,513.6681714000001
66.22800000000001,0.020637995999999992,296.553,511.6793106
66.237,0.02099356799999999,298.54019999999997,515.6570322
66.24700000000001,0.02081578199999999,294.56579999999997,511.6793106
66.256,0.021349140000000003,299.5338,511.6793106
66.27600000000001,0.021349140000000003,299.5338,511.6793106
66.286,0.021349140000000003,299.5338,513.6681714000001
66.29599999999999,0.02117135399999999,298.54019999999997,513.6681714000001
66.30600000000001,0.022060284,296.553,541.5122226000001
66.316,0.023482571999999993,295.5594,541.5122226000001
66.34299999999999,0.02419371599999999,299.5338,539.5233618
66.35300000000001,0.02401592999999999,298.54019999999997,541.5122226000001
66.363,0.02419371599999999,297.5466,543.5010834000002
66.37200000000001,0.024371502000000003,298.54019999999997,543.5010834000002
66.382,0.02401592999999999,296.553,539.5233618
66.392,0.024727074,300.5274,577.311717
66.40100000000001,0.026504933999999994,297.5466,573.3339954
66.43299999999999,0.026860505999999992,298.54019999999997,573.3339954
66.44300000000001,0.026860505999999992,298.54019999999997,573.3339954
66.453,0.026860505999999992,297.5466,575.3228562000002
66.46200000000002,0.02721607799999999,298.54019999999997,571.3451345999999
66.47300000000001,0.026504933999999994,291.585,571.3451345999999
66.483,0.02757164999999999,297.5466,605.1557682
66.49199999999999,0.02846058,296.553,603.1669074000001
66.50200000000001,0.028816151999999998,297.5466,603.1669074000001
66.511,0.028816151999999998,298.54019999999997,603.1669074000001
66.523,0.028638366,294.56579999999997,603.1669074000001
66.53300000000002,0.028638366,297.5466,601.1780466
66.542,0.02846058,297.5466,605.1557682
66.55199999999999,0.028638366,299.5338,605.1557682
66.56200000000001,0.028282793999999986,294.56579999999997,603.1669074000001
66.571,0.028816151999999998,299.5338,603.1669074000001
66.58100000000002,0.02846058,299.5338,605.1557682
66.59,0.028282793999999986,298.54019999999997,603.1669074000001
66.6,0.028105008,297.5466,605.1557682
66.60900000000001,0.027927221999999988,295.5594,601.1780466
66.619,0.02846058,298.54019999999997,634.9886802000001
66.62899999999999,0.029349509999999995,296.553,634.9886802000001
66.65800000000002,0.029171723999999996,299.5338,632.9998194000002
66.668,0.029171723999999996,299.5338,634.9886802000001
66.678,0.028816151999999998,297.5466,634.9886802000001
66.68700000000001,0.028638366,298.54019999999997,636.9775410000002
66.70600000000002,0.02846058,296.553,634.9886802000001
66.71600000000001,0.02846058,295.5594,632.9998194000002
66.726,0.02846058,297.5466,634.9886802000001
66.73599999999999,0.02846058,299.5338,634.9886802000001
66.74600000000001,0.028105008,296.553,634.9886802000001
66.756,0.028105008,296.553,634.9886802000001
66.76599999999999,0.027749436000000002,295.5594,636.9775410000002
66.839,0.02757164999999999,295.5594,662.8327314000001
66.84800000000001,0.028105008,299.5338,664.8215921999999
66.858,0.028105008,297.5466,664.8215921999999
66.87700000000001,0.027749436000000002,296.553,666.8104530000003
66.89699999999999,0.02721607799999999,296.553,698.6322258
66.90700000000001,0.02703829199999999,296.553,696.6433650000001
66.917,0.026504933999999994,296.553,696.6433650000001
66.929,0.026504933999999994,296.553,692.6656434000001
66.93800000000002,0.026149361999999995,298.54019999999997,698.6322258
66.94800000000001,0.025616003999999998,297.5466,698.6322258
66.96799999999999,0.025082646,294.56579999999997,694.6545042
66.97800000000001,0.024727074,298.54019999999997,728.4651377999999
66.99700000000001,0.02454928799999999,299.5338,728.4651377999999
67.007,0.02419371599999999,295.5594,726.4762770000002
67.017,0.023660357999999992,291.585,724.4874162000001
67.02700000000002,0.023482571999999993,298.54019999999997,728.4651377999999
67.037,0.023304785999999994,298.54019999999997,724.4874162000001
67.047,0.023126999999999995,299.5338,726.4762770000002
67.05700000000002,0.022771427999999996,295.5594,722.4985554
67.06700000000001,0.022771427999999996,298.54019999999997,728.4651377999999
67.077,0.022593641999999997,297.5466,726.4762770000002
67.08700000000002,0.022238069999999985,297.5466,726.4762770000002
67.09700000000001,0.022060284,300.5274,728.4651377999999
67.107,0.021882497999999986,296.553,728.4651377999999
67.11699999999999,0.021349140000000003,298.54019999999997,758.2980498000002
67.12700000000001,0.021349140000000003,297.5466,756.3091890000005
67.154,0.020460210000000006,294.56579999999997,754.3203282000004
67.16300000000001,0.020104637999999994,297.5466,758.2980498000002
67.173,0.019393493999999997,296.553,758.2980498000002
67.18200000000002,0.019393493999999997,298.54019999999997,758.2980498000002
67.19200000000001,0.019393493999999997,296.553,754.3203282000004
67.202,0.018504563999999987,299.5338,790.1198226000006
67.21100000000001,0.01814899199999999,297.5466,788.1309618000005
67.244,0.017082275999999993,296.553,786.1421010000004
67.25300000000001,0.016371131999999997,297.5466,790.1198226000006
67.263,0.016371131999999997,299.5338,788.1309618000005
67.27199999999999,0.016193345999999983,298.54019999999997,786.1421010000004
67.28200000000001,0.015659988,295.5594,786.1421010000004
67.292,0.015126630000000002,299.5338,815.9750130000002
67.30199999999999,0.01459327199999999,297.5466,817.9638738000003
67.334,0.013348769999999996,297.5466,815.9750130000002
67.34299999999999,0.013170983999999997,297.5466,817.9638738000003
67.35300000000001,0.012993197999999997,298.54019999999997,819.9527346000004
67.362,0.012637625999999999,299.5338,819.9527346000004
67.37899999999999,0.011926481999999988,293.5722,813.9861522000006
67.388,0.011926481999999988,297.5466,817.9638738000003
67.40700000000001,0.01157090999999999,298.54019999999997,817.9638738000003
67.418,0.011215337999999991,296.553,813.9861522000006
67.42699999999999,0.010504193999999994,296.553,849.7856466000003
67.43700000000001,0.010148621999999996,294.56579999999997,849.7856466000003
67.447,0.009970835999999997,297.5466,849.7856466000003
67.469,0.009259692,294.56579999999997,849.7856466000003
67.487,0.00854854799999999,297.5466,851.7745074000004
67.49700000000001,0.008370762000000004,298.54019999999997,849.7856466000003
67.50800000000001,0.00819297599999999,296.553,849.7856466000003
67.518,0.007481831999999994,298.54019999999997,879.6185586000001
67.52799999999999,0.007304045999999995,297.5466,877.6296978000005
67.53800000000001,0.006948473999999996,297.5466,881.6074194000003
67.559,0.0064151159999999985,294.56579999999997,875.6408370000004
67.578,0.005703972000000002,296.553,881.6074194000003
67.588,0.005703972000000002,299.5338,879.6185586000001
67.59800000000001,0.0055261859999999885,297.5466,877.6296978000005
67.608,0.004637255999999992,297.5466,913.4291922000002
67.618,0.004459469999999993,298.54019999999997,911.4403314000006
67.62800000000001,0.004281683999999994,299.5338,913.4291922000002
67.638,0.0039261119999999955,296.553,911.4403314000006
67.649,0.0037483259999999963,294.56579999999997,907.4626098000003
67.668,0.0037483259999999963,297.5466,911.4403314000006
67.678,0.003570539999999997,299.5338,911.4403314000006
67.68800000000002,0.0030371819999999994,294.56579999999997,909.4514706000004
67.69800000000001,0.0032149679999999986,298.54019999999997,911.4403314000006
67.708,0.0030371819999999994,298.54019999999997,909.4514706000004
67.71799999999999,0.0030371819999999994,298.54019999999997,909.4514706000004
67.72800000000001,0.002681610000000001,299.5338,911.4403314000006
67.738,0.002681610000000001,296.553,907.4626098000003
67.74799999999999,0.001792679999999991,298.54019999999997,943.2621042000005
67.75800000000001,0.001970466000000004,296.553,943.2621042000005
67.78399999999999,0.0016148939999999917,294.56579999999997,939.2843826000003
67.793,0.001792679999999991,298.54019999999997,941.2732434
67.803,0.001792679999999991,296.553,941.2732434
67.81200000000001,0.0014371079999999925,296.553,943.2621042000005
67.822,0.0014371079999999925,297.5466,939.2843826000003
67.83100000000002,0.0014371079999999925,300.5274,941.2732434
67.84100000000001,0.0016148939999999917,299.5338,941.2732434
67.85,0.0012593219999999933,299.5338,943.2621042000005
67.86000000000001,0.0014371079999999925,299.5338,941.2732434
67.87,0.001081535999999994,295.5594,937.2955218000002
67.87899999999999,0.00019260599999999795,297.5466,973.0950162000004
67.898,0.0005481779999999825,297.5466,973.0950162000004
67.91900000000001,0.0005481779999999825,295.5594,967.1284338000005
67.928,0.0005481779999999825,298.54019999999997,973.0950162000004
67.93800000000002,0.00037039200000001105,297.5466,973.0950162000004
67.94800000000001,0.00019260599999999795,297.5466,973.0950162000004
67.958,1.4819999999998723e-05,295.5594,973.0950162000004
67.96799999999999,1.4819999999998723e-05,298.54019999999997,1016.8299834
67.97800000000001,1.4819999999998723e-05,299.5338,1011.0812442000001
68.00900000000001,-0.00016296600000001438,295.5594,1009.1649978
68.018,0.00037039200000001105,297.5466,1009.1649978
68.02799999999999,-0.00016296600000001438,297.5466,1012.9974906000002
68.03800000000001,1.4819999999998723e-05,299.5338,1012.9974906000002
68.049,1.4819999999998723e-05,294.56579999999997,1007.2487514
68.05799999999999,-0.00016296600000001438,297.5466,1012.9974906000002
68.06800000000001,-0.00016296600000001438,296.553,1014.9137370000003
68.078,-0.0005185379999999989,295.5594,1014.9137370000003
68.088,1.4819999999998723e-05,296.553,1009.1649978
68.102,-0.0003407520000000136,301.52099999999996,1041.7411865999998
68.11099999999999,-0.0003407520000000136,315.4314,1041.7411865999998
68.12100000000001,-0.00016296600000001438,317.41859999999997,1043.6574329999999
68.144,-0.0003407520000000136,318.4122,1043.6574329999999
68.15299999999999,-0.0003407520000000136,320.3994,1043.6574329999999
68.16300000000001,-0.0003407520000000136,320.3994,1041.7411865999998
68.172,1.4819999999998723e-05,321.393,1041.7411865999998
68.18200000000002,-0.0005185379999999989,322.3866,1043.6574329999999
68.191,-0.0003407520000000136,323.3802,1043.6574329999999
68.201,-0.0003407520000000136,324.37379999999996,1043.6574329999999
68.21000000000001,-0.0003407520000000136,324.37379999999996,1043.6574329999999
68.22,-0.0003407520000000136,324.37379999999996,1047.4899258
68.22999999999999,-0.0003407520000000136,323.3802,1039.8249402000001
68.249,1.4819999999998723e-05,357.1626,1074.3173754
68.25900000000001,0.00019260599999999795,357.1626,1072.4011290000003
68.279,-0.00016296600000001438,358.1562,1068.5686362000001
68.28800000000001,-0.00016296600000001438,359.14979999999997,1074.3173754
68.298,-0.00016296600000001438,359.14979999999997,1070.4848826000002
68.30700000000002,-0.00016296600000001438,360.1434,1070.4848826000002
68.32400000000001,-0.00016296600000001438,360.1434,1070.4848826000002
68.333,-0.00016296600000001438,389.9514,1103.0610714000004
68.34299999999999,-0.00016296600000001438,391.9386,1103.0610714000004
68.369,-0.00016296600000001438,390.945,1099.2285785999998
68.37800000000001,1.4819999999998723e-05,392.93219999999997,1101.1448249999999
68.388,-0.00016296600000001438,393.9258,1103.0610714000004
68.39699999999999,-0.00016296600000001438,394.9194,1103.0610714000004
68.40700000000001,-0.00016296600000001438,392.93219999999997,1099.2285785999998
68.416,1.4819999999998723e-05,394.9194,1103.0610714000004
68.42600000000002,-0.00016296600000001438,395.913,1101.1448249999999
68.435,-0.0003407520000000136,395.913,1101.1448249999999
68.445,-0.00016296600000001438,396.90659999999997,1103.0610714000004
68.45500000000001,-0.0003407520000000136,397.9002,1101.1448249999999
68.464,-0.00016296600000001438,426.7146,1131.8047674
68.47399999999999,1.4819999999998723e-05,427.7082,1131.8047674
68.50399999999999,1.4819999999998723e-05,427.7082,1131.8047674
68.513,-0.00016296600000001438,429.6954,1135.6372601999997
68.549,1.4819999999998723e-05,427.7082,1126.0560282000001
68.55799999999999,-0.00016296600000001438,430.68899999999996,1133.7210138
68.56800000000001,-0.00016296600000001438,430.68899999999996,1131.8047674
68.577,-0.00016296600000001438,431.6826,1133.7210138
68.588,-0.0005185379999999989,429.6954,1131.8047674
68.59700000000001,1.4819999999998723e-05,459.5034,1158.6322169999999
68.607,-0.0003407520000000136,461.4906,1162.4647098
68.61600000000001,-0.00016296600000001438,461.4906,1164.3809562000001
68.63900000000001,1.4819999999998723e-05,460.497,1158.6322169999999
68.648,1.4819999999998723e-05,462.4842,1162.4647098
68.65800000000002,1.4819999999998723e-05,462.4842,1160.5484634000004
68.667,-0.0003407520000000136,462.4842,1164.3809562000001
68.67699999999999,1.4819999999998723e-05,462.4842,1156.7159705999998
68.686,-0.00016296600000001438,463.4778,1162.4647098
68.696,1.4819999999998723e-05,464.4714,1160.5484634000004
68.70500000000001,1.4819999999998723e-05,463.4778,1160.5484634000004
68.715,-0.00016296600000001438,464.4714,1160.5484634000004
68.725,-0.00016296600000001438,463.4778,1156.7159705999998
68.73400000000001,-0.0003407520000000136,494.2794,1193.1246521999997
68.744,-0.00016296600000001438,494.2794,1193.1246521999997
68.774,-0.00016296600000001438,494.2794,1191.2084058
68.78300000000002,-0.00016296600000001438,496.2666,1193.1246521999997
68.793,-0.00016296600000001438,496.2666,1193.1246521999997
68.80199999999999,-0.00016296600000001438,496.2666,1191.2084058
68.81200000000001,-0.00016296600000001438,496.2666,1191.2084058
68.822,-0.0005185379999999989,526.0746,1225.7008409999999
68.832,-0.00016296600000001438,525.081,1223.7845945999998
68.864,1.4819999999998723e-05,524.0874,1219.9521018
68.87299999999999,-0.00016296600000001438,525.081,1223.7845945999998
68.88300000000001,-0.00016296600000001438,527.0682,1221.8683482000001
68.892,-0.00016296600000001438,527.0682,1221.8683482000001
68.90200000000002,-0.0003407520000000136,526.0746,1219.9521018
68.912,1.4819999999998723e-05,556.8762,1252.5282906000002
68.922,-0.00016296600000001438,556.8762,1254.4445370000003
68.95400000000001,-0.00016296600000001438,556.8762,1250.6120442000001
68.963,-0.0003407520000000136,557.8698,1254.4445370000003
68.97300000000001,1.4819999999998723e-05,556.8762,1250.6120442000001
68.982,-0.0003407520000000136,557.8698,1254.4445370000003
68.99199999999999,-0.0003407520000000136,556.8762,1252.5282906000002
69.00200000000001,-0.00016296600000001438,556.8762,1252.5282906000002
69.011,-0.00016296600000001438,556.8762,1254.4445370000003
69.03,1.4819999999998723e-05,557.8698,1250.6120442000001
69.03999999999999,-0.00016296600000001438,557.8698,1250.6120442000001
69.05000000000001,-0.00016296600000001438,586.6842,1283.1882329999999
69.06,-0.0003407520000000136,586.6842,1287.0207258
69.089,-0.00016296600000001438,585.6906,1279.3557402000001
69.09800000000001,1.4819999999998723e-05,586.6842,1281.2719865999998
69.108,-0.00016296600000001438,587.6778,1283.1882329999999
69.11699999999999,-0.00016296600000001438,587.6778,1283.1882329999999
69.12800000000001,-0.00016296600000001438,584.697,1281.2719865999998
69.137,-0.0003407520000000136,615.4986,1315.7644218
69.179,-0.00016296600000001438,613.5114000000001,1308.0994362000001
69.18800000000002,1.4819999999998723e-05,615.4986,1311.9319290000003
69.19800000000001,1.4819999999998723e-05,615.4986,1315.7644218
69.207,-0.00016296600000001438,614.5050000000001,1310.0156826000002
69.21700000000001,-0.0003407520000000136,614.5050000000001,1311.9319290000003
69.227,1.4819999999998723e-05,643.3194000000001,1342.5918714000004
69.237,1.4819999999998723e-05,643.3194000000001,1344.5081178
69.269,-0.00016296600000001438,643.3194000000001,1344.5081178
69.314,-0.00016296600000001438,642.3258000000001,1342.5918714000004
69.35900000000001,-0.00016296600000001438,640.3386,1342.5918714000004
69.368,-0.00016296600000001438,641.3322000000001,1344.5081178
69.37800000000001,-0.00016296600000001438,640.3386,1342.5918714000004
69.387,-0.0003407520000000136,641.3322000000001,1348.3406106000002
69.39699999999999,-0.00016296600000001438,639.345,1340.6756249999999
69.40700000000001,-0.00016296600000001438,641.3322000000001,1344.5081178
69.416,-0.0003407520000000136,640.3386,1344.5081178
69.42600000000002,-0.00016296600000001438,639.345,1346.4243642000001
69.435,-0.00016296600000001438,639.345,1342.5918714000004
69.445,-0.0005185379999999989,640.3386,1346.4243642000001
69.494,-0.00016296600000001438,664.1850000000001,1369.4193210000003
69.50399999999999,-0.00016296600000001438,666.1722000000001,1375.1680601999997
69.513,1.4819999999998723e-05,665.1786000000001,1371.3355674
69.523,0.00019260599999999795,664.1850000000001,1371.3355674
69.53200000000001,0.00019260599999999795,663.1914,1367.5030746000002
69.542,-0.0003407520000000136,665.1786000000001,1377.0843066000002
69.561,1.4819999999998723e-05,663.1914,1373.2518138
69.571,-0.0003407520000000136,664.1850000000001,1377.0843066000002
69.58100000000002,-0.00016296600000001438,662.1978,1369.4193210000003
69.59100000000001,-0.0003407520000000136,664.1850000000001,1377.0843066000002
69.601,1.4819999999998723e-05,662.1978,1373.2518138
69.62899999999999,-0.0003407520000000136,661.2042,1371.3355674
69.638,1.4819999999998723e-05,660.2106000000001,1371.3355674
69.648,-0.00016296600000001438,661.2042,1373.2518138
69.65700000000001,-0.00016296600000001438,661.2042,1373.2518138
69.667,1.4819999999998723e-05,660.2106000000001,1369.4193210000003
69.67699999999999,-0.00016296600000001438,633.3834,1344.5081178
69.68700000000001,-0.00016296600000001438,633.3834,1344.5081178
69.719,-0.00016296600000001438,631.3962,1338.7593785999998
69.72800000000001,-0.00016296600000001438,632.3898,1344.5081178
69.738,-0.00016296600000001438,633.3834,1344.5081178
69.74700000000001,-0.00016296600000001438,632.3898,1342.5918714000004
69.757,-0.0003407520000000136,632.3898,1338.7593785999998
69.767,-0.00016296600000001438,632.3898,1346.4243642000001
69.77600000000001,1.4819999999998723e-05,632.3898,1340.6756249999999
69.786,-0.00016296600000001438,631.3962,1346.4243642000001
69.79500000000002,1.4819999999998723e-05,631.3962,1346.4243642000001
69.81200000000001,-0.00016296600000001438,602.5818,1311.9319290000003
69.83100000000002,-0.00016296600000001438,602.5818,1313.8481754
69.85400000000001,-0.00016296600000001438,601.5882,1310.0156826000002
69.863,1.4819999999998723e-05,602.5818,1313.8481754
69.87299999999999,-0.00016296600000001438,602.5818,1313.8481754
69.882,1.4819999999998723e-05,602.5818,1311.9319290000003
69.893,-0.0005185379999999989,602.5818,1311.9319290000003
69.90200000000002,-0.00016296600000001438,574.7610000000001,1285.1044794000004
69.92099999999999,-0.00016296600000001438,575.7546000000001,1281.2719865999998
69.94400000000002,-0.00016296600000001438,574.7610000000001,1281.2719865999998
69.953,1.4819999999998723e-05,575.7546000000001,1279.3557402000001
69.963,1.4819999999998723e-05,575.7546000000001,1283.1882329999999
69.97200000000001,-0.00016296600000001438,576.7482,1283.1882329999999
69.983,1.4819999999998723e-05,575.7546000000001,1281.2719865999998
70.001,1.4819999999998723e-05,546.9402,1252.5282906000002
70.012,-0.00016296600000001438,546.9402,1250.6120442000001
70.03399999999999,-0.00016296600000001438,546.9402,1252.5282906000002
70.043,-0.00016296600000001438,548.9274,1252.5282906000002
70.053,-0.00016296600000001438,548.9274,1256.3607834
70.06200000000001,-0.00016296600000001438,548.9274,1256.3607834
70.082,1.4819999999998723e-05,549.921,1254.4445370000003
70.09200000000001,1.4819999999998723e-05,549.921,1252.5282906000002
70.102,0.00019260599999999795,550.9146000000001,1252.5282906000002
70.112,-0.00016296600000001438,550.9146000000001,1254.4445370000003
70.12200000000001,-0.00016296600000001438,550.9146000000001,1252.5282906000002
70.132,-0.0003407520000000136,523.0938000000001,1225.7008409999999
70.142,1.4819999999998723e-05,522.1002000000001,1221.8683482000001
70.16900000000001,-0.00016296600000001438,523.0938000000001,1221.8683482000001
70.178,-0.00016296600000001438,524.0874,1223.7845945999998
70.18800000000002,0.00019260599999999795,524.0874,1221.8683482000001
70.197,-0.00016296600000001438,524.0874,1223.7845945999998
70.214,-0.00016296600000001438,523.0938000000001,1218.0358554000004
70.22300000000001,-0.00016296600000001438,525.081,1221.8683482000001
70.233,-0.00016296600000001438,524.0874,1221.8683482000001
70.25300000000001,-0.0003407520000000136,525.081,1221.8683482000001
70.27199999999999,-0.0003407520000000136,498.2538,1195.0408986000002
70.28200000000001,-0.00016296600000001438,498.2538,1193.1246521999997
70.292,1.4819999999998723e-05,498.2538,1193.1246521999997
70.304,-0.0003407520000000136,498.2538,1193.1246521999997
70.31300000000002,-0.00016296600000001438,498.2538,1191.2084058
70.32300000000001,-0.0005185379999999989,500.241,1196.9571450000003
70.34299999999999,-0.00016296600000001438,499.24739999999997,1191.2084058
70.352,1.4819999999998723e-05,471.4266,1160.5484634000004
70.362,1.4819999999998723e-05,470.433,1160.5484634000004
70.37200000000001,-0.00016296600000001438,471.4266,1160.5484634000004
70.394,1.4819999999998723e-05,471.4266,1162.4647098
70.40299999999999,-0.0003407520000000136,473.4138,1162.4647098
70.44200000000001,1.4819999999998723e-05,445.593,1131.8047674
70.452,-0.00016296600000001438,446.5866,1133.7210138
70.48400000000001,-0.0003407520000000136,445.593,1131.8047674
70.493,-0.00016296600000001438,447.5802,1131.8047674
70.512,-0.00016296600000001438,448.5738,1133.7210138
70.523,1.4819999999998723e-05,447.5802,1129.8885210000003
70.53200000000001,-0.00016296600000001438,418.7658,1104.9773178
70.542,-0.00016296600000001438,419.75939999999997,1103.0610714000004
70.55199999999999,-0.00016296600000001438,418.7658,1103.0610714000004
70.57400000000001,-0.0003407520000000136,419.75939999999997,1099.2285785999998
70.583,-0.0003407520000000136,421.7466,1106.8935642000001
70.602,-0.00016296600000001438,421.7466,1103.0610714000004
70.613,-0.0003407520000000136,420.753,1103.0610714000004
70.62299999999999,-0.00016296600000001438,394.9194,1076.2336218
70.632,0.00019260599999999795,392.93219999999997,1070.4848826000002
70.642,-0.00016296600000001438,393.9258,1074.3173754
70.66400000000002,-0.00016296600000001438,393.9258,1072.4011290000003
70.673,-0.0003407520000000136,394.9194,1074.3173754
70.69300000000001,1.4819999999998723e-05,395.913,1072.4011290000003
70.703,-0.00016296600000001438,394.9194,1072.4011290000003
70.713,-0.00016296600000001438,366.10499999999996,1041.7411865999998
70.72300000000001,1.4819999999998723e-05,367.0986,1041.7411865999998
70.733,-0.0003407520000000136,369.0858,1043.6574329999999
70.75399999999999,1.4819999999998723e-05,368.0922,1041.7411865999998
70.799,-0.0003407520000000136,367.0986,1039.8249402000001
70.80799999999999,1.4819999999998723e-05,370.07939999999996,1041.7411865999998
70.81800000000001,-0.0003407520000000136,370.07939999999996,1045.5736794000004
70.827,-0.0003407520000000136,370.07939999999996,1043.6574329999999
70.838,-0.00016296600000001438,369.0858,1041.7411865999998
70.84700000000001,1.4819999999998723e-05,342.2586,1009.1649978
70.857,-0.00016296600000001438,341.265,1011.0812442000001
70.88900000000001,-0.00016296600000001438,341.265,1011.0812442000001
70.898,1.4819999999998723e-05,343.25219999999996,1012.9974906000002
70.90800000000002,-0.00016296600000001438,344.2458,1014.9137370000003
70.917,-0.0003407520000000136,344.2458,1014.9137370000003
70.928,-0.0005185379999999989,342.2586,1011.0812442000001
70.93800000000002,-0.0003407520000000136,315.4314,973.0950162000004
70.947,-0.00016296600000001438,315.4314,975.083877
70.97900000000001,1.4819999999998723e-05,315.4314,969.1172946000006
71.024,-0.0003407520000000136,316.425,971.1061554000003
71.043,1.4819999999998723e-05,318.4122,971.1061554000003
71.053,-0.0003407520000000136,316.425,973.0950162000004
71.072,-0.0003407520000000136,297.5466,943.2621042000005
71.082,1.4819999999998723e-05,297.5466,941.2732434
71.114,-0.00016296600000001438,297.5466,941.2732434
71.12299999999999,-0.00016296600000001438,297.5466,941.2732434
71.13300000000001,-0.0003407520000000136,295.5594,943.2621042000005
71.143,1.4819999999998723e-05,297.5466,941.2732434
71.15899999999999,1.4819999999998723e-05,296.553,935.3066610000005
71.16900000000001,1.4819999999998723e-05,296.553,941.2732434
71.178,1.4819999999998723e-05,300.5274,943.2621042000005
71.18800000000002,0.00019260599999999795,298.54019999999997,939.2843826000003
71.19800000000001,-0.0003407520000000136,294.56579999999997,939.2843826000003
71.207,1.4819999999998723e-05,296.553,911.4403314000006
71.21700000000001,1.4819999999998723e-05,297.5466,909.4514706000004
71.249,-0.00016296600000001438,297.5466,907.4626098000003
71.25800000000001,-0.0003407520000000136,298.54019999999997,913.4291922000002
71.268,1.4819999999998723e-05,297.5466,909.4514706000004
71.27700000000002,-0.00016296600000001438,297.5466,911.4403314000006
71.28800000000001,-0.00016296600000001438,296.553,909.4514706000004
71.297,1.4819999999998723e-05,297.5466,881.6074194000003
71.30700000000002,-0.00016296600000001438,299.5338,881.6074194000003
71.339,-0.00016296600000001438,295.5594,877.6296978000005
71.34899999999999,-0.00016296600000001438,298.54019999999997,879.6185586000001
71.358,-0.00016296600000001438,297.5466,881.6074194000003
71.368,1.4819999999998723e-05,298.54019999999997,877.6296978000005
71.37700000000001,-0.0003407520000000136,295.5594,877.6296978000005
71.387,-0.0003407520000000136,295.5594,879.6185586000001
71.39600000000002,0.00019260599999999795,298.54019999999997,877.6296978000005
71.406,1.4819999999998723e-05,297.5466,879.6185586000001
71.41499999999999,1.4819999999998723e-05,295.5594,877.6296978000005
71.42500000000001,-0.0003407520000000136,295.5594,877.6296978000005
71.435,1.4819999999998723e-05,298.54019999999997,849.7856466000003
71.45400000000001,1.4819999999998723e-05,298.54019999999997,849.7856466000003
71.47399999999999,1.4819999999998723e-05,294.56579999999997,847.7967858000006
71.48400000000001,0.00019260599999999795,296.553,847.7967858000006
71.494,0.00019260599999999795,298.54019999999997,849.7856466000003
71.50399999999999,1.4819999999998723e-05,297.5466,849.7856466000003
71.51400000000001,-0.00016296600000001438,296.553,847.7967858000006
71.524,1.4819999999998723e-05,299.5338,849.7856466000003
71.53399999999999,1.4819999999998723e-05,299.5338,849.7856466000003
71.54400000000001,1.4819999999998723e-05,298.54019999999997,849.7856466000003
71.554,1.4819999999998723e-05,299.5338,849.7856466000003
71.56700000000001,0.00019260599999999795,299.5338,817.9638738000003
71.577,0.00037039200000001105,297.5466,815.9750130000002
71.58600000000001,-0.00016296600000001438,296.553,823.9304562000007
71.60900000000001,1.4819999999998723e-05,293.5722,817.9638738000003
71.619,-0.00016296600000001438,297.5466,817.9638738000003
71.62800000000001,-0.00016296600000001438,295.5594,817.9638738000003
71.638,1.4819999999998723e-05,297.5466,815.9750130000002
71.64699999999999,-0.00016296600000001438,295.5594,813.9861522000006
71.65700000000001,-0.00016296600000001438,295.5594,817.9638738000003
71.666,-0.00016296600000001438,297.5466,817.9638738000003
71.67600000000002,-0.0003407520000000136,296.553,817.9638738000003
71.685,-0.00016296600000001438,297.5466,817.9638738000003
71.70400000000001,1.4819999999998723e-05,297.5466,790.1198226000006
71.714,1.4819999999998723e-05,296.553,790.1198226000006
71.72399999999999,1.4819999999998723e-05,298.54019999999997,788.1309618000005
71.744,1.4819999999998723e-05,295.5594,786.1421010000004
71.75399999999999,-0.00016296600000001438,296.553,790.1198226000006
71.763,-0.00016296600000001438,298.54019999999997,786.1421010000004
71.773,0.00019260599999999795,298.54019999999997,788.1309618000005
71.78200000000001,1.4819999999998723e-05,297.5466,786.1421010000004
71.792,-0.00016296600000001438,298.54019999999997,790.1198226000006
71.80100000000002,1.4819999999998723e-05,299.5338,788.1309618000005
71.87899999999999,0.00019260599999999795,294.56579999999997,752.3314674000007
71.88900000000001,1.4819999999998723e-05,295.5594,756.3091890000005
71.898,-0.00016296600000001438,293.5722,758.2980498000002
71.90800000000002,1.4819999999998723e-05,297.5466,756.3091890000005
71.917,1.4819999999998723e-05,296.553,758.2980498000002
71.92699999999999,0.00019260599999999795,297.5466,756.3091890000005
71.93700000000001,0.00019260599999999795,298.54019999999997,756.3091890000005
71.946,1.4819999999998723e-05,299.5338,758.2980498000002
71.95500000000001,1.4819999999998723e-05,297.5466,758.2980498000002
71.975,0.00037039200000001105,296.553,726.4762770000002
71.98500000000001,0.00019260599999999795,298.54019999999997,726.4762770000002
71.995,0.00037039200000001105,298.54019999999997,724.4874162000001
72.01400000000001,1.4819999999998723e-05,295.5594,724.4874162000001
72.024,1.4819999999998723e-05,299.5338,726.4762770000002
72.03300000000002,-0.00016296600000001438,297.5466,728.4651377999999
72.043,-0.0003407520000000136,296.553,728.4651377999999
72.05199999999999,1.4819999999998723e-05,295.5594,722.4985554
72.06200000000001,-0.00016296600000001438,298.54019999999997,728.4651377999999
72.071,0.00019260599999999795,297.5466,726.4762770000002
72.08100000000002,-0.00016296600000001438,298.54019999999997,728.4651377999999
72.09,0.00019260599999999795,299.5338,726.4762770000002
72.107,0.00019260599999999795,297.5466,694.6545042
72.11699999999999,0.00037039200000001105,295.5594,692.6656434000001
72.149,0.00019260599999999795,295.5594,692.6656434000001
72.15899999999999,0.00019260599999999795,299.5338,694.6545042
72.168,1.4819999999998723e-05,296.553,692.6656434000001
72.178,1.4819999999998723e-05,297.5466,694.6545042
72.18800000000002,-0.0003407520000000136,294.56579999999997,696.6433650000001
72.197,0.00019260599999999795,296.553,662.8327314000001
72.207,1.4819999999998723e-05,297.5466,664.8215921999999
72.239,1.4819999999998723e-05,297.5466,662.8327314000001
72.249,1.4819999999998723e-05,298.54019999999997,664.8215921999999
72.25800000000001,1.4819999999998723e-05,297.5466,664.8215921999999
72.268,0.00019260599999999795,297.5466,662.8327314000001
72.27700000000002,-0.00016296600000001438,295.5594,662.8327314000001
72.287,0.00037039200000001105,297.5466,662.8327314000001
72.29599999999999,0.00019260599999999795,298.54019999999997,662.8327314000001
72.315,1.4819999999998723e-05,298.54019999999997,664.8215921999999
72.32500000000002,0.00019260599999999795,297.5466,662.8327314000001
72.33500000000001,1.4819999999998723e-05,295.5594,632.9998194000002
72.345,0.00019260599999999795,297.5466,636.9775410000002
72.374,-0.00016296600000001438,294.56579999999997,632.9998194000002
72.38400000000001,1.4819999999998723e-05,297.5466,634.9886802000001
72.393,1.4819999999998723e-05,296.553,634.9886802000001
72.40299999999999,0.00037039200000001105,299.5338,634.9886802000001
72.41300000000001,-0.00016296600000001438,295.5594,634.9886802000001
72.422,0.00019260599999999795,298.54019999999997,603.1669074000001
72.43200000000002,1.4819999999998723e-05,295.5594,605.1557682
72.464,0.00019260599999999795,296.553,603.1669074000001
72.47399999999999,0.00019260599999999795,298.54019999999997,603.1669074000001
72.483,0.00019260599999999795,298.54019999999997,607.1446289999999
72.493,1.4819999999998723e-05,300.5274,605.1557682
72.50200000000001,0.00019260599999999795,296.553,603.1669074000001
72.512,0.00019260599999999795,298.54019999999997,605.1557682
72.52100000000002,1.4819999999998723e-05,298.54019999999997,605.1557682
72.531,0.00037039200000001105,298.54019999999997,601.1780466
72.53999999999999,0.00019260599999999795,299.5338,603.1669074000001
72.55000000000001,-0.00016296600000001438,296.553,601.1780466
72.56,0.00019260599999999795,295.5594,573.3339954
72.56900000000002,1.4819999999998723e-05,296.553,573.3339954
72.59899999999999,0.00019260599999999795,294.56579999999997,571.3451345999999
72.60900000000001,0.00037039200000001105,298.54019999999997,573.3339954
72.618,0.00019260599999999795,299.5338,573.3339954
72.62800000000001,0.00037039200000001105,299.5338,573.3339954
72.637,-0.00016296600000001438,294.56579999999997,571.3451345999999
72.64699999999999,-0.00016296600000001438,296.553,573.3339954
72.666,0.00019260599999999795,298.54019999999997,575.3228562000002
72.67600000000002,1.4819999999998723e-05,298.54019999999997,575.3228562000002
72.686,1.4819999999998723e-05,295.5594,573.3339954
72.696,1.4819999999998723e-05,297.5466,545.4899442000001
72.70600000000002,0.00019260599999999795,299.5338,545.4899442000001
72.73400000000001,1.4819999999998723e-05,296.553,541.5122226000001
72.744,0.00019260599999999795,296.553,543.5010834000002
72.75300000000001,0.00019260599999999795,297.5466,541.5122226000001
72.763,1.4819999999998723e-05,296.553,543.5010834000002
72.77199999999999,1.4819999999998723e-05,295.5594,537.5345010000001
72.78200000000001,0.00019260599999999795,297.5466,541.5122226000001
72.791,0.00037039200000001105,297.5466,541.5122226000001
72.80100000000002,1.4819999999998723e-05,298.54019999999997,543.5010834000002
72.81,0.00019260599999999795,298.54019999999997,541.5122226000001
72.82,-0.00016296600000001438,294.56579999999997,539.5233618
72.83000000000001,0.00037039200000001105,297.5466,513.6681714000001
72.839,0.00037039200000001105,297.5466,513.6681714000001
72.869,0.00019260599999999795,298.54019999999997,513.6681714000001
72.87899999999999,0.00019260599999999795,296.553,513.6681714000001
72.888,0.00019260599999999795,297.5466,513.6681714000001
72.898,0.00019260599999999795,299.5338,513.6681714000001
72.90800000000002,-0.00016296600000001438,295.5594,513.6681714000001
72.918,0.00019260599999999795,297.5466,485.82412020000015
72.92699999999999,0.00019260599999999795,299.5338,485.82412020000015
72.959,0.00019260599999999795,298.54019999999997,485.82412020000015
72.969,-0.00016296600000001438,297.5466,487.81298100000004
72.97800000000001,0.00019260599999999795,298.54019999999997,485.82412020000015
72.988,0.00019260599999999795,298.54019999999997,485.82412020000015
72.99799999999999,0.00019260599999999795,295.5594,483.83525940000004
73.01599999999999,0.00019260599999999795,299.5338,487.81298100000004
73.02600000000001,1.4819999999998723e-05,297.5466,487.81298100000004
73.036,-0.00016296600000001438,295.5594,485.82412020000015
73.047,-0.00016296600000001438,294.56579999999997,487.81298100000004
73.05600000000001,0.00019260599999999795,298.54019999999997,457.98006899999996
73.066,0.00037039200000001105,298.54019999999997,457.98006899999996
73.094,1.4819999999998723e-05,296.553,455.9912082000001
73.10400000000001,1.4819999999998723e-05,296.553,457.98006899999996
73.113,1.4819999999998723e-05,297.5466,457.98006899999996
73.12299999999999,1.4819999999998723e-05,298.54019999999997,457.98006899999996
73.132,0.00019260599999999795,297.5466,455.9912082000001
73.142,1.4819999999998723e-05,297.5466,457.98006899999996
73.15200000000002,0.00019260599999999795,297.5466,457.98006899999996
73.161,1.4819999999998723e-05,298.54019999999997,457.98006899999996
73.17000000000002,0.00019260599999999795,300.5274,457.98006899999996
73.18,1.4819999999998723e-05,296.553,454.0023474000002
73.19,1.4819999999998723e-05,298.54019999999997,428.1471570000001
73.19900000000001,1.4819999999998723e-05,300.5274,430.1360178000002
73.22900000000001,1.4819999999998723e-05,296.553,424.1694354000001
73.239,0.00019260599999999795,297.5466,428.1471570000001
73.24799999999999,1.4819999999998723e-05,298.54019999999997,428.1471570000001
73.25800000000001,1.4819999999998723e-05,298.54019999999997,428.1471570000001
73.267,1.4819999999998723e-05,295.5594,426.1582962
73.287,-0.00016296600000001438,298.54019999999997,428.1471570000001
73.297,0.00019260599999999795,298.54019999999997,426.1582962
73.30700000000002,1.4819999999998723e-05,299.5338,428.1471570000001
73.31700000000001,1.4819999999998723e-05,296.553,426.1582962
73.327,0.00019260599999999795,298.54019999999997,398.314245
73.33700000000002,0.00037039200000001105,297.5466,398.314245
73.364,-0.00016296600000001438,292.5786,398.314245
73.374,1.4819999999998723e-05,298.54019999999997,398.314245
73.38300000000001,0.00019260599999999795,297.5466,398.314245
73.393,-0.00016296600000001438,299.5338,398.314245
73.40299999999999,1.4819999999998723e-05,293.5722,396.32538420000014
73.41300000000001,1.4819999999998723e-05,297.5466,368.48133299999995
73.422,0.00037039200000001105,297.5466,368.48133299999995
73.43200000000002,0.00019260599999999795,299.5338,368.48133299999995
73.45400000000001,0.00019260599999999795,297.5466,364.5036114000002
73.464,-0.00016296600000001438,299.5338,370.4701938000003
73.47300000000001,0.00019260599999999795,299.5338,368.48133299999995
73.483,1.4819999999998723e-05,299.5338,368.48133299999995
73.49199999999999,0.00019260599999999795,296.553,364.5036114000002
73.50200000000001,1.4819999999998723e-05,297.5466,368.48133299999995
73.512,1.4819999999998723e-05,297.5466,366.49247220000007
73.52100000000002,-0.00016296600000001438,297.5466,368.48133299999995
73.53,1.4819999999998723e-05,298.54019999999997,368.48133299999995
73.53999999999999,1.4819999999998723e-05,296.553,364.5036114000002
73.55000000000001,0.00019260599999999795,298.54019999999997,338.6484210000001
73.559,1.4819999999998723e-05,298.54019999999997,338.6484210000001
73.589,-0.00016296600000001438,296.553,336.6595602000002
73.59899999999999,1.4819999999998723e-05,297.5466,336.6595602000002
73.608,1.4819999999998723e-05,298.54019999999997,338.6484210000001
73.62800000000001,1.4819999999998723e-05,297.5466,332.6818386
73.638,0.00019260599999999795,297.5466,308.815509
73.64699999999999,0.00037039200000001105,299.5338,306.82664820000014
73.65700000000001,0.00037039200000001105,298.54019999999997,306.82664820000014
73.679,0.00019260599999999795,297.5466,306.82664820000014
73.689,0.00019260599999999795,298.54019999999997,306.82664820000014
73.69800000000001,0.00019260599999999795,297.5466,306.82664820000014
73.71799999999999,0.0005481779999999825,298.54019999999997,302.84892660000014
73.727,0.00019260599999999795,298.54019999999997,308.815509
73.737,0.00037039200000001105,297.5466,306.82664820000014
73.74700000000001,0.00037039200000001105,298.54019999999997,306.82664820000014
73.757,0.00019260599999999795,299.5338,306.82664820000014
73.768,0.00019260599999999795,295.5594,302.84892660000014
73.77799999999999,0.00037039200000001105,299.5338,278.98259699999994
73.78800000000001,0.00019260599999999795,298.54019999999997,276.99373620000006
73.814,0.0005481779999999825,295.5594,275.00487539999995
73.82400000000001,0.00037039200000001105,295.5594,275.00487539999995
73.833,1.4819999999998723e-05,299.5338,278.98259699999994
73.84299999999999,0.00037039200000001105,298.54019999999997,276.99373620000006
73.85300000000001,0.0005481779999999825,297.5466,275.00487539999995
73.863,0.00019260599999999795,296.553,249.1496850000001
73.87200000000001,0.00037039200000001105,298.54019999999997,247.1608242000002
73.904,0.00037039200000001105,295.5594,243.18310259999998
73.91400000000002,0.00037039200000001105,296.553,247.1608242000002
73.923,0.0005481779999999825,296.553,245.17196339999987
73.93299999999999,0.0005481779999999825,298.54019999999997,247.1608242000002
73.94300000000001,0.0005481779999999825,298.54019999999997,245.17196339999987
73.952,0.0005481779999999825,298.54019999999997,217.32791220000013
73.995,0.0007259639999999956,296.553,213.35019060000013
74.00399999999999,0.0005481779999999825,296.553,213.35019060000013
74.01400000000001,0.00037039200000001105,298.54019999999997,217.32791220000013
74.023,0.0007259639999999956,299.5338,215.33905140000002
74.03399999999999,0.00037039200000001105,296.553,213.35019060000013
74.04400000000001,0.0007259639999999956,299.5338,185.50613939999994
74.053,0.0005481779999999825,298.54019999999997,185.50613939999994
74.06300000000002,0.00019260599999999795,296.553,189.48386100000016
74.072,0.00037039200000001105,298.54019999999997,185.50613939999994
74.084,0.00037039200000001105,294.56579999999997,185.50613939999994
74.094,0.0005481779999999825,300.5274,185.50613939999994
74.10300000000001,0.0005481779999999825,296.553,185.50613939999994
74.113,0.0005481779999999825,298.54019999999997,187.49500020000005
74.12299999999999,0.00037039200000001105,293.5722,181.52841780000017
74.132,0.00037039200000001105,296.553,187.49500020000005
74.142,0.0005481779999999825,297.5466,185.50613939999994
74.15100000000001,0.0005481779999999825,300.5274,185.50613939999994
74.161,0.0005481779999999825,299.5338,187.49500020000005
74.17000000000002,0.00019260599999999795,295.5594,185.50613939999994
74.18,0.0005481779999999825,298.54019999999997,157.6620882000002
74.189,0.0005481779999999825,298.54019999999997,155.6732274000001
74.219,0.00019260599999999795,294.56579999999997,157.6620882000002
74.238,0.00037039200000001105,298.54019999999997,157.6620882000002
74.24799999999999,0.00037039200000001105,297.5466,157.6620882000002
74.25800000000001,0.00019260599999999795,298.54019999999997,157.6620882000002
74.268,0.0005481779999999825,297.5466,125.84031540000001
74.27799999999999,0.00019260599999999795,295.5594,125.84031540000001
74.28800000000001,0.00037039200000001105,297.5466,125.84031540000001
74.309,0.00019260599999999795,297.5466,127.82917620000012
74.35400000000001,0.00019260599999999795,298.54019999999997,125.84031540000001
74.399,0.00019260599999999795,295.5594,123.85145460000012
74.41900000000001,0.00019260599999999795,300.5274,97.99626420000004
74.429,0.00019260599999999795,297.5466,96.00740339999993
74.439,0.00037039200000001105,295.5594,94.01854260000005
74.44900000000001,0.00019260599999999795,297.5466,96.00740339999993
74.459,1.4819999999998723e-05,298.54019999999997,97.99626420000004
74.469,0.00037039200000001105,297.5466,96.00740339999993
74.47900000000001,0.00019260599999999795,301.52099999999996,97.99626420000004
74.489,0.00019260599999999795,297.5466,96.00740339999993
74.499,1.4819999999998723e-05,297.5466,66.17449140000008
74.50900000000001,0.00019260599999999795,297.5466,66.17449140000008
74.53399999999999,-0.0003407520000000136,292.5786,66.17449140000008
74.54400000000001,1.4819999999998723e-05,298.54019999999997,68.16335219999996
74.553,0.00019260599999999795,297.5466,66.17449140000008
74.56300000000002,0.00019260599999999795,298.54019999999997,66.17449140000008
74.57400000000001,0.00019260599999999795,297.5466,64.1856306000002
74.584,-0.00016296600000001438,296.553,38.330440199999884
74.59299999999999,1.4819999999998723e-05,299.5338,40.319300999999996
74.60300000000001,1.4819999999998723e-05,297.5466,36.3415794
74.612,1.4819999999998723e-05,298.54019999999997,36.3415794
74.624,-0.00016296600000001438,294.56579999999997,34.35271860000012
74.63400000000001,-0.00016296600000001438,297.5466,38.330440199999884
74.643,1.4819999999998723e-05,296.553,36.3415794
74.65299999999999,1.4819999999998723e-05,298.54019999999997,36.3415794
74.66300000000001,-0.00016296600000001438,290.59139999999996,34.35271860000012
74.672,-0.00016296600000001438,296.553,38.330440199999884
74.68200000000002,1.4819999999998723e-05,298.54019999999997,34.35271860000012
74.691,1.4819999999998723e-05,298.54019999999997,36.3415794
74.701,-0.0003407520000000136,296.553,38.330440199999884
74.71000000000001,-0.00016296600000001438,297.5466,38.330440199999884
74.72,1.4819999999998723e-05,297.5466,6.508667400000149
74.739,-0.00016296600000001438,298.54019999999997,6.508667400000149
74.75900000000001,1.4819999999998723e-05,295.5594,4.519806600000038
74.769,-0.0003407520000000136,298.54019999999997,8.497528200000033
74.779,1.4819999999998723e-05,298.54019999999997,6.508667400000149
74.78900000000002,1.4819999999998723e-05,298.54019999999997,6.508667400000149
74.799,-0.00016296600000001438,298.54019999999997,4.519806600000038
74.809,-0.00016296600000001438,298.54019999999997,6.508667400000149
74.81900000000002,1.4819999999998723e-05,298.54019999999997,8.497528200000033
74.84899999999999,-0.00016296600000001438,298.54019999999997,6.508667400000149
74.85900000000001,-0.00016296600000001438,299.5338,8.497528200000033
74.868,0.00019260599999999795,298.54019999999997,4.519806600000038
74.87800000000001,0.00019260599999999795,298.54019999999997,6.508667400000149
74.888,-0.00016296600000001438,298.54019999999997,6.508667400000149
74.898,1.4819999999998723e-05,299.5338,38.330440199999884
74.90700000000001,-0.0003407520000000136,297.5466,38.330440199999884
74.939,-0.00016296600000001438,297.5466,36.3415794
74.94900000000001,-0.00016296600000001438,298.54019999999997,36.3415794
74.958,-0.00016296600000001438,298.54019999999997,38.330440199999884
74.96799999999999,1.4819999999998723e-05,298.54019999999997,36.3415794
74.97800000000001,-0.0003407520000000136,295.5594,36.3415794
74.987,-0.00016296600000001438,298.54019999999997,38.330440199999884
74.99700000000001,0.00019260599999999795,300.5274,36.3415794
75.006,-0.00016296600000001438,297.5466,38.330440199999884
75.01599999999999,-0.00016296600000001438,296.553,38.330440199999884
75.025,1.4819999999998723e-05,297.5466,32.363857800000005
75.035,1.4819999999998723e-05,298.54019999999997,66.17449140000008
75.04400000000001,-0.0003407520000000136,298.54019999999997,66.17449140000008
75.07400000000001,-0.00016296600000001438,293.5722,66.17449140000008
75.084,-0.00016296600000001438,298.54019999999997,68.16335219999996
75.09299999999999,-0.00016296600000001438,297.5466,68.16335219999996
75.10300000000001,-0.00016296600000001438,297.5466,68.16335219999996
75.113,-0.00016296600000001438,294.56579999999997,64.1856306000002
75.12200000000001,-0.0005185379999999989,296.553,68.16335219999996
75.132,-0.00016296600000001438,296.553,68.16335219999996
75.14099999999999,-0.00016296600000001438,298.54019999999997,66.17449140000008
75.15100000000001,-0.00016296600000001438,298.54019999999997,68.16335219999996
75.17000000000002,-0.00016296600000001438,296.553,97.99626420000004
75.18,1.4819999999998723e-05,296.553,96.00740339999993
75.19,0.00037039200000001105,297.5466,96.00740339999993
75.209,0.00019260599999999795,297.5466,92.02968179999993
75.219,-0.0003407520000000136,298.54019999999997,99.98512500000015
75.22800000000001,0.00019260599999999795,298.54019999999997,96.00740339999993
75.238,-0.00016296600000001438,297.5466,99.98512500000015
75.249,-0.00016296600000001438,292.5786,94.01854260000005
75.25900000000001,1.4819999999998723e-05,299.5338,127.82917620000012
75.269,1.4819999999998723e-05,295.5594,123.85145460000012
75.27799999999999,-0.00016296600000001438,296.553,127.82917620000012
75.287,1.4819999999998723e-05,297.5466,125.84031540000001
75.299,1.4819999999998723e-05,295.5594,125.84031540000001
75.309,0.00019260599999999795,297.5466,125.84031540000001
75.31800000000001,0.00037039200000001105,299.5338,127.82917620000012
75.328,-0.00016296600000001438,297.5466,127.82917620000012
75.338,1.4819999999998723e-05,296.553,123.85145460000012
75.34700000000001,-0.00016296600000001438,296.553,125.84031540000001
75.357,1.4819999999998723e-05,298.54019999999997,127.82917620000012
75.36600000000001,1.4819999999998723e-05,297.5466,125.84031540000001
75.376,-0.00016296600000001438,296.553,127.82917620000012
75.38499999999999,1.4819999999998723e-05,298.54019999999997,123.85145460000012
75.39500000000001,0.00037039200000001105,296.553,157.6620882000002
75.404,1.4819999999998723e-05,296.553,155.6732274000001
75.434,1.4819999999998723e-05,294.56579999999997,155.6732274000001
75.44400000000002,0.00019260599999999795,299.5338,159.65094900000008
75.453,0.0005481779999999825,298.54019999999997,155.6732274000001
75.463,0.00019260599999999795,298.54019999999997,159.65094900000008
75.47300000000001,0.00037039200000001105,297.5466,155.6732274000001
75.483,0.00037039200000001105,298.54019999999997,185.50613939999994
75.49199999999999,0.0007259639999999956,300.5274,187.49500020000005
75.524,0.0005481779999999825,294.56579999999997,183.51727860000005
75.53399999999999,0.0007259639999999956,297.5466,185.50613939999994
75.54399999999998,0.0007259639999999956,297.5466,187.49500020000005
75.553,0.0007259639999999956,299.5338,187.49500020000005
75.56299999999999,0.0005481779999999825,295.5594,185.50613939999994
75.572,0.00037039200000001105,298.54019999999997,187.49500020000005
75.582,0.0007259639999999956,300.5274,187.49500020000005
75.59100000000001,0.0007259639999999956,298.54019999999997,185.50613939999994
75.61099999999999,0.0005481779999999825,295.5594,183.51727860000005
75.62100000000001,0.0007259639999999956,297.5466,217.32791220000013
75.63,0.0009037499999999948,298.54019999999997,219.316773
75.65899999999999,0.001081535999999994,296.553,215.33905140000002
75.66899999999998,0.001081535999999994,298.54019999999997,217.32791220000013
75.679,0.001081535999999994,297.5466,217.32791220000013
75.68799999999999,0.0009037499999999948,297.5466,217.32791220000013
75.69800000000001,0.001081535999999994,298.54019999999997,215.33905140000002
75.708,0.0014371079999999925,297.5466,247.1608242000002
75.71699999999998,0.001792679999999991,297.5466,247.1608242000002
75.749,0.001792679999999991,295.5594,243.18310259999998
75.75899999999999,0.001970466000000004,300.5274,245.17196339999987
75.768,0.001792679999999991,299.5338,249.1496850000001
75.77799999999999,0.001792679999999991,298.54019999999997,245.17196339999987
75.78799999999998,0.0016148939999999917,295.5594,243.18310259999998
75.798,0.001970466000000004,297.5466,278.98259699999994
75.80699999999999,0.002503823999999988,296.553,275.00487539999995
75.839,0.002681610000000001,296.553,276.99373620000006
75.84899999999999,0.002681610000000001,298.54019999999997,276.99373620000006
75.858,0.002681610000000001,298.54019999999997,276.99373620000006
75.868,0.0023260380000000025,295.5594,278.98259699999994
75.88399999999999,0.002681610000000001,295.5594,273.01601460000006
75.894,0.0028593959999999863,301.52099999999996,278.98259699999994
75.904,0.002503823999999988,296.553,276.99373620000006
75.91299999999998,0.002503823999999988,297.5466,276.99373620000006
75.923,0.0023260380000000025,295.5594,276.99373620000006
75.93299999999999,0.0028593959999999863,298.54019999999997,308.815509
75.94200000000001,0.0037483259999999963,298.54019999999997,308.815509
75.97399999999999,0.003570539999999997,295.5594,304.8377874
75.98400000000001,0.0037483259999999963,299.5338,306.82664820000014
75.993,0.003570539999999997,298.54019999999997,308.815509
76.00299999999999,0.0037483259999999963,298.54019999999997,308.815509
76.013,0.003392753999999998,295.5594,304.8377874
76.023,0.004103897999999995,298.54019999999997,336.6595602000002
76.03199999999998,0.004637255999999992,299.5338,340.6372818
76.065,0.004992828000000005,295.5594,336.6595602000002
76.07399999999998,0.005348400000000003,298.54019999999997,338.6484210000001
76.084,0.00517061399999999,299.5338,336.6595602000002
76.09299999999999,0.005348400000000003,299.5338,336.6595602000002
76.10300000000001,0.004992828000000005,294.56579999999997,334.6706993999999
76.112,0.005348400000000003,296.553,336.6595602000002
76.131,0.00517061399999999,298.54019999999997,336.6595602000002
76.14099999999999,0.00517061399999999,298.54019999999997,338.6484210000001
76.15199999999999,0.004992828000000005,294.56579999999997,334.6706993999999
76.161,0.005703972000000002,297.5466,370.4701938000003
76.17099999999999,0.0064151159999999985,295.5594,366.49247220000007
76.19899999999998,0.007126259999999995,295.5594,366.49247220000007
76.209,0.006948473999999996,296.553,368.48133299999995
76.219,0.006948473999999996,297.5466,368.48133299999995
76.22800000000001,0.007126259999999995,299.5338,368.48133299999995
76.238,0.006948473999999996,295.5594,366.49247220000007
76.24699999999999,0.007126259999999995,295.5594,368.48133299999995
76.257,0.007126259999999995,296.553,368.48133299999995
76.26599999999999,0.007304045999999995,296.553,366.49247220000007
76.27600000000001,0.007304045999999995,298.54019999999997,366.49247220000007
76.285,0.007304045999999995,299.5338,364.5036114000002
76.29499999999999,0.007837403999999992,296.553,398.314245
76.305,0.008726334000000002,297.5466,398.314245
76.334,0.009259692,294.56579999999997,394.33652340000026
76.344,0.009259692,297.5466,396.32538420000014
76.35399999999998,0.009259692,298.54019999999997,398.314245
76.363,0.009259692,298.54019999999997,400.30310580000014
76.374,0.009081906,293.5722,396.32538420000014
76.38399999999999,0.009793049999999984,296.553,428.1471570000001
76.393,0.011215337999999991,295.5594,426.1582962
76.40299999999999,0.01157090999999999,296.553,426.1582962
76.422,0.01157090999999999,293.5722,426.1582962
76.43199999999999,0.011926481999999988,299.5338,426.1582962
76.44200000000001,0.011748696000000003,295.5594,426.1582962
76.452,0.012104268000000001,299.5338,428.1471570000001
76.46199999999999,0.012104268000000001,295.5594,428.1471570000001
76.47200000000001,0.011926481999999988,298.54019999999997,428.1471570000001
76.482,0.012104268000000001,297.5466,426.1582962
76.49199999999999,0.012104268000000001,295.5594,428.1471570000001
76.50200000000001,0.012104268000000001,297.5466,428.1471570000001
76.512,0.012104268000000001,297.5466,424.1694354000001
76.56,0.013170983999999997,295.5594,457.98006899999996
76.56899999999999,0.014415486000000005,296.553,457.98006899999996
76.57900000000001,0.014771058000000004,298.54019999999997,457.98006899999996
76.588,0.014948843999999989,298.54019999999997,455.9912082000001
76.59799999999998,0.014948843999999989,296.553,454.0023474000002
76.608,0.015837773999999985,297.5466,485.82412020000015
76.61699999999999,0.017437848000000006,298.54019999999997,483.83525940000004
76.65,0.01814899199999999,293.5722,483.83525940000004
76.65899999999999,0.018326778000000002,298.54019999999997,487.81298100000004
76.66899999999998,0.01814899199999999,298.54019999999997,487.81298100000004
76.678,0.018504563999999987,297.5466,483.83525940000004
76.68799999999999,0.01814899199999999,297.5466,485.82412020000015
76.697,0.018326778000000002,297.5466,487.81298100000004
76.707,0.01868235,296.553,483.83525940000004
76.71600000000001,0.018860135999999986,296.553,483.83525940000004
76.726,0.01868235,296.553,483.83525940000004
76.73499999999999,0.018326778000000002,293.5722,485.82412020000015
76.745,0.019571279999999996,297.5466,513.6681714000001
76.755,0.02099356799999999,297.5466,515.6570322
76.785,0.022060284,296.553,509.6904498000001
76.79399999999998,0.022060284,299.5338,511.6793106
76.803,0.022060284,300.5274,513.6681714000001
76.82300000000001,0.021882497999999986,296.553,513.6681714000001
76.832,0.021882497999999986,298.54019999999997,513.6681714000001
76.874,0.022415855999999998,298.54019999999997,513.6681714000001
76.965,0.023304785999999994,294.56579999999997,539.5233618
76.975,0.02454928799999999,296.553,545.4899442000001
76.98400000000001,0.025082646,297.5466,545.4899442000001
76.994,0.025438218,298.54019999999997,541.5122226000001
77.00299999999999,0.025082646,295.5594,541.5122226000001
77.023,0.025438218,298.54019999999997,541.5122226000001
77.03299999999999,0.025438218,298.54019999999997,541.5122226000001
77.043,0.025616003999999998,299.5338,541.5122226000001
77.053,0.025260431999999985,295.5594,541.5122226000001
77.06299999999999,0.026149361999999995,297.5466,575.3228562000002
77.07300000000001,0.02757164999999999,295.5594,575.3228562000002
77.1,0.028105008,297.5466,573.3339954
77.10900000000001,0.028105008,298.54019999999997,573.3339954
77.119,0.028105008,299.5338,575.3228562000002
77.12799999999999,0.027749436000000002,297.5466,577.311717
77.138,0.027749436000000002,297.5466,571.3451345999999
77.14699999999999,0.027749436000000002,297.5466,575.3228562000002
77.15699999999998,0.027927221999999988,298.54019999999997,573.3339954
77.166,0.027749436000000002,297.5466,575.3228562000002
77.17599999999999,0.027927221999999988,296.553,571.3451345999999
77.186,0.02757164999999999,296.553,571.3451345999999
77.195,0.028282793999999986,295.5594,605.1557682
77.20499999999998,0.029527295999999995,296.553,605.1557682
77.23499999999999,0.029527295999999995,294.56579999999997,603.1669074000001
77.244,0.029349509999999995,295.5594,605.1557682
77.263,0.029349509999999995,298.54019999999997,603.1669074000001
77.273,0.029171723999999996,297.5466,603.1669074000001
77.28299999999999,0.029171723999999996,297.5466,603.1669074000001
77.293,0.029171723999999996,297.5466,605.1557682
77.303,0.028993937999999997,299.5338,605.1557682
77.31299999999999,0.028816151999999998,298.54019999999997,607.1446289999999
77.32300000000001,0.028638366,296.553,605.1557682
77.333,0.029171723999999996,298.54019999999997,636.9775410000002
77.34299999999999,0.03023843999999999,297.5466,634.9886802000001
77.37,0.030060653999999992,295.5594,632.9998194000002
77.37899999999999,0.029527295999999995,297.5466,634.9886802000001
77.38900000000001,0.029349509999999995,298.54019999999997,636.9775410000002
77.398,0.029527295999999995,298.54019999999997,634.9886802000001
77.40799999999999,0.029171723999999996,295.5594,632.9998194000002
77.417,0.029171723999999996,299.5338,636.9775410000002
77.42699999999999,0.028993937999999997,297.5466,632.9998194000002
77.436,0.028993937999999997,298.54019999999997,632.9998194000002
77.446,0.028638366,299.5338,634.9886802000001
77.45599999999999,0.027927221999999988,294.56579999999997,634.9886802000001
77.465,0.028638366,296.553,664.8215921999999
77.475,0.029171723999999996,295.5594,664.8215921999999
77.505,0.028638366,294.56579999999997,660.8438706000002
77.523,0.027927221999999988,297.5466,666.8104530000003
77.53299999999999,0.027927221999999988,298.54019999999997,662.8327314000001
77.54399999999998,0.02757164999999999,298.54019999999997,664.8215921999999
77.554,0.02739386399999999,297.5466,694.6545042
77.564,0.027749436000000002,295.5594,696.6433650000001
77.57399999999998,0.027749436000000002,299.5338,694.6545042
77.595,0.026682719999999993,294.56579999999997,692.6656434000001
77.614,0.026149361999999995,299.5338,696.6433650000001
77.624,0.025971575999999996,298.54019999999997,696.6433650000001
77.63399999999999,0.025793789999999997,297.5466,694.6545042
77.644,0.025616003999999998,294.56579999999997,694.6545042
77.654,0.025260431999999985,298.54019999999997,696.6433650000001
77.66399999999999,0.025260431999999985,296.553,696.6433650000001
77.674,0.025260431999999985,297.5466,694.6545042
77.684,0.025260431999999985,294.56579999999997,692.6656434000001
77.69399999999999,0.024727074,298.54019999999997,726.4762770000002
77.70400000000001,0.024904859999999987,297.5466,726.4762770000002
77.72999999999999,0.02383814399999999,293.5722,724.4874162000001
77.739,0.023304785999999994,295.5594,730.4539986
77.749,0.023304785999999994,297.5466,726.4762770000002
77.75800000000001,0.022949213999999996,295.5594,728.4651377999999
77.77799999999999,0.022060284,298.54019999999997,758.2980498000002
77.787,0.021882497999999986,297.5466,758.2980498000002
77.82,0.02081578199999999,296.553,756.3091890000005
77.82900000000001,0.020104637999999994,297.5466,758.2980498000002
77.839,0.019926851999999995,297.5466,758.2980498000002
77.84799999999998,0.019749065999999996,297.5466,758.2980498000002
77.858,0.019393493999999997,295.5594,752.3314674000007
77.86699999999999,0.019215707999999984,298.54019999999997,758.2980498000002
77.87700000000001,0.018860135999999986,300.5274,758.2980498000002
77.886,0.018860135999999986,299.5338,758.2980498000002
77.89599999999999,0.018326778000000002,294.56579999999997,758.2980498000002
77.906,0.01814899199999999,296.553,754.3203282000004
77.91499999999999,0.01814899199999999,300.5274,788.1309618000005
77.934,0.017082275999999993,296.553,788.1309618000005
77.95499999999998,0.016726703999999995,298.54019999999997,788.1309618000005
77.964,0.016371131999999997,297.5466,790.1198226000006
77.97399999999999,0.016015559999999998,298.54019999999997,790.1198226000006
77.98400000000001,0.015482201999999987,296.553,790.1198226000006
77.994,0.015482201999999987,297.5466,786.1421010000004
78.00399999999999,0.015126630000000002,300.5274,790.1198226000006
78.01400000000001,0.014948843999999989,297.5466,788.1309618000005
78.048,0.013704341999999994,298.54019999999997,819.9527346000004
78.05699999999999,0.013704341999999994,298.54019999999997,817.9638738000003
78.09,0.012815411999999984,295.5594,813.9861522000006
78.09899999999999,0.012282054,297.5466,817.9638738000003
78.10900000000001,0.012104268000000001,298.54019999999997,819.9527346000004
78.118,0.011748696000000003,295.5594,817.9638738000003
78.12899999999999,0.01157090999999999,295.5594,817.9638738000003
78.138,0.010504193999999994,297.5466,851.7745074000004
78.148,0.010326407999999995,297.5466,849.7856466000003
78.18,0.009259692,294.56579999999997,847.7967858000006
78.189,0.009259692,297.5466,849.7856466000003
78.19899999999998,0.008726334000000002,297.5466,849.7856466000003
78.208,0.00854854799999999,297.5466,849.7856466000003
78.22,0.008015189999999991,298.54019999999997,843.8190642000004
78.22899999999998,0.007481831999999994,298.54019999999997,881.6074194000003
78.239,0.006948473999999996,294.56579999999997,879.6185586000001
78.24799999999999,0.007126259999999995,296.553,881.6074194000003
78.25800000000001,0.006770687999999997,298.54019999999997,877.6296978000005
78.27000000000001,0.0064151159999999985,295.5594,875.6408370000004
78.279,0.006237329999999999,298.54019999999997,879.6185586000001
78.28899999999999,0.006059544,298.54019999999997,879.6185586000001
78.298,0.005348400000000003,299.5338,881.6074194000003
78.30799999999999,0.00517061399999999,298.54019999999997,879.6185586000001
78.31799999999998,0.004637255999999992,300.5274,911.4403314000006
78.327,0.004459469999999993,298.54019999999997,911.4403314000006
78.35999999999999,0.003570539999999997,291.585,909.4514706000004
78.369,0.003570539999999997,298.54019999999997,911.4403314000006
78.37899999999999,0.003392753999999998,298.54019999999997,911.4403314000006
78.388,0.003392753999999998,298.54019999999997,911.4403314000006
78.398,0.002681610000000001,292.5786,907.4626098000003
78.40799999999999,0.002503823999999988,297.5466,941.2732434
78.417,0.0023260380000000025,297.5466,943.2621042000005
78.44999999999999,0.0016148939999999917,293.5722,941.2732434
78.459,0.001792679999999991,297.5466,943.2621042000005
78.469,0.0016148939999999917,296.553,943.2621042000005
78.47800000000001,0.0014371079999999925,296.553,943.2621042000005
78.488,0.0016148939999999917,294.56579999999997,937.2955218000002
78.49799999999999,0.0014371079999999925,298.54019999999997,945.2509650000006
78.507,0.0014371079999999925,297.5466,941.2732434
78.517,0.0014371079999999925,298.54019999999997,941.2732434
78.52600000000001,0.0009037499999999948,295.5594,943.2621042000005
78.54499999999999,0.0005481779999999825,297.5466,973.0950162000004
78.555,0.0007259639999999956,296.553,973.0950162000004
78.565,0.0005481779999999825,298.54019999999997,973.0950162000004
78.58500000000001,0.0007259639999999956,296.553,971.1061554000003
78.594,0.00037039200000001105,298.54019999999997,973.0950162000004
78.60399999999998,0.00037039200000001105,296.553,973.0950162000004
78.613,0.0005481779999999825,299.5338,971.1061554000003
78.62299999999999,0.00037039200000001105,297.5466,971.1061554000003
78.63300000000001,1.4819999999998723e-05,294.56579999999997,1014.9137370000003
78.643,-0.00016296600000001438,295.5594,1012.9974906000002
78.67499999999998,-0.0003407520000000136,293.5722,1012.9974906000002
78.684,-0.00016296600000001438,296.553,1012.9974906000002
78.69399999999999,-0.0003407520000000136,297.5466,1012.9974906000002
78.703,-0.00016296600000001438,298.54019999999997,1014.9137370000003
78.72,-0.0003407520000000136,294.56579999999997,1011.0812442000001
78.72899999999998,-0.00016296600000001438,302.5146,1041.7411865999998
78.739,-0.00016296600000001438,314.4378,1043.6574329999999
78.74799999999999,-0.0003407520000000136,316.425,1045.5736794000004
78.75800000000001,-0.00016296600000001438,316.425,1043.6574329999999
78.768,-0.0003407520000000136,318.4122,1041.7411865999998
78.77699999999999,1.4819999999998723e-05,318.4122,1039.8249402000001
78.787,-0.00016296600000001438,318.4122,1041.7411865999998
78.80599999999998,-0.0003407520000000136,319.4058,1041.7411865999998
78.816,1.4819999999998723e-05,321.393,1043.6574329999999
78.826,-0.0003407520000000136,322.3866,1043.6574329999999
78.83599999999998,-0.00016296600000001438,322.3866,1041.7411865999998
78.84799999999998,1.4819999999998723e-05,323.3802,1043.6574329999999
78.858,-0.0003407520000000136,354.1818,1072.4011290000003
78.868,-0.0003407520000000136,356.169,1074.3173754
78.9,-0.0003407520000000136,356.169,1072.4011290000003
78.90899999999999,-0.00016296600000001438,359.14979999999997,1074.3173754
78.91899999999998,-0.00016296600000001438,357.1626,1072.4011290000003
78.928,-0.0003407520000000136,359.14979999999997,1074.3173754
78.93799999999999,-0.00016296600000001438,359.14979999999997,1072.4011290000003
78.94800000000001,-0.0003407520000000136,389.9514,1104.9773178
78.958,-0.0003407520000000136,388.95779999999996,1104.9773178
78.99000000000001,-0.0003407520000000136,390.945,1101.1448249999999
78.999,-0.00016296600000001438,392.93219999999997,1104.9773178
79.00899999999999,1.4819999999998723e-05,392.93219999999997,1101.1448249999999
79.018,-0.00016296600000001438,393.9258,1104.9773178
79.02799999999999,-0.0005185379999999989,392.93219999999997,1103.0610714000004
79.037,-0.00016296600000001438,394.9194,1103.0610714000004
79.047,-0.00016296600000001438,394.9194,1103.0610714000004
79.066,-0.0003407520000000136,396.90659999999997,1103.0610714000004
79.076,-0.0003407520000000136,396.90659999999997,1106.8935642000001
79.08599999999998,-0.00016296600000001438,425.721,1133.7210138
79.096,1.4819999999998723e-05,426.7146,1133.7210138
79.125,-0.00016296600000001438,426.7146,1129.8885210000003
79.13399999999999,1.4819999999998723e-05,428.7018,1133.7210138
79.144,-0.00016296600000001438,428.7018,1135.6372601999997
79.15299999999999,-0.00016296600000001438,428.7018,1133.7210138
79.16299999999998,-0.0003407520000000136,428.7018,1129.8885210000003
79.173,-0.0003407520000000136,459.5034,1166.2972026000002
79.18299999999999,1.4819999999998723e-05,458.5098,1160.5484634000004
79.215,-0.0003407520000000136,459.5034,1160.5484634000004
79.22399999999999,-0.0003407520000000136,460.497,1162.4647098
79.23400000000001,-0.0005185379999999989,462.4842,1166.2972026000002
79.243,-0.00016296600000001438,461.4906,1162.4647098
79.25399999999999,-0.0003407520000000136,460.497,1162.4647098
79.26400000000001,-0.0003407520000000136,492.2922,1195.0408986000002
79.274,-0.00016296600000001438,491.29859999999996,1195.0408986000002
79.28299999999999,-0.0003407520000000136,493.2858,1195.0408986000002
79.293,-0.00016296600000001438,492.2922,1195.0408986000002
79.305,-0.0003407520000000136,491.29859999999996,1191.2084058
79.314,-0.0003407520000000136,493.2858,1195.0408986000002
79.32399999999998,-0.00016296600000001438,493.2858,1193.1246521999997
79.333,-0.0003407520000000136,494.2794,1193.1246521999997
79.34299999999999,1.4819999999998723e-05,492.2922,1187.3759129999999
79.35300000000001,-0.00016296600000001438,493.2858,1195.0408986000002
79.362,-0.0003407520000000136,494.2794,1193.1246521999997
79.37199999999999,-0.0003407520000000136,494.2794,1195.0408986000002
79.381,-0.00016296600000001438,495.27299999999997,1193.1246521999997
79.39099999999999,-0.0003407520000000136,495.27299999999997,1191.2084058
79.4,-0.0003407520000000136,525.081,1225.7008409999999
79.41,-0.00016296600000001438,524.0874,1221.8683482000001
79.44,-0.0003407520000000136,525.081,1223.7845945999998
79.44899999999998,-0.0003407520000000136,526.0746,1223.7845945999998
79.459,-0.0003407520000000136,526.0746,1223.7845945999998
79.46799999999999,1.4819999999998723e-05,525.081,1223.7845945999998
79.47899999999998,-0.0003407520000000136,526.0746,1219.9521018
79.488,-0.0003407520000000136,554.889,1254.4445370000003
79.49799999999999,-0.00016296600000001438,555.8826,1256.3607834
79.53,-0.00016296600000001438,555.8826,1250.6120442000001
79.53899999999999,-0.0003407520000000136,556.8762,1254.4445370000003
79.549,-0.0003407520000000136,557.8698,1254.4445370000003
79.55799999999999,-0.00016296600000001438,556.8762,1254.4445370000003
79.56799999999998,-0.0005185379999999989,557.8698,1252.5282906000002
79.578,1.4819999999998723e-05,556.8762,1254.4445370000003
79.59700000000001,1.4819999999998723e-05,556.8762,1254.4445370000003
79.607,-0.00016296600000001438,557.8698,1252.5282906000002
79.61699999999999,-0.00016296600000001438,556.8762,1248.6957978
79.62700000000001,1.4819999999998723e-05,585.6906,1283.1882329999999
79.637,-0.00016296600000001438,587.6778,1285.1044794000004
79.66499999999999,-0.0003407520000000136,585.6906,1281.2719865999998
79.674,-0.0005185379999999989,588.6714000000001,1287.0207258
79.684,-0.0003407520000000136,587.6778,1285.1044794000004
79.69299999999998,-0.00016296600000001438,587.6778,1279.3557402000001
79.70400000000001,-0.0005185379999999989,587.6778,1283.1882329999999
79.713,-0.00016296600000001438,615.4986,1313.8481754
79.72299999999998,-0.00016296600000001438,615.4986,1313.8481754
79.755,-0.00016296600000001438,614.5050000000001,1310.0156826000002
79.76400000000001,-0.0006963239999999982,616.4922,1313.8481754
79.774,-0.00016296600000001438,615.4986,1313.8481754
79.78299999999999,-0.00016296600000001438,615.4986,1313.8481754
79.793,-0.0005185379999999989,615.4986,1315.7644218
79.803,-0.0003407520000000136,615.4986,1313.8481754
79.81199999999998,-0.0003407520000000136,615.4986,1315.7644218
79.822,-0.00016296600000001438,615.4986,1313.8481754
79.83099999999999,-0.00016296600000001438,613.5114000000001,1313.8481754
79.84100000000001,-0.0003407520000000136,614.5050000000001,1310.0156826000002
79.851,-0.00016296600000001438,644.3130000000001,1344.5081178
79.85999999999999,-0.00016296600000001438,644.3130000000001,1344.5081178
79.88999999999999,-0.0005185379999999989,643.3194000000001,1340.6756249999999
79.899,-0.00016296600000001438,644.3130000000001,1348.3406106000002
79.90899999999999,-0.0003407520000000136,643.3194000000001,1344.5081178
79.918,-0.00016296600000001438,643.3194000000001,1344.5081178
79.928,-0.00016296600000001438,641.3322000000001,1342.5918714000004
79.947,-0.00016296600000001438,642.3258000000001,1344.5081178
79.957,1.4819999999998723e-05,642.3258000000001,1346.4243642000001
79.96699999999998,-0.00016296600000001438,642.3258000000001,1344.5081178
79.97800000000001,-0.0003407520000000136,642.3258000000001,1342.5918714000004
79.988,-0.00016296600000001438,669.153,1375.1680601999997
79.99699999999999,-0.00016296600000001438,668.1594,1375.1680601999997
80.025,-0.00016296600000001438,668.1594,1375.1680601999997
80.03399999999999,-0.00016296600000001438,668.1594,1377.0843066000002
80.04399999999998,-0.00016296600000001438,667.1658000000001,1375.1680601999997
80.053,-0.00016296600000001438,667.1658000000001,1375.1680601999997
80.07,1.4819999999998723e-05,665.1786000000001,1371.3355674
80.07900000000001,-0.0003407520000000136,666.1722000000001,1375.1680601999997
80.089,-0.00016296600000001438,667.1658000000001,1373.2518138
80.11500000000001,-0.0005185379999999989,664.1850000000001,1371.3355674
80.124,-0.00016296600000001438,665.1786000000001,1375.1680601999997
80.13399999999999,1.4819999999998723e-05,664.1850000000001,1373.2518138
80.143,-0.00016296600000001438,663.1914,1371.3355674
80.15299999999999,-0.00016296600000001438,663.1914,1367.5030746000002
80.16299999999998,-0.0003407520000000136,663.1914,1377.0843066000002
80.172,-0.00016296600000001438,663.1914,1375.1680601999997
80.18199999999999,-0.0003407520000000136,663.1914,1375.1680601999997
80.191,-0.0003407520000000136,662.1978,1377.0843066000002
80.201,-0.00016296600000001438,661.2042,1373.2518138
80.21099999999998,-0.0003407520000000136,635.3706000000001,1344.5081178
80.22,-0.00016296600000001438,634.3770000000001,1348.3406106000002
80.25,-0.0006963239999999982,632.3898,1342.5918714000004
80.25899999999999,-0.00016296600000001438,633.3834,1346.4243642000001
80.269,-0.00016296600000001438,633.3834,1342.5918714000004
80.28799999999998,-0.00016296600000001438,632.3898,1342.5918714000004
80.298,1.4819999999998723e-05,633.3834,1346.4243642000001
80.30799999999999,1.4819999999998723e-05,632.3898,1344.5081178
80.31799999999998,1.4819999999998723e-05,632.3898,1344.5081178
80.328,-0.0003407520000000136,633.3834,1348.3406106000002
80.338,-0.0003407520000000136,632.3898,1344.5081178
80.34799999999998,1.4819999999998723e-05,602.5818,1313.8481754
80.358,1.4819999999998723e-05,602.5818,1313.8481754
80.38499999999999,1.4819999999998723e-05,602.5818,1310.0156826000002
80.394,-0.0003407520000000136,603.5754000000001,1315.7644218
80.404,-0.0005185379999999989,603.5754000000001,1315.7644218
80.41299999999998,-0.00016296600000001438,603.5754000000001,1313.8481754
80.424,-0.0003407520000000136,603.5754000000001,1315.7644218
80.43299999999999,-0.00016296600000001438,575.7546000000001,1281.2719865999998
80.44299999999998,-0.00016296600000001438,574.7610000000001,1283.1882329999999
80.475,-0.0003407520000000136,574.7610000000001,1279.3557402000001
80.48400000000001,-0.00016296600000001438,575.7546000000001,1281.2719865999998
80.494,-0.00016296600000001438,575.7546000000001,1283.1882329999999
80.50399999999999,1.4819999999998723e-05,576.7482,1283.1882329999999
80.513,-0.0003407520000000136,575.7546000000001,1283.1882329999999
80.523,-0.0003407520000000136,576.7482,1285.1044794000004
80.53199999999998,1.4819999999998723e-05,576.7482,1279.3557402000001
80.542,-0.0003407520000000136,577.7418,1283.1882329999999
80.55099999999999,-0.0003407520000000136,577.7418,1285.1044794000004
80.561,-0.0003407520000000136,576.7482,1281.2719865999998
80.571,-0.0003407520000000136,548.9274,1254.4445370000003
80.57999999999998,-0.0003407520000000136,548.9274,1256.3607834
80.60999999999999,-0.0003407520000000136,549.921,1252.5282906000002
80.62,-0.00016296600000001438,548.9274,1252.5282906000002
80.638,-0.00016296600000001438,549.921,1254.4445370000003
80.649,-0.00016296600000001438,550.9146000000001,1252.5282906000002
80.65799999999999,-0.00016296600000001438,550.9146000000001,1256.3607834
80.66899999999998,-0.0003407520000000136,551.9082000000001,1256.3607834
80.679,-0.00016296600000001438,551.9082000000001,1256.3607834
80.703,0.00019260599999999795,522.1002000000001,1219.9521018
80.713,-0.00016296600000001438,523.0938000000001,1223.7845945999998
80.745,-0.0005185379999999989,523.0938000000001,1219.9521018
80.755,-0.0003407520000000136,524.0874,1225.7008409999999
80.76400000000001,-0.00016296600000001438,525.081,1221.8683482000001
80.773,-0.00016296600000001438,525.081,1223.7845945999998
80.78399999999999,-0.0005185379999999989,524.0874,1221.8683482000001
80.793,-0.0003407520000000136,497.2602,1195.0408986000002
80.803,-0.0003407520000000136,497.2602,1196.9571450000003
80.83500000000001,-0.0005185379999999989,497.2602,1191.2084058
80.844,-0.0003407520000000136,498.2538,1195.0408986000002
80.85399999999998,-0.00016296600000001438,498.2538,1193.1246521999997
80.864,-0.0003407520000000136,498.2538,1193.1246521999997
80.87299999999999,-0.00016296600000001438,497.2602,1193.1246521999997
80.88300000000001,-0.0005185379999999989,498.2538,1195.0408986000002
80.892,-0.0003407520000000136,500.241,1195.0408986000002
80.90199999999999,-0.0005185379999999989,500.241,1195.0408986000002
80.911,-0.00016296600000001438,500.241,1195.0408986000002
80.92099999999999,-0.00016296600000001438,500.241,1191.2084058
80.93099999999998,-0.00016296600000001438,471.4266,1162.4647098
80.94,-0.00016296600000001438,471.4266,1162.4647098
80.97,-0.0005185379999999989,471.4266,1162.4647098
80.989,-0.0003407520000000136,472.42019999999997,1164.3809562000001
80.999,-0.0003407520000000136,473.4138,1166.2972026000002
81.00899999999999,-0.00016296600000001438,472.42019999999997,1158.6322169999999
81.019,-0.00016296600000001438,473.4138,1162.4647098
81.029,-0.00016296600000001438,474.4074,1162.4647098
81.03899999999999,-0.00016296600000001438,474.4074,1164.3809562000001
81.049,-0.00016296600000001438,474.4074,1164.3809562000001
81.059,-0.0003407520000000136,474.4074,1160.5484634000004
81.06899999999999,-0.0003407520000000136,447.5802,1133.7210138
81.07900000000001,-0.00016296600000001438,447.5802,1133.7210138
81.10499999999999,-0.0005185379999999989,446.5866,1131.8047674
81.11500000000001,-0.00016296600000001438,448.5738,1133.7210138
81.124,-0.0003407520000000136,449.56739999999996,1133.7210138
81.13399999999999,-0.00016296600000001438,448.5738,1133.7210138
81.144,-0.0003407520000000136,448.5738,1131.8047674
81.15299999999999,-0.0003407520000000136,420.753,1104.9773178
81.16299999999998,-0.0003407520000000136,420.753,1104.9773178
81.195,-0.0003407520000000136,419.75939999999997,1099.2285785999998
81.20499999999998,-0.00016296600000001438,421.7466,1104.9773178
81.214,-0.00016296600000001438,421.7466,1104.9773178
81.22399999999999,1.4819999999998723e-05,421.7466,1101.1448249999999
81.23400000000001,-0.0005185379999999989,421.7466,1101.1448249999999
81.243,-0.00016296600000001438,393.9258,1072.4011290000003
81.25299999999999,-0.00016296600000001438,393.9258,1076.2336218
81.285,-0.0003407520000000136,392.93219999999997,1070.4848826000002
81.29499999999999,-0.00016296600000001438,393.9258,1072.4011290000003
81.304,-0.00016296600000001438,394.9194,1074.3173754
81.314,1.4819999999998723e-05,395.913,1074.3173754
81.32300000000001,-0.0005185379999999989,394.9194,1070.4848826000002
81.333,-0.00016296600000001438,395.913,1074.3173754
81.34199999999998,-0.00016296600000001438,395.913,1072.4011290000003
81.352,-0.0003407520000000136,397.9002,1076.2336218
81.36099999999999,-0.00016296600000001438,396.90659999999997,1074.3173754
81.37100000000001,-0.00016296600000001438,396.90659999999997,1072.4011290000003
81.381,-0.00016296600000001438,368.0922,1041.7411865999998
81.4,-0.0003407520000000136,368.0922,1043.6574329999999
81.41999999999999,1.4819999999998723e-05,369.0858,1039.8249402000001
81.43,-0.00016296600000001438,369.0858,1043.6574329999999
81.44,-0.0003407520000000136,370.07939999999996,1045.5736794000004
81.44999999999999,-0.00016296600000001438,369.0858,1043.6574329999999
81.46000000000001,-0.0003407520000000136,370.07939999999996,1043.6574329999999
81.47,-0.0003407520000000136,343.25219999999996,1016.8299834
81.47999999999999,1.4819999999998723e-05,341.265,1011.0812442000001
81.50999999999999,1.4819999999998723e-05,341.265,1012.9974906000002
81.52000000000001,1.4819999999998723e-05,341.265,1012.9974906000002
81.53,-0.00016296600000001438,342.2586,1012.9974906000002
81.53999999999999,1.4819999999998723e-05,343.25219999999996,1012.9974906000002
81.55799999999999,-0.00016296600000001438,315.4314,973.0950162000004
81.56799999999998,-0.00016296600000001438,314.4378,973.0950162000004
81.6,-0.00016296600000001438,313.44419999999997,971.1061554000003
81.60900000000001,-0.00016296600000001438,315.4314,973.0950162000004
81.619,-0.00016296600000001438,315.4314,973.0950162000004
81.62899999999999,-0.00016296600000001438,314.4378,971.1061554000003
81.63999999999999,-0.0005185379999999989,314.4378,971.1061554000003
81.65,-0.0003407520000000136,296.553,941.2732434
81.65899999999999,-0.00016296600000001438,297.5466,943.2621042000005
81.66899999999998,-0.0005185379999999989,295.5594,941.2732434
81.678,1.4819999999998723e-05,298.54019999999997,941.2732434
81.69,1.4819999999998723e-05,294.56579999999997,937.2955218000002
81.69999999999999,-0.00016296600000001438,299.5338,943.2621042000005
81.709,-0.00016296600000001438,298.54019999999997,941.2732434
81.719,-0.0005185379999999989,297.5466,945.2509650000006
81.72800000000001,-0.0003407520000000136,296.553,943.2621042000005
81.738,-0.0005185379999999989,296.553,943.2621042000005
81.74699999999999,-0.0003407520000000136,298.54019999999997,945.2509650000006
81.757,-0.0003407520000000136,297.5466,943.2621042000005
81.76599999999999,-0.00016296600000001438,298.54019999999997,943.2621042000005
81.77600000000001,-0.0003407520000000136,296.553,941.2732434
81.786,-0.0006963239999999982,295.5594,911.4403314000006
81.79499999999999,-0.0003407520000000136,298.54019999999997,911.4403314000006
81.82499999999999,-0.00016296600000001438,298.54019999999997,909.4514706000004
81.834,-0.00016296600000001438,297.5466,911.4403314000006
81.844,-0.0003407520000000136,298.54019999999997,913.4291922000002
81.87,-0.0003407520000000136,297.5466,911.4403314000006
81.96000000000001,-0.00016296600000001438,293.5722,879.6185586000001
81.97,-0.00016296600000001438,297.5466,881.6074194000003
81.97899999999998,-0.00016296600000001438,298.54019999999997,879.6185586000001
81.989,-0.0003407520000000136,296.553,881.6074194000003
81.999,-0.0003407520000000136,296.553,875.6408370000004
82.00800000000001,-0.00016296600000001438,299.5338,881.6074194000003
82.018,-0.00016296600000001438,299.5338,881.6074194000003
82.02699999999999,-0.00016296600000001438,298.54019999999997,877.6296978000005
82.037,-0.00016296600000001438,297.5466,879.6185586000001
82.04599999999999,-0.0005185379999999989,294.56579999999997,881.6074194000003
82.05599999999998,1.4819999999998723e-05,297.5466,849.7856466000003
82.065,0.00019260599999999795,297.5466,847.7967858000006
82.095,-0.0003407520000000136,292.5786,847.7967858000006
82.10499999999999,1.4819999999998723e-05,298.54019999999997,849.7856466000003
82.114,-0.00016296600000001438,298.54019999999997,849.7856466000003
82.124,1.4819999999998723e-05,299.5338,849.7856466000003
82.13399999999999,-0.0003407520000000136,296.553,847.7967858000006
82.143,-0.00016296600000001438,297.5466,819.9527346000004
82.15299999999999,0.00019260599999999795,298.54019999999997,817.9638738000003
82.185,-0.0003407520000000136,294.56579999999997,817.9638738000003
82.195,-0.00016296600000001438,296.553,819.9527346000004
82.20400000000001,-0.0003407520000000136,298.54019999999997,819.9527346000004
82.214,-0.00016296600000001438,297.5466,817.9638738000003
82.22299999999998,1.4819999999998723e-05,292.5786,815.9750130000002
82.233,1.4819999999998723e-05,299.5338,817.9638738000003
82.24199999999999,-0.00016296600000001438,300.5274,819.9527346000004
82.25200000000001,-0.00016296600000001438,298.54019999999997,819.9527346000004
82.27099999999999,-0.0003407520000000136,295.5594,815.9750130000002
82.281,1.4819999999998723e-05,297.5466,790.1198226000006
82.32,-0.00016296600000001438,296.553,790.1198226000006
82.32999999999998,-0.0003407520000000136,296.553,790.1198226000006
82.339,-0.00016296600000001438,298.54019999999997,790.1198226000006
82.34899999999999,1.4819999999998723e-05,299.5338,786.1421010000004
82.35900000000001,-0.0003407520000000136,298.54019999999997,790.1198226000006
82.368,0.00037039200000001105,299.5338,756.3091890000005
82.37799999999999,-0.00016296600000001438,296.553,760.2869106000003
82.41,-0.00016296600000001438,298.54019999999997,756.3091890000005
82.41999999999999,-0.00016296600000001438,298.54019999999997,758.2980498000002
82.429,-0.00016296600000001438,298.54019999999997,758.2980498000002
82.439,1.4819999999998723e-05,297.5466,758.2980498000002
82.44800000000001,-0.00016296600000001438,297.5466,756.3091890000005
82.458,1.4819999999998723e-05,297.5466,758.2980498000002
82.46699999999998,0.00019260599999999795,299.5338,756.3091890000005
82.477,0.00019260599999999795,296.553,756.3091890000005
82.48599999999999,1.4819999999998723e-05,298.54019999999997,758.2980498000002
82.50299999999999,0.00037039200000001105,299.5338,724.4874162000001
82.513,0.00037039200000001105,298.54019999999997,726.4762770000002
82.54499999999999,1.4819999999998723e-05,293.5722,726.4762770000002
82.555,1.4819999999998723e-05,297.5466,726.4762770000002
82.564,1.4819999999998723e-05,299.5338,724.4874162000001
82.57399999999998,0.00019260599999999795,297.5466,726.4762770000002
82.583,1.4819999999998723e-05,295.5594,722.4985554
82.59299999999999,-0.0003407520000000136,295.5594,728.4651377999999
82.612,0.00019260599999999795,298.54019999999997,726.4762770000002
82.62199999999999,1.4819999999998723e-05,297.5466,726.4762770000002
82.632,-0.00016296600000001438,297.5466,726.4762770000002
82.642,1.4819999999998723e-05,296.553,694.6545042
82.65199999999999,0.00019260599999999795,297.5466,694.6545042
82.68,-0.00016296600000001438,294.56579999999997,694.6545042
82.69,-0.00016296600000001438,296.553,694.6545042
82.69899999999998,-0.00016296600000001438,297.5466,696.6433650000001
82.709,-0.00016296600000001438,297.5466,700.6210866000001
82.719,1.4819999999998723e-05,298.54019999999997,696.6433650000001
82.72800000000001,1.4819999999998723e-05,297.5466,666.8104530000003
82.738,0.00019260599999999795,298.54019999999997,664.8215921999999
82.77000000000001,0.00019260599999999795,296.553,660.8438706000002
82.78,-0.00016296600000001438,298.54019999999997,666.8104530000003
82.78899999999999,0.00019260599999999795,295.5594,662.8327314000001
82.799,-0.0003407520000000136,296.553,666.8104530000003
82.80799999999999,-0.0003407520000000136,294.56579999999997,664.8215921999999
82.81799999999998,1.4819999999998723e-05,297.5466,664.8215921999999
82.828,-0.00016296600000001438,298.54019999999997,666.8104530000003
82.83699999999999,0.00019260599999999795,296.553,662.8327314000001
82.846,1.4819999999998723e-05,298.54019999999997,664.8215921999999
82.856,-0.00016296600000001438,296.553,662.8327314000001
82.86599999999999,0.00019260599999999795,299.5338,636.9775410000002
82.875,1.4819999999998723e-05,296.553,636.9775410000002
82.905,1.4819999999998723e-05,294.56579999999997,632.9998194000002
82.91499999999999,1.4819999999998723e-05,297.5466,634.9886802000001
82.924,0.00019260599999999795,298.54019999999997,636.9775410000002
82.934,1.4819999999998723e-05,296.553,636.9775410000002
82.945,-0.00016296600000001438,293.5722,634.9886802000001
82.95499999999998,1.4819999999998723e-05,296.553,607.1446289999999
82.964,1.4819999999998723e-05,296.553,605.1557682
82.97399999999999,1.4819999999998723e-05,297.5466,605.1557682
82.983,0.00019260599999999795,297.5466,605.1557682
82.995,1.4819999999998723e-05,294.56579999999997,601.1780466
83.005,0.00019260599999999795,297.5466,603.1669074000001
83.01400000000001,1.4819999999998723e-05,297.5466,607.1446289999999
83.024,0.00037039200000001105,298.54019999999997,603.1669074000001
83.03399999999999,1.4819999999998723e-05,294.56579999999997,605.1557682
83.05199999999999,-0.00016296600000001438,296.553,607.1446289999999
83.06199999999998,1.4819999999998723e-05,297.5466,607.1446289999999
83.072,0.00019260599999999795,295.5594,603.1669074000001
83.083,-0.00016296600000001438,298.54019999999997,607.1446289999999
83.09299999999999,1.4819999999998723e-05,298.54019999999997,575.3228562000002
83.102,0.00037039200000001105,298.54019999999997,575.3228562000002
83.13,1.4819999999998723e-05,296.553,571.3451345999999
83.13999999999999,-0.00016296600000001438,298.54019999999997,573.3339954
83.149,-0.00016296600000001438,297.5466,575.3228562000002
83.15899999999999,0.00019260599999999795,296.553,571.3451345999999
83.168,-0.0003407520000000136,294.56579999999997,577.311717
83.178,0.00019260599999999795,299.5338,573.3339954
83.18799999999999,0.00019260599999999795,297.5466,571.3451345999999
83.197,0.00019260599999999795,297.5466,573.3339954
83.207,1.4819999999998723e-05,299.5338,577.311717
83.21600000000001,1.4819999999998723e-05,296.553,573.3339954
83.226,0.00037039200000001105,299.5338,545.4899442000001
83.23499999999999,0.00019260599999999795,297.5466,545.4899442000001
83.26499999999999,1.4819999999998723e-05,293.5722,539.5233618
83.275,0.00019260599999999795,296.553,541.5122226000001
83.28399999999999,0.00019260599999999795,296.553,543.5010834000002
83.29399999999998,1.4819999999998723e-05,297.5466,541.5122226000001
83.304,-0.00016296600000001438,295.5594,541.5122226000001
83.32300000000001,0.00019260599999999795,295.5594,543.5010834000002
83.333,0.00019260599999999795,297.5466,541.5122226000001
83.34299999999999,-0.00016296600000001438,296.553,545.4899442000001
83.35300000000001,-0.0003407520000000136,295.5594,541.5122226000001
83.363,1.4819999999998723e-05,296.553,513.6681714000001
83.37299999999999,0.00019260599999999795,298.54019999999997,513.6681714000001
83.4,0.00019260599999999795,299.5338,513.6681714000001
83.41,-0.00016296600000001438,297.5466,515.6570322
83.41899999999998,1.4819999999998723e-05,296.553,513.6681714000001
83.429,-0.00016296600000001438,296.553,515.6570322
83.44800000000001,0.00037039200000001105,296.553,483.83525940000004
83.458,0.00019260599999999795,298.54019999999997,485.82412020000015
83.49000000000001,-0.00016296600000001438,293.5722,483.83525940000004
83.5,1.4819999999998723e-05,296.553,487.81298100000004
83.50899999999999,0.00019260599999999795,297.5466,485.82412020000015
83.519,-0.00016296600000001438,296.553,487.81298100000004
83.529,-0.00016296600000001438,297.5466,483.83525940000004
83.53899999999999,0.00019260599999999795,298.54019999999997,455.9912082000001
83.548,0.00019260599999999795,299.5338,457.98006899999996
83.57999999999998,1.4819999999998723e-05,297.5466,455.9912082000001
83.59,0.00019260599999999795,297.5466,459.96892980000007
83.59899999999999,0.00019260599999999795,298.54019999999997,457.98006899999996
83.60900000000001,1.4819999999998723e-05,296.553,457.98006899999996
83.619,1.4819999999998723e-05,296.553,457.98006899999996
83.62799999999999,-0.00016296600000001438,296.553,457.98006899999996
83.638,1.4819999999998723e-05,295.5594,459.96892980000007
83.64699999999999,1.4819999999998723e-05,298.54019999999997,457.98006899999996
83.65699999999998,0.00019260599999999795,296.553,459.96892980000007
83.666,-0.0003407520000000136,296.553,454.0023474000002
83.67599999999999,0.00037039200000001105,298.54019999999997,426.1582962
83.685,0.00019260599999999795,296.553,428.1471570000001
83.715,-0.00016296600000001438,293.5722,426.1582962
83.725,1.4819999999998723e-05,299.5338,428.1471570000001
83.73400000000001,-0.00016296600000001438,297.5466,426.1582962
83.75399999999999,1.4819999999998723e-05,296.553,428.1471570000001
83.76400000000001,0.00019260599999999795,295.5594,396.32538420000014
83.773,0.00037039200000001105,298.54019999999997,396.32538420000014
83.78299999999999,1.4819999999998723e-05,297.5466,398.314245
83.805,0.00019260599999999795,296.553,396.32538420000014
83.815,1.4819999999998723e-05,295.5594,398.314245
83.834,0.00019260599999999795,297.5466,398.314245
83.844,1.4819999999998723e-05,297.5466,396.32538420000014
83.85399999999998,0.00037039200000001105,295.5594,366.49247220000007
83.864,0.00037039200000001105,298.54019999999997,370.4701938000003
83.874,0.00019260599999999795,297.5466,368.48133299999995
83.89500000000001,0.00019260599999999795,295.5594,364.5036114000002
83.905,0.00037039200000001105,297.5466,366.49247220000007
83.924,1.4819999999998723e-05,299.5338,368.48133299999995
83.934,0.00037039200000001105,297.5466,364.5036114000002
83.94399999999999,1.4819999999998723e-05,295.5594,368.48133299999995
83.95400000000001,0.00037039200000001105,298.54019999999997,366.49247220000007
83.964,1.4819999999998723e-05,296.553,368.48133299999995
83.97399999999999,-0.00016296600000001438,298.54019999999997,368.48133299999995
83.98400000000001,-0.00016296600000001438,296.553,366.49247220000007
83.994,0.00037039200000001105,296.553,336.6595602000002
84.00399999999999,1.4819999999998723e-05,297.5466,338.6484210000001
84.03,-0.00016296600000001438,295.5594,336.6595602000002
84.03999999999999,1.4819999999998723e-05,298.54019999999997,338.6484210000001
84.049,0.00019260599999999795,298.54019999999997,336.6595602000002
84.059,1.4819999999998723e-05,298.54019999999997,338.6484210000001
84.06899999999999,-0.00016296600000001438,298.54019999999997,336.6595602000002
84.07900000000001,0.00037039200000001105,298.54019999999997,306.82664820000014
84.088,1.4819999999998723e-05,296.553,308.815509
84.12,0.00019260599999999795,294.56579999999997,304.8377874
84.13,0.00019260599999999795,298.54019999999997,308.815509
84.13900000000001,1.4819999999998723e-05,296.553,306.82664820000014
84.149,0.00019260599999999795,297.5466,306.82664820000014
84.15899999999999,0.00019260599999999795,294.56579999999997,304.8377874
84.168,0.00019260599999999795,299.5338,306.82664820000014
84.178,0.0005481779999999825,298.54019999999997,306.82664820000014
84.18699999999998,1.4819999999998723e-05,296.553,308.815509
84.197,0.00019260599999999795,296.553,306.82664820000014
84.20599999999999,0.00037039200000001105,296.553,304.8377874
84.21600000000001,0.00019260599999999795,297.5466,278.98259699999994
84.225,0.00037039200000001105,298.54019999999997,276.99373620000006
84.255,0.00019260599999999795,295.5594,276.99373620000006
84.274,0.00037039200000001105,297.5466,275.00487539999995
84.28399999999999,0.0005481779999999825,296.553,276.99373620000006
84.29399999999998,0.00037039200000001105,297.5466,275.00487539999995
84.304,0.00037039200000001105,298.54019999999997,247.1608242000002
84.314,0.00037039200000001105,296.553,247.1608242000002
84.32399999999998,0.00019260599999999795,297.5466,249.1496850000001
84.345,0.00037039200000001105,296.553,247.1608242000002
84.364,0.00037039200000001105,298.54019999999997,245.17196339999987
84.374,0.0007259639999999956,298.54019999999997,247.1608242000002
84.38499999999999,0.0005481779999999825,296.553,245.17196339999987
84.394,0.00037039200000001105,297.5466,247.1608242000002
84.481,0.0005481779999999825,296.553,215.33905140000002
84.49000000000001,0.0005481779999999825,298.54019999999997,217.32791220000013
84.5,0.0005481779999999825,297.5466,217.32791220000013
84.50899999999999,0.0007259639999999956,298.54019999999997,217.32791220000013
84.519,0.0007259639999999956,297.5466,213.35019060000013
84.52799999999999,0.0005481779999999825,298.54019999999997,217.32791220000013
84.53799999999998,0.0005481779999999825,297.5466,215.33905140000002
84.547,0.0005481779999999825,298.54019999999997,217.32791220000013
84.55699999999999,0.0005481779999999825,299.5338,219.316773
84.566,0.00037039200000001105,293.5722,213.35019060000013
84.576,0.0007259639999999956,299.5338,187.49500020000005
84.58599999999998,0.0005481779999999825,298.54019999999997,185.50613939999994
84.61500000000001,0.00037039200000001105,296.553,185.50613939999994
84.625,0.00037039200000001105,299.5338,187.49500020000005
84.63499999999999,0.0005481779999999825,295.5594,185.50613939999994
84.64500000000001,0.00019260599999999795,296.553,187.49500020000005
84.655,1.4819999999998723e-05,295.5594,187.49500020000005
84.66499999999999,0.0005481779999999825,297.5466,157.6620882000002
84.67499999999998,0.00019260599999999795,297.5466,157.6620882000002
84.70499999999998,0.00019260599999999795,296.553,155.6732274000001
84.715,0.00019260599999999795,298.54019999999997,157.6620882000002
84.725,0.00037039200000001105,299.5338,157.6620882000002
84.73499999999999,0.0007259639999999956,298.54019999999997,155.6732274000001
84.745,0.00019260599999999795,296.553,155.6732274000001
84.755,0.00037039200000001105,297.5466,125.84031540000001
84.76499999999999,0.00019260599999999795,294.56579999999997,125.84031540000001
84.775,0.00019260599999999795,297.5466,125.84031540000001
84.785,0.00019260599999999795,297.5466,127.82917620000012
84.79499999999999,1.4819999999998723e-05,294.56579999999997,123.85145460000012
84.805,0.00037039200000001105,296.553,125.84031540000001
84.815,0.00019260599999999795,295.5594,125.84031540000001
84.82499999999999,0.00037039200000001105,297.5466,127.82917620000012
84.83500000000001,0.00019260599999999795,297.5466,125.84031540000001
84.845,0.00019260599999999795,296.553,125.84031540000001
84.85499999999999,0.00019260599999999795,299.5338,125.84031540000001
84.86500000000001,0.00037039200000001105,299.5338,125.84031540000001
84.875,0.0005481779999999825,299.5338,125.84031540000001
84.88900000000001,0.00019260599999999795,298.54019999999997,97.99626420000004
84.898,0.00019260599999999795,297.5466,97.99626420000004
84.90799999999999,0.00019260599999999795,298.54019999999997,96.00740339999993
84.93,1.4819999999998723e-05,296.553,94.01854260000005
84.94,0.00019260599999999795,298.54019999999997,97.99626420000004
84.94899999999998,0.00019260599999999795,297.5466,96.00740339999993
84.959,0.00019260599999999795,298.54019999999997,97.99626420000004
84.969,-0.00016296600000001438,296.553,94.01854260000005
84.97899999999998,0.00019260599999999795,298.54019999999997,68.16335219999996
84.988,0.00019260599999999795,299.5338,66.17449140000008
85.02000000000001,0.00019260599999999795,296.553,64.1856306000002
85.03,1.4819999999998723e-05,297.5466,66.17449140000008
85.03899999999999,-0.00016296600000001438,296.553,70.15221300000007
85.049,1.4819999999998723e-05,295.5594,68.16335219999996
85.06,-0.00016296600000001438,292.5786,66.17449140000008
85.07,1.4819999999998723e-05,296.553,38.330440199999884
85.07900000000001,-0.0003407520000000136,296.553,38.330440199999884
85.089,-0.0003407520000000136,300.5274,42.30816180000011
85.09799999999998,-0.00016296600000001438,296.553,36.3415794
85.10999999999999,1.4819999999998723e-05,295.5594,34.35271860000012
85.12,1.4819999999998723e-05,298.54019999999997,38.330440199999884
85.12899999999999,1.4819999999998723e-05,300.5274,38.330440199999884
85.13900000000001,1.4819999999998723e-05,297.5466,36.3415794
85.149,-0.0003407520000000136,293.5722,34.35271860000012
85.15799999999999,0.00019260599999999795,298.54019999999997,36.3415794
85.168,1.4819999999998723e-05,298.54019999999997,36.3415794
85.17699999999999,-0.00016296600000001438,297.5466,38.330440199999884
85.18699999999998,0.00019260599999999795,297.5466,36.3415794
85.20599999999999,-0.00016296600000001438,297.5466,4.519806600000038
85.21600000000001,-0.00016296600000001438,299.5338,8.497528200000033
85.226,-0.00016296600000001438,297.5466,6.508667400000149
85.245,-0.00016296600000001438,296.553,4.519806600000038
85.255,1.4819999999998723e-05,297.5466,6.508667400000149
85.26400000000001,0.00019260599999999795,299.5338,6.508667400000149
85.274,-0.0003407520000000136,297.5466,8.497528200000033
85.28399999999999,-0.00016296600000001438,295.5594,6.508667400000149
85.29399999999998,-0.00016296600000001438,297.5466,8.497528200000033
85.303,-0.00016296600000001438,297.5466,6.508667400000149
85.33500000000001,-0.00016296600000001438,296.553,4.519806600000038
85.345,-0.0005185379999999989,297.5466,10.486389000000145
85.35399999999998,-0.00016296600000001438,296.553,6.508667400000149
85.364,-0.00016296600000001438,295.5594,6.508667400000149
85.374,-0.0003407520000000136,295.5594,4.519806600000038
85.38399999999999,-0.0003407520000000136,297.5466,40.319300999999996
85.393,-0.0003407520000000136,297.5466,38.330440199999884
85.42499999999998,-0.0003407520000000136,294.56579999999997,36.3415794
85.435,-0.0003407520000000136,294.56579999999997,36.3415794
85.44399999999999,-0.00016296600000001438,298.54019999999997,36.3415794
85.45400000000001,-0.0003407520000000136,298.54019999999997,38.330440199999884
85.464,-0.00016296600000001438,298.54019999999997,36.3415794
85.47299999999998,1.4819999999998723e-05,298.54019999999997,38.330440199999884
85.483,-0.0003407520000000136,298.54019999999997,38.330440199999884
85.49199999999999,-0.00016296600000001438,299.5338,38.330440199999884
85.50200000000001,-0.00016296600000001438,297.5466,38.330440199999884
85.511,1.4819999999998723e-05,295.5594,36.3415794
85.52099999999999,1.4819999999998723e-05,298.54019999999997,66.17449140000008
85.53,-0.0003407520000000136,295.5594,68.16335219999996
85.56,-0.00016296600000001438,296.553,66.17449140000008
85.57,0.00019260599999999795,298.54019999999997,64.1856306000002
85.57999999999998,1.4819999999998723e-05,298.54019999999997,66.17449140000008
85.589,-0.00016296600000001438,297.5466,66.17449140000008
85.59899999999999,1.4819999999998723e-05,297.5466,66.17449140000008
85.60900000000001,1.4819999999998723e-05,298.54019999999997,96.00740339999993
85.618,1.4819999999998723e-05,298.54019999999997,96.00740339999993
85.65,0.00019260599999999795,294.56579999999997,94.01854260000005
85.66,0.00019260599999999795,298.54019999999997,96.00740339999993
85.66999999999999,1.4819999999998723e-05,295.5594,96.00740339999993
85.679,0.00019260599999999795,299.5338,97.99626420000004
85.689,-0.0003407520000000136,296.553,97.99626420000004
85.69899999999998,1.4819999999998723e-05,297.5466,125.84031540000001
85.708,1.4819999999998723e-05,300.5274,125.84031540000001
85.74000000000001,-0.00016296600000001438,294.56579999999997,123.85145460000012
85.75,0.00019260599999999795,298.54019999999997,125.84031540000001
85.75999999999999,1.4819999999998723e-05,298.54019999999997,125.84031540000001
85.769,-0.00016296600000001438,295.5594,125.84031540000001
85.779,1.4819999999998723e-05,294.56579999999997,123.85145460000012
85.78799999999998,0.00019260599999999795,297.5466,127.82917620000012
85.798,1.4819999999998723e-05,298.54019999999997,125.84031540000001
85.81700000000001,1.4819999999998723e-05,297.5466,125.84031540000001
85.827,1.4819999999998723e-05,296.553,123.85145460000012
85.83699999999999,0.00019260599999999795,295.5594,155.6732274000001
85.84700000000001,0.00037039200000001105,295.5594,155.6732274000001
85.876,0.00037039200000001105,296.553,155.6732274000001
85.88499999999999,0.0005481779999999825,298.54019999999997,155.6732274000001
85.89500000000001,0.00019260599999999795,298.54019999999997,155.6732274000001
85.904,0.00037039200000001105,299.5338,157.6620882000002
85.91399999999999,1.4819999999998723e-05,298.54019999999997,157.6620882000002
85.924,0.00037039200000001105,295.5594,185.50613939999994
85.93299999999999,0.0007259639999999956,297.5466,187.49500020000005
85.965,0.00037039200000001105,296.553,187.49500020000005
85.975,0.0007259639999999956,298.54019999999997,187.49500020000005
85.98499999999999,0.0005481779999999825,301.52099999999996,189.48386100000016
85.994,0.0007259639999999956,297.5466,185.50613939999994
86.00399999999999,0.0007259639999999956,297.5466,183.51727860000005
86.013,0.0005481779999999825,297.5466,187.49500020000005
86.023,0.00037039200000001105,295.5594,185.50613939999994
86.03199999999998,0.0005481779999999825,298.54019999999997,187.49500020000005
86.042,0.00019260599999999795,295.5594,187.49500020000005
86.05199999999999,0.00037039200000001105,297.5466,185.50613939999994
86.061,0.0007259639999999956,297.5466,217.32791220000013
86.071,0.0012593219999999933,299.5338,217.32791220000013
86.101,0.001081535999999994,295.5594,215.33905140000002
86.10999999999999,0.0012593219999999933,298.54019999999997,215.33905140000002
86.12,0.0012593219999999933,297.5466,215.33905140000002
86.12899999999999,0.0012593219999999933,297.5466,215.33905140000002
86.13900000000001,0.0005481779999999825,295.5594,219.316773
86.149,0.0009037499999999948,294.56579999999997,247.1608242000002
86.15799999999999,0.0016148939999999917,295.5594,247.1608242000002
86.191,0.001792679999999991,295.5594,243.18310259999998
86.19999999999999,0.001792679999999991,297.5466,245.17196339999987
86.21000000000001,0.001792679999999991,297.5466,247.1608242000002
86.219,0.0021482519999999894,300.5274,245.17196339999987
86.22899999999998,0.0016148939999999917,296.553,245.17196339999987
86.239,0.001970466000000004,296.553,278.98259699999994
86.24799999999999,0.002503823999999988,296.553,276.99373620000006
86.281,0.002681610000000001,295.5594,275.00487539999995
86.28999999999999,0.002503823999999988,298.54019999999997,276.99373620000006
86.29999999999998,0.0023260380000000025,297.5466,278.98259699999994
86.309,0.002681610000000001,297.5466,276.99373620000006
86.321,0.002503823999999988,292.5786,273.01601460000006
86.32999999999998,0.0028593959999999863,298.54019999999997,306.82664820000014
86.34,0.003570539999999997,298.54019999999997,308.815509
86.34899999999999,0.003392753999999998,295.5594,310.8043697999999
86.35900000000001,0.0039261119999999955,299.5338,304.8377874
86.37100000000001,0.003570539999999997,295.5594,304.8377874
86.38,0.003392753999999998,295.5594,306.82664820000014
86.38999999999999,0.003570539999999997,296.553,308.815509
86.399,0.0039261119999999955,298.54019999999997,304.8377874
86.40899999999999,0.0037483259999999963,294.56579999999997,306.82664820000014
86.428,0.003570539999999997,296.553,306.82664820000014
86.43799999999999,0.0037483259999999963,296.553,306.82664820000014
86.44800000000001,0.0037483259999999963,298.54019999999997,308.815509
86.458,0.0037483259999999963,297.5466,306.82664820000014
86.46799999999999,0.0039261119999999955,298.54019999999997,338.6484210000001
86.506,0.00517061399999999,295.5594,336.6595602000002
86.51499999999999,0.004992828000000005,296.553,338.6484210000001
86.525,0.005348400000000003,297.5466,336.6595602000002
86.53399999999999,0.005348400000000003,298.54019999999997,336.6595602000002
86.54599999999999,0.00517061399999999,298.54019999999997,336.6595602000002
86.555,0.005881757999999987,298.54019999999997,368.48133299999995
86.565,0.006770687999999997,299.5338,366.49247220000007
86.57399999999998,0.006948473999999996,297.5466,366.49247220000007
86.584,0.007304045999999995,298.54019999999997,366.49247220000007
86.596,0.006948473999999996,295.5594,362.51475060000007
86.60499999999999,0.006770687999999997,296.553,370.4701938000003
86.61500000000001,0.006948473999999996,296.553,368.48133299999995
86.624,0.006770687999999997,296.553,368.48133299999995
86.63399999999999,0.007126259999999995,295.5594,364.5036114000002
86.643,0.007126259999999995,297.5466,370.4701938000003
86.65299999999999,0.007126259999999995,296.553,368.48133299999995
86.662,0.007304045999999995,298.54019999999997,368.48133299999995
86.672,0.007304045999999995,297.5466,368.48133299999995
86.68099999999998,0.007304045999999995,296.553,364.5036114000002
86.691,0.007837403999999992,296.553,396.32538420000014
86.701,0.008904119999999988,296.553,396.32538420000014
86.731,0.009081906,297.5466,398.314245
86.74000000000001,0.009437478,298.54019999999997,396.32538420000014
86.75,0.009437478,297.5466,396.32538420000014
86.75899999999999,0.009437478,298.54019999999997,398.314245
86.769,0.009437478,296.553,398.314245
86.78799999999998,0.011215337999999991,297.5466,428.1471570000001
86.798,0.011748696000000003,297.5466,426.1582962
86.821,0.011926481999999988,294.56579999999997,424.1694354000001
86.82999999999998,0.011926481999999988,297.5466,428.1471570000001
86.84,0.011926481999999988,295.5594,428.1471570000001
86.85900000000001,0.012282054,296.553,426.1582962
86.868,0.012104268000000001,296.553,428.1471570000001
86.87799999999999,0.012104268000000001,295.5594,428.1471570000001
86.888,0.012282054,295.5594,426.1582962
86.898,0.012637625999999999,299.5338,426.1582962
86.90899999999999,0.012459839999999986,296.553,428.1471570000001
86.918,0.012459839999999986,298.54019999999997,428.1471570000001
87.001,0.013704341999999994,297.5466,455.9912082000001
87.00999999999999,0.01459327199999999,296.553,457.98006899999996
87.02000000000001,0.014948843999999989,297.5466,459.96892980000007
87.03899999999999,0.015304416000000001,295.5594,455.9912082000001
87.049,0.016371131999999997,297.5466,483.83525940000004
87.059,0.01797120599999999,295.5594,485.82412020000015
87.06899999999999,0.01814899199999999,295.5594,487.81298100000004
87.09100000000001,0.018504563999999987,296.553,483.83525940000004
87.1,0.01868235,299.5338,485.82412020000015
87.10999999999999,0.01868235,297.5466,485.82412020000015
87.12899999999999,0.01868235,294.56579999999997,485.82412020000015
87.13900000000001,0.018860135999999986,298.54019999999997,487.81298100000004
87.149,0.018860135999999986,297.5466,487.81298100000004
87.15899999999999,0.019037922,299.5338,483.83525940000004
87.16899999999998,0.019215707999999984,298.54019999999997,485.82412020000015
87.179,0.019037922,297.5466,483.83525940000004
87.189,0.019926851999999995,298.54019999999997,513.6681714000001
87.19899999999998,0.021704712,298.54019999999997,509.6904498000001
87.226,0.022060284,296.553,513.6681714000001
87.23499999999999,0.022238069999999985,299.5338,511.6793106
87.245,0.022238069999999985,298.54019999999997,515.6570322
87.25399999999999,0.022593641999999997,298.54019999999997,511.6793106
87.26400000000001,0.022415855999999998,294.56579999999997,511.6793106
87.273,0.022593641999999997,298.54019999999997,515.6570322
87.28299999999999,0.022593641999999997,298.54019999999997,511.6793106
87.292,0.022593641999999997,297.5466,511.6793106
87.30199999999999,0.022771427999999996,297.5466,513.6681714000001
87.31199999999998,0.022593641999999997,295.5594,507.70158900000024
87.321,0.023304785999999994,298.54019999999997,545.4899442000001
87.33099999999999,0.024904859999999987,299.5338,545.4899442000001
87.36099999999999,0.025616003999999998,294.56579999999997,541.5122226000001
87.37,0.025438218,296.553,543.5010834000002
87.38900000000001,0.025616003999999998,298.54019999999997,543.5010834000002
87.399,0.025616003999999998,296.553,539.5233618
87.40899999999999,0.025616003999999998,298.54019999999997,543.5010834000002
87.41899999999998,0.025616003999999998,297.5466,541.5122226000001
87.429,0.025793789999999997,298.54019999999997,543.5010834000002
87.439,0.025616003999999998,298.54019999999997,543.5010834000002
87.44999999999999,0.025260431999999985,297.5466,543.5010834000002
87.459,0.026504933999999994,299.5338,575.3228562000002
87.469,0.028105008,297.5466,575.3228562000002
87.49600000000001,0.02846058,297.5466,573.3339954
87.505,0.028282793999999986,298.54019999999997,573.3339954
87.51499999999999,0.028282793999999986,298.54019999999997,573.3339954
87.524,0.02846058,297.5466,573.3339954
87.53399999999999,0.028282793999999986,297.5466,573.3339954
87.543,0.028282793999999986,297.5466,573.3339954
87.553,0.027927221999999988,298.54019999999997,575.3228562000002
87.56199999999998,0.027927221999999988,297.5466,573.3339954
87.572,0.028105008,298.54019999999997,571.3451345999999
87.582,0.02757164999999999,295.5594,571.3451345999999
87.59100000000001,0.02846058,298.54019999999997,607.1446289999999
87.601,0.029705081999999994,297.5466,605.1557682
87.631,0.029882867999999993,295.5594,603.1669074000001
87.65,0.029527295999999995,299.5338,607.1446289999999
87.66,0.029527295999999995,296.553,605.1557682
87.66999999999999,0.029349509999999995,296.553,605.1557682
87.68,0.029171723999999996,297.5466,605.1557682
87.69,0.029527295999999995,299.5338,603.1669074000001
87.69999999999999,0.028993937999999997,297.5466,607.1446289999999
87.71000000000001,0.029171723999999996,298.54019999999997,603.1669074000001
87.72,0.028816151999999998,297.5466,601.1780466
87.72999999999999,0.029349509999999995,296.553,636.9775410000002
87.74000000000001,0.030060653999999992,297.5466,636.9775410000002
87.76599999999999,0.029882867999999993,296.553,634.9886802000001
87.775,0.029705081999999994,297.5466,636.9775410000002
87.785,0.029882867999999993,298.54019999999997,632.9998194000002
87.79399999999998,0.029349509999999995,299.5338,636.9775410000002
87.804,0.028816151999999998,294.56579999999997,632.9998194000002
87.81299999999999,0.029171723999999996,298.54019999999997,636.9775410000002
87.82300000000001,0.028638366,296.553,636.9775410000002
87.832,0.028993937999999997,297.5466,636.9775410000002
87.84199999999998,0.028993937999999997,298.54019999999997,636.9775410000002
87.852,0.028638366,295.5594,634.9886802000001
87.86099999999999,0.028993937999999997,297.5466,666.8104530000003
87.88,0.029171723999999996,297.5466,666.8104530000003
87.90100000000001,0.028638366,297.5466,662.8327314000001
87.91,0.028638366,300.5274,664.8215921999999
87.91999999999999,0.028282793999999986,299.5338,666.8104530000003
87.93,0.027927221999999988,299.5338,664.8215921999999
87.94,0.02739386399999999,294.56579999999997,664.8215921999999
87.94999999999999,0.02757164999999999,298.54019999999997,696.6433650000001
87.96000000000001,0.02757164999999999,296.553,700.6210866000001
87.99099999999999,0.026682719999999993,294.56579999999997,694.6545042
88.0,0.026327147999999995,296.553,698.6322258
88.00999999999999,0.026149361999999995,297.5466,696.6433650000001
88.02000000000001,0.025971575999999996,296.553,694.6545042
88.03,0.025793789999999997,294.56579999999997,694.6545042
88.03999999999999,0.025793789999999997,297.5466,694.6545042
88.04999999999998,0.025616003999999998,299.5338,696.6433650000001
88.084,0.024727074,297.5466,728.4651377999999
88.09299999999999,0.024727074,297.5466,728.4651377999999
88.126,0.02419371599999999,299.5338,722.4985554
88.13499999999999,0.023482571999999993,298.54019999999997,726.4762770000002
88.14500000000001,0.023304785999999994,297.5466,726.4762770000002
88.154,0.023126999999999995,296.553,726.4762770000002
88.174,0.022060284,300.5274,760.2869106000003
88.184,0.021882497999999986,298.54019999999997,758.2980498000002
88.21600000000001,0.020460210000000006,293.5722,754.3203282000004
88.225,0.020282423999999993,297.5466,758.2980498000002
88.23499999999999,0.019749065999999996,296.553,756.3091890000005
88.244,0.019749065999999996,299.5338,758.2980498000002
88.255,0.019393493999999997,298.54019999999997,758.2980498000002
88.26400000000001,0.018326778000000002,298.54019999999997,790.1198226000006
88.274,0.018326778000000002,300.5274,790.1198226000006
88.30599999999998,0.017082275999999993,293.5722,786.1421010000004
88.315,0.016548917999999996,298.54019999999997,790.1198226000006
88.32499999999999,0.016193345999999983,295.5594,790.1198226000006
88.334,0.016193345999999983,299.5338,788.1309618000005
88.344,0.015837773999999985,295.5594,786.1421010000004
88.35300000000001,0.015659988,297.5466,788.1309618000005
88.363,0.015482201999999987,298.54019999999997,786.1421010000004
88.37299999999999,0.015126630000000002,297.5466,790.1198226000006
88.382,0.014948843999999989,296.553,788.1309618000005
88.392,0.01459327199999999,294.56579999999997,784.1532402000003
88.411,0.013704341999999994,297.5466,819.9527346000004
88.42099999999999,0.013704341999999994,296.553,817.9638738000003
88.441,0.012993197999999997,295.5594,815.9750130000002
88.44999999999999,0.012459839999999986,297.5466,819.9527346000004
88.46000000000001,0.012282054,297.5466,817.9638738000003
88.469,0.011926481999999988,298.54019999999997,819.9527346000004
88.47899999999998,0.011926481999999988,297.5466,817.9638738000003
88.489,0.010504193999999994,294.56579999999997,849.7856466000003
88.499,0.010148621999999996,296.553,849.7856466000003
88.531,0.009437478,294.56579999999997,845.8079250000001
88.53999999999999,0.009081906,297.5466,851.7745074000004
88.54999999999998,0.009081906,299.5338,847.7967858000006
88.559,0.008726334000000002,298.54019999999997,849.7856466000003
88.56899999999999,0.00854854799999999,296.553,845.8079250000001
88.57900000000001,0.008370762000000004,297.5466,849.7856466000003
88.588,0.008370762000000004,297.5466,847.7967858000006
88.59799999999998,0.00819297599999999,300.5274,847.7967858000006
88.607,0.007837403999999992,297.5466,847.7967858000006
88.61699999999999,0.007304045999999995,294.56579999999997,847.7967858000006
88.626,0.006770687999999997,298.54019999999997,879.6185586000001
88.636,0.006770687999999997,298.54019999999997,877.6296978000005
88.666,0.005703972000000002,294.56579999999997,877.6296978000005
88.67499999999998,0.005881757999999987,298.54019999999997,877.6296978000005
88.685,0.005703972000000002,296.553,877.6296978000005
88.69399999999999,0.005348400000000003,297.5466,879.6185586000001
88.70400000000001,0.004992828000000005,295.5594,879.6185586000001
88.713,0.004992828000000005,296.553,879.6185586000001
88.72299999999998,0.004992828000000005,299.5338,877.6296978000005
88.733,0.004459469999999993,297.5466,881.6074194000003
88.75200000000001,0.004281683999999994,295.5594,881.6074194000003
88.762,0.0037483259999999963,299.5338,911.4403314000006
88.77099999999999,0.003570539999999997,296.553,909.4514706000004
88.80099999999999,0.0030371819999999994,296.553,911.4403314000006
88.81,0.003392753999999998,299.5338,911.4403314000006
88.82,0.0030371819999999994,299.5338,909.4514706000004
88.82900000000001,0.0028593959999999863,297.5466,909.4514706000004
88.839,0.002503823999999988,297.5466,911.4403314000006
88.84899999999999,0.001970466000000004,297.5466,941.2732434
88.85900000000001,0.001970466000000004,298.54019999999997,943.2621042000005
88.89099999999999,0.0016148939999999917,296.553,939.2843826000003
88.9,0.0016148939999999917,298.54019999999997,941.2732434
88.91,0.0016148939999999917,297.5466,941.2732434
88.91899999999998,0.0014371079999999925,296.553,941.2732434
88.929,0.0012593219999999933,295.5594,939.2843826000003
88.939,0.001081535999999994,297.5466,943.2621042000005
88.94800000000001,0.001081535999999994,294.56579999999997,943.2621042000005
88.958,0.001081535999999994,294.56579999999997,941.2732434
88.96699999999998,0.0009037499999999948,295.5594,943.2621042000005
88.977,0.0009037499999999948,295.5594,939.2843826000003
88.98599999999999,0.0005481779999999825,299.5338,973.0950162000004
88.99600000000001,0.0005481779999999825,298.54019999999997,973.0950162000004
89.02600000000001,0.0005481779999999825,295.5594,969.1172946000006
89.035,0.00037039200000001105,297.5466,973.0950162000004
89.04499999999999,0.0005481779999999825,298.54019999999997,971.1061554000003
89.054,1.4819999999998723e-05,298.54019999999997,977.0727378000001
89.065,0.00037039200000001105,294.56579999999997,971.1061554000003
89.07399999999998,1.4819999999998723e-05,297.5466,1012.9974906000002
89.084,1.4819999999998723e-05,297.5466,1012.9974906000002
89.11599999999999,1.4819999999998723e-05,294.56579999999997,1011.0812442000001
89.125,-0.0003407520000000136,294.56579999999997,1012.9974906000002
89.13499999999999,1.4819999999998723e-05,298.54019999999997,1012.9974906000002
89.144,1.4819999999998723e-05,297.5466,1009.1649978
89.155,-0.0003407520000000136,294.56579999999997,1009.1649978
89.16399999999999,-0.00016296600000001438,302.5146,1045.5736794000004
89.174,1.4819999999998723e-05,315.4314,1039.8249402000001
89.20599999999999,1.4819999999998723e-05,318.4122,1041.7411865999998
89.215,1.4819999999998723e-05,320.3994,1041.7411865999998
89.225,-0.00016296600000001438,321.393,1041.7411865999998
89.23400000000001,-0.00016296600000001438,322.3866,1043.6574329999999
89.244,-0.00016296600000001438,321.393,1041.7411865999998
89.25399999999999,-0.00016296600000001438,323.3802,1041.7411865999998
89.263,-0.0003407520000000136,324.37379999999996,1043.6574329999999
89.28199999999998,-0.00016296600000001438,325.3674,1041.7411865999998
89.293,-0.0003407520000000136,326.361,1041.7411865999998
89.30199999999999,1.4819999999998723e-05,356.169,1072.4011290000003
89.31199999999998,-0.0005185379999999989,358.1562,1078.1498681999997
89.34100000000001,-0.00016296600000001438,357.1626,1068.5686362000001
89.35,-0.0003407520000000136,360.1434,1074.3173754
89.35999999999999,1.4819999999998723e-05,360.1434,1072.4011290000003
89.369,-0.00016296600000001438,361.137,1072.4011290000003
89.37899999999999,-0.0003407520000000136,361.137,1070.4848826000002
89.38900000000001,-0.00016296600000001438,362.1306,1072.4011290000003
89.398,-0.00016296600000001438,363.1242,1068.5686362000001
89.40799999999999,-0.00016296600000001438,364.1178,1070.4848826000002
89.417,-0.00016296600000001438,364.1178,1072.4011290000003
89.42699999999999,-0.00016296600000001438,364.1178,1072.4011290000003
89.436,1.4819999999998723e-05,366.10499999999996,1072.4011290000003
89.52099999999999,-0.00016296600000001438,397.9002,1099.2285785999998
89.531,-0.00016296600000001438,399.8874,1101.1448249999999
89.53999999999999,1.4819999999998723e-05,399.8874,1104.9773178
89.54999999999998,1.4819999999998723e-05,400.881,1101.1448249999999
89.559,-0.00016296600000001438,399.8874,1097.3123322000001
89.56899999999999,1.4819999999998723e-05,400.881,1101.1448249999999
89.578,-0.00016296600000001438,401.8746,1103.0610714000004
89.588,-0.00016296600000001438,401.8746,1103.0610714000004
89.59700000000001,-0.00016296600000001438,402.8682,1103.0610714000004
89.607,-0.0003407520000000136,402.8682,1101.1448249999999
89.61699999999999,-0.0005185379999999989,433.6698,1139.4697530000003
89.626,-0.0005185379999999989,432.6762,1133.7210138
89.656,-0.00016296600000001438,432.6762,1129.8885210000003
89.66499999999999,-0.00016296600000001438,433.6698,1133.7210138
89.67499999999998,-0.00016296600000001438,434.66339999999997,1133.7210138
89.684,-0.00016296600000001438,434.66339999999997,1135.6372601999997
89.695,-0.00016296600000001438,433.6698,1129.8885210000003
89.70400000000001,-0.0003407520000000136,464.4714,1162.4647098
89.72299999999998,-0.00016296600000001438,465.465,1160.5484634000004
89.74600000000001,-0.00016296600000001438,464.4714,1160.5484634000004
89.755,-0.00016296600000001438,465.465,1164.3809562000001
89.76499999999999,1.4819999999998723e-05,465.465,1160.5484634000004
89.774,-0.00016296600000001438,466.4586,1162.4647098
89.78399999999999,-0.0005185379999999989,466.4586,1162.4647098
89.803,-0.00016296600000001438,467.4522,1164.3809562000001
89.81299999999999,-0.00016296600000001438,468.4458,1162.4647098
89.82300000000001,-0.00016296600000001438,468.4458,1162.4647098
89.833,-0.00016296600000001438,466.4586,1160.5484634000004
89.84299999999999,-0.0003407520000000136,498.2538,1195.0408986000002
89.85300000000001,-0.00016296600000001438,498.2538,1195.0408986000002
89.881,1.4819999999998723e-05,497.2602,1189.2921594
89.88999999999999,-0.00016296600000001438,500.241,1193.1246521999997
89.9,-0.0003407520000000136,500.241,1196.9571450000003
89.90899999999999,-0.00016296600000001438,500.241,1195.0408986000002
89.91899999999998,1.4819999999998723e-05,497.2602,1189.2921594
89.929,1.4819999999998723e-05,499.24739999999997,1195.0408986000002
89.93799999999999,-0.0003407520000000136,501.2346,1195.0408986000002
89.94800000000001,-0.00016296600000001438,501.2346,1195.0408986000002
89.957,-0.00016296600000001438,501.2346,1196.9571450000003
89.96699999999998,-0.0003407520000000136,498.2538,1187.3759129999999
89.976,-0.0003407520000000136,529.0554000000001,1225.7008409999999
89.98599999999999,-0.00016296600000001438,530.0490000000001,1223.7845945999998
90.01599999999999,-0.00016296600000001438,529.0554000000001,1219.9521018
90.025,-0.00016296600000001438,530.0490000000001,1221.8683482000001
90.035,-0.00016296600000001438,531.0426000000001,1223.7845945999998
90.04399999999998,-0.0003407520000000136,531.0426000000001,1223.7845945999998
90.061,-0.00016296600000001438,530.0490000000001,1218.0358554000004
90.07,-0.00016296600000001438,530.0490000000001,1219.9521018
90.07999999999998,-0.00016296600000001438,531.0426000000001,1221.8683482000001
90.089,-0.00016296600000001438,532.0362,1223.7845945999998
90.1,-0.00016296600000001438,532.0362,1219.9521018
90.10900000000001,-0.00016296600000001438,561.8442,1254.4445370000003
90.119,1.4819999999998723e-05,560.8506000000001,1250.6120442000001
90.15100000000001,-0.00016296600000001438,560.8506000000001,1248.6957978
90.16,-0.0003407520000000136,561.8442,1254.4445370000003
90.16999999999999,1.4819999999998723e-05,560.8506000000001,1252.5282906000002
90.18,1.4819999999998723e-05,561.8442,1252.5282906000002
90.19,-0.00016296600000001438,561.8442,1250.6120442000001
90.19899999999998,-0.00016296600000001438,591.6522000000001,1283.1882329999999
90.209,-0.00016296600000001438,591.6522000000001,1283.1882329999999
90.24099999999999,-0.0003407520000000136,590.6586000000001,1281.2719865999998
90.25,1.4819999999998723e-05,591.6522000000001,1283.1882329999999
90.25999999999999,1.4819999999998723e-05,591.6522000000001,1283.1882329999999
90.269,-0.0003407520000000136,591.6522000000001,1285.1044794000004
90.28,-0.0003407520000000136,590.6586000000001,1281.2719865999998
90.28899999999999,1.4819999999998723e-05,619.4730000000001,1313.8481754
90.299,-0.0005185379999999989,620.4666000000001,1317.6806681999997
90.33099999999999,-0.0005185379999999989,617.4858,1311.9319290000003
90.34100000000001,0.00019260599999999795,618.4794,1311.9319290000003
90.35,1.4819999999998723e-05,618.4794,1311.9319290000003
90.35999999999999,1.4819999999998723e-05,618.4794,1311.9319290000003
90.369,1.4819999999998723e-05,618.4794,1308.0994362000001
90.37899999999999,-0.00016296600000001438,619.4730000000001,1315.7644218
90.388,-0.0005185379999999989,620.4666000000001,1317.6806681999997
90.398,-0.00016296600000001438,618.4794,1313.8481754
90.40699999999998,-0.00016296600000001438,618.4794,1313.8481754
90.417,-0.0003407520000000136,617.4858,1311.9319290000003
90.42699999999999,-0.0003407520000000136,648.2874,1344.5081178
90.436,-0.0003407520000000136,648.2874,1342.5918714000004
90.46600000000001,-0.0003407520000000136,645.3066,1338.7593785999998
90.475,1.4819999999998723e-05,646.3002,1342.5918714000004
90.48499999999999,-0.00016296600000001438,645.3066,1340.6756249999999
90.505,-0.0005185379999999989,645.3066,1344.5081178
90.51400000000001,-0.0005185379999999989,674.1210000000001,1379.0005530000003
90.524,1.4819999999998723e-05,672.1338000000001,1373.2518138
90.53399999999999,-0.00016296600000001438,672.1338000000001,1375.1680601999997
90.55599999999998,-0.00016296600000001438,672.1338000000001,1377.0843066000002
90.565,-0.0003407520000000136,672.1338000000001,1377.0843066000002
90.60399999999998,-0.00016296600000001438,670.1466,1375.1680601999997
90.614,-0.00016296600000001438,669.153,1377.0843066000002
90.64599999999999,-0.00016296600000001438,666.1722000000001,1371.3355674
90.656,-0.0006963239999999982,670.1466,1377.0843066000002
90.674,1.4819999999998723e-05,667.1658000000001,1375.1680601999997
90.685,0.00019260599999999795,664.1850000000001,1369.4193210000003
90.695,1.4819999999998723e-05,665.1786000000001,1373.2518138
90.70499999999998,-0.00016296600000001438,666.1722000000001,1375.1680601999997
90.715,-0.00016296600000001438,665.1786000000001,1373.2518138
90.725,1.4819999999998723e-05,664.1850000000001,1375.1680601999997
90.73499999999999,-0.00016296600000001438,664.1850000000001,1371.3355674
90.745,-0.00016296600000001438,637.3578000000001,1342.5918714000004
90.755,-0.00016296600000001438,636.3642000000001,1344.5081178
90.781,-0.0003407520000000136,634.3770000000001,1342.5918714000004
90.791,-0.00016296600000001438,635.3706000000001,1346.4243642000001
90.79999999999998,-0.0005185379999999989,637.3578000000001,1350.2568569999999
90.81,1.4819999999998723e-05,635.3706000000001,1346.4243642000001
90.82,-0.0003407520000000136,636.3642000000001,1346.4243642000001
90.82900000000001,-0.0003407520000000136,606.5562000000001,1317.6806681999997
90.839,-0.00016296600000001438,605.5626000000001,1313.8481754
90.87100000000001,-0.0003407520000000136,605.5626000000001,1311.9319290000003
90.88,-0.0003407520000000136,606.5562000000001,1315.7644218
90.88999999999999,-0.00016296600000001438,604.5690000000001,1311.9319290000003
90.899,-0.00016296600000001438,605.5626000000001,1313.8481754
90.91899999999998,1.4819999999998723e-05,577.7418,1279.3557402000001
90.929,-0.00016296600000001438,578.7354,1285.1044794000004
90.96099999999998,-0.00016296600000001438,577.7418,1281.2719865999998
90.97,1.4819999999998723e-05,578.7354,1281.2719865999998
90.97999999999999,-0.0003407520000000136,579.729,1285.1044794000004
90.989,-0.00016296600000001438,579.729,1281.2719865999998
91.006,-0.0003407520000000136,577.7418,1279.3557402000001
91.025,1.4819999999998723e-05,579.729,1283.1882329999999
91.035,1.4819999999998723e-05,578.7354,1283.1882329999999
91.04499999999999,-0.00016296600000001438,578.7354,1281.2719865999998
91.055,-0.00016296600000001438,550.9146000000001,1254.4445370000003
91.065,1.4819999999998723e-05,550.9146000000001,1252.5282906000002
91.07499999999999,-0.0003407520000000136,551.9082000000001,1256.3607834
91.096,-0.00016296600000001438,549.921,1252.5282906000002
91.11500000000001,-0.0003407520000000136,551.9082000000001,1254.4445370000003
91.125,1.4819999999998723e-05,552.9018000000001,1252.5282906000002
91.13499999999999,-0.0003407520000000136,552.9018000000001,1252.5282906000002
91.14500000000001,-0.00016296600000001438,525.081,1221.8683482000001
91.155,1.4819999999998723e-05,524.0874,1221.8683482000001
91.16499999999999,1.4819999999998723e-05,524.0874,1219.9521018
91.186,-0.00016296600000001438,524.0874,1221.8683482000001
91.196,-0.0003407520000000136,525.081,1221.8683482000001
91.20499999999998,-0.00016296600000001438,525.081,1223.7845945999998
91.215,-0.00016296600000001438,526.0746,1223.7845945999998
91.226,-0.0003407520000000136,524.0874,1219.9521018
91.245,-0.00016296600000001438,499.24739999999997,1193.1246521999997
91.255,1.4819999999998723e-05,498.2538,1193.1246521999997
91.26499999999999,-0.00016296600000001438,499.24739999999997,1193.1246521999997
91.27600000000001,-0.0003407520000000136,498.2538,1189.2921594
91.285,-0.00016296600000001438,500.241,1193.1246521999997
91.29499999999999,-0.00016296600000001438,500.241,1193.1246521999997
91.305,1.4819999999998723e-05,499.24739999999997,1191.2084058
91.316,-0.00016296600000001438,499.24739999999997,1191.2084058
91.326,-0.0003407520000000136,501.2346,1195.0408986000002
91.33599999999998,-0.00016296600000001438,501.2346,1195.0408986000002
91.346,1.4819999999998723e-05,501.2346,1193.1246521999997
91.356,-0.00016296600000001438,501.2346,1193.1246521999997
91.36599999999999,-0.00016296600000001438,500.241,1191.2084058
91.376,-0.00016296600000001438,473.4138,1162.4647098
91.386,-0.0003407520000000136,473.4138,1164.3809562000001
91.411,-0.0003407520000000136,471.4266,1160.5484634000004
91.42099999999999,1.4819999999998723e-05,473.4138,1160.5484634000004
91.43,-0.0003407520000000136,474.4074,1164.3809562000001
91.44,1.4819999999998723e-05,473.4138,1160.5484634000004
91.44999999999999,-0.0003407520000000136,473.4138,1160.5484634000004
91.459,-0.00016296600000001438,446.5866,1131.8047674
91.469,-0.00016296600000001438,447.5802,1133.7210138
91.501,-0.00016296600000001438,446.5866,1129.8885210000003
91.511,1.4819999999998723e-05,447.5802,1129.8885210000003
91.52000000000001,-0.00016296600000001438,449.56739999999996,1133.7210138
91.53,-0.0003407520000000136,449.56739999999996,1135.6372601999997
91.53899999999999,-0.00016296600000001438,448.5738,1127.9722746000002
91.549,-0.00016296600000001438,449.56739999999996,1131.8047674
91.55799999999999,-0.00016296600000001438,450.561,1133.7210138
91.56799999999998,1.4819999999998723e-05,450.561,1131.8047674
91.577,-0.00016296600000001438,450.561,1133.7210138
91.58699999999999,-0.0003407520000000136,449.56739999999996,1133.7210138
91.606,-0.0003407520000000136,421.7466,1104.9773178
91.61599999999999,-0.00016296600000001438,422.7402,1104.9773178
91.636,-0.00016296600000001438,421.7466,1103.0610714000004
91.64599999999999,-0.00016296600000001438,423.7338,1106.8935642000001
91.655,-0.0003407520000000136,424.7274,1104.9773178
91.66499999999999,-0.00016296600000001438,423.7338,1103.0610714000004
91.674,-0.0005185379999999989,422.7402,1099.2285785999998
91.684,-0.00016296600000001438,424.7274,1103.0610714000004
91.69299999999998,-0.00016296600000001438,424.7274,1103.0610714000004
91.703,-0.0003407520000000136,424.7274,1106.8935642000001
91.71199999999999,-0.00016296600000001438,424.7274,1104.9773178
91.72200000000001,-0.0003407520000000136,423.7338,1101.1448249999999
91.732,-0.00016296600000001438,396.90659999999997,1072.4011290000003
91.74099999999999,-0.00016296600000001438,396.90659999999997,1072.4011290000003
91.77099999999999,-0.0003407520000000136,394.9194,1072.4011290000003
91.781,-0.00016296600000001438,396.90659999999997,1074.3173754
91.78999999999999,1.4819999999998723e-05,397.9002,1072.4011290000003
91.79999999999998,1.4819999999998723e-05,396.90659999999997,1072.4011290000003
91.81,-0.00016296600000001438,396.90659999999997,1070.4848826000002
91.82,-0.00016296600000001438,370.07939999999996,1043.6574329999999
91.82900000000001,-0.00016296600000001438,369.0858,1043.6574329999999
91.839,1.4819999999998723e-05,369.0858,1041.7411865999998
91.86099999999999,1.4819999999998723e-05,368.0922,1039.8249402000001
91.87100000000001,-0.00016296600000001438,370.07939999999996,1043.6574329999999
91.88,-0.0003407520000000136,371.073,1043.6574329999999
91.88999999999999,-0.00016296600000001438,370.07939999999996,1043.6574329999999
91.899,-0.00016296600000001438,370.07939999999996,1041.7411865999998
91.90899999999999,-0.00016296600000001438,372.0666,1043.6574329999999
91.918,-0.0003407520000000136,371.073,1043.6574329999999
91.928,-0.00016296600000001438,372.0666,1043.6574329999999
91.93699999999998,-0.00016296600000001438,371.073,1041.7411865999998
91.951,-0.00016296600000001438,372.0666,1043.6574329999999
92.041,-0.0005185379999999989,344.2458,1012.9974906000002
92.05099999999999,-0.00016296600000001438,345.2394,1012.9974906000002
92.06,1.4819999999998723e-05,345.2394,1012.9974906000002
92.07,1.4819999999998723e-05,345.2394,1012.9974906000002
92.07999999999998,-0.00016296600000001438,344.2458,1011.0812442000001
92.089,-0.0003407520000000136,346.233,1012.9974906000002
92.09899999999999,1.4819999999998723e-05,345.2394,1011.0812442000001
92.108,1.4819999999998723e-05,345.2394,1012.9974906000002
92.12700000000001,-0.00016296600000001438,346.233,1014.9137370000003
92.137,1.4819999999998723e-05,316.425,971.1061554000003
92.14699999999999,-0.00016296600000001438,318.4122,973.0950162000004
92.17599999999999,-0.0003407520000000136,316.425,971.1061554000003
92.186,-0.00016296600000001438,317.41859999999997,971.1061554000003
92.195,-0.0003407520000000136,318.4122,973.0950162000004
92.20499999999998,-0.00016296600000001438,318.4122,973.0950162000004
92.215,-0.00016296600000001438,318.4122,967.1284338000005
92.225,-0.00016296600000001438,297.5466,943.2621042000005
92.23400000000001,-0.0003407520000000136,296.553,943.2621042000005
92.244,1.4819999999998723e-05,299.5338,941.2732434
92.26599999999999,-0.00016296600000001438,294.56579999999997,939.2843826000003
92.27600000000001,-0.00016296600000001438,296.553,943.2621042000005
92.285,-0.0005185379999999989,296.553,943.2621042000005
92.29499999999999,-0.00016296600000001438,300.5274,941.2732434
92.305,1.4819999999998723e-05,296.553,937.2955218000002
92.315,-0.00016296600000001438,298.54019999999997,909.4514706000004
92.32399999999998,1.4819999999998723e-05,298.54019999999997,911.4403314000006
92.334,-0.0003407520000000136,298.54019999999997,911.4403314000006
92.356,-0.0005185379999999989,291.585,909.4514706000004
92.36599999999999,-0.00016296600000001438,297.5466,911.4403314000006
92.375,1.4819999999998723e-05,298.54019999999997,911.4403314000006
92.38499999999999,-0.00016296600000001438,297.5466,911.4403314000006
92.394,-0.00016296600000001438,297.5466,909.4514706000004
92.404,1.4819999999998723e-05,299.5338,911.4403314000006
92.41299999999998,-0.00016296600000001438,297.5466,913.4291922000002
92.423,-0.0003407520000000136,296.553,911.4403314000006
92.43199999999999,-0.0003407520000000136,295.5594,909.4514706000004
92.44200000000001,-0.00016296600000001438,298.54019999999997,909.4514706000004
92.452,1.4819999999998723e-05,299.5338,881.6074194000003
92.46099999999998,1.4819999999998723e-05,296.553,877.6296978000005
92.49099999999999,1.4819999999998723e-05,296.553,875.6408370000004
92.501,-0.00016296600000001438,297.5466,879.6185586000001
92.50999999999999,-0.00016296600000001438,296.553,877.6296978000005
92.52000000000001,-0.00016296600000001438,300.5274,881.6074194000003
92.531,-0.0003407520000000136,296.553,877.6296978000005
92.541,1.4819999999998723e-05,298.54019999999997,849.7856466000003
92.54999999999998,0.00019260599999999795,297.5466,849.7856466000003
92.559,1.4819999999998723e-05,297.5466,849.7856466000003
92.56899999999999,1.4819999999998723e-05,298.54019999999997,851.7745074000004
92.58099999999999,-0.00016296600000001438,293.5722,845.8079250000001
92.59100000000001,-0.00016296600000001438,294.56579999999997,849.7856466000003
92.6,-0.0003407520000000136,295.5594,847.7967858000006
92.60999999999999,1.4819999999998723e-05,297.5466,847.7967858000006
92.62,1.4819999999998723e-05,294.56579999999997,847.7967858000006
92.63,0.00019260599999999795,296.553,817.9638738000003
92.63900000000001,1.4819999999998723e-05,295.5594,819.9527346000004
92.67099999999999,-0.00016296600000001438,297.5466,813.9861522000006
92.68099999999998,-0.00016296600000001438,299.5338,819.9527346000004
92.69,0.00019260599999999795,299.5338,817.9638738000003
92.69999999999999,1.4819999999998723e-05,299.5338,817.9638738000003
92.71099999999998,1.4819999999998723e-05,296.553,813.9861522000006
92.721,0.00019260599999999795,298.54019999999997,788.1309618000005
92.72999999999999,0.00019260599999999795,299.5338,790.1198226000006
92.74000000000001,1.4819999999998723e-05,297.5466,788.1309618000005
92.749,0.00019260599999999795,296.553,788.1309618000005
92.761,1.4819999999998723e-05,293.5722,784.1532402000003
92.77099999999999,1.4819999999998723e-05,299.5338,790.1198226000006
92.78,-0.00016296600000001438,297.5466,788.1309618000005
92.78999999999999,-0.00016296600000001438,297.5466,790.1198226000006
92.79999999999998,-0.00016296600000001438,296.553,786.1421010000004
92.809,-0.00016296600000001438,298.54019999999997,788.1309618000005
92.828,-0.00016296600000001438,296.553,790.1198226000006
92.838,0.00019260599999999795,299.5338,788.1309618000005
92.84799999999998,-0.0003407520000000136,297.5466,786.1421010000004
92.858,0.00019260599999999795,298.54019999999997,756.3091890000005
92.868,1.4819999999998723e-05,297.5466,760.2869106000003
92.89599999999999,0.00019260599999999795,296.553,756.3091890000005
92.906,1.4819999999998723e-05,297.5466,758.2980498000002
92.91499999999999,0.00019260599999999795,296.553,758.2980498000002
92.92499999999998,1.4819999999998723e-05,297.5466,758.2980498000002
92.935,-0.00016296600000001438,297.5466,756.3091890000005
92.945,0.00037039200000001105,300.5274,726.4762770000002
92.95400000000001,1.4819999999998723e-05,296.553,728.4651377999999
92.98599999999999,1.4819999999998723e-05,295.5594,724.4874162000001
92.99600000000001,0.00019260599999999795,297.5466,726.4762770000002
93.005,0.00019260599999999795,299.5338,728.4651377999999
93.01499999999999,0.00037039200000001105,299.5338,724.4874162000001
93.02600000000001,-0.00016296600000001438,292.5786,724.4874162000001
93.036,0.00019260599999999795,297.5466,696.6433650000001
93.04499999999999,1.4819999999998723e-05,295.5594,696.6433650000001
93.055,0.00019260599999999795,298.54019999999997,694.6545042
93.064,-0.00016296600000001438,297.5466,698.6322258
93.076,1.4819999999998723e-05,296.553,692.6656434000001
93.08599999999998,-0.00016296600000001438,297.5466,696.6433650000001
93.095,-0.0003407520000000136,299.5338,698.6322258
93.10499999999999,1.4819999999998723e-05,299.5338,694.6545042
93.11500000000001,0.00037039200000001105,296.553,690.6767826000003
93.124,1.4819999999998723e-05,298.54019999999997,696.6433650000001
93.13399999999999,1.4819999999998723e-05,298.54019999999997,696.6433650000001
93.143,1.4819999999998723e-05,296.553,694.6545042
93.15299999999999,1.4819999999998723e-05,298.54019999999997,694.6545042
93.162,-0.0003407520000000136,296.553,696.6433650000001
93.172,1.4819999999998723e-05,296.553,662.8327314000001
93.18099999999998,0.00037039200000001105,298.54019999999997,662.8327314000001
93.21099999999998,-0.00016296600000001438,296.553,664.8215921999999
93.221,1.4819999999998723e-05,296.553,664.8215921999999
93.22999999999999,1.4819999999998723e-05,297.5466,664.8215921999999
93.24000000000001,-0.00016296600000001438,300.5274,666.8104530000003
93.25,1.4819999999998723e-05,296.553,662.8327314000001
93.269,1.4819999999998723e-05,298.54019999999997,666.8104530000003
93.279,-0.00016296600000001438,298.54019999999997,666.8104530000003
93.28899999999999,1.4819999999998723e-05,297.5466,666.8104530000003
93.299,-0.00016296600000001438,293.5722,658.8550098000001
93.309,0.00019260599999999795,299.5338,634.9886802000001
93.31899999999999,0.00019260599999999795,298.54019999999997,636.9775410000002
93.346,-0.00016296600000001438,297.5466,634.9886802000001
93.356,-0.00016296600000001438,298.54019999999997,636.9775410000002
93.36500000000001,1.4819999999998723e-05,297.5466,634.9886802000001
93.375,0.00019260599999999795,297.5466,636.9775410000002
93.386,-0.00016296600000001438,298.54019999999997,631.0109586000001
93.39599999999999,1.4819999999998723e-05,299.5338,607.1446289999999
93.405,0.00019260599999999795,298.54019999999997,605.1557682
93.41499999999999,1.4819999999998723e-05,298.54019999999997,603.1669074000001
93.424,-0.00016296600000001438,295.5594,605.1557682
93.436,-0.00016296600000001438,294.56579999999997,601.1780466
93.446,0.00019260599999999795,298.54019999999997,605.1557682
93.45499999999998,0.00019260599999999795,298.54019999999997,607.1446289999999
93.465,1.4819999999998723e-05,299.5338,605.1557682
93.475,1.4819999999998723e-05,296.553,603.1669074000001
93.48400000000001,-0.00016296600000001438,295.5594,607.1446289999999
93.494,-0.00016296600000001438,296.553,605.1557682
93.50299999999999,-0.0003407520000000136,296.553,607.1446289999999
93.513,-0.00016296600000001438,296.553,605.1557682
93.52199999999999,-0.00016296600000001438,296.553,601.1780466
93.53199999999998,1.4819999999998723e-05,296.553,571.3451345999999
93.541,0.00037039200000001105,298.54019999999997,573.3339954
93.571,1.4819999999998723e-05,297.5466,571.3451345999999
93.58099999999999,0.00019260599999999795,298.54019999999997,573.3339954
93.59,0.00019260599999999795,297.5466,573.3339954
93.60900000000001,0.00019260599999999795,297.5466,571.3451345999999
93.619,0.00019260599999999795,299.5338,575.3228562000002
93.62899999999999,0.00037039200000001105,298.54019999999997,571.3451345999999
93.63900000000001,1.4819999999998723e-05,297.5466,573.3339954
93.649,1.4819999999998723e-05,294.56579999999997,573.3339954
93.66,-0.00016296600000001438,297.5466,573.3339954
93.66899999999998,1.4819999999998723e-05,296.553,545.4899442000001
93.679,-0.00016296600000001438,295.5594,543.5010834000002
93.70599999999999,1.4819999999998723e-05,295.5594,541.5122226000001
93.71600000000001,1.4819999999998723e-05,297.5466,541.5122226000001
93.725,0.00037039200000001105,298.54019999999997,541.5122226000001
93.73499999999999,0.00037039200000001105,297.5466,543.5010834000002
93.745,0.00019260599999999795,296.553,539.5233618
93.75399999999999,0.00019260599999999795,300.5274,543.5010834000002
93.76400000000001,1.4819999999998723e-05,299.5338,545.4899442000001
93.773,1.4819999999998723e-05,299.5338,543.5010834000002
93.78299999999999,1.4819999999998723e-05,299.5338,543.5010834000002
93.792,1.4819999999998723e-05,296.553,541.5122226000001
93.84199999999998,0.00019260599999999795,297.5466,511.6793106
93.851,-0.00016296600000001438,298.54019999999997,515.6570322
93.86099999999999,1.4819999999998723e-05,298.54019999999997,513.6681714000001
93.88,1.4819999999998723e-05,297.5466,511.6793106
93.88999999999999,0.00037039200000001105,298.54019999999997,487.81298100000004
93.9,0.00037039200000001105,298.54019999999997,485.82412020000015
93.91,0.00019260599999999795,296.553,485.82412020000015
93.93099999999998,0.00019260599999999795,296.553,485.82412020000015
93.941,-0.00016296600000001438,296.553,485.82412020000015
93.96000000000001,0.00019260599999999795,296.553,485.82412020000015
93.97,0.00037039200000001105,297.5466,481.84639859999993
93.97999999999999,0.00037039200000001105,299.5338,485.82412020000015
93.99000000000001,0.00037039200000001105,300.5274,485.82412020000015
94.0,1.4819999999998723e-05,298.54019999999997,485.82412020000015
94.00999999999999,1.4819999999998723e-05,297.5466,485.82412020000015
94.02000000000001,0.00019260599999999795,297.5466,483.83525940000004
94.03,0.00037039200000001105,298.54019999999997,457.98006899999996
94.03999999999999,0.00037039200000001105,298.54019999999997,455.9912082000001
94.066,-0.00016296600000001438,294.56579999999997,455.9912082000001
94.076,1.4819999999998723e-05,298.54019999999997,457.98006899999996
94.08500000000001,1.4819999999998723e-05,297.5466,457.98006899999996
94.095,1.4819999999998723e-05,298.54019999999997,455.9912082000001
94.10499999999999,1.4819999999998723e-05,297.5466,455.9912082000001
94.11500000000001,0.00019260599999999795,298.54019999999997,428.1471570000001
94.124,-0.00016296600000001438,299.5338,430.1360178000002
94.156,1.4819999999998723e-05,297.5466,424.1694354000001
94.166,0.00019260599999999795,298.54019999999997,428.1471570000001
94.17499999999998,0.00019260599999999795,297.5466,424.1694354000001
94.185,1.4819999999998723e-05,298.54019999999997,426.1582962
94.195,-0.00016296600000001438,296.553,426.1582962
94.20499999999998,0.00019260599999999795,295.5594,398.314245
94.214,0.00037039200000001105,297.5466,396.32538420000014
94.24600000000001,1.4819999999998723e-05,292.5786,396.32538420000014
94.256,0.00019260599999999795,297.5466,396.32538420000014
94.26499999999999,1.4819999999998723e-05,296.553,398.314245
94.275,0.00037039200000001105,298.54019999999997,396.32538420000014
94.285,0.00019260599999999795,295.5594,394.33652340000026
94.29399999999998,0.00019260599999999795,299.5338,398.314245
94.304,0.00019260599999999795,297.5466,398.314245
94.31299999999999,1.4819999999998723e-05,296.553,400.30310580000014
94.32300000000001,-0.0003407520000000136,295.5594,400.30310580000014
94.332,-0.0003407520000000136,296.553,398.314245
94.34199999999998,1.4819999999998723e-05,297.5466,370.4701938000003
94.351,0.00019260599999999795,298.54019999999997,366.49247220000007
94.381,1.4819999999998723e-05,296.553,366.49247220000007
94.4,-0.00016296600000001438,297.5466,368.48133299999995
94.41,0.00019260599999999795,298.54019999999997,368.48133299999995
94.42099999999999,-0.0003407520000000136,295.5594,366.49247220000007
94.43099999999998,0.00037039200000001105,299.5338,336.6595602000002
94.441,1.4819999999998723e-05,296.553,338.6484210000001
94.451,1.4819999999998723e-05,297.5466,338.6484210000001
94.471,0.00019260599999999795,296.553,336.6595602000002
94.51599999999999,1.4819999999998723e-05,302.5146,340.6372818
94.561,0.00019260599999999795,294.56579999999997,334.6706993999999
94.571,0.00019260599999999795,296.553,308.815509
94.58099999999999,0.00019260599999999795,296.553,308.815509
94.606,0.00019260599999999795,292.5786,302.84892660000014
94.61599999999999,1.4819999999998723e-05,296.553,306.82664820000014
94.625,1.4819999999998723e-05,297.5466,306.82664820000014
94.63499999999999,-0.00016296600000001438,295.5594,306.82664820000014
94.64500000000001,-0.00016296600000001438,291.585,304.8377874
94.654,0.00019260599999999795,299.5338,308.815509
94.66399999999999,0.00037039200000001105,296.553,306.82664820000014
94.673,0.00037039200000001105,297.5466,304.8377874
94.68299999999999,1.4819999999998723e-05,298.54019999999997,310.8043697999999
94.69200000000001,-0.00016296600000001438,296.553,306.82664820000014
94.702,0.00037039200000001105,299.5338,278.98259699999994
94.721,0.00037039200000001105,297.5466,276.99373620000006
94.74099999999999,0.0005481779999999825,295.5594,275.00487539999995
94.751,0.00037039200000001105,298.54019999999997,276.99373620000006
94.761,0.0005481779999999825,299.5338,276.99373620000006
94.77099999999999,0.0005481779999999825,299.5338,276.99373620000006
94.832,0.0007259639999999956,295.5594,243.18310259999998
94.84100000000001,0.0005481779999999825,298.54019999999997,247.1608242000002
94.851,0.0005481779999999825,300.5274,247.1608242000002
94.86099999999999,0.00037039200000001105,298.54019999999997,247.1608242000002
94.87100000000001,0.00037039200000001105,295.5594,245.17196339999987
94.881,0.0005481779999999825,296.553,215.33905140000002
94.89099999999999,0.00019260599999999795,298.54019999999997,217.32791220000013
94.90100000000001,0.00037039200000001105,298.54019999999997,217.32791220000013
94.92099999999999,0.00037039200000001105,297.5466,215.33905140000002
94.93099999999998,0.00037039200000001105,299.5338,219.316773
94.94,0.0007259639999999956,300.5274,215.33905140000002
94.94999999999999,0.00037039200000001105,298.54019999999997,217.32791220000013
94.96000000000001,0.00037039200000001105,296.553,213.35019060000013
94.969,0.00037039200000001105,297.5466,217.32791220000013
94.97899999999998,0.0007259639999999956,299.5338,217.32791220000013
94.988,0.00037039200000001105,299.5338,217.32791220000013
94.99799999999999,0.0007259639999999956,298.54019999999997,215.33905140000002
95.007,0.00019260599999999795,296.553,215.33905140000002
95.017,0.0009037499999999948,300.5274,185.50613939999994
95.02600000000001,0.0005481779999999825,298.54019999999997,187.49500020000005
95.05599999999998,0.00037039200000001105,296.553,183.51727860000005
95.066,0.00037039200000001105,295.5594,187.49500020000005
95.07499999999999,0.00037039200000001105,298.54019999999997,187.49500020000005
95.08500000000001,0.00037039200000001105,294.56579999999997,185.50613939999994
95.095,0.0005481779999999825,296.553,185.50613939999994
95.10499999999999,0.00037039200000001105,296.553,157.6620882000002
95.114,0.00019260599999999795,296.553,159.65094900000008
95.14599999999999,0.00019260599999999795,295.5594,157.6620882000002
95.156,0.00037039200000001105,299.5338,159.65094900000008
95.16499999999999,0.00037039200000001105,298.54019999999997,157.6620882000002
95.17499999999998,0.00019260599999999795,295.5594,157.6620882000002
95.19200000000001,0.00019260599999999795,292.5786,151.6955058000001
95.202,1.4819999999998723e-05,297.5466,127.82917620000012
95.21199999999999,0.00037039200000001105,296.553,127.82917620000012
95.22200000000001,0.00019260599999999795,296.553,127.82917620000012
95.232,0.00037039200000001105,298.54019999999997,123.85145460000012
95.24199999999999,0.0005481779999999825,298.54019999999997,125.84031540000001
95.25200000000001,0.00037039200000001105,299.5338,127.82917620000012
95.262,0.00037039200000001105,298.54019999999997,125.84031540000001
95.27199999999999,0.00037039200000001105,296.553,125.84031540000001
95.28199999999998,0.00019260599999999795,295.5594,125.84031540000001
95.292,0.00037039200000001105,297.5466,125.84031540000001
95.30199999999999,0.00037039200000001105,299.5338,125.84031540000001
95.31199999999998,0.0005481779999999825,297.5466,123.85145460000012
95.322,1.4819999999998723e-05,297.5466,127.82917620000012
95.332,1.4819999999998723e-05,296.553,99.98512500000015
95.34199999999998,0.00019260599999999795,298.54019999999997,97.99626420000004
95.37100000000001,-0.00016296600000001438,294.56579999999997,96.00740339999993
95.381,1.4819999999998723e-05,295.5594,96.00740339999993
95.38999999999999,0.00019260599999999795,298.54019999999997,99.98512500000015
95.4,1.4819999999998723e-05,296.553,97.99626420000004
95.41,-0.00016296600000001438,295.5594,94.01854260000005
95.41999999999999,-0.00016296600000001438,297.5466,66.17449140000008
95.429,1.4819999999998723e-05,295.5594,66.17449140000008
95.46099999999998,1.4819999999998723e-05,297.5466,66.17449140000008
95.471,1.4819999999998723e-05,297.5466,66.17449140000008
95.481,-0.00016296600000001438,299.5338,68.16335219999996
95.49000000000001,-0.00016296600000001438,296.553,68.16335219999996
95.5,1.4819999999998723e-05,296.553,64.1856306000002
95.50999999999999,1.4819999999998723e-05,296.553,36.3415794
95.519,-0.00016296600000001438,298.54019999999997,38.330440199999884
95.55099999999999,-0.0003407520000000136,293.5722,36.3415794
95.561,-0.00016296600000001438,298.54019999999997,38.330440199999884
95.571,-0.00016296600000001438,296.553,38.330440199999884
95.57999999999998,-0.00016296600000001438,297.5466,38.330440199999884
95.59,1.4819999999998723e-05,296.553,34.35271860000012
95.59899999999999,-0.00016296600000001438,298.54019999999997,38.330440199999884
95.60900000000001,-0.00016296600000001438,298.54019999999997,38.330440199999884
95.618,-0.00016296600000001438,298.54019999999997,38.330440199999884
95.62799999999999,1.4819999999998723e-05,301.52099999999996,38.330440199999884
95.638,-0.0005185379999999989,293.5722,36.3415794
95.64699999999999,1.4819999999998723e-05,298.54019999999997,6.508667400000149
95.65699999999998,-0.00016296600000001438,298.54019999999997,8.497528200000033
95.686,-0.0003407520000000136,294.56579999999997,4.519806600000038
95.696,-0.00016296600000001438,298.54019999999997,8.497528200000033
95.70499999999998,-0.00016296600000001438,297.5466,6.508667400000149
95.715,1.4819999999998723e-05,300.5274,8.497528200000033
95.731,1.4819999999998723e-05,296.553,4.519806600000038
95.74099999999999,-0.00016296600000001438,298.54019999999997,8.497528200000033
95.751,1.4819999999998723e-05,299.5338,6.508667400000149
95.75999999999999,-0.00016296600000001438,298.54019999999997,8.497528200000033
95.77000000000001,-0.00016296600000001438,296.553,6.508667400000149
95.78,-0.00016296600000001438,296.553,8.497528200000033
95.78899999999999,-0.0003407520000000136,294.56579999999997,6.508667400000149
95.821,-0.0003407520000000136,296.553,6.508667400000149
95.83099999999999,-0.0003407520000000136,296.553,6.508667400000149
95.84100000000001,-0.0003407520000000136,297.5466,10.486389000000145
95.85,0.00019260599999999795,298.54019999999997,6.508667400000149
95.85999999999999,-0.0003407520000000136,296.553,6.508667400000149
95.87,-0.00016296600000001438,298.54019999999997,38.330440199999884
95.87899999999999,-0.00016296600000001438,299.5338,36.3415794
95.912,-0.00016296600000001438,294.56579999999997,34.35271860000012
95.92099999999999,-0.0003407520000000136,297.5466,36.3415794
95.93099999999998,0.00019260599999999795,299.5338,36.3415794
95.94,0.00019260599999999795,298.54019999999997,34.35271860000012
95.94999999999999,-0.00016296600000001438,295.5594,34.35271860000012
95.959,-0.00016296600000001438,297.5466,36.3415794
95.969,-0.0003407520000000136,298.54019999999997,38.330440199999884
95.97800000000001,-0.00016296600000001438,299.5338,38.330440199999884
95.988,1.4819999999998723e-05,297.5466,36.3415794
95.99699999999999,-0.00016296600000001438,296.553,34.35271860000012
96.007,-0.00016296600000001438,299.5338,68.16335219999996
96.017,1.4819999999998723e-05,297.5466,66.17449140000008
96.047,-0.00016296600000001438,296.553,66.17449140000008
96.05599999999998,1.4819999999998723e-05,299.5338,68.16335219999996
96.066,-0.00016296600000001438,297.5466,68.16335219999996
96.07499999999999,-0.00016296600000001438,297.5466,66.17449140000008
96.08500000000001,-0.00016296600000001438,295.5594,66.17449140000008
96.094,-0.00016296600000001438,298.54019999999997,68.16335219999996
96.113,-0.00016296600000001438,297.5466,68.16335219999996
96.12299999999999,1.4819999999998723e-05,298.54019999999997,68.16335219999996
96.13300000000001,-0.00016296600000001438,298.54019999999997,66.17449140000008
96.143,-0.00016296600000001438,299.5338,97.99626420000004
96.15299999999999,-0.00016296600000001438,297.5466,97.99626420000004
96.18199999999999,-0.00016296600000001438,295.5594,96.00740339999993
96.191,-0.00016296600000001438,298.54019999999997,97.99626420000004
96.201,0.00019260599999999795,298.54019999999997,96.00740339999993
96.21000000000001,1.4819999999998723e-05,298.54019999999997,97.99626420000004
96.22,0.00019260599999999795,296.553,94.01854260000005
96.22899999999998,-0.0003407520000000136,297.5466,97.99626420000004
96.239,-0.00016296600000001438,299.5338,99.98512500000015
96.24799999999999,-0.00016296600000001438,297.5466,96.00740339999993
96.25800000000001,-0.00016296600000001438,298.54019999999997,96.00740339999993
96.267,-0.00016296600000001438,296.553,94.01854260000005
96.27699999999999,-0.00016296600000001438,296.553,125.84031540000001
96.287,1.4819999999998723e-05,296.553,125.84031540000001
96.31700000000001,-0.00016296600000001438,294.56579999999997,127.82917620000012
96.326,-0.00016296600000001438,297.5466,127.82917620000012
96.33599999999998,1.4819999999998723e-05,298.54019999999997,125.84031540000001
96.345,-0.00016296600000001438,297.5466,129.818037
96.35499999999999,-0.00016296600000001438,293.5722,125.84031540000001
96.374,1.4819999999998723e-05,297.5466,127.82917620000012
96.38399999999999,1.4819999999998723e-05,296.553,127.82917620000012
96.394,1.4819999999998723e-05,297.5466,127.82917620000012
96.404,-0.00016296600000001438,296.553,125.84031540000001
96.41399999999999,-0.00016296600000001438,298.54019999999997,159.65094900000008
96.424,0.00019260599999999795,297.5466,159.65094900000008
96.452,0.00037039200000001105,299.5338,155.6732274000001
96.46099999999998,1.4819999999998723e-05,298.54019999999997,157.6620882000002
96.471,0.00019260599999999795,298.54019999999997,157.6620882000002
96.47999999999999,0.00037039200000001105,299.5338,159.65094900000008
96.49000000000001,1.4819999999998723e-05,297.5466,157.6620882000002
96.5,0.00037039200000001105,297.5466,189.48386100000016
96.50899999999999,0.0005481779999999825,299.5338,187.49500020000005
96.542,0.0005481779999999825,295.5594,185.50613939999994
96.55099999999999,0.00037039200000001105,299.5338,189.48386100000016
96.561,0.0007259639999999956,298.54019999999997,187.49500020000005
96.57,0.00037039200000001105,298.54019999999997,189.48386100000016
96.57999999999998,0.0007259639999999956,297.5466,185.50613939999994
96.589,0.00037039200000001105,299.5338,187.49500020000005
96.59899999999999,0.0007259639999999956,298.54019999999997,187.49500020000005
96.608,0.0007259639999999956,298.54019999999997,185.50613939999994
96.618,0.00037039200000001105,298.54019999999997,187.49500020000005
96.62799999999999,0.0005481779999999825,296.553,185.50613939999994
96.637,0.0007259639999999956,298.54019999999997,215.33905140000002
96.64699999999999,0.001081535999999994,298.54019999999997,217.32791220000013
96.67699999999999,0.0012593219999999933,293.5722,213.35019060000013
96.686,0.0009037499999999948,297.5466,217.32791220000013
96.696,0.0009037499999999948,297.5466,217.32791220000013
96.70499999999998,0.0009037499999999948,297.5466,217.32791220000013
96.72399999999999,0.0012593219999999933,299.5338,215.33905140000002
96.73400000000001,0.0012593219999999933,299.5338,217.32791220000013
96.744,0.0014371079999999925,299.5338,217.32791220000013
96.75399999999999,0.0009037499999999948,296.553,217.32791220000013
96.76499999999999,0.0007259639999999956,296.553,215.33905140000002
96.774,0.0012593219999999933,296.553,247.1608242000002
96.78399999999999,0.001792679999999991,298.54019999999997,245.17196339999987
96.81199999999998,0.001792679999999991,293.5722,243.18310259999998
96.821,0.0016148939999999917,298.54019999999997,249.1496850000001
96.83099999999999,0.0016148939999999917,298.54019999999997,247.1608242000002
96.84,0.0021482519999999894,298.54019999999997,245.17196339999987
96.851,0.0016148939999999917,297.5466,245.17196339999987
96.86099999999999,0.0021482519999999894,298.54019999999997,276.99373620000006
96.87,0.002503823999999988,296.553,276.99373620000006
96.88,0.002503823999999988,297.5466,278.98259699999994
96.88900000000001,0.002681610000000001,298.54019999999997,275.00487539999995
96.90199999999999,0.002681610000000001,296.553,273.01601460000006
96.911,0.002681610000000001,297.5466,276.99373620000006
96.92099999999999,0.002503823999999988,297.5466,276.99373620000006
96.93,0.002681610000000001,297.5466,276.99373620000006
96.94,0.002503823999999988,297.5466,278.98259699999994
96.94899999999998,0.002681610000000001,297.5466,278.98259699999994
96.959,0.002681610000000001,298.54019999999997,276.99373620000006
96.96799999999999,0.002503823999999988,298.54019999999997,278.98259699999994
96.97800000000001,0.0028593959999999863,299.5338,276.99373620000006
96.988,0.002681610000000001,297.5466,276.99373620000006
96.99699999999999,0.002503823999999988,298.54019999999997,278.98259699999994
97.082,0.0032149679999999986,294.56579999999997,302.84892660000014
97.09100000000001,0.0037483259999999963,299.5338,304.8377874
97.101,0.003570539999999997,298.54019999999997,308.815509
97.10999999999999,0.0039261119999999955,300.5274,306.82664820000014
97.12,0.003392753999999998,297.5466,308.815509
97.13,0.004459469999999993,296.553,336.6595602000002
97.13900000000001,0.004815041999999992,295.5594,338.6484210000001
97.172,0.004992828000000005,296.553,338.6484210000001
97.18099999999998,0.005348400000000003,297.5466,338.6484210000001
97.191,0.005348400000000003,296.553,338.6484210000001
97.19999999999999,0.005348400000000003,299.5338,336.6595602000002
97.21199999999999,0.004992828000000005,296.553,336.6595602000002
97.221,0.005881757999999987,298.54019999999997,368.48133299999995
97.231,0.006948473999999996,297.5466,368.48133299999995
97.24000000000001,0.007126259999999995,297.5466,368.48133299999995
97.25,0.007304045999999995,297.5466,366.49247220000007
97.262,0.007304045999999995,297.5466,364.5036114000002
97.27099999999999,0.007481831999999994,297.5466,368.48133299999995
97.281,0.007304045999999995,298.54019999999997,368.48133299999995
97.28999999999999,0.007304045999999995,299.5338,368.48133299999995
97.29999999999998,0.007304045999999995,299.5338,366.49247220000007
97.309,0.007659617999999993,299.5338,368.48133299999995
97.31899999999999,0.007481831999999994,296.553,368.48133299999995
97.32900000000001,0.007481831999999994,296.553,366.49247220000007
97.338,0.007481831999999994,297.5466,368.48133299999995
97.34799999999998,0.007304045999999995,294.56579999999997,366.49247220000007
97.357,0.00819297599999999,298.54019999999997,398.314245
97.36699999999999,0.009081906,298.54019999999997,400.30310580000014
97.39699999999999,0.009793049999999984,294.56579999999997,396.32538420000014
97.406,0.009615263999999998,296.553,398.314245
97.42499999999998,0.009615263999999998,299.5338,398.314245
97.435,0.009793049999999984,298.54019999999997,398.314245
97.445,0.010504193999999994,298.54019999999997,428.1471570000001
97.45499999999998,0.011926481999999988,297.5466,428.1471570000001
97.465,0.012104268000000001,298.54019999999997,428.1471570000001
97.487,0.012282054,295.5594,426.1582962
97.49600000000001,0.012459839999999986,298.54019999999997,428.1471570000001
97.51499999999999,0.012459839999999986,298.54019999999997,428.1471570000001
97.52600000000001,0.012459839999999986,297.5466,428.1471570000001
97.535,0.012637625999999999,297.5466,426.1582962
97.54499999999999,0.012815411999999984,297.5466,426.1582962
97.555,0.012637625999999999,299.5338,426.1582962
97.565,0.012815411999999984,298.54019999999997,428.1471570000001
97.576,0.012815411999999984,296.553,424.1694354000001
97.58599999999998,0.013704341999999994,298.54019999999997,457.98006899999996
97.596,0.015126630000000002,299.5338,455.9912082000001
97.62199999999999,0.015659988,294.56579999999997,455.9912082000001
97.631,0.015659988,300.5274,459.96892980000007
97.64099999999999,0.015659988,297.5466,457.98006899999996
97.65,0.016015559999999998,297.5466,455.9912082000001
97.66,0.015482201999999987,296.553,455.9912082000001
97.66999999999999,0.016015559999999998,296.553,457.98006899999996
97.679,0.016015559999999998,299.5338,457.98006899999996
97.689,0.016015559999999998,297.5466,457.98006899999996
97.69800000000001,0.016015559999999998,297.5466,457.98006899999996
97.708,0.015659988,296.553,455.9912082000001
97.71699999999998,0.016904489999999994,296.553,485.82412020000015
97.727,0.018504563999999987,296.553,485.82412020000015
97.757,0.019215707999999984,295.5594,483.83525940000004
97.77600000000001,0.019393493999999997,298.54019999999997,485.82412020000015
97.786,0.019571279999999996,298.54019999999997,483.83525940000004
97.79599999999999,0.019749065999999996,296.553,483.83525940000004
97.80599999999998,0.020460210000000006,299.5338,515.6570322
97.816,0.022238069999999985,296.553,513.6681714000001
97.826,0.022593641999999997,296.553,515.6570322
97.84700000000001,0.022949213999999996,295.5594,511.6793106
97.856,0.022771427999999996,297.5466,513.6681714000001
97.86599999999999,0.022949213999999996,297.5466,513.6681714000001
97.876,0.023126999999999995,297.5466,513.6681714000001
97.887,0.022949213999999996,297.5466,511.6793106
97.906,0.025616003999999998,299.5338,543.5010834000002
97.916,0.025793789999999997,301.52099999999996,545.4899442000001
97.92599999999999,0.025971575999999996,297.5466,543.5010834000002
97.936,0.026149361999999995,297.5466,539.5233618
97.946,0.026327147999999995,299.5338,543.5010834000002
97.95599999999999,0.026149361999999995,298.54019999999997,543.5010834000002
97.96600000000001,0.026149361999999995,299.5338,543.5010834000002
97.976,0.025971575999999996,294.56579999999997,541.5122226000001
97.98599999999999,0.026149361999999995,299.5338,543.5010834000002
97.99600000000001,0.026327147999999995,297.5466,543.5010834000002
98.006,0.026149361999999995,298.54019999999997,545.4899442000001
98.01599999999999,0.026149361999999995,298.54019999999997,543.5010834000002
98.02600000000001,0.025971575999999996,296.553,541.5122226000001
98.036,0.02703829199999999,297.5466,573.3339954
98.04599999999999,0.028638366,296.553,573.3339954
98.072,0.028816151999999998,294.56579999999997,571.3451345999999
98.08099999999999,0.028638366,295.5594,575.3228562000002
98.09100000000001,0.028816151999999998,298.54019999999997,573.3339954
98.1,0.028638366,296.553,573.3339954
98.11099999999999,0.02846058,297.5466,571.3451345999999
98.12,0.029171723999999996,297.5466,607.1446289999999
98.13,0.03059401199999999,296.553,605.1557682
98.162,0.03023843999999999,292.5786,605.1557682
98.17099999999999,0.03023843999999999,297.5466,605.1557682
98.18099999999998,0.030060653999999992,297.5466,607.1446289999999
98.19,0.030060653999999992,299.5338,605.1557682
98.19999999999999,0.030060653999999992,294.56579999999997,603.1669074000001
98.209,0.029882867999999993,297.5466,603.1669074000001
98.219,0.029882867999999993,297.5466,605.1557682
98.22800000000001,0.029527295999999995,298.54019999999997,605.1557682
98.238,0.029705081999999994,297.5466,603.1669074000001
98.24799999999999,0.029171723999999996,295.5594,605.1557682
98.267,0.03094958399999999,297.5466,636.9775410000002
98.27699999999999,0.030771798000000003,297.5466,636.9775410000002
98.297,0.03041622599999999,294.56579999999997,632.9998194000002
98.30599999999998,0.030060653999999992,297.5466,638.9664018000001
98.316,0.030060653999999992,297.5466,636.9775410000002
98.32499999999999,0.029882867999999993,298.54019999999997,634.9886802000001
98.33500000000001,0.029705081999999994,297.5466,632.9998194000002
98.345,0.029705081999999994,298.54019999999997,666.8104530000003
98.35499999999999,0.03023843999999999,298.54019999999997,666.8104530000003
98.387,0.029171723999999996,294.56579999999997,660.8438706000002
98.39599999999999,0.029171723999999996,298.54019999999997,662.8327314000001
98.406,0.028816151999999998,297.5466,666.8104530000003
98.41499999999999,0.02846058,298.54019999999997,666.8104530000003
98.42499999999998,0.02846058,297.5466,664.8215921999999
98.435,0.02846058,299.5338,664.8215921999999
98.44399999999999,0.028105008,298.54019999999997,668.7993138000002
98.45400000000001,0.027927221999999988,296.553,666.8104530000003
98.463,0.028105008,300.5274,666.8104530000003
98.47299999999998,0.027749436000000002,295.5594,660.8438706000002
98.482,0.027927221999999988,300.5274,694.6545042
98.49199999999999,0.027927221999999988,296.553,696.6433650000001
98.52199999999999,0.02703829199999999,296.553,694.6545042
98.531,0.026682719999999993,299.5338,696.6433650000001
98.541,0.026504933999999994,299.5338,696.6433650000001
98.54999999999998,0.026327147999999995,299.5338,696.6433650000001
98.57,0.025260431999999985,296.553,726.4762770000002
98.57900000000001,0.025438218,297.5466,726.4762770000002
98.612,0.02419371599999999,295.5594,726.4762770000002
98.62100000000001,0.02383814399999999,298.54019999999997,728.4651377999999
98.631,0.023482571999999993,299.5338,728.4651377999999
98.63999999999999,0.023660357999999992,299.5338,728.4651377999999
98.65100000000001,0.022771427999999996,294.56579999999997,726.4762770000002
98.66,0.022593641999999997,297.5466,754.3203282000004
98.66999999999999,0.022238069999999985,297.5466,760.2869106000003
98.702,0.02099356799999999,295.5594,758.2980498000002
98.71099999999998,0.020282423999999993,297.5466,758.2980498000002
98.721,0.020104637999999994,297.5466,756.3091890000005
98.72999999999999,0.020104637999999994,298.54019999999997,756.3091890000005
98.74000000000001,0.019926851999999995,294.56579999999997,754.3203282000004
98.75,0.019393493999999997,298.54019999999997,758.2980498000002
98.75899999999999,0.019037922,295.5594,760.2869106000003
98.769,0.019037922,299.5338,758.2980498000002
98.78799999999998,0.01868235,299.5338,758.2980498000002
98.798,0.01761563399999999,296.553,792.1086834000002
98.80699999999999,0.017793420000000004,296.553,788.1309618000005
98.83699999999999,0.016726703999999995,296.553,788.1309618000005
98.846,0.016371131999999997,298.54019999999997,790.1198226000006
98.856,0.016015559999999998,297.5466,788.1309618000005
98.86500000000001,0.015659988,298.54019999999997,792.1086834000002
98.876,0.015837773999999985,299.5338,784.1532402000003
98.88499999999999,0.01459327199999999,297.5466,817.9638738000003
98.89500000000001,0.01459327199999999,298.54019999999997,817.9638738000003
98.92699999999999,0.013170983999999997,295.5594,817.9638738000003
98.936,0.012993197999999997,298.54019999999997,817.9638738000003
98.946,0.012459839999999986,299.5338,819.9527346000004
98.95499999999998,0.012459839999999986,299.5338,817.9638738000003
98.96699999999998,0.011748696000000003,295.5594,815.9750130000002
98.977,0.011393124000000004,298.54019999999997,847.7967858000006
98.98599999999999,0.010859765999999993,299.5338,849.7856466000003
98.995,0.010326407999999995,297.5466,849.7856466000003
99.005,0.010148621999999996,298.54019999999997,849.7856466000003
99.017,0.009793049999999984,295.5594,845.8079250000001
99.02600000000001,0.009081906,297.5466,851.7745074000004
99.036,0.009081906,298.54019999999997,847.7967858000006
99.04499999999999,0.00854854799999999,298.54019999999997,851.7745074000004
99.055,0.00854854799999999,295.5594,847.7967858000006
99.065,0.00819297599999999,298.54019999999997,849.7856466000003
99.07399999999998,0.00819297599999999,297.5466,847.7967858000006
99.084,0.00819297599999999,298.54019999999997,849.7856466000003
99.09299999999999,0.007837403999999992,298.54019999999997,851.7745074000004
99.10300000000001,0.007659617999999993,295.5594,845.8079250000001
99.112,0.006592901999999998,295.5594,879.6185586000001
99.12199999999999,0.006770687999999997,297.5466,879.6185586000001
99.15199999999999,0.005703972000000002,293.5722,879.6185586000001
99.161,0.005881757999999987,299.5338,879.6185586000001
99.17099999999999,0.0055261859999999885,299.5338,881.6074194000003
99.18,0.004992828000000005,295.5594,881.6074194000003
99.191,0.004992828000000005,295.5594,877.6296978000005
99.19999999999999,0.004281683999999994,298.54019999999997,911.4403314000006
99.21000000000001,0.004459469999999993,297.5466,909.4514706000004
99.24199999999999,0.003392753999999998,295.5594,909.4514706000004
99.251,0.003392753999999998,297.5466,911.4403314000006
99.261,0.0030371819999999994,298.54019999999997,911.4403314000006
99.27000000000001,0.0028593959999999863,294.56579999999997,913.4291922000002
99.281,0.0030371819999999994,297.5466,907.4626098000003
99.291,0.0021482519999999894,298.54019999999997,941.2732434
99.29999999999998,0.0021482519999999894,298.54019999999997,941.2732434
99.31,0.0021482519999999894,297.5466,941.2732434
99.332,0.001792679999999991,293.5722,939.2843826000003
99.34100000000001,0.0016148939999999917,297.5466,943.2621042000005
99.351,0.0016148939999999917,298.54019999999997,941.2732434
99.35999999999999,0.0014371079999999925,295.5594,941.2732434
99.37,0.0009037499999999948,295.5594,943.2621042000005
99.38,0.0012593219999999933,297.5466,941.2732434
99.38900000000001,0.0009037499999999948,297.5466,945.2509650000006
99.40799999999999,0.001081535999999994,295.5594,943.2621042000005
99.41899999999998,0.0009037499999999948,297.5466,941.2732434
99.429,0.00037039200000001105,295.5594,971.1061554000003
99.43799999999999,0.0007259639999999956,299.5338,971.1061554000003
99.46699999999998,0.00037039200000001105,295.5594,969.1172946000006
99.476,0.00019260599999999795,296.553,975.083877
99.48599999999999,0.00037039200000001105,297.5466,973.0950162000004
99.495,0.00019260599999999795,298.54019999999997,975.083877
99.512,0.00019260599999999795,298.54019999999997,975.083877
99.602,-0.00016296600000001438,295.5594,1011.0812442000001
99.612,-0.00016296600000001438,301.52099999999996,1014.9137370000003
99.62100000000001,-0.00016296600000001438,300.5274,1012.9974906000002
99.631,1.4819999999998723e-05,300.5274,1011.0812442000001
99.63999999999999,1.4819999999998723e-05,298.54019999999997,1011.0812442000001
99.65,-0.0003407520000000136,299.5338,1014.9137370000003
99.66899999999998,-0.00016296600000001438,297.5466,1012.9974906000002
99.679,-0.00016296600000001438,300.5274,1014.9137370000003
99.689,-0.0003407520000000136,296.553,1011.0812442000001
99.69899999999998,1.4819999999998723e-05,327.3546,1043.6574329999999
99.709,1.4819999999998723e-05,328.34819999999996,1043.6574329999999
99.737,-0.0003407520000000136,326.361,1041.7411865999998
99.74600000000001,1.4819999999998723e-05,329.3418,1043.6574329999999
99.756,-0.0003407520000000136,328.34819999999996,1045.5736794000004
99.76499999999999,-0.0003407520000000136,329.3418,1043.6574329999999
99.77600000000001,-0.0003407520000000136,329.3418,1041.7411865999998
99.785,-0.0003407520000000136,361.137,1074.3173754
99.79499999999999,-0.0003407520000000136,362.1306,1076.2336218
99.827,-0.0003407520000000136,363.1242,1072.4011290000003
99.83599999999998,-0.00016296600000001438,362.1306,1070.4848826000002
99.846,1.4819999999998723e-05,364.1178,1072.4011290000003
99.85499999999999,-0.00016296600000001438,364.1178,1072.4011290000003
99.86599999999999,-0.00016296600000001438,365.1114,1072.4011290000003
99.875,-0.00016296600000001438,395.913,1103.0610714000004
99.88499999999999,-0.00016296600000001438,395.913,1103.0610714000004
99.917,-0.0003407520000000136,396.90659999999997,1101.1448249999999
99.92599999999999,-0.0003407520000000136,397.9002,1104.9773178
99.936,-0.0003407520000000136,398.8938,1106.8935642000001
99.945,1.4819999999998723e-05,398.8938,1103.0610714000004
99.95499999999998,1.4819999999998723e-05,397.9002,1103.0610714000004
99.965,-0.0003407520000000136,398.8938,1103.0610714000004
99.97399999999999,-0.00016296600000001438,399.8874,1103.0610714000004
100.011,-0.0003407520000000136,430.68899999999996,1135.6372601999997
100.029,1.4819999999998723e-05,430.68899999999996,1131.8047674
100.05199999999999,-0.0003407520000000136,430.68899999999996,1131.8047674
100.061,-0.00016296600000001438,432.6762,1133.7210138
100.071,-0.00016296600000001438,432.6762,1133.7210138
100.07999999999998,-0.00016296600000001438,432.6762,1133.7210138
100.1,-0.0003407520000000136,434.66339999999997,1133.7210138
100.10999999999999,-0.00016296600000001438,433.6698,1133.7210138
100.12,-0.00016296600000001438,434.66339999999997,1135.6372601999997
100.13,-0.00016296600000001438,434.66339999999997,1133.7210138
100.13999999999999,-0.00016296600000001438,435.657,1133.7210138
100.15,-0.0003407520000000136,465.465,1164.3809562000001
100.16,-0.0003407520000000136,465.465,1162.4647098
100.18699999999998,-0.0003407520000000136,464.4714,1160.5484634000004
100.197,-0.0003407520000000136,467.4522,1164.3809562000001
100.20599999999999,-0.0003407520000000136,466.4586,1164.3809562000001
100.21600000000001,1.4819999999998723e-05,466.4586,1160.5484634000004
100.226,-0.00016296600000001438,466.4586,1158.6322169999999
100.23499999999999,-0.0003407520000000136,496.2666,1193.1246521999997
100.245,-0.00016296600000001438,497.2602,1195.0408986000002
100.27699999999999,-0.00016296600000001438,495.27299999999997,1189.2921594
100.287,-0.00016296600000001438,499.24739999999997,1196.9571450000003
100.29599999999999,-0.00016296600000001438,498.2538,1193.1246521999997
100.305,-0.0003407520000000136,499.24739999999997,1195.0408986000002
100.315,-0.0003407520000000136,497.2602,1191.2084058
100.32499999999999,-0.00016296600000001438,499.24739999999997,1195.0408986000002
100.334,1.4819999999998723e-05,500.241,1193.1246521999997
100.344,1.4819999999998723e-05,500.241,1193.1246521999997
100.35300000000001,-0.0003407520000000136,499.24739999999997,1195.0408986000002
100.363,-0.0003407520000000136,499.24739999999997,1189.2921594
100.37299999999999,-0.0005185379999999989,529.0554000000001,1225.7008409999999
100.382,-0.0003407520000000136,529.0554000000001,1223.7845945999998
100.412,-0.00016296600000001438,529.0554000000001,1221.8683482000001
100.42099999999999,-0.00016296600000001438,530.0490000000001,1223.7845945999998
100.43099999999998,-0.0003407520000000136,531.0426000000001,1225.7008409999999
100.451,1.4819999999998723e-05,529.0554000000001,1218.0358554000004
100.47,-0.00016296600000001438,560.8506000000001,1254.4445370000003
100.47999999999999,-0.0003407520000000136,561.8442,1254.4445370000003
100.50200000000001,-0.0003407520000000136,559.8570000000001,1250.6120442000001
100.512,-0.00016296600000001438,561.8442,1254.4445370000003
100.52099999999999,-0.00016296600000001438,561.8442,1254.4445370000003
100.541,-0.0005185379999999989,561.8442,1250.6120442000001
100.54999999999998,1.4819999999998723e-05,590.6586000000001,1281.2719865999998
100.56,-0.00016296600000001438,591.6522000000001,1283.1882329999999
100.57,1.4819999999998723e-05,590.6586000000001,1283.1882329999999
100.59199999999998,-0.00016296600000001438,589.6650000000001,1281.2719865999998
100.602,-0.0003407520000000136,590.6586000000001,1285.1044794000004
100.62,1.4819999999998723e-05,589.6650000000001,1283.1882329999999
100.631,-0.00016296600000001438,591.6522000000001,1281.2719865999998
100.63999999999999,-0.00016296600000001438,590.6586000000001,1285.1044794000004
100.65,-0.00016296600000001438,590.6586000000001,1285.1044794000004
100.66,1.4819999999998723e-05,590.6586000000001,1283.1882329999999
100.66999999999999,1.4819999999998723e-05,590.6586000000001,1283.1882329999999
100.68099999999998,-0.00016296600000001438,589.6650000000001,1279.3557402000001
100.691,-0.00016296600000001438,619.4730000000001,1313.8481754
100.701,-0.00016296600000001438,618.4794,1313.8481754
100.727,-0.00016296600000001438,617.4858,1310.0156826000002
100.737,-0.00016296600000001438,618.4794,1313.8481754
100.74600000000001,1.4819999999998723e-05,618.4794,1311.9319290000003
100.756,-0.00016296600000001438,619.4730000000001,1313.8481754
100.76499999999999,-0.0003407520000000136,617.4858,1311.9319290000003
100.775,-0.00016296600000001438,617.4858,1313.8481754
100.78399999999999,-0.00016296600000001438,618.4794,1313.8481754
100.79399999999998,-0.00016296600000001438,618.4794,1311.9319290000003
100.803,-0.00016296600000001438,618.4794,1315.7644218
100.81299999999999,-0.00016296600000001438,617.4858,1308.0994362000001
100.82300000000001,-0.00016296600000001438,647.2938,1346.4243642000001
100.832,-0.00016296600000001438,647.2938,1342.5918714000004
100.862,-0.0003407520000000136,646.3002,1340.6756249999999
100.87199999999999,-0.0003407520000000136,648.2874,1348.3406106000002
100.89099999999999,-0.00016296600000001438,646.3002,1344.5081178
100.90100000000001,1.4819999999998723e-05,644.3130000000001,1340.6756249999999
100.911,1.4819999999998723e-05,672.1338000000001,1375.1680601999997
100.92099999999999,-0.00016296600000001438,673.1274000000001,1375.1680601999997
100.93099999999998,-0.00016296600000001438,672.1338000000001,1375.1680601999997
100.941,-0.00016296600000001438,672.1338000000001,1375.1680601999997
100.952,-0.00016296600000001438,669.153,1369.4193210000003
100.971,-0.00016296600000001438,671.1402,1375.1680601999997
100.981,-0.0003407520000000136,670.1466,1377.0843066000002
100.99099999999999,-0.00016296600000001438,670.1466,1371.3355674
101.001,-0.0003407520000000136,670.1466,1377.0843066000002
101.011,-0.00016296600000001438,669.153,1373.2518138
101.02099999999999,-0.00016296600000001438,669.153,1373.2518138
101.031,-0.00016296600000001438,668.1594,1373.2518138
101.041,-0.0003407520000000136,667.1658000000001,1375.1680601999997
101.05099999999999,-0.0003407520000000136,668.1594,1375.1680601999997
101.061,-0.00016296600000001438,668.1594,1377.0843066000002
101.08699999999999,-0.0003407520000000136,665.1786000000001,1371.3355674
101.09700000000001,1.4819999999998723e-05,665.1786000000001,1373.2518138
101.106,-0.0005185379999999989,666.1722000000001,1377.0843066000002
101.11599999999999,1.4819999999998723e-05,665.1786000000001,1373.2518138
101.126,-0.0003407520000000136,665.1786000000001,1373.2518138
101.13499999999999,-0.00016296600000001438,637.3578000000001,1346.4243642000001
101.14500000000001,-0.00016296600000001438,636.3642000000001,1342.5918714000004
101.17699999999999,-0.00016296600000001438,636.3642000000001,1342.5918714000004
101.18699999999998,-0.00016296600000001438,637.3578000000001,1346.4243642000001
101.196,-0.0003407520000000136,636.3642000000001,1346.4243642000001
101.20599999999999,-0.00016296600000001438,636.3642000000001,1344.5081178
101.21699999999998,-0.0005185379999999989,634.3770000000001,1342.5918714000004
101.227,-0.00016296600000001438,606.5562000000001,1313.8481754
101.23599999999999,-0.00016296600000001438,606.5562000000001,1313.8481754
101.24600000000001,-0.00016296600000001438,606.5562000000001,1313.8481754
101.255,-0.0003407520000000136,605.5626000000001,1315.7644218
101.267,1.4819999999998723e-05,603.5754000000001,1308.0994362000001
101.27699999999999,-0.00016296600000001438,606.5562000000001,1313.8481754
101.286,-0.0003407520000000136,606.5562000000001,1315.7644218
101.29599999999999,-0.00016296600000001438,606.5562000000001,1313.8481754
101.305,-0.0003407520000000136,604.5690000000001,1311.9319290000003
101.315,-0.0003407520000000136,606.5562000000001,1315.7644218
101.32399999999998,-0.00016296600000001438,606.5562000000001,1315.7644218
101.334,1.4819999999998723e-05,606.5562000000001,1311.9319290000003
101.34299999999999,-0.00016296600000001438,607.5498,1313.8481754
101.35300000000001,-0.0003407520000000136,607.5498,1311.9319290000003
101.363,-0.00016296600000001438,578.7354,1285.1044794000004
101.382,1.4819999999998723e-05,578.7354,1281.2719865999998
101.40199999999999,1.4819999999998723e-05,577.7418,1277.4394938
101.412,-0.00016296600000001438,579.729,1285.1044794000004
101.422,-0.00016296600000001438,579.729,1283.1882329999999
101.43199999999999,-0.00016296600000001438,579.729,1285.1044794000004
101.44200000000001,-0.00016296600000001438,579.729,1283.1882329999999
101.452,-0.00016296600000001438,550.9146000000001,1254.4445370000003
101.46199999999999,-0.00016296600000001438,550.9146000000001,1254.4445370000003
101.49199999999999,1.4819999999998723e-05,550.9146000000001,1248.6957978
101.50200000000001,-0.00016296600000001438,551.9082000000001,1250.6120442000001
101.512,1.4819999999998723e-05,551.9082000000001,1252.5282906000002
101.52199999999999,1.4819999999998723e-05,551.9082000000001,1250.6120442000001
101.53199999999998,-0.0003407520000000136,552.9018000000001,1250.6120442000001
101.542,-0.0003407520000000136,526.0746,1223.7845945999998
101.55199999999999,-0.00016296600000001438,524.0874,1221.8683482000001
101.582,1.4819999999998723e-05,524.0874,1218.0358554000004
101.59199999999998,-0.00016296600000001438,525.081,1221.8683482000001
101.602,-0.00016296600000001438,526.0746,1223.7845945999998
101.612,-0.00016296600000001438,526.0746,1221.8683482000001
101.62199999999999,-0.00016296600000001438,526.0746,1219.9521018
101.632,-0.00016296600000001438,526.0746,1223.7845945999998
101.642,1.4819999999998723e-05,526.0746,1221.8683482000001
101.65199999999999,1.4819999999998723e-05,527.0682,1221.8683482000001
101.662,-0.0003407520000000136,528.0618000000001,1223.7845945999998
101.67499999999998,-0.00016296600000001438,500.241,1195.0408986000002
101.685,-0.0003407520000000136,500.241,1196.9571450000003
101.69399999999999,-0.00016296600000001438,499.24739999999997,1195.0408986000002
101.71699999999998,-0.00016296600000001438,500.241,1191.2084058
101.727,-0.00016296600000001438,501.2346,1193.1246521999997
101.73599999999999,1.4819999999998723e-05,500.241,1191.2084058
101.74600000000001,-0.00016296600000001438,502.2282,1193.1246521999997
101.755,-0.00016296600000001438,500.241,1191.2084058
101.76499999999999,-0.00016296600000001438,502.2282,1191.2084058
101.774,-0.00016296600000001438,502.2282,1193.1246521999997
101.78399999999999,1.4819999999998723e-05,502.2282,1193.1246521999997
101.793,-0.00016296600000001438,502.2282,1193.1246521999997
101.803,1.4819999999998723e-05,502.2282,1187.3759129999999
101.822,-0.0003407520000000136,474.4074,1164.3809562000001
101.832,-0.00016296600000001438,474.4074,1162.4647098
101.852,-0.00016296600000001438,474.4074,1160.5484634000004
101.862,-0.00016296600000001438,474.4074,1160.5484634000004
101.87100000000001,-0.0003407520000000136,476.39459999999997,1164.3809562000001
101.881,1.4819999999998723e-05,475.401,1160.5484634000004
101.88999999999999,1.4819999999998723e-05,475.401,1156.7159705999998
101.9,-0.00016296600000001438,476.39459999999997,1162.4647098
101.90899999999999,-0.00016296600000001438,477.3882,1162.4647098
101.91899999999998,-0.00016296600000001438,475.401,1162.4647098
101.928,-0.0003407520000000136,477.3882,1162.4647098
101.93799999999999,-0.0003407520000000136,477.3882,1158.6322169999999
101.94800000000001,-0.00016296600000001438,448.5738,1133.7210138
101.957,-0.00016296600000001438,449.56739999999996,1133.7210138
101.987,-0.0003407520000000136,448.5738,1127.9722746000002
101.99699999999999,-0.00016296600000001438,450.561,1133.7210138
102.006,-0.00016296600000001438,451.5546,1133.7210138
102.01599999999999,-0.00016296600000001438,451.5546,1133.7210138
102.025,1.4819999999998723e-05,451.5546,1131.8047674
102.035,-0.0003407520000000136,451.5546,1135.6372601999997
102.04399999999998,-0.00016296600000001438,452.5482,1133.7210138
102.077,1.4819999999998723e-05,452.5482,1133.7210138
102.125,-0.0003407520000000136,423.7338,1103.0610714000004
102.13499999999999,1.4819999999998723e-05,423.7338,1103.0610714000004
102.167,-0.0003407520000000136,423.7338,1099.2285785999998
102.17699999999999,-0.00016296600000001438,425.721,1106.8935642000001
102.186,-0.0003407520000000136,425.721,1104.9773178
102.196,1.4819999999998723e-05,424.7274,1103.0610714000004
102.20499999999998,-0.00016296600000001438,424.7274,1101.1448249999999
102.215,-0.0003407520000000136,426.7146,1104.9773178
102.22399999999999,1.4819999999998723e-05,426.7146,1104.9773178
102.23400000000001,1.4819999999998723e-05,426.7146,1101.1448249999999
102.25299999999999,-0.0005185379999999989,425.721,1101.1448249999999
102.263,1.4819999999998723e-05,398.8938,1072.4011290000003
102.273,-0.00016296600000001438,399.8874,1074.3173754
102.30199999999999,1.4819999999998723e-05,397.9002,1070.4848826000002
102.31199999999998,-0.00016296600000001438,399.8874,1072.4011290000003
102.321,-0.00016296600000001438,399.8874,1072.4011290000003
102.33099999999999,-0.00016296600000001438,400.881,1072.4011290000003
102.34700000000001,-0.00016296600000001438,398.8938,1068.5686362000001
102.357,1.4819999999998723e-05,399.8874,1072.4011290000003
102.36599999999999,-0.00016296600000001438,399.8874,1074.3173754
102.376,1.4819999999998723e-05,400.881,1072.4011290000003
102.386,-0.0005185379999999989,399.8874,1072.4011290000003
102.39500000000001,1.4819999999998723e-05,372.0666,1039.8249402000001
102.405,1.4819999999998723e-05,372.0666,1041.7411865999998
102.43699999999998,-0.0003407520000000136,372.0666,1041.7411865999998
102.447,-0.0006963239999999982,372.0666,1045.5736794000004
102.45599999999999,-0.00016296600000001438,373.0602,1043.6574329999999
102.46600000000001,-0.00016296600000001438,373.0602,1043.6574329999999
102.476,-0.0003407520000000136,372.0666,1041.7411865999998
102.48499999999999,-0.0003407520000000136,345.2394,1012.9974906000002
102.495,-0.0003407520000000136,346.233,1016.8299834
102.52699999999999,-0.0003407520000000136,344.2458,1009.1649978
102.537,-0.00016296600000001438,345.2394,1014.9137370000003
102.54599999999999,-0.0003407520000000136,346.233,1012.9974906000002
102.55599999999998,-0.00016296600000001438,346.233,1012.9974906000002
102.566,-0.0006963239999999982,345.2394,1011.0812442000001
102.576,1.4819999999998723e-05,317.41859999999997,971.1061554000003
102.58500000000001,-0.00016296600000001438,317.41859999999997,971.1061554000003
102.61699999999999,1.4819999999998723e-05,316.425,967.1284338000005
102.62700000000001,-0.0003407520000000136,318.4122,973.0950162000004
102.636,-0.00016296600000001438,318.4122,973.0950162000004
102.64599999999999,-0.00016296600000001438,319.4058,973.0950162000004
102.656,-0.00016296600000001438,318.4122,971.1061554000003
102.666,-0.0003407520000000136,297.5466,943.2621042000005
102.67499999999998,-0.0005185379999999989,297.5466,943.2621042000005
102.707,-0.00016296600000001438,297.5466,939.2843826000003
102.71699999999998,-0.00016296600000001438,296.553,941.2732434
102.726,1.4819999999998723e-05,296.553,941.2732434
102.73599999999999,1.4819999999998723e-05,299.5338,941.2732434
102.74600000000001,1.4819999999998723e-05,297.5466,937.2955218000002
102.755,-0.0003407520000000136,297.5466,943.2621042000005
102.774,-0.00016296600000001438,297.5466,943.2621042000005
102.78399999999999,-0.00016296600000001438,299.5338,941.2732434
102.79399999999998,1.4819999999998723e-05,298.54019999999997,941.2732434
102.804,-0.00016296600000001438,295.5594,911.4403314000006
102.814,-0.00016296600000001438,298.54019999999997,911.4403314000006
102.84199999999998,-0.00016296600000001438,294.56579999999997,909.4514706000004
102.852,-0.0003407520000000136,297.5466,915.4180530000003
102.86099999999999,-0.0003407520000000136,296.553,911.4403314000006
102.87100000000001,1.4819999999998723e-05,298.54019999999997,911.4403314000006
102.881,-0.0005185379999999989,296.553,909.4514706000004
102.89099999999999,0.00019260599999999795,298.54019999999997,879.6185586000001
102.9,1.4819999999998723e-05,297.5466,879.6185586000001
102.93199999999999,-0.00016296600000001438,298.54019999999997,879.6185586000001
102.97800000000001,-0.00016296600000001438,295.5594,877.6296978000005
102.987,1.4819999999998723e-05,298.54019999999997,879.6185586000001
102.99699999999999,-0.0003407520000000136,296.553,879.6185586000001
103.006,1.4819999999998723e-05,297.5466,879.6185586000001
103.017,-0.00016296600000001438,295.5594,877.6296978000005
103.02699999999999,1.4819999999998723e-05,298.54019999999997,849.7856466000003
103.036,-0.00016296600000001438,294.56579999999997,849.7856466000003
103.04599999999999,-0.00016296600000001438,296.553,851.7745074000004
103.065,1.4819999999998723e-05,294.56579999999997,845.8079250000001
103.07399999999998,-0.00016296600000001438,297.5466,851.7745074000004
103.084,-0.00016296600000001438,295.5594,849.7856466000003
103.094,-0.00016296600000001438,297.5466,851.7745074000004
103.10499999999999,-0.0003407520000000136,294.56579999999997,847.7967858000006
103.114,-0.00016296600000001438,297.5466,853.7633682000005
103.124,1.4819999999998723e-05,300.5274,849.7856466000003
103.13399999999999,-0.0003407520000000136,296.553,851.7745074000004
103.144,0.00019260599999999795,298.54019999999997,847.7967858000006
103.155,-0.0005185379999999989,293.5722,849.7856466000003
103.16499999999999,0.00019260599999999795,299.5338,817.9638738000003
103.174,1.4819999999998723e-05,297.5466,819.9527346000004
103.202,-0.00016296600000001438,297.5466,815.9750130000002
103.21199999999999,-0.00016296600000001438,297.5466,819.9527346000004
103.221,-0.0003407520000000136,296.553,819.9527346000004
103.231,-0.00016296600000001438,298.54019999999997,817.9638738000003
103.24099999999999,-0.00016296600000001438,297.5466,815.9750130000002
103.251,0.00037039200000001105,296.553,784.1532402000003
103.25999999999999,0.00019260599999999795,298.54019999999997,788.1309618000005
103.292,-0.0003407520000000136,296.553,790.1198226000006
103.30199999999999,-0.00016296600000001438,297.5466,788.1309618000005
103.311,-0.00016296600000001438,300.5274,790.1198226000006
103.321,-0.00016296600000001438,297.5466,790.1198226000006
103.33099999999999,1.4819999999998723e-05,296.553,788.1309618000005
103.34,-0.00016296600000001438,298.54019999999997,788.1309618000005
103.35,-0.00016296600000001438,296.553,790.1198226000006
103.35900000000001,-0.00016296600000001438,298.54019999999997,792.1086834000002
103.369,1.4819999999998723e-05,298.54019999999997,788.1309618000005
103.37799999999999,-0.00016296600000001438,294.56579999999997,786.1421010000004
103.388,1.4819999999998723e-05,297.5466,758.2980498000002
103.39699999999999,-0.00016296600000001438,299.5338,760.2869106000003
103.42699999999999,-0.0003407520000000136,294.56579999999997,758.2980498000002
103.43699999999998,-0.00016296600000001438,297.5466,758.2980498000002
103.446,1.4819999999998723e-05,296.553,756.3091890000005
103.45599999999999,-0.00016296600000001438,296.553,758.2980498000002
103.475,-0.0003407520000000136,298.54019999999997,758.2980498000002
103.48499999999999,-0.00016296600000001438,297.5466,758.2980498000002
103.495,-0.0003407520000000136,297.5466,760.2869106000003
103.505,-0.0003407520000000136,297.5466,760.2869106000003
103.51499999999999,-0.00016296600000001438,295.5594,756.3091890000005
103.525,0.00019260599999999795,297.5466,726.4762770000002
103.535,1.4819999999998723e-05,297.5466,728.4651377999999
103.56199999999998,-0.0005185379999999989,293.5722,726.4762770000002
103.572,-0.00016296600000001438,296.553,728.4651377999999
103.58099999999999,1.4819999999998723e-05,298.54019999999997,728.4651377999999
103.59100000000001,0.00019260599999999795,298.54019999999997,726.4762770000002
103.601,1.4819999999998723e-05,298.54019999999997,726.4762770000002
103.60999999999999,-0.00016296600000001438,298.54019999999997,728.4651377999999
103.62,-0.00016296600000001438,298.54019999999997,730.4539986
103.62899999999999,-0.00016296600000001438,297.5466,728.4651377999999
103.63900000000001,0.00019260599999999795,298.54019999999997,726.4762770000002
103.648,-0.00016296600000001438,294.56579999999997,726.4762770000002
103.65799999999999,0.00019260599999999795,298.54019999999997,696.6433650000001
103.667,1.4819999999998723e-05,297.5466,694.6545042
103.697,1.4819999999998723e-05,296.553,692.6656434000001
103.707,1.4819999999998723e-05,297.5466,694.6545042
103.71600000000001,0.00019260599999999795,299.5338,694.6545042
103.73599999999999,-0.00016296600000001438,296.553,694.6545042
103.745,1.4819999999998723e-05,299.5338,696.6433650000001
103.755,-0.00016296600000001438,297.5466,696.6433650000001
103.76499999999999,1.4819999999998723e-05,298.54019999999997,696.6433650000001
103.775,1.4819999999998723e-05,297.5466,698.6322258
103.786,-0.00016296600000001438,298.54019999999997,694.6545042
103.79599999999999,1.4819999999998723e-05,296.553,666.8104530000003
103.805,0.00019260599999999795,296.553,662.8327314000001
103.832,1.4819999999998723e-05,295.5594,664.8215921999999
103.84199999999998,1.4819999999998723e-05,296.553,662.8327314000001
103.851,0.00019260599999999795,298.54019999999997,662.8327314000001
103.86099999999999,1.4819999999998723e-05,298.54019999999997,664.8215921999999
103.87199999999999,1.4819999999998723e-05,296.553,660.8438706000002
103.882,0.00019260599999999795,297.5466,634.9886802000001
103.89099999999999,0.00019260599999999795,298.54019999999997,632.9998194000002
103.90100000000001,1.4819999999998723e-05,297.5466,634.9886802000001
103.91,1.4819999999998723e-05,299.5338,636.9775410000002
103.922,0.00019260599999999795,295.5594,632.9998194000002
103.93199999999999,1.4819999999998723e-05,298.54019999999997,634.9886802000001
103.941,-0.00016296600000001438,297.5466,636.9775410000002
103.951,1.4819999999998723e-05,298.54019999999997,636.9775410000002
103.96099999999998,0.00019260599999999795,296.553,634.9886802000001
103.97,0.00019260599999999795,298.54019999999997,634.9886802000001
103.97999999999999,1.4819999999998723e-05,298.54019999999997,636.9775410000002
103.989,0.00019260599999999795,299.5338,632.9998194000002
103.999,1.4819999999998723e-05,297.5466,636.9775410000002
104.00800000000001,-0.00016296600000001438,297.5466,632.9998194000002
104.018,0.00019260599999999795,296.553,605.1557682
104.02799999999999,0.00019260599999999795,298.54019999999997,603.1669074000001
104.05699999999999,-0.00016296600000001438,297.5466,605.1557682
104.06700000000001,1.4819999999998723e-05,298.54019999999997,603.1669074000001
104.102,1.4819999999998723e-05,295.5594,603.1669074000001
104.112,0.00019260599999999795,297.5466,605.1557682
104.12100000000001,-0.00016296600000001438,295.5594,607.1446289999999
104.131,-0.00016296600000001438,297.5466,607.1446289999999
104.14099999999999,1.4819999999998723e-05,299.5338,605.1557682
104.15100000000001,0.0005481779999999825,299.5338,573.3339954
104.16,0.00019260599999999795,297.5466,573.3339954
104.19200000000001,1.4819999999998723e-05,296.553,571.3451345999999
104.202,0.00019260599999999795,297.5466,573.3339954
104.21099999999998,1.4819999999998723e-05,297.5466,573.3339954
104.221,0.00019260599999999795,296.553,573.3339954
104.237,0.00019260599999999795,297.5466,573.3339954
104.256,1.4819999999998723e-05,297.5466,575.3228562000002
104.26599999999999,0.00037039200000001105,296.553,573.3339954
104.27600000000001,-0.00016296600000001438,296.553,571.3451345999999
104.286,0.00019260599999999795,297.5466,543.5010834000002
104.29599999999999,0.00037039200000001105,299.5338,541.5122226000001
104.30599999999998,1.4819999999998723e-05,297.5466,543.5010834000002
104.327,0.00019260599999999795,291.585,539.5233618
104.346,0.00019260599999999795,299.5338,543.5010834000002
104.356,1.4819999999998723e-05,297.5466,543.5010834000002
104.36699999999999,1.4819999999998723e-05,295.5594,539.5233618
104.37700000000001,0.00019260599999999795,295.5594,515.6570322
104.386,0.00019260599999999795,296.553,513.6681714000001
104.39599999999999,1.4819999999998723e-05,299.5338,513.6681714000001
104.417,1.4819999999998723e-05,295.5594,513.6681714000001
104.436,0.00019260599999999795,296.553,513.6681714000001
104.447,0.00019260599999999795,297.5466,513.6681714000001
104.457,-0.0003407520000000136,295.5594,513.6681714000001
104.46699999999998,0.00037039200000001105,298.54019999999997,483.83525940000004
104.477,0.00019260599999999795,298.54019999999997,485.82412020000015
104.487,0.00019260599999999795,299.5338,485.82412020000015
104.49699999999999,0.00037039200000001105,296.553,485.82412020000015
104.507,1.4819999999998723e-05,296.553,483.83525940000004
104.52699999999999,1.4819999999998723e-05,297.5466,485.82412020000015
104.537,1.4819999999998723e-05,298.54019999999997,485.82412020000015
104.547,0.00019260599999999795,297.5466,485.82412020000015
104.55699999999999,1.4819999999998723e-05,296.553,485.82412020000015
104.56700000000001,0.00019260599999999795,297.5466,485.82412020000015
104.577,0.00019260599999999795,296.553,485.82412020000015
104.59700000000001,1.4819999999998723e-05,298.54019999999997,485.82412020000015
104.64599999999999,0.00037039200000001105,297.5466,457.98006899999996
104.655,0.00019260599999999795,297.5466,457.98006899999996
104.68699999999998,0.00019260599999999795,295.5594,455.9912082000001
104.732,-0.00016296600000001438,293.5722,455.9912082000001
104.74199999999999,0.00019260599999999795,297.5466,457.98006899999996
104.75200000000001,1.4819999999998723e-05,296.553,455.9912082000001
104.761,0.00019260599999999795,299.5338,455.9912082000001
104.77099999999999,-0.0003407520000000136,296.553,457.98006899999996
104.781,0.00019260599999999795,297.5466,428.1471570000001
104.78999999999999,1.4819999999998723e-05,296.553,428.1471570000001
104.822,-0.00016296600000001438,295.5594,426.1582962
104.832,1.4819999999998723e-05,297.5466,426.1582962
104.84199999999998,1.4819999999998723e-05,298.54019999999997,428.1471570000001
104.851,0.00019260599999999795,299.5338,428.1471570000001
104.86099999999999,1.4819999999998723e-05,296.553,426.1582962
104.87100000000001,0.00037039200000001105,297.5466,398.314245
104.88,1.4819999999998723e-05,295.5594,398.314245
104.912,1.4819999999998723e-05,296.553,396.32538420000014
104.922,1.4819999999998723e-05,298.54019999999997,398.314245
104.93199999999999,-0.00016296600000001438,298.54019999999997,400.30310580000014
104.941,-0.00016296600000001438,297.5466,400.30310580000014
104.951,-0.00016296600000001438,295.5594,394.33652340000026
104.96000000000001,0.00037039200000001105,296.553,396.32538420000014
104.97,-0.00016296600000001438,297.5466,398.314245
104.97899999999998,0.00019260599999999795,296.553,396.32538420000014
104.989,1.4819999999998723e-05,295.5594,396.32538420000014
104.99799999999999,0.00019260599999999795,296.553,394.33652340000026
105.017,0.00019260599999999795,297.5466,366.49247220000007
105.02699999999999,0.00019260599999999795,298.54019999999997,370.4701938000003
105.047,0.00019260599999999795,296.553,364.5036114000002
105.05699999999999,0.00037039200000001105,297.5466,366.49247220000007
105.066,1.4819999999998723e-05,299.5338,368.48133299999995
105.076,0.00019260599999999795,297.5466,364.5036114000002
105.08599999999998,1.4819999999998723e-05,296.553,364.5036114000002
105.096,0.00019260599999999795,295.5594,338.6484210000001
105.10499999999999,0.00019260599999999795,298.54019999999997,338.6484210000001
105.137,0.00037039200000001105,299.5338,336.6595602000002
105.14699999999999,1.4819999999998723e-05,296.553,338.6484210000001
105.156,1.4819999999998723e-05,296.553,338.6484210000001
105.166,-0.00016296600000001438,297.5466,340.6372818
105.18199999999999,0.00037039200000001105,296.553,334.6706993999999
105.19200000000001,1.4819999999998723e-05,297.5466,338.6484210000001
105.202,1.4819999999998723e-05,299.5338,340.6372818
105.21099999999998,-0.00016296600000001438,298.54019999999997,338.6484210000001
105.221,0.00037039200000001105,298.54019999999997,336.6595602000002
105.231,1.4819999999998723e-05,298.54019999999997,306.82664820000014
105.24000000000001,1.4819999999998723e-05,296.553,308.815509
105.273,0.00019260599999999795,297.5466,304.8377874
105.28199999999998,0.00019260599999999795,297.5466,308.815509
105.292,0.00019260599999999795,299.5338,306.82664820000014
105.30099999999999,0.00037039200000001105,297.5466,306.82664820000014
105.311,0.00019260599999999795,296.553,306.82664820000014
105.32,0.00037039200000001105,298.54019999999997,306.82664820000014
105.32999999999998,0.00037039200000001105,295.5594,306.82664820000014
105.36599999999999,0.00037039200000001105,297.5466,276.99373620000006
105.375,0.00037039200000001105,299.5338,276.99373620000006
105.40699999999998,0.00037039200000001105,294.56579999999997,275.00487539999995
105.417,0.00019260599999999795,296.553,280.97145780000005
105.42599999999999,0.0005481779999999825,298.54019999999997,276.99373620000006
105.436,0.00037039200000001105,298.54019999999997,278.98259699999994
105.446,0.0005481779999999825,298.54019999999997,273.01601460000006
105.45599999999999,0.00019260599999999795,296.553,251.13854579999997
105.465,0.0005481779999999825,298.54019999999997,245.17196339999987
105.49699999999999,0.0005481779999999825,296.553,245.17196339999987
105.507,0.0005481779999999825,297.5466,247.1608242000002
105.517,0.0009037499999999948,297.5466,245.17196339999987
105.52600000000001,0.0005481779999999825,298.54019999999997,247.1608242000002
105.537,0.0007259639999999956,296.553,243.18310259999998
105.547,0.0005481779999999825,297.5466,215.33905140000002
105.55599999999998,0.00037039200000001105,298.54019999999997,217.32791220000013
105.566,0.0005481779999999825,297.5466,215.33905140000002
105.57499999999999,0.00037039200000001105,296.553,217.32791220000013
105.588,0.0005481779999999825,292.5786,213.35019060000013
105.59700000000001,0.00037039200000001105,298.54019999999997,217.32791220000013
105.607,0.0005481779999999825,298.54019999999997,217.32791220000013
105.61599999999999,0.00019260599999999795,299.5338,219.316773
105.626,0.0005481779999999825,296.553,213.35019060000013
105.63499999999999,0.00037039200000001105,298.54019999999997,217.32791220000013
105.64500000000001,0.00037039200000001105,296.553,217.32791220000013
105.654,0.0007259639999999956,298.54019999999997,215.33905140000002
105.66399999999999,0.00037039200000001105,296.553,215.33905140000002
105.673,0.00019260599999999795,295.5594,213.35019060000013
105.68299999999999,0.0005481779999999825,298.54019999999997,187.49500020000005
105.69299999999998,0.0005481779999999825,297.5466,185.50613939999994
105.72299999999998,0.00037039200000001105,297.5466,185.50613939999994
105.732,0.00037039200000001105,296.553,187.49500020000005
105.74199999999999,0.00037039200000001105,296.553,187.49500020000005
105.751,0.0007259639999999956,298.54019999999997,185.50613939999994
105.761,0.0005481779999999825,296.553,185.50613939999994
105.77000000000001,0.0007259639999999956,299.5338,185.50613939999994
105.78,0.0005481779999999825,298.54019999999997,185.50613939999994
105.799,0.0007259639999999956,298.54019999999997,185.50613939999994
105.809,0.0005481779999999825,298.54019999999997,185.50613939999994
105.81899999999999,0.00037039200000001105,297.5466,157.6620882000002
105.82900000000001,0.0005481779999999825,297.5466,157.6620882000002
105.857,0.00019260599999999795,293.5722,155.6732274000001
105.86699999999999,0.0005481779999999825,299.5338,157.6620882000002
105.87700000000001,0.00037039200000001105,297.5466,155.6732274000001
105.886,0.00037039200000001105,297.5466,157.6620882000002
105.89599999999999,1.4819999999998723e-05,294.56579999999997,155.6732274000001
105.906,0.0005481779999999825,297.5466,123.85145460000012
105.91499999999999,1.4819999999998723e-05,298.54019999999997,127.82917620000012
105.94800000000001,0.00037039200000001105,297.5466,123.85145460000012
105.957,0.00019260599999999795,295.5594,127.82917620000012
105.96699999999998,0.0005481779999999825,299.5338,125.84031540000001
105.976,0.00037039200000001105,299.5338,127.82917620000012
105.988,0.00019260599999999795,295.5594,121.86259380000024
105.99699999999999,1.4819999999998723e-05,295.5594,97.99626420000004
106.007,0.00037039200000001105,299.5338,96.00740339999993
106.01599999999999,-0.00016296600000001438,294.56579999999997,97.99626420000004
106.02600000000001,1.4819999999998723e-05,295.5594,97.99626420000004
106.03799999999998,1.4819999999998723e-05,294.56579999999997,92.02968179999993
106.047,0.00037039200000001105,297.5466,96.00740339999993
106.05699999999999,1.4819999999998723e-05,296.553,97.99626420000004
106.066,0.00019260599999999795,296.553,96.00740339999993
106.076,-0.00016296600000001438,297.5466,97.99626420000004
106.08500000000001,0.00019260599999999795,297.5466,96.00740339999993
106.095,0.00019260599999999795,298.54019999999997,97.99626420000004
106.10399999999998,1.4819999999998723e-05,298.54019999999997,97.99626420000004
106.114,0.00019260599999999795,299.5338,97.99626420000004
106.131,1.4819999999998723e-05,298.54019999999997,68.16335219999996
106.13999999999999,-0.00016296600000001438,294.56579999999997,68.16335219999996
106.173,0.00019260599999999795,296.553,64.1856306000002
106.18199999999999,-0.00016296600000001438,297.5466,66.17449140000008
106.19200000000001,1.4819999999998723e-05,299.5338,66.17449140000008
106.201,1.4819999999998723e-05,297.5466,68.16335219999996
106.21099999999998,-0.0005185379999999989,294.56579999999997,66.17449140000008
106.221,-0.00016296600000001438,297.5466,38.330440199999884
106.22999999999999,1.4819999999998723e-05,300.5274,38.330440199999884
106.263,-0.00016296600000001438,291.585,34.35271860000012
106.27199999999999,-0.0003407520000000136,296.553,38.330440199999884
106.28199999999998,-0.00016296600000001438,298.54019999999997,38.330440199999884
106.291,-0.0003407520000000136,296.553,38.330440199999884
106.30099999999999,-0.00016296600000001438,294.56579999999997,36.3415794
106.31,-0.00016296600000001438,295.5594,36.3415794
106.32900000000001,-0.00016296600000001438,297.5466,38.330440199999884
106.34,-0.00016296600000001438,298.54019999999997,38.330440199999884
106.35,-0.00016296600000001438,296.553,36.3415794
106.35999999999999,1.4819999999998723e-05,299.5338,8.497528200000033
106.37,1.4819999999998723e-05,298.54019999999997,6.508667400000149
106.398,-0.00016296600000001438,293.5722,6.508667400000149
106.40699999999998,-0.00016296600000001438,298.54019999999997,8.497528200000033
106.417,-0.00016296600000001438,297.5466,6.508667400000149
106.42599999999999,-0.00016296600000001438,297.5466,8.497528200000033
106.436,1.4819999999998723e-05,297.5466,4.519806600000038
106.445,-0.00016296600000001438,299.5338,8.497528200000033
106.45499999999998,1.4819999999998723e-05,299.5338,6.508667400000149
106.464,-0.00016296600000001438,297.5466,8.497528200000033
106.47399999999999,1.4819999999998723e-05,297.5466,6.508667400000149
106.48400000000001,-0.00016296600000001438,293.5722,4.519806600000038
106.493,1.4819999999998723e-05,298.54019999999997,6.508667400000149
106.50299999999999,-0.00016296600000001438,296.553,4.519806600000038
106.512,1.4819999999998723e-05,297.5466,6.508667400000149
106.52199999999999,1.4819999999998723e-05,298.54019999999997,6.508667400000149
106.531,-0.00016296600000001438,294.56579999999997,4.519806600000038
106.541,-0.0003407520000000136,295.5594,8.497528200000033
106.56,-0.0003407520000000136,296.553,8.497528200000033
106.57,-0.00016296600000001438,297.5466,4.519806600000038
106.57999999999998,-0.0003407520000000136,299.5338,10.486389000000145
106.59,-0.00016296600000001438,298.54019999999997,6.508667400000149
106.6,-0.00016296600000001438,298.54019999999997,6.508667400000149
106.60999999999999,-0.0003407520000000136,299.5338,8.497528200000033
106.62,-0.0003407520000000136,297.5466,6.508667400000149
106.63,-0.00016296600000001438,298.54019999999997,8.497528200000033
106.63999999999999,-0.0003407520000000136,295.5594,8.497528200000033
106.65,-0.00016296600000001438,296.553,6.508667400000149
106.66,1.4819999999998723e-05,297.5466,4.519806600000038
106.66999999999999,-0.0003407520000000136,296.553,8.497528200000033
106.68,-0.0003407520000000136,298.54019999999997,10.486389000000145
106.69,-0.0003407520000000136,296.553,8.497528200000033
106.69999999999999,-0.0003407520000000136,297.5466,8.497528200000033
106.71000000000001,-0.0003407520000000136,297.5466,4.519806600000038
106.72,-0.00016296600000001438,297.5466,8.497528200000033
106.72999999999999,-0.00016296600000001438,297.5466,8.497528200000033
106.74000000000001,-0.00016296600000001438,299.5338,8.497528200000033
106.75,-0.0003407520000000136,294.56579999999997,4.519806600000038
106.75999999999999,-0.00016296600000001438,297.5466,6.508667400000149
106.77000000000001,-0.00016296600000001438,298.54019999999997,8.497528200000033
106.78,-0.0003407520000000136,295.5594,6.508667400000149
106.78999999999999,-0.0005185379999999989,295.5594,8.497528200000033
106.80099999999999,1.4819999999998723e-05,294.56579999999997,4.519806600000038
106.81,-0.0003407520000000136,297.5466,8.497528200000033
106.82,-0.0003407520000000136,295.5594,6.508667400000149
106.82999999999998,1.4819999999998723e-05,298.54019999999997,6.508667400000149
106.84100000000001,-0.0003407520000000136,292.5786,4.519806600000038
106.85,-0.0003407520000000136,294.56579999999997,8.497528200000033
106.85999999999999,-0.0003407520000000136,297.5466,8.497528200000033
106.87,1.4819999999998723e-05,297.5466,6.508667400000149
106.88,-0.0003407520000000136,298.54019999999997,8.497528200000033
106.89099999999999,-0.00016296600000001438,293.5722,4.519806600000038
106.9,-0.00016296600000001438,298.54019999999997,8.497528200000033
106.91,1.4819999999998723e-05,295.5594,4.519806600000038
106.91999999999999,-0.0003407520000000136,297.5466,8.497528200000033
106.93099999999998,-0.0003407520000000136,292.5786,4.519806600000038
106.94,-0.00016296600000001438,295.5594,8.497528200000033
106.94999999999999,-0.00016296600000001438,296.553,6.508667400000149
106.96099999999998,-0.00016296600000001438,296.553,6.508667400000149
106.971,-0.0003407520000000136,298.54019999999997,8.497528200000033
106.981,-0.00016296600000001438,291.585,2.5309457999999267
106.99099999999999,-0.00016296600000001438,296.553,8.497528200000033
107.001,-0.0003407520000000136,296.553,8.497528200000033
107.011,1.4819999999998723e-05,297.5466,8.497528200000033
107.02099999999999,1.4819999999998723e-05,297.5466,4.519806600000038
107.031,-0.0003407520000000136,297.5466,6.508667400000149
107.041,-0.00016296600000001438,297.5466,6.508667400000149
107.05099999999999,1.4819999999998723e-05,298.54019999999997,8.497528200000033
107.061,-0.00016296600000001438,297.5466,6.508667400000149
107.07300000000001,1.4819999999998723e-05,298.54019999999997,6.508667400000149
107.118,-0.00016296600000001438,298.54019999999997,6.508667400000149
107.16299999999998,-0.0003407520000000136,295.5594,4.519806600000038
107.172,-0.00016296600000001438,297.5466,6.508667400000149
107.18199999999999,-0.00016296600000001438,296.553,6.508667400000149
107.201,-0.00016296600000001438,295.5594,4.519806600000038
107.21099999999998,-0.00016296600000001438,299.5338,8.497528200000033
107.221,-0.00016296600000001438,297.5466,8.497528200000033
107.231,-0.00016296600000001438,298.54019999999997,8.497528200000033
107.24099999999999,1.4819999999998723e-05,298.54019999999997,6.508667400000149
107.251,-0.00016296600000001438,295.5594,4.519806600000038
107.261,-0.00016296600000001438,300.5274,8.497528200000033
107.27099999999999,1.4819999999998723e-05,298.54019999999997,6.508667400000149
107.281,1.4819999999998723e-05,299.5338,6.508667400000149
107.291,1.4819999999998723e-05,299.5338,4.519806600000038
107.30099999999999,-0.00016296600000001438,297.5466,6.508667400000149
107.311,-0.0003407520000000136,298.54019999999997,8.497528200000033
107.321,-0.0005185379999999989,298.54019999999997,8.497528200000033
107.33099999999999,1.4819999999998723e-05,299.5338,6.508667400000149
107.34100000000001,-0.0003407520000000136,295.5594,4.519806600000038
107.351,-0.0003407520000000136,298.54019999999997,8.497528200000033
107.36099999999999,-0.00016296600000001438,294.56579999999997,6.508667400000149
107.37100000000001,-0.00016296600000001438,299.5338,8.497528200000033
107.381,-0.0003407520000000136,295.5594,8.497528200000033
107.39099999999999,1.4819999999998723e-05,299.5338,6.508667400000149
107.40100000000001,-0.00016296600000001438,297.5466,6.508667400000149
107.411,-0.0005185379999999989,296.553,6.508667400000149
107.42099999999999,-0.0003407520000000136,295.5594,8.497528200000033
107.43099999999998,-0.00016296600000001438,295.5594,4.519806600000038
107.441,-0.00016296600000001438,299.5338,8.497528200000033
107.451,-0.00016296600000001438,298.54019999999997,8.497528200000033
107.46099999999998,-0.0003407520000000136,295.5594,8.497528200000033
107.47200000000001,-0.00016296600000001438,296.553,6.508667400000149
107.481,-0.0003407520000000136,298.54019999999997,10.486389000000145
107.49099999999999,1.4819999999998723e-05,299.5338,6.508667400000149
107.501,-0.0003407520000000136,297.5466,6.508667400000149
107.511,-0.00016296600000001438,301.52099999999996,8.497528200000033
107.52199999999999,-0.00016296600000001438,296.553,4.519806600000038
107.531,-0.00016296600000001438,296.553,6.508667400000149
107.541,1.4819999999998723e-05,299.5338,6.508667400000149
107.55099999999999,-0.00016296600000001438,297.5466,6.508667400000149
107.56199999999998,-0.0005185379999999989,296.553,8.497528200000033
107.571,-0.00016296600000001438,297.5466,6.508667400000149
107.58099999999999,-0.00016296600000001438,296.553,6.508667400000149
107.59199999999998,-0.00016296600000001438,298.54019999999997,6.508667400000149
107.602,-0.00016296600000001438,298.54019999999997,6.508667400000149
107.612,-0.00016296600000001438,296.553,4.519806600000038
107.62199999999999,-0.00016296600000001438,298.54019999999997,8.497528200000033
107.632,-0.0003407520000000136,298.54019999999997,8.497528200000033
107.642,-0.0003407520000000136,293.5722,8.497528200000033
107.65199999999999,-0.0003407520000000136,294.56579999999997,8.497528200000033
107.662,-0.00016296600000001438,298.54019999999997,6.508667400000149
107.672,-0.00016296600000001438,297.5466,6.508667400000149
107.68199999999999,-0.00016296600000001438,298.54019999999997,6.508667400000149
107.69200000000001,-0.0003407520000000136,295.5594,6.508667400000149
107.702,-0.00016296600000001438,297.5466,6.508667400000149
107.71199999999999,1.4819999999998723e-05,297.5466,8.497528200000033
107.72200000000001,-0.0003407520000000136,297.5466,6.508667400000149
107.732,-0.00016296600000001438,297.5466,8.497528200000033
107.74199999999999,-0.0005185379999999989,295.5594,6.508667400000149
107.75200000000001,-0.00016296600000001438,295.5594,6.508667400000149
107.762,-0.0003407520000000136,295.5594,8.497528200000033
107.77199999999999,-0.00016296600000001438,298.54019999999997,8.497528200000033
107.78199999999998,-0.00016296600000001438,300.5274,8.497528200000033
107.792,-0.0003407520000000136,292.5786,6.508667400000149
107.80199999999999,-0.00016296600000001438,297.5466,8.497528200000033
107.81199999999998,-0.0003407520000000136,298.54019999999997,8.497528200000033
107.822,-0.0003407520000000136,296.553,6.508667400000149
107.832,-0.0003407520000000136,294.56579999999997,6.508667400000149
107.84199999999998,-0.00016296600000001438,296.553,6.508667400000149
107.852,-0.00016296600000001438,299.5338,8.497528200000033
107.862,-0.00016296600000001438,298.54019999999997,8.497528200000033
107.87199999999999,-0.00016296600000001438,299.5338,8.497528200000033
107.882,-0.00016296600000001438,295.5594,2.5309457999999267
107.892,1.4819999999998723e-05,297.5466,6.508667400000149
107.90199999999999,-0.00016296600000001438,297.5466,8.497528200000033
107.912,1.4819999999998723e-05,299.5338,8.497528200000033
107.922,-0.00016296600000001438,295.5594,4.519806600000038
107.93199999999999,-0.00016296600000001438,298.54019999999997,8.497528200000033
107.94200000000001,1.4819999999998723e-05,298.54019999999997,8.497528200000033
107.952,-0.00016296600000001438,299.5338,8.497528200000033
107.96199999999999,-0.00016296600000001438,297.5466,6.508667400000149
107.97200000000001,-0.00016296600000001438,297.5466,6.508667400000149
107.982,-0.0003407520000000136,297.5466,8.497528200000033
107.99199999999999,1.4819999999998723e-05,298.54019999999997,6.508667400000149
108.00200000000001,-0.00016296600000001438,298.54019999999997,6.508667400000149
108.018,-0.00016296600000001438,295.5594,6.508667400000149
108.02699999999999,1.4819999999998723e-05,299.5338,8.497528200000033
108.037,-0.00016296600000001438,298.54019999999997,8.497528200000033
108.04599999999999,-0.00016296600000001438,297.5466,6.508667400000149
108.05599999999998,-0.0003407520000000136,296.553,6.508667400000149
108.066,0.00019260599999999795,299.5338,6.508667400000149
108.07499999999999,-0.00016296600000001438,297.5466,6.508667400000149
108.08500000000001,1.4819999999998723e-05,299.5338,6.508667400000149
108.094,-0.00016296600000001438,298.54019999999997,6.508667400000149
108.10399999999998,-0.0006963239999999982,293.5722,6.508667400000149
108.113,-0.0003407520000000136,297.5466,6.508667400000149
108.132,-0.0003407520000000136,298.54019999999997,10.486389000000145
108.142,-0.00016296600000001438,296.553,6.508667400000149
108.15299999999999,-0.00016296600000001438,295.5594,6.508667400000149
108.162,-0.0003407520000000136,298.54019999999997,10.486389000000145
108.172,-0.00016296600000001438,299.5338,8.497528200000033
108.18199999999999,-0.00016296600000001438,299.5338,8.497528200000033
108.19299999999998,1.4819999999998723e-05,295.5594,6.508667400000149
108.202,-0.00016296600000001438,298.54019999999997,8.497528200000033
108.213,-0.00016296600000001438,297.5466,8.497528200000033
108.22299999999998,-0.00016296600000001438,299.5338,8.497528200000033
108.233,-0.00016296600000001438,297.5466,6.508667400000149
108.243,1.4819999999998723e-05,297.5466,4.519806600000038
108.25299999999999,-0.0005185379999999989,296.553,8.497528200000033
108.263,-0.0003407520000000136,300.5274,8.497528200000033
108.273,-0.00016296600000001438,298.54019999999997,6.508667400000149
108.28299999999999,1.4819999999998723e-05,297.5466,6.508667400000149
108.293,-0.00016296600000001438,297.5466,8.497528200000033
108.303,-0.00016296600000001438,297.5466,6.508667400000149
108.31299999999999,1.4819999999998723e-05,299.5338,4.519806600000038
108.32300000000001,-0.00016296600000001438,299.5338,10.486389000000145
108.333,-0.00016296600000001438,297.5466,6.508667400000149
108.34299999999999,-0.0003407520000000136,295.5594,8.497528200000033
108.35300000000001,-0.0003407520000000136,295.5594,6.508667400000149
108.363,1.4819999999998723e-05,299.5338,6.508667400000149
108.37299999999999,-0.00016296600000001438,293.5722,4.519806600000038
108.38300000000001,-0.00016296600000001438,297.5466,6.508667400000149
108.393,0.00019260599999999795,299.5338,6.508667400000149
108.40299999999999,1.4819999999998723e-05,298.54019999999997,8.497528200000033
108.41299999999998,-0.00016296600000001438,297.5466,6.508667400000149
108.423,1.4819999999998723e-05,299.5338,6.508667400000149
108.43299999999999,1.4819999999998723e-05,298.54019999999997,6.508667400000149
108.44299999999998,1.4819999999998723e-05,299.5338,6.508667400000149
108.453,1.4819999999998723e-05,297.5466,6.508667400000149
108.463,1.4819999999998723e-05,296.553,4.519806600000038
108.47299999999998,-0.00016296600000001438,299.5338,6.508667400000149
108.483,1.4819999999998723e-05,297.5466,6.508667400000149
108.493,1.4819999999998723e-05,296.553,6.508667400000149
108.50299999999999,1.4819999999998723e-05,298.54019999999997,6.508667400000149
108.513,-0.00016296600000001438,297.5466,6.508667400000149
108.523,-0.00016296600000001438,298.54019999999997,6.508667400000149
108.53299999999999,-0.00016296600000001438,298.54019999999997,8.497528200000033
108.543,1.4819999999998723e-05,298.54019999999997,6.508667400000149
108.553,-0.00016296600000001438,297.5466,4.519806600000038
108.56299999999999,1.4819999999998723e-05,300.5274,8.497528200000033
108.57300000000001,-0.00016296600000001438,299.5338,6.508667400000149
108.583,-0.0003407520000000136,297.5466,8.497528200000033
108.59299999999999,-0.00016296600000001438,298.54019999999997,8.497528200000033
108.60300000000001,-0.0005185379999999989,295.5594,8.497528200000033
108.613,-0.0003407520000000136,299.5338,8.497528200000033
108.62299999999999,1.4819999999998723e-05,298.54019999999997,6.508667400000149
108.63300000000001,-0.00016296600000001438,298.54019999999997,6.508667400000149
108.643,-0.0003407520000000136,295.5594,4.519806600000038
108.65299999999999,1.4819999999998723e-05,298.54019999999997,6.508667400000149
108.66299999999998,-0.00016296600000001438,299.5338,8.497528200000033
108.673,-0.00016296600000001438,298.54019999999997,8.497528200000033
108.68299999999999,-0.00016296600000001438,298.54019999999997,6.508667400000149
108.69299999999998,-0.0003407520000000136,294.56579999999997,8.497528200000033
108.703,-0.0006963239999999982,295.5594,6.508667400000149
108.713,-0.0005185379999999989,297.5466,8.497528200000033
108.738,-0.00016296600000001438,294.56579999999997,4.519806600000038
108.74699999999999,-0.0003407520000000136,299.5338,8.497528200000033
108.757,-0.0003407520000000136,295.5594,8.497528200000033
108.76599999999999,-0.0003407520000000136,297.5466,6.508667400000149
108.77600000000001,1.4819999999998723e-05,294.56579999999997,4.519806600000038
108.786,-0.0003407520000000136,298.54019999999997,6.508667400000149
108.79499999999999,1.4819999999998723e-05,297.5466,6.508667400000149
108.805,-0.00016296600000001438,296.553,6.508667400000149
108.82399999999998,-0.00016296600000001438,296.553,6.508667400000149
108.834,1.4819999999998723e-05,300.5274,8.497528200000033
108.844,-0.00016296600000001438,296.553,6.508667400000149
108.85399999999998,-0.00016296600000001438,295.5594,8.497528200000033
108.864,-0.0003407520000000136,296.553,8.497528200000033
108.874,-0.00016296600000001438,297.5466,6.508667400000149
108.88399999999999,-0.0003407520000000136,297.5466,8.497528200000033
108.894,-0.00016296600000001438,296.553,8.497528200000033
108.904,-0.00016296600000001438,295.5594,6.508667400000149
108.91399999999999,1.4819999999998723e-05,297.5466,6.508667400000149
108.924,1.4819999999998723e-05,298.54019999999997,4.519806600000038
108.934,-0.00016296600000001438,297.5466,6.508667400000149
108.94399999999999,-0.00016296600000001438,298.54019999999997,8.497528200000033
108.95400000000001,1.4819999999998723e-05,297.5466,6.508667400000149
108.964,-0.0003407520000000136,296.553,6.508667400000149
108.97399999999999,-0.00016296600000001438,298.54019999999997,8.497528200000033
108.98400000000001,-0.00016296600000001438,297.5466,8.497528200000033
108.994,-0.00016296600000001438,298.54019999999997,6.508667400000149
109.00399999999999,-0.00016296600000001438,295.5594,4.519806600000038
109.01400000000001,-0.0003407520000000136,297.5466,8.497528200000033
109.024,-0.00016296600000001438,295.5594,8.497528200000033
109.03399999999999,-0.00016296600000001438,298.54019999999997,6.508667400000149
109.04399999999998,0.00019260599999999795,297.5466,4.519806600000038
109.054,-0.00016296600000001438,295.5594,6.508667400000149
109.064,-0.00016296600000001438,297.5466,8.497528200000033
109.07399999999998,-0.00016296600000001438,297.5466,8.497528200000033
109.084,-0.00016296600000001438,295.5594,6.508667400000149
109.094,-0.00016296600000001438,296.553,4.519806600000038
109.10399999999998,-0.00016296600000001438,299.5338,8.497528200000033
109.114,-0.0003407520000000136,298.54019999999997,8.497528200000033
109.124,1.4819999999998723e-05,299.5338,6.508667400000149
109.13399999999999,-0.0003407520000000136,296.553,4.519806600000038
109.144,-0.00016296600000001438,298.54019999999997,8.497528200000033
109.154,1.4819999999998723e-05,298.54019999999997,6.508667400000149
109.16399999999999,-0.00016296600000001438,300.5274,8.497528200000033
109.174,-0.0003407520000000136,296.553,8.497528200000033
109.184,1.4819999999998723e-05,296.553,4.519806600000038
109.19399999999999,-0.0003407520000000136,299.5338,8.497528200000033
109.20400000000001,-0.0003407520000000136,296.553,8.497528200000033
109.214,1.4819999999998723e-05,298.54019999999997,6.508667400000149
109.22399999999999,-0.00016296600000001438,295.5594,4.519806600000038
109.23400000000001,-0.00016296600000001438,297.5466,8.497528200000033
109.244,-0.00016296600000001438,298.54019999999997,8.497528200000033
109.25399999999999,-0.0003407520000000136,296.553,6.508667400000149
109.26400000000001,-0.00016296600000001438,298.54019999999997,8.497528200000033
109.274,-0.0003407520000000136,295.5594,4.519806600000038
109.28399999999999,1.4819999999998723e-05,296.553,6.508667400000149
109.29399999999998,1.4819999999998723e-05,297.5466,4.519806600000038
109.304,-0.00016296600000001438,298.54019999999997,6.508667400000149
109.314,-0.00016296600000001438,296.553,6.508667400000149
109.32399999999998,-0.00016296600000001438,296.553,6.508667400000149
109.334,-0.00016296600000001438,297.5466,6.508667400000149
109.368,-0.00016296600000001438,295.5594,4.519806600000038
109.37700000000001,-0.0003407520000000136,298.54019999999997,6.508667400000149
109.387,-0.0005185379999999989,295.5594,8.497528200000033
109.39599999999999,-0.00016296600000001438,300.5274,6.508667400000149
109.406,-0.0003407520000000136,294.56579999999997,4.519806600000038
109.416,-0.0003407520000000136,296.553,8.497528200000033
109.42499999999998,-0.0003407520000000136,298.54019999999997,8.497528200000033
109.44399999999999,-0.0003407520000000136,298.54019999999997,8.497528200000033
109.45499999999998,-0.0005185379999999989,296.553,6.508667400000149
109.465,-0.0003407520000000136,296.553,6.508667400000149
109.475,-0.00016296600000001438,297.5466,8.497528200000033
109.48499999999999,-0.0003407520000000136,297.5466,10.486389000000145
109.495,-0.00016296600000001438,297.5466,6.508667400000149
109.505,-0.00016296600000001438,297.5466,6.508667400000149
109.51499999999999,-0.00016296600000001438,297.5466,6.508667400000149
109.525,-0.00016296600000001438,297.5466,8.497528200000033
109.535,-0.00016296600000001438,296.553,6.508667400000149
109.54499999999999,-0.00016296600000001438,292.5786,4.519806600000038
109.555,-0.00016296600000001438,299.5338,6.508667400000149
109.565,1.4819999999998723e-05,299.5338,6.508667400000149
109.57499999999999,-0.00016296600000001438,298.54019999999997,8.497528200000033
109.58500000000001,-0.00016296600000001438,296.553,6.508667400000149
109.595,-0.0003407520000000136,299.5338,10.486389000000145
109.60499999999999,-0.00016296600000001438,298.54019999999997,6.508667400000149
109.638,-0.0003407520000000136,297.5466,8.497528200000033
109.68299999999999,-0.0003407520000000136,296.553,6.508667400000149
109.69200000000001,-0.00016296600000001438,299.5338,6.508667400000149
109.702,-0.00016296600000001438,299.5338,8.497528200000033
109.71099999999998,-0.00016296600000001438,300.5274,6.508667400000149
109.721,-0.0005185379999999989,293.5722,4.519806600000038
109.731,-0.00016296600000001438,298.54019999999997,8.497528200000033
109.74000000000001,-0.0003407520000000136,296.553,8.497528200000033
109.75,-0.0003407520000000136,297.5466,8.497528200000033
109.75899999999999,-0.00016296600000001438,297.5466,8.497528200000033
109.769,-0.00016296600000001438,295.5594,4.519806600000038
109.77799999999999,-0.0003407520000000136,299.5338,8.497528200000033
109.78799999999998,-0.00016296600000001438,297.5466,6.508667400000149
109.797,-0.0003407520000000136,296.553,8.497528200000033
109.80699999999999,1.4819999999998723e-05,298.54019999999997,6.508667400000149
109.816,-0.0003407520000000136,296.553,4.519806600000038
109.826,1.4819999999998723e-05,299.5338,8.497528200000033
109.845,-0.00016296600000001438,299.5338,6.508667400000149
109.85499999999999,-0.00016296600000001438,295.5594,4.519806600000038
109.86500000000001,-0.00016296600000001438,297.5466,6.508667400000149
109.875,0.00019260599999999795,299.5338,4.519806600000038
109.88499999999999,-0.00016296600000001438,297.5466,6.508667400000149
109.89500000000001,-0.0003407520000000136,298.54019999999997,8.497528200000033
109.905,-0.00016296600000001438,297.5466,4.519806600000038
109.91499999999999,-0.00016296600000001438,299.5338,8.497528200000033
109.92499999999998,-0.00016296600000001438,299.5338,8.497528200000033
109.935,-0.00016296600000001438,296.553,6.508667400000149
109.946,-0.00016296600000001438,297.5466,6.508667400000149
109.95499999999998,-0.00016296600000001438,295.5594,6.508667400000149
109.965,-0.00016296600000001438,298.54019999999997,6.508667400000149
109.975,-0.00016296600000001438,296.553,8.497528200000033
109.98499999999999,-0.00016296600000001438,297.5466,6.508667400000149
109.99600000000001,1.4819999999998723e-05,296.553,4.519806600000038
110.005,-0.00016296600000001438,295.5594,6.508667400000149
110.01499999999999,-0.0003407520000000136,295.5594,6.508667400000149
110.025,-0.0003407520000000136,297.5466,8.497528200000033
110.036,1.4819999999998723e-05,295.5594,4.519806600000038
110.04499999999999,-0.0003407520000000136,297.5466,6.508667400000149
110.055,0.00019260599999999795,299.5338,6.508667400000149
110.065,-0.00016296600000001438,297.5466,6.508667400000149
110.07499999999999,-0.00016296600000001438,299.5338,8.497528200000033
110.08599999999998,-0.0005185379999999989,295.5594,6.508667400000149
110.096,1.4819999999998723e-05,296.553,6.508667400000149
110.106,-0.00016296600000001438,300.5274,8.497528200000033
110.11599999999999,1.4819999999998723e-05,297.5466,6.508667400000149
110.126,-0.00016296600000001438,297.5466,4.519806600000038
110.136,-0.00016296600000001438,298.54019999999997,8.497528200000033
110.14599999999999,1.4819999999998723e-05,297.5466,6.508667400000149
110.156,-0.00016296600000001438,297.5466,6.508667400000149
110.166,-0.00016296600000001438,296.553,6.508667400000149
110.17599999999999,1.4819999999998723e-05,296.553,4.519806600000038
110.186,1.4819999999998723e-05,299.5338,8.497528200000033
110.196,-0.0003407520000000136,298.54019999999997,8.497528200000033
110.20599999999999,-0.00016296600000001438,297.5466,8.497528200000033
110.21600000000001,-0.0003407520000000136,297.5466,8.497528200000033
110.226,-0.00016296600000001438,299.5338,8.497528200000033
110.23599999999999,1.4819999999998723e-05,298.54019999999997,8.497528200000033
110.24600000000001,-0.0003407520000000136,298.54019999999997,8.497528200000033
110.256,1.4819999999998723e-05,297.5466,6.508667400000149
110.26599999999999,-0.00016296600000001438,295.5594,4.519806600000038
110.27600000000001,1.4819999999998723e-05,298.54019999999997,6.508667400000149
110.286,-0.0003407520000000136,296.553,8.497528200000033
110.29599999999999,1.4819999999998723e-05,296.553,6.508667400000149
110.30599999999998,-0.0003407520000000136,296.553,8.497528200000033
110.316,1.4819999999998723e-05,298.54019999999997,6.508667400000149
110.326,-0.0003407520000000136,297.5466,6.508667400000149
110.33599999999998,-0.00016296600000001438,297.5466,8.497528200000033
110.346,-0.00016296600000001438,299.5338,6.508667400000149
110.356,-0.00016296600000001438,299.5338,6.508667400000149
110.36599999999999,-0.00016296600000001438,297.5466,6.508667400000149
110.376,-0.00016296600000001438,299.5338,8.497528200000033
110.386,-0.00016296600000001438,296.553,6.508667400000149
110.40299999999999,-0.00016296600000001438,295.5594,6.508667400000149
110.41299999999998,-0.0003407520000000136,297.5466,6.508667400000149
110.422,-0.0005185379999999989,295.5594,8.497528200000033
110.43199999999999,-0.00016296600000001438,298.54019999999997,8.497528200000033
110.441,-0.00016296600000001438,297.5466,4.519806600000038
110.451,-0.00016296600000001438,297.5466,6.508667400000149
110.46000000000001,-0.0003407520000000136,297.5466,8.497528200000033
110.47,-0.00016296600000001438,296.553,6.508667400000149
110.47899999999998,-0.00016296600000001438,297.5466,8.497528200000033
110.489,-0.00016296600000001438,294.56579999999997,4.519806600000038
110.499,1.4819999999998723e-05,298.54019999999997,6.508667400000149
110.50800000000001,-0.00016296600000001438,297.5466,6.508667400000149
110.518,1.4819999999998723e-05,298.54019999999997,6.508667400000149
110.52699999999999,-0.00016296600000001438,299.5338,8.497528200000033
110.54599999999999,-0.0005185379999999989,298.54019999999997,8.497528200000033
110.55599999999998,-0.0003407520000000136,298.54019999999997,8.497528200000033
110.566,-0.0003407520000000136,297.5466,6.508667400000149
110.576,1.4819999999998723e-05,293.5722,6.508667400000149
110.58599999999998,1.4819999999998723e-05,299.5338,6.508667400000149
110.596,-0.0003407520000000136,298.54019999999997,8.497528200000033
110.606,1.4819999999998723e-05,298.54019999999997,4.519806600000038
110.61599999999999,-0.0003407520000000136,297.5466,8.497528200000033
110.62700000000001,-0.00016296600000001438,295.5594,4.519806600000038
110.636,-0.0005185379999999989,296.553,8.497528200000033
110.64599999999999,-0.00016296600000001438,298.54019999999997,8.497528200000033
110.656,-0.00016296600000001438,298.54019999999997,6.508667400000149
110.667,1.4819999999998723e-05,297.5466,6.508667400000149
110.67599999999999,-0.0003407520000000136,296.553,8.497528200000033
110.686,-0.00016296600000001438,298.54019999999997,8.497528200000033
110.696,-0.0003407520000000136,297.5466,8.497528200000033
110.70599999999999,-0.00016296600000001438,297.5466,4.519806600000038
110.71699999999998,-0.00016296600000001438,294.56579999999997,4.519806600000038
110.727,1.4819999999998723e-05,299.5338,8.497528200000033
110.737,-0.00016296600000001438,298.54019999999997,6.508667400000149
110.74699999999999,-0.0003407520000000136,295.5594,10.486389000000145
110.757,1.4819999999998723e-05,298.54019999999997,2.5309457999999267
110.767,-0.00016296600000001438,299.5338,8.497528200000033
110.77699999999999,-0.00016296600000001438,298.54019999999997,8.497528200000033
110.787,1.4819999999998723e-05,299.5338,6.508667400000149
110.797,-0.0003407520000000136,298.54019999999997,8.497528200000033
110.80699999999999,-0.00016296600000001438,295.5594,6.508667400000149
110.81700000000001,-0.0003407520000000136,297.5466,8.497528200000033
110.827,-0.00016296600000001438,298.54019999999997,8.497528200000033
110.83699999999999,-0.00016296600000001438,296.553,8.497528200000033
110.85300000000001,-0.00016296600000001438,295.5594,4.519806600000038
110.863,-0.00016296600000001438,297.5466,6.508667400000149
110.87199999999999,-0.0003407520000000136,297.5466,6.508667400000149
110.882,-0.0003407520000000136,297.5466,6.508667400000149
110.89099999999999,-0.0003407520000000136,294.56579999999997,6.508667400000149
110.90100000000001,-0.0003407520000000136,298.54019999999997,6.508667400000149
110.91,1.4819999999998723e-05,297.5466,4.519806600000038
110.91999999999999,-0.00016296600000001438,297.5466,6.508667400000149
110.929,-0.00016296600000001438,297.5466,6.508667400000149
110.939,-0.00016296600000001438,294.56579999999997,4.519806600000038
110.94899999999998,-0.00016296600000001438,300.5274,8.497528200000033
110.958,-0.00016296600000001438,298.54019999999997,8.497528200000033
110.977,-0.00016296600000001438,299.5338,8.497528200000033
110.987,1.4819999999998723e-05,295.5594,4.519806600000038
110.99699999999999,-0.00016296600000001438,299.5338,6.508667400000149
111.007,-0.00016296600000001438,300.5274,6.508667400000149
111.017,-0.00016296600000001438,297.5466,8.497528200000033
111.02699999999999,-0.00016296600000001438,295.5594,4.519806600000038
111.037,-0.00016296600000001438,296.553,6.508667400000149
111.047,1.4819999999998723e-05,297.5466,6.508667400000149
111.05699999999999,1.4819999999998723e-05,299.5338,6.508667400000149
111.06700000000001,1.4819999999998723e-05,299.5338,6.508667400000149
111.077,-0.00016296600000001438,296.553,6.508667400000149
111.08699999999999,-0.0003407520000000136,296.553,8.497528200000033
111.12299999999999,-0.00016296600000001438,295.5594,6.508667400000149
111.13300000000001,1.4819999999998723e-05,300.5274,4.519806600000038
111.142,-0.00016296600000001438,298.54019999999997,8.497528200000033
111.16899999999998,1.4819999999998723e-05,295.5594,2.5309457999999267
111.178,-0.00016296600000001438,296.553,6.508667400000149
111.197,-0.0003407520000000136,299.5338,8.497528200000033
111.208,-0.0003407520000000136,296.553,6.508667400000149
111.21699999999998,-0.0003407520000000136,297.5466,8.497528200000033
111.227,-0.00016296600000001438,298.54019999999997,6.508667400000149
111.237,-0.0003407520000000136,297.5466,8.497528200000033
111.24699999999999,-0.0003407520000000136,298.54019999999997,8.497528200000033
111.25800000000001,-0.0005185379999999989,297.5466,4.519806600000038
111.267,1.4819999999998723e-05,298.54019999999997,6.508667400000149
111.27699999999999,-0.00016296600000001438,298.54019999999997,8.497528200000033
111.287,-0.00016296600000001438,300.5274,6.508667400000149
111.298,-0.00016296600000001438,296.553,6.508667400000149
111.30699999999999,-0.00016296600000001438,297.5466,6.508667400000149
111.31700000000001,-0.00016296600000001438,297.5466,6.508667400000149
111.327,-0.00016296600000001438,298.54019999999997,8.497528200000033
111.338,-0.0003407520000000136,301.52099999999996,8.497528200000033
111.34799999999998,-0.00016296600000001438,296.553,6.508667400000149
111.358,1.4819999999998723e-05,299.5338,8.497528200000033
111.368,-0.00016296600000001438,298.54019999999997,6.508667400000149
111.37799999999999,1.4819999999998723e-05,298.54019999999997,6.508667400000149
111.388,-0.0003407520000000136,295.5594,4.519806600000038
111.398,-0.00016296600000001438,297.5466,6.508667400000149
111.40799999999999,-0.00016296600000001438,298.54019999999997,8.497528200000033
111.418,-0.00016296600000001438,299.5338,8.497528200000033
111.428,-0.0003407520000000136,297.5466,8.497528200000033
111.43799999999999,-0.00016296600000001438,295.5594,6.508667400000149
111.44800000000001,-0.00016296600000001438,297.5466,6.508667400000149
111.458,-0.0003407520000000136,299.5338,8.497528200000033
111.46799999999999,-0.00016296600000001438,296.553,6.508667400000149
111.47800000000001,-0.00016296600000001438,294.56579999999997,4.519806600000038
111.488,1.4819999999998723e-05,296.553,4.519806600000038
111.49799999999999,-0.00016296600000001438,297.5466,8.497528200000033
111.50800000000001,1.4819999999998723e-05,298.54019999999997,6.508667400000149
111.518,-0.0003407520000000136,297.5466,8.497528200000033
111.52799999999999,-0.0003407520000000136,295.5594,4.519806600000038
111.53799999999998,-0.00016296600000001438,298.54019999999997,6.508667400000149
111.548,-0.00016296600000001438,297.5466,8.497528200000033
111.55799999999999,-0.00016296600000001438,298.54019999999997,6.508667400000149
111.56799999999998,-0.0005185379999999989,296.553,6.508667400000149
111.578,-0.00016296600000001438,298.54019999999997,8.497528200000033
111.588,-0.00016296600000001438,299.5338,8.497528200000033
111.59799999999998,-0.00016296600000001438,297.5466,6.508667400000149
111.608,1.4819999999998723e-05,297.5466,6.508667400000149
111.618,-0.00016296600000001438,296.553,6.508667400000149
111.62799999999999,-0.00016296600000001438,297.5466,8.497528200000033
111.638,-0.00016296600000001438,298.54019999999997,6.508667400000149
111.648,-0.00016296600000001438,298.54019999999997,6.508667400000149
111.65799999999999,-0.0003407520000000136,296.553,4.519806600000038
111.668,1.4819999999998723e-05,299.5338,6.508667400000149
111.678,-0.00016296600000001438,298.54019999999997,8.497528200000033
111.68799999999999,1.4819999999998723e-05,299.5338,6.508667400000149
111.69800000000001,1.4819999999998723e-05,298.54019999999997,4.519806600000038
111.708,-0.00016296600000001438,296.553,6.508667400000149
111.71799999999999,1.4819999999998723e-05,298.54019999999997,6.508667400000149
111.72800000000001,1.4819999999998723e-05,299.5338,6.508667400000149
111.738,-0.00016296600000001438,296.553,8.497528200000033
111.74799999999999,-0.0005185379999999989,293.5722,6.508667400000149
111.75800000000001,1.4819999999998723e-05,299.5338,6.508667400000149
111.768,-0.0005185379999999989,296.553,8.497528200000033
111.77799999999999,-0.0003407520000000136,297.5466,6.508667400000149
111.78799999999998,-0.00016296600000001438,297.5466,6.508667400000149
111.799,-0.00016296600000001438,296.553,6.508667400000149
111.80799999999999,-0.0003407520000000136,296.553,8.497528200000033
111.81799999999998,-0.00016296600000001438,297.5466,8.497528200000033
111.828,-0.00016296600000001438,297.5466,6.508667400000149
111.839,-0.0003407520000000136,295.5594,2.5309457999999267
111.84799999999998,-0.00016296600000001438,297.5466,8.497528200000033
111.858,-0.00016296600000001438,297.5466,6.508667400000149
111.868,-0.00016296600000001438,298.54019999999997,8.497528200000033
111.87899999999999,-0.00016296600000001438,295.5594,6.508667400000149
111.88900000000001,1.4819999999998723e-05,297.5466,4.519806600000038
111.898,-0.00016296600000001438,298.54019999999997,6.508667400000149
111.90799999999999,-0.00016296600000001438,297.5466,6.508667400000149
111.918,-0.00016296600000001438,298.54019999999997,6.508667400000149
111.929,1.4819999999998723e-05,296.553,4.519806600000038
111.93799999999999,-0.00016296600000001438,300.5274,6.508667400000149
111.94800000000001,-0.00016296600000001438,297.5466,6.508667400000149
111.958,-0.00016296600000001438,297.5466,6.508667400000149
111.969,-0.00016296600000001438,296.553,6.508667400000149
111.97899999999998,1.4819999999998723e-05,296.553,4.519806600000038
111.989,-0.00016296600000001438,298.54019999999997,6.508667400000149
111.999,-0.00016296600000001438,298.54019999999997,8.497528200000033
112.00899999999999,-0.00016296600000001438,298.54019999999997,10.486389000000145
112.019,0.00019260599999999795,295.5594,4.519806600000038
112.029,-0.00016296600000001438,298.54019999999997,6.508667400000149
112.03899999999999,-0.00016296600000001438,297.5466,4.519806600000038
112.049,-0.00016296600000001438,299.5338,6.508667400000149
112.059,-0.00016296600000001438,296.553,6.508667400000149
112.06899999999999,-0.0003407520000000136,295.5594,6.508667400000149
112.07900000000001,-0.00016296600000001438,298.54019999999997,8.497528200000033
112.089,-0.00016296600000001438,297.5466,8.497528200000033
112.09899999999999,-0.00016296600000001438,298.54019999999997,8.497528200000033
112.10900000000001,-0.0003407520000000136,297.5466,8.497528200000033
112.119,-0.0003407520000000136,298.54019999999997,10.486389000000145
112.12899999999999,1.4819999999998723e-05,298.54019999999997,6.508667400000149
112.15799999999999,-0.00016296600000001438,297.5466,8.497528200000033
112.203,-0.00016296600000001438,293.5722,4.519806600000038
112.213,-0.00016296600000001438,300.5274,10.486389000000145
112.22200000000001,-0.00016296600000001438,296.553,6.508667400000149
112.232,-0.00016296600000001438,297.5466,6.508667400000149
112.24099999999999,-0.00016296600000001438,294.56579999999997,4.519806600000038
112.251,-0.00016296600000001438,296.553,6.508667400000149
112.261,1.4819999999998723e-05,294.56579999999997,6.508667400000149
112.27000000000001,-0.0003407520000000136,296.553,8.497528200000033
112.28899999999999,-0.00016296600000001438,293.5722,4.519806600000038
112.299,1.4819999999998723e-05,298.54019999999997,6.508667400000149
112.309,1.4819999999998723e-05,298.54019999999997,6.508667400000149
112.31899999999999,-0.00016296600000001438,297.5466,6.508667400000149
112.32900000000001,-0.00016296600000001438,297.5466,6.508667400000149
112.339,1.4819999999998723e-05,297.5466,6.508667400000149
112.34899999999999,-0.00016296600000001438,298.54019999999997,6.508667400000149
112.35900000000001,-0.0003407520000000136,296.553,8.497528200000033
112.369,-0.0003407520000000136,297.5466,8.497528200000033
112.37899999999999,1.4819999999998723e-05,297.5466,4.519806600000038
112.38900000000001,-0.00016296600000001438,298.54019999999997,6.508667400000149
112.399,1.4819999999998723e-05,297.5466,8.497528200000033
112.40899999999999,1.4819999999998723e-05,299.5338,6.508667400000149
112.41899999999998,1.4819999999998723e-05,298.54019999999997,6.508667400000149
112.429,-0.00016296600000001438,295.5594,8.497528200000033
112.439,-0.00016296600000001438,297.5466,6.508667400000149
112.44899999999998,-0.0005185379999999989,294.56579999999997,8.497528200000033
112.459,-0.00016296600000001438,295.5594,6.508667400000149
112.47,-0.00016296600000001438,295.5594,4.519806600000038
112.47899999999998,1.4819999999998723e-05,301.52099999999996,8.497528200000033
112.489,-0.00016296600000001438,299.5338,8.497528200000033
112.499,-0.0003407520000000136,297.5466,8.497528200000033
112.50999999999999,-0.00016296600000001438,296.553,6.508667400000149
112.52000000000001,1.4819999999998723e-05,296.553,6.508667400000149
112.529,-0.00016296600000001438,297.5466,6.508667400000149
112.53899999999999,-0.0003407520000000136,297.5466,8.497528200000033
112.549,-0.0003407520000000136,298.54019999999997,8.497528200000033
112.56,1.4819999999998723e-05,296.553,4.519806600000038
112.56899999999999,-0.0003407520000000136,296.553,8.497528200000033
112.57900000000001,-0.0003407520000000136,295.5594,8.497528200000033
112.589,-0.00016296600000001438,297.5466,6.508667400000149
112.6,-0.00016296600000001438,296.553,6.508667400000149
112.60999999999999,-0.0003407520000000136,296.553,6.508667400000149
112.62,1.4819999999998723e-05,298.54019999999997,6.508667400000149
112.63,-0.00016296600000001438,299.5338,8.497528200000033
112.63999999999999,-0.0003407520000000136,298.54019999999997,8.497528200000033
112.65,-0.00016296600000001438,297.5466,6.508667400000149
112.66,-0.00016296600000001438,296.553,8.497528200000033
112.66999999999999,-0.00016296600000001438,298.54019999999997,8.497528200000033
112.68,-0.0003407520000000136,297.5466,10.486389000000145
112.69,-0.0003407520000000136,297.5466,8.497528200000033
112.69999999999999,1.4819999999998723e-05,297.5466,6.508667400000149
112.71000000000001,0.00019260599999999795,298.54019999999997,6.508667400000149
112.743,-0.0003407520000000136,295.5594,4.519806600000038
112.75299999999999,-0.00016296600000001438,296.553,6.508667400000149
112.762,-0.0005185379999999989,295.5594,6.508667400000149
112.77199999999999,-0.00016296600000001438,299.5338,8.497528200000033
112.78199999999998,-0.0005185379999999989,295.5594,6.508667400000149
112.791,-0.00016296600000001438,298.54019999999997,6.508667400000149
112.81,-0.00016296600000001438,298.54019999999997,8.497528200000033
112.82,-0.00016296600000001438,298.54019999999997,6.508667400000149
112.82999999999998,-0.00016296600000001438,296.553,6.508667400000149
112.84,-0.00016296600000001438,299.5338,6.508667400000149
112.85,-0.00016296600000001438,297.5466,6.508667400000149
112.85999999999999,-0.00016296600000001438,299.5338,8.497528200000033
112.87,-0.0003407520000000136,297.5466,6.508667400000149
112.88,-0.0005185379999999989,298.54019999999997,8.497528200000033
112.88999999999999,-0.00016296600000001438,294.56579999999997,6.508667400000149
112.9,-0.00016296600000001438,297.5466,6.508667400000149
112.91,1.4819999999998723e-05,296.553,4.519806600000038
112.91999999999999,-0.0003407520000000136,294.56579999999997,6.508667400000149
112.93,1.4819999999998723e-05,298.54019999999997,6.508667400000149
112.94,-0.0003407520000000136,296.553,8.497528200000033
112.94999999999999,-0.0003407520000000136,297.5466,6.508667400000149
112.96000000000001,-0.00016296600000001438,293.5722,4.519806600000038
112.97,1.4819999999998723e-05,297.5466,6.508667400000149
112.97999999999999,-0.00016296600000001438,298.54019999999997,6.508667400000149
112.99000000000001,-0.0003407520000000136,299.5338,8.497528200000033
113.0,-0.00016296600000001438,298.54019999999997,8.497528200000033
113.00999999999999,-0.00016296600000001438,296.553,4.519806600000038
113.02000000000001,-0.00016296600000001438,295.5594,6.508667400000149
113.03,1.4819999999998723e-05,298.54019999999997,6.508667400000149
113.03999999999999,-0.0005185379999999989,297.5466,8.497528200000033
113.04999999999998,-0.00016296600000001438,295.5594,4.519806600000038
113.06,-0.00016296600000001438,297.5466,6.508667400000149
113.07,-0.0003407520000000136,298.54019999999997,10.486389000000145
113.07999999999998,1.4819999999998723e-05,298.54019999999997,6.508667400000149
113.09,-0.00016296600000001438,297.5466,8.497528200000033
113.101,-0.0003407520000000136,295.5594,4.519806600000038
113.10999999999999,-0.0003407520000000136,297.5466,6.508667400000149
113.12,1.4819999999998723e-05,296.553,4.519806600000038
113.13,-0.00016296600000001438,298.54019999999997,6.508667400000149
113.14099999999999,-0.00016296600000001438,294.56579999999997,4.519806600000038
113.15,-0.00016296600000001438,298.54019999999997,6.508667400000149
113.16,-0.0003407520000000136,296.553,6.508667400000149
113.16999999999999,-0.00016296600000001438,296.553,8.497528200000033
113.18,1.4819999999998723e-05,296.553,6.508667400000149
113.191,-0.00016296600000001438,292.5786,6.508667400000149
113.19999999999999,-0.0003407520000000136,298.54019999999997,6.508667400000149
113.21000000000001,-0.00016296600000001438,297.5466,6.508667400000149
113.221,-0.00016296600000001438,297.5466,6.508667400000149
113.231,-0.0003407520000000136,298.54019999999997,8.497528200000033
113.24099999999999,-0.00016296600000001438,297.5466,6.508667400000149
113.251,-0.00016296600000001438,299.5338,6.508667400000149
113.261,-0.00016296600000001438,300.5274,8.497528200000033
113.27099999999999,1.4819999999998723e-05,298.54019999999997,8.497528200000033
113.281,-0.0005185379999999989,292.5786,6.508667400000149
113.291,-0.00016296600000001438,298.54019999999997,8.497528200000033
113.30099999999999,-0.00016296600000001438,297.5466,8.497528200000033
113.311,-0.00016296600000001438,297.5466,6.508667400000149
113.321,1.4819999999998723e-05,297.5466,6.508667400000149
113.33099999999999,-0.0003407520000000136,298.54019999999997,8.497528200000033
113.34100000000001,-0.0003407520000000136,294.56579999999997,8.497528200000033
113.37299999999999,-0.00016296600000001438,294.56579999999997,4.519806600000038
113.38300000000001,-0.0003407520000000136,296.553,8.497528200000033
113.392,-0.00016296600000001438,297.5466,6.508667400000149
113.40199999999999,-0.00016296600000001438,295.5594,6.508667400000149
113.42099999999999,1.4819999999998723e-05,298.54019999999997,6.508667400000149
113.43099999999998,-0.00016296600000001438,297.5466,6.508667400000149
113.441,1.4819999999998723e-05,301.52099999999996,8.497528200000033
113.451,-0.0003407520000000136,297.5466,10.486389000000145
113.46099999999998,-0.0003407520000000136,295.5594,6.508667400000149
113.471,-0.00016296600000001438,297.5466,6.508667400000149
113.481,-0.00016296600000001438,296.553,6.508667400000149
113.49099999999999,1.4819999999998723e-05,297.5466,6.508667400000149
113.501,-0.00016296600000001438,296.553,4.519806600000038
113.511,-0.00016296600000001438,297.5466,6.508667400000149
113.52099999999999,-0.00016296600000001438,298.54019999999997,8.497528200000033
113.531,1.4819999999998723e-05,300.5274,8.497528200000033
113.541,-0.0003407520000000136,299.5338,8.497528200000033
113.55099999999999,1.4819999999998723e-05,296.553,4.519806600000038
113.561,-0.00016296600000001438,297.5466,6.508667400000149
113.571,1.4819999999998723e-05,298.54019999999997,6.508667400000149
113.58099999999999,-0.00016296600000001438,296.553,6.508667400000149
113.59100000000001,-0.00016296600000001438,297.5466,6.508667400000149
113.601,-0.0003407520000000136,298.54019999999997,8.497528200000033
113.61099999999999,1.4819999999998723e-05,297.5466,6.508667400000149
113.62100000000001,-0.0003407520000000136,297.5466,8.497528200000033
113.631,-0.00016296600000001438,299.5338,6.508667400000149
113.64099999999999,-0.00016296600000001438,297.5466,6.508667400000149
113.65100000000001,0.00019260599999999795,298.54019999999997,4.519806600000038
113.661,-0.0003407520000000136,296.553,8.497528200000033
113.67099999999999,-0.00016296600000001438,295.5594,6.508667400000149
113.68799999999999,-0.00016296600000001438,294.56579999999997,4.519806600000038
113.69800000000001,-0.0003407520000000136,296.553,8.497528200000033
113.707,-0.0003407520000000136,295.5594,6.508667400000149
113.71699999999998,-0.0003407520000000136,295.5594,6.508667400000149
113.727,-0.00016296600000001438,293.5722,4.519806600000038
113.73599999999999,-0.0003407520000000136,297.5466,8.497528200000033
113.74600000000001,-0.00016296600000001438,297.5466,6.508667400000149
113.755,1.4819999999998723e-05,295.5594,4.519806600000038
113.76499999999999,-0.00016296600000001438,296.553,6.508667400000149
113.774,1.4819999999998723e-05,294.56579999999997,4.519806600000038
113.78399999999999,-0.0003407520000000136,295.5594,6.508667400000149
113.793,-0.00016296600000001438,297.5466,6.508667400000149
113.803,-0.00016296600000001438,296.553,6.508667400000149
113.81199999999998,-0.00016296600000001438,296.553,6.508667400000149
113.83099999999999,-0.00016296600000001438,298.54019999999997,6.508667400000149
113.84100000000001,-0.0003407520000000136,296.553,8.497528200000033
113.852,-0.00016296600000001438,297.5466,8.497528200000033
113.862,-0.00016296600000001438,296.553,6.508667400000149
113.87199999999999,-0.00016296600000001438,295.5594,6.508667400000149
113.882,-0.00016296600000001438,298.54019999999997,8.497528200000033
113.892,-0.00016296600000001438,298.54019999999997,8.497528200000033
113.90199999999999,-0.00016296600000001438,297.5466,8.497528200000033
113.912,-0.0003407520000000136,296.553,6.508667400000149
113.922,1.4819999999998723e-05,296.553,6.508667400000149
113.93199999999999,-0.00016296600000001438,297.5466,6.508667400000149
113.94200000000001,-0.00016296600000001438,296.553,6.508667400000149
113.952,-0.00016296600000001438,296.553,6.508667400000149
113.96199999999999,-0.00016296600000001438,297.5466,8.497528200000033
113.97200000000001,-0.00016296600000001438,294.56579999999997,8.497528200000033
113.982,-0.0003407520000000136,297.5466,8.497528200000033
113.99199999999999,-0.00016296600000001438,295.5594,6.508667400000149
114.00200000000001,-0.0003407520000000136,294.56579999999997,4.519806600000038
114.012,1.4819999999998723e-05,298.54019999999997,4.519806600000038
114.02199999999999,-0.00016296600000001438,297.5466,6.508667400000149
114.03199999999998,-0.00016296600000001438,298.54019999999997,8.497528200000033
114.042,-0.00016296600000001438,296.553,6.508667400000149
114.05199999999999,-0.0005185379999999989,297.5466,10.486389000000145
114.06199999999998,-0.00016296600000001438,298.54019999999997,6.508667400000149
114.072,-0.00016296600000001438,298.54019999999997,6.508667400000149
114.082,-0.0003407520000000136,297.5466,8.497528200000033
114.09199999999998,1.4819999999998723e-05,297.5466,6.508667400000149
114.102,-0.00016296600000001438,298.54019999999997,8.497528200000033
114.112,-0.0003407520000000136,296.553,6.508667400000149
114.13900000000001,1.4819999999998723e-05,298.54019999999997,2.5309457999999267
114.148,1.4819999999998723e-05,298.54019999999997,6.508667400000149
114.15799999999999,-0.0003407520000000136,298.54019999999997,8.497528200000033
114.167,-0.0003407520000000136,297.5466,8.497528200000033
114.17699999999999,-0.00016296600000001438,295.5594,4.519806600000038
114.18699999999998,1.4819999999998723e-05,300.5274,8.497528200000033
114.196,-0.0005185379999999989,297.5466,8.497528200000033
114.20599999999999,-0.0003407520000000136,298.54019999999997,8.497528200000033
114.215,-0.00016296600000001438,296.553,8.497528200000033
114.225,-0.0003407520000000136,295.5594,4.519806600000038
114.23400000000001,-0.0005185379999999989,297.5466,8.497528200000033
114.244,-0.0003407520000000136,299.5338,8.497528200000033
114.25299999999999,-0.0003407520000000136,297.5466,8.497528200000033
114.27199999999999,-0.0003407520000000136,296.553,6.508667400000149
114.28199999999998,-0.00016296600000001438,299.5338,6.508667400000149
114.292,-0.0003407520000000136,298.54019999999997,10.486389000000145
114.30199999999999,-0.00016296600000001438,298.54019999999997,6.508667400000149
114.31199999999998,-0.00016296600000001438,295.5594,4.519806600000038
114.322,-0.00016296600000001438,298.54019999999997,6.508667400000149
114.332,-0.00016296600000001438,299.5338,6.508667400000149
114.34199999999998,-0.0003407520000000136,297.5466,8.497528200000033
114.352,-0.0003407520000000136,297.5466,8.497528200000033
114.363,-0.00016296600000001438,295.5594,6.508667400000149
114.37199999999999,-0.00016296600000001438,297.5466,8.497528200000033
114.382,-0.0005185379999999989,298.54019999999997,10.486389000000145
114.392,1.4819999999998723e-05,298.54019999999997,6.508667400000149
114.40299999999999,-0.0003407520000000136,294.56579999999997,4.519806600000038
114.412,-0.00016296600000001438,297.5466,6.508667400000149
114.422,-0.0003407520000000136,294.56579999999997,6.508667400000149
114.43199999999999,1.4819999999998723e-05,299.5338,6.508667400000149
114.44200000000001,1.4819999999998723e-05,296.553,4.519806600000038
114.453,-0.00016296600000001438,296.553,4.519806600000038
114.46199999999999,-0.00016296600000001438,298.54019999999997,8.497528200000033
114.47299999999998,-0.00016296600000001438,297.5466,6.508667400000149
114.483,-0.00016296600000001438,298.54019999999997,8.497528200000033
114.493,-0.00016296600000001438,295.5594,6.508667400000149
114.50299999999999,-0.0003407520000000136,299.5338,8.497528200000033
114.513,-0.00016296600000001438,298.54019999999997,6.508667400000149
114.523,-0.00016296600000001438,296.553,6.508667400000149
114.53299999999999,-0.00016296600000001438,299.5338,8.497528200000033
114.543,-0.0003407520000000136,297.5466,4.519806600000038
114.553,-0.00016296600000001438,299.5338,8.497528200000033
114.56299999999999,-0.00016296600000001438,298.54019999999997,8.497528200000033
114.57300000000001,-0.00016296600000001438,297.5466,6.508667400000149
114.583,1.4819999999998723e-05,298.54019999999997,6.508667400000149
114.59299999999999,1.4819999999998723e-05,297.5466,6.508667400000149
114.60300000000001,-0.0003407520000000136,299.5338,8.497528200000033
114.613,-0.00016296600000001438,296.553,6.508667400000149
114.62299999999999,1.4819999999998723e-05,298.54019999999997,6.508667400000149
114.63300000000001,-0.00016296600000001438,298.54019999999997,6.508667400000149
114.678,-0.0003407520000000136,298.54019999999997,8.497528200000033
114.72299999999998,1.4819999999998723e-05,297.5466,4.519806600000038
114.733,-0.00016296600000001438,297.5466,8.497528200000033
114.743,1.4819999999998723e-05,296.553,6.508667400000149
114.75299999999999,-0.00016296600000001438,297.5466,8.497528200000033
114.763,-0.0003407520000000136,294.56579999999997,4.519806600000038
114.773,1.4819999999998723e-05,298.54019999999997,8.497528200000033
114.78299999999999,-0.00016296600000001438,299.5338,8.497528200000033
114.793,-0.00016296600000001438,297.5466,6.508667400000149
114.803,-0.00016296600000001438,297.5466,6.508667400000149
114.81299999999999,-0.00016296600000001438,295.5594,4.519806600000038
114.82300000000001,-0.00016296600000001438,296.553,8.497528200000033
114.833,1.4819999999998723e-05,299.5338,6.508667400000149
114.84299999999999,-0.0003407520000000136,299.5338,8.497528200000033
114.85300000000001,-0.0003407520000000136,297.5466,6.508667400000149
114.863,-0.00016296600000001438,298.54019999999997,6.508667400000149
114.87299999999999,1.4819999999998723e-05,297.5466,6.508667400000149
114.88300000000001,1.4819999999998723e-05,298.54019999999997,8.497528200000033
114.893,-0.0003407520000000136,295.5594,8.497528200000033
114.90299999999999,-0.00016296600000001438,295.5594,6.508667400000149
114.91299999999998,-0.00016296600000001438,300.5274,8.497528200000033
114.923,-0.00016296600000001438,298.54019999999997,8.497528200000033
114.93299999999999,1.4819999999998723e-05,298.54019999999997,6.508667400000149
114.94299999999998,-0.0003407520000000136,294.56579999999997,4.519806600000038
114.953,-0.00016296600000001438,298.54019999999997,8.497528200000033
114.963,-0.00016296600000001438,296.553,6.508667400000149
114.97299999999998,1.4819999999998723e-05,300.5274,6.508667400000149
114.983,1.4819999999998723e-05,297.5466,8.497528200000033
114.993,1.4819999999998723e-05,297.5466,4.519806600000038
115.00299999999999,-0.00016296600000001438,297.5466,6.508667400000149
115.013,-0.00016296600000001438,298.54019999999997,8.497528200000033
115.023,1.4819999999998723e-05,298.54019999999997,8.497528200000033
115.03399999999999,-0.00016296600000001438,295.5594,6.508667400000149
115.043,-0.0003407520000000136,297.5466,6.508667400000149
115.053,-0.0003407520000000136,297.5466,8.497528200000033
115.06299999999999,-0.0003407520000000136,298.54019999999997,6.508667400000149
115.07399999999998,-0.0003407520000000136,298.54019999999997,8.497528200000033
115.084,-0.00016296600000001438,297.5466,6.508667400000149
115.09299999999999,1.4819999999998723e-05,297.5466,6.508667400000149
115.10399999999998,-0.00016296600000001438,296.553,6.508667400000149
115.114,-0.00016296600000001438,299.5338,8.497528200000033
115.124,1.4819999999998723e-05,296.553,4.519806600000038
115.13399999999999,-0.00016296600000001438,297.5466,6.508667400000149
115.144,1.4819999999998723e-05,298.54019999999997,6.508667400000149
115.154,1.4819999999998723e-05,299.5338,6.508667400000149
115.16399999999999,1.4819999999998723e-05,300.5274,6.508667400000149
115.174,-0.00016296600000001438,298.54019999999997,6.508667400000149
115.184,-0.00016296600000001438,299.5338,8.497528200000033
115.19399999999999,-0.00016296600000001438,298.54019999999997,8.497528200000033
115.20400000000001,-0.00016296600000001438,300.5274,8.497528200000033
115.214,1.4819999999998723e-05,300.5274,6.508667400000149
115.22399999999999,-0.00016296600000001438,301.52099999999996,6.508667400000149
115.23400000000001,-0.0005185379999999989,301.52099999999996,8.497528200000033
115.244,-0.00016296600000001438,303.5082,8.497528200000033
115.25399999999999,-0.00016296600000001438,304.5018,6.508667400000149
115.26400000000001,-0.0003407520000000136,303.5082,8.497528200000033
115.274,-0.00016296600000001438,303.5082,8.497528200000033
115.28399999999999,-0.00016296600000001438,305.49539999999996,8.497528200000033
115.29399999999998,1.4819999999998723e-05,305.49539999999996,4.519806600000038
115.304,-0.0003407520000000136,307.4826,8.497528200000033
115.314,-0.00016296600000001438,306.489,6.508667400000149
115.32399999999998,-0.0003407520000000136,306.489,6.508667400000149
115.334,1.4819999999998723e-05,308.4762,8.497528200000033
115.344,-0.00016296600000001438,307.4826,6.508667400000149
115.35399999999998,-0.00016296600000001438,308.4762,6.508667400000149
115.364,-0.0005185379999999989,309.46979999999996,10.486389000000145
115.374,-0.00016296600000001438,309.46979999999996,8.497528200000033
115.38399999999999,1.4819999999998723e-05,309.46979999999996,8.497528200000033
115.394,-0.0003407520000000136,308.4762,6.508667400000149
115.404,1.4819999999998723e-05,308.4762,6.508667400000149
115.41399999999999,-0.00016296600000001438,310.4634,6.508667400000149
115.424,-0.00016296600000001438,310.4634,8.497528200000033
115.434,-0.0003407520000000136,309.46979999999996,6.508667400000149
115.44399999999999,-0.00016296600000001438,311.457,6.508667400000149
115.45400000000001,-0.0003407520000000136,310.4634,6.508667400000149
115.464,-0.00016296600000001438,310.4634,6.508667400000149
115.47399999999999,1.4819999999998723e-05,310.4634,6.508667400000149
115.48400000000001,-0.0005185379999999989,311.457,4.519806600000038
115.494,-0.00016296600000001438,311.457,8.497528200000033
115.50399999999999,-0.0003407520000000136,312.4506,8.497528200000033
115.51400000000001,-0.0003407520000000136,312.4506,8.497528200000033
115.524,1.4819999999998723e-05,312.4506,6.508667400000149
115.53399999999999,1.4819999999998723e-05,311.457,6.508667400000149
115.54399999999998,-0.00016296600000001438,312.4506,8.497528200000033
115.554,-0.0003407520000000136,313.44419999999997,8.497528200000033
115.564,-0.00016296600000001438,313.44419999999997,10.486389000000145
115.57900000000001,-0.00016296600000001438,311.457,6.508667400000149
115.588,-0.0005185379999999989,312.4506,8.497528200000033
115.59799999999998,-0.0003407520000000136,313.44419999999997,8.497528200000033
115.607,-0.0003407520000000136,313.44419999999997,8.497528200000033
115.61699999999999,1.4819999999998723e-05,313.44419999999997,6.508667400000149
115.626,-0.00016296600000001438,313.44419999999997,6.508667400000149
115.636,-0.00016296600000001438,313.44419999999997,6.508667400000149
115.64500000000001,-0.0003407520000000136,315.4314,8.497528200000033
115.66499999999999,-0.0003407520000000136,314.4378,4.519806600000038
115.674,-0.00016296600000001438,314.4378,8.497528200000033
115.684,-0.00016296600000001438,315.4314,8.497528200000033
115.69399999999999,-0.00016296600000001438,314.4378,8.497528200000033
115.70499999999998,-0.00016296600000001438,314.4378,4.519806600000038
115.715,-0.0003407520000000136,315.4314,8.497528200000033
115.725,-0.0003407520000000136,316.425,8.497528200000033
115.73499999999999,-0.00016296600000001438,316.425,8.497528200000033
115.745,1.4819999999998723e-05,316.425,6.508667400000149
115.755,-0.0003407520000000136,314.4378,4.519806600000038
115.76499999999999,-0.00016296600000001438,316.425,6.508667400000149
115.775,1.4819999999998723e-05,315.4314,6.508667400000149
115.785,-0.00016296600000001438,316.425,8.497528200000033
115.79499999999999,-0.00016296600000001438,315.4314,4.519806600000038
115.805,-0.00016296600000001438,315.4314,6.508667400000149
115.815,1.4819999999998723e-05,315.4314,6.508667400000149
115.82499999999999,-0.00016296600000001438,316.425,6.508667400000149
115.83500000000001,1.4819999999998723e-05,316.425,6.508667400000149
115.845,1.4819999999998723e-05,315.4314,4.519806600000038
115.85499999999999,1.4819999999998723e-05,316.425,6.508667400000149
115.86500000000001,-0.0003407520000000136,317.41859999999997,8.497528200000033
115.875,-0.00016296600000001438,316.425,6.508667400000149
115.88499999999999,-0.00016296600000001438,317.41859999999997,6.508667400000149
115.89500000000001,1.4819999999998723e-05,316.425,6.508667400000149
115.905,-0.0003407520000000136,317.41859999999997,6.508667400000149
115.91499999999999,-0.0003407520000000136,317.41859999999997,8.497528200000033
115.92499999999998,1.4819999999998723e-05,317.41859999999997,6.508667400000149
115.935,1.4819999999998723e-05,316.425,6.508667400000149
115.945,-0.00016296600000001438,317.41859999999997,6.508667400000149
115.95499999999998,-0.0003407520000000136,316.425,6.508667400000149
115.965,0.00019260599999999795,317.41859999999997,6.508667400000149
115.975,-0.00016296600000001438,317.41859999999997,6.508667400000149
115.98499999999999,-0.00016296600000001438,317.41859999999997,8.497528200000033
115.995,1.4819999999998723e-05,316.425,6.508667400000149
116.005,-0.00016296600000001438,317.41859999999997,6.508667400000149
116.01499999999999,-0.0003407520000000136,318.4122,6.508667400000149
116.025,-0.00016296600000001438,318.4122,6.508667400000149
116.035,-0.00016296600000001438,317.41859999999997,8.497528200000033
116.04499999999999,-0.00016296600000001438,318.4122,8.497528200000033
116.055,-0.0003407520000000136,317.41859999999997,6.508667400000149
116.065,-0.00016296600000001438,318.4122,6.508667400000149
116.07499999999999,-0.00016296600000001438,318.4122,8.497528200000033
116.08500000000001,-0.00016296600000001438,319.4058,8.497528200000033
116.095,-0.0003407520000000136,318.4122,6.508667400000149
116.10499999999999,-0.0003407520000000136,318.4122,6.508667400000149
116.11500000000001,-0.0003407520000000136,317.41859999999997,4.519806600000038
116.125,1.4819999999998723e-05,318.4122,6.508667400000149
116.13499999999999,-0.0003407520000000136,318.4122,8.497528200000033
116.14500000000001,-0.00016296600000001438,319.4058,8.497528200000033
116.155,1.4819999999998723e-05,318.4122,6.508667400000149
116.16499999999999,1.4819999999998723e-05,318.4122,6.508667400000149
116.17499999999998,-0.00016296600000001438,318.4122,8.497528200000033
116.185,-0.00016296600000001438,319.4058,8.497528200000033
116.195,-0.0003407520000000136,318.4122,8.497528200000033
116.20499999999998,-0.00016296600000001438,318.4122,4.519806600000038
116.215,1.4819999999998723e-05,319.4058,6.508667400000149
116.225,-0.00016296600000001438,320.3994,8.497528200000033
116.23499999999999,1.4819999999998723e-05,319.4058,6.508667400000149
116.245,-0.0003407520000000136,319.4058,6.508667400000149
116.255,-0.00016296600000001438,319.4058,6.508667400000149
116.26499999999999,-0.0003407520000000136,319.4058,8.497528200000033
116.275,1.4819999999998723e-05,319.4058,6.508667400000149
116.285,1.4819999999998723e-05,319.4058,6.508667400000149
116.29599999999999,1.4819999999998723e-05,319.4058,4.519806600000038
116.305,-0.00016296600000001438,319.4058,6.508667400000149
116.315,1.4819999999998723e-05,319.4058,6.508667400000149
116.32499999999999,-0.00016296600000001438,320.3994,8.497528200000033
116.33599999999998,-0.00016296600000001438,319.4058,4.519806600000038
116.345,-0.0003407520000000136,321.393,10.486389000000145
116.356,-0.00016296600000001438,319.4058,4.519806600000038
116.36599999999999,1.4819999999998723e-05,320.3994,8.497528200000033
116.376,1.4819999999998723e-05,320.3994,6.508667400000149
116.386,-0.00016296600000001438,319.4058,4.519806600000038
116.39599999999999,1.4819999999998723e-05,320.3994,6.508667400000149
116.406,-0.0003407520000000136,320.3994,8.497528200000033
116.416,-0.0003407520000000136,320.3994,8.497528200000033
116.42599999999999,-0.0003407520000000136,320.3994,6.508667400000149
116.436,0.00019260599999999795,319.4058,4.519806600000038
116.446,-0.00016296600000001438,321.393,8.497528200000033
116.45599999999999,-0.00016296600000001438,321.393,8.497528200000033
116.46600000000001,-0.00016296600000001438,320.3994,8.497528200000033
116.476,-0.00016296600000001438,320.3994,4.519806600000038
116.48599999999999,-0.00016296600000001438,321.393,6.508667400000149
116.49600000000001,1.4819999999998723e-05,321.393,6.508667400000149
116.506,-0.0003407520000000136,321.393,6.508667400000149
116.524,1.4819999999998723e-05,318.4122,4.519806600000038
116.53299999999999,-0.0003407520000000136,319.4058,6.508667400000149
116.543,-0.0003407520000000136,321.393,6.508667400000149
116.55199999999999,-0.00016296600000001438,319.4058,6.508667400000149
116.56199999999998,-0.0005185379999999989,320.3994,4.519806600000038
116.571,-0.0003407520000000136,319.4058,6.508667400000149
116.58099999999999,-0.0003407520000000136,321.393,6.508667400000149
116.59,-0.00016296600000001438,321.393,6.508667400000149
116.6,-0.00016296600000001438,321.393,8.497528200000033
116.60999999999999,-0.00016296600000001438,322.3866,4.519806600000038
116.619,-0.00016296600000001438,322.3866,8.497528200000033
116.62899999999999,0.00019260599999999795,321.393,6.508667400000149
116.638,-0.00016296600000001438,322.3866,6.508667400000149
116.648,-0.00016296600000001438,321.393,6.508667400000149
116.65699999999998,-0.0003407520000000136,322.3866,6.508667400000149
116.67599999999999,-0.00016296600000001438,322.3866,8.497528200000033
116.686,-0.00016296600000001438,323.3802,8.497528200000033
116.696,-0.00016296600000001438,321.393,6.508667400000149
116.70599999999999,-0.00016296600000001438,323.3802,6.508667400000149
116.71600000000001,-0.00016296600000001438,323.3802,8.497528200000033
116.726,-0.0003407520000000136,322.3866,10.486389000000145
116.73599999999999,-0.0003407520000000136,322.3866,8.497528200000033
116.74600000000001,-0.0005185379999999989,321.393,2.5309457999999267
116.756,-0.00016296600000001438,321.393,6.508667400000149
116.76599999999999,1.4819999999998723e-05,322.3866,6.508667400000149
116.77600000000001,1.4819999999998723e-05,322.3866,6.508667400000149
116.786,-0.0003407520000000136,321.393,4.519806600000038
116.79599999999999,-0.00016296600000001438,323.3802,8.497528200000033
116.80599999999998,-0.0003407520000000136,322.3866,6.508667400000149
116.816,-0.0003407520000000136,323.3802,8.497528200000033
116.826,-0.0003407520000000136,323.3802,8.497528200000033
116.83699999999999,-0.0003407520000000136,323.3802,8.497528200000033
116.846,1.4819999999998723e-05,323.3802,8.497528200000033
116.88399999999999,1.4819999999998723e-05,318.4122,2.5309457999999267
116.893,-0.00016296600000001438,318.4122,6.508667400000149
116.90299999999999,-0.0003407520000000136,321.393,8.497528200000033
116.912,-0.00016296600000001438,319.4058,4.519806600000038
116.922,1.4819999999998723e-05,320.3994,4.519806600000038
116.93199999999999,-0.0003407520000000136,321.393,8.497528200000033
116.941,-0.00016296600000001438,323.3802,8.497528200000033
116.951,-0.0003407520000000136,322.3866,6.508667400000149
116.96000000000001,-0.0003407520000000136,323.3802,8.497528200000033
116.97,-0.0005185379999999989,321.393,2.5309457999999267
116.97899999999998,-0.00016296600000001438,323.3802,8.497528200000033
116.989,-0.00016296600000001438,323.3802,6.508667400000149
116.99799999999999,1.4819999999998723e-05,323.3802,8.497528200000033
117.00800000000001,-0.00016296600000001438,323.3802,8.497528200000033
117.017,-0.0003407520000000136,322.3866,4.519806600000038
117.037,-0.00016296600000001438,323.3802,8.497528200000033
117.047,-0.00016296600000001438,324.37379999999996,8.497528200000033
117.05699999999999,1.4819999999998723e-05,323.3802,4.519806600000038
117.06700000000001,-0.00016296600000001438,324.37379999999996,8.497528200000033
117.077,-0.0003407520000000136,324.37379999999996,6.508667400000149
117.08699999999999,-0.0003407520000000136,325.3674,8.497528200000033
117.09700000000001,-0.0005185379999999989,324.37379999999996,8.497528200000033
117.107,-0.00016296600000001438,323.3802,4.519806600000038
117.11699999999999,-0.00016296600000001438,325.3674,8.497528200000033
117.12700000000001,-0.00016296600000001438,324.37379999999996,8.497528200000033
117.137,-0.0003407520000000136,324.37379999999996,8.497528200000033
117.14699999999999,1.4819999999998723e-05,324.37379999999996,8.497528200000033
117.15699999999998,-0.00016296600000001438,323.3802,8.497528200000033
117.167,-0.0003407520000000136,324.37379999999996,8.497528200000033
117.19899999999998,-0.0003407520000000136,321.393,8.497528200000033
117.244,-0.00016296600000001438,317.41859999999997,4.519806600000038
117.25299999999999,1.4819999999998723e-05,317.41859999999997,6.508667400000149
117.263,1.4819999999998723e-05,319.4058,6.508667400000149
117.27199999999999,-0.00016296600000001438,320.3994,8.497528200000033
117.28199999999998,-0.00016296600000001438,319.4058,4.519806600000038
117.292,1.4819999999998723e-05,320.3994,6.508667400000149
117.30099999999999,1.4819999999998723e-05,323.3802,8.497528200000033
117.31,1.4819999999998723e-05,322.3866,8.497528200000033
117.32,-0.0003407520000000136,323.3802,8.497528200000033
117.32999999999998,-0.0003407520000000136,320.3994,2.5309457999999267
117.339,-0.0003407520000000136,323.3802,6.508667400000149
117.34899999999999,-0.00016296600000001438,323.3802,8.497528200000033
117.358,-0.00016296600000001438,323.3802,6.508667400000149
117.37700000000001,-0.00016296600000001438,322.3866,4.519806600000038
117.387,-0.00016296600000001438,324.37379999999996,6.508667400000149
117.39699999999999,-0.0003407520000000136,324.37379999999996,8.497528200000033
117.40699999999998,-0.00016296600000001438,324.37379999999996,6.508667400000149
117.417,-0.0003407520000000136,324.37379999999996,8.497528200000033
117.42699999999999,-0.00016296600000001438,325.3674,8.497528200000033
117.43699999999998,1.4819999999998723e-05,324.37379999999996,6.508667400000149
117.447,-0.0003407520000000136,325.3674,8.497528200000033
117.457,1.4819999999998723e-05,324.37379999999996,6.508667400000149
117.469,-0.0003407520000000136,323.3802,6.508667400000149
117.47800000000001,1.4819999999998723e-05,324.37379999999996,8.497528200000033
117.49699999999999,-0.0003407520000000136,325.3674,8.497528200000033
117.50800000000001,-0.0003407520000000136,325.3674,6.508667400000149
117.517,1.4819999999998723e-05,325.3674,6.508667400000149
117.52699999999999,-0.0003407520000000136,326.361,10.486389000000145
117.537,-0.0003407520000000136,325.3674,10.486389000000145
117.547,1.4819999999998723e-05,325.3674,6.508667400000149
117.55799999999999,-0.00016296600000001438,325.3674,4.519806600000038
117.56700000000001,-0.00016296600000001438,326.361,8.497528200000033
117.577,-0.0003407520000000136,326.361,8.497528200000033
117.58699999999999,-0.0003407520000000136,327.3546,10.486389000000145
117.59799999999998,-0.00016296600000001438,326.361,6.508667400000149
117.608,-0.00016296600000001438,326.361,8.497528200000033
117.618,1.4819999999998723e-05,326.361,8.497528200000033
117.649,-0.00016296600000001438,322.3866,6.508667400000149
117.668,-0.00016296600000001438,323.3802,6.508667400000149
117.678,-0.00016296600000001438,324.37379999999996,8.497528200000033
117.68799999999999,1.4819999999998723e-05,325.3674,6.508667400000149
117.69800000000001,1.4819999999998723e-05,324.37379999999996,6.508667400000149
117.708,1.4819999999998723e-05,325.3674,6.508667400000149
117.71799999999999,1.4819999999998723e-05,324.37379999999996,6.508667400000149
117.72800000000001,1.4819999999998723e-05,325.3674,6.508667400000149
117.738,-0.00016296600000001438,324.37379999999996,4.519806600000038
117.74799999999999,1.4819999999998723e-05,326.361,8.497528200000033
117.75800000000001,-0.00016296600000001438,326.361,6.508667400000149
117.768,-0.0003407520000000136,326.361,6.508667400000149
117.77799999999999,-0.00016296600000001438,326.361,6.508667400000149
117.78799999999998,-0.00016296600000001438,326.361,8.497528200000033
117.798,-0.0003407520000000136,327.3546,8.497528200000033
117.80799999999999,-0.0005185379999999989,326.361,8.497528200000033
117.81799999999998,-0.00016296600000001438,326.361,6.508667400000149
117.828,-0.00016296600000001438,326.361,6.508667400000149
117.838,-0.00016296600000001438,326.361,6.508667400000149
117.84799999999998,-0.00016296600000001438,327.3546,6.508667400000149
117.858,-0.00016296600000001438,327.3546,8.497528200000033
117.868,-0.0003407520000000136,327.3546,6.508667400000149
117.87799999999999,1.4819999999998723e-05,327.3546,6.508667400000149
117.888,-0.00016296600000001438,328.34819999999996,8.497528200000033
117.898,-0.00016296600000001438,327.3546,6.508667400000149
117.90799999999999,1.4819999999998723e-05,326.361,8.497528200000033
117.918,-0.00016296600000001438,326.361,4.519806600000038
117.928,-0.00016296600000001438,327.3546,8.497528200000033
117.93799999999999,-0.0003407520000000136,327.3546,8.497528200000033
117.94800000000001,-0.0003407520000000136,328.34819999999996,8.497528200000033
117.958,-0.0005185379999999989,327.3546,8.497528200000033
117.96799999999999,1.4819999999998723e-05,327.3546,8.497528200000033
117.97800000000001,-0.00016296600000001438,327.3546,8.497528200000033
117.988,-0.00016296600000001438,328.34819999999996,6.508667400000149
117.99799999999999,-0.0005185379999999989,327.3546,8.497528200000033
118.00800000000001,-0.0005185379999999989,327.3546,6.508667400000149
118.018,-0.00016296600000001438,328.34819999999996,8.497528200000033
118.02799999999999,-0.00016296600000001438,328.34819999999996,8.497528200000033
118.03799999999998,-0.00016296600000001438,329.3418,6.508667400000149
118.048,-0.00016296600000001438,327.3546,4.519806600000038
118.05799999999999,-0.00016296600000001438,328.34819999999996,6.508667400000149
118.06799999999998,1.4819999999998723e-05,327.3546,4.519806600000038
118.078,1.4819999999998723e-05,327.3546,6.508667400000149
118.088,-0.00016296600000001438,328.34819999999996,6.508667400000149
118.09799999999998,-0.0003407520000000136,328.34819999999996,4.519806600000038
118.108,-0.0005185379999999989,328.34819999999996,8.497528200000033
118.118,-0.0003407520000000136,328.34819999999996,8.497528200000033
118.12799999999999,-0.0003407520000000136,328.34819999999996,8.497528200000033
118.13900000000001,-0.00016296600000001438,328.34819999999996,6.508667400000149
118.148,-0.00016296600000001438,328.34819999999996,8.497528200000033
118.15799999999999,-0.0003407520000000136,329.3418,8.497528200000033
118.168,1.4819999999998723e-05,328.34819999999996,6.508667400000149
118.178,1.4819999999998723e-05,329.3418,6.508667400000149
118.189,-0.0003407520000000136,327.3546,6.508667400000149
118.19800000000001,1.4819999999998723e-05,327.3546,6.508667400000149
118.208,-0.00016296600000001438,329.3418,6.508667400000149
118.21799999999999,-0.00016296600000001438,329.3418,8.497528200000033
118.22899999999998,-0.00016296600000001438,328.34819999999996,4.519806600000038
118.239,-0.0003407520000000136,328.34819999999996,6.508667400000149
118.249,-0.00016296600000001438,329.3418,8.497528200000033
118.25899999999999,-0.00016296600000001438,329.3418,8.497528200000033
118.269,-0.00016296600000001438,329.3418,8.497528200000033
118.279,-0.0003407520000000136,329.3418,4.519806600000038
118.28899999999999,-0.00016296600000001438,329.3418,6.508667400000149
118.299,-0.00016296600000001438,329.3418,8.497528200000033
118.309,-0.0003407520000000136,329.3418,6.508667400000149
118.31899999999999,-0.00016296600000001438,328.34819999999996,4.519806600000038
118.32900000000001,-0.0003407520000000136,330.3354,8.497528200000033
118.339,-0.00016296600000001438,329.3418,6.508667400000149
118.34899999999999,-0.0003407520000000136,330.3354,8.497528200000033
118.35900000000001,1.4819999999998723e-05,329.3418,6.508667400000149
118.369,-0.0003407520000000136,328.34819999999996,6.508667400000149
118.37899999999999,-0.00016296600000001438,329.3418,6.508667400000149
118.38900000000001,-0.0003407520000000136,331.329,8.497528200000033
118.399,-0.00016296600000001438,329.3418,8.497528200000033
118.41399999999999,-0.0005185379999999989,326.361,4.519806600000038
118.423,-0.0003407520000000136,329.3418,8.497528200000033
118.43299999999999,-0.00016296600000001438,329.3418,8.497528200000033
118.44200000000001,-0.00016296600000001438,329.3418,6.508667400000149
118.452,-0.0003407520000000136,328.34819999999996,4.519806600000038
118.46199999999999,-0.0003407520000000136,330.3354,8.497528200000033
118.471,-0.0003407520000000136,330.3354,8.497528200000033
118.481,0.00019260599999999795,329.3418,6.508667400000149
118.49000000000001,-0.0003407520000000136,330.3354,8.497528200000033
118.5,-0.00016296600000001438,330.3354,2.5309457999999267
118.519,-0.0003407520000000136,330.3354,6.508667400000149
118.529,-0.0003407520000000136,331.329,6.508667400000149
118.53899999999999,-0.00016296600000001438,330.3354,8.497528200000033
118.549,-0.00016296600000001438,330.3354,8.497528200000033
118.559,-0.0003407520000000136,331.329,8.497528200000033
118.56899999999999,1.4819999999998723e-05,330.3354,6.508667400000149
118.57900000000001,1.4819999999998723e-05,330.3354,6.508667400000149
118.589,-0.0003407520000000136,330.3354,6.508667400000149
118.59899999999999,1.4819999999998723e-05,330.3354,6.508667400000149
118.60900000000001,-0.00016296600000001438,331.329,8.497528200000033
118.619,-0.0003407520000000136,331.329,8.497528200000033
118.62899999999999,-0.0003407520000000136,330.3354,8.497528200000033
118.63900000000001,-0.0003407520000000136,330.3354,6.508667400000149
118.649,-0.00016296600000001438,331.329,8.497528200000033
118.65899999999999,-0.00016296600000001438,330.3354,6.508667400000149
118.66899999999998,-0.00016296600000001438,331.329,8.497528200000033
118.679,-0.00016296600000001438,331.329,6.508667400000149
118.689,-0.0003407520000000136,331.329,8.497528200000033
118.69899999999998,-0.00016296600000001438,331.329,8.497528200000033
118.709,-0.00016296600000001438,331.329,8.497528200000033
118.719,-0.0005185379999999989,331.329,8.497528200000033
118.72899999999998,1.4819999999998723e-05,330.3354,4.519806600000038
118.739,-0.0003407520000000136,331.329,8.497528200000033
118.749,-0.00016296600000001438,330.3354,8.497528200000033
118.75899999999999,1.4819999999998723e-05,331.329,8.497528200000033
118.77000000000001,-0.00016296600000001438,331.329,4.519806600000038
118.779,1.4819999999998723e-05,330.3354,6.508667400000149
118.78899999999999,-0.00016296600000001438,331.329,8.497528200000033
118.799,-0.0003407520000000136,331.329,8.497528200000033
118.81,1.4819999999998723e-05,331.329,6.508667400000149
118.82,1.4819999999998723e-05,330.3354,4.519806600000038
118.82900000000001,-0.00016296600000001438,331.329,6.508667400000149
118.839,-0.00016296600000001438,331.329,6.508667400000149
118.84899999999999,1.4819999999998723e-05,331.329,8.497528200000033
118.85999999999999,-0.00016296600000001438,331.329,6.508667400000149
118.87,-0.00016296600000001438,331.329,6.508667400000149
118.88,-0.00016296600000001438,332.32259999999997,6.508667400000149
118.88999999999999,1.4819999999998723e-05,331.329,6.508667400000149
118.9,1.4819999999998723e-05,332.32259999999997,6.508667400000149
118.91,1.4819999999998723e-05,331.329,6.508667400000149
118.91999999999999,-0.0003407520000000136,331.329,6.508667400000149
118.93,-0.0003407520000000136,332.32259999999997,8.497528200000033
118.94,-0.00016296600000001438,332.32259999999997,8.497528200000033
118.94999999999999,-0.0003407520000000136,330.3354,4.519806600000038
118.96000000000001,-0.00016296600000001438,332.32259999999997,8.497528200000033
118.97,-0.00016296600000001438,332.32259999999997,6.508667400000149
118.97999999999999,-0.00016296600000001438,332.32259999999997,6.508667400000149
118.99000000000001,-0.0005185379999999989,331.329,6.508667400000149
119.0,1.4819999999998723e-05,332.32259999999997,6.508667400000149
119.00999999999999,-0.00016296600000001438,331.329,6.508667400000149
119.02000000000001,1.4819999999998723e-05,332.32259999999997,6.508667400000149
119.03,-0.00016296600000001438,331.329,8.497528200000033
119.03999999999999,-0.00016296600000001438,332.32259999999997,4.519806600000038
119.04999999999998,1.4819999999998723e-05,331.329,6.508667400000149
119.06,-0.00016296600000001438,332.32259999999997,8.497528200000033
119.07,-0.0003407520000000136,332.32259999999997,6.508667400000149
119.07999999999998,-0.0003407520000000136,332.32259999999997,6.508667400000149
119.09,-0.00016296600000001438,332.32259999999997,8.497528200000033
119.1,-0.00016296600000001438,332.32259999999997,6.508667400000149
119.10999999999999,-0.00016296600000001438,332.32259999999997,8.497528200000033
119.12,-0.00016296600000001438,332.32259999999997,8.497528200000033
119.13,1.4819999999998723e-05,332.32259999999997,4.519806600000038
119.13999999999999,-0.00016296600000001438,333.3162,8.497528200000033
119.15,0.00019260599999999795,332.32259999999997,6.508667400000149
119.16,-0.00016296600000001438,333.3162,6.508667400000149
119.16999999999999,-0.00016296600000001438,331.329,4.519806600000038
119.18,-0.0003407520000000136,333.3162,8.497528200000033
119.19,1.4819999999998723e-05,332.32259999999997,8.497528200000033
119.19999999999999,1.4819999999998723e-05,333.3162,6.508667400000149
119.21000000000001,-0.00016296600000001438,332.32259999999997,8.497528200000033
119.22,-0.0005185379999999989,331.329,4.519806600000038
119.22999999999999,-0.0005185379999999989,332.32259999999997,10.486389000000145
119.24000000000001,1.4819999999998723e-05,333.3162,8.497528200000033
119.25,-0.00016296600000001438,333.3162,6.508667400000149
119.25999999999999,-0.00016296600000001438,333.3162,6.508667400000149
119.27000000000001,-0.00016296600000001438,334.3098,8.497528200000033
119.28,-0.0005185379999999989,333.3162,8.497528200000033
119.28999999999999,-0.0003407520000000136,333.3162,8.497528200000033
119.29999999999998,-0.0003407520000000136,333.3162,8.497528200000033
119.31,1.4819999999998723e-05,333.3162,4.519806600000038
119.32,-0.0003407520000000136,334.3098,8.497528200000033
119.32999999999998,1.4819999999998723e-05,332.32259999999997,6.508667400000149
119.34,1.4819999999998723e-05,333.3162,6.508667400000149
119.35,-0.00016296600000001438,333.3162,4.519806600000038
119.35999999999999,-0.0003407520000000136,333.3162,6.508667400000149
119.37,-0.00016296600000001438,333.3162,6.508667400000149
119.38,-0.0003407520000000136,334.3098,8.497528200000033
119.38999999999999,-0.00016296600000001438,333.3162,8.497528200000033
119.40100000000001,-0.0005185379999999989,334.3098,4.519806600000038
119.41,-0.00016296600000001438,334.3098,8.497528200000033
119.41999999999999,-0.00016296600000001438,333.3162,6.508667400000149
119.43,1.4819999999998723e-05,333.3162,6.508667400000149
119.441,-0.00016296600000001438,333.3162,4.519806600000038
119.44999999999999,-0.00016296600000001438,334.3098,6.508667400000149
119.46099999999998,-0.00016296600000001438,335.3034,8.497528200000033
119.47,-0.00016296600000001438,334.3098,6.508667400000149
119.481,-0.00016296600000001438,334.3098,6.508667400000149
119.49099999999999,-0.0003407520000000136,332.32259999999997,6.508667400000149
119.501,-0.00016296600000001438,333.3162,6.508667400000149
119.511,-0.0003407520000000136,334.3098,6.508667400000149
119.52099999999999,1.4819999999998723e-05,333.3162,6.508667400000149
119.531,-0.00016296600000001438,334.3098,4.519806600000038
119.541,-0.00016296600000001438,334.3098,6.508667400000149
119.55099999999999,-0.0005185379999999989,334.3098,8.497528200000033
119.561,-0.00016296600000001438,334.3098,8.497528200000033
119.571,-0.00016296600000001438,335.3034,8.497528200000033
119.58099999999999,-0.00016296600000001438,334.3098,6.508667400000149
119.59100000000001,1.4819999999998723e-05,333.3162,6.508667400000149
119.601,1.4819999999998723e-05,335.3034,6.508667400000149
119.61099999999999,-0.00016296600000001438,334.3098,6.508667400000149
119.62100000000001,1.4819999999998723e-05,335.3034,6.508667400000149
119.631,-0.00016296600000001438,335.3034,8.497528200000033
119.64099999999999,-0.00016296600000001438,334.3098,8.497528200000033
119.65100000000001,-0.0003407520000000136,335.3034,10.486389000000145
119.661,-0.00016296600000001438,334.3098,4.519806600000038
119.67099999999999,1.4819999999998723e-05,334.3098,6.508667400000149
119.68099999999998,-0.0003407520000000136,334.3098,8.497528200000033
119.719,-0.00016296600000001438,330.3354,8.497528200000033
119.76400000000001,-0.00016296600000001438,326.361,4.519806600000038
119.774,-0.00016296600000001438,328.34819999999996,8.497528200000033
119.78299999999999,-0.00016296600000001438,329.3418,10.486389000000145
119.793,-0.00016296600000001438,330.3354,6.508667400000149
119.80199999999999,-0.00016296600000001438,329.3418,6.508667400000149
119.821,-0.0003407520000000136,332.32259999999997,8.497528200000033
119.83099999999999,-0.0005185379999999989,331.329,8.497528200000033
119.84100000000001,-0.0005185379999999989,332.32259999999997,10.486389000000145
119.851,-0.00016296600000001438,331.329,6.508667400000149
119.86099999999999,-0.00016296600000001438,333.3162,6.508667400000149
119.87100000000001,-0.00016296600000001438,333.3162,8.497528200000033
119.881,-0.0003407520000000136,334.3098,10.486389000000145
119.89099999999999,-0.0003407520000000136,332.32259999999997,6.508667400000149
119.90100000000001,-0.0003407520000000136,332.32259999999997,6.508667400000149
119.911,-0.00016296600000001438,333.3162,6.508667400000149
119.92099999999999,-0.0005185379999999989,334.3098,8.497528200000033
119.93099999999998,-0.00016296600000001438,334.3098,8.497528200000033
119.941,-0.00016296600000001438,334.3098,4.519806600000038
119.951,-0.00016296600000001438,335.3034,8.497528200000033
119.96099999999998,-0.0003407520000000136,334.3098,6.508667400000149
119.971,1.4819999999998723e-05,334.3098,8.497528200000033
119.982,-0.0003407520000000136,335.3034,4.519806600000038
119.99099999999999,1.4819999999998723e-05,334.3098,6.508667400000149
120.001,-0.0003407520000000136,335.3034,8.497528200000033
120.011,-0.00016296600000001438,334.3098,6.508667400000149
120.02099999999999,-0.0003407520000000136,334.3098,8.497528200000033
120.03199999999998,-0.00016296600000001438,334.3098,4.519806600000038
120.041,-0.00016296600000001438,336.29699999999997,8.497528200000033
120.05099999999999,-0.0003407520000000136,335.3034,8.497528200000033
120.061,-0.00016296600000001438,335.3034,8.497528200000033
120.072,-0.0006963239999999982,336.29699999999997,8.497528200000033
120.08099999999999,0.00019260599999999795,335.3034,6.508667400000149
120.09100000000001,-0.00016296600000001438,335.3034,8.497528200000033
120.101,-0.00016296600000001438,335.3034,6.508667400000149
120.112,-0.00016296600000001438,335.3034,8.497528200000033
120.12199999999999,-0.00016296600000001438,335.3034,4.519806600000038
120.132,-0.0003407520000000136,335.3034,8.497528200000033
120.142,-0.00016296600000001438,335.3034,6.508667400000149
120.15199999999999,-0.0003407520000000136,335.3034,6.508667400000149
120.162,-0.0003407520000000136,335.3034,4.519806600000038
120.172,-0.00016296600000001438,335.3034,8.497528200000033
120.18199999999999,1.4819999999998723e-05,336.29699999999997,6.508667400000149
120.19200000000001,-0.00016296600000001438,336.29699999999997,10.486389000000145
120.202,-0.00016296600000001438,336.29699999999997,6.508667400000149
120.21199999999999,-0.00016296600000001438,335.3034,4.519806600000038
120.22200000000001,-0.00016296600000001438,336.29699999999997,8.497528200000033
120.232,-0.0003407520000000136,336.29699999999997,8.497528200000033
120.24199999999999,-0.0003407520000000136,336.29699999999997,6.508667400000149
120.25200000000001,-0.0003407520000000136,336.29699999999997,6.508667400000149
120.262,-0.00016296600000001438,336.29699999999997,8.497528200000033
120.27199999999999,-0.00016296600000001438,335.3034,6.508667400000149
120.28199999999998,-0.00016296600000001438,336.29699999999997,6.508667400000149
120.292,-0.00016296600000001438,336.29699999999997,8.497528200000033
120.304,1.4819999999998723e-05,336.29699999999997,4.519806600000038
120.314,1.4819999999998723e-05,336.29699999999997,8.497528200000033
120.32300000000001,-0.0003407520000000136,337.2906,6.508667400000149
120.34199999999998,-0.00016296600000001438,336.29699999999997,6.508667400000149
120.352,-0.00016296600000001438,337.2906,8.497528200000033
120.362,-0.0003407520000000136,337.2906,8.497528200000033
120.37199999999999,-0.00016296600000001438,336.29699999999997,8.497528200000033
120.382,-0.00016296600000001438,336.29699999999997,6.508667400000149
120.392,-0.0003407520000000136,337.2906,4.519806600000038
120.40199999999999,-0.00016296600000001438,337.2906,6.508667400000149
120.412,1.4819999999998723e-05,338.2842,8.497528200000033
120.422,-0.00016296600000001438,337.2906,8.497528200000033
120.43199999999999,-0.00016296600000001438,336.29699999999997,6.508667400000149
120.44200000000001,-0.00016296600000001438,337.2906,6.508667400000149
120.452,-0.00016296600000001438,337.2906,6.508667400000149
120.46199999999999,-0.0003407520000000136,339.2778,8.497528200000033
120.47200000000001,1.4819999999998723e-05,338.2842,6.508667400000149
120.482,-0.00016296600000001438,337.2906,4.519806600000038
120.49199999999999,-0.00016296600000001438,337.2906,6.508667400000149
120.50200000000001,1.4819999999998723e-05,338.2842,6.508667400000149
120.512,-0.00016296600000001438,338.2842,8.497528200000033
120.52199999999999,-0.00016296600000001438,336.29699999999997,2.5309457999999267
120.53199999999998,-0.00016296600000001438,337.2906,8.497528200000033
120.542,-0.00016296600000001438,337.2906,6.508667400000149
120.55199999999999,-0.00016296600000001438,337.2906,8.497528200000033
120.56199999999998,1.4819999999998723e-05,338.2842,6.508667400000149
120.57300000000001,-0.0005185379999999989,337.2906,4.519806600000038
120.582,-0.00016296600000001438,337.2906,6.508667400000149
120.59199999999998,-0.0003407520000000136,338.2842,8.497528200000033
120.602,-0.00016296600000001438,337.2906,8.497528200000033
120.613,-0.00016296600000001438,337.2906,4.519806600000038
120.62199999999999,-0.00016296600000001438,338.2842,6.508667400000149
120.632,-0.00016296600000001438,337.2906,6.508667400000149
120.642,-0.00016296600000001438,338.2842,6.508667400000149
120.65199999999999,-0.00016296600000001438,338.2842,8.497528200000033
120.66299999999998,0.00019260599999999795,338.2842,4.519806600000038
120.672,-0.00016296600000001438,338.2842,6.508667400000149
120.68199999999999,-0.0003407520000000136,339.2778,8.497528200000033
120.69200000000001,-0.00016296600000001438,338.2842,6.508667400000149
120.703,-0.0003407520000000136,338.2842,4.519806600000038
120.71199999999999,0.00019260599999999795,338.2842,6.508667400000149
120.72200000000001,-0.00016296600000001438,338.2842,6.508667400000149
120.733,-0.00016296600000001438,337.2906,6.508667400000149
120.743,-0.0003407520000000136,337.2906,6.508667400000149
120.75299999999999,-0.00016296600000001438,338.2842,4.519806600000038
120.763,1.4819999999998723e-05,339.2778,6.508667400000149
120.773,-0.00016296600000001438,338.2842,6.508667400000149
120.78299999999999,1.4819999999998723e-05,338.2842,4.519806600000038
120.793,-0.0003407520000000136,339.2778,6.508667400000149
120.803,-0.00016296600000001438,339.2778,6.508667400000149
120.81299999999999,-0.00016296600000001438,338.2842,6.508667400000149
120.82300000000001,-0.00016296600000001438,339.2778,8.497528200000033
120.833,-0.00016296600000001438,338.2842,6.508667400000149
120.84299999999999,-0.0003407520000000136,338.2842,2.5309457999999267
120.85300000000001,1.4819999999998723e-05,337.2906,6.508667400000149
120.863,1.4819999999998723e-05,340.27139999999997,8.497528200000033
120.87299999999999,-0.0005185379999999989,339.2778,6.508667400000149
120.88300000000001,1.4819999999998723e-05,339.2778,4.519806600000038
120.893,-0.00016296600000001438,338.2842,8.497528200000033
120.90299999999999,-0.0003407520000000136,339.2778,8.497528200000033
120.91299999999998,-0.0003407520000000136,340.27139999999997,10.486389000000145
120.923,-0.0003407520000000136,340.27139999999997,8.497528200000033
120.93299999999999,-0.00016296600000001438,338.2842,4.519806600000038
120.94299999999998,-0.00016296600000001438,338.2842,6.508667400000149
120.953,-0.00016296600000001438,340.27139999999997,8.497528200000033
120.963,-0.00016296600000001438,340.27139999999997,6.508667400000149
120.97299999999998,1.4819999999998723e-05,338.2842,2.5309457999999267
120.983,-0.00016296600000001438,340.27139999999997,8.497528200000033
120.993,-0.0003407520000000136,339.2778,8.497528200000033
121.00299999999999,1.4819999999998723e-05,339.2778,8.497528200000033
121.013,-0.00016296600000001438,340.27139999999997,6.508667400000149
121.023,-0.00016296600000001438,338.2842,4.519806600000038
121.03299999999999,-0.00016296600000001438,340.27139999999997,8.497528200000033
121.043,-0.00016296600000001438,341.265,8.497528200000033
121.053,-0.00016296600000001438,339.2778,8.497528200000033
121.06299999999999,1.4819999999998723e-05,340.27139999999997,4.519806600000038
121.07300000000001,1.4819999999998723e-05,339.2778,6.508667400000149
121.083,-0.00016296600000001438,340.27139999999997,6.508667400000149
121.09299999999999,-0.00016296600000001438,339.2778,6.508667400000149
121.10300000000001,-0.00016296600000001438,339.2778,6.508667400000149
121.113,-0.00016296600000001438,339.2778,4.519806600000038
121.12299999999999,-0.00016296600000001438,340.27139999999997,8.497528200000033
121.13300000000001,-0.0003407520000000136,339.2778,8.497528200000033
121.143,-0.00016296600000001438,340.27139999999997,8.497528200000033
121.15299999999999,1.4819999999998723e-05,338.2842,6.508667400000149
121.16299999999998,1.4819999999998723e-05,340.27139999999997,8.497528200000033
121.173,-0.00016296600000001438,340.27139999999997,6.508667400000149
121.18299999999999,1.4819999999998723e-05,341.265,6.508667400000149
121.19299999999998,-0.00016296600000001438,339.2778,6.508667400000149
121.20499999999998,-0.0003407520000000136,341.265,8.497528200000033
121.22299999999998,-0.0005185379999999989,341.265,10.486389000000145
121.249,-0.00016296600000001438,337.2906,4.519806600000038
121.25899999999999,-0.0003407520000000136,337.2906,6.508667400000149
121.268,-0.00016296600000001438,337.2906,6.508667400000149
121.27799999999999,-0.0003407520000000136,339.2778,8.497528200000033
121.287,-0.0005185379999999989,338.2842,4.519806600000038
121.297,-0.00016296600000001438,339.2778,6.508667400000149
121.30599999999998,-0.00016296600000001438,340.27139999999997,6.508667400000149
121.316,-0.0003407520000000136,340.27139999999997,6.508667400000149
121.32499999999999,-0.0005185379999999989,341.265,8.497528200000033
121.33500000000001,-0.00016296600000001438,340.27139999999997,6.508667400000149
121.345,-0.0003407520000000136,340.27139999999997,10.486389000000145
121.364,-0.00016296600000001438,342.2586,8.497528200000033
121.374,1.4819999999998723e-05,340.27139999999997,8.497528200000033
121.38399999999999,1.4819999999998723e-05,340.27139999999997,6.508667400000149
121.394,-0.0003407520000000136,341.265,8.497528200000033
121.404,-0.00016296600000001438,340.27139999999997,6.508667400000149
121.41399999999999,-0.00016296600000001438,340.27139999999997,8.497528200000033
121.424,1.4819999999998723e-05,340.27139999999997,4.519806600000038
121.434,-0.00016296600000001438,340.27139999999997,8.497528200000033
121.44399999999999,-0.00016296600000001438,342.2586,6.508667400000149
121.45400000000001,-0.00016296600000001438,341.265,6.508667400000149
121.464,-0.00016296600000001438,342.2586,6.508667400000149
121.47399999999999,-0.0003407520000000136,341.265,6.508667400000149
121.48400000000001,-0.00016296600000001438,341.265,8.497528200000033
121.494,-0.0003407520000000136,342.2586,8.497528200000033
121.50399999999999,-0.00016296600000001438,341.265,6.508667400000149
121.519,-0.00016296600000001438,339.2778,4.519806600000038
121.529,-0.0003407520000000136,340.27139999999997,6.508667400000149
121.53799999999998,-0.00016296600000001438,340.27139999999997,6.508667400000149
121.548,1.4819999999998723e-05,340.27139999999997,6.508667400000149
121.55699999999999,-0.00016296600000001438,340.27139999999997,2.5309457999999267
121.56700000000001,-0.0003407520000000136,341.265,6.508667400000149
121.577,1.4819999999998723e-05,340.27139999999997,6.508667400000149
121.58599999999998,-0.00016296600000001438,341.265,6.508667400000149
121.596,-0.00016296600000001438,340.27139999999997,6.508667400000149
