Time (s),Channel 1 (mA),Channel 2 (mV),Channel 3 (mV)
0.0,-0.0003407520000000136,297.5466,8.497528200000033
0.009999999999990905,0.00019260599999999795,296.553,6.508667400000149
0.01999999999998181,-0.0003407520000000136,294.56579999999997,6.508667400000149
0.03099999999997749,-0.0003407520000000136,294.56579999999997,4.519806600000038
0.03999999999999204,-0.00016296600000001438,297.5466,6.508667400000149
0.04999999999998295,-0.00016296600000001438,296.553,6.508667400000149
0.060000000000002274,1.4819999999998723e-05,299.5338,8.497528200000033
0.06999999999999318,-0.00016296600000001438,296.553,6.508667400000149
0.08099999999998886,-0.0003407520000000136,294.56579999999997,4.519806600000038
0.09099999999997976,1.4819999999998723e-05,298.54019999999997,8.497528200000033
0.09999999999999432,-0.0003407520000000136,295.5594,8.497528200000033
0.11099999999999,0.00019260599999999795,296.553,6.508667400000149
0.1209999999999809,1.4819999999998723e-05,296.553,2.5309457999999267
0.13100000000000023,-0.00016296600000001438,297.5466,8.497528200000033
0.14099999999999113,1.4819999999998723e-05,296.553,4.519806600000038
0.15099999999998204,0.00019260599999999795,298.54019999999997,6.508667400000149
0.16100000000000136,-0.00016296600000001438,296.553,6.508667400000149
0.17099999999999227,-0.00016296600000001438,294.56579999999997,4.519806600000038
0.18099999999998317,1.4819999999998723e-05,297.5466,6.508667400000149
0.1910000000000025,-0.00016296600000001438,295.5594,8.497528200000033
0.2009999999999934,1.4819999999998723e-05,300.5274,6.508667400000149
0.2109999999999843,1.4819999999998723e-05,296.553,4.519806600000038
0.22099999999997522,0.00019260599999999795,297.5466,6.508667400000149
0.23099999999999454,-0.00016296600000001438,296.553,6.508667400000149
0.24099999999998545,-0.00016296600000001438,297.5466,6.508667400000149
0.25099999999997635,0.00019260599999999795,295.5594,6.508667400000149
0.2609999999999957,-0.0003407520000000136,295.5594,8.497528200000033
0.2709999999999866,0.00019260599999999795,299.5338,6.508667400000149
0.2809999999999775,1.4819999999998723e-05,295.5594,6.508667400000149
0.2909999999999968,1.4819999999998723e-05,295.5594,6.508667400000149
0.3009999999999877,-0.0003407520000000136,291.585,6.508667400000149
0.3109999999999786,1.4819999999998723e-05,297.5466,6.508667400000149
0.32099999999999795,-0.0003407520000000136,296.553,6.508667400000149
0.33099999999998886,-0.00016296600000001438,295.5594,6.508667400000149
0.34099999999997976,1.4819999999998723e-05,298.54019999999997,6.508667400000149
0.3509999999999991,1.4819999999998723e-05,297.5466,6.508667400000149
0.36099999999999,1.4819999999998723e-05,296.553,6.508667400000149
0.3709999999999809,-0.0003407520000000136,295.5594,6.508667400000149
0.3810000000000002,-0.00016296600000001438,294.56579999999997,8.497528200000033
0.39099999999999113,1.4819999999998723e-05,297.5466,6.508667400000149
0.40099999999998204,1.4819999999998723e-05,297.5466,6.508667400000149
0.41100000000000136,-0.00016296600000001438,296.553,6.508667400000149
0.42099999999999227,-0.0003407520000000136,295.5594,6.508667400000149
0.4309999999999832,1.4819999999998723e-05,297.5466,8.497528200000033
0.4410000000000025,-0.00016296600000001438,292.5786,4.519806600000038
0.4509999999999934,-0.00016296600000001438,295.5594,4.519806600000038
0.4609999999999843,1.4819999999998723e-05,297.5466,6.508667400000149
0.4709999999999752,1.4819999999998723e-05,294.56579999999997,4.519806600000038
0.48099999999999454,1.4819999999998723e-05,295.5594,4.519806600000038
0.49099999999998545,-0.0003407520000000136,293.5722,6.508667400000149
0.5009999999999764,1.4819999999998723e-05,295.5594,6.508667400000149
0.5109999999999957,1.4819999999998723e-05,297.5466,6.508667400000149
0.5219999999999914,1.4819999999998723e-05,296.553,8.497528200000033
0.5309999999999775,-0.00016296600000001438,295.5594,6.508667400000149
0.5409999999999968,0.00019260599999999795,298.54019999999997,4.519806600000038
0.5519999999999925,1.4819999999998723e-05,293.5722,4.519806600000038
0.5609999999999786,-0.0003407520000000136,295.5594,6.508667400000149
0.570999999999998,-0.00016296600000001438,294.56579999999997,6.508667400000149
0.5819999999999936,-0.00016296600000001438,295.5594,6.508667400000149
0.5909999999999798,1.4819999999998723e-05,297.5466,4.519806600000038
0.6019999999999754,-0.00016296600000001438,297.5466,6.508667400000149
0.6119999999999948,-0.00016296600000001438,294.56579999999997,4.519806600000038
0.6219999999999857,0.00019260599999999795,297.5466,4.519806600000038
0.6310000000000002,-0.00016296600000001438,296.553,6.508667400000149
0.6419999999999959,0.00037039200000001105,296.553,6.508667400000149
0.6519999999999868,1.4819999999998723e-05,296.553,4.519806600000038
0.6619999999999777,1.4819999999998723e-05,294.56579999999997,8.497528200000033
0.671999999999997,-0.00016296600000001438,296.553,8.497528200000033
0.681999999999988,-0.00016296600000001438,295.5594,6.508667400000149
0.6919999999999789,-0.00016296600000001438,295.5594,6.508667400000149
0.7019999999999982,1.4819999999998723e-05,295.5594,8.497528200000033
0.7119999999999891,-0.00016296600000001438,295.5594,4.519806600000038
0.72199999999998,1.4819999999998723e-05,296.553,6.508667400000149
0.7319999999999993,-0.00016296600000001438,296.553,8.497528200000033
0.7419999999999902,-0.00016296600000001438,296.553,6.508667400000149
0.7519999999999811,0.00019260599999999795,296.553,6.508667400000149
0.7620000000000005,-0.00016296600000001438,293.5722,6.508667400000149
0.7719999999999914,-0.00016296600000001438,295.5594,6.508667400000149
0.7819999999999823,-0.00016296600000001438,297.5466,6.508667400000149
0.7920000000000016,-0.00016296600000001438,295.5594,8.497528200000033
0.8019999999999925,1.4819999999998723e-05,294.56579999999997,6.508667400000149
0.8119999999999834,1.4819999999998723e-05,298.54019999999997,6.508667400000149
0.8219999999999743,-0.00016296600000001438,295.5594,8.497528200000033
0.8319999999999936,-0.0005185379999999989,294.56579999999997,8.497528200000033
0.8419999999999845,-0.00016296600000001438,297.5466,6.508667400000149
0.8519999999999754,1.4819999999998723e-05,295.5594,4.519806600000038
0.8619999999999948,-0.00016296600000001438,295.5594,6.508667400000149
0.8719999999999857,1.4819999999998723e-05,297.5466,6.508667400000149
0.8819999999999766,-0.0003407520000000136,297.5466,6.508667400000149
0.8919999999999959,1.4819999999998723e-05,295.5594,6.508667400000149
0.9019999999999868,-0.00016296600000001438,296.553,6.508667400000149
0.9119999999999777,0.00037039200000001105,297.5466,4.519806600000038
0.921999999999997,1.4819999999998723e-05,299.5338,6.508667400000149
0.931999999999988,-0.00016296600000001438,296.553,6.508667400000149
0.9419999999999789,-0.00016296600000001438,296.553,6.508667400000149
0.9519999999999982,-0.0003407520000000136,295.5594,6.508667400000149
0.9619999999999891,1.4819999999998723e-05,296.553,6.508667400000149
0.97199999999998,-0.00016296600000001438,296.553,8.497528200000033
0.9819999999999993,1.4819999999998723e-05,292.5786,4.519806600000038
0.9919999999999902,-0.0003407520000000136,293.5722,6.508667400000149
1.0019999999999811,0.00019260599999999795,298.54019999999997,6.508667400000149
1.0120000000000005,1.4819999999998723e-05,297.5466,4.519806600000038
1.0219999999999914,1.4819999999998723e-05,296.553,6.508667400000149
1.0319999999999823,-0.00016296600000001438,295.5594,8.497528200000033
1.0420000000000016,1.4819999999998723e-05,298.54019999999997,6.508667400000149
1.0519999999999925,0.00019260599999999795,297.5466,4.519806600000038
1.0619999999999834,-0.00016296600000001438,294.56579999999997,6.508667400000149
1.0719999999999743,1.4819999999998723e-05,297.5466,6.508667400000149
1.0819999999999936,0.00019260599999999795,295.5594,4.519806600000038
1.0919999999999845,1.4819999999998723e-05,296.553,6.508667400000149
1.1019999999999754,0.00019260599999999795,295.5594,4.519806600000038
1.1119999999999948,-0.0003407520000000136,294.56579999999997,8.497528200000033
1.1219999999999857,1.4819999999998723e-05,295.5594,6.508667400000149
1.1319999999999766,-0.00016296600000001438,296.553,6.508667400000149
1.141999999999996,1.4819999999998723e-05,296.553,8.497528200000033
1.1529999999999916,-0.00016296600000001438,294.56579999999997,6.508667400000149
1.1619999999999777,-0.00016296600000001438,295.5594,8.497528200000033
1.171999999999997,-0.00016296600000001438,295.5594,6.508667400000149
1.1829999999999927,-0.0003407520000000136,293.5722,6.508667400000149
1.1919999999999789,1.4819999999998723e-05,295.5594,6.508667400000149
1.2019999999999982,-0.00016296600000001438,295.5594,6.508667400000149
1.2129999999999939,1.4819999999998723e-05,294.56579999999997,8.497528200000033
1.22199999999998,1.4819999999998723e-05,296.553,4.519806600000038
1.2319999999999993,1.4819999999998723e-05,296.553,6.508667400000149
1.242999999999995,-0.00016296600000001438,293.5722,6.508667400000149
1.2519999999999811,0.00019260599999999795,296.553,6.508667400000149
1.2629999999999768,1.4819999999998723e-05,294.56579999999997,4.519806600000038
1.2729999999999961,1.4819999999998723e-05,296.553,6.508667400000149
1.282999999999987,1.4819999999998723e-05,294.56579999999997,4.519806600000038
1.292999999999978,0.00019260599999999795,296.553,6.508667400000149
1.3029999999999973,0.00019260599999999795,294.56579999999997,6.508667400000149
1.3129999999999882,1.4819999999998723e-05,296.553,6.508667400000149
1.322999999999979,1.4819999999998723e-05,295.5594,6.508667400000149
1.3329999999999984,-0.00016296600000001438,295.5594,6.508667400000149
1.3429999999999893,0.00019260599999999795,297.5466,4.519806600000038
1.3529999999999802,-0.00016296600000001438,297.5466,8.497528200000033
1.3629999999999995,1.4819999999998723e-05,296.553,6.508667400000149
1.3729999999999905,-0.00016296600000001438,295.5594,6.508667400000149
1.3829999999999814,-0.00016296600000001438,293.5722,4.519806600000038
1.3930000000000007,-0.00016296600000001438,295.5594,6.508667400000149
1.4029999999999916,-0.0003407520000000136,294.56579999999997,4.519806600000038
1.4129999999999825,1.4819999999998723e-05,297.5466,6.508667400000149
1.4230000000000018,1.4819999999998723e-05,297.5466,6.508667400000149
1.4329999999999927,-0.00016296600000001438,294.56579999999997,6.508667400000149
1.4429999999999836,-0.00016296600000001438,295.5594,6.508667400000149
1.4529999999999745,-0.00016296600000001438,294.56579999999997,6.508667400000149
1.4629999999999939,-0.00016296600000001438,295.5594,6.508667400000149
1.4729999999999848,-0.0003407520000000136,291.585,4.519806600000038
1.4829999999999757,0.00019260599999999795,296.553,6.508667400000149
1.492999999999995,1.4819999999998723e-05,298.54019999999997,8.497528200000033
1.502999999999986,1.4819999999998723e-05,298.54019999999997,8.497528200000033
1.5149999999999864,1.4819999999998723e-05,299.5338,4.519806600000038
1.5249999999999773,-0.0006963239999999982,295.5594,10.486389000000145
1.5339999999999918,-0.0003407520000000136,294.56579999999997,6.508667400000149
1.5660000000000025,-0.00016296600000001438,294.56579999999997,4.519806600000038
1.5759999999999934,-0.00016296600000001438,296.553,6.508667400000149
1.5849999999999795,0.00019260599999999795,298.54019999999997,6.508667400000149
1.5949999999999989,-0.00016296600000001438,297.5466,6.508667400000149
1.6049999999999898,1.4819999999998723e-05,296.553,6.508667400000149
1.6149999999999807,-0.0005185379999999989,296.553,38.330440199999884
1.6239999999999952,1.4819999999998723e-05,296.553,38.330440199999884
1.6559999999999775,1.4819999999998723e-05,292.5786,34.35271860000012
1.6659999999999968,0.00019260599999999795,297.5466,38.330440199999884
1.674999999999983,0.00019260599999999795,297.5466,36.3415794
1.6850000000000023,-0.00016296600000001438,296.553,36.3415794
1.6949999999999932,-0.00016296600000001438,295.5594,36.3415794
1.704999999999984,-0.0003407520000000136,296.553,66.17449140000008
1.7139999999999986,1.4819999999998723e-05,295.5594,66.17449140000008
1.745999999999981,1.4819999999998723e-05,295.5594,64.1856306000002
1.7560000000000002,1.4819999999998723e-05,296.553,68.16335219999996
1.7649999999999864,0.00019260599999999795,297.5466,66.17449140000008
1.7749999999999773,1.4819999999998723e-05,295.5594,70.15221300000007
1.7849999999999966,1.4819999999998723e-05,297.5466,66.17449140000008
1.7949999999999875,0.00019260599999999795,298.54019999999997,97.99626420000004
1.804000000000002,1.4819999999998723e-05,297.5466,99.98512500000015
1.8359999999999843,0.00019260599999999795,296.553,96.00740339999993
1.8459999999999752,0.0005481779999999825,296.553,96.00740339999993
1.8549999999999898,0.00037039200000001105,298.54019999999997,96.00740339999993
1.8649999999999807,0.00037039200000001105,297.5466,94.01854260000005
1.875,0.00019260599999999795,297.5466,96.00740339999993
1.884999999999991,0.0005481779999999825,294.56579999999997,123.85145460000012
1.9029999999999916,0.0007259639999999956,296.553,125.84031540000001
1.9259999999999877,0.0007259639999999956,296.553,125.84031540000001
1.9359999999999786,0.00037039200000001105,296.553,127.82917620000012
1.9449999999999932,0.0009037499999999948,296.553,125.84031540000001
1.954999999999984,0.0007259639999999956,294.56579999999997,123.85145460000012
1.964999999999975,0.0005481779999999825,294.56579999999997,123.85145460000012
1.9749999999999943,0.001081535999999994,296.553,155.6732274000001
1.9939999999999998,0.0014371079999999925,296.553,159.65094900000008
2.015999999999991,0.0014371079999999925,294.56579999999997,151.6955058000001
2.025999999999982,0.0012593219999999933,294.56579999999997,157.6620882000002
2.0349999999999966,0.0014371079999999925,296.553,157.6620882000002
2.0449999999999875,0.0016148939999999917,298.54019999999997,157.6620882000002
2.0549999999999784,0.001081535999999994,294.56579999999997,155.6732274000001
2.0649999999999977,0.001792679999999991,293.5722,185.50613939999994
2.0839999999999748,0.0021482519999999894,295.5594,187.49500020000005
2.1059999999999945,0.0021482519999999894,293.5722,185.50613939999994
2.1159999999999854,0.002503823999999988,296.553,185.50613939999994
2.125,0.002503823999999988,295.5594,185.50613939999994
2.134999999999991,0.0021482519999999894,299.5338,185.50613939999994
2.1459999999999866,0.0023260380000000025,293.5722,181.52841780000017
2.1559999999999775,0.0028593959999999863,296.553,215.33905140000002
2.164999999999992,0.0032149679999999986,297.5466,215.33905140000002
2.1839999999999975,0.0032149679999999986,296.553,217.32791220000013
2.1939999999999884,0.003392753999999998,296.553,213.35019060000013
2.2039999999999793,0.003392753999999998,297.5466,215.33905140000002
2.2139999999999986,0.003392753999999998,298.54019999999997,217.32791220000013
2.2239999999999895,0.003392753999999998,296.553,215.33905140000002
2.234999999999985,0.003570539999999997,297.5466,215.33905140000002
2.2539999999999907,0.004815041999999992,295.5594,247.1608242000002
2.2639999999999816,0.004992828000000005,296.553,247.1608242000002
2.2860000000000014,0.004992828000000005,295.5594,243.18310259999998
2.2959999999999923,0.004992828000000005,296.553,247.1608242000002
2.3049999999999784,0.00517061399999999,298.54019999999997,247.1608242000002
2.3149999999999977,0.004992828000000005,296.553,247.1608242000002
2.3259999999999934,0.004992828000000005,293.5722,243.18310259999998
2.3349999999999795,0.0064151159999999985,296.553,276.99373620000006
2.353999999999985,0.007304045999999995,296.553,276.99373620000006
2.3759999999999764,0.007126259999999995,293.5722,275.00487539999995
2.3859999999999957,0.007481831999999994,295.5594,276.99373620000006
2.394999999999982,0.007481831999999994,297.5466,276.99373620000006
2.4139999999999873,0.007481831999999994,295.5594,273.01601460000006
2.423999999999978,0.007837403999999992,298.54019999999997,276.99373620000006
2.4339999999999975,0.007659617999999993,298.54019999999997,276.99373620000006
2.4439999999999884,0.007837403999999992,300.5274,278.98259699999994
2.4539999999999793,0.007837403999999992,299.5338,276.99373620000006
2.464999999999975,0.007659617999999993,295.5594,276.99373620000006
2.4739999999999895,0.009259692,294.56579999999997,310.8043697999999
2.4839999999999804,0.010504193999999994,294.56579999999997,306.82664820000014
2.5109999999999957,0.011037551999999992,295.5594,306.82664820000014
2.5209999999999866,0.011215337999999991,297.5466,306.82664820000014
2.530000000000001,0.011215337999999991,298.54019999999997,308.815509
2.539999999999992,0.011215337999999991,297.5466,308.815509
2.549999999999983,0.011393124000000004,297.5466,306.82664820000014
2.5600000000000023,0.013704341999999994,297.5466,338.6484210000001
2.5689999999999884,0.014771058000000004,296.553,338.6484210000001
2.600999999999999,0.015659988,294.56579999999997,336.6595602000002
2.61099999999999,0.016015559999999998,295.5594,336.6595602000002
2.619999999999976,0.015837773999999985,294.56579999999997,338.6484210000001
2.6299999999999955,0.016371131999999997,296.553,336.6595602000002
2.640999999999991,0.016371131999999997,296.553,334.6706993999999
2.6499999999999773,0.019215707999999984,294.56579999999997,368.48133299999995
2.6599999999999966,0.02081578199999999,294.56579999999997,366.49247220000007
2.6910000000000025,0.021349140000000003,294.56579999999997,366.49247220000007
2.7009999999999934,0.021704712,294.56579999999997,366.49247220000007
2.7099999999999795,0.021882497999999986,298.54019999999997,368.48133299999995
2.719999999999999,0.021704712,293.5722,370.4701938000003
2.7299999999999898,0.021882497999999986,294.56579999999997,366.49247220000007
2.738999999999976,0.022060284,296.553,366.49247220000007
2.7489999999999952,0.022238069999999985,295.5594,368.48133299999995
2.7579999999999814,0.022238069999999985,295.5594,368.48133299999995
2.766999999999996,0.022415855999999998,295.5594,366.49247220000007
2.776999999999987,0.022238069999999985,295.5594,368.48133299999995
2.7869999999999777,0.025971575999999996,296.553,398.314245
2.7959999999999923,0.02757164999999999,297.5466,396.32538420000014
2.8259999999999934,0.027927221999999988,293.5722,398.314245
2.870999999999981,0.02846058,298.54019999999997,398.314245
2.915999999999997,0.028993937999999997,296.553,398.314245
2.9259999999999877,0.028993937999999997,297.5466,400.30310580000014
2.964999999999975,0.03326080199999999,296.553,426.1582962
2.9739999999999895,0.034505304,295.5594,426.1582962
3.0060000000000002,0.035038662,293.5722,426.1582962
3.015999999999991,0.035216448,298.54019999999997,428.1471570000001
3.0349999999999966,0.035216448,296.553,430.1360178000002
3.0449999999999875,0.036105377999999994,293.5722,422.1805746
3.0549999999999784,0.035749805999999995,297.5466,428.1471570000001
3.0649999999999977,0.035749805999999995,296.553,428.1471570000001
3.0749999999999886,0.035927591999999994,297.5466,428.1471570000001
3.0849999999999795,0.035927591999999994,295.5594,428.1471570000001
3.095999999999975,0.035927591999999994,297.5466,426.1582962
3.1049999999999898,0.04037224199999999,297.5466,457.98006899999996
3.1149999999999807,0.041794529999999996,299.5338,457.98006899999996
3.140999999999991,0.042150101999999995,292.5786,452.0134866000001
3.150999999999982,0.04250567399999999,295.5594,455.9912082000001
3.1599999999999966,0.04250567399999999,295.5594,457.98006899999996
3.1699999999999875,0.04268345999999999,296.553,455.9912082000001
3.1799999999999784,0.04250567399999999,297.5466,455.9912082000001
3.1899999999999977,0.04712811,297.5466,485.82412020000015
3.198999999999984,0.04890597000000001,297.5466,485.82412020000015
3.2309999999999945,0.04908375599999999,294.56579999999997,485.82412020000015
3.2409999999999854,0.049617114,296.553,485.82412020000015
3.25,0.049617114,298.54019999999997,483.83525940000004
3.259999999999991,0.04943932799999999,297.5466,487.81298100000004
3.269999999999982,0.049617114,295.5594,485.82412020000015
3.2789999999999964,0.049617114,296.553,487.81298100000004
3.2889999999999873,0.04979489999999999,296.553,485.82412020000015
3.298000000000002,0.049972685999999995,298.54019999999997,487.81298100000004
3.306999999999988,0.049972685999999995,297.5466,487.81298100000004
3.316999999999979,0.049972685999999995,295.5594,481.84639859999993
3.326999999999998,0.054061764,295.5594,513.6681714000001
3.345999999999975,0.05583962399999999,297.5466,515.6570322
3.3659999999999854,0.05601741,295.5594,511.6793106
3.3759999999999764,0.056372981999999995,295.5594,513.6681714000001
3.3859999999999957,0.056372981999999995,297.5466,515.6570322
3.3959999999999866,0.056372981999999995,297.5466,513.6681714000001
3.4059999999999775,0.056372981999999995,295.5594,513.6681714000001
3.415999999999997,0.056550767999999994,295.5594,513.6681714000001
3.4259999999999877,0.056728553999999994,295.5594,513.6681714000001
3.4359999999999786,0.056550767999999994,292.5786,515.6570322
3.445999999999998,0.05690633999999999,296.553,513.6681714000001
3.455999999999989,0.056550767999999994,296.553,511.6793106
3.4659999999999798,0.060639846,297.5466,545.4899442000001
3.475999999999999,0.062062134,297.5466,543.5010834000002
3.5009999999999764,0.06223991999999999,295.5594,539.5233618
3.5109999999999957,0.061884348,296.553,543.5010834000002
3.519999999999982,0.06223991999999999,296.553,541.5122226000001
3.530000000000001,0.06241770599999999,298.54019999999997,543.5010834000002
3.539999999999992,0.06223991999999999,296.553,541.5122226000001
3.548999999999978,0.06241770599999999,296.553,543.5010834000002
3.5589999999999975,0.06241770599999999,297.5466,543.5010834000002
3.5679999999999836,0.06241770599999999,295.5594,543.5010834000002
3.576999999999998,0.06241770599999999,295.5594,541.5122226000001
3.594999999999999,0.06561785399999999,296.553,575.3228562000002
3.603999999999985,0.06668457,297.5466,575.3228562000002
3.6359999999999957,0.067040142,295.5594,571.3451345999999
3.6459999999999866,0.067040142,297.5466,573.3339954
3.6559999999999775,0.067040142,295.5594,575.3228562000002
3.665999999999997,0.067040142,296.553,573.3339954
3.6759999999999877,0.066862356,296.553,571.3451345999999
3.6859999999999786,0.06917357399999999,298.54019999999997,605.1557682
3.695999999999998,0.07024029,297.5466,603.1669074000001
3.705999999999989,0.07024029,296.553,605.1557682
3.7269999999999754,0.07024029,294.56579999999997,599.1891858000001
3.73599999999999,0.07024029,296.553,605.1557682
3.745999999999981,0.07024029,296.553,603.1669074000001
3.7560000000000002,0.070062504,295.5594,605.1557682
3.766999999999996,0.069884718,295.5594,605.1557682
3.775999999999982,0.070062504,295.5594,605.1557682
3.7860000000000014,0.07024029,296.553,605.1557682
3.7959999999999923,0.07024029,297.5466,603.1669074000001
3.805999999999983,0.07024029,298.54019999999997,603.1669074000001
3.819999999999993,0.07130700599999999,297.5466,636.9775410000002
3.8289999999999793,0.07184036399999999,295.5594,636.9775410000002
3.8389999999999986,0.07219593599999999,297.5466,634.9886802000001
3.8619999999999948,0.07184036399999999,294.56579999999997,632.9998194000002
3.870999999999981,0.07184036399999999,297.5466,634.9886802000001
3.8810000000000002,0.07184036399999999,296.553,636.9775410000002
3.8899999999999864,0.07166257799999999,296.553,636.9775410000002
3.8999999999999773,0.07148479199999999,293.5722,634.9886802000001
3.908999999999992,0.07166257799999999,297.5466,636.9775410000002
3.9189999999999827,0.07184036399999999,298.54019999999997,632.9998194000002
3.9279999999999973,0.07148479199999999,297.5466,636.9775410000002
3.937999999999988,0.07166257799999999,296.553,636.9775410000002
3.9569999999999936,0.07130700599999999,297.5466,666.8104530000003
3.9669999999999845,0.07184036399999999,298.54019999999997,664.8215921999999
3.9769999999999754,0.07184036399999999,297.5466,664.8215921999999
3.995999999999981,0.07130700599999999,293.5722,662.8327314000001
4.006,0.07166257799999999,296.553,660.8438706000002
4.014999999999986,0.07148479199999999,297.5466,664.8215921999999
4.024999999999977,0.07112921999999999,296.553,662.8327314000001
4.034999999999997,0.07112921999999999,294.56579999999997,662.8327314000001
4.043999999999983,0.07112921999999999,297.5466,664.8215921999999
4.054000000000002,0.07112921999999999,296.553,664.8215921999999
4.062999999999988,0.070951434,295.5594,666.8104530000003
4.072999999999979,0.070773648,297.5466,664.8215921999999
4.081999999999994,0.070951434,298.54019999999997,658.8550098000001
4.0919999999999845,0.06952914599999999,298.54019999999997,696.6433650000001
4.100999999999999,0.06935136,297.5466,696.6433650000001
4.131999999999977,0.068995788,293.5722,692.6656434000001
4.140999999999991,0.068995788,296.553,696.6433650000001
4.150999999999982,0.06881800199999999,295.5594,698.6322258
4.159999999999997,0.06881800199999999,296.553,694.6545042
4.1699999999999875,0.06864021599999999,293.5722,692.6656434000001
4.179000000000002,0.06881800199999999,295.5594,696.6433650000001
4.188999999999993,0.06846242999999999,298.54019999999997,696.6433650000001
4.197999999999979,0.06864021599999999,297.5466,696.6433650000001
4.2169999999999845,0.06828464399999999,294.56579999999997,694.6545042
4.226999999999975,0.06561785399999999,298.54019999999997,726.4762770000002
4.266999999999996,0.06508449599999999,292.5786,722.4985554
4.275999999999982,0.064728924,297.5466,728.4651377999999
4.286000000000001,0.064728924,300.5274,726.4762770000002
4.2949999999999875,0.064551138,297.5466,726.4762770000002
4.304999999999978,0.064551138,296.553,724.4874162000001
4.313999999999993,0.064195566,297.5466,730.4539986
4.323999999999984,0.064195566,298.54019999999997,726.4762770000002
4.332999999999998,0.064373352,298.54019999999997,724.4874162000001
4.342999999999989,0.064195566,297.5466,728.4651377999999
4.351999999999975,0.064195566,295.5594,724.4874162000001
4.361999999999995,0.06010648799999999,296.553,756.3091890000005
4.370999999999981,0.059039772,294.56579999999997,758.2980498000002
4.401999999999987,0.058861986,294.56579999999997,752.3314674000007
4.411000000000001,0.058861986,298.54019999999997,756.3091890000005
4.420999999999992,0.058506414,298.54019999999997,758.2980498000002
4.429999999999978,0.058506414,296.553,758.2980498000002
4.439999999999998,0.058328627999999993,296.553,756.3091890000005
4.448999999999984,0.058328627999999993,295.5594,756.3091890000005
4.458999999999975,0.058328627999999993,297.5466,758.2980498000002
4.494999999999976,0.052995047999999996,295.5594,790.1198226000006
4.503999999999991,0.051928332,298.54019999999997,788.1309618000005
4.536999999999978,0.051394973999999996,291.585,786.1421010000004
4.545999999999992,0.05157275999999999,297.5466,790.1198226000006
4.555999999999983,0.051394973999999996,296.553,788.1309618000005
4.564999999999998,0.051394973999999996,297.5466,786.1421010000004
4.574999999999989,0.05121718799999999,295.5594,786.1421010000004
4.5849999999999795,0.04570582199999999,297.5466,817.9638738000003
4.593999999999994,0.044816892,296.553,815.9750130000002
4.626999999999981,0.044283533999999986,293.5722,813.9861522000006
4.635999999999996,0.04392796199999999,297.5466,819.9527346000004
4.645999999999987,0.043750176,296.553,817.9638738000003
4.655000000000001,0.043750176,296.553,819.9527346000004
4.664999999999992,0.043750176,299.5338,815.9750130000002
4.674999999999983,0.038061024,296.553,849.7856466000003
4.6839999999999975,0.036816522000000004,297.5466,847.7967858000006
4.7169999999999845,0.036105377999999994,294.56579999999997,847.7967858000006
4.725999999999999,0.035927591999999994,295.5594,851.7745074000004
4.73599999999999,0.035927591999999994,297.5466,849.7856466000003
4.744999999999976,0.035749805999999995,295.5594,849.7856466000003
4.7549999999999955,0.035927591999999994,296.553,843.8190642000004
4.763999999999982,0.035572019999999996,295.5594,851.7745074000004
4.774000000000001,0.035394234,297.5466,851.7745074000004
4.782999999999987,0.035394234,296.553,851.7745074000004
4.792999999999978,0.035394234,298.54019999999997,847.7967858000006
4.8019999999999925,0.03468309,292.5786,847.7967858000006
4.811999999999983,0.029882867999999993,297.5466,879.6185586000001
4.820999999999998,0.028638366,297.5466,877.6296978000005
4.851999999999975,0.02757164999999999,294.56579999999997,881.6074194000003
4.86099999999999,0.027749436000000002,297.5466,881.6074194000003
4.870999999999981,0.027749436000000002,296.553,881.6074194000003
4.8799999999999955,0.02739386399999999,295.5594,881.6074194000003
4.889999999999986,0.02757164999999999,295.5594,875.6408370000004
4.899000000000001,0.02739386399999999,296.553,877.6296978000005
4.917999999999978,0.02739386399999999,299.5338,879.6185586000001
4.927999999999997,0.02721607799999999,297.5466,879.6185586000001
4.938999999999993,0.026682719999999993,297.5466,879.6185586000001
4.947999999999979,0.021704712,295.5594,911.4403314000006
4.957999999999998,0.02099356799999999,295.5594,909.4514706000004
4.986999999999995,0.020104637999999994,294.56579999999997,907.4626098000003
4.995999999999981,0.019749065999999996,295.5594,913.4291922000002
5.006,0.019926851999999995,297.5466,911.4403314000006
5.014999999999986,0.019571279999999996,295.5594,913.4291922000002
5.024999999999977,0.019749065999999996,296.553,907.4626098000003
5.033999999999992,0.019571279999999996,295.5594,913.4291922000002
5.043999999999983,0.019571279999999996,296.553,911.4403314000006
5.052999999999997,0.019215707999999984,298.54019999999997,913.4291922000002
5.062999999999988,0.019037922,296.553,911.4403314000006
5.071999999999974,0.018860135999999986,296.553,911.4403314000006
5.081999999999994,0.01459327199999999,298.54019999999997,943.2621042000005
5.09099999999998,0.014237699999999992,296.553,941.2732434
5.121999999999986,0.013526555999999995,294.56579999999997,939.2843826000003
5.131,0.013348769999999996,295.5594,941.2732434
5.140999999999991,0.013704341999999994,298.54019999999997,939.2843826000003
5.149999999999977,0.012993197999999997,297.5466,943.2621042000005
5.159999999999997,0.012993197999999997,295.5594,941.2732434
5.179000000000002,0.012815411999999984,296.553,943.2621042000005
5.188999999999993,0.012637625999999999,295.5594,943.2621042000005
5.198999999999984,0.012637625999999999,297.5466,943.2621042000005
5.208999999999975,0.012282054,295.5594,939.2843826000003
5.218999999999994,0.008726334000000002,297.5466,975.083877
5.228999999999985,0.00854854799999999,296.553,975.083877
5.256999999999977,0.008370762000000004,294.56579999999997,967.1284338000005
5.265999999999991,0.00819297599999999,298.54019999999997,973.0950162000004
5.275999999999982,0.007837403999999992,297.5466,973.0950162000004
5.284999999999997,0.007837403999999992,297.5466,973.0950162000004
5.2949999999999875,0.007659617999999993,295.5594,975.083877
5.304999999999978,0.004815041999999992,295.5594,1014.9137370000003
5.313999999999993,0.004815041999999992,296.553,1012.9974906000002
5.34699999999998,0.004281683999999994,293.5722,1012.9974906000002
5.3559999999999945,0.004281683999999994,297.5466,1011.0812442000001
5.3659999999999854,0.004103897999999995,294.56579999999997,1014.9137370000003
5.375,0.004103897999999995,296.553,1012.9974906000002
5.384999999999991,0.004103897999999995,296.553,1012.9974906000002
5.393999999999977,0.0039261119999999955,297.5466,1012.9974906000002
5.403999999999996,0.0039261119999999955,297.5466,1012.9974906000002
5.4129999999999825,0.0039261119999999955,296.553,1012.9974906000002
5.423000000000002,0.0037483259999999963,295.5594,1014.9137370000003
5.431999999999988,0.0037483259999999963,296.553,1011.0812442000001
5.441999999999979,0.0016148939999999917,297.5466,1047.4899258
5.450999999999993,0.0021482519999999894,297.5466,1041.7411865999998
5.481999999999999,0.001970466000000004,294.56579999999997,1039.8249402000001
5.4909999999999854,0.0016148939999999917,293.5722,1043.6574329999999
5.500999999999976,0.001792679999999991,298.54019999999997,1045.5736794000004
5.509999999999991,0.001970466000000004,298.54019999999997,1043.6574329999999
5.528999999999996,0.001792679999999991,297.5466,1043.6574329999999
5.538999999999987,0.001792679999999991,295.5594,1043.6574329999999
5.548999999999978,0.0016148939999999917,296.553,1043.6574329999999
5.5589999999999975,0.0014371079999999925,296.553,1045.5736794000004
5.568999999999988,0.0016148939999999917,296.553,1041.7411865999998
5.578999999999979,0.00019260599999999795,298.54019999999997,1074.3173754
5.588999999999999,0.0005481779999999825,296.553,1072.4011290000003
5.61699999999999,0.0007259639999999956,293.5722,1068.5686362000001
5.625999999999976,0.0005481779999999825,297.5466,1074.3173754
5.635999999999996,0.0005481779999999825,296.553,1074.3173754
5.644999999999982,0.0005481779999999825,297.5466,1072.4011290000003
5.655000000000001,0.00019260599999999795,291.585,1070.4848826000002
5.663999999999987,0.0005481779999999825,297.5466,1074.3173754
5.673999999999978,0.0005481779999999825,296.553,1074.3173754
5.682999999999993,0.00037039200000001105,295.5594,1072.4011290000003
5.692999999999984,0.0005481779999999825,298.54019999999997,1072.4011290000003
5.7029999999999745,0.00019260599999999795,294.56579999999997,1068.5686362000001
5.711999999999989,-0.00016296600000001438,302.5146,1103.0610714000004
5.72199999999998,-0.00016296600000001438,297.5466,1104.9773178
5.751999999999981,-0.0003407520000000136,294.56579999999997,1103.0610714000004
5.760999999999996,1.4819999999998723e-05,296.553,1101.1448249999999
5.770999999999987,-0.00016296600000001438,295.5594,1103.0610714000004
5.789999999999992,-0.00016296600000001438,293.5722,1099.2285785999998
5.799999999999983,1.4819999999998723e-05,296.553,1103.0610714000004
5.810000000000002,-0.00016296600000001438,297.5466,1104.9773178
5.819999999999993,-0.00016296600000001438,296.553,1104.9773178
5.829999999999984,0.00019260599999999795,298.54019999999997,1101.1448249999999
5.839999999999975,-0.00016296600000001438,295.5594,1101.1448249999999
5.849999999999994,-0.00016296600000001438,307.4826,1131.8047674
5.859999999999985,1.4819999999998723e-05,313.44419999999997,1131.8047674
5.8870000000000005,-0.00016296600000001438,315.4314,1131.8047674
5.895999999999987,-0.00016296600000001438,316.425,1131.8047674
5.9059999999999775,-0.00016296600000001438,318.4122,1133.7210138
5.914999999999992,-0.0003407520000000136,318.4122,1131.8047674
5.924999999999983,1.4819999999998723e-05,318.4122,1127.9722746000002
5.935000000000002,-0.00016296600000001438,348.2202,1160.5484634000004
5.943999999999988,1.4819999999998723e-05,350.2074,1162.4647098
5.976999999999975,1.4819999999998723e-05,352.1946,1160.5484634000004
5.98599999999999,-0.0005185379999999989,352.1946,1164.3809562000001
5.995999999999981,-0.00016296600000001438,354.1818,1164.3809562000001
6.0049999999999955,1.4819999999998723e-05,355.17539999999997,1162.4647098
6.014999999999986,1.4819999999998723e-05,352.1946,1158.6322169999999
6.024000000000001,-0.00016296600000001438,355.17539999999997,1162.4647098
6.033999999999992,1.4819999999998723e-05,356.169,1162.4647098
6.042999999999978,-0.00016296600000001438,356.169,1162.4647098
6.052999999999997,-0.00016296600000001438,357.1626,1160.5484634000004
6.062999999999988,-0.00016296600000001438,356.169,1156.7159705999998
6.071999999999974,-0.0003407520000000136,387.9642,1193.1246521999997
6.081999999999994,-0.00016296600000001438,388.95779999999996,1195.0408986000002
6.111999999999995,-0.00016296600000001438,388.95779999999996,1193.1246521999997
6.120999999999981,-0.0003407520000000136,389.9514,1193.1246521999997
6.139999999999986,-0.00016296600000001438,391.9386,1195.0408986000002
6.149999999999977,-0.00016296600000001438,391.9386,1196.9571450000003
6.159999999999997,-0.00016296600000001438,391.9386,1191.2084058
6.1699999999999875,1.4819999999998723e-05,392.93219999999997,1193.1246521999997
6.179999999999978,1.4819999999998723e-05,391.9386,1193.1246521999997
6.189999999999998,-0.0003407520000000136,393.9258,1193.1246521999997
6.199999999999989,-0.0003407520000000136,393.9258,1195.0408986000002
6.2099999999999795,-0.0003407520000000136,422.7402,1223.7845945999998
6.219999999999999,-0.00016296600000001438,424.7274,1223.7845945999998
6.246999999999986,-0.0003407520000000136,422.7402,1219.9521018
6.256,-0.0005185379999999989,426.7146,1225.7008409999999
6.265999999999991,1.4819999999998723e-05,426.7146,1221.8683482000001
6.274999999999977,1.4819999999998723e-05,425.721,1223.7845945999998
6.284999999999997,-0.0003407520000000136,425.721,1221.8683482000001
6.2949999999999875,-0.0005185379999999989,457.51619999999997,1254.4445370000003
6.304999999999978,1.4819999999998723e-05,458.5098,1254.4445370000003
6.336999999999989,-0.0005185379999999989,456.5226,1250.6120442000001
6.345999999999975,-0.00016296600000001438,458.5098,1252.5282906000002
6.3559999999999945,-0.00016296600000001438,458.5098,1252.5282906000002
6.364999999999981,-0.0003407520000000136,459.5034,1254.4445370000003
6.375,-0.0003407520000000136,458.5098,1252.5282906000002
6.383999999999986,-0.00016296600000001438,460.497,1252.5282906000002
6.393999999999977,-0.00016296600000001438,461.4906,1256.3607834
6.402999999999992,-0.0005185379999999989,460.497,1256.3607834
6.4129999999999825,-0.0003407520000000136,460.497,1254.4445370000003
6.423000000000002,-0.0003407520000000136,460.497,1252.5282906000002
6.431999999999988,1.4819999999998723e-05,490.305,1283.1882329999999
6.441999999999979,1.4819999999998723e-05,490.305,1281.2719865999998
6.47199999999998,-0.0005185379999999989,489.3114,1281.2719865999998
6.4909999999999854,-0.00016296600000001438,491.29859999999996,1281.2719865999998
6.500999999999976,-0.00016296600000001438,492.2922,1283.1882329999999
6.510999999999996,1.4819999999998723e-05,490.305,1279.3557402000001
6.520999999999987,-0.0003407520000000136,493.2858,1287.0207258
6.5309999999999775,-0.0003407520000000136,493.2858,1281.2719865999998
6.540999999999997,-0.00016296600000001438,493.2858,1285.1044794000004
6.550999999999988,-0.00016296600000001438,493.2858,1283.1882329999999
6.560999999999979,-0.0003407520000000136,492.2922,1281.2719865999998
6.570999999999998,-0.00016296600000001438,523.0938000000001,1313.8481754
6.580999999999989,-0.0005185379999999989,524.0874,1315.7644218
6.606999999999999,-0.0003407520000000136,522.1002000000001,1311.9319290000003
6.6159999999999854,1.4819999999998723e-05,524.0874,1311.9319290000003
6.625999999999976,-0.00016296600000001438,523.0938000000001,1311.9319290000003
6.634999999999991,-0.0005185379999999989,524.0874,1313.8481754
6.644999999999982,-0.00016296600000001438,524.0874,1311.9319290000003
6.655000000000001,-0.0003407520000000136,553.8954000000001,1346.4243642000001
6.664999999999992,1.4819999999998723e-05,553.8954000000001,1344.5081178
6.696999999999974,-0.0005185379999999989,552.9018000000001,1342.5918714000004
6.705999999999989,-0.0003407520000000136,554.889,1344.5081178
6.71599999999998,-0.0003407520000000136,554.889,1344.5081178
6.724999999999994,-0.0003407520000000136,554.889,1350.2568569999999
6.734999999999985,-0.00016296600000001438,554.889,1340.6756249999999
6.744999999999976,1.4819999999998723e-05,554.889,1342.5918714000004
6.753999999999991,-0.0003407520000000136,554.889,1346.4243642000001
6.762999999999977,-0.0005185379999999989,555.8826,1346.4243642000001
6.772999999999996,-0.0003407520000000136,555.8826,1348.3406106000002
6.782999999999987,-0.00016296600000001438,553.8954000000001,1340.6756249999999
6.792000000000002,-0.00016296600000001438,584.697,1377.0843066000002
6.810999999999979,-0.00016296600000001438,583.7034000000001,1375.1680601999997
6.831999999999994,-0.0005185379999999989,583.7034000000001,1375.1680601999997
6.84099999999998,-0.00016296600000001438,583.7034000000001,1373.2518138
6.850999999999999,-0.00016296600000001438,584.697,1375.1680601999997
6.86099999999999,-0.00016296600000001438,584.697,1375.1680601999997
6.871999999999986,-0.0003407520000000136,581.7162000000001,1369.4193210000003
6.881,-0.0006963239999999982,584.697,1377.0843066000002
6.890999999999991,1.4819999999998723e-05,582.7098000000001,1371.3355674
6.900999999999982,-0.00016296600000001438,584.697,1373.2518138
6.911000000000001,-0.00016296600000001438,583.7034000000001,1373.2518138
6.924999999999983,-0.00016296600000001438,583.7034000000001,1375.1680601999997
6.935000000000002,-0.0003407520000000136,584.697,1377.0843066000002
6.943999999999988,-0.00016296600000001438,582.7098000000001,1375.1680601999997
6.9669999999999845,-0.0003407520000000136,582.7098000000001,1369.4193210000003
6.975999999999999,-0.0003407520000000136,584.697,1373.2518138
6.98599999999999,-0.00016296600000001438,583.7034000000001,1371.3355674
6.994999999999976,-0.0005185379999999989,584.697,1375.1680601999997
7.006,-0.00016296600000001438,582.7098000000001,1371.3355674
7.014999999999986,-0.0003407520000000136,554.889,1346.4243642000001
7.024999999999977,-0.0003407520000000136,556.8762,1348.3406106000002
7.056999999999988,-0.0005185379999999989,553.8954000000001,1342.5918714000004
7.0660000000000025,-0.0003407520000000136,555.8826,1346.4243642000001
7.075999999999993,-0.00016296600000001438,555.8826,1346.4243642000001
7.0849999999999795,-0.00016296600000001438,555.8826,1346.4243642000001
7.095999999999975,-0.0005185379999999989,553.8954000000001,1344.5081178
7.10499999999999,-0.00016296600000001438,526.0746,1311.9319290000003
7.114999999999981,-0.00016296600000001438,526.0746,1313.8481754
7.146999999999991,-0.00016296600000001438,526.0746,1311.9319290000003
7.1559999999999775,-0.0005185379999999989,526.0746,1315.7644218
7.165999999999997,-0.0003407520000000136,527.0682,1315.7644218
7.174999999999983,-0.0005185379999999989,528.0618000000001,1315.7644218
7.185000000000002,-0.0003407520000000136,526.0746,1308.0994362000001
7.194999999999993,-0.0003407520000000136,528.0618000000001,1313.8481754
7.203999999999979,-0.00016296600000001438,528.0618000000001,1315.7644218
7.213999999999999,1.4819999999998723e-05,529.0554000000001,1311.9319290000003
7.222999999999985,-0.00016296600000001438,528.0618000000001,1315.7644218
7.232999999999976,-0.00016296600000001438,529.0554000000001,1311.9319290000003
7.251999999999981,0.00019260599999999795,500.241,1283.1882329999999
7.2620000000000005,-0.0003407520000000136,500.241,1285.1044794000004
7.281999999999982,-0.00016296600000001438,499.24739999999997,1279.3557402000001
7.290999999999997,-0.00016296600000001438,501.2346,1281.2719865999998
7.300999999999988,-0.0003407520000000136,502.2282,1285.1044794000004
7.310000000000002,-0.00016296600000001438,502.2282,1281.2719865999998
7.319999999999993,-0.0003407520000000136,500.241,1277.4394938
7.329999999999984,-0.0003407520000000136,502.2282,1287.0207258
7.338999999999999,-0.00016296600000001438,502.2282,1283.1882329999999
7.347999999999985,-0.00016296600000001438,502.2282,1281.2719865999998
7.357999999999976,-0.0003407520000000136,503.2218,1283.1882329999999
7.367999999999995,-0.0003407520000000136,503.2218,1283.1882329999999
7.376999999999981,-0.0003407520000000136,474.4074,1256.3607834
7.3870000000000005,-0.00016296600000001438,473.4138,1252.5282906000002
7.417000000000002,-0.0003407520000000136,473.4138,1250.6120442000001
7.425999999999988,-0.0003407520000000136,475.401,1252.5282906000002
7.435999999999979,1.4819999999998723e-05,475.401,1254.4445370000003
7.444999999999993,-0.00016296600000001438,476.39459999999997,1254.4445370000003
7.454999999999984,-0.00016296600000001438,474.4074,1250.6120442000001
7.464999999999975,-0.00016296600000001438,475.401,1250.6120442000001
7.4739999999999895,-0.00016296600000001438,476.39459999999997,1250.6120442000001
7.482999999999976,-0.00016296600000001438,477.3882,1252.5282906000002
7.502999999999986,-0.00016296600000001438,476.39459999999997,1248.6957978
7.5120000000000005,-0.00016296600000001438,447.5802,1223.7845945999998
7.521999999999991,1.4819999999998723e-05,447.5802,1221.8683482000001
7.5519999999999925,-0.00016296600000001438,448.5738,1219.9521018
7.560999999999979,1.4819999999998723e-05,448.5738,1223.7845945999998
7.570999999999998,-0.00016296600000001438,449.56739999999996,1223.7845945999998
7.579999999999984,-0.00016296600000001438,450.561,1223.7845945999998
7.59099999999998,-0.0003407520000000136,448.5738,1223.7845945999998
7.599999999999994,1.4819999999998723e-05,419.75939999999997,1193.1246521999997
7.609999999999985,1.4819999999998723e-05,419.75939999999997,1189.2921594
7.641999999999996,-0.00016296600000001438,418.7658,1191.2084058
7.650999999999982,1.4819999999998723e-05,420.753,1193.1246521999997
7.661000000000001,0.00019260599999999795,421.7466,1193.1246521999997
7.6699999999999875,1.4819999999998723e-05,421.7466,1191.2084058
7.680999999999983,-0.00016296600000001438,421.7466,1193.1246521999997
7.689999999999998,-0.0005185379999999989,391.9386,1166.2972026000002
7.699999999999989,-0.0003407520000000136,392.93219999999997,1164.3809562000001
7.731999999999999,-0.0003407520000000136,391.9386,1160.5484634000004
7.7409999999999854,-0.0003407520000000136,392.93219999999997,1162.4647098
7.750999999999976,-0.00016296600000001438,393.9258,1162.4647098
7.759999999999991,-0.0003407520000000136,393.9258,1164.3809562000001
7.769999999999982,-0.00016296600000001438,393.9258,1160.5484634000004
7.780000000000001,-0.0003407520000000136,393.9258,1162.4647098
7.788999999999987,-0.00016296600000001438,394.9194,1162.4647098
7.798999999999978,-0.0003407520000000136,395.913,1164.3809562000001
7.807999999999993,-0.00016296600000001438,394.9194,1164.3809562000001
7.817999999999984,-0.00016296600000001438,393.9258,1164.3809562000001
7.826999999999998,-0.00016296600000001438,366.10499999999996,1133.7210138
7.836999999999989,-0.00016296600000001438,367.0986,1133.7210138
7.86699999999999,-0.00016296600000001438,368.0922,1131.8047674
7.911999999999978,-0.00016296600000001438,367.0986,1133.7210138
7.956999999999994,-0.0003407520000000136,365.1114,1127.9722746000002
7.96599999999998,-0.00016296600000001438,369.0858,1131.8047674
7.975999999999999,-0.0003407520000000136,368.0922,1135.6372601999997
7.984999999999985,-0.00016296600000001438,369.0858,1135.6372601999997
7.994999999999976,-0.0003407520000000136,367.0986,1131.8047674
8.004999999999995,-0.00016296600000001438,368.0922,1133.7210138
8.013999999999982,-0.00016296600000001438,368.0922,1133.7210138
8.032999999999987,-0.0003407520000000136,369.0858,1133.7210138
8.042999999999978,-0.0003407520000000136,368.0922,1129.8885210000003
8.052999999999997,-0.00016296600000001438,340.27139999999997,1103.0610714000004
8.062999999999988,-0.0003407520000000136,341.265,1104.9773178
8.091999999999985,-0.00016296600000001438,338.2842,1103.0610714000004
8.100999999999999,-0.00016296600000001438,339.2778,1103.0610714000004
8.11099999999999,-0.0003407520000000136,340.27139999999997,1103.0610714000004
8.119999999999976,-0.00016296600000001438,339.2778,1103.0610714000004
8.129999999999995,-0.00016296600000001438,338.2842,1099.2285785999998
8.139999999999986,-0.0005185379999999989,339.2778,1104.9773178
8.149000000000001,-0.0003407520000000136,340.27139999999997,1104.9773178
8.158999999999992,1.4819999999998723e-05,341.265,1101.1448249999999
8.167999999999978,-0.0003407520000000136,341.265,1104.9773178
8.177999999999997,-0.0005185379999999989,340.27139999999997,1101.1448249999999
8.186999999999983,-0.00016296600000001438,312.4506,1074.3173754
8.196999999999974,1.4819999999998723e-05,311.457,1070.4848826000002
8.226999999999975,-0.0003407520000000136,309.46979999999996,1070.4848826000002
8.23599999999999,1.4819999999998723e-05,311.457,1072.4011290000003
8.245999999999981,-0.00016296600000001438,311.457,1072.4011290000003
8.254999999999995,-0.00016296600000001438,313.44419999999997,1074.3173754
8.265999999999991,-0.00016296600000001438,310.4634,1070.4848826000002
8.274999999999977,-0.00016296600000001438,296.553,1043.6574329999999
8.284999999999997,1.4819999999998723e-05,296.553,1041.7411865999998
8.316999999999979,1.4819999999998723e-05,292.5786,1039.8249402000001
8.325999999999993,0.00019260599999999795,297.5466,1041.7411865999998
8.335999999999984,-0.00016296600000001438,296.553,1041.7411865999998
8.344999999999999,1.4819999999998723e-05,298.54019999999997,1041.7411865999998
8.35499999999999,1.4819999999998723e-05,294.56579999999997,1037.9086938
8.36499999999998,-0.00016296600000001438,298.54019999999997,1043.6574329999999
8.383999999999986,-0.0003407520000000136,295.5594,1047.4899258
8.393999999999977,1.4819999999998723e-05,297.5466,1041.7411865999998
8.403999999999996,-0.00016296600000001438,295.5594,1043.6574329999999
8.413999999999987,0.0005481779999999825,296.553,1011.0812442000001
8.423999999999978,0.00019260599999999795,296.553,1012.9974906000002
8.451999999999998,1.4819999999998723e-05,294.56579999999997,1009.1649978
8.460999999999984,-0.00016296600000001438,296.553,1012.9974906000002
8.470999999999975,1.4819999999998723e-05,297.5466,1012.9974906000002
8.47999999999999,1.4819999999998723e-05,296.553,1011.0812442000001
8.48999999999998,0.00019260599999999795,295.5594,1007.2487514
8.5,0.00019260599999999795,295.5594,1011.0812442000001
8.508999999999986,-0.00016296600000001438,294.56579999999997,1011.0812442000001
8.518999999999977,1.4819999999998723e-05,296.553,1012.9974906000002
8.527999999999992,1.4819999999998723e-05,296.553,1011.0812442000001
8.537999999999982,-0.0003407520000000136,295.5594,1012.9974906000002
8.546999999999997,0.0007259639999999956,297.5466,973.0950162000004
8.556999999999988,0.00019260599999999795,297.5466,975.083877
8.586999999999989,0.00019260599999999795,294.56579999999997,969.1172946000006
8.59699999999998,1.4819999999998723e-05,295.5594,973.0950162000004
8.605999999999995,0.00019260599999999795,295.5594,973.0950162000004
8.61499999999998,1.4819999999998723e-05,295.5594,973.0950162000004
8.625999999999976,0.00019260599999999795,295.5594,971.1061554000003
8.634999999999991,0.001081535999999994,296.553,941.2732434
8.653999999999996,0.00019260599999999795,296.553,941.2732434
8.676999999999992,-0.00016296600000001438,292.5786,939.2843826000003
8.686999999999983,1.4819999999998723e-05,294.56579999999997,943.2621042000005
8.695999999999998,0.0005481779999999825,298.54019999999997,939.2843826000003
8.704999999999984,0.00037039200000001105,298.54019999999997,941.2732434
8.716999999999985,0.00019260599999999795,295.5594,937.2955218000002
8.726999999999975,0.0012593219999999933,298.54019999999997,911.4403314000006
8.73599999999999,0.00037039200000001105,295.5594,913.4291922000002
8.745999999999981,0.0005481779999999825,294.56579999999997,909.4514706000004
8.754999999999995,0.0007259639999999956,295.5594,909.4514706000004
8.766999999999996,0.0007259639999999956,293.5722,905.4737490000002
8.776999999999987,0.0007259639999999956,297.5466,905.4737490000002
8.786000000000001,0.00037039200000001105,295.5594,911.4403314000006
8.794999999999987,0.0005481779999999825,296.553,913.4291922000002
8.804999999999978,0.0005481779999999825,295.5594,909.4514706000004
8.823999999999984,0.0005481779999999825,296.553,907.4626098000003
8.833999999999975,0.00037039200000001105,294.56579999999997,913.4291922000002
8.843999999999994,0.00037039200000001105,296.553,913.4291922000002
8.85499999999999,0.00037039200000001105,296.553,911.4403314000006
8.86499999999998,0.0014371079999999925,295.5594,881.6074194000003
8.875,0.001081535999999994,296.553,877.6296978000005
8.901999999999987,0.0007259639999999956,291.585,875.6408370000004
8.911999999999978,0.0009037499999999948,296.553,881.6074194000003
8.920999999999992,0.0009037499999999948,294.56579999999997,879.6185586000001
8.929999999999978,0.0012593219999999933,297.5466,879.6185586000001
8.941000000000003,0.001081535999999994,297.5466,877.6296978000005
8.949999999999989,0.0021482519999999894,296.553,847.7967858000006
8.95999999999998,0.0016148939999999917,296.553,847.7967858000006
8.99199999999999,0.0012593219999999933,296.553,849.7856466000003
9.001999999999981,0.0016148939999999917,297.5466,849.7856466000003
9.010999999999996,0.001792679999999991,298.54019999999997,847.7967858000006
9.019999999999982,0.0016148939999999917,299.5338,847.7967858000006
9.030000000000001,0.0012593219999999933,296.553,845.8079250000001
9.039999999999992,0.0014371079999999925,295.5594,849.7856466000003
9.048999999999978,0.0012593219999999933,293.5722,851.7745074000004
9.058999999999997,0.0016148939999999917,297.5466,851.7745074000004
9.067999999999984,0.0014371079999999925,295.5594,849.7856466000003
9.077999999999975,0.0014371079999999925,297.5466,847.7967858000006
9.086999999999989,0.002503823999999988,297.5466,817.9638738000003
9.09699999999998,0.001792679999999991,297.5466,819.9527346000004
9.126999999999981,0.001970466000000004,293.5722,815.9750130000002
9.137,0.0021482519999999894,296.553,817.9638738000003
9.145999999999987,0.0021482519999999894,295.5594,815.9750130000002
9.165999999999997,0.001970466000000004,295.5594,813.9861522000006
9.185000000000002,0.002681610000000001,297.5466,786.1421010000004
9.194999999999993,0.002681610000000001,295.5594,788.1309618000005
9.204999999999984,0.002681610000000001,295.5594,788.1309618000005
9.216999999999985,0.002503823999999988,294.56579999999997,786.1421010000004
9.226999999999975,0.0028593959999999863,297.5466,788.1309618000005
9.23599999999999,0.002681610000000001,296.553,790.1198226000006
9.256,0.002681610000000001,299.5338,786.1421010000004
9.264999999999986,0.004103897999999995,296.553,756.3091890000005
9.274999999999977,0.0032149679999999986,296.553,760.2869106000003
9.284999999999997,0.003570539999999997,298.54019999999997,756.3091890000005
9.306999999999988,0.003392753999999998,294.56579999999997,756.3091890000005
9.316999999999979,0.003392753999999998,298.54019999999997,756.3091890000005
9.325999999999993,0.003570539999999997,297.5466,758.2980498000002
9.344999999999999,0.0037483259999999963,296.553,754.3203282000004
9.35499999999999,0.0037483259999999963,298.54019999999997,756.3091890000005
9.36499999999998,0.003570539999999997,297.5466,758.2980498000002
9.375,0.003392753999999998,297.5466,758.2980498000002
9.384999999999991,0.003570539999999997,297.5466,758.2980498000002
9.395999999999987,0.0037483259999999963,297.5466,754.3203282000004
9.405999999999977,0.004459469999999993,294.56579999999997,728.4651377999999
9.414999999999992,0.004459469999999993,296.553,726.4762770000002
9.441999999999979,0.004103897999999995,294.56579999999997,724.4874162000001
9.451999999999998,0.004459469999999993,296.553,728.4651377999999
9.460999999999984,0.004459469999999993,298.54019999999997,726.4762770000002
9.470999999999975,0.004281683999999994,295.5594,726.4762770000002
9.47999999999999,0.004459469999999993,296.553,722.4985554
9.48999999999998,0.004459469999999993,297.5466,726.4762770000002
9.498999999999995,0.004459469999999993,297.5466,726.4762770000002
9.508999999999986,0.004459469999999993,296.553,724.4874162000001
9.518,0.004459469999999993,297.5466,728.4651377999999
9.527999999999992,0.004459469999999993,294.56579999999997,726.4762770000002
9.537999999999982,0.005703972000000002,296.553,696.6433650000001
9.546999999999997,0.00517061399999999,295.5594,696.6433650000001
9.576999999999998,0.00517061399999999,295.5594,694.6545042
9.586999999999989,0.0055261859999999885,298.54019999999997,696.6433650000001
9.605999999999995,0.0055261859999999885,298.54019999999997,692.6656434000001
9.615999999999985,0.0055261859999999885,297.5466,694.6545042
9.625999999999976,0.006592901999999998,297.5466,664.8215921999999
9.635999999999996,0.006237329999999999,297.5466,662.8327314000001
9.645999999999987,0.006059544,295.5594,664.8215921999999
9.655999999999977,0.006237329999999999,296.553,664.8215921999999
9.667000000000002,0.006059544,294.56579999999997,662.8327314000001
9.676999999999992,0.006237329999999999,295.5594,664.8215921999999
9.695999999999998,0.006059544,296.553,666.8104530000003
9.705999999999989,0.006059544,298.54019999999997,666.8104530000003
9.71599999999998,0.007304045999999995,298.54019999999997,636.9775410000002
9.725999999999999,0.006770687999999997,296.553,634.9886802000001
9.73599999999999,0.006770687999999997,295.5594,636.9775410000002
9.745999999999981,0.007126259999999995,297.5466,632.9998194000002
9.756999999999977,0.006770687999999997,293.5722,632.9998194000002
9.775999999999982,0.007126259999999995,298.54019999999997,636.9775410000002
9.786000000000001,0.006948473999999996,296.553,634.9886802000001
9.795999999999992,0.006770687999999997,294.56579999999997,632.9998194000002
9.805999999999983,0.00819297599999999,298.54019999999997,603.1669074000001
9.816000000000003,0.007481831999999994,295.5594,603.1669074000001
9.825999999999993,0.007481831999999994,297.5466,605.1557682
9.84699999999998,0.007659617999999993,294.56579999999997,603.1669074000001
9.865999999999985,0.007659617999999993,296.553,605.1557682
9.875999999999976,0.007837403999999992,297.5466,605.1557682
9.885999999999996,0.007659617999999993,296.553,603.1669074000001
9.895999999999987,0.008015189999999991,296.553,577.311717
9.905999999999977,0.008015189999999991,296.553,571.3451345999999
9.915999999999997,0.007837403999999992,296.553,573.3339954
9.936999999999983,0.008015189999999991,292.5786,567.3674130000002
9.955999999999989,0.00819297599999999,297.5466,573.3339954
9.96599999999998,0.007837403999999992,296.553,575.3228562000002
9.976999999999975,0.008015189999999991,298.54019999999997,573.3339954
9.98599999999999,0.00854854799999999,296.553,543.5010834000002
9.995999999999981,0.007837403999999992,294.56579999999997,545.4899442000001
10.006,0.008015189999999991,296.553,543.5010834000002
10.026999999999987,0.008015189999999991,294.56579999999997,543.5010834000002
10.045999999999992,0.00819297599999999,296.553,545.4899442000001
10.055999999999983,0.00819297599999999,294.56579999999997,541.5122226000001
10.066999999999979,0.008015189999999991,294.56579999999997,541.5122226000001
10.075999999999993,0.008370762000000004,296.553,541.5122226000001
10.085999999999984,0.008370762000000004,297.5466,541.5122226000001
10.095999999999975,0.008370762000000004,295.5594,543.5010834000002
10.107,0.00819297599999999,294.56579999999997,543.5010834000002
10.11699999999999,0.008370762000000004,297.5466,541.5122226000001
10.126999999999981,0.00854854799999999,294.56579999999997,511.6793106
10.137,0.008015189999999991,295.5594,513.6681714000001
10.161999999999978,0.00819297599999999,296.553,513.6681714000001
10.171999999999997,0.00819297599999999,296.553,511.6793106
10.180999999999983,0.00819297599999999,297.5466,515.6570322
10.191000000000003,0.008726334000000002,297.5466,511.6793106
10.200999999999993,0.00819297599999999,295.5594,509.6904498000001
10.210999999999984,0.008370762000000004,298.54019999999997,485.82412020000015
10.219999999999999,0.007837403999999992,296.553,485.82412020000015
10.251999999999981,0.007837403999999992,293.5722,485.82412020000015
10.262,0.008015189999999991,297.5466,487.81298100000004
10.270999999999987,0.007837403999999992,296.553,487.81298100000004
10.280999999999977,0.007837403999999992,296.553,487.81298100000004
10.290999999999997,0.008015189999999991,295.5594,483.83525940000004
10.300999999999988,0.00819297599999999,296.553,457.98006899999996
10.310000000000002,0.007126259999999995,292.5786,455.9912082000001
10.341999999999985,0.007304045999999995,295.5594,455.9912082000001
10.351999999999975,0.007304045999999995,297.5466,457.98006899999996
10.36099999999999,0.007481831999999994,298.54019999999997,457.98006899999996
10.370999999999981,0.007304045999999995,297.5466,457.98006899999996
10.379999999999995,0.007304045999999995,296.553,455.9912082000001
10.389999999999986,0.007481831999999994,296.553,457.98006899999996
10.399000000000001,0.007481831999999994,297.5466,455.9912082000001
10.476999999999975,0.007481831999999994,295.5594,424.1694354000001
10.486999999999995,0.006592901999999998,296.553,428.1471570000001
10.496999999999986,0.006770687999999997,296.553,430.1360178000002
10.506999999999977,0.006948473999999996,296.553,426.1582962
10.516999999999996,0.006592901999999998,296.553,424.1694354000001
10.526999999999987,0.0064151159999999985,296.553,396.32538420000014
10.536999999999978,0.005881757999999987,295.5594,396.32538420000014
10.566999999999979,0.0055261859999999885,293.5722,394.33652340000026
10.576999999999998,0.005703972000000002,295.5594,398.314245
10.585999999999984,0.005881757999999987,297.5466,398.314245
10.595999999999975,0.0055261859999999885,296.553,400.30310580000014
10.60499999999999,0.0055261859999999885,295.5594,396.32538420000014
10.61499999999998,0.005703972000000002,296.553,398.314245
10.623999999999995,0.005348400000000003,295.5594,400.30310580000014
10.633999999999986,0.0055261859999999885,292.5786,396.32538420000014
10.643,0.0055261859999999885,295.5594,398.314245
10.652999999999992,0.005348400000000003,295.5594,394.33652340000026
10.661999999999978,0.005703972000000002,297.5466,366.49247220000007
10.671999999999997,0.004815041999999992,298.54019999999997,366.49247220000007
10.701999999999998,0.004637255999999992,293.5722,364.5036114000002
10.711999999999989,0.004637255999999992,296.553,368.48133299999995
10.720999999999975,0.004637255999999992,296.553,368.48133299999995
10.730999999999995,0.004992828000000005,297.5466,366.49247220000007
10.73999999999998,0.004815041999999992,292.5786,364.5036114000002
10.75,0.004637255999999992,296.553,368.48133299999995
10.758999999999986,0.004815041999999992,298.54019999999997,366.49247220000007
10.768999999999977,0.004992828000000005,298.54019999999997,364.5036114000002
10.777999999999992,0.004459469999999993,298.54019999999997,368.48133299999995
10.798000000000002,0.004281683999999994,298.54019999999997,338.6484210000001
10.807999999999993,0.0039261119999999955,297.5466,336.6595602000002
10.817999999999984,0.0039261119999999955,297.5466,334.6706993999999
10.836999999999989,0.0037483259999999963,296.553,336.6595602000002
10.84699999999998,0.003570539999999997,296.553,340.6372818
10.855999999999995,0.0037483259999999963,298.54019999999997,334.6706993999999
10.865999999999985,0.003570539999999997,297.5466,336.6595602000002
10.875999999999976,0.003570539999999997,297.5466,336.6595602000002
10.885999999999996,0.003392753999999998,296.553,306.82664820000014
10.894999999999982,0.002681610000000001,298.54019999999997,308.815509
10.926999999999992,0.002503823999999988,294.56579999999997,308.815509
10.97199999999998,0.002681610000000001,295.5594,306.82664820000014
10.982,0.002681610000000001,296.553,306.82664820000014
10.990999999999985,0.0023260380000000025,294.56579999999997,308.815509
11.000999999999976,0.002681610000000001,299.5338,306.82664820000014
11.010999999999996,0.002681610000000001,293.5722,302.84892660000014
11.020999999999987,0.0023260380000000025,297.5466,278.98259699999994
11.030999999999977,0.0021482519999999894,296.553,276.99373620000006
11.061999999999983,0.0021482519999999894,293.5722,273.01601460000006
11.071999999999974,0.001970466000000004,296.553,276.99373620000006
11.080999999999989,0.0021482519999999894,296.553,273.01601460000006
11.09099999999998,0.001970466000000004,295.5594,276.99373620000006
11.099999999999994,0.0021482519999999894,298.54019999999997,273.01601460000006
11.109999999999985,0.0021482519999999894,295.5594,275.00487539999995
11.119,0.001970466000000004,296.553,276.99373620000006
11.12899999999999,0.0023260380000000025,296.553,275.00487539999995
11.147999999999996,0.0021482519999999894,297.5466,275.00487539999995
11.157999999999987,0.001970466000000004,294.56579999999997,247.1608242000002
11.167999999999978,0.001970466000000004,295.5594,245.17196339999987
11.196999999999974,0.0016148939999999917,289.5978,243.18310259999998
11.206999999999994,0.0016148939999999917,295.5594,247.1608242000002
11.21599999999998,0.001970466000000004,297.5466,247.1608242000002
11.225999999999999,0.0021482519999999894,296.553,245.17196339999987
11.23599999999999,0.001970466000000004,296.553,243.18310259999998
11.245999999999981,0.0016148939999999917,295.5594,215.33905140000002
11.254999999999995,0.0012593219999999933,295.5594,217.32791220000013
11.286999999999978,0.0016148939999999917,296.553,213.35019060000013
11.296999999999997,0.001081535999999994,297.5466,217.32791220000013
11.305999999999983,0.001081535999999994,296.553,217.32791220000013
11.316000000000003,0.001081535999999994,295.5594,215.33905140000002
11.325999999999993,0.0012593219999999933,294.56579999999997,217.32791220000013
11.335999999999984,0.0009037499999999948,295.5594,185.50613939999994
11.344999999999999,0.0007259639999999956,296.553,187.49500020000005
11.376999999999981,0.0007259639999999956,293.5722,183.51727860000005
11.387,0.0007259639999999956,294.56579999999997,187.49500020000005
11.395999999999987,0.001081535999999994,296.553,187.49500020000005
11.405999999999977,0.001081535999999994,295.5594,185.50613939999994
11.415999999999997,0.001081535999999994,293.5722,185.50613939999994
11.425999999999988,0.001081535999999994,296.553,157.6620882000002
11.435000000000002,0.001081535999999994,297.5466,159.65094900000008
11.466999999999985,0.001081535999999994,291.585,155.6732274000001
11.476999999999975,0.001081535999999994,296.553,157.6620882000002
11.48599999999999,0.0012593219999999933,297.5466,159.65094900000008
11.495999999999981,0.0012593219999999933,296.553,159.65094900000008
11.504999999999995,0.0014371079999999925,295.5594,155.6732274000001
11.514999999999986,0.0014371079999999925,297.5466,157.6620882000002
11.524000000000001,0.0012593219999999933,297.5466,157.6620882000002
11.533999999999992,0.0016148939999999917,297.5466,157.6620882000002
11.542999999999978,0.0014371079999999925,297.5466,157.6620882000002
11.552999999999997,0.0016148939999999917,295.5594,153.68436659999998
11.562999999999988,0.0012593219999999933,295.5594,125.84031540000001
11.571999999999974,0.0014371079999999925,297.5466,125.84031540000001
11.601999999999975,0.001081535999999994,292.5786,125.84031540000001
11.611999999999995,0.001081535999999994,296.553,127.82917620000012
11.620999999999981,0.0012593219999999933,297.5466,125.84031540000001
11.631,0.0012593219999999933,296.553,125.84031540000001
11.639999999999986,0.0014371079999999925,294.56579999999997,123.85145460000012
11.649999999999977,0.0012593219999999933,296.553,125.84031540000001
11.668999999999983,0.0012593219999999933,299.5338,127.82917620000012
11.679000000000002,0.0014371079999999925,299.5338,125.84031540000001
11.688999999999993,0.0012593219999999933,294.56579999999997,123.85145460000012
11.698999999999984,0.0009037499999999948,294.56579999999997,96.00740339999993
11.708999999999975,0.0007259639999999956,295.5594,96.00740339999993
11.736999999999995,0.0007259639999999956,293.5722,94.01854260000005
11.746999999999986,0.0007259639999999956,296.553,96.00740339999993
11.756,0.001081535999999994,296.553,97.99626420000004
11.765999999999991,0.0007259639999999956,295.5594,97.99626420000004
11.775999999999982,0.0009037499999999948,295.5594,94.01854260000005
11.786000000000001,0.0009037499999999948,298.54019999999997,68.16335219999996
11.794999999999987,0.00037039200000001105,296.553,66.17449140000008
11.826999999999998,0.0005481779999999825,295.5594,68.16335219999996
11.836999999999989,0.0005481779999999825,297.5466,66.17449140000008
11.845999999999975,0.0005481779999999825,294.56579999999997,66.17449140000008
11.855999999999995,0.0005481779999999825,297.5466,66.17449140000008
11.86699999999999,0.0007259639999999956,295.5594,64.1856306000002
11.875999999999976,0.0005481779999999825,295.5594,36.3415794
11.885999999999996,0.0005481779999999825,297.5466,36.3415794
11.894999999999982,0.00019260599999999795,294.56579999999997,36.3415794
11.917000000000002,0.00037039200000001105,296.553,34.35271860000012
11.926999999999992,0.00037039200000001105,297.5466,38.330440199999884
11.935999999999979,0.00037039200000001105,298.54019999999997,36.3415794
11.945999999999998,0.0005481779999999825,296.553,36.3415794
11.955999999999989,0.0007259639999999956,294.56579999999997,34.35271860000012
11.964999999999975,0.00037039200000001105,296.553,38.330440199999884
11.974999999999994,0.00019260599999999795,296.553,36.3415794
11.98399999999998,0.00019260599999999795,297.5466,36.3415794
11.992999999999995,1.4819999999998723e-05,294.56579999999997,36.3415794
12.002999999999986,1.4819999999998723e-05,293.5722,32.363857800000005
12.012999999999977,0.00037039200000001105,297.5466,6.508667400000149
12.021999999999991,0.00019260599999999795,297.5466,6.508667400000149
12.051999999999992,-0.00016296600000001438,291.585,4.519806600000038
12.061999999999983,0.00019260599999999795,298.54019999999997,6.508667400000149
12.070999999999998,1.4819999999998723e-05,296.553,6.508667400000149
12.080999999999989,0.00019260599999999795,298.54019999999997,6.508667400000149
12.09099999999998,1.4819999999998723e-05,295.5594,4.519806600000038
12.100999999999999,1.4819999999998723e-05,297.5466,8.497528200000033
12.141999999999996,-0.00016296600000001438,292.5786,4.519806600000038
12.151999999999987,0.00019260599999999795,298.54019999999997,6.508667400000149
12.161000000000001,0.00019260599999999795,297.5466,6.508667400000149
12.170999999999992,0.00019260599999999795,297.5466,6.508667400000149
12.180999999999983,1.4819999999998723e-05,295.5594,4.519806600000038
12.191000000000003,0.00019260599999999795,296.553,36.3415794
12.20999999999998,0.00037039200000001105,295.5594,36.3415794
12.232,0.00037039200000001105,294.56579999999997,34.35271860000012
12.24199999999999,0.00037039200000001105,296.553,34.35271860000012
12.250999999999976,0.0005481779999999825,298.54019999999997,36.3415794
12.260999999999996,0.00019260599999999795,296.553,38.330440199999884
12.271999999999991,0.00019260599999999795,293.5722,34.35271860000012
12.281999999999982,0.00037039200000001105,295.5594,68.16335219999996
12.290999999999997,0.00037039200000001105,294.56579999999997,68.16335219999996
12.300999999999988,0.00037039200000001105,296.553,68.16335219999996
12.319999999999993,0.0007259639999999956,293.5722,64.1856306000002
12.329999999999984,0.0007259639999999956,297.5466,66.17449140000008
12.339999999999975,0.0007259639999999956,295.5594,66.17449140000008
12.349999999999994,0.0005481779999999825,294.56579999999997,66.17449140000008
12.359999999999985,0.0009037499999999948,295.5594,64.1856306000002
12.369999999999976,0.0009037499999999948,299.5338,66.17449140000008
12.379999999999995,0.0009037499999999948,299.5338,66.17449140000008
12.389999999999986,0.0007259639999999956,297.5466,68.16335219999996
12.399999999999977,0.0007259639999999956,298.54019999999997,66.17449140000008
12.409999999999997,0.00037039200000001105,294.56579999999997,66.17449140000008
12.419999999999987,0.001081535999999994,296.553,97.99626420000004
12.429999999999978,0.0012593219999999933,298.54019999999997,97.99626420000004
12.456999999999994,0.001081535999999994,293.5722,96.00740339999993
12.466999999999985,0.0014371079999999925,296.553,96.00740339999993
12.475999999999999,0.0012593219999999933,295.5594,96.00740339999993
12.48599999999999,0.0012593219999999933,296.553,97.99626420000004
12.495999999999981,0.0009037499999999948,294.56579999999997,96.00740339999993
12.506,0.001792679999999991,295.5594,125.84031540000001
12.514999999999986,0.001792679999999991,295.5594,127.82917620000012
12.546999999999997,0.001792679999999991,293.5722,125.84031540000001
12.556999999999988,0.0021482519999999894,296.553,125.84031540000001
12.566000000000003,0.001970466000000004,297.5466,127.82917620000012
12.575999999999993,0.001970466000000004,297.5466,127.82917620000012
12.585999999999984,0.001970466000000004,296.553,125.84031540000001
12.595999999999975,0.002681610000000001,296.553,157.6620882000002
12.60499999999999,0.0028593959999999863,297.5466,157.6620882000002
12.637,0.0030371819999999994,297.5466,153.68436659999998
12.646999999999991,0.0028593959999999863,296.553,157.6620882000002
12.655999999999977,0.0030371819999999994,296.553,155.6732274000001
12.665999999999997,0.0030371819999999994,298.54019999999997,157.6620882000002
12.675999999999988,0.0030371819999999994,298.54019999999997,155.6732274000001
12.685000000000002,0.0028593959999999863,298.54019999999997,157.6620882000002
12.694999999999993,0.0030371819999999994,297.5466,159.65094900000008
12.70399999999998,0.0028593959999999863,298.54019999999997,157.6620882000002
12.712999999999994,0.0032149679999999986,296.553,157.6620882000002
12.722999999999985,0.002681610000000001,295.5594,157.6620882000002
12.732999999999976,0.003570539999999997,296.553,189.48386100000016
12.74199999999999,0.0039261119999999955,295.5594,185.50613939999994
12.771999999999991,0.0039261119999999955,291.585,185.50613939999994
12.781999999999982,0.004103897999999995,296.553,187.49500020000005
12.800999999999988,0.004103897999999995,297.5466,187.49500020000005
12.810999999999979,0.004103897999999995,294.56579999999997,185.50613939999994
12.820999999999998,0.00517061399999999,296.553,217.32791220000013
12.830999999999989,0.005881757999999987,297.5466,217.32791220000013
12.84099999999998,0.005881757999999987,298.54019999999997,219.316773
12.861999999999995,0.005881757999999987,295.5594,215.33905140000002
12.871999999999986,0.005881757999999987,297.5466,215.33905140000002
12.890999999999991,0.005881757999999987,296.553,215.33905140000002
12.900999999999982,0.005881757999999987,297.5466,215.33905140000002
12.911000000000001,0.005881757999999987,296.553,215.33905140000002
12.920999999999992,0.006237329999999999,298.54019999999997,215.33905140000002
12.930999999999983,0.005881757999999987,297.5466,217.32791220000013
12.99799999999999,0.006770687999999997,293.5722,245.17196339999987
13.006999999999977,0.007837403999999992,298.54019999999997,247.1608242000002
13.016999999999996,0.007837403999999992,297.5466,247.1608242000002
13.025999999999982,0.007659617999999993,296.553,249.1496850000001
13.036999999999978,0.00819297599999999,296.553,241.1942418000001
13.046999999999997,0.009259692,297.5466,276.99373620000006
13.055999999999983,0.009793049999999984,296.553,276.99373620000006
13.066000000000003,0.009970835999999997,294.56579999999997,275.00487539999995
13.074999999999989,0.009793049999999984,296.553,278.98259699999994
13.086999999999989,0.009970835999999997,293.5722,275.00487539999995
13.09699999999998,0.009970835999999997,295.5594,278.98259699999994
13.107,0.009970835999999997,296.553,276.99373620000006
13.115999999999985,0.009793049999999984,295.5594,278.98259699999994
13.125999999999976,0.010148621999999996,295.5594,276.99373620000006
13.134999999999991,0.010148621999999996,296.553,276.99373620000006
13.144999999999982,0.010148621999999996,296.553,276.99373620000006
13.153999999999996,0.010326407999999995,296.553,276.99373620000006
13.163999999999987,0.010148621999999996,295.5594,278.98259699999994
13.173000000000002,0.010148621999999996,296.553,276.99373620000006
13.182999999999993,0.012104268000000001,300.5274,306.82664820000014
13.191999999999979,0.012637625999999999,294.56579999999997,304.8377874
13.22199999999998,0.012637625999999999,292.5786,304.8377874
13.240999999999985,0.012637625999999999,294.56579999999997,308.815509
13.250999999999976,0.012815411999999984,295.5594,306.82664820000014
13.262,0.012815411999999984,296.553,304.8377874
13.271999999999991,0.014771058000000004,296.553,338.6484210000001
13.281999999999982,0.015659988,297.5466,338.6484210000001
13.292000000000002,0.015659988,297.5466,338.6484210000001
13.311999999999983,0.015482201999999987,293.5722,338.6484210000001
13.331999999999994,0.015659988,296.553,340.6372818
13.341999999999985,0.015837773999999985,297.5466,336.6595602000002
13.351999999999975,0.015837773999999985,296.553,336.6595602000002
13.361999999999995,0.017793420000000004,298.54019999999997,368.48133299999995
13.371999999999986,0.018860135999999986,296.553,368.48133299999995
13.381999999999977,0.018860135999999986,296.553,368.48133299999995
13.401999999999987,0.019037922,296.553,368.48133299999995
13.411999999999978,0.019037922,296.553,368.48133299999995
13.421999999999997,0.019393493999999997,298.54019999999997,368.48133299999995
13.431999999999988,0.019037922,295.5594,368.48133299999995
13.442999999999984,0.019215707999999984,297.5466,366.49247220000007
13.461999999999989,0.022238069999999985,297.5466,400.30310580000014
13.47199999999998,0.022593641999999997,295.5594,398.314245
13.482,0.022593641999999997,297.5466,398.314245
13.49199999999999,0.022415855999999998,295.5594,394.33652340000026
13.501999999999981,0.022593641999999997,298.54019999999997,398.314245
13.512,0.022771427999999996,297.5466,396.32538420000014
13.521999999999991,0.022949213999999996,297.5466,396.32538420000014
13.531999999999982,0.022771427999999996,297.5466,396.32538420000014
13.542000000000002,0.022771427999999996,298.54019999999997,400.30310580000014
13.551999999999992,0.022949213999999996,299.5338,398.314245
13.561999999999983,0.023126999999999995,299.5338,396.32538420000014
13.571999999999974,0.022949213999999996,295.5594,398.314245
13.581999999999994,0.022771427999999996,296.553,398.314245
13.591999999999985,0.024904859999999987,295.5594,428.1471570000001
13.601999999999975,0.026149361999999995,297.5466,428.1471570000001
13.626999999999981,0.025971575999999996,292.5786,426.1582962
13.637,0.026149361999999995,295.5594,430.1360178000002
13.646999999999991,0.026327147999999995,295.5594,430.1360178000002
13.655999999999977,0.026327147999999995,294.56579999999997,426.1582962
13.665999999999997,0.026504933999999994,298.54019999999997,426.1582962
13.675999999999988,0.028816151999999998,297.5466,457.98006899999996
13.685000000000002,0.029705081999999994,295.5594,455.9912082000001
13.71799999999999,0.029882867999999993,294.56579999999997,455.9912082000001
13.726999999999975,0.030060653999999992,297.5466,457.98006899999996
13.736999999999995,0.030060653999999992,296.553,457.98006899999996
13.745999999999981,0.029882867999999993,294.56579999999997,457.98006899999996
13.756999999999977,0.03041622599999999,295.5594,455.9912082000001
13.765999999999991,0.032194086,296.553,487.81298100000004
13.775999999999982,0.03308301599999999,297.5466,487.81298100000004
13.807999999999993,0.03361637399999999,295.5594,483.83525940000004
13.816999999999979,0.03361637399999999,295.5594,487.81298100000004
13.826999999999998,0.033794160000000004,298.54019999999997,487.81298100000004
13.835999999999984,0.033794160000000004,297.5466,487.81298100000004
13.845999999999975,0.033794160000000004,295.5594,483.83525940000004
13.85499999999999,0.034149732,296.553,487.81298100000004
13.86499999999998,0.034149732,298.54019999999997,485.82412020000015
13.873999999999995,0.03397194599999999,296.553,487.81298100000004
13.883999999999986,0.034149732,296.553,487.81298100000004
13.893,0.034149732,295.5594,485.82412020000015
13.912999999999982,0.03734987999999999,298.54019999999997,513.6681714000001
13.923000000000002,0.03734987999999999,297.5466,513.6681714000001
13.942999999999984,0.03734987999999999,294.56579999999997,511.6793106
13.951999999999998,0.03734987999999999,296.553,515.6570322
13.961999999999989,0.037527666,296.553,515.6570322
13.970999999999975,0.037705452,298.54019999999997,513.6681714000001
13.980999999999995,0.037527666,291.585,513.6681714000001
13.98999999999998,0.037883238,296.553,515.6570322
14.0,0.037883238,297.5466,513.6681714000001
14.008999999999986,0.038061024,296.553,513.6681714000001
14.018999999999977,0.037883238,296.553,515.6570322
14.027999999999992,0.037705452,294.56579999999997,511.6793106
14.037999999999982,0.03966109799999999,295.5594,543.5010834000002
14.046999999999997,0.040550028,294.56579999999997,543.5010834000002
14.077999999999975,0.040905599999999986,293.5722,541.5122226000001
14.086999999999989,0.040905599999999986,297.5466,541.5122226000001
14.09699999999998,0.040905599999999986,296.553,543.5010834000002
14.105999999999995,0.041083386,295.5594,543.5010834000002
14.115999999999985,0.041261171999999985,296.553,539.5233618
14.125999999999976,0.042327887999999994,295.5594,573.3339954
14.134999999999991,0.043216818000000004,295.5594,571.3451345999999
14.167999999999978,0.04357239,295.5594,571.3451345999999
14.176999999999992,0.04357239,298.54019999999997,573.3339954
14.186999999999983,0.043750176,295.5594,573.3339954
14.195999999999998,0.04339460399999999,295.5594,575.3228562000002
14.207999999999998,0.04357239,297.5466,573.3339954
14.216999999999985,0.04446132,294.56579999999997,605.1557682
14.226999999999975,0.045172463999999996,296.553,603.1669074000001
14.23599999999999,0.044994677999999996,297.5466,605.1557682
14.245999999999981,0.045172463999999996,296.553,605.1557682
14.257999999999981,0.045172463999999996,294.56579999999997,603.1669074000001
14.266999999999996,0.045172463999999996,297.5466,605.1557682
14.276999999999987,0.045350249999999995,296.553,605.1557682
14.286000000000001,0.045528035999999994,296.553,605.1557682
14.295999999999992,0.04570582199999999,292.5786,601.1780466
14.304999999999978,0.04570582199999999,297.5466,605.1557682
14.314999999999998,0.045883608000000006,298.54019999999997,605.1557682
14.323999999999984,0.04570582199999999,297.5466,605.1557682
14.34299999999999,0.04570582199999999,296.553,603.1669074000001
14.35299999999998,0.045883608000000006,298.54019999999997,638.9664018000001
14.363,0.04641696599999999,296.553,638.9664018000001
14.393,0.04659475199999999,294.56579999999997,634.9886802000001
14.401999999999987,0.04659475199999999,294.56579999999997,636.9775410000002
14.411999999999978,0.04695032399999999,296.553,636.9775410000002
14.420999999999992,0.04695032399999999,296.553,638.9664018000001
14.430999999999983,0.04677253799999999,297.5466,634.9886802000001
14.441000000000003,0.04606139399999999,298.54019999999997,664.8215921999999
14.449999999999989,0.04641696599999999,297.5466,664.8215921999999
14.482999999999976,0.04641696599999999,294.56579999999997,664.8215921999999
14.492999999999995,0.04659475199999999,296.553,666.8104530000003
14.501999999999981,0.04641696599999999,296.553,664.8215921999999
14.510999999999996,0.04677253799999999,296.553,666.8104530000003
14.520999999999987,0.04677253799999999,294.56579999999997,660.8438706000002
14.530999999999977,0.045172463999999996,298.54019999999997,696.6433650000001
14.539999999999992,0.044994677999999996,297.5466,698.6322258
14.572999999999979,0.045172463999999996,294.56579999999997,696.6433650000001
14.581999999999994,0.045172463999999996,295.5594,698.6322258
14.591999999999985,0.045172463999999996,296.553,698.6322258
14.600999999999999,0.045528035999999994,296.553,694.6545042
14.611999999999995,0.045883608000000006,295.5594,692.6656434000001
14.621999999999986,0.043216818000000004,299.5338,726.4762770000002
14.631,0.042861246000000006,296.553,726.4762770000002
14.640999999999991,0.042861246000000006,298.54019999999997,724.4874162000001
14.649999999999977,0.042861246000000006,296.553,728.4651377999999
14.662999999999982,0.042861246000000006,293.5722,724.4874162000001
14.671999999999997,0.04303903199999999,298.54019999999997,728.4651377999999
14.681999999999988,0.04303903199999999,296.553,726.4762770000002
14.691000000000003,0.04303903199999999,297.5466,728.4651377999999
14.700999999999993,0.043216818000000004,297.5466,724.4874162000001
14.70999999999998,0.043216818000000004,297.5466,726.4762770000002
14.719999999999999,0.043216818000000004,294.56579999999997,726.4762770000002
14.728999999999985,0.04339460399999999,295.5594,728.4651377999999
14.738999999999976,0.04357239,295.5594,726.4762770000002
14.74799999999999,0.04357239,296.553,726.4762770000002
14.757999999999981,0.04037224199999999,294.56579999999997,756.3091890000005
14.766999999999996,0.040194456,297.5466,756.3091890000005
14.798000000000002,0.040194456,294.56579999999997,754.3203282000004
14.806999999999988,0.04037224199999999,297.5466,756.3091890000005
14.816999999999979,0.040194456,297.5466,756.3091890000005
14.825999999999993,0.04037224199999999,297.5466,758.2980498000002
14.835999999999984,0.040550028,295.5594,754.3203282000004
14.845999999999975,0.03663873599999999,299.5338,788.1309618000005
14.85499999999999,0.035927591999999994,297.5466,790.1198226000006
14.887999999999977,0.03628316399999999,295.5594,784.1532402000003
14.896999999999991,0.036105377999999994,295.5594,790.1198226000006
14.906999999999982,0.03628316399999999,295.5594,788.1309618000005
14.915999999999997,0.03628316399999999,297.5466,790.1198226000006
14.926999999999992,0.03663873599999999,293.5722,784.1532402000003
14.936999999999983,0.032549657999999995,296.553,817.9638738000003
14.945999999999998,0.0320163,297.5466,817.9638738000003
14.97799999999998,0.0320163,296.553,815.9750130000002
14.986999999999995,0.032194086,296.553,817.9638738000003
14.996999999999986,0.032194086,295.5594,817.9638738000003
15.006,0.032194086,297.5466,817.9638738000003
15.015999999999991,0.032194086,293.5722,815.9750130000002
15.024999999999977,0.032549657999999995,295.5594,817.9638738000003
15.043999999999983,0.032549657999999995,296.553,817.9638738000003
15.054000000000002,0.032549657999999995,297.5466,819.9527346000004
15.064999999999998,0.032549657999999995,298.54019999999997,817.9638738000003
15.074999999999989,0.028282793999999986,296.553,847.7967858000006
15.083999999999975,0.02739386399999999,296.553,847.7967858000006
15.113,0.027749436000000002,293.5722,847.7967858000006
15.121999999999986,0.02757164999999999,299.5338,851.7745074000004
15.131999999999977,0.027749436000000002,297.5466,847.7967858000006
15.140999999999991,0.02757164999999999,296.553,849.7856466000003
15.151999999999987,0.02757164999999999,295.5594,847.7967858000006
15.161999999999978,0.022949213999999996,293.5722,879.6185586000001
15.170999999999992,0.022238069999999985,295.5594,879.6185586000001
15.202999999999975,0.022238069999999985,295.5594,877.6296978000005
15.211999999999989,0.022415855999999998,297.5466,879.6185586000001
15.22199999999998,0.022238069999999985,298.54019999999997,879.6185586000001
15.230999999999995,0.022415855999999998,296.553,879.6185586000001
15.240999999999985,0.022060284,296.553,879.6185586000001
15.250999999999976,0.01761563399999999,295.5594,911.4403314000006
15.259999999999991,0.017260061999999993,296.553,913.4291922000002
15.292999999999978,0.016726703999999995,293.5722,909.4514706000004
15.301999999999992,0.016904489999999994,295.5594,911.4403314000006
15.311999999999983,0.016904489999999994,295.5594,911.4403314000006
15.320999999999998,0.016726703999999995,297.5466,913.4291922000002
15.331999999999994,0.016726703999999995,297.5466,907.4626098000003
15.34099999999998,0.012815411999999984,295.5594,941.2732434
15.350999999999999,0.012282054,295.5594,941.2732434
15.359999999999985,0.011926481999999988,295.5594,939.2843826000003
15.382999999999981,0.011926481999999988,293.5722,939.2843826000003
15.391999999999996,0.01157090999999999,295.5594,941.2732434
15.401999999999987,0.01157090999999999,295.5594,941.2732434
15.411000000000001,0.01157090999999999,296.553,943.2621042000005
15.420999999999992,0.01157090999999999,294.56579999999997,939.2843826000003
15.429999999999978,0.011393124000000004,298.54019999999997,943.2621042000005
15.439999999999998,0.011037551999999992,296.553,941.2732434
15.472999999999985,0.011037551999999992,294.56579999999997,943.2621042000005
15.520999999999987,0.007481831999999994,296.553,973.0950162000004
15.530000000000001,0.007481831999999994,295.5594,973.0950162000004
15.562999999999988,0.006770687999999997,295.5594,973.0950162000004
15.571999999999974,0.006948473999999996,295.5594,973.0950162000004
15.581999999999994,0.006592901999999998,294.56579999999997,975.083877
15.59099999999998,0.006770687999999997,294.56579999999997,973.0950162000004
15.601999999999975,0.0064151159999999985,294.56579999999997,971.1061554000003
15.611999999999995,0.004281683999999994,297.5466,1012.9974906000002
15.620999999999981,0.004281683999999994,295.5594,1012.9974906000002
15.652999999999992,0.0037483259999999963,294.56579999999997,1009.1649978
15.661999999999978,0.0039261119999999955,296.553,1014.9137370000003
15.671999999999997,0.0037483259999999963,295.5594,1012.9974906000002
15.680999999999983,0.0037483259999999963,295.5594,1011.0812442000001
15.691000000000003,0.0039261119999999955,296.553,1007.2487514
15.700999999999993,0.0016148939999999917,295.5594,1043.6574329999999
15.70999999999998,0.0021482519999999894,295.5594,1041.7411865999998
15.742999999999995,0.0016148939999999917,295.5594,1039.8249402000001
15.751999999999981,0.0021482519999999894,296.553,1041.7411865999998
15.762,0.001792679999999991,296.553,1041.7411865999998
15.770999999999987,0.001792679999999991,296.553,1041.7411865999998
15.780999999999977,0.0016148939999999917,296.553,1039.8249402000001
15.789999999999992,0.001792679999999991,297.5466,1041.7411865999998
15.799999999999983,0.0016148939999999917,296.553,1041.7411865999998
15.808999999999997,0.0016148939999999917,297.5466,1043.6574329999999
15.818999999999988,0.0016148939999999917,298.54019999999997,1043.6574329999999
15.82899999999998,0.0014371079999999925,296.553,1039.8249402000001
15.837999999999994,0.00019260599999999795,295.5594,1070.4848826000002
15.847999999999985,0.0005481779999999825,295.5594,1072.4011290000003
15.877999999999986,0.00019260599999999795,296.553,1072.4011290000003
15.887,0.0007259639999999956,297.5466,1070.4848826000002
15.896999999999991,0.0005481779999999825,297.5466,1072.4011290000003
15.917000000000002,0.00037039200000001105,294.56579999999997,1070.4848826000002
15.935999999999979,1.4819999999998723e-05,298.54019999999997,1103.0610714000004
15.945999999999998,1.4819999999998723e-05,296.553,1099.2285785999998
15.955999999999989,1.4819999999998723e-05,297.5466,1103.0610714000004
15.96799999999999,1.4819999999998723e-05,295.5594,1101.1448249999999
15.976999999999975,0.00019260599999999795,298.54019999999997,1103.0610714000004
15.986999999999995,1.4819999999998723e-05,298.54019999999997,1104.9773178
16.006,1.4819999999998723e-05,297.5466,1099.2285785999998
16.01599999999999,-0.00016296600000001438,306.489,1133.7210138
16.025999999999982,1.4819999999998723e-05,312.4506,1133.7210138
16.036,-0.00016296600000001438,312.4506,1133.7210138
16.057999999999993,-0.0003407520000000136,309.46979999999996,1131.8047674
16.06699999999998,-0.00016296600000001438,312.4506,1135.6372601999997
16.085999999999984,0.00019260599999999795,315.4314,1131.8047674
16.09699999999998,-0.00016296600000001438,312.4506,1129.8885210000003
16.115999999999985,1.4819999999998723e-05,345.2394,1160.5484634000004
16.125999999999976,-0.00016296600000001438,346.233,1160.5484634000004
16.135999999999996,-0.00016296600000001438,346.233,1160.5484634000004
16.145999999999987,-0.0005185379999999989,345.2394,1160.5484634000004
16.155999999999977,-0.00016296600000001438,347.22659999999996,1162.4647098
16.165999999999997,0.00019260599999999795,348.2202,1160.5484634000004
16.175999999999988,-0.00016296600000001438,347.22659999999996,1162.4647098
16.18599999999998,-0.0003407520000000136,348.2202,1162.4647098
16.195999999999998,0.00019260599999999795,350.2074,1158.6322169999999
16.20599999999999,-0.0003407520000000136,351.20099999999996,1164.3809562000001
16.21599999999998,-0.00016296600000001438,352.1946,1164.3809562000001
16.226,-0.00016296600000001438,351.20099999999996,1162.4647098
16.236999999999995,-0.0003407520000000136,352.1946,1160.5484634000004
16.24599999999998,-0.0003407520000000136,382.0026,1196.9571450000003
16.256,1.4819999999998723e-05,382.9962,1191.2084058
16.282999999999987,-0.0003407520000000136,382.0026,1191.2084058
16.292,-0.0003407520000000136,385.977,1195.0408986000002
16.301999999999992,-0.00016296600000001438,385.977,1195.0408986000002
16.31099999999998,1.4819999999998723e-05,385.977,1191.2084058
16.320999999999998,-0.0003407520000000136,384.9834,1191.2084058
16.33099999999999,-0.00016296600000001438,416.7786,1223.7845945999998
16.34099999999998,-0.00016296600000001438,415.78499999999997,1221.8683482000001
16.37299999999999,-0.0003407520000000136,416.7786,1219.9521018
16.381999999999977,-0.00016296600000001438,417.7722,1219.9521018
16.391999999999996,-0.0003407520000000136,418.7658,1221.8683482000001
16.400999999999982,-0.0003407520000000136,420.753,1225.7008409999999
16.411,-0.0005185379999999989,418.7658,1221.8683482000001
16.419999999999987,-0.00016296600000001438,421.7466,1223.7845945999998
16.42999999999998,-0.00016296600000001438,421.7466,1223.7845945999998
16.438999999999993,1.4819999999998723e-05,421.7466,1219.9521018
16.448999999999984,-0.00016296600000001438,421.7466,1221.8683482000001
16.458999999999975,-0.0003407520000000136,421.7466,1223.7845945999998
16.46799999999999,1.4819999999998723e-05,452.5482,1254.4445370000003
16.47799999999998,1.4819999999998723e-05,452.5482,1252.5282906000002
16.50799999999998,-0.0003407520000000136,453.54179999999997,1248.6957978
16.526999999999987,1.4819999999998723e-05,455.529,1252.5282906000002
16.536999999999978,1.4819999999998723e-05,455.529,1254.4445370000003
16.546999999999997,1.4819999999998723e-05,455.529,1248.6957978
16.556999999999988,-0.00016296600000001438,456.5226,1252.5282906000002
16.56699999999998,-0.00016296600000001438,455.529,1250.6120442000001
16.576999999999998,-0.0003407520000000136,456.5226,1256.3607834
16.58699999999999,1.4819999999998723e-05,456.5226,1250.6120442000001
16.59699999999998,-0.0003407520000000136,456.5226,1250.6120442000001
16.607,-0.00016296600000001438,486.3306,1283.1882329999999
16.61699999999999,1.4819999999998723e-05,485.337,1279.3557402000001
16.643,-0.0005185379999999989,485.337,1279.3557402000001
16.651999999999987,-0.0003407520000000136,487.3242,1281.2719865999998
16.661999999999978,-0.0003407520000000136,488.3178,1287.0207258
16.670999999999992,1.4819999999998723e-05,487.3242,1279.3557402000001
16.680999999999983,-0.0005185379999999989,487.3242,1279.3557402000001
16.689999999999998,1.4819999999998723e-05,488.3178,1283.1882329999999
16.69999999999999,1.4819999999998723e-05,489.3114,1281.2719865999998
16.708999999999975,1.4819999999998723e-05,489.3114,1281.2719865999998
16.718999999999994,1.4819999999998723e-05,489.3114,1283.1882329999999
16.728999999999985,1.4819999999998723e-05,488.3178,1279.3557402000001
16.738,-0.0003407520000000136,519.1194,1311.9319290000003
16.756999999999977,-0.00016296600000001438,519.1194,1310.0156826000002
16.77799999999999,-0.00016296600000001438,518.1258,1311.9319290000003
16.786999999999978,-0.00016296600000001438,520.113,1311.9319290000003
16.796999999999997,-0.00016296600000001438,521.1066000000001,1313.8481754
16.806999999999988,1.4819999999998723e-05,520.113,1311.9319290000003
16.81699999999998,1.4819999999998723e-05,519.1194,1308.0994362000001
16.826999999999998,-0.00016296600000001438,521.1066000000001,1313.8481754
16.83699999999999,-0.00016296600000001438,521.1066000000001,1313.8481754
16.84699999999998,-0.0003407520000000136,522.1002000000001,1315.7644218
16.857,1.4819999999998723e-05,521.1066000000001,1311.9319290000003
16.86699999999999,-0.0003407520000000136,520.113,1313.8481754
16.87699999999998,-0.00016296600000001438,550.9146000000001,1342.5918714000004
16.887,-0.0003407520000000136,551.9082000000001,1342.5918714000004
16.912999999999982,-0.0003407520000000136,549.921,1342.5918714000004
16.921999999999997,-0.0003407520000000136,551.9082000000001,1344.5081178
16.931999999999988,1.4819999999998723e-05,550.9146000000001,1342.5918714000004
16.941000000000003,-0.00016296600000001438,551.9082000000001,1346.4243642000001
16.951999999999998,-0.00016296600000001438,551.9082000000001,1342.5918714000004
16.960999999999984,1.4819999999998723e-05,580.7226,1373.2518138
16.970999999999975,-0.0003407520000000136,580.7226,1375.1680601999997
17.002999999999986,-0.0003407520000000136,578.7354,1369.4193210000003
17.012,-0.0005185379999999989,580.7226,1375.1680601999997
17.02199999999999,-0.0003407520000000136,580.7226,1375.1680601999997
17.030999999999977,-0.0003407520000000136,581.7162000000001,1373.2518138
17.042,-0.0003407520000000136,581.7162000000001,1371.3355674
17.050999999999988,-0.00016296600000001438,580.7226,1373.2518138
17.06099999999998,1.4819999999998723e-05,580.7226,1373.2518138
17.09299999999999,-0.0003407520000000136,579.729,1369.4193210000003
17.101999999999975,-0.0003407520000000136,580.7226,1371.3355674
17.111999999999995,1.4819999999998723e-05,580.7226,1373.2518138
17.12099999999998,-0.00016296600000001438,581.7162000000001,1373.2518138
17.131999999999977,-0.0003407520000000136,580.7226,1371.3355674
17.14099999999999,-0.00016296600000001438,551.9082000000001,1344.5081178
17.150999999999982,-0.0003407520000000136,552.9018000000001,1344.5081178
17.182999999999993,-0.0003407520000000136,549.921,1340.6756249999999
17.19199999999998,-0.00016296600000001438,552.9018000000001,1342.5918714000004
17.201999999999998,-0.00016296600000001438,552.9018000000001,1344.5081178
17.210999999999984,-0.00016296600000001438,552.9018000000001,1346.4243642000001
17.220999999999975,1.4819999999998723e-05,550.9146000000001,1338.7593785999998
17.230999999999995,-0.00016296600000001438,552.9018000000001,1346.4243642000001
17.23999999999998,-0.00016296600000001438,552.9018000000001,1346.4243642000001
17.25,1.4819999999998723e-05,552.9018000000001,1342.5918714000004
17.258999999999986,-0.00016296600000001438,552.9018000000001,1344.5081178
17.268999999999977,-0.0006963239999999982,552.9018000000001,1342.5918714000004
17.287999999999982,-0.0003407520000000136,523.0938000000001,1313.8481754
17.298000000000002,-0.00016296600000001438,524.0874,1311.9319290000003
17.317999999999984,-0.00016296600000001438,522.1002000000001,1310.0156826000002
17.326999999999998,-0.00016296600000001438,524.0874,1311.9319290000003
17.33699999999999,-0.00016296600000001438,525.081,1313.8481754
17.345999999999975,-0.0005185379999999989,525.081,1313.8481754
17.357,-0.0003407520000000136,525.081,1310.0156826000002
17.365999999999985,1.4819999999998723e-05,495.27299999999997,1279.3557402000001
17.375999999999976,-0.0003407520000000136,495.27299999999997,1281.2719865999998
17.407999999999987,1.4819999999998723e-05,496.2666,1281.2719865999998
17.417,-0.0003407520000000136,498.2538,1285.1044794000004
17.426999999999992,1.4819999999998723e-05,497.2602,1283.1882329999999
17.43599999999998,-0.0003407520000000136,497.2602,1285.1044794000004
17.445999999999998,-0.0003407520000000136,497.2602,1279.3557402000001
17.45599999999999,-0.00016296600000001438,499.24739999999997,1281.2719865999998
17.464999999999975,-0.0005185379999999989,499.24739999999997,1283.1882329999999
17.474999999999994,1.4819999999998723e-05,499.24739999999997,1281.2719865999998
17.48399999999998,-0.0003407520000000136,498.2538,1281.2719865999998
17.494,-0.0003407520000000136,499.24739999999997,1285.1044794000004
17.502999999999986,-0.00016296600000001438,469.4394,1252.5282906000002
17.512999999999977,-0.00016296600000001438,470.433,1254.4445370000003
17.542999999999978,-0.0003407520000000136,468.4458,1250.6120442000001
17.551999999999992,-0.0003407520000000136,472.42019999999997,1254.4445370000003
17.561999999999983,-0.00016296600000001438,472.42019999999997,1252.5282906000002
17.570999999999998,-0.00016296600000001438,471.4266,1254.4445370000003
17.58099999999999,-0.00016296600000001438,470.433,1248.6957978
17.59099999999998,-0.0005185379999999989,473.4138,1254.4445370000003
17.599999999999994,-0.0005185379999999989,472.42019999999997,1252.5282906000002
17.609999999999985,-0.00016296600000001438,473.4138,1252.5282906000002
17.62899999999999,-0.00016296600000001438,472.42019999999997,1250.6120442000001
17.63899999999998,-0.0003407520000000136,443.6058,1223.7845945999998
17.649,-0.0005185379999999989,443.6058,1223.7845945999998
17.677999999999997,-0.0003407520000000136,442.6122,1221.8683482000001
17.686999999999983,-0.00016296600000001438,445.593,1223.7845945999998
17.696999999999974,-0.00016296600000001438,444.5994,1223.7845945999998
17.70599999999999,-0.0003407520000000136,444.5994,1221.8683482000001
17.716999999999985,1.4819999999998723e-05,445.593,1223.7845945999998
17.726,-0.00016296600000001438,416.7786,1195.0408986000002
17.73599999999999,-0.0003407520000000136,416.7786,1195.0408986000002
17.768,-0.0003407520000000136,415.78499999999997,1191.2084058
17.776999999999987,-0.0003407520000000136,417.7722,1193.1246521999997
17.786999999999978,-0.00016296600000001438,418.7658,1193.1246521999997
17.795999999999992,1.4819999999998723e-05,417.7722,1191.2084058
17.806999999999988,-0.00016296600000001438,417.7722,1191.2084058
17.816000000000003,-0.0005185379999999989,386.9706,1164.3809562000001
17.825999999999993,-0.00016296600000001438,388.95779999999996,1162.4647098
17.857999999999976,-0.00016296600000001438,388.95779999999996,1162.4647098
17.86699999999999,-0.00016296600000001438,389.9514,1162.4647098
17.87699999999998,-0.00016296600000001438,389.9514,1162.4647098
17.885999999999996,-0.0003407520000000136,389.9514,1162.4647098
17.895999999999987,-0.00016296600000001438,389.9514,1158.6322169999999
17.905999999999977,1.4819999999998723e-05,389.9514,1160.5484634000004
17.914999999999992,-0.0003407520000000136,390.945,1162.4647098
17.924999999999983,-0.0005185379999999989,389.9514,1164.3809562000001
17.933999999999997,-0.0005185379999999989,390.945,1164.3809562000001
17.94799999999998,-0.00016296600000001438,390.945,1164.3809562000001
18.037999999999982,1.4819999999998723e-05,364.1178,1129.8885210000003
18.048000000000002,-0.0003407520000000136,364.1178,1133.7210138
18.056999999999988,1.4819999999998723e-05,364.1178,1133.7210138
18.06699999999998,-0.00016296600000001438,364.1178,1131.8047674
18.076999999999998,-0.0003407520000000136,364.1178,1131.8047674
18.085999999999984,-0.0003407520000000136,334.3098,1103.0610714000004
18.095999999999975,-0.00016296600000001438,335.3034,1103.0610714000004
18.127999999999986,-0.00016296600000001438,334.3098,1101.1448249999999
18.137,1.4819999999998723e-05,335.3034,1103.0610714000004
18.14699999999999,-0.0003407520000000136,336.29699999999997,1103.0610714000004
18.155999999999977,-0.0003407520000000136,335.3034,1103.0610714000004
18.165999999999997,-0.0003407520000000136,335.3034,1101.1448249999999
18.175999999999988,-0.00016296600000001438,336.29699999999997,1104.9773178
18.185000000000002,-0.0003407520000000136,336.29699999999997,1103.0610714000004
18.194999999999993,-0.00016296600000001438,338.2842,1104.9773178
18.20399999999998,-0.00016296600000001438,337.2906,1103.0610714000004
18.214,-0.00016296600000001438,334.3098,1099.2285785999998
18.222999999999985,1.4819999999998723e-05,306.489,1070.4848826000002
18.232999999999976,1.4819999999998723e-05,307.4826,1070.4848826000002
18.262999999999977,-0.0003407520000000136,305.49539999999996,1072.4011290000003
18.27199999999999,1.4819999999998723e-05,308.4762,1074.3173754
18.281999999999982,-0.0003407520000000136,308.4762,1072.4011290000003
18.290999999999997,-0.00016296600000001438,307.4826,1070.4848826000002
18.300999999999988,-0.00016296600000001438,308.4762,1072.4011290000003
18.31099999999998,-0.00016296600000001438,308.4762,1072.4011290000003
18.329999999999984,-0.00016296600000001438,309.46979999999996,1074.3173754
18.339999999999975,1.4819999999998723e-05,309.46979999999996,1072.4011290000003
18.349999999999994,-0.0003407520000000136,307.4826,1068.5686362000001
18.359999999999985,1.4819999999998723e-05,296.553,1041.7411865999998
18.369999999999976,0.00019260599999999795,296.553,1041.7411865999998
18.397999999999996,-0.0003407520000000136,294.56579999999997,1041.7411865999998
18.407999999999987,-0.0003407520000000136,296.553,1043.6574329999999
18.417,-0.0003407520000000136,297.5466,1045.5736794000004
18.426999999999992,-0.00016296600000001438,296.553,1043.6574329999999
18.436999999999983,-0.0003407520000000136,295.5594,1041.7411865999998
18.445999999999998,0.00037039200000001105,297.5466,1014.9137370000003
18.45599999999999,0.00019260599999999795,297.5466,1012.9974906000002
18.488,-0.00016296600000001438,293.5722,1011.0812442000001
18.49799999999999,-0.0003407520000000136,295.5594,1012.9974906000002
18.506999999999977,1.4819999999998723e-05,298.54019999999997,1012.9974906000002
18.516999999999996,1.4819999999998723e-05,299.5338,1012.9974906000002
18.52799999999999,-0.0003407520000000136,293.5722,1009.1649978
18.537999999999982,0.0007259639999999956,297.5466,973.0950162000004
18.546999999999997,0.00019260599999999795,297.5466,975.083877
18.556999999999988,0.00019260599999999795,297.5466,973.0950162000004
18.566000000000003,1.4819999999998723e-05,295.5594,973.0950162000004
18.577999999999975,0.00019260599999999795,295.5594,969.1172946000006
18.587999999999994,1.4819999999998723e-05,294.56579999999997,971.1061554000003
18.59699999999998,-0.00016296600000001438,296.553,973.0950162000004
18.607,-0.0003407520000000136,296.553,975.083877
18.615999999999985,1.4819999999998723e-05,296.553,969.1172946000006
18.625999999999976,1.4819999999998723e-05,296.553,973.0950162000004
18.63499999999999,1.4819999999998723e-05,296.553,973.0950162000004
18.644999999999982,0.00019260599999999795,298.54019999999997,973.0950162000004
18.653999999999996,1.4819999999998723e-05,297.5466,973.0950162000004
18.663999999999987,0.00019260599999999795,295.5594,973.0950162000004
18.673000000000002,0.0009037499999999948,295.5594,943.2621042000005
18.682999999999993,0.00037039200000001105,296.553,941.2732434
18.712999999999994,1.4819999999998723e-05,294.56579999999997,941.2732434
18.722999999999985,0.00019260599999999795,296.553,939.2843826000003
18.732,1.4819999999998723e-05,296.553,943.2621042000005
18.74199999999999,0.00037039200000001105,298.54019999999997,941.2732434
18.75199999999998,1.4819999999998723e-05,296.553,943.2621042000005
18.760999999999996,0.0012593219999999933,297.5466,909.4514706000004
18.78,0.0005481779999999825,298.54019999999997,911.4403314000006
18.802999999999997,0.00037039200000001105,293.5722,907.4626098000003
18.812999999999988,0.00037039200000001105,297.5466,911.4403314000006
18.821999999999974,0.00037039200000001105,298.54019999999997,913.4291922000002
18.831999999999994,0.00037039200000001105,295.5594,913.4291922000002
18.84099999999998,0.0005481779999999825,297.5466,911.4403314000006
18.859999999999985,0.0005481779999999825,296.553,911.4403314000006
18.869999999999976,0.00037039200000001105,296.553,913.4291922000002
18.879999999999995,0.0007259639999999956,296.553,913.4291922000002
18.89099999999999,0.00037039200000001105,294.56579999999997,909.4514706000004
18.900999999999982,0.0014371079999999925,296.553,881.6074194000003
18.911,0.0007259639999999956,294.56579999999997,881.6074194000003
18.937999999999988,0.0007259639999999956,296.553,877.6296978000005
18.94799999999998,0.0009037499999999948,297.5466,881.6074194000003
18.956999999999994,0.001081535999999994,297.5466,879.6185586000001
18.966999999999985,0.0009037499999999948,295.5594,881.6074194000003
18.976999999999975,0.0007259639999999956,297.5466,881.6074194000003
18.98599999999999,0.001970466000000004,298.54019999999997,849.7856466000003
18.99599999999998,0.0014371079999999925,296.553,849.7856466000003
19.02799999999999,0.0009037499999999948,293.5722,849.7856466000003
19.037999999999982,0.0014371079999999925,296.553,849.7856466000003
19.046999999999997,0.0012593219999999933,296.553,849.7856466000003
19.056999999999988,0.0014371079999999925,297.5466,851.7745074000004
19.06699999999998,0.0014371079999999925,297.5466,849.7856466000003
19.075999999999993,0.002503823999999988,296.553,817.9638738000003
19.085999999999984,0.001792679999999991,295.5594,815.9750130000002
19.117999999999995,0.001792679999999991,295.5594,817.9638738000003
19.127999999999986,0.001970466000000004,297.5466,819.9527346000004
19.137,0.001970466000000004,297.5466,817.9638738000003
19.14699999999999,0.001970466000000004,295.5594,819.9527346000004
19.157999999999987,0.001792679999999991,295.5594,815.9750130000002
19.167999999999978,0.0032149679999999986,297.5466,788.1309618000005
19.176999999999992,0.002503823999999988,297.5466,790.1198226000006
19.186999999999983,0.002503823999999988,297.5466,790.1198226000006
19.195999999999998,0.002681610000000001,297.5466,788.1309618000005
19.208,0.0023260380000000025,294.56579999999997,788.1309618000005
19.21799999999999,0.002681610000000001,295.5594,790.1198226000006
19.226999999999975,0.002503823999999988,295.5594,790.1198226000006
19.236999999999995,0.002503823999999988,293.5722,788.1309618000005
19.24599999999998,0.002681610000000001,296.553,786.1421010000004
19.256,0.002681610000000001,296.553,790.1198226000006
19.264999999999986,0.002503823999999988,298.54019999999997,790.1198226000006
19.274999999999977,0.002503823999999988,297.5466,790.1198226000006
19.283999999999992,0.002681610000000001,297.5466,790.1198226000006
19.293999999999983,0.002681610000000001,296.553,788.1309618000005
19.302999999999997,0.0037483259999999963,298.54019999999997,758.2980498000002
19.312999999999988,0.0028593959999999863,296.553,760.2869106000003
19.34299999999999,0.0032149679999999986,291.585,756.3091890000005
19.35299999999998,0.003392753999999998,295.5594,758.2980498000002
19.361999999999995,0.003392753999999998,294.56579999999997,758.2980498000002
19.381999999999977,0.0032149679999999986,295.5594,756.3091890000005
19.39099999999999,0.004637255999999992,297.5466,726.4762770000002
19.400999999999982,0.004103897999999995,297.5466,728.4651377999999
19.411,0.004103897999999995,295.5594,726.4762770000002
19.432999999999993,0.004281683999999994,294.56579999999997,726.4762770000002
19.442999999999984,0.004281683999999994,296.553,724.4874162000001
19.460999999999984,0.004459469999999993,298.54019999999997,728.4651377999999
19.47199999999998,0.004281683999999994,295.5594,726.4762770000002
19.480999999999995,0.004281683999999994,295.5594,726.4762770000002
19.490999999999985,0.004103897999999995,296.553,730.4539986
19.50199999999998,0.004281683999999994,297.5466,728.4651377999999
19.510999999999996,0.004637255999999992,297.5466,724.4874162000001
19.52199999999999,0.004103897999999995,296.553,728.4651377999999
19.531999999999982,0.005703972000000002,298.54019999999997,694.6545042
19.542,0.004815041999999992,294.56579999999997,696.6433650000001
19.567999999999984,0.004992828000000005,294.56579999999997,694.6545042
19.577999999999975,0.004815041999999992,293.5722,698.6322258
19.58699999999999,0.00517061399999999,295.5594,696.6433650000001
19.59699999999998,0.00517061399999999,297.5466,696.6433650000001
19.605999999999995,0.005348400000000003,297.5466,690.6767826000003
19.615999999999985,0.0055261859999999885,297.5466,694.6545042
19.625,0.005348400000000003,295.5594,692.6656434000001
19.63499999999999,0.005348400000000003,297.5466,696.6433650000001
19.643999999999977,0.005703972000000002,297.5466,694.6545042
19.653999999999996,0.005348400000000003,296.553,692.6656434000001
19.663999999999987,0.006237329999999999,297.5466,666.8104530000003
19.673000000000002,0.006059544,296.553,664.8215921999999
19.702999999999975,0.0064151159999999985,295.5594,660.8438706000002
19.712999999999994,0.0064151159999999985,296.553,662.8327314000001
19.732,0.0064151159999999985,296.553,664.8215921999999
19.74199999999999,0.006059544,295.5594,666.8104530000003
19.75199999999998,0.006948473999999996,296.553,636.9775410000002
19.762,0.006592901999999998,296.553,638.9664018000001
19.77199999999999,0.006770687999999997,293.5722,636.9775410000002
19.792999999999978,0.007126259999999995,295.5594,632.9998194000002
19.811999999999983,0.007126259999999995,295.5594,634.9886802000001
19.821999999999974,0.007304045999999995,298.54019999999997,634.9886802000001
19.831999999999994,0.007481831999999994,295.5594,632.9998194000002
19.841999999999985,0.007304045999999995,295.5594,632.9998194000002
19.851999999999975,0.007126259999999995,294.56579999999997,634.9886802000001
19.861999999999995,0.006770687999999997,294.56579999999997,636.9775410000002
19.871999999999986,0.007304045999999995,297.5466,634.9886802000001
19.881999999999977,0.007126259999999995,294.56579999999997,634.9886802000001
19.891999999999996,0.008015189999999991,295.5594,605.1557682
19.901999999999987,0.007837403999999992,297.5466,605.1557682
19.927999999999997,0.007659617999999993,293.5722,603.1669074000001
19.937999999999988,0.007659617999999993,296.553,601.1780466
19.946999999999974,0.008015189999999991,297.5466,603.1669074000001
19.956999999999994,0.007659617999999993,295.5594,607.1446289999999
19.96599999999998,0.00819297599999999,293.5722,601.1780466
19.976,0.008015189999999991,298.54019999999997,607.1446289999999
19.984999999999985,0.008015189999999991,297.5466,607.1446289999999
19.994999999999976,0.008015189999999991,296.553,603.1669074000001
20.00399999999999,0.00819297599999999,294.56579999999997,603.1669074000001
20.01399999999998,0.007659617999999993,294.56579999999997,603.1669074000001
20.024,0.008904119999999988,297.5466,575.3228562000002
20.042,0.008370762000000004,293.5722,573.3339954
20.062999999999988,0.008015189999999991,293.5722,575.3228562000002
20.081999999999994,0.00854854799999999,297.5466,573.3339954
20.091999999999985,0.008370762000000004,294.56579999999997,575.3228562000002
20.10299999999998,0.008726334000000002,295.5594,571.3451345999999
20.113,0.008726334000000002,294.56579999999997,543.5010834000002
20.121999999999986,0.008370762000000004,295.5594,543.5010834000002
20.131999999999977,0.00854854799999999,293.5722,541.5122226000001
20.15299999999999,0.008726334000000002,293.5722,539.5233618
20.162999999999982,0.00854854799999999,297.5466,543.5010834000002
20.173000000000002,0.008904119999999988,298.54019999999997,541.5122226000001
20.182999999999993,0.008726334000000002,295.5594,541.5122226000001
20.192999999999984,0.008904119999999988,294.56579999999997,537.5345010000001
20.202999999999975,0.008726334000000002,297.5466,543.5010834000002
20.212999999999994,0.008726334000000002,296.553,543.5010834000002
20.222999999999985,0.008726334000000002,295.5594,543.5010834000002
20.232999999999976,0.008904119999999988,296.553,543.5010834000002
20.242999999999995,0.008726334000000002,296.553,541.5122226000001
20.252999999999986,0.009081906,295.5594,513.6681714000001
20.262999999999977,0.008904119999999988,296.553,511.6793106
20.287999999999982,0.00819297599999999,294.56579999999997,515.6570322
20.298000000000002,0.00854854799999999,297.5466,513.6681714000001
20.306999999999988,0.008726334000000002,296.553,515.6570322
20.31699999999998,0.008726334000000002,295.5594,513.6681714000001
20.325999999999993,0.008726334000000002,292.5786,511.6793106
20.335999999999984,0.00854854799999999,293.5722,513.6681714000001
20.345,0.008904119999999988,298.54019999999997,513.6681714000001
20.35499999999999,0.00854854799999999,296.553,513.6681714000001
20.363999999999976,0.00854854799999999,295.5594,515.6570322
20.373999999999995,0.008904119999999988,296.553,513.6681714000001
20.393,0.00819297599999999,296.553,487.81298100000004
20.40299999999999,0.00819297599999999,297.5466,485.82412020000015
20.423000000000002,0.00819297599999999,292.5786,483.83525940000004
20.432999999999993,0.008370762000000004,297.5466,487.81298100000004
20.442999999999984,0.00819297599999999,296.553,487.81298100000004
20.452999999999975,0.00854854799999999,296.553,485.82412020000015
20.462999999999994,0.00854854799999999,296.553,483.83525940000004
20.472999999999985,0.008370762000000004,295.5594,483.83525940000004
20.482999999999976,0.008370762000000004,296.553,485.82412020000015
20.557999999999993,0.00854854799999999,297.5466,454.0023474000002
20.567999999999984,0.007837403999999992,296.553,457.98006899999996
20.576999999999998,0.007659617999999993,294.56579999999997,457.98006899999996
20.58699999999999,0.007837403999999992,294.56579999999997,457.98006899999996
20.597999999999985,0.007659617999999993,291.585,455.9912082000001
20.607999999999976,0.008015189999999991,297.5466,426.1582962
20.61699999999999,0.007304045999999995,297.5466,430.1360178000002
20.625999999999976,0.007304045999999995,299.5338,428.1471570000001
20.635999999999996,0.007126259999999995,297.5466,430.1360178000002
20.647999999999996,0.007126259999999995,295.5594,424.1694354000001
20.657999999999987,0.007304045999999995,298.54019999999997,426.1582962
20.667,0.007304045999999995,295.5594,426.1582962
20.676999999999992,0.006948473999999996,297.5466,428.1471570000001
20.68599999999998,0.006948473999999996,294.56579999999997,428.1471570000001
20.695999999999998,0.007304045999999995,298.54019999999997,426.1582962
20.704999999999984,0.007126259999999995,296.553,428.1471570000001
20.714999999999975,0.006948473999999996,297.5466,432.1248786000001
20.72399999999999,0.007481831999999994,296.553,428.1471570000001
20.744,0.006948473999999996,296.553,396.32538420000014
20.752999999999986,0.006592901999999998,297.5466,398.314245
20.762999999999977,0.006592901999999998,297.5466,398.314245
20.782999999999987,0.0064151159999999985,294.56579999999997,394.33652340000026
20.792999999999978,0.006592901999999998,298.54019999999997,396.32538420000014
20.801999999999992,0.006237329999999999,298.54019999999997,398.314245
20.811999999999983,0.006237329999999999,298.54019999999997,398.314245
20.821999999999974,0.006237329999999999,297.5466,396.32538420000014
20.831999999999994,0.006059544,297.5466,368.48133299999995
20.84099999999998,0.00517061399999999,297.5466,366.49247220000007
20.87299999999999,0.005348400000000003,296.553,364.5036114000002
20.88299999999998,0.00517061399999999,296.553,368.48133299999995
20.891999999999996,0.005348400000000003,296.553,364.5036114000002
20.901999999999987,0.005348400000000003,298.54019999999997,368.48133299999995
20.911,0.004992828000000005,293.5722,366.49247220000007
20.920999999999992,0.00517061399999999,296.553,368.48133299999995
20.92999999999998,0.00517061399999999,298.54019999999997,366.49247220000007
20.939999999999998,0.004992828000000005,296.553,366.49247220000007
20.948999999999984,0.004992828000000005,297.5466,368.48133299999995
20.958999999999975,0.004815041999999992,298.54019999999997,368.48133299999995
20.968999999999994,0.004992828000000005,297.5466,336.6595602000002
20.97799999999998,0.004103897999999995,296.553,338.6484210000001
21.00799999999998,0.0039261119999999955,295.5594,334.6706993999999
21.018,0.0037483259999999963,297.5466,338.6484210000001
21.026999999999987,0.0039261119999999955,295.5594,338.6484210000001
21.036999999999978,0.004103897999999995,298.54019999999997,338.6484210000001
21.045999999999992,0.0039261119999999955,294.56579999999997,334.6706993999999
21.055999999999983,0.003570539999999997,296.553,338.6484210000001
21.064999999999998,0.0039261119999999955,296.553,338.6484210000001
21.07499999999999,0.0039261119999999955,294.56579999999997,334.6706993999999
21.093999999999994,0.003392753999999998,298.54019999999997,338.6484210000001
21.103999999999985,0.003570539999999997,295.5594,306.82664820000014
21.113999999999976,0.0030371819999999994,294.56579999999997,306.82664820000014
21.143,0.0030371819999999994,294.56579999999997,306.82664820000014
21.15299999999999,0.0030371819999999994,299.5338,308.815509
21.161999999999978,0.0028593959999999863,296.553,306.82664820000014
21.171999999999997,0.0030371819999999994,298.54019999999997,306.82664820000014
21.182999999999993,0.0028593959999999863,295.5594,304.8377874
21.192999999999984,0.0028593959999999863,294.56579999999997,276.99373620000006
21.201999999999998,0.0023260380000000025,295.5594,276.99373620000006
21.210999999999984,0.002503823999999988,296.553,276.99373620000006
21.220999999999975,0.002503823999999988,297.5466,275.00487539999995
21.232999999999976,0.0021482519999999894,293.5722,273.01601460000006
21.242999999999995,0.0021482519999999894,295.5594,278.98259699999994
21.25199999999998,0.0023260380000000025,297.5466,278.98259699999994
21.262,0.002503823999999988,296.553,276.99373620000006
21.270999999999987,0.0021482519999999894,295.5594,276.99373620000006
21.280999999999977,0.0023260380000000025,297.5466,276.99373620000006
21.289999999999992,0.002503823999999988,298.54019999999997,278.98259699999994
21.299999999999983,0.0023260380000000025,297.5466,276.99373620000006
21.308999999999997,0.0021482519999999894,297.5466,276.99373620000006
21.31899999999999,0.0021482519999999894,296.553,276.99373620000006
21.32899999999998,0.0021482519999999894,297.5466,247.1608242000002
21.337999999999994,0.001970466000000004,298.54019999999997,247.1608242000002
21.367999999999995,0.0016148939999999917,294.56579999999997,245.17196339999987
21.377999999999986,0.001792679999999991,297.5466,247.1608242000002
21.387,0.0021482519999999894,297.5466,243.18310259999998
21.39699999999999,0.001970466000000004,297.5466,247.1608242000002
21.406999999999982,0.001792679999999991,296.553,245.17196339999987
21.417,0.0016148939999999917,297.5466,217.32791220000013
21.425999999999988,0.0016148939999999917,294.56579999999997,215.33905140000002
21.458,0.0012593219999999933,297.5466,215.33905140000002
21.46799999999999,0.0016148939999999917,296.553,215.33905140000002
21.476999999999975,0.0014371079999999925,297.5466,217.32791220000013
21.486999999999995,0.0014371079999999925,297.5466,215.33905140000002
21.496999999999986,0.001081535999999994,294.56579999999997,217.32791220000013
21.506999999999977,0.0014371079999999925,294.56579999999997,187.49500020000005
21.51599999999999,0.001081535999999994,297.5466,187.49500020000005
21.548000000000002,0.0009037499999999948,293.5722,185.50613939999994
21.557999999999993,0.0007259639999999956,295.5594,189.48386100000016
21.56699999999998,0.001081535999999994,297.5466,187.49500020000005
21.576999999999998,0.001081535999999994,294.56579999999997,187.49500020000005
21.587999999999994,0.001081535999999994,294.56579999999997,183.51727860000005
21.597999999999985,0.0014371079999999925,299.5338,155.6732274000001
21.607,0.0009037499999999948,298.54019999999997,157.6620882000002
21.61699999999999,0.0007259639999999956,296.553,159.65094900000008
21.625999999999976,0.0009037499999999948,294.56579999999997,157.6620882000002
21.637999999999977,0.0009037499999999948,292.5786,155.6732274000001
21.647999999999996,0.0012593219999999933,298.54019999999997,159.65094900000008
21.656999999999982,0.0012593219999999933,296.553,159.65094900000008
21.667,0.0014371079999999925,296.553,157.6620882000002
21.676999999999992,0.0014371079999999925,297.5466,155.6732274000001
21.686999999999983,0.0012593219999999933,296.553,125.84031540000001
21.695999999999998,0.0007259639999999956,294.56579999999997,127.82917620000012
21.72799999999998,0.001081535999999994,291.585,121.86259380000024
21.738,0.001081535999999994,296.553,123.85145460000012
21.746999999999986,0.001081535999999994,297.5466,125.84031540000001
21.756999999999977,0.001081535999999994,295.5594,123.85145460000012
21.766999999999996,0.001081535999999994,296.553,125.84031540000001
21.776999999999987,0.0012593219999999933,295.5594,96.00740339999993
21.786,0.0007259639999999956,294.56579999999997,96.00740339999993
21.817999999999984,0.0009037499999999948,293.5722,94.01854260000005
21.827999999999975,0.0009037499999999948,297.5466,96.00740339999993
21.83699999999999,0.001081535999999994,298.54019999999997,97.99626420000004
21.84699999999998,0.0007259639999999956,294.56579999999997,97.99626420000004
21.857,0.0009037499999999948,295.5594,94.01854260000005
21.86699999999999,0.0009037499999999948,298.54019999999997,66.17449140000008
21.875999999999976,0.0005481779999999825,297.5466,66.17449140000008
21.907999999999987,0.0005481779999999825,294.56579999999997,64.1856306000002
21.917999999999978,0.0005481779999999825,298.54019999999997,68.16335219999996
21.926999999999992,0.00037039200000001105,295.5594,68.16335219999996
21.936999999999983,0.0009037499999999948,296.553,64.1856306000002
21.946999999999974,0.0005481779999999825,293.5722,64.1856306000002
21.964999999999975,0.00037039200000001105,296.553,68.16335219999996
21.974999999999994,0.0009037499999999948,297.5466,64.1856306000002
21.984999999999985,0.0009037499999999948,299.5338,66.17449140000008
21.99599999999998,0.00037039200000001105,295.5594,64.1856306000002
22.006,0.00037039200000001105,297.5466,38.330440199999884
22.014999999999986,0.00019260599999999795,296.553,38.330440199999884
22.042999999999978,1.4819999999998723e-05,291.585,34.35271860000012
22.052999999999997,0.00019260599999999795,297.5466,38.330440199999884
22.061999999999983,0.00037039200000001105,295.5594,36.3415794
22.071999999999974,0.00019260599999999795,297.5466,36.3415794
22.081999999999994,1.4819999999998723e-05,295.5594,36.3415794
22.091999999999985,1.4819999999998723e-05,296.553,8.497528200000033
22.101,0.00019260599999999795,297.5466,6.508667400000149
22.13299999999998,1.4819999999998723e-05,293.5722,4.519806600000038
22.143,1.4819999999998723e-05,297.5466,8.497528200000033
22.151999999999987,-0.00016296600000001438,296.553,6.508667400000149
22.161999999999978,0.00019260599999999795,298.54019999999997,6.508667400000149
22.171999999999997,1.4819999999998723e-05,297.5466,6.508667400000149
22.181999999999988,0.00019260599999999795,297.5466,6.508667400000149
22.191000000000003,-0.00016296600000001438,295.5594,6.508667400000149
22.222999999999985,0.00019260599999999795,293.5722,6.508667400000149
22.232999999999976,1.4819999999998723e-05,297.5466,6.508667400000149
22.24199999999999,0.00019260599999999795,297.5466,6.508667400000149
22.25199999999998,1.4819999999998723e-05,296.553,6.508667400000149
22.262,0.00019260599999999795,294.56579999999997,4.519806600000038
22.270999999999987,1.4819999999998723e-05,296.553,6.508667400000149
22.280999999999977,1.4819999999998723e-05,296.553,8.497528200000033
22.289999999999992,1.4819999999998723e-05,297.5466,8.497528200000033
22.299999999999983,-0.00016296600000001438,296.553,6.508667400000149
22.308999999999997,1.4819999999998723e-05,293.5722,6.508667400000149
22.31899999999999,0.00037039200000001105,299.5338,34.35271860000012
22.327999999999975,0.00037039200000001105,295.5594,36.3415794
22.357999999999976,0.00037039200000001105,294.56579999999997,36.3415794
22.367999999999995,0.00037039200000001105,296.553,36.3415794
22.37699999999998,0.00037039200000001105,296.553,36.3415794
22.387,0.00037039200000001105,296.553,38.330440199999884
22.405999999999977,0.00037039200000001105,299.5338,36.3415794
22.415999999999997,0.0005481779999999825,299.5338,38.330440199999884
22.425999999999988,0.00037039200000001105,296.553,36.3415794
22.43599999999998,1.4819999999998723e-05,296.553,36.3415794
22.445999999999998,0.00019260599999999795,296.553,36.3415794
22.45599999999999,0.0005481779999999825,298.54019999999997,68.16335219999996
22.46599999999998,0.0007259639999999956,296.553,66.17449140000008
22.492999999999995,0.0007259639999999956,295.5594,64.1856306000002
22.502999999999986,0.0007259639999999956,295.5594,64.1856306000002
22.512,0.0009037499999999948,299.5338,66.17449140000008
22.52199999999999,0.001081535999999994,298.54019999999997,68.16335219999996
22.531999999999982,0.0007259639999999956,295.5594,64.1856306000002
22.540999999999997,0.0007259639999999956,298.54019999999997,66.17449140000008
22.550999999999988,0.00037039200000001105,297.5466,70.15221300000007
22.560000000000002,0.0009037499999999948,298.54019999999997,66.17449140000008
22.569999999999993,0.0007259639999999956,297.5466,68.16335219999996
22.57899999999998,0.0005481779999999825,294.56579999999997,66.17449140000008
22.589,0.0009037499999999948,296.553,97.99626420000004
22.597999999999985,0.001081535999999994,295.5594,97.99626420000004
22.627999999999986,0.0012593219999999933,292.5786,96.00740339999993
22.637999999999977,0.0012593219999999933,295.5594,96.00740339999993
22.64699999999999,0.001081535999999994,295.5594,99.98512500000015
22.667,0.0016148939999999917,295.5594,94.01854260000005
22.676999999999992,0.0014371079999999925,297.5466,96.00740339999993
22.686999999999983,0.0012593219999999933,297.5466,97.99626420000004
22.696999999999974,0.0012593219999999933,297.5466,97.99626420000004
22.706999999999994,0.0012593219999999933,297.5466,97.99626420000004
22.716999999999985,0.001081535999999994,293.5722,96.00740339999993
22.726999999999975,0.0012593219999999933,296.553,127.82917620000012
22.736999999999995,0.001970466000000004,297.5466,127.82917620000012
22.762999999999977,0.001970466000000004,296.553,125.84031540000001
22.807999999999993,0.0021482519999999894,293.5722,123.85145460000012
22.817999999999984,0.001970466000000004,297.5466,129.818037
22.83699999999999,0.001970466000000004,295.5594,125.84031540000001
22.84699999999998,0.0016148939999999917,293.5722,125.84031540000001
22.857,0.001970466000000004,296.553,127.82917620000012
22.86699999999999,0.001970466000000004,298.54019999999997,127.82917620000012
22.87699999999998,0.002503823999999988,297.5466,125.84031540000001
22.887,0.001970466000000004,296.553,127.82917620000012
22.89699999999999,0.001792679999999991,294.56579999999997,123.85145460000012
22.906999999999982,0.002681610000000001,298.54019999999997,157.6620882000002
22.917,0.003392753999999998,296.553,157.6620882000002
22.942999999999984,0.0030371819999999994,292.5786,155.6732274000001
22.952999999999975,0.0032149679999999986,298.54019999999997,159.65094900000008
22.96199999999999,0.0030371819999999994,296.553,157.6620882000002
22.97199999999998,0.0030371819999999994,296.553,157.6620882000002
22.982,0.0032149679999999986,295.5594,155.6732274000001
22.990999999999985,0.0030371819999999994,295.5594,157.6620882000002
23.0,0.002681610000000001,294.56579999999997,159.65094900000008
23.032999999999987,0.0030371819999999994,295.5594,157.6620882000002
23.081999999999994,0.004103897999999995,297.5466,189.48386100000016
23.09099999999998,0.004459469999999993,297.5466,187.49500020000005
23.12299999999999,0.004459469999999993,294.56579999999997,183.51727860000005
23.13299999999998,0.004281683999999994,298.54019999999997,187.49500020000005
23.143,0.004459469999999993,296.553,187.49500020000005
23.151999999999987,0.004281683999999994,294.56579999999997,187.49500020000005
23.161999999999978,0.004281683999999994,298.54019999999997,187.49500020000005
23.171999999999997,0.005348400000000003,295.5594,215.33905140000002
23.180999999999983,0.005881757999999987,295.5594,215.33905140000002
23.214,0.005703972000000002,293.5722,213.35019060000013
23.222999999999985,0.006237329999999999,298.54019999999997,215.33905140000002
23.232999999999976,0.006237329999999999,297.5466,215.33905140000002
23.24199999999999,0.005881757999999987,296.553,219.316773
23.25199999999998,0.006237329999999999,291.585,213.35019060000013
23.260999999999996,0.0064151159999999985,297.5466,215.33905140000002
23.270999999999987,0.005881757999999987,294.56579999999997,215.33905140000002
23.28,0.006237329999999999,296.553,215.33905140000002
23.289999999999992,0.0064151159999999985,297.5466,215.33905140000002
23.298999999999978,0.005881757999999987,294.56579999999997,215.33905140000002
23.308999999999997,0.007481831999999994,298.54019999999997,247.1608242000002
23.317999999999984,0.008015189999999991,296.553,247.1608242000002
23.347999999999985,0.008015189999999991,292.5786,245.17196339999987
23.367999999999995,0.008015189999999991,298.54019999999997,247.1608242000002
23.377999999999986,0.008370762000000004,297.5466,245.17196339999987
23.387999999999977,0.008015189999999991,296.553,247.1608242000002
23.397999999999996,0.009437478,298.54019999999997,280.97145780000005
23.407999999999987,0.010504193999999994,298.54019999999997,278.98259699999994
23.417999999999978,0.010681979999999994,296.553,276.99373620000006
23.437999999999988,0.010326407999999995,295.5594,276.99373620000006
23.44799999999998,0.010681979999999994,297.5466,276.99373620000006
23.458,0.010681979999999994,296.553,278.98259699999994
23.46799999999999,0.010859765999999993,297.5466,275.00487539999995
23.47799999999998,0.010326407999999995,298.54019999999997,276.99373620000006
23.488,0.012282054,296.553,306.82664820000014
23.49799999999999,0.013348769999999996,297.5466,306.82664820000014
23.52799999999999,0.012993197999999997,292.5786,306.82664820000014
23.537999999999982,0.013348769999999996,297.5466,308.815509
23.548000000000002,0.013704341999999994,297.5466,306.82664820000014
23.557999999999993,0.013526555999999995,296.553,308.815509
23.567999999999984,0.013170983999999997,293.5722,304.8377874
23.577999999999975,0.013526555999999995,296.553,308.815509
23.587999999999994,0.013348769999999996,295.5594,306.82664820000014
23.597999999999985,0.013526555999999995,297.5466,306.82664820000014
23.607999999999976,0.013526555999999995,298.54019999999997,308.815509
23.617999999999995,0.013348769999999996,294.56579999999997,306.82664820000014
23.627999999999986,0.015482201999999987,295.5594,338.6484210000001
23.637999999999977,0.016371131999999997,296.553,336.6595602000002
23.663999999999987,0.016548917999999996,294.56579999999997,336.6595602000002
23.673000000000002,0.016548917999999996,297.5466,340.6372818
23.682999999999993,0.016726703999999995,298.54019999999997,338.6484210000001
23.69199999999998,0.016726703999999995,298.54019999999997,338.6484210000001
23.701999999999998,0.016726703999999995,293.5722,334.6706993999999
23.71199999999999,0.018860135999999986,297.5466,368.48133299999995
23.720999999999975,0.019393493999999997,296.553,370.4701938000003
23.75399999999999,0.019926851999999995,295.5594,364.5036114000002
23.762999999999977,0.020104637999999994,299.5338,368.48133299999995
23.772999999999996,0.019926851999999995,297.5466,368.48133299999995
23.781999999999982,0.020104637999999994,299.5338,368.48133299999995
23.792,0.020104637999999994,294.56579999999997,364.5036114000002
23.800999999999988,0.019926851999999995,296.553,370.4701938000003
23.81099999999998,0.020282423999999993,297.5466,366.49247220000007
23.819999999999993,0.020460210000000006,297.5466,368.48133299999995
23.829999999999984,0.020460210000000006,298.54019999999997,368.48133299999995
23.839,0.020282423999999993,296.553,364.5036114000002
23.857999999999976,0.023660357999999992,296.553,398.314245
23.867999999999995,0.023482571999999993,298.54019999999997,398.314245
23.88899999999998,0.02383814399999999,297.5466,394.33652340000026
23.897999999999996,0.02401592999999999,295.5594,396.32538420000014
23.907999999999987,0.02401592999999999,297.5466,396.32538420000014
23.917,0.02401592999999999,296.553,398.314245
23.926999999999992,0.023660357999999992,296.553,396.32538420000014
23.93599999999998,0.02401592999999999,296.553,398.314245
23.945999999999998,0.02401592999999999,296.553,398.314245
23.954999999999984,0.02419371599999999,300.5274,398.314245
23.964999999999975,0.02419371599999999,296.553,398.314245
23.97399999999999,0.02401592999999999,295.5594,394.33652340000026
23.98399999999998,0.026149361999999995,295.5594,430.1360178000002
23.992999999999995,0.02703829199999999,294.56579999999997,430.1360178000002
24.024,0.02739386399999999,294.56579999999997,426.1582962
24.032999999999987,0.02757164999999999,295.5594,428.1471570000001
24.042999999999978,0.027749436000000002,296.553,430.1360178000002
24.051999999999992,0.027927221999999988,295.5594,428.1471570000001
24.061999999999983,0.028105008,294.56579999999997,424.1694354000001
24.070999999999998,0.028105008,298.54019999999997,428.1471570000001
24.08099999999999,0.027927221999999988,294.56579999999997,428.1471570000001
24.089999999999975,0.027927221999999988,294.56579999999997,428.1471570000001
24.099999999999994,0.028105008,296.553,428.1471570000001
24.119,0.03041622599999999,296.553,457.98006899999996
24.12899999999999,0.031660728,297.5466,457.98006899999996
24.13899999999998,0.0320163,297.5466,455.9912082000001
24.158999999999992,0.0320163,292.5786,454.0023474000002
24.167999999999978,0.031838514,296.553,457.98006899999996
24.177999999999997,0.0320163,295.5594,457.98006899999996
24.186999999999983,0.031838514,296.553,459.96892980000007
24.196999999999974,0.031838514,296.553,455.9912082000001
24.206999999999994,0.03432751799999999,298.54019999999997,487.81298100000004
24.21599999999998,0.035572019999999996,297.5466,485.82412020000015
24.248999999999995,0.035572019999999996,290.59139999999996,483.83525940000004
24.25799999999998,0.035749805999999995,296.553,485.82412020000015
24.268,0.035572019999999996,296.553,487.81298100000004
24.276999999999987,0.035749805999999995,297.5466,485.82412020000015
24.286999999999978,0.035927591999999994,293.5722,485.82412020000015
24.295999999999992,0.035749805999999995,295.5594,487.81298100000004
24.305999999999983,0.03628316399999999,298.54019999999997,485.82412020000015
24.314999999999998,0.03628316399999999,298.54019999999997,487.81298100000004
24.32499999999999,0.03628316399999999,297.5466,485.82412020000015
24.333999999999975,0.036105377999999994,298.54019999999997,485.82412020000015
24.343999999999994,0.038238809999999984,297.5466,513.6681714000001
24.35299999999998,0.03930552599999999,296.553,515.6570322
24.383999999999986,0.03948331199999999,294.56579999999997,511.6793106
24.393,0.03966109799999999,297.5466,513.6681714000001
24.40299999999999,0.03966109799999999,295.5594,515.6570322
24.411999999999978,0.03966109799999999,298.54019999999997,515.6570322
24.421999999999997,0.04001666999999999,297.5466,513.6681714000001
24.430999999999983,0.039838884000000005,294.56579999999997,513.6681714000001
24.441000000000003,0.040194456,297.5466,513.6681714000001
24.44999999999999,0.04037224199999999,298.54019999999997,513.6681714000001
24.47,0.04001666999999999,297.5466,513.6681714000001
24.47999999999999,0.041972315999999996,297.5466,545.4899442000001
24.488999999999976,0.042861246000000006,297.5466,543.5010834000002
24.518999999999977,0.04303903199999999,293.5722,543.5010834000002
24.52799999999999,0.043216818000000004,296.553,543.5010834000002
24.537999999999982,0.04339460399999999,295.5594,545.4899442000001
24.546999999999997,0.04357239,299.5338,543.5010834000002
24.556999999999988,0.04339460399999999,296.553,541.5122226000001
24.56699999999998,0.044283533999999986,294.56579999999997,577.311717
24.575999999999993,0.04570582199999999,296.553,573.3339954
24.60899999999998,0.045883608000000006,296.553,573.3339954
24.617999999999995,0.04606139399999999,298.54019999999997,575.3228562000002
24.627999999999986,0.04606139399999999,295.5594,577.311717
24.637,0.046239180000000005,299.5338,575.3228562000002
24.64699999999999,0.046239180000000005,293.5722,571.3451345999999
24.655999999999977,0.04641696599999999,296.553,573.3339954
24.665999999999997,0.04641696599999999,296.553,573.3339954
24.674999999999983,0.04641696599999999,295.5594,573.3339954
24.685000000000002,0.04659475199999999,297.5466,575.3228562000002
24.69399999999999,0.04641696599999999,296.553,575.3228562000002
24.70399999999998,0.047305895999999986,294.56579999999997,603.1669074000001
24.712999999999994,0.04801704,296.553,605.1557682
24.744,0.04801704,294.56579999999997,605.1557682
24.752999999999986,0.048372611999999995,295.5594,605.1557682
24.762999999999977,0.048550397999999995,298.54019999999997,605.1557682
24.77199999999999,0.048728183999999994,297.5466,605.1557682
24.781999999999982,0.048550397999999995,295.5594,605.1557682
24.792,0.048550397999999995,296.553,634.9886802000001
24.800999999999988,0.04926154199999999,297.5466,636.9775410000002
24.833999999999975,0.04926154199999999,293.5722,632.9998194000002
24.84299999999999,0.04943932799999999,298.54019999999997,636.9775410000002
24.85299999999998,0.04979489999999999,299.5338,636.9775410000002
24.861999999999995,0.049617114,296.553,636.9775410000002
24.871999999999986,0.04979489999999999,295.5594,634.9886802000001
24.881,0.04979489999999999,298.54019999999997,638.9664018000001
24.899999999999977,0.050328257999999994,297.5466,634.9886802000001
24.926999999999992,0.04908375599999999,297.5466,664.8215921999999
24.93599999999998,0.04943932799999999,297.5466,664.8215921999999
24.968999999999994,0.049972685999999995,293.5722,660.8438706000002
24.97799999999998,0.04979489999999999,295.5594,666.8104530000003
24.988,0.049972685999999995,294.56579999999997,664.8215921999999
24.996999999999986,0.050150472,296.553,664.8215921999999
25.006999999999977,0.050328257999999994,299.5338,660.8438706000002
25.016999999999996,0.048194825999999996,294.56579999999997,696.6433650000001
25.025999999999982,0.048372611999999995,297.5466,696.6433650000001
25.058999999999997,0.048372611999999995,293.5722,694.6545042
25.067999999999984,0.048550397999999995,296.553,698.6322258
25.077999999999975,0.048550397999999995,295.5594,696.6433650000001
25.08699999999999,0.048550397999999995,296.553,698.6322258
25.09699999999998,0.048550397999999995,294.56579999999997,694.6545042
25.105999999999995,0.04908375599999999,297.5466,698.6322258
25.115999999999985,0.04890597000000001,297.5466,696.6433650000001
25.125,0.04890597000000001,297.5466,696.6433650000001
25.13499999999999,0.04890597000000001,297.5466,698.6322258
25.143999999999977,0.04926154199999999,295.5594,696.6433650000001
25.153999999999996,0.04659475199999999,296.553,728.4651377999999
25.163999999999987,0.04606139399999999,295.5594,724.4874162000001
25.19399999999999,0.04641696599999999,295.5594,724.4874162000001
25.202999999999975,0.04677253799999999,298.54019999999997,726.4762770000002
25.212999999999994,0.04677253799999999,298.54019999999997,724.4874162000001
25.22199999999998,0.04677253799999999,295.5594,726.4762770000002
25.232,0.04677253799999999,295.5594,726.4762770000002
25.250999999999976,0.04712811,296.553,726.4762770000002
25.260999999999996,0.04712811,296.553,726.4762770000002
25.270999999999987,0.04712811,296.553,728.4651377999999
25.280999999999977,0.04695032399999999,292.5786,726.4762770000002
25.290999999999997,0.04357239,297.5466,758.2980498000002
25.300999999999988,0.04339460399999999,297.5466,754.3203282000004
25.32899999999998,0.043216818000000004,292.5786,754.3203282000004
25.337999999999994,0.04339460399999999,295.5594,756.3091890000005
25.347999999999985,0.04357239,295.5594,758.2980498000002
25.357,0.04339460399999999,297.5466,758.2980498000002
25.36699999999999,0.043750176,296.553,756.3091890000005
25.375999999999976,0.04392796199999999,300.5274,758.2980498000002
25.385999999999996,0.04392796199999999,297.5466,758.2980498000002
25.394999999999982,0.044105748,297.5466,758.2980498000002
25.405,0.044105748,297.5466,758.2980498000002
25.413999999999987,0.044105748,294.56579999999997,756.3091890000005
25.423999999999978,0.04001666999999999,295.5594,788.1309618000005
25.433999999999997,0.03948331199999999,298.54019999999997,788.1309618000005
25.464,0.03948331199999999,293.5722,786.1421010000004
25.472999999999985,0.03948331199999999,296.553,788.1309618000005
25.482999999999976,0.039838884000000005,296.553,786.1421010000004
25.49199999999999,0.039838884000000005,296.553,788.1309618000005
25.50199999999998,0.04001666999999999,298.54019999999997,786.1421010000004
25.520999999999987,0.04001666999999999,294.56579999999997,790.1198226000006
25.530999999999977,0.04001666999999999,295.5594,790.1198226000006
25.554000000000002,0.040194456,295.5594,792.1086834000002
25.601999999999975,0.03628316399999999,298.54019999999997,817.9638738000003
25.61099999999999,0.035572019999999996,295.5594,817.9638738000003
25.643999999999977,0.035572019999999996,292.5786,815.9750130000002
25.65299999999999,0.035749805999999995,296.553,815.9750130000002
25.662999999999982,0.035749805999999995,296.553,819.9527346000004
25.671999999999997,0.035927591999999994,297.5466,819.9527346000004
25.682999999999993,0.035927591999999994,293.5722,815.9750130000002
25.692999999999984,0.03094958399999999,297.5466,847.7967858000006
25.702999999999975,0.030060653999999992,298.54019999999997,849.7856466000003
25.720999999999975,0.029882867999999993,297.5466,851.7745074000004
25.732,0.030060653999999992,294.56579999999997,845.8079250000001
25.740999999999985,0.029882867999999993,298.54019999999997,853.7633682000005
25.750999999999976,0.03023843999999999,298.54019999999997,849.7856466000003
25.760999999999996,0.030060653999999992,298.54019999999997,849.7856466000003
25.77199999999999,0.030060653999999992,296.553,845.8079250000001
25.781999999999982,0.029705081999999994,296.553,849.7856466000003
25.792,0.030060653999999992,296.553,851.7745074000004
25.801999999999992,0.030060653999999992,298.54019999999997,851.7745074000004
25.811999999999983,0.029705081999999994,297.5466,853.7633682000005
25.821999999999974,0.03023843999999999,296.553,847.7967858000006
25.831999999999994,0.025082646,298.54019999999997,883.5962802000004
25.841999999999985,0.024371502000000003,296.553,877.6296978000005
25.869,0.02419371599999999,293.5722,877.6296978000005
25.877999999999986,0.02419371599999999,297.5466,879.6185586000001
25.887999999999977,0.02401592999999999,296.553,879.6185586000001
25.89699999999999,0.02401592999999999,296.553,879.6185586000001
25.906999999999982,0.023482571999999993,295.5594,879.6185586000001
25.917,0.019037922,296.553,913.4291922000002
25.925999999999988,0.018504563999999987,297.5466,913.4291922000002
25.958999999999975,0.017793420000000004,294.56579999999997,909.4514706000004
25.96799999999999,0.017793420000000004,296.553,911.4403314000006
25.97799999999998,0.017793420000000004,297.5466,911.4403314000006
25.986999999999995,0.01797120599999999,298.54019999999997,911.4403314000006
25.996999999999986,0.017260061999999993,294.56579999999997,911.4403314000006
26.006999999999977,0.013348769999999996,294.56579999999997,943.2621042000005
26.016999999999996,0.012637625999999999,297.5466,945.2509650000006
26.048999999999978,0.012282054,293.5722,939.2843826000003
26.057999999999993,0.012104268000000001,292.5786,943.2621042000005
26.067999999999984,0.012282054,296.553,943.2621042000005
26.076999999999998,0.012104268000000001,296.553,945.2509650000006
26.08699999999999,0.012282054,294.56579999999997,939.2843826000003
26.095999999999975,0.012104268000000001,295.5594,939.2843826000003
26.105999999999995,0.011926481999999988,297.5466,941.2732434
26.11499999999998,0.011748696000000003,298.54019999999997,943.2621042000005
26.125,0.011748696000000003,297.5466,943.2621042000005
26.13499999999999,0.011393124000000004,296.553,943.2621042000005
26.143999999999977,0.008015189999999991,298.54019999999997,975.083877
26.153999999999996,0.008015189999999991,298.54019999999997,971.1061554000003
26.183999999999997,0.007304045999999995,295.5594,971.1061554000003
26.192999999999984,0.007659617999999993,298.54019999999997,973.0950162000004
26.21199999999999,0.007481831999999994,294.56579999999997,971.1061554000003
26.222999999999985,0.007304045999999995,297.5466,973.0950162000004
26.232,0.004459469999999993,295.5594,1014.9137370000003
26.24199999999999,0.004281683999999994,294.56579999999997,1012.9974906000002
26.25199999999998,0.004459469999999993,298.54019999999997,1012.9974906000002
26.274,0.004103897999999995,293.5722,1011.0812442000001
26.282999999999987,0.004103897999999995,294.56579999999997,1012.9974906000002
26.301999999999992,0.004103897999999995,297.5466,1012.9974906000002
26.312999999999988,0.003570539999999997,292.5786,1014.9137370000003
26.32299999999998,0.0021482519999999894,298.54019999999997,1041.7411865999998
26.331999999999994,0.0021482519999999894,296.553,1043.6574329999999
26.341999999999985,0.001970466000000004,295.5594,1043.6574329999999
26.363999999999976,0.0023260380000000025,294.56579999999997,1039.8249402000001
26.37299999999999,0.001792679999999991,295.5594,1045.5736794000004
26.391999999999996,0.001792679999999991,298.54019999999997,1043.6574329999999
26.40299999999999,0.0012593219999999933,294.56579999999997,1041.7411865999998
26.412999999999982,0.00037039200000001105,296.553,1072.4011290000003
26.423000000000002,0.0009037499999999948,297.5466,1072.4011290000003
26.432999999999993,0.0009037499999999948,296.553,1072.4011290000003
26.45399999999998,0.00037039200000001105,295.5594,1072.4011290000003
26.472999999999985,0.0005481779999999825,298.54019999999997,1072.4011290000003
26.482999999999976,0.0005481779999999825,298.54019999999997,1074.3173754
26.492999999999995,0.0005481779999999825,293.5722,1072.4011290000003
26.502999999999986,0.00019260599999999795,296.553,1074.3173754
26.512999999999977,0.00037039200000001105,296.553,1074.3173754
26.522999999999996,0.0005481779999999825,295.5594,1072.4011290000003
26.532999999999987,0.0005481779999999825,296.553,1074.3173754
26.542999999999978,0.00019260599999999795,296.553,1070.4848826000002
26.552999999999997,1.4819999999998723e-05,302.5146,1104.9773178
26.562999999999988,0.00019260599999999795,297.5466,1101.1448249999999
26.589,-0.0003407520000000136,293.5722,1101.1448249999999
26.597999999999985,1.4819999999998723e-05,294.56579999999997,1103.0610714000004
26.607999999999976,1.4819999999998723e-05,296.553,1103.0610714000004
26.61699999999999,-0.00016296600000001438,297.5466,1104.9773178
26.62699999999998,1.4819999999998723e-05,296.553,1101.1448249999999
26.635999999999996,-0.00016296600000001438,297.5466,1104.9773178
26.645999999999987,-0.00016296600000001438,298.54019999999997,1104.9773178
26.655,1.4819999999998723e-05,298.54019999999997,1103.0610714000004
26.664999999999992,0.00019260599999999795,298.54019999999997,1103.0610714000004
26.674999999999983,-0.0003407520000000136,294.56579999999997,1104.9773178
26.683999999999997,1.4819999999998723e-05,305.49539999999996,1133.7210138
26.702999999999975,-0.00016296600000001438,313.44419999999997,1133.7210138
26.72399999999999,-0.0003407520000000136,312.4506,1131.8047674
26.742999999999995,1.4819999999998723e-05,316.425,1129.8885210000003
26.752999999999986,-0.00016296600000001438,315.4314,1131.8047674
26.762999999999977,-0.0005185379999999989,314.4378,1133.7210138
26.772999999999996,-0.0003407520000000136,346.233,1164.3809562000001
26.782999999999987,-0.0003407520000000136,346.233,1162.4647098
26.792999999999978,-0.00016296600000001438,348.2202,1162.4647098
26.813999999999993,-0.0003407520000000136,346.233,1162.4647098
26.82299999999998,-0.00016296600000001438,349.2138,1162.4647098
26.833,-0.00016296600000001438,350.2074,1162.4647098
26.84299999999999,1.4819999999998723e-05,350.2074,1160.5484634000004
26.85299999999998,-0.00016296600000001438,349.2138,1160.5484634000004
26.863,1.4819999999998723e-05,381.009,1193.1246521999997
26.87299999999999,-0.00016296600000001438,382.0026,1195.0408986000002
26.903999999999996,-0.00016296600000001438,382.0026,1191.2084058
26.912999999999982,1.4819999999998723e-05,382.0026,1191.2084058
26.923000000000002,-0.0003407520000000136,383.9898,1193.1246521999997
26.932999999999993,-0.0003407520000000136,384.9834,1195.0408986000002
26.94399999999999,-0.00016296600000001438,384.9834,1187.3759129999999
26.952999999999975,-0.00016296600000001438,385.977,1193.1246521999997
26.962999999999994,-0.00016296600000001438,385.977,1195.0408986000002
26.972999999999985,1.4819999999998723e-05,387.9642,1193.1246521999997
26.982999999999976,-0.00016296600000001438,388.95779999999996,1193.1246521999997
26.996999999999986,-0.00016296600000001438,387.9642,1193.1246521999997
27.006999999999977,1.4819999999998723e-05,417.7722,1221.8683482000001
27.01599999999999,1.4819999999998723e-05,418.7658,1223.7845945999998
27.038999999999987,-0.00016296600000001438,416.7786,1218.0358554000004
27.048000000000002,1.4819999999998723e-05,419.75939999999997,1219.9521018
27.057999999999993,-0.0003407520000000136,420.753,1223.7845945999998
27.06699999999998,-0.00016296600000001438,420.753,1221.8683482000001
27.076999999999998,-0.0003407520000000136,419.75939999999997,1219.9521018
27.08699999999999,-0.00016296600000001438,421.7466,1223.7845945999998
27.095999999999975,-0.0005185379999999989,421.7466,1223.7845945999998
27.10499999999999,-0.00016296600000001438,422.7402,1223.7845945999998
27.11499999999998,-0.00016296600000001438,421.7466,1223.7845945999998
27.125,-0.00016296600000001438,420.753,1218.0358554000004
27.143999999999977,-0.00016296600000001438,453.54179999999997,1254.4445370000003
27.153999999999996,-0.00016296600000001438,454.5354,1254.4445370000003
27.173999999999978,-0.0003407520000000136,454.5354,1252.5282906000002
27.182999999999993,-0.00016296600000001438,454.5354,1252.5282906000002
27.192999999999984,-0.0003407520000000136,455.529,1254.4445370000003
27.201999999999998,-0.0003407520000000136,455.529,1254.4445370000003
27.212999999999994,-0.0006963239999999982,455.529,1254.4445370000003
27.22199999999998,-0.0003407520000000136,485.337,1285.1044794000004
27.232,-0.0003407520000000136,485.337,1285.1044794000004
27.26399999999998,-0.0003407520000000136,485.337,1283.1882329999999
27.272999999999996,1.4819999999998723e-05,485.337,1283.1882329999999
27.282999999999987,-0.00016296600000001438,486.3306,1281.2719865999998
27.292,-0.0003407520000000136,486.3306,1283.1882329999999
27.301999999999992,-0.0005185379999999989,485.337,1281.2719865999998
27.311999999999983,-0.0003407520000000136,488.3178,1285.1044794000004
27.320999999999998,-0.0005185379999999989,486.3306,1283.1882329999999
27.33099999999999,0.00019260599999999795,488.3178,1281.2719865999998
27.339999999999975,-0.00016296600000001438,488.3178,1285.1044794000004
27.349999999999994,-0.0003407520000000136,485.337,1279.3557402000001
27.35899999999998,-0.00016296600000001438,517.1322,1313.8481754
27.369,-0.00016296600000001438,518.1258,1313.8481754
27.399,-0.00016296600000001438,517.1322,1310.0156826000002
27.407999999999987,-0.0005185379999999989,520.113,1313.8481754
27.417999999999978,-0.00016296600000001438,519.1194,1313.8481754
27.426999999999992,-0.00016296600000001438,519.1194,1313.8481754
27.437999999999988,-0.00016296600000001438,518.1258,1313.8481754
27.446999999999974,-0.00016296600000001438,548.9274,1346.4243642000001
27.456999999999994,-0.0003407520000000136,548.9274,1342.5918714000004
27.488999999999976,-0.0003407520000000136,548.9274,1342.5918714000004
27.49799999999999,-0.0005185379999999989,549.921,1346.4243642000001
27.50799999999998,-0.00016296600000001438,549.921,1344.5081178
27.516999999999996,-0.00016296600000001438,549.921,1344.5081178
27.52799999999999,-0.0003407520000000136,548.9274,1344.5081178
27.536999999999978,-0.00016296600000001438,579.729,1375.1680601999997
27.546999999999997,-0.0003407520000000136,579.729,1377.0843066000002
27.57899999999998,-0.00016296600000001438,576.7482,1371.3355674
27.587999999999994,-0.0005185379999999989,579.729,1377.0843066000002
27.597999999999985,-0.0003407520000000136,579.729,1375.1680601999997
27.607,-0.0003407520000000136,579.729,1377.0843066000002
27.61699999999999,-0.00016296600000001438,577.7418,1369.4193210000003
27.62699999999998,-0.00016296600000001438,578.7354,1375.1680601999997
27.635999999999996,-0.0005185379999999989,579.729,1379.0005530000003
27.645999999999987,-0.0006963239999999982,579.729,1379.0005530000003
27.664999999999992,-0.00016296600000001438,578.7354,1371.3355674
27.674999999999983,-0.0003407520000000136,578.7354,1377.0843066000002
27.685000000000002,-0.0003407520000000136,579.729,1375.1680601999997
27.714,-0.0005185379999999989,577.7418,1373.2518138
27.722999999999985,-0.00016296600000001438,579.729,1373.2518138
27.732999999999976,1.4819999999998723e-05,579.729,1373.2518138
27.74199999999999,-0.0003407520000000136,580.7226,1375.1680601999997
27.752999999999986,-0.0003407520000000136,579.729,1373.2518138
27.762,-0.00016296600000001438,549.921,1342.5918714000004
27.77199999999999,-0.00016296600000001438,550.9146000000001,1344.5081178
27.804000000000002,-0.0005185379999999989,548.9274,1342.5918714000004
27.812999999999988,-0.0005185379999999989,550.9146000000001,1346.4243642000001
27.82299999999998,-0.00016296600000001438,550.9146000000001,1344.5081178
27.831999999999994,-0.0003407520000000136,550.9146000000001,1344.5081178
27.841999999999985,-0.00016296600000001438,549.921,1340.6756249999999
27.851999999999975,1.4819999999998723e-05,550.9146000000001,1344.5081178
27.86099999999999,-0.00016296600000001438,551.9082000000001,1344.5081178
27.87099999999998,-0.0003407520000000136,552.9018000000001,1344.5081178
27.879999999999995,-0.0003407520000000136,551.9082000000001,1346.4243642000001
27.889999999999986,-0.0003407520000000136,551.9082000000001,1342.5918714000004
27.899,1.4819999999998723e-05,522.1002000000001,1313.8481754
27.908999999999992,-0.0003407520000000136,523.0938000000001,1315.7644218
27.938999999999993,-0.00016296600000001438,521.1066000000001,1310.0156826000002
27.94799999999998,1.4819999999998723e-05,523.0938000000001,1311.9319290000003
27.958,-0.0003407520000000136,523.0938000000001,1315.7644218
27.966999999999985,-0.0005185379999999989,524.0874,1315.7644218
27.976999999999975,-0.00016296600000001438,523.0938000000001,1310.0156826000002
27.986999999999995,-0.0003407520000000136,524.0874,1315.7644218
27.99599999999998,-0.0005185379999999989,524.0874,1313.8481754
28.014999999999986,-0.00016296600000001438,525.081,1315.7644218
28.024999999999977,-0.0005185379999999989,524.0874,1311.9319290000003
28.034999999999997,1.4819999999998723e-05,525.081,1313.8481754
28.044999999999987,-0.00016296600000001438,525.081,1313.8481754
28.119,-0.00016296600000001438,495.27299999999997,1281.2719865999998
28.12899999999999,-0.0003407520000000136,497.2602,1285.1044794000004
28.137999999999977,-0.00016296600000001438,496.2666,1283.1882329999999
28.147999999999996,-0.00016296600000001438,497.2602,1283.1882329999999
28.157999999999987,0.00019260599999999795,497.2602,1279.3557402000001
28.167,-0.00016296600000001438,469.4394,1254.4445370000003
28.176999999999992,-0.0003407520000000136,469.4394,1254.4445370000003
28.208999999999975,-0.0005185379999999989,468.4458,1250.6120442000001
28.218999999999994,-0.0003407520000000136,469.4394,1254.4445370000003
28.22799999999998,-0.00016296600000001438,471.4266,1252.5282906000002
28.236999999999995,-0.00016296600000001438,470.433,1252.5282906000002
28.24799999999999,-0.00016296600000001438,470.433,1252.5282906000002
28.25799999999998,-0.0003407520000000136,442.6122,1221.8683482000001
28.266999999999996,-0.00016296600000001438,441.6186,1223.7845945999998
28.276999999999987,-0.00016296600000001438,441.6186,1223.7845945999998
28.298999999999978,-0.00016296600000001438,441.6186,1219.9521018
28.308999999999997,-0.00016296600000001438,443.6058,1221.8683482000001
28.317999999999984,-0.00016296600000001438,443.6058,1221.8683482000001
28.326999999999998,-0.00016296600000001438,443.6058,1221.8683482000001
28.33699999999999,-0.00016296600000001438,442.6122,1219.9521018
28.34699999999998,1.4819999999998723e-05,444.5994,1221.8683482000001
28.365999999999985,1.4819999999998723e-05,443.6058,1219.9521018
28.375999999999976,-0.00016296600000001438,444.5994,1221.8683482000001
28.385999999999996,-0.00016296600000001438,443.6058,1221.8683482000001
28.395999999999987,-0.00016296600000001438,414.7914,1193.1246521999997
28.405999999999977,-0.00016296600000001438,415.78499999999997,1193.1246521999997
28.433999999999997,-0.0003407520000000136,414.7914,1193.1246521999997
28.44399999999999,-0.00016296600000001438,416.7786,1193.1246521999997
28.452999999999975,-0.00016296600000001438,415.78499999999997,1195.0408986000002
28.462999999999994,1.4819999999998723e-05,416.7786,1193.1246521999997
28.472999999999985,-0.00016296600000001438,415.78499999999997,1191.2084058
28.482,-0.00016296600000001438,387.9642,1162.4647098
28.49199999999999,1.4819999999998723e-05,386.9706,1160.5484634000004
28.524,-0.00016296600000001438,386.9706,1160.5484634000004
28.533999999999992,-0.00016296600000001438,387.9642,1160.5484634000004
28.542999999999978,-0.00016296600000001438,388.95779999999996,1164.3809562000001
28.552999999999997,-0.00016296600000001438,388.95779999999996,1162.4647098
28.562999999999988,-0.00016296600000001438,388.95779999999996,1160.5484634000004
28.571999999999974,-0.00016296600000001438,360.1434,1131.8047674
28.581999999999994,-0.0003407520000000136,360.1434,1133.7210138
28.613999999999976,-0.0003407520000000136,360.1434,1131.8047674
28.623999999999995,1.4819999999998723e-05,361.137,1131.8047674
28.63299999999998,-0.00016296600000001438,363.1242,1131.8047674
28.643,-0.00016296600000001438,362.1306,1133.7210138
28.651999999999987,-0.00016296600000001438,360.1434,1127.9722746000002
28.661999999999978,-0.0003407520000000136,363.1242,1135.6372601999997
28.670999999999992,0.00019260599999999795,362.1306,1131.8047674
28.680999999999983,-0.00016296600000001438,364.1178,1131.8047674
28.689999999999998,-0.00016296600000001438,364.1178,1135.6372601999997
28.69999999999999,-0.0003407520000000136,363.1242,1133.7210138
28.708999999999975,-0.0005185379999999989,333.3162,1104.9773178
28.718999999999994,1.4819999999998723e-05,334.3098,1101.1448249999999
28.748999999999995,-0.00016296600000001438,331.329,1101.1448249999999
28.758999999999986,-0.0003407520000000136,334.3098,1103.0610714000004
28.768,-0.00016296600000001438,334.3098,1101.1448249999999
28.77799999999999,-0.00016296600000001438,335.3034,1104.9773178
28.787999999999982,-0.00016296600000001438,334.3098,1103.0610714000004
28.796999999999997,-0.00016296600000001438,305.49539999999996,1074.3173754
28.816000000000003,-0.00016296600000001438,305.49539999999996,1076.2336218
28.839,-0.00016296600000001438,304.5018,1072.4011290000003
28.84899999999999,-0.00016296600000001438,305.49539999999996,1076.2336218
28.857999999999976,-0.0003407520000000136,306.489,1076.2336218
28.867999999999995,1.4819999999998723e-05,305.49539999999996,1068.5686362000001
28.877999999999986,-0.00016296600000001438,305.49539999999996,1072.4011290000003
28.887999999999977,-0.0003407520000000136,297.5466,1041.7411865999998
28.89699999999999,-0.0003407520000000136,295.5594,1041.7411865999998
28.917,-0.00016296600000001438,296.553,1041.7411865999998
28.929000000000002,1.4819999999998723e-05,293.5722,1039.8249402000001
28.938999999999993,-0.00016296600000001438,296.553,1041.7411865999998
28.94799999999998,-0.0003407520000000136,296.553,1043.6574329999999
28.958,-0.0003407520000000136,294.56579999999997,1043.6574329999999
28.976999999999975,-0.00016296600000001438,298.54019999999997,1045.5736794000004
28.986999999999995,-0.00016296600000001438,298.54019999999997,1045.5736794000004
28.996999999999986,-0.00016296600000001438,295.5594,1043.6574329999999
29.006999999999977,1.4819999999998723e-05,299.5338,1043.6574329999999
29.016999999999996,-0.0003407520000000136,295.5594,1045.5736794000004
29.026999999999987,0.0005481779999999825,295.5594,1014.9137370000003
29.036999999999978,1.4819999999998723e-05,295.5594,1014.9137370000003
29.063999999999993,-0.00016296600000001438,293.5722,1011.0812442000001
29.073999999999984,1.4819999999998723e-05,296.553,1014.9137370000003
29.083,-0.0003407520000000136,294.56579999999997,1012.9974906000002
29.09299999999999,1.4819999999998723e-05,296.553,1012.9974906000002
29.10299999999998,-0.0003407520000000136,298.54019999999997,1012.9974906000002
29.111999999999995,0.0007259639999999956,293.5722,973.0950162000004
29.121999999999986,1.4819999999998723e-05,297.5466,973.0950162000004
29.153999999999996,-0.0003407520000000136,292.5786,971.1061554000003
29.163999999999987,0.00019260599999999795,300.5274,973.0950162000004
29.173000000000002,0.00019260599999999795,299.5338,971.1061554000003
29.182999999999993,-0.00016296600000001438,295.5594,973.0950162000004
29.192999999999984,1.4819999999998723e-05,297.5466,973.0950162000004
29.201999999999998,0.0007259639999999956,293.5722,943.2621042000005
29.21199999999999,0.00037039200000001105,297.5466,943.2621042000005
29.244,-0.0003407520000000136,292.5786,943.2621042000005
29.25399999999999,0.00019260599999999795,294.56579999999997,939.2843826000003
29.262999999999977,0.00019260599999999795,295.5594,939.2843826000003
29.272999999999996,0.00019260599999999795,296.553,945.2509650000006
29.281999999999982,0.0007259639999999956,296.553,937.2955218000002
29.292,0.0005481779999999825,297.5466,941.2732434
29.300999999999988,0.00037039200000001105,295.5594,941.2732434
29.31099999999998,0.00037039200000001105,299.5338,943.2621042000005
29.319999999999993,0.00019260599999999795,297.5466,945.2509650000006
29.329999999999984,0.00019260599999999795,295.5594,939.2843826000003
29.339999999999975,0.0012593219999999933,296.553,913.4291922000002
29.34899999999999,0.0005481779999999825,296.553,911.4403314000006
29.37899999999999,0.00037039200000001105,295.5594,911.4403314000006
29.38899999999998,0.0007259639999999956,297.5466,911.4403314000006
29.397999999999996,0.0005481779999999825,297.5466,911.4403314000006
29.417999999999978,0.0005481779999999825,298.54019999999997,909.4514706000004
29.426999999999992,0.001792679999999991,299.5338,879.6185586000001
29.436999999999983,0.0012593219999999933,296.553,879.6185586000001
29.446999999999974,0.001081535999999994,297.5466,879.6185586000001
29.468999999999994,0.0007259639999999956,296.553,879.6185586000001
29.478999999999985,0.0009037499999999948,296.553,879.6185586000001
29.496999999999986,0.0009037499999999948,298.54019999999997,879.6185586000001
29.50799999999998,0.001081535999999994,298.54019999999997,875.6408370000004
29.518,0.0021482519999999894,297.5466,849.7856466000003
29.526999999999987,0.0014371079999999925,296.553,849.7856466000003
29.537999999999982,0.0014371079999999925,298.54019999999997,851.7745074000004
29.558999999999997,0.0014371079999999925,295.5594,847.7967858000006
29.56899999999999,0.0012593219999999933,297.5466,853.7633682000005
29.587999999999994,0.0016148939999999917,298.54019999999997,849.7856466000003
29.597999999999985,0.001792679999999991,296.553,847.7967858000006
29.607999999999976,0.001970466000000004,296.553,847.7967858000006
29.617999999999995,0.0016148939999999917,297.5466,851.7745074000004
29.627999999999986,0.0016148939999999917,297.5466,849.7856466000003
29.637999999999977,0.001792679999999991,297.5466,847.7967858000006
29.647999999999996,0.0012593219999999933,296.553,847.7967858000006
29.657999999999987,0.002503823999999988,295.5594,817.9638738000003
29.667999999999978,0.0023260380000000025,295.5594,817.9638738000003
29.69399999999999,0.0023260380000000025,295.5594,813.9861522000006
29.70399999999998,0.0023260380000000025,296.553,817.9638738000003
29.712999999999994,0.0023260380000000025,298.54019999999997,817.9638738000003
29.722999999999985,0.0021482519999999894,299.5338,819.9527346000004
29.732999999999976,0.001970466000000004,295.5594,815.9750130000002
29.74199999999999,0.003570539999999997,298.54019999999997,784.1532402000003
29.75199999999998,0.0023260380000000025,296.553,790.1198226000006
29.783999999999992,0.002681610000000001,293.5722,786.1421010000004
29.793999999999983,0.0030371819999999994,298.54019999999997,788.1309618000005
29.802999999999997,0.0028593959999999863,297.5466,790.1198226000006
29.812999999999988,0.0030371819999999994,297.5466,788.1309618000005
29.82299999999998,0.0028593959999999863,297.5466,788.1309618000005
29.831999999999994,0.004103897999999995,299.5338,758.2980498000002
29.841999999999985,0.003392753999999998,295.5594,758.2980498000002
29.873999999999995,0.003392753999999998,294.56579999999997,756.3091890000005
29.883999999999986,0.003570539999999997,296.553,758.2980498000002
29.893,0.003570539999999997,296.553,756.3091890000005
29.90299999999999,0.0039261119999999955,296.553,756.3091890000005
29.912999999999982,0.0037483259999999963,295.5594,754.3203282000004
29.921999999999997,0.004637255999999992,297.5466,730.4539986
29.931999999999988,0.004103897999999995,296.553,728.4651377999999
29.964,0.004459469999999993,294.56579999999997,724.4874162000001
29.97399999999999,0.004281683999999994,297.5466,726.4762770000002
29.982999999999976,0.004637255999999992,297.5466,726.4762770000002
29.992999999999995,0.004281683999999994,294.56579999999997,730.4539986
30.00399999999999,0.004281683999999994,294.56579999999997,728.4651377999999
30.01399999999998,0.005881757999999987,296.553,694.6545042
30.022999999999996,0.00517061399999999,295.5594,696.6433650000001
30.032999999999987,0.004815041999999992,293.5722,696.6433650000001
30.042,0.005348400000000003,298.54019999999997,694.6545042
30.054000000000002,0.00517061399999999,292.5786,692.6656434000001
30.063999999999993,0.00517061399999999,298.54019999999997,696.6433650000001
30.07299999999998,0.0055261859999999885,297.5466,696.6433650000001
30.083,0.005348400000000003,295.5594,694.6545042
30.09299999999999,0.00517061399999999,298.54019999999997,696.6433650000001
30.10299999999998,0.0064151159999999985,298.54019999999997,664.8215921999999
30.111999999999995,0.005881757999999987,297.5466,666.8104530000003
30.143999999999977,0.006059544,294.56579999999997,662.8327314000001
30.153999999999996,0.006059544,298.54019999999997,666.8104530000003
30.162999999999982,0.006059544,294.56579999999997,666.8104530000003
30.173000000000002,0.006237329999999999,296.553,664.8215921999999
30.182999999999993,0.006059544,295.5594,664.8215921999999
30.192999999999984,0.007126259999999995,295.5594,636.9775410000002
30.201999999999998,0.006770687999999997,297.5466,636.9775410000002
30.23399999999998,0.006770687999999997,294.56579999999997,634.9886802000001
30.244,0.006770687999999997,296.553,636.9775410000002
30.252999999999986,0.006948473999999996,296.553,636.9775410000002
30.262999999999977,0.006770687999999997,295.5594,636.9775410000002
30.272999999999996,0.006948473999999996,297.5466,636.9775410000002
30.282999999999987,0.007659617999999993,296.553,605.1557682
30.292,0.007126259999999995,296.553,607.1446289999999
30.323999999999984,0.007481831999999994,295.5594,603.1669074000001
30.333999999999975,0.007481831999999994,296.553,605.1557682
30.34299999999999,0.007837403999999992,297.5466,601.1780466
30.35299999999998,0.007659617999999993,296.553,607.1446289999999
30.361999999999995,0.007304045999999995,294.56579999999997,605.1557682
30.371999999999986,0.007659617999999993,296.553,605.1557682
30.381,0.007481831999999994,294.56579999999997,607.1446289999999
30.39099999999999,0.007304045999999995,294.56579999999997,607.1446289999999
30.399999999999977,0.007837403999999992,296.553,605.1557682
30.409999999999997,0.007837403999999992,296.553,605.1557682
30.429000000000002,0.008370762000000004,297.5466,573.3339954
30.438999999999993,0.008015189999999991,296.553,573.3339954
30.458999999999975,0.008370762000000004,294.56579999999997,569.3562738
30.468999999999994,0.00819297599999999,294.56579999999997,573.3339954
30.478999999999985,0.00819297599999999,296.553,575.3228562000002
30.488999999999976,0.008015189999999991,295.5594,575.3228562000002
30.498999999999995,0.008370762000000004,296.553,569.3562738
30.508999999999986,0.008726334000000002,295.5594,543.5010834000002
30.518999999999977,0.008370762000000004,295.5594,541.5122226000001
30.548999999999978,0.008370762000000004,296.553,545.4899442000001
30.593999999999994,0.00854854799999999,296.553,543.5010834000002
30.63899999999998,0.008904119999999988,296.553,541.5122226000001
30.649,0.008904119999999988,299.5338,541.5122226000001
30.657999999999987,0.008726334000000002,296.553,543.5010834000002
30.667999999999978,0.008904119999999988,296.553,543.5010834000002
30.679000000000002,0.008726334000000002,297.5466,539.5233618
30.688999999999993,0.009437478,297.5466,513.6681714000001
30.69799999999998,0.00854854799999999,296.553,513.6681714000001
30.706999999999994,0.00854854799999999,297.5466,515.6570322
30.716999999999985,0.008726334000000002,296.553,511.6793106
30.728999999999985,0.008726334000000002,295.5594,511.6793106
30.738999999999976,0.008726334000000002,297.5466,513.6681714000001
30.74799999999999,0.00854854799999999,296.553,513.6681714000001
30.75799999999998,0.008726334000000002,298.54019999999997,513.6681714000001
30.768,0.008726334000000002,295.5594,511.6793106
30.77799999999999,0.009081906,298.54019999999997,487.81298100000004
30.786999999999978,0.008015189999999991,294.56579999999997,485.82412020000015
30.81899999999999,0.00819297599999999,295.5594,485.82412020000015
30.82899999999998,0.00854854799999999,296.553,485.82412020000015
30.837999999999994,0.00854854799999999,296.553,485.82412020000015
30.847999999999985,0.008370762000000004,296.553,485.82412020000015
30.857999999999976,0.008370762000000004,295.5594,481.84639859999993
30.867999999999995,0.00854854799999999,297.5466,455.9912082000001
30.87699999999998,0.008015189999999991,297.5466,455.9912082000001
30.908999999999992,0.007837403999999992,295.5594,455.9912082000001
30.918999999999983,0.007659617999999993,294.56579999999997,457.98006899999996
30.927999999999997,0.008015189999999991,297.5466,455.9912082000001
30.937999999999988,0.007837403999999992,297.5466,455.9912082000001
30.94799999999998,0.007659617999999993,297.5466,454.0023474000002
30.958,0.007481831999999994,295.5594,426.1582962
30.966999999999985,0.007126259999999995,298.54019999999997,426.1582962
30.998999999999995,0.006948473999999996,296.553,428.1471570000001
31.043999999999983,0.007304045999999995,294.56579999999997,426.1582962
31.054000000000002,0.007304045999999995,295.5594,426.1582962
31.062999999999988,0.006948473999999996,295.5594,428.1471570000001
31.089999999999975,0.007126259999999995,296.553,424.1694354000001
31.09899999999999,0.007304045999999995,298.54019999999997,426.1582962
31.10899999999998,0.006770687999999997,297.5466,430.1360178000002
31.117999999999995,0.007304045999999995,298.54019999999997,426.1582962
31.127999999999986,0.006948473999999996,295.5594,424.1694354000001
31.137999999999977,0.006948473999999996,296.553,398.314245
31.14699999999999,0.006237329999999999,298.54019999999997,400.30310580000014
31.179000000000002,0.006059544,294.56579999999997,396.32538420000014
31.188999999999993,0.006237329999999999,296.553,398.314245
31.19799999999998,0.006237329999999999,297.5466,398.314245
31.208,0.006059544,297.5466,398.314245
31.21799999999999,0.006059544,297.5466,398.314245
31.22799999999998,0.006059544,295.5594,368.48133299999995
31.236999999999995,0.005348400000000003,297.5466,368.48133299999995
31.268999999999977,0.004992828000000005,291.585,364.5036114000002
31.278999999999996,0.004815041999999992,296.553,368.48133299999995
31.287999999999982,0.004992828000000005,297.5466,370.4701938000003
31.298000000000002,0.004992828000000005,297.5466,368.48133299999995
31.306999999999988,0.00517061399999999,294.56579999999997,364.5036114000002
31.31699999999998,0.004992828000000005,297.5466,368.48133299999995
31.325999999999993,0.004815041999999992,296.553,366.49247220000007
31.335999999999984,0.004637255999999992,298.54019999999997,370.4701938000003
31.345,0.004815041999999992,295.5594,366.49247220000007
31.35499999999999,0.004815041999999992,295.5594,366.49247220000007
31.36499999999998,0.004815041999999992,297.5466,338.6484210000001
31.373999999999995,0.004103897999999995,296.553,338.6484210000001
31.403999999999996,0.0037483259999999963,294.56579999999997,336.6595602000002
31.413999999999987,0.0039261119999999955,295.5594,338.6484210000001
31.423000000000002,0.0037483259999999963,295.5594,338.6484210000001
31.432999999999993,0.0039261119999999955,298.54019999999997,338.6484210000001
31.442999999999984,0.0039261119999999955,297.5466,336.6595602000002
31.451999999999998,0.0039261119999999955,296.553,334.6706993999999
31.46199999999999,0.003570539999999997,296.553,338.6484210000001
31.480999999999995,0.0037483259999999963,294.56579999999997,336.6595602000002
31.490999999999985,0.003392753999999998,294.56579999999997,336.6595602000002
31.500999999999976,0.0037483259999999963,296.553,306.82664820000014
31.510999999999996,0.0032149679999999986,296.553,306.82664820000014
31.538999999999987,0.0030371819999999994,294.56579999999997,302.84892660000014
31.548999999999978,0.0030371819999999994,296.553,304.8377874
31.557999999999993,0.0030371819999999994,299.5338,306.82664820000014
31.567999999999984,0.002681610000000001,296.553,308.815509
31.577999999999975,0.0030371819999999994,298.54019999999997,306.82664820000014
31.587999999999994,0.002681610000000001,296.553,278.98259699999994
31.59699999999998,0.002503823999999988,296.553,276.99373620000006
31.62899999999999,0.0023260380000000025,295.5594,275.00487539999995
31.63899999999998,0.001970466000000004,296.553,278.98259699999994
31.647999999999996,0.0021482519999999894,298.54019999999997,278.98259699999994
31.657999999999987,0.0021482519999999894,296.553,276.99373620000006
31.667,0.0023260380000000025,296.553,276.99373620000006
31.676999999999992,0.0023260380000000025,296.553,276.99373620000006
31.686999999999983,0.0023260380000000025,297.5466,278.98259699999994
31.695999999999998,0.0023260380000000025,297.5466,275.00487539999995
31.704999999999984,0.0023260380000000025,297.5466,276.99373620000006
31.714999999999975,0.002503823999999988,295.5594,273.01601460000006
31.724999999999994,0.0023260380000000025,295.5594,247.1608242000002
31.73399999999998,0.001970466000000004,297.5466,245.17196339999987
31.76399999999998,0.0016148939999999917,296.553,245.17196339999987
31.774,0.001970466000000004,297.5466,247.1608242000002
31.782999999999987,0.001792679999999991,295.5594,245.17196339999987
31.792999999999978,0.001792679999999991,297.5466,247.1608242000002
31.802999999999997,0.001970466000000004,293.5722,243.18310259999998
31.811999999999983,0.001970466000000004,297.5466,247.1608242000002
31.83099999999999,0.001792679999999991,297.5466,247.1608242000002
31.84099999999998,0.0021482519999999894,297.5466,247.1608242000002
31.851,0.0016148939999999917,294.56579999999997,245.17196339999987
31.86099999999999,0.0016148939999999917,294.56579999999997,215.33905140000002
31.87099999999998,0.001970466000000004,299.5338,215.33905140000002
31.899,0.0012593219999999933,295.5594,215.33905140000002
31.908999999999992,0.0016148939999999917,298.54019999999997,215.33905140000002
31.917999999999978,0.0014371079999999925,297.5466,217.32791220000013
31.927999999999997,0.0014371079999999925,298.54019999999997,217.32791220000013
31.937999999999988,0.0012593219999999933,295.5594,213.35019060000013
31.94799999999998,0.0014371079999999925,298.54019999999997,187.49500020000005
31.956999999999994,0.001081535999999994,295.5594,185.50613939999994
31.988999999999976,0.001081535999999994,295.5594,185.50613939999994
31.998999999999995,0.001081535999999994,297.5466,187.49500020000005
32.00799999999998,0.001081535999999994,296.553,187.49500020000005
32.018,0.001081535999999994,296.553,187.49500020000005
32.02799999999999,0.0012593219999999933,293.5722,185.50613939999994
32.03699999999998,0.0012593219999999933,293.5722,185.50613939999994
32.047,0.0016148939999999917,296.553,185.50613939999994
32.05599999999998,0.001792679999999991,299.5338,187.49500020000005
32.066,0.001792679999999991,296.553,187.49500020000005
32.07499999999999,0.0016148939999999917,294.56579999999997,183.51727860000005
32.08499999999998,0.001792679999999991,296.553,155.6732274000001
32.093999999999994,0.0014371079999999925,300.5274,157.6620882000002
32.123999999999995,0.0014371079999999925,293.5722,153.68436659999998
32.133999999999986,0.0012593219999999933,296.553,157.6620882000002
32.143,0.0014371079999999925,297.5466,159.65094900000008
32.15299999999999,0.0016148939999999917,297.5466,155.6732274000001
32.16299999999998,0.0016148939999999917,298.54019999999997,155.6732274000001
32.18199999999999,0.0014371079999999925,295.5594,157.6620882000002
32.19199999999998,0.001792679999999991,296.553,155.6732274000001
32.202,0.001792679999999991,295.5594,157.6620882000002
32.21199999999999,0.0016148939999999917,295.5594,157.6620882000002
32.22199999999998,0.001792679999999991,297.5466,125.84031540000001
32.232,0.001081535999999994,295.5594,125.84031540000001
32.258999999999986,0.0012593219999999933,294.56579999999997,125.84031540000001
32.26899999999998,0.0014371079999999925,296.553,123.85145460000012
32.27799999999999,0.0014371079999999925,297.5466,123.85145460000012
32.28799999999998,0.0016148939999999917,294.56579999999997,125.84031540000001
32.298,0.0012593219999999933,297.5466,125.84031540000001
32.30799999999999,0.001081535999999994,293.5722,96.00740339999993
32.31699999999998,0.0009037499999999948,296.553,97.99626420000004
32.34899999999999,0.0007259639999999956,294.56579999999997,94.01854260000005
32.35899999999998,0.001081535999999994,297.5466,96.00740339999993
32.367999999999995,0.0007259639999999956,294.56579999999997,97.99626420000004
32.377999999999986,0.0007259639999999956,294.56579999999997,96.00740339999993
32.38799999999998,0.0009037499999999948,290.59139999999996,94.01854260000005
32.39699999999999,0.0012593219999999933,298.54019999999997,96.00740339999993
32.40699999999998,0.0012593219999999933,299.5338,97.99626420000004
32.416,0.0012593219999999933,297.5466,94.01854260000005
32.42599999999999,0.0007259639999999956,296.553,97.99626420000004
32.435,0.001081535999999994,295.5594,92.02968179999993
32.44499999999999,0.0007259639999999956,295.5594,66.17449140000008
32.45399999999998,0.0007259639999999956,296.553,66.17449140000008
32.48399999999998,0.00037039200000001105,293.5722,64.1856306000002
32.494,0.0005481779999999825,297.5466,68.16335219999996
32.502999999999986,0.0009037499999999948,297.5466,66.17449140000008
32.52199999999999,0.0009037499999999948,294.56579999999997,64.1856306000002
32.53199999999998,0.0005481779999999825,298.54019999999997,68.16335219999996
32.542,0.0009037499999999948,296.553,64.1856306000002
32.55199999999999,0.0009037499999999948,297.5466,64.1856306000002
32.56199999999998,0.0007259639999999956,296.553,64.1856306000002
32.57299999999998,0.0007259639999999956,297.5466,64.1856306000002
32.583,0.00037039200000001105,296.553,38.330440199999884
32.619,0.00037039200000001105,297.5466,34.35271860000012
32.62899999999999,0.00037039200000001105,296.553,34.35271860000012
32.63899999999998,0.00037039200000001105,297.5466,36.3415794
32.647999999999996,0.00037039200000001105,294.56579999999997,36.3415794
32.65799999999999,0.00037039200000001105,295.5594,34.35271860000012
32.66799999999998,0.0005481779999999825,297.5466,4.519806600000038
32.67699999999999,0.00019260599999999795,296.553,6.508667400000149
32.708999999999975,-0.00016296600000001438,295.5594,6.508667400000149
32.718999999999994,1.4819999999998723e-05,296.553,6.508667400000149
32.72799999999998,0.00019260599999999795,296.553,8.497528200000033
32.738,0.00037039200000001105,298.54019999999997,8.497528200000033
32.74799999999999,0.00019260599999999795,296.553,4.519806600000038
32.75799999999998,0.00019260599999999795,297.5466,8.497528200000033
32.766999999999996,0.00037039200000001105,297.5466,6.508667400000149
32.79899999999998,1.4819999999998723e-05,294.56579999999997,4.519806600000038
32.809,0.00019260599999999795,296.553,8.497528200000033
32.81899999999999,1.4819999999998723e-05,296.553,6.508667400000149
32.827999999999975,-0.00016296600000001438,295.5594,8.497528200000033
32.837999999999994,1.4819999999998723e-05,293.5722,6.508667400000149
32.84699999999998,1.4819999999998723e-05,296.553,8.497528200000033
32.857,0.00019260599999999795,298.54019999999997,8.497528200000033
32.865999999999985,1.4819999999998723e-05,295.5594,6.508667400000149
32.875999999999976,0.00037039200000001105,298.54019999999997,8.497528200000033
32.88499999999999,-0.00016296600000001438,294.56579999999997,6.508667400000149
32.89499999999998,0.00019260599999999795,297.5466,36.3415794
32.903999999999996,0.00019260599999999795,297.5466,40.319300999999996
32.935,0.00019260599999999795,293.5722,36.3415794
32.94399999999999,1.4819999999998723e-05,296.553,38.330440199999884
32.962999999999994,0.00037039200000001105,297.5466,38.330440199999884
32.972999999999985,0.0005481779999999825,296.553,34.35271860000012
32.982999999999976,0.0005481779999999825,297.5466,66.17449140000008
32.992999999999995,0.0007259639999999956,296.553,66.17449140000008
33.002999999999986,0.0005481779999999825,298.54019999999997,68.16335219999996
33.024,0.0009037499999999948,295.5594,66.17449140000008
33.03399999999999,0.0005481779999999825,297.5466,68.16335219999996
33.053,0.0007259639999999956,296.553,66.17449140000008
33.06299999999999,0.0007259639999999956,296.553,68.16335219999996
33.07299999999998,0.0007259639999999956,295.5594,66.17449140000008
33.083,0.0007259639999999956,294.56579999999997,66.17449140000008
33.09299999999999,0.001081535999999994,299.5338,64.1856306000002
33.16,0.0007259639999999956,292.5786,96.00740339999993
33.16899999999998,0.0012593219999999933,297.5466,96.00740339999993
33.179,0.0014371079999999925,296.553,96.00740339999993
33.18799999999999,0.001081535999999994,296.553,99.98512500000015
33.19799999999998,0.0016148939999999917,297.5466,96.00740339999993
33.206999999999994,0.0012593219999999933,298.54019999999997,97.99626420000004
33.216999999999985,0.0012593219999999933,296.553,97.99626420000004
33.226,0.0016148939999999917,296.553,97.99626420000004
33.23599999999999,0.0012593219999999933,297.5466,97.99626420000004
33.24599999999998,0.0009037499999999948,293.5722,97.99626420000004
33.254999999999995,0.0014371079999999925,296.553,127.82917620000012
33.264999999999986,0.001792679999999991,294.56579999999997,125.84031540000001
33.29499999999999,0.001792679999999991,294.56579999999997,123.85145460000012
33.31399999999999,0.002503823999999988,297.5466,123.85145460000012
33.323999999999984,0.0021482519999999894,296.553,125.84031540000001
33.333999999999975,0.001970466000000004,296.553,125.84031540000001
33.343999999999994,0.002503823999999988,295.5594,157.6620882000002
33.353999999999985,0.0030371819999999994,296.553,157.6620882000002
33.363999999999976,0.0032149679999999986,296.553,157.6620882000002
33.38499999999999,0.0032149679999999986,296.553,153.68436659999998
33.403999999999996,0.0032149679999999986,298.54019999999997,159.65094900000008
33.41399999999999,0.003392753999999998,297.5466,157.6620882000002
33.42399999999998,0.0032149679999999986,296.553,155.6732274000001
33.434,0.0039261119999999955,297.5466,187.49500020000005
33.44399999999999,0.004459469999999993,296.553,185.50613939999994
33.45399999999998,0.004637255999999992,298.54019999999997,185.50613939999994
33.474999999999994,0.004281683999999994,291.585,183.51727860000005
33.48399999999998,0.004281683999999994,295.5594,187.49500020000005
33.494,0.004459469999999993,295.5594,187.49500020000005
33.50399999999999,0.004637255999999992,297.5466,185.50613939999994
33.51399999999998,0.004281683999999994,294.56579999999997,185.50613939999994
33.524,0.005703972000000002,297.5466,215.33905140000002
33.53399999999999,0.005703972000000002,295.5594,217.32791220000013
33.56399999999999,0.006059544,294.56579999999997,215.33905140000002
33.573999999999984,0.006237329999999999,298.54019999999997,215.33905140000002
33.583999999999975,0.0064151159999999985,297.5466,215.33905140000002
33.609999999999985,0.006237329999999999,292.5786,211.36132980000025
33.619,0.006059544,296.553,215.33905140000002
33.62899999999999,0.006237329999999999,297.5466,213.35019060000013
33.63799999999998,0.0064151159999999985,298.54019999999997,215.33905140000002
33.647999999999996,0.005881757999999987,291.585,213.35019060000013
33.65799999999999,0.007481831999999994,294.56579999999997,245.17196339999987
33.667,0.008015189999999991,296.553,247.1608242000002
33.69999999999999,0.00819297599999999,293.5722,245.17196339999987
33.708999999999975,0.008015189999999991,296.553,247.1608242000002
33.718999999999994,0.00854854799999999,296.553,245.17196339999987
33.72799999999998,0.00819297599999999,296.553,247.1608242000002
33.738,0.00819297599999999,296.553,245.17196339999987
33.74799999999999,0.009615263999999998,297.5466,278.98259699999994
33.75699999999998,0.010326407999999995,297.5466,278.98259699999994
33.78999999999999,0.010681979999999994,293.5722,273.01601460000006
33.79899999999998,0.010859765999999993,297.5466,276.99373620000006
33.80799999999999,0.010681979999999994,296.553,276.99373620000006
33.83499999999998,0.010681979999999994,296.553,273.01601460000006
33.843999999999994,0.010681979999999994,297.5466,276.99373620000006
33.853999999999985,0.011037551999999992,297.5466,276.99373620000006
33.863999999999976,0.010859765999999993,296.553,276.99373620000006
33.875,0.010504193999999994,295.5594,273.01601460000006
33.88499999999999,0.012459839999999986,297.5466,306.82664820000014
33.89399999999998,0.013348769999999996,298.54019999999997,306.82664820000014
33.903999999999996,0.013526555999999995,298.54019999999997,306.82664820000014
33.91499999999999,0.013170983999999997,295.5594,306.82664820000014
33.92499999999998,0.013526555999999995,293.5722,304.8377874
33.935,0.013348769999999996,297.5466,308.815509
33.94499999999999,0.013526555999999995,297.5466,306.82664820000014
33.954999999999984,0.013526555999999995,295.5594,306.82664820000014
33.964999999999975,0.013526555999999995,294.56579999999997,304.8377874
33.974999999999994,0.013526555999999995,296.553,308.815509
33.984999999999985,0.013882127999999994,299.5338,304.8377874
33.994999999999976,0.013526555999999995,297.5466,306.82664820000014
34.004999999999995,0.013882127999999994,296.553,306.82664820000014
34.018,0.015659988,296.553,336.6595602000002
34.02699999999999,0.016548917999999996,298.54019999999997,338.6484210000001
34.03699999999998,0.016548917999999996,295.5594,338.6484210000001
34.06,0.016548917999999996,292.5786,334.6706993999999
34.06899999999999,0.016548917999999996,294.56579999999997,336.6595602000002
34.07899999999998,0.016726703999999995,297.5466,338.6484210000001
34.087999999999994,0.016548917999999996,295.5594,338.6484210000001
34.097999999999985,0.016548917999999996,294.56579999999997,334.6706993999999
34.107999999999976,0.01868235,294.56579999999997,368.48133299999995
34.11699999999999,0.019571279999999996,295.5594,368.48133299999995
34.14999999999998,0.019926851999999995,294.56579999999997,366.49247220000007
34.15899999999999,0.019926851999999995,298.54019999999997,368.48133299999995
34.16899999999998,0.020104637999999994,296.553,368.48133299999995
34.178,0.019926851999999995,296.553,368.48133299999995
34.18799999999999,0.019926851999999995,296.553,366.49247220000007
34.19799999999998,0.022060284,296.553,398.314245
34.206999999999994,0.023304785999999994,295.5594,396.32538420000014
34.23999999999998,0.023304785999999994,291.585,394.33652340000026
34.248999999999995,0.023660357999999992,298.54019999999997,398.314245
34.258999999999986,0.023482571999999993,294.56579999999997,398.314245
34.268,0.023482571999999993,298.54019999999997,400.30310580000014
34.27799999999999,0.023660357999999992,296.553,396.32538420000014
34.28699999999998,0.02383814399999999,296.553,396.32538420000014
34.297,0.02401592999999999,297.5466,394.33652340000026
34.30599999999998,0.023660357999999992,297.5466,398.314245
34.32499999999999,0.02383814399999999,298.54019999999997,396.32538420000014
34.33499999999998,0.026149361999999995,296.553,426.1582962
34.345,0.02721607799999999,294.56579999999997,426.1582962
34.375,0.02721607799999999,292.5786,426.1582962
34.383999999999986,0.02721607799999999,295.5594,428.1471570000001
34.39399999999998,0.02757164999999999,298.54019999999997,428.1471570000001
34.40299999999999,0.02757164999999999,295.5594,428.1471570000001
34.41299999999998,0.026860505999999992,292.5786,426.1582962
34.423,0.030060653999999992,298.54019999999997,455.9912082000001
34.43199999999999,0.030771798000000003,296.553,457.98006899999996
34.464999999999975,0.03094958399999999,294.56579999999997,457.98006899999996
34.47399999999999,0.03112737,297.5466,457.98006899999996
34.48399999999998,0.03112737,296.553,457.98006899999996
34.492999999999995,0.03130515599999999,296.553,457.98006899999996
34.502999999999986,0.03130515599999999,296.553,455.9912082000001
34.51299999999998,0.03361637399999999,296.553,483.83525940000004
34.52199999999999,0.03432751799999999,296.553,485.82412020000015
34.55499999999998,0.034505304,292.5786,485.82412020000015
34.56399999999999,0.03468309,294.56579999999997,485.82412020000015
34.573999999999984,0.035216448,297.5466,483.83525940000004
34.583,0.035216448,297.5466,485.82412020000015
34.59299999999999,0.035038662,291.585,483.83525940000004
34.601999999999975,0.035394234,298.54019999999997,485.82412020000015
34.611999999999995,0.035394234,298.54019999999997,485.82412020000015
34.62099999999998,0.035216448,297.5466,485.82412020000015
34.631,0.035572019999999996,299.5338,485.82412020000015
34.639999999999986,0.035038662,295.5594,485.82412020000015
34.64999999999998,0.037172094,296.553,515.6570322
34.66,0.038416596,294.56579999999997,513.6681714000001
34.69,0.03859438199999998,293.5722,511.6793106
34.698999999999984,0.03859438199999998,299.5338,515.6570322
34.708999999999975,0.038772167999999996,297.5466,513.6681714000001
34.71799999999999,0.038949953999999995,298.54019999999997,513.6681714000001
34.72799999999998,0.038949953999999995,294.56579999999997,511.6793106
34.736999999999995,0.039127739999999994,298.54019999999997,513.6681714000001
34.746999999999986,0.039127739999999994,296.553,515.6570322
34.76599999999999,0.03930552599999999,299.5338,513.6681714000001
34.77599999999998,0.03930552599999999,297.5466,511.6793106
34.786,0.040905599999999986,296.553,543.5010834000002
34.79599999999999,0.042150101999999995,296.553,539.5233618
34.82499999999999,0.042150101999999995,293.5722,541.5122226000001
34.833999999999975,0.042150101999999995,299.5338,543.5010834000002
34.843999999999994,0.04250567399999999,299.5338,543.5010834000002
34.85299999999998,0.04250567399999999,297.5466,543.5010834000002
34.863,0.04250567399999999,296.553,539.5233618
34.87299999999999,0.04357239,297.5466,575.3228562000002
34.88299999999998,0.044283533999999986,295.5594,573.3339954
34.91499999999999,0.044639105999999984,290.59139999999996,571.3451345999999
34.92399999999998,0.044639105999999984,293.5722,573.3339954
34.934,0.044816892,297.5466,575.3228562000002
34.942999999999984,0.044994677999999996,298.54019999999997,573.3339954
34.952999999999975,0.044994677999999996,296.553,571.3451345999999
34.96199999999999,0.045350249999999995,298.54019999999997,573.3339954
34.97199999999998,0.045528035999999994,295.5594,575.3228562000002
34.980999999999995,0.045528035999999994,298.54019999999997,573.3339954
34.990999999999985,0.045528035999999994,296.553,575.3228562000002
35.0,0.045172463999999996,293.5722,573.3339954
35.00999999999999,0.046239180000000005,297.5466,607.1446289999999
35.01999999999998,0.04677253799999999,295.5594,605.1557682
35.04999999999998,0.047305895999999986,294.56579999999997,603.1669074000001
35.059,0.04712811,296.553,605.1557682
35.06899999999999,0.047483682,298.54019999999997,605.1557682
35.077999999999975,0.047483682,297.5466,603.1669074000001
35.087999999999994,0.047483682,295.5594,603.1669074000001
35.097999999999985,0.047483682,297.5466,636.9775410000002
35.107999999999976,0.04801704,296.553,636.9775410000002
35.139999999999986,0.04801704,293.5722,632.9998194000002
35.149,0.048194825999999996,295.5594,636.9775410000002
35.15899999999999,0.048550397999999995,297.5466,636.9775410000002
35.16799999999998,0.048550397999999995,296.553,636.9775410000002
35.178,0.048550397999999995,296.553,634.9886802000001
35.18799999999999,0.047839254,296.553,662.8327314000001
35.19799999999998,0.047661467999999985,295.5594,668.7993138000002
35.22999999999999,0.048194825999999996,297.5466,664.8215921999999
35.238999999999976,0.048194825999999996,296.553,664.8215921999999
35.248999999999995,0.048194825999999996,296.553,666.8104530000003
35.25799999999998,0.048550397999999995,297.5466,662.8327314000001
35.268,0.048194825999999996,296.553,662.8327314000001
35.27799999999999,0.04677253799999999,297.5466,696.6433650000001
35.28699999999998,0.04659475199999999,294.56579999999997,694.6545042
35.31999999999999,0.04677253799999999,292.5786,694.6545042
35.32899999999998,0.04695032399999999,297.5466,696.6433650000001
35.339,0.04712811,296.553,694.6545042
35.347999999999985,0.04695032399999999,295.5594,698.6322258
35.357999999999976,0.04712811,293.5722,694.6545042
35.37699999999998,0.047305895999999986,297.5466,696.6433650000001
35.387,0.047483682,296.553,694.6545042
35.39699999999999,0.047305895999999986,296.553,694.6545042
35.40699999999998,0.047661467999999985,294.56579999999997,694.6545042
35.417,0.044816892,294.56579999999997,730.4539986
35.42699999999999,0.044639105999999984,296.553,728.4651377999999
35.454999999999984,0.044639105999999984,293.5722,726.4762770000002
35.464,0.044994677999999996,295.5594,728.4651377999999
35.47399999999999,0.044994677999999996,298.54019999999997,728.4651377999999
35.482999999999976,0.045350249999999995,296.553,724.4874162000001
35.492999999999995,0.045172463999999996,295.5594,730.4539986
35.50199999999998,0.045172463999999996,295.5594,728.4651377999999
35.512,0.045528035999999994,297.5466,726.4762770000002
35.52099999999999,0.045350249999999995,294.56579999999997,728.4651377999999
35.53099999999998,0.045528035999999994,295.5594,728.4651377999999
35.53999999999999,0.045883608000000006,294.56579999999997,724.4874162000001
35.54999999999998,0.042150101999999995,296.553,758.2980498000002
35.56,0.041972315999999996,296.553,758.2980498000002
35.589999999999975,0.041972315999999996,297.5466,758.2980498000002
35.63499999999999,0.04268345999999999,298.54019999999997,758.2980498000002
35.67999999999998,0.043216818000000004,296.553,754.3203282000004
35.68899999999999,0.04339460399999999,298.54019999999997,758.2980498000002
35.698999999999984,0.043216818000000004,296.553,758.2980498000002
35.708,0.043216818000000004,298.54019999999997,758.2980498000002
35.726999999999975,0.04339460399999999,294.56579999999997,758.2980498000002
35.736999999999995,0.04357239,295.5594,758.2980498000002
35.746999999999986,0.044105748,298.54019999999997,756.3091890000005
35.75699999999998,0.043750176,296.553,758.2980498000002
35.768,0.044105748,295.5594,756.3091890000005
35.77799999999999,0.040194456,298.54019999999997,788.1309618000005
35.78699999999998,0.039127739999999994,295.5594,790.1198226000006
35.815,0.039127739999999994,293.5722,788.1309618000005
35.823999999999984,0.03948331199999999,299.5338,790.1198226000006
35.833999999999975,0.03948331199999999,299.5338,790.1198226000006
35.84299999999999,0.03948331199999999,296.553,790.1198226000006
35.85299999999998,0.03948331199999999,294.56579999999997,786.1421010000004
35.863,0.035394234,299.5338,817.9638738000003
35.87299999999999,0.03468309,298.54019999999997,815.9750130000002
35.905,0.03468309,294.56579999999997,815.9750130000002
35.91399999999999,0.034505304,297.5466,819.9527346000004
35.92399999999998,0.035038662,297.5466,817.9638738000003
35.93299999999999,0.034505304,296.553,819.9527346000004
35.942999999999984,0.034505304,292.5786,817.9638738000003
35.952999999999975,0.029882867999999993,296.553,849.7856466000003
35.962999999999994,0.029171723999999996,298.54019999999997,851.7745074000004
35.994999999999976,0.029171723999999996,293.5722,847.7967858000006
36.00399999999999,0.029171723999999996,295.5594,849.7856466000003
36.01399999999998,0.029171723999999996,297.5466,849.7856466000003
36.022999999999996,0.029527295999999995,297.5466,847.7967858000006
36.03399999999999,0.028993937999999997,293.5722,851.7745074000004
36.04299999999998,0.02454928799999999,296.553,881.6074194000003
36.053,0.02401592999999999,297.5466,881.6074194000003
36.08499999999998,0.023660357999999992,295.5594,877.6296978000005
36.093999999999994,0.023660357999999992,298.54019999999997,879.6185586000001
36.103999999999985,0.023482571999999993,296.553,881.6074194000003
36.113,0.023660357999999992,296.553,879.6185586000001
36.12299999999999,0.023660357999999992,295.5594,875.6408370000004
36.13199999999998,0.023660357999999992,297.5466,879.6185586000001
36.141999999999996,0.023304785999999994,295.5594,879.6185586000001
36.15099999999998,0.023304785999999994,293.5722,879.6185586000001
36.161,0.023304785999999994,294.56579999999997,881.6074194000003
36.17099999999999,0.023126999999999995,294.56579999999997,879.6185586000001
36.17999999999998,0.019037922,298.54019999999997,909.4514706000004
36.19,0.01814899199999999,295.5594,913.4291922000002
36.22,0.01797120599999999,292.5786,909.4514706000004
36.228999999999985,0.01797120599999999,298.54019999999997,911.4403314000006
36.24799999999999,0.01761563399999999,296.553,911.4403314000006
36.258999999999986,0.017793420000000004,298.54019999999997,911.4403314000006
36.268,0.017260061999999993,292.5786,911.4403314000006
36.27799999999999,0.017260061999999993,295.5594,911.4403314000006
36.28799999999998,0.017260061999999993,295.5594,911.4403314000006
36.298,0.017260061999999993,294.56579999999997,911.4403314000006
36.309,0.017260061999999993,294.56579999999997,909.4514706000004
36.31899999999999,0.012815411999999984,298.54019999999997,939.2843826000003
36.327999999999975,0.012815411999999984,296.553,943.2621042000005
36.35499999999999,0.012104268000000001,293.5722,939.2843826000003
36.363999999999976,0.012282054,294.56579999999997,939.2843826000003
36.373999999999995,0.012104268000000001,292.5786,939.2843826000003
36.38299999999998,0.011926481999999988,297.5466,943.2621042000005
36.39399999999998,0.01157090999999999,293.5722,941.2732434
36.403999999999996,0.008370762000000004,294.56579999999997,969.1172946000006
36.41299999999998,0.00819297599999999,297.5466,971.1061554000003
36.44499999999999,0.007481831999999994,292.5786,971.1061554000003
36.45399999999998,0.007659617999999993,296.553,971.1061554000003
36.464,0.007659617999999993,299.5338,973.0950162000004
36.472999999999985,0.007481831999999994,297.5466,973.0950162000004
36.482999999999976,0.006948473999999996,293.5722,969.1172946000006
36.49199999999999,0.007304045999999995,296.553,973.0950162000004
36.50199999999998,0.007304045999999995,297.5466,973.0950162000004
36.510999999999996,0.007126259999999995,297.5466,971.1061554000003
36.52099999999999,0.007481831999999994,298.54019999999997,971.1061554000003
36.53099999999998,0.006770687999999997,296.553,973.0950162000004
36.53999999999999,0.004637255999999992,296.553,1012.9974906000002
36.54999999999998,0.004459469999999993,297.5466,1012.9974906000002
36.579999999999984,0.004103897999999995,295.5594,1011.0812442000001
36.59899999999999,0.004103897999999995,297.5466,1011.0812442000001
36.60899999999998,0.0037483259999999963,297.5466,1012.9974906000002
36.619,0.0037483259999999963,298.54019999999997,1012.9974906000002
36.62899999999999,0.001970466000000004,296.553,1043.6574329999999
36.63899999999998,0.0021482519999999894,295.5594,1041.7411865999998
36.649,0.0021482519999999894,296.553,1041.7411865999998
36.66999999999999,0.0021482519999999894,292.5786,1039.8249402000001
36.68899999999999,0.001792679999999991,295.5594,1043.6574329999999
36.698999999999984,0.0016148939999999917,296.553,1043.6574329999999
36.708999999999975,0.0012593219999999933,293.5722,1039.8249402000001
36.718999999999994,0.00019260599999999795,296.553,1076.2336218
36.728999999999985,0.0007259639999999956,297.5466,1072.4011290000003
36.738999999999976,0.0007259639999999956,298.54019999999997,1074.3173754
36.75999999999999,0.0007259639999999956,296.553,1070.4848826000002
36.778999999999996,0.0007259639999999956,298.54019999999997,1072.4011290000003
36.78899999999999,0.0007259639999999956,297.5466,1074.3173754
36.79899999999998,0.00037039200000001105,296.553,1074.3173754
36.809,0.00019260599999999795,299.5338,1103.0610714000004
36.81899999999999,-0.00016296600000001438,296.553,1103.0610714000004
36.82899999999998,1.4819999999998723e-05,300.5274,1103.0610714000004
36.849999999999994,1.4819999999998723e-05,292.5786,1099.2285785999998
36.85899999999998,1.4819999999998723e-05,296.553,1103.0610714000004
36.869,1.4819999999998723e-05,296.553,1103.0610714000004
36.87899999999999,1.4819999999998723e-05,297.5466,1103.0610714000004
36.889999999999986,1.4819999999998723e-05,292.5786,1099.2285785999998
36.899,1.4819999999998723e-05,295.5594,1103.0610714000004
36.90899999999999,1.4819999999998723e-05,296.553,1103.0610714000004
36.91899999999998,0.00019260599999999795,297.5466,1101.1448249999999
36.929,0.00019260599999999795,297.5466,1103.0610714000004
36.94,-0.00016296600000001438,295.5594,1103.0610714000004
36.94999999999999,-0.00016296600000001438,304.5018,1131.8047674
36.958999999999975,1.4819999999998723e-05,311.457,1131.8047674
36.984999999999985,-0.00016296600000001438,313.44419999999997,1131.8047674
36.994,1.4819999999998723e-05,313.44419999999997,1131.8047674
37.00399999999999,-0.0005185379999999989,314.4378,1131.8047674
37.01299999999998,-0.0003407520000000136,314.4378,1133.7210138
37.022999999999996,-0.00016296600000001438,314.4378,1127.9722746000002
37.03299999999999,-0.0003407520000000136,316.425,1133.7210138
37.042,1.4819999999998723e-05,315.4314,1131.8047674
37.05099999999999,0.00019260599999999795,316.425,1133.7210138
37.06099999999998,-0.0003407520000000136,316.425,1133.7210138
37.071,-0.0005185379999999989,314.4378,1129.8885210000003
37.089999999999975,1.4819999999998723e-05,347.22659999999996,1160.5484634000004
37.099999999999994,-0.00016296600000001438,348.2202,1164.3809562000001
37.119999999999976,-0.00016296600000001438,346.233,1158.6322169999999
37.129999999999995,-0.0003407520000000136,349.2138,1164.3809562000001
37.139999999999986,-0.00016296600000001438,350.2074,1162.4647098
37.14999999999998,-0.0003407520000000136,351.20099999999996,1164.3809562000001
37.16,-0.0003407520000000136,350.2074,1160.5484634000004
37.16999999999999,-0.00016296600000001438,352.1946,1162.4647098
37.17999999999998,0.00019260599999999795,352.1946,1158.6322169999999
37.19,-0.00016296600000001438,354.1818,1162.4647098
37.19999999999999,1.4819999999998723e-05,353.1882,1162.4647098
37.212999999999994,-0.00016296600000001438,383.9898,1193.1246521999997
37.222999999999985,1.4819999999998723e-05,383.9898,1195.0408986000002
37.232,-0.00016296600000001438,384.9834,1191.2084058
37.254999999999995,1.4819999999998723e-05,383.9898,1191.2084058
37.26399999999998,-0.0003407520000000136,385.977,1193.1246521999997
37.274,-0.0005185379999999989,385.977,1193.1246521999997
37.28299999999999,-0.0003407520000000136,385.977,1193.1246521999997
37.29299999999998,-0.00016296600000001438,385.977,1189.2921594
37.303,1.4819999999998723e-05,387.9642,1191.2084058
37.31199999999998,1.4819999999998723e-05,387.9642,1191.2084058
37.321999999999974,-0.0003407520000000136,388.95779999999996,1195.0408986000002
37.33099999999999,-0.00016296600000001438,389.9514,1195.0408986000002
37.34099999999998,-0.0006963239999999982,388.95779999999996,1191.2084058
37.359999999999985,1.4819999999998723e-05,419.75939999999997,1219.9521018
37.369999999999976,1.4819999999998723e-05,420.753,1221.8683482000001
37.389999999999986,-0.0003407520000000136,419.75939999999997,1218.0358554000004
37.399,1.4819999999998723e-05,421.7466,1223.7845945999998
37.40899999999999,-0.00016296600000001438,421.7466,1221.8683482000001
37.41799999999998,-0.00016296600000001438,421.7466,1221.8683482000001
37.429,-0.00016296600000001438,422.7402,1221.8683482000001
37.43799999999999,-0.0005185379999999989,453.54179999999997,1256.3607834
37.44799999999998,-0.00016296600000001438,453.54179999999997,1254.4445370000003
37.47999999999999,1.4819999999998723e-05,453.54179999999997,1250.6120442000001
37.488999999999976,-0.00016296600000001438,453.54179999999997,1250.6120442000001
37.498999999999995,-0.00016296600000001438,454.5354,1252.5282906000002
37.50799999999998,-0.00016296600000001438,455.529,1252.5282906000002
37.51899999999998,-0.0005185379999999989,454.5354,1250.6120442000001
37.52799999999999,1.4819999999998723e-05,484.3434,1283.1882329999999
37.53799999999998,1.4819999999998723e-05,484.3434,1281.2719865999998
37.56999999999999,-0.00016296600000001438,483.3498,1279.3557402000001
37.57899999999998,1.4819999999998723e-05,485.337,1281.2719865999998
37.589,-0.00016296600000001438,485.337,1283.1882329999999
37.597999999999985,-0.00016296600000001438,484.3434,1283.1882329999999
37.607999999999976,-0.0003407520000000136,485.337,1281.2719865999998
37.617999999999995,-0.0005185379999999989,487.3242,1283.1882329999999
37.62699999999998,-0.00016296600000001438,486.3306,1283.1882329999999
37.637,-0.00016296600000001438,487.3242,1283.1882329999999
37.64599999999999,1.4819999999998723e-05,486.3306,1281.2719865999998
37.65599999999998,1.4819999999998723e-05,486.3306,1277.4394938
37.66499999999999,-0.00016296600000001438,517.1322,1311.9319290000003
37.67499999999998,-0.00016296600000001438,517.1322,1311.9319290000003
37.704999999999984,-0.0003407520000000136,516.1386,1310.0156826000002
37.714999999999975,1.4819999999998723e-05,518.1258,1310.0156826000002
37.72399999999999,-0.0003407520000000136,519.1194,1311.9319290000003
37.732999999999976,-0.00016296600000001438,518.1258,1311.9319290000003
37.744,-0.00016296600000001438,518.1258,1313.8481754
37.752999999999986,-0.00016296600000001438,547.9338,1344.5081178
37.76299999999998,-0.0003407520000000136,547.9338,1342.5918714000004
37.79499999999999,-0.0003407520000000136,547.9338,1342.5918714000004
37.80499999999998,-0.00016296600000001438,549.921,1346.4243642000001
37.81399999999999,-0.00016296600000001438,547.9338,1346.4243642000001
37.82299999999998,1.4819999999998723e-05,548.9274,1344.5081178
37.833999999999975,-0.0003407520000000136,548.9274,1344.5081178
37.84299999999999,-0.0003407520000000136,578.7354,1373.2518138
37.85299999999998,-0.00016296600000001438,578.7354,1375.1680601999997
37.88499999999999,-0.00016296600000001438,576.7482,1369.4193210000003
37.89499999999998,-0.00016296600000001438,578.7354,1373.2518138
37.903999999999996,1.4819999999998723e-05,577.7418,1373.2518138
37.91299999999998,-0.00016296600000001438,577.7418,1371.3355674
37.92399999999998,-0.0003407520000000136,577.7418,1371.3355674
37.93299999999999,-0.0005185379999999989,579.729,1379.0005530000003
37.942999999999984,-0.00016296600000001438,577.7418,1373.2518138
37.974999999999994,-0.0003407520000000136,576.7482,1373.2518138
37.984999999999985,1.4819999999998723e-05,578.7354,1373.2518138
37.994,-0.00016296600000001438,578.7354,1375.1680601999997
38.002999999999986,-0.00016296600000001438,578.7354,1375.1680601999997
38.01299999999998,1.4819999999998723e-05,576.7482,1367.5030746000002
38.022999999999996,-0.00016296600000001438,579.729,1379.0005530000003
38.03199999999998,-0.00016296600000001438,578.7354,1375.1680601999997
38.05099999999999,1.4819999999998723e-05,578.7354,1375.1680601999997
38.06099999999998,-0.00016296600000001438,577.7418,1369.4193210000003
38.071,-0.00016296600000001438,549.921,1340.6756249999999
38.08099999999999,0.00019260599999999795,549.921,1342.5918714000004
38.109999999999985,1.4819999999998723e-05,550.9146000000001,1342.5918714000004
38.155,-0.00016296600000001438,550.9146000000001,1344.5081178
38.19999999999999,-0.00016296600000001438,549.921,1340.6756249999999
38.20999999999998,-0.00016296600000001438,551.9082000000001,1344.5081178
38.218999999999994,-0.0003407520000000136,552.9018000000001,1346.4243642000001
38.228999999999985,-0.00016296600000001438,551.9082000000001,1344.5081178
38.238999999999976,-0.00016296600000001438,550.9146000000001,1342.5918714000004
38.24799999999999,-0.00016296600000001438,522.1002000000001,1313.8481754
38.25799999999998,1.4819999999998723e-05,523.0938000000001,1311.9319290000003
38.28999999999999,-0.00016296600000001438,521.1066000000001,1310.0156826000002
38.29999999999998,-0.0003407520000000136,523.0938000000001,1315.7644218
38.309,-0.0005185379999999989,523.0938000000001,1313.8481754
38.31899999999999,-0.0003407520000000136,524.0874,1311.9319290000003
38.32899999999998,-0.0003407520000000136,523.0938000000001,1310.0156826000002
38.339,1.4819999999998723e-05,494.2794,1283.1882329999999
38.347999999999985,-0.00016296600000001438,495.27299999999997,1283.1882329999999
38.357999999999976,1.4819999999998723e-05,494.2794,1281.2719865999998
38.379999999999995,1.4819999999998723e-05,494.2794,1281.2719865999998
38.389999999999986,-0.00016296600000001438,495.27299999999997,1283.1882329999999
38.399,1.4819999999998723e-05,495.27299999999997,1279.3557402000001
38.40899999999999,1.4819999999998723e-05,496.2666,1281.2719865999998
38.41799999999998,1.4819999999998723e-05,496.2666,1277.4394938
38.428,-0.0005185379999999989,496.2666,1283.1882329999999
38.43699999999998,-0.00016296600000001438,496.2666,1281.2719865999998
38.446999999999974,1.4819999999998723e-05,496.2666,1279.3557402000001
38.45599999999999,-0.0003407520000000136,496.2666,1283.1882329999999
38.46599999999998,-0.00016296600000001438,497.2602,1279.3557402000001
38.474999999999994,1.4819999999998723e-05,468.4458,1250.6120442000001
38.484999999999985,-0.00016296600000001438,469.4394,1254.4445370000003
38.514999999999986,-0.0003407520000000136,467.4522,1248.6957978
38.52499999999998,-0.00016296600000001438,470.433,1254.4445370000003
38.53399999999999,1.4819999999998723e-05,468.4458,1250.6120442000001
38.54399999999998,1.4819999999998723e-05,470.433,1252.5282906000002
38.554,-0.00016296600000001438,470.433,1252.5282906000002
38.56299999999999,-0.0003407520000000136,440.625,1223.7845945999998
38.57299999999998,-0.0005185379999999989,441.6186,1223.7845945999998
38.60499999999999,-0.00016296600000001438,439.6314,1219.9521018
38.61499999999998,-0.00016296600000001438,442.6122,1223.7845945999998
38.623999999999995,1.4819999999998723e-05,441.6186,1221.8683482000001
38.633999999999986,1.4819999999998723e-05,442.6122,1221.8683482000001
38.64399999999998,-0.00016296600000001438,441.6186,1219.9521018
38.65299999999999,-0.0003407520000000136,413.7978,1195.0408986000002
38.66299999999998,0.00019260599999999795,412.8042,1191.2084058
38.69499999999999,-0.0005185379999999989,412.8042,1191.2084058
38.704999999999984,-0.0003407520000000136,412.8042,1193.1246521999997
38.714,1.4819999999998723e-05,415.78499999999997,1193.1246521999997
38.72399999999999,-0.00016296600000001438,414.7914,1193.1246521999997
38.732999999999976,-0.0003407520000000136,414.7914,1191.2084058
38.75199999999998,1.4819999999998723e-05,416.7786,1193.1246521999997
38.762,1.4819999999998723e-05,415.78499999999997,1193.1246521999997
38.77199999999999,-0.0005185379999999989,414.7914,1195.0408986000002
38.78299999999999,-0.0003407520000000136,415.78499999999997,1193.1246521999997
38.792,-0.00016296600000001438,386.9706,1162.4647098
38.80199999999999,1.4819999999998723e-05,387.9642,1162.4647098
38.829999999999984,-0.0003407520000000136,386.9706,1162.4647098
38.839999999999975,-0.0003407520000000136,386.9706,1162.4647098
38.84899999999999,1.4819999999998723e-05,387.9642,1162.4647098
38.85899999999998,-0.0005185379999999989,387.9642,1164.3809562000001
38.867999999999995,-0.00016296600000001438,387.9642,1158.6322169999999
38.877999999999986,-0.0003407520000000136,387.9642,1164.3809562000001
38.887,1.4819999999998723e-05,387.9642,1158.6322169999999
38.89699999999999,0.00019260599999999795,388.95779999999996,1160.5484634000004
38.90599999999998,1.4819999999998723e-05,388.95779999999996,1160.5484634000004
38.916,-0.0003407520000000136,387.9642,1158.6322169999999
38.92499999999998,-0.0005185379999999989,360.1434,1133.7210138
38.935,-0.00016296600000001438,361.137,1133.7210138
38.964999999999975,-0.00016296600000001438,360.1434,1129.8885210000003
38.974999999999994,1.4819999999998723e-05,362.1306,1131.8047674
38.98399999999998,-0.0003407520000000136,361.137,1131.8047674
38.994,1.4819999999998723e-05,362.1306,1131.8047674
39.00399999999999,-0.0005185379999999989,360.1434,1133.7210138
39.01299999999998,-0.0005185379999999989,331.329,1103.0610714000004
39.03299999999999,1.4819999999998723e-05,332.32259999999997,1101.1448249999999
39.05499999999998,-0.00016296600000001438,331.329,1101.1448249999999
39.065,-0.00016296600000001438,332.32259999999997,1101.1448249999999
39.073999999999984,-0.00016296600000001438,333.3162,1104.9773178
39.083999999999975,-0.0003407520000000136,333.3162,1101.1448249999999
39.095,1.4819999999998723e-05,332.32259999999997,1099.2285785999998
39.10499999999999,-0.00016296600000001438,304.5018,1072.4011290000003
39.113999999999976,1.4819999999998723e-05,304.5018,1070.4848826000002
39.123999999999995,-0.00016296600000001438,303.5082,1074.3173754
39.143,-0.0003407520000000136,302.5146,1068.5686362000001
39.15299999999999,-0.0005185379999999989,302.5146,1074.3173754
39.16299999999998,-0.00016296600000001438,304.5018,1072.4011290000003
39.173,-0.00016296600000001438,305.49539999999996,1074.3173754
39.184,-0.00016296600000001438,304.5018,1070.4848826000002
39.202999999999975,-0.0003407520000000136,296.553,1043.6574329999999
39.212999999999994,-0.0003407520000000136,296.553,1045.5736794000004
39.234999999999985,1.4819999999998723e-05,296.553,1041.7411865999998
39.244999999999976,-0.00016296600000001438,296.553,1045.5736794000004
39.25399999999999,-0.0003407520000000136,293.5722,1043.6574329999999
39.272999999999996,-0.00016296600000001438,294.56579999999997,1037.9086938
39.28299999999999,1.4819999999998723e-05,296.553,1039.8249402000001
39.29299999999998,-0.0003407520000000136,296.553,1045.5736794000004
39.303,-0.0003407520000000136,294.56579999999997,1045.5736794000004
39.31299999999999,-0.0003407520000000136,296.553,1045.5736794000004
39.32299999999998,-0.00016296600000001438,294.56579999999997,1039.8249402000001
39.333,0.00037039200000001105,295.5594,1012.9974906000002
39.34299999999999,0.00019260599999999795,297.5466,1011.0812442000001
39.369999999999976,-0.0003407520000000136,295.5594,1011.0812442000001
39.379999999999995,-0.00016296600000001438,298.54019999999997,1016.8299834
39.38899999999998,1.4819999999998723e-05,297.5466,1011.0812442000001
39.399,-0.00016296600000001438,294.56579999999997,1011.0812442000001
39.40799999999999,1.4819999999998723e-05,294.56579999999997,1007.2487514
39.41799999999998,-0.00016296600000001438,296.553,1012.9974906000002
39.42699999999999,-0.00016296600000001438,296.553,1012.9974906000002
39.43699999999998,-0.00016296600000001438,294.56579999999997,1012.9974906000002
39.446,1.4819999999998723e-05,297.5466,1012.9974906000002
39.45599999999999,0.00019260599999999795,294.56579999999997,1007.2487514
39.46599999999998,0.0007259639999999956,297.5466,969.1172946000006
39.474999999999994,1.4819999999998723e-05,295.5594,973.0950162000004
39.504999999999995,0.00019260599999999795,292.5786,969.1172946000006
39.514999999999986,1.4819999999998723e-05,296.553,973.0950162000004
39.53399999999999,1.4819999999998723e-05,295.5594,971.1061554000003
39.54399999999998,1.4819999999998723e-05,295.5594,967.1284338000005
39.554,0.00037039200000001105,298.54019999999997,971.1061554000003
39.56399999999999,0.00037039200000001105,298.54019999999997,971.1061554000003
39.573999999999984,0.0005481779999999825,299.5338,971.1061554000003
39.583999999999975,0.00019260599999999795,297.5466,969.1172946000006
39.593999999999994,1.4819999999998723e-05,296.553,971.1061554000003
39.603999999999985,0.0005481779999999825,293.5722,943.2621042000005
39.613999999999976,0.00037039200000001105,294.56579999999997,941.2732434
39.639999999999986,0.00019260599999999795,298.54019999999997,943.2621042000005
39.685,0.00019260599999999795,294.56579999999997,939.2843826000003
39.69499999999999,0.00037039200000001105,295.5594,941.2732434
39.714,0.0005481779999999825,297.5466,941.2732434
39.72399999999999,0.00037039200000001105,296.553,939.2843826000003
39.73399999999998,0.0014371079999999925,295.5594,907.4626098000003
39.744,0.0009037499999999948,298.54019999999997,909.4514706000004
39.75399999999999,0.00037039200000001105,295.5594,913.4291922000002
39.77499999999998,0.0007259639999999956,293.5722,907.4626098000003
39.785,0.0007259639999999956,296.553,911.4403314000006
39.804,0.0007259639999999956,296.553,911.4403314000006
39.81399999999999,0.0005481779999999825,296.553,909.4514706000004
39.823999999999984,0.0009037499999999948,298.54019999999997,909.4514706000004
39.833999999999975,0.0007259639999999956,298.54019999999997,911.4403314000006
39.843999999999994,0.0007259639999999956,294.56579999999997,909.4514706000004
39.853999999999985,0.0007259639999999956,297.5466,911.4403314000006
39.863999999999976,0.0007259639999999956,296.553,909.4514706000004
39.873999999999995,0.0016148939999999917,295.5594,879.6185586000001
39.883999999999986,0.0007259639999999956,296.553,879.6185586000001
39.91,0.0007259639999999956,293.5722,879.6185586000001
39.91999999999999,0.0009037499999999948,295.5594,879.6185586000001
39.929,0.0009037499999999948,297.5466,879.6185586000001
39.93899999999999,0.001081535999999994,296.553,879.6185586000001
39.94799999999998,0.0009037499999999948,296.553,879.6185586000001
39.958,0.001081535999999994,296.553,881.6074194000003
39.966999999999985,0.001081535999999994,294.56579999999997,877.6296978000005
39.976999999999975,0.0012593219999999933,296.553,877.6296978000005
40.002999999999986,0.0023260380000000025,297.5466,851.7745074000004
40.01299999999998,0.001792679999999991,297.5466,847.7967858000006
40.04499999999999,0.0014371079999999925,294.56579999999997,849.7856466000003
40.06399999999999,0.0016148939999999917,295.5594,849.7856466000003
40.073999999999984,0.001792679999999991,296.553,847.7967858000006
40.08499999999998,0.0016148939999999917,294.56579999999997,847.7967858000006
40.095,0.002681610000000001,296.553,817.9638738000003
40.103999999999985,0.002503823999999988,300.5274,817.9638738000003
40.113999999999976,0.0023260380000000025,298.54019999999997,819.9527346000004
40.13499999999999,0.0023260380000000025,294.56579999999997,817.9638738000003
40.153999999999996,0.0021482519999999894,298.54019999999997,819.9527346000004
40.16399999999999,0.0023260380000000025,297.5466,817.9638738000003
40.17499999999998,0.0021482519999999894,292.5786,815.9750130000002
40.185,0.002681610000000001,300.5274,817.9638738000003
40.19499999999999,0.0023260380000000025,297.5466,817.9638738000003
40.204999999999984,0.002503823999999988,295.5594,815.9750130000002
40.214999999999975,0.0023260380000000025,295.5594,817.9638738000003
40.224999999999994,0.0021482519999999894,296.553,817.9638738000003
40.234999999999985,0.003570539999999997,298.54019999999997,786.1421010000004
40.244999999999976,0.0032149679999999986,297.5466,788.1309618000005
40.26999999999998,0.002681610000000001,293.5722,786.1421010000004
40.28,0.0028593959999999863,295.5594,788.1309618000005
40.28899999999999,0.0030371819999999994,296.553,788.1309618000005
40.29899999999998,0.0028593959999999863,293.5722,790.1198226000006
40.30799999999999,0.003392753999999998,295.5594,784.1532402000003
40.317999999999984,0.003392753999999998,297.5466,788.1309618000005
40.32699999999997,0.0032149679999999986,296.553,788.1309618000005
40.33699999999996,0.0032149679999999986,295.5594,788.1309618000005
40.345999999999975,0.003392753999999998,298.54019999999997,788.1309618000005
40.355999999999966,0.0030371819999999994,294.56579999999997,786.1421010000004
40.366000000000014,0.004281683999999994,296.553,758.2980498000002
40.38499999999996,0.0039261119999999955,298.54019999999997,758.2980498000002
40.405,0.004103897999999995,296.553,754.3203282000004
40.41499999999999,0.004103897999999995,297.5466,756.3091890000005
40.42499999999998,0.004103897999999995,295.5594,756.3091890000005
40.434999999999974,0.004103897999999995,296.553,758.2980498000002
40.444999999999965,0.0039261119999999955,295.5594,756.3091890000005
40.45500000000001,0.00517061399999999,295.5594,726.4762770000002
40.465,0.004815041999999992,296.553,726.4762770000002
40.494999999999976,0.00517061399999999,294.56579999999997,724.4874162000001
40.50499999999997,0.004992828000000005,295.5594,728.4651377999999
40.515000000000015,0.005348400000000003,299.5338,724.4874162000001
40.525000000000006,0.00517061399999999,296.553,726.4762770000002
40.535,0.004992828000000005,296.553,724.4874162000001
40.54499999999999,0.004992828000000005,294.56579999999997,726.4762770000002
40.55499999999998,0.00517061399999999,297.5466,726.4762770000002
40.56499999999997,0.005348400000000003,297.5466,726.4762770000002
40.57499999999996,0.004992828000000005,296.553,726.4762770000002
40.58899999999997,0.006237329999999999,297.5466,698.6322258
40.597999999999985,0.005703972000000002,296.553,696.6433650000001
40.607,0.005881757999999987,298.54019999999997,694.6545042
40.62999999999997,0.006237329999999999,298.54019999999997,696.6433650000001
40.67499999999998,0.006059544,295.5594,696.6433650000001
40.72,0.0064151159999999985,294.56579999999997,692.6656434000001
40.72999999999999,0.006237329999999999,296.553,696.6433650000001
40.739000000000004,0.0064151159999999985,296.553,698.6322258
40.748999999999995,0.006592901999999998,297.5466,694.6545042
40.75999999999996,0.0064151159999999985,294.56579999999997,694.6545042
40.76899999999998,0.007659617999999993,294.56579999999997,662.8327314000001
40.77899999999997,0.007304045999999995,296.553,666.8104530000003
40.809999999999974,0.007304045999999995,293.5722,660.8438706000002
40.819999999999965,0.007481831999999994,298.54019999999997,668.7993138000002
40.82899999999998,0.007481831999999994,296.553,662.8327314000001
40.83899999999997,0.007659617999999993,297.5466,662.8327314000001
40.84899999999996,0.007481831999999994,293.5722,664.8215921999999
40.857999999999976,0.007659617999999993,296.553,664.8215921999999
40.86799999999997,0.007481831999999994,295.5594,662.8327314000001
40.87699999999998,0.007837403999999992,296.553,664.8215921999999
40.885999999999996,0.007481831999999994,295.5594,666.8104530000003
40.90599999999998,0.00854854799999999,295.5594,636.9775410000002
40.91599999999997,0.008370762000000004,297.5466,634.9886802000001
40.926000000000016,0.00819297599999999,296.553,638.9664018000001
40.944999999999965,0.008726334000000002,295.5594,632.9998194000002
40.95500000000001,0.00854854799999999,298.54019999999997,638.9664018000001
40.96399999999997,0.008904119999999988,295.5594,632.9998194000002
40.97399999999996,0.008726334000000002,297.5466,634.9886802000001
40.982999999999976,0.008726334000000002,294.56579999999997,634.9886802000001
40.99299999999997,0.00854854799999999,296.553,636.9775410000002
41.003000000000014,0.008904119999999988,298.54019999999997,634.9886802000001
41.01199999999997,0.008726334000000002,294.56579999999997,634.9886802000001
41.02099999999999,0.008904119999999988,295.5594,634.9886802000001
41.03099999999998,0.008904119999999988,294.56579999999997,632.9998194000002
41.04099999999997,0.009970835999999997,296.553,605.1557682
41.04999999999998,0.009437478,296.553,605.1557682
41.08000000000001,0.008904119999999988,292.5786,605.1557682
41.09,0.009615263999999998,298.54019999999997,605.1557682
41.09899999999996,0.009437478,297.5466,607.1446289999999
41.10900000000001,0.009615263999999998,297.5466,605.1557682
41.119,0.009615263999999998,297.5466,603.1669074000001
41.12899999999999,0.010148621999999996,296.553,575.3228562000002
41.138000000000005,0.009793049999999984,297.5466,575.3228562000002
41.16999999999999,0.009970835999999997,293.5722,571.3451345999999
41.17999999999998,0.010148621999999996,297.5466,573.3339954
41.18899999999999,0.010148621999999996,296.553,573.3339954
41.198999999999984,0.010148621999999996,296.553,573.3339954
41.208999999999975,0.010148621999999996,296.553,575.3228562000002
41.21799999999999,0.010148621999999996,295.5594,573.3339954
41.22799999999998,0.010148621999999996,296.553,573.3339954
41.236999999999995,0.010326407999999995,298.54019999999997,575.3228562000002
41.25699999999998,0.010504193999999994,298.54019999999997,569.3562738
41.26599999999999,0.010859765999999993,295.5594,543.5010834000002
41.27599999999998,0.010148621999999996,294.56579999999997,543.5010834000002
41.30499999999998,0.010148621999999996,292.5786,543.5010834000002
41.31499999999997,0.010504193999999994,296.553,541.5122226000001
41.323999999999984,0.010504193999999994,298.54019999999997,543.5010834000002
41.333999999999975,0.010504193999999994,297.5466,543.5010834000002
41.34299999999999,0.010681979999999994,295.5594,541.5122226000001
41.35299999999998,0.010681979999999994,295.5594,543.5010834000002
41.36299999999997,0.010681979999999994,297.5466,543.5010834000002
41.371999999999986,0.010681979999999994,294.56579999999997,545.4899442000001
41.381,0.010681979999999994,296.553,543.5010834000002
41.39099999999999,0.010504193999999994,295.5594,543.5010834000002
41.40099999999998,0.010859765999999993,296.553,513.6681714000001
41.41,0.010326407999999995,298.54019999999997,515.6570322
41.43999999999997,0.010504193999999994,295.5594,511.6793106
41.44999999999996,0.010504193999999994,296.553,513.6681714000001
41.458999999999975,0.010859765999999993,299.5338,513.6681714000001
41.468999999999966,0.010504193999999994,294.56579999999997,513.6681714000001
41.47900000000001,0.010681979999999994,296.553,513.6681714000001
41.489000000000004,0.010859765999999993,297.5466,485.82412020000015
41.49799999999996,0.010148621999999996,296.553,485.82412020000015
41.53,0.010148621999999996,295.5594,483.83525940000004
41.53999999999999,0.010148621999999996,296.553,485.82412020000015
41.54900000000001,0.010326407999999995,296.553,485.82412020000015
41.559,0.010326407999999995,297.5466,485.82412020000015
41.56899999999999,0.010326407999999995,298.54019999999997,483.83525940000004
41.57899999999998,0.010326407999999995,297.5466,457.98006899999996
41.587999999999994,0.009437478,298.54019999999997,457.98006899999996
41.619999999999976,0.009259692,294.56579999999997,455.9912082000001
41.62999999999997,0.009259692,295.5594,457.98006899999996
41.63899999999998,0.009437478,294.56579999999997,457.98006899999996
41.64899999999997,0.009259692,293.5722,457.98006899999996
41.65899999999996,0.009793049999999984,296.553,454.0023474000002
41.66799999999998,0.009615263999999998,297.5466,457.98006899999996
41.68699999999998,0.009793049999999984,299.5338,457.98006899999996
41.696999999999974,0.009793049999999984,297.5466,457.98006899999996
41.706999999999965,0.009259692,294.56579999999997,455.9912082000001
41.71700000000001,0.009259692,296.553,428.1471570000001
41.727000000000004,0.008726334000000002,296.553,428.1471570000001
41.75499999999997,0.00854854799999999,294.56579999999997,426.1582962
41.765000000000015,0.008904119999999988,297.5466,422.1805746
41.77399999999997,0.008904119999999988,296.553,426.1582962
41.78399999999996,0.008726334000000002,296.553,428.1471570000001
41.79400000000001,0.008726334000000002,295.5594,424.1694354000001
41.80299999999997,0.008370762000000004,296.553,428.1471570000001
41.81300000000002,0.008726334000000002,297.5466,428.1471570000001
41.821999999999974,0.00854854799999999,295.5594,430.1360178000002
41.831999999999965,0.008726334000000002,298.54019999999997,428.1471570000001
41.84099999999998,0.00854854799999999,291.585,422.1805746
41.85099999999997,0.008370762000000004,295.5594,398.314245
41.859999999999985,0.007837403999999992,297.5466,398.314245
41.890000000000015,0.007304045999999995,293.5722,398.314245
41.900000000000006,0.007304045999999995,295.5594,400.30310580000014
41.90899999999996,0.007837403999999992,297.5466,398.314245
41.91900000000001,0.007837403999999992,297.5466,398.314245
41.929,0.007304045999999995,294.56579999999997,396.32538420000014
41.93899999999999,0.007481831999999994,296.553,368.48133299999995
41.94800000000001,0.006948473999999996,297.5466,366.49247220000007
41.97999999999999,0.006770687999999997,297.5466,366.49247220000007
41.98999999999998,0.006592901999999998,296.553,366.49247220000007
41.998999999999995,0.006592901999999998,296.553,368.48133299999995
42.008999999999986,0.006592901999999998,295.5594,368.48133299999995
42.025000000000006,0.006592901999999998,293.5722,366.49247220000007
42.035,0.006592901999999998,298.54019999999997,368.48133299999995
42.04400000000001,0.0064151159999999985,297.5466,368.48133299999995
42.054,0.006592901999999998,296.553,370.4701938000003
42.06399999999999,0.006237329999999999,293.5722,366.49247220000007
42.073999999999984,0.006237329999999999,299.5338,340.6372818
42.083,0.005348400000000003,297.5466,338.6484210000001
42.11499999999998,0.005348400000000003,295.5594,336.6595602000002
42.12499999999997,0.005348400000000003,298.54019999999997,336.6595602000002
42.133999999999986,0.004992828000000005,296.553,338.6484210000001
42.14399999999998,0.004992828000000005,295.5594,336.6595602000002
42.15399999999997,0.004815041999999992,291.585,334.6706993999999
42.164000000000016,0.004815041999999992,297.5466,308.815509
42.17299999999997,0.004103897999999995,296.553,306.82664820000014
42.20500000000001,0.0039261119999999955,296.553,308.815509
42.215,0.004103897999999995,297.5466,308.815509
42.251000000000005,0.003570539999999997,290.59139999999996,306.82664820000014
42.25999999999996,0.004103897999999995,296.553,306.82664820000014
42.27000000000001,0.0039261119999999955,294.56579999999997,306.82664820000014
42.27899999999997,0.004103897999999995,295.5594,306.82664820000014
42.289000000000016,0.004103897999999995,294.56579999999997,304.8377874
42.307999999999964,0.004103897999999995,297.5466,304.8377874
42.31800000000001,0.0039261119999999955,296.553,308.815509
42.328,0.0039261119999999955,295.5594,306.82664820000014
42.337999999999994,0.004103897999999995,296.553,304.8377874
42.347999999999985,0.0039261119999999955,296.553,275.00487539999995
42.357999999999976,0.0032149679999999986,295.5594,276.99373620000006
42.38499999999996,0.0030371819999999994,292.5786,273.01601460000006
42.39500000000001,0.003392753999999998,297.5466,278.98259699999994
42.405,0.003570539999999997,297.5466,275.00487539999995
42.414000000000016,0.0032149679999999986,296.553,278.98259699999994
42.42400000000001,0.0030371819999999994,296.553,275.00487539999995
42.432999999999964,0.0032149679999999986,295.5594,276.99373620000006
42.44300000000001,0.0032149679999999986,297.5466,275.00487539999995
42.45199999999997,0.0032149679999999986,296.553,276.99373620000006
42.46199999999996,0.003570539999999997,298.54019999999997,275.00487539999995
42.470999999999975,0.0032149679999999986,296.553,276.99373620000006
42.480999999999966,0.0032149679999999986,296.553,245.17196339999987
42.48999999999998,0.0028593959999999863,297.5466,247.1608242000002
42.52000000000001,0.002503823999999988,294.56579999999997,243.18310259999998
42.53,0.002681610000000001,296.553,247.1608242000002
42.53999999999999,0.002681610000000001,297.5466,247.1608242000002
42.557999999999964,0.0028593959999999863,296.553,245.17196339999987
42.56800000000001,0.0028593959999999863,297.5466,245.17196339999987
42.578,0.002681610000000001,295.5594,247.1608242000002
42.587999999999994,0.0028593959999999863,294.56579999999997,245.17196339999987
42.597999999999985,0.002503823999999988,296.553,247.1608242000002
42.60900000000001,0.002681610000000001,295.5594,243.18310259999998
42.619,0.002503823999999988,297.5466,217.32791220000013
42.628000000000014,0.0023260380000000025,297.5466,217.32791220000013
42.655,0.0021482519999999894,294.56579999999997,215.33905140000002
42.66499999999999,0.001970466000000004,294.56579999999997,217.32791220000013
42.67499999999998,0.001970466000000004,296.553,217.32791220000013
42.684,0.0021482519999999894,296.553,217.32791220000013
42.69399999999999,0.0021482519999999894,296.553,215.33905140000002
42.70399999999998,0.001970466000000004,297.5466,185.50613939999994
42.712999999999994,0.0016148939999999917,297.5466,187.49500020000005
42.74600000000001,0.0016148939999999917,293.5722,183.51727860000005
42.75499999999997,0.0016148939999999917,296.553,187.49500020000005
42.765000000000015,0.001792679999999991,295.5594,187.49500020000005
42.77399999999997,0.0014371079999999925,297.5466,189.48386100000016
42.78399999999996,0.0016148939999999917,297.5466,185.50613939999994
42.79299999999998,0.001792679999999991,296.553,183.51727860000005
42.80299999999997,0.0014371079999999925,294.56579999999997,187.49500020000005
42.81199999999998,0.001792679999999991,297.5466,187.49500020000005
42.821999999999974,0.0016148939999999917,295.5594,187.49500020000005
42.83099999999999,0.0016148939999999917,295.5594,189.48386100000016
42.84099999999998,0.001970466000000004,297.5466,155.6732274000001
42.849999999999994,0.0012593219999999933,295.5594,157.6620882000002
42.881,0.0014371079999999925,294.56579999999997,155.6732274000001
42.890000000000015,0.0016148939999999917,297.5466,157.6620882000002
42.90899999999996,0.0014371079999999925,298.54019999999997,159.65094900000008
42.91999999999999,0.0012593219999999933,293.5722,155.6732274000001
42.93899999999999,0.0012593219999999933,298.54019999999997,125.84031540000001
42.948999999999984,0.0012593219999999933,296.553,125.84031540000001
42.958999999999975,0.0012593219999999933,296.553,125.84031540000001
42.970999999999975,0.0016148939999999917,293.5722,123.85145460000012
42.97999999999999,0.001081535999999994,296.553,127.82917620000012
42.998999999999995,0.0012593219999999933,295.5594,125.84031540000001
43.008999999999986,0.0014371079999999925,296.553,123.85145460000012
43.01899999999998,0.001081535999999994,297.5466,97.99626420000004
43.02899999999997,0.0007259639999999956,296.553,96.00740339999993
43.039000000000016,0.001081535999999994,296.553,96.00740339999993
43.06100000000001,0.0009037499999999948,291.585,96.00740339999993
43.069999999999965,0.0009037499999999948,296.553,97.99626420000004
43.08899999999997,0.001081535999999994,296.553,96.00740339999993
43.09899999999996,0.001081535999999994,295.5594,96.00740339999993
43.10900000000001,0.0009037499999999948,293.5722,64.1856306000002
43.119,0.0007259639999999956,296.553,66.17449140000008
43.12899999999999,0.0007259639999999956,296.553,66.17449140000008
43.150000000000006,0.0009037499999999948,296.553,66.17449140000008
43.194999999999965,0.0007259639999999956,297.5466,64.1856306000002
43.241000000000014,0.0007259639999999956,293.5722,64.1856306000002
43.258999999999986,0.0007259639999999956,297.5466,68.16335219999996
43.26899999999998,0.0007259639999999956,296.553,68.16335219999996
43.28,0.00037039200000001105,294.56579999999997,66.17449140000008
43.28999999999999,0.0009037499999999948,297.5466,34.35271860000012
43.29999999999998,0.00019260599999999795,298.54019999999997,38.330440199999884
43.309999999999974,0.0005481779999999825,299.5338,36.3415794
43.33099999999999,1.4819999999998723e-05,295.5594,36.3415794
43.349999999999994,0.00019260599999999795,294.56579999999997,36.3415794
43.359999999999985,0.0005481779999999825,297.5466,36.3415794
43.369999999999976,0.00037039200000001105,296.553,34.35271860000012
43.37999999999997,1.4819999999998723e-05,295.5594,6.508667400000149
43.390000000000015,1.4819999999998723e-05,297.5466,6.508667400000149
43.400000000000006,0.00019260599999999795,297.5466,8.497528200000033
43.420999999999964,0.00019260599999999795,294.56579999999997,6.508667400000149
43.43999999999997,1.4819999999998723e-05,296.553,6.508667400000149
43.44999999999996,0.00019260599999999795,296.553,6.508667400000149
43.46000000000001,1.4819999999998723e-05,297.5466,4.519806600000038
43.47,1.4819999999998723e-05,294.56579999999997,8.497528200000033
43.47999999999999,0.00037039200000001105,298.54019999999997,6.508667400000149
43.48999999999998,-0.00016296600000001438,296.553,8.497528200000033
43.49999999999997,0.00019260599999999795,296.553,6.508667400000149
43.510999999999996,0.00019260599999999795,293.5722,4.519806600000038
43.52000000000001,1.4819999999998723e-05,294.56579999999997,6.508667400000149
43.53,1.4819999999998723e-05,297.5466,6.508667400000149
43.53999999999999,0.00019260599999999795,297.5466,6.508667400000149
43.54999999999998,0.00037039200000001105,296.553,2.5309457999999267
43.559999999999974,-0.00016296600000001438,294.56579999999997,6.508667400000149
43.569999999999965,0.00037039200000001105,294.56579999999997,4.519806600000038
43.58000000000001,1.4819999999998723e-05,296.553,6.508667400000149
43.59,0.00019260599999999795,294.56579999999997,6.508667400000149
43.599999999999994,-0.00016296600000001438,294.56579999999997,4.519806600000038
43.609999999999985,0.00019260599999999795,296.553,40.319300999999996
43.619999999999976,0.00019260599999999795,296.553,36.3415794
43.64599999999999,0.00019260599999999795,291.585,36.3415794
43.655,0.00037039200000001105,296.553,36.3415794
43.66499999999999,0.0005481779999999825,299.5338,36.3415794
43.67400000000001,0.0005481779999999825,297.5466,36.3415794
43.684,0.00037039200000001105,296.553,36.3415794
43.69399999999999,0.00037039200000001105,296.553,66.17449140000008
43.703,0.0005481779999999825,297.5466,68.16335219999996
43.73599999999996,0.0007259639999999956,294.56579999999997,64.1856306000002
43.744999999999976,0.0007259639999999956,299.5338,68.16335219999996
43.75499999999997,0.0007259639999999956,298.54019999999997,66.17449140000008
43.76399999999998,0.0007259639999999956,298.54019999999997,68.16335219999996
43.77399999999997,0.0007259639999999956,295.5594,66.17449140000008
43.78299999999999,0.0009037499999999948,295.5594,66.17449140000008
43.79299999999998,0.0007259639999999956,298.54019999999997,66.17449140000008
43.80199999999999,0.0005481779999999825,296.553,68.16335219999996
43.81199999999998,0.0007259639999999956,299.5338,68.16335219999996
43.821,0.0005481779999999825,294.56579999999997,66.17449140000008
43.84,0.0012593219999999933,294.56579999999997,97.99626420000004
43.849999999999994,0.0014371079999999925,297.5466,96.00740339999993
43.87100000000001,0.0016148939999999917,296.553,92.02968179999993
43.87999999999997,0.0014371079999999925,298.54019999999997,96.00740339999993
43.890000000000015,0.0016148939999999917,298.54019999999997,97.99626420000004
43.900000000000006,0.0014371079999999925,297.5466,97.99626420000004
43.91099999999997,0.001081535999999994,295.5594,97.99626420000004
43.91999999999999,0.001792679999999991,298.54019999999997,96.00740339999993
43.93100000000001,0.0016148939999999917,296.553,96.00740339999993
43.941,0.0016148939999999917,299.5338,97.99626420000004
43.95099999999999,0.001081535999999994,294.56579999999997,97.99626420000004
43.96399999999997,0.0016148939999999917,296.553,127.82917620000012
43.972999999999985,0.0021482519999999894,297.5466,125.84031540000001
43.982999999999976,0.0023260380000000025,297.5466,123.85145460000012
44.006,0.001970466000000004,291.585,125.84031540000001
44.015000000000015,0.0021482519999999894,297.5466,127.82917620000012
44.025000000000006,0.0023260380000000025,297.5466,125.84031540000001
44.03399999999996,0.001792679999999991,294.56579999999997,125.84031540000001
44.04400000000001,0.001970466000000004,296.553,127.82917620000012
44.054,0.002681610000000001,295.5594,157.6620882000002
44.06300000000002,0.003392753999999998,299.5338,155.6732274000001
44.095999999999975,0.0030371819999999994,295.5594,157.6620882000002
44.10499999999999,0.003392753999999998,297.5466,155.6732274000001
44.11499999999998,0.0030371819999999994,296.553,157.6620882000002
44.123999999999995,0.003392753999999998,298.54019999999997,157.6620882000002
44.135999999999996,0.0028593959999999863,293.5722,155.6732274000001
44.14500000000001,0.0039261119999999955,298.54019999999997,187.49500020000005
44.155,0.004637255999999992,297.5466,185.50613939999994
44.164000000000016,0.004459469999999993,297.5466,187.49500020000005
44.17400000000001,0.004637255999999992,296.553,185.50613939999994
44.18600000000001,0.004459469999999993,292.5786,185.50613939999994
44.194999999999965,0.004103897999999995,294.56579999999997,187.49500020000005
44.20500000000001,0.004637255999999992,295.5594,185.50613939999994
44.21399999999997,0.004281683999999994,295.5594,187.49500020000005
44.22399999999996,0.004459469999999993,295.5594,185.50613939999994
44.232999999999976,0.004637255999999992,296.553,185.50613939999994
44.24299999999997,0.004459469999999993,296.553,185.50613939999994
44.25199999999998,0.004459469999999993,296.553,187.49500020000005
44.27099999999999,0.004281683999999994,294.56579999999997,183.51727860000005
44.28099999999998,0.0055261859999999885,295.5594,215.33905140000002
44.29099999999997,0.0064151159999999985,298.54019999999997,215.33905140000002
44.321,0.006237329999999999,293.5722,213.35019060000013
44.33000000000001,0.006237329999999999,297.5466,215.33905140000002
44.34,0.0064151159999999985,295.5594,215.33905140000002
44.34899999999996,0.006237329999999999,296.553,217.32791220000013
44.35900000000001,0.006237329999999999,296.553,215.33905140000002
44.369,0.007659617999999993,296.553,247.1608242000002
44.378000000000014,0.008370762000000004,298.54019999999997,245.17196339999987
44.41099999999997,0.00819297599999999,292.5786,245.17196339999987
44.41999999999999,0.008370762000000004,296.553,245.17196339999987
44.42999999999998,0.00819297599999999,295.5594,247.1608242000002
44.43899999999999,0.008370762000000004,296.553,245.17196339999987
44.45099999999999,0.00819297599999999,291.585,245.17196339999987
44.46000000000001,0.009793049999999984,296.553,278.98259699999994
44.47,0.010859765999999993,295.5594,276.99373620000006
44.47900000000001,0.010681979999999994,294.56579999999997,275.00487539999995
44.489000000000004,0.010504193999999994,296.553,278.98259699999994
44.501000000000005,0.010859765999999993,294.56579999999997,273.01601460000006
44.50999999999996,0.010681979999999994,295.5594,276.99373620000006
44.52000000000001,0.011037551999999992,296.553,275.00487539999995
44.52899999999997,0.010859765999999993,298.54019999999997,278.98259699999994
44.539000000000016,0.010681979999999994,292.5786,275.00487539999995
44.54799999999997,0.011037551999999992,296.553,276.99373620000006
44.557999999999964,0.011037551999999992,298.54019999999997,276.99373620000006
44.56699999999998,0.011215337999999991,298.54019999999997,276.99373620000006
44.57699999999997,0.011215337999999991,295.5594,276.99373620000006
44.58699999999996,0.010859765999999993,294.56579999999997,275.00487539999995
44.595999999999975,0.012637625999999999,297.5466,308.815509
44.605999999999966,0.013348769999999996,295.5594,308.815509
44.635999999999996,0.013526555999999995,295.5594,306.82664820000014
44.64500000000001,0.013882127999999994,297.5466,306.82664820000014
44.655,0.013704341999999994,297.5466,304.8377874
44.664000000000016,0.013882127999999994,296.553,306.82664820000014
44.67400000000001,0.013882127999999994,296.553,304.8377874
44.684,0.016015559999999998,297.5466,334.6706993999999
44.69399999999999,0.016904489999999994,296.553,336.6595602000002
44.72599999999997,0.016548917999999996,292.5786,334.6706993999999
44.734999999999985,0.017260061999999993,297.5466,338.6484210000001
44.744999999999976,0.016904489999999994,296.553,338.6484210000001
44.75399999999999,0.017082275999999993,297.5466,336.6595602000002
44.76399999999998,0.016726703999999995,294.56579999999997,336.6595602000002
44.77399999999997,0.018860135999999986,295.5594,368.48133299999995
44.78299999999999,0.019749065999999996,295.5594,368.48133299999995
44.816,0.020104637999999994,293.5722,364.5036114000002
44.82499999999996,0.020104637999999994,295.5594,368.48133299999995
44.83500000000001,0.020104637999999994,294.56579999999997,366.49247220000007
44.843999999999966,0.020282423999999993,294.56579999999997,368.48133299999995
44.85499999999999,0.020460210000000006,294.56579999999997,362.51475060000007
44.86499999999998,0.022415855999999998,298.54019999999997,400.30310580000014
44.87499999999997,0.023660357999999992,296.553,398.314245
44.883999999999986,0.02383814399999999,298.54019999999997,396.32538420000014
44.893,0.023660357999999992,297.5466,398.314245
44.90599999999998,0.02383814399999999,293.5722,394.33652340000026
44.91499999999999,0.02401592999999999,296.553,396.32538420000014
44.92499999999998,0.023660357999999992,298.54019999999997,400.30310580000014
44.934,0.02383814399999999,296.553,398.314245
44.94399999999999,0.02419371599999999,295.5594,394.33652340000026
44.953,0.02383814399999999,297.5466,400.30310580000014
44.962999999999994,0.02401592999999999,296.553,398.314245
44.982,0.024371502000000003,297.5466,398.314245
44.99199999999999,0.02401592999999999,297.5466,398.314245
45.00199999999998,0.026327147999999995,298.54019999999997,428.1471570000001
45.01199999999997,0.02739386399999999,294.56579999999997,428.1471570000001
45.04099999999997,0.027749436000000002,293.5722,426.1582962
45.04999999999998,0.027927221999999988,299.5338,430.1360178000002
45.059999999999974,0.027927221999999988,298.54019999999997,428.1471570000001
45.06899999999999,0.028105008,297.5466,428.1471570000001
45.07899999999998,0.027749436000000002,295.5594,426.1582962
45.08899999999997,0.030060653999999992,296.553,457.98006899999996
45.09899999999996,0.03130515599999999,298.54019999999997,455.9912082000001
45.131,0.031660728,292.5786,455.9912082000001
45.140000000000015,0.031482942,298.54019999999997,457.98006899999996
45.150000000000006,0.031838514,298.54019999999997,459.96892980000007
45.15899999999996,0.0320163,298.54019999999997,455.9912082000001
45.16900000000001,0.031838514,295.5594,455.9912082000001
45.179,0.03397194599999999,297.5466,485.82412020000015
45.18899999999999,0.035038662,296.553,485.82412020000015
45.220999999999975,0.035394234,293.5722,483.83525940000004
45.22999999999999,0.035394234,295.5594,485.82412020000015
45.23999999999998,0.035572019999999996,298.54019999999997,485.82412020000015
45.248999999999995,0.035572019999999996,295.5594,487.81298100000004
45.260999999999996,0.035572019999999996,295.5594,483.83525940000004
45.27000000000001,0.037705452,296.553,513.6681714000001
45.28,0.03859438199999998,297.5466,515.6570322
45.289000000000016,0.038772167999999996,297.5466,515.6570322
45.29900000000001,0.038949953999999995,296.553,511.6793106
45.31100000000001,0.03859438199999998,292.5786,511.6793106
45.319999999999965,0.038772167999999996,293.5722,513.6681714000001
45.33000000000001,0.038949953999999995,295.5594,511.6793106
45.33899999999997,0.039127739999999994,297.5466,511.6793106
45.34899999999996,0.039127739999999994,294.56579999999997,511.6793106
45.357999999999976,0.03948331199999999,298.54019999999997,515.6570322
45.36799999999997,0.03930552599999999,295.5594,515.6570322
45.37699999999998,0.03930552599999999,296.553,515.6570322
45.38699999999997,0.03948331199999999,298.54019999999997,515.6570322
45.39599999999999,0.03948331199999999,296.553,513.6681714000001
45.40599999999998,0.041083386,294.56579999999997,545.4899442000001
45.41599999999997,0.042327887999999994,297.5466,541.5122226000001
45.446,0.042327887999999994,293.5722,543.5010834000002
45.45500000000001,0.04250567399999999,296.553,543.5010834000002
45.465,0.04250567399999999,295.5594,543.5010834000002
45.47399999999996,0.042861246000000006,299.5338,543.5010834000002
45.484999999999985,0.04268345999999999,296.553,541.5122226000001
45.494,0.04392796199999999,295.5594,573.3339954
45.513000000000005,0.044994677999999996,299.5338,573.3339954
45.53599999999997,0.044639105999999984,291.585,573.3339954
45.54499999999999,0.044994677999999996,296.553,575.3228562000002
45.55499999999998,0.045172463999999996,297.5466,575.3228562000002
45.56399999999999,0.045350249999999995,298.54019999999997,575.3228562000002
45.57499999999996,0.045172463999999996,297.5466,571.3451345999999
45.583999999999975,0.045883608000000006,297.5466,607.1446289999999
45.60299999999998,0.04677253799999999,298.54019999999997,603.1669074000001
45.626000000000005,0.04677253799999999,293.5722,605.1557682
45.63499999999996,0.04695032399999999,296.553,605.1557682
45.64500000000001,0.04712811,296.553,605.1557682
45.65399999999997,0.047305895999999986,297.5466,603.1669074000001
45.67299999999997,0.047483682,298.54019999999997,605.1557682
45.682999999999964,0.047661467999999985,295.5594,603.1669074000001
45.69300000000001,0.047839254,296.553,601.1780466
45.71599999999998,0.047839254,296.553,605.1557682
45.76399999999998,0.048194825999999996,297.5466,634.9886802000001
45.772999999999996,0.048550397999999995,297.5466,638.9664018000001
45.80600000000001,0.04890597000000001,293.5722,634.9886802000001
45.81499999999997,0.04890597000000001,298.54019999999997,638.9664018000001
45.82499999999996,0.04926154199999999,295.5594,636.9775410000002
45.843999999999966,0.04926154199999999,294.56579999999997,634.9886802000001
45.85400000000001,0.04979489999999999,298.54019999999997,634.9886802000001
45.864000000000004,0.04979489999999999,297.5466,634.9886802000001
45.873999999999995,0.04979489999999999,297.5466,636.9775410000002
45.883999999999986,0.04979489999999999,296.553,636.9775410000002
45.89399999999998,0.050150472,295.5594,632.9998194000002
45.90399999999997,0.04926154199999999,298.54019999999997,662.8327314000001
45.914000000000016,0.04926154199999999,295.5594,664.8215921999999
45.941,0.04943932799999999,294.56579999999997,662.8327314000001
45.94999999999996,0.049617114,299.5338,664.8215921999999
45.96000000000001,0.049617114,297.5466,666.8104530000003
45.968999999999966,0.049617114,297.5466,666.8104530000003
45.97999999999999,0.04979489999999999,295.5594,662.8327314000001
45.989000000000004,0.04801704,296.553,696.6433650000001
45.998999999999995,0.048194825999999996,296.553,696.6433650000001
46.03099999999998,0.048194825999999996,296.553,694.6545042
46.03999999999999,0.048372611999999995,296.553,696.6433650000001
46.04999999999998,0.048372611999999995,297.5466,696.6433650000001
46.059,0.048372611999999995,295.5594,698.6322258
46.06899999999999,0.048550397999999995,292.5786,690.6767826000003
46.07899999999998,0.04890597000000001,298.54019999999997,694.6545042
46.087999999999994,0.048728183999999994,295.5594,694.6545042
46.097999999999985,0.048728183999999994,297.5466,696.6433650000001
46.107,0.04908375599999999,295.5594,694.6545042
46.11699999999999,0.04890597000000001,295.5594,694.6545042
46.126000000000005,0.046239180000000005,298.54019999999997,728.4651377999999
46.135999999999996,0.04606139399999999,295.5594,726.4762770000002
46.16599999999997,0.04641696599999999,292.5786,724.4874162000001
46.17499999999998,0.04641696599999999,297.5466,728.4651377999999
46.19399999999999,0.04641696599999999,295.5594,730.4539986
46.20500000000001,0.04659475199999999,297.5466,724.4874162000001
46.21399999999997,0.04339460399999999,299.5338,756.3091890000005
46.22399999999996,0.04268345999999999,297.5466,758.2980498000002
46.23400000000001,0.042861246000000006,297.5466,758.2980498000002
46.256,0.042861246000000006,295.5594,754.3203282000004
46.265000000000015,0.04303903199999999,297.5466,758.2980498000002
46.28399999999996,0.043216818000000004,297.5466,758.2980498000002
46.29499999999999,0.043216818000000004,296.553,758.2980498000002
46.304,0.039127739999999994,298.54019999999997,788.1309618000005
46.31399999999999,0.03859438199999998,298.54019999999997,788.1309618000005
46.323999999999984,0.03859438199999998,298.54019999999997,790.1198226000006
46.345999999999975,0.038772167999999996,294.56579999999997,788.1309618000005
46.35499999999999,0.038772167999999996,297.5466,790.1198226000006
46.373999999999995,0.039127739999999994,297.5466,788.1309618000005
46.38499999999996,0.039127739999999994,294.56579999999997,788.1309618000005
46.39399999999998,0.03948331199999999,295.5594,788.1309618000005
46.40399999999997,0.03948331199999999,296.553,788.1309618000005
46.414000000000016,0.03966109799999999,295.5594,786.1421010000004
46.42400000000001,0.03966109799999999,295.5594,786.1421010000004
46.434999999999974,0.03966109799999999,295.5594,786.1421010000004
46.444999999999965,0.035216448,297.5466,819.9527346000004
46.45500000000001,0.034860876,296.553,813.9861522000006
46.480999999999966,0.035038662,292.5786,815.9750130000002
46.48999999999998,0.035216448,296.553,815.9750130000002
46.49999999999997,0.034860876,297.5466,819.9527346000004
46.508999999999986,0.034860876,296.553,819.9527346000004
46.52000000000001,0.034860876,296.553,815.9750130000002
46.52899999999997,0.03023843999999999,296.553,849.7856466000003
46.539000000000016,0.029527295999999995,295.5594,849.7856466000003
46.571,0.029527295999999995,292.5786,847.7967858000006
46.58000000000001,0.029527295999999995,297.5466,851.7745074000004
46.59,0.029882867999999993,297.5466,845.8079250000001
46.59899999999996,0.029882867999999993,297.5466,847.7967858000006
46.609999999999985,0.029705081999999994,294.56579999999997,847.7967858000006
46.619,0.024727074,296.553,877.6296978000005
46.62899999999999,0.02401592999999999,295.5594,879.6185586000001
46.66099999999997,0.02383814399999999,294.56579999999997,877.6296978000005
46.66999999999999,0.023660357999999992,294.56579999999997,883.5962802000004
46.67999999999998,0.02383814399999999,297.5466,877.6296978000005
46.68899999999999,0.02401592999999999,296.553,879.6185586000001
46.70099999999999,0.02383814399999999,296.553,875.6408370000004
46.71000000000001,0.019037922,297.5466,911.4403314000006
46.72,0.018326778000000002,296.553,913.4291922000002
46.72900000000001,0.018326778000000002,296.553,911.4403314000006
46.739000000000004,0.01814899199999999,296.553,913.4291922000002
46.751000000000005,0.01797120599999999,293.5722,907.4626098000003
46.75999999999996,0.017793420000000004,295.5594,911.4403314000006
46.77000000000001,0.017437848000000006,294.56579999999997,913.4291922000002
46.77899999999997,0.017793420000000004,294.56579999999997,911.4403314000006
46.789000000000016,0.01797120599999999,294.56579999999997,907.4626098000003
46.79900000000001,0.017437848000000006,295.5594,913.4291922000002
46.807999999999964,0.01761563399999999,297.5466,909.4514706000004
46.81800000000001,0.01761563399999999,296.553,911.4403314000006
46.82699999999997,0.017437848000000006,296.553,911.4403314000006
46.83699999999996,0.017260061999999993,293.5722,913.4291922000002
46.845999999999975,0.013170983999999997,293.5722,943.2621042000005
46.86499999999998,0.012637625999999999,295.5594,943.2621042000005
46.885999999999996,0.012282054,295.5594,941.2732434
46.89500000000001,0.012459839999999986,297.5466,943.2621042000005
46.905,0.012104268000000001,296.553,943.2621042000005
46.91499999999999,0.011926481999999988,296.553,943.2621042000005
46.926000000000016,0.011748696000000003,295.5594,941.2732434
46.934999999999974,0.008370762000000004,296.553,975.083877
46.944999999999965,0.00819297599999999,298.54019999999997,973.0950162000004
46.97599999999997,0.007481831999999994,292.5786,971.1061554000003
46.984999999999985,0.007837403999999992,297.5466,971.1061554000003
46.994999999999976,0.007659617999999993,296.553,973.0950162000004
47.00499999999997,0.007837403999999992,298.54019999999997,971.1061554000003
47.01599999999999,0.007304045999999995,295.5594,971.1061554000003
47.02599999999998,0.004637255999999992,295.5594,1012.9974906000002
47.035,0.004815041999999992,299.5338,1011.0812442000001
47.066,0.004281683999999994,296.553,1011.0812442000001
47.07599999999999,0.004281683999999994,299.5338,1012.9974906000002
47.085999999999984,0.004281683999999994,297.5466,1012.9974906000002
47.095999999999975,0.0039261119999999955,297.5466,1014.9137370000003
47.105999999999966,0.0039261119999999955,297.5466,1012.9974906000002
47.116000000000014,0.004103897999999995,296.553,1012.9974906000002
47.126000000000005,0.0039261119999999955,294.56579999999997,1011.0812442000001
47.135999999999996,0.0039261119999999955,296.553,1011.0812442000001
47.14599999999999,0.0037483259999999963,299.5338,1012.9974906000002
47.15899999999996,0.001970466000000004,296.553,1041.7411865999998
47.16900000000001,0.001970466000000004,294.56579999999997,1043.6574329999999
47.17799999999997,0.001970466000000004,297.5466,1043.6574329999999
47.20099999999999,0.001792679999999991,294.56579999999997,1041.7411865999998
47.21000000000001,0.001792679999999991,296.553,1043.6574329999999
47.22,0.001970466000000004,294.56579999999997,1041.7411865999998
47.22900000000001,0.001792679999999991,297.5466,1045.5736794000004
47.239000000000004,0.0016148939999999917,295.5594,1043.6574329999999
47.248999999999995,0.001970466000000004,297.5466,1041.7411865999998
47.25800000000001,0.0016148939999999917,297.5466,1045.5736794000004
47.268,0.0014371079999999925,294.56579999999997,1043.6574329999999
47.277000000000015,0.001792679999999991,297.5466,1041.7411865999998
47.287000000000006,0.0014371079999999925,297.5466,1039.8249402000001
47.30600000000001,0.0009037499999999948,296.553,1072.4011290000003
47.316,0.0007259639999999956,294.56579999999997,1074.3173754
47.335999999999984,0.0007259639999999956,296.553,1068.5686362000001
47.345,0.00037039200000001105,293.5722,1074.3173754
47.35499999999999,0.0005481779999999825,296.553,1074.3173754
47.364000000000004,0.0005481779999999825,297.5466,1074.3173754
47.37499999999997,0.00037039200000001105,296.553,1072.4011290000003
47.38499999999996,1.4819999999998723e-05,298.54019999999997,1103.0610714000004
47.39399999999998,1.4819999999998723e-05,296.553,1103.0610714000004
47.426000000000016,-0.00016296600000001438,294.56579999999997,1101.1448249999999
47.434999999999974,1.4819999999998723e-05,296.553,1104.9773178
47.444999999999965,-0.00016296600000001438,296.553,1103.0610714000004
47.45399999999998,-0.00016296600000001438,297.5466,1103.0610714000004
47.46399999999997,-0.00016296600000001438,295.5594,1104.9773178
47.47399999999996,1.4819999999998723e-05,294.56579999999997,1104.9773178
47.482999999999976,1.4819999999998723e-05,297.5466,1103.0610714000004
47.49299999999997,-0.00016296600000001438,294.56579999999997,1101.1448249999999
47.50199999999998,-0.0003407520000000136,296.553,1104.9773178
47.51199999999997,-0.00016296600000001438,296.553,1103.0610714000004
47.52099999999999,1.4819999999998723e-05,306.489,1131.8047674
47.53099999999998,1.4819999999998723e-05,312.4506,1133.7210138
47.56100000000001,1.4819999999998723e-05,312.4506,1129.8885210000003
47.571,-0.0008741100000000113,313.44419999999997,1135.6372601999997
47.58000000000001,-0.0003407520000000136,315.4314,1135.6372601999997
47.58899999999997,-0.00016296600000001438,314.4378,1131.8047674
47.599999999999994,-0.0003407520000000136,314.4378,1133.7210138
47.60900000000001,-0.0005185379999999989,343.25219999999996,1162.4647098
47.619,-0.0005185379999999989,345.2394,1164.3809562000001
47.65099999999998,-0.0005185379999999989,345.2394,1162.4647098
47.66099999999997,-0.0005185379999999989,347.22659999999996,1164.3809562000001
47.66999999999999,-0.0003407520000000136,348.2202,1162.4647098
47.679,-0.00016296600000001438,349.2138,1164.3809562000001
47.68999999999997,-0.0003407520000000136,347.22659999999996,1162.4647098
47.698999999999984,-0.0003407520000000136,381.009,1193.1246521999997
47.708999999999975,-0.0003407520000000136,379.0218,1193.1246521999997
47.741000000000014,-0.00016296600000001438,380.0154,1191.2084058
47.751000000000005,-0.0003407520000000136,382.0026,1196.9571450000003
47.75999999999996,-0.0006963239999999982,382.0026,1196.9571450000003
47.76899999999998,-0.0003407520000000136,382.9962,1195.0408986000002
47.78,-0.0003407520000000136,382.9962,1195.0408986000002
47.789000000000016,1.4819999999998723e-05,412.8042,1221.8683482000001
47.79900000000001,-0.0003407520000000136,413.7978,1223.7845945999998
47.83099999999999,-0.0003407520000000136,413.7978,1219.9521018
47.84099999999998,-0.00016296600000001438,414.7914,1219.9521018
47.849999999999994,-0.0003407520000000136,416.7786,1223.7845945999998
47.85900000000001,-0.0005185379999999989,415.78499999999997,1223.7845945999998
47.869999999999976,-0.0005185379999999989,416.7786,1223.7845945999998
47.87899999999999,-0.0003407520000000136,448.5738,1256.3607834
47.88899999999998,-0.00016296600000001438,448.5738,1254.4445370000003
47.920999999999964,-0.0003407520000000136,448.5738,1252.5282906000002
47.93100000000001,-0.00016296600000001438,448.5738,1250.6120442000001
47.93999999999997,-0.0003407520000000136,449.56739999999996,1254.4445370000003
47.948999999999984,-0.0003407520000000136,449.56739999999996,1254.4445370000003
47.958999999999975,-0.00016296600000001438,449.56739999999996,1250.6120442000001
47.968999999999966,-0.00016296600000001438,451.5546,1252.5282906000002
47.97799999999998,-0.0003407520000000136,452.5482,1254.4445370000003
47.996999999999986,-0.0003407520000000136,451.5546,1252.5282906000002
48.00699999999998,-0.0003407520000000136,451.5546,1250.6120442000001
48.01699999999997,-0.0005185379999999989,482.3562,1285.1044794000004
48.027000000000015,-0.0003407520000000136,482.3562,1285.1044794000004
48.05600000000001,-0.00016296600000001438,481.3626,1277.4394938
48.066,-0.0006963239999999982,484.3434,1285.1044794000004
48.07499999999996,-0.00016296600000001438,483.3498,1279.3557402000001
48.083999999999975,-0.0005185379999999989,484.3434,1285.1044794000004
48.095,-0.00016296600000001438,483.3498,1279.3557402000001
48.10400000000001,-0.0003407520000000136,514.1514,1317.6806681999997
48.114000000000004,-0.00016296600000001438,514.1514,1313.8481754
48.14599999999999,-0.00016296600000001438,512.1642,1311.9319290000003
48.15599999999998,-0.00016296600000001438,516.1386,1315.7644218
48.16499999999999,-0.00016296600000001438,515.145,1313.8481754
48.17499999999998,-0.00016296600000001438,515.145,1315.7644218
48.184,-0.00016296600000001438,516.1386,1311.9319290000003
48.19399999999999,-0.00016296600000001438,516.1386,1315.7644218
48.203,-0.00016296600000001438,516.1386,1313.8481754
48.28099999999998,-0.00016296600000001438,546.9402,1342.5918714000004
48.29099999999997,-0.0003407520000000136,546.9402,1346.4243642000001
48.29999999999998,-0.0005185379999999989,548.9274,1348.3406106000002
48.309999999999974,-0.0003407520000000136,547.9338,1346.4243642000001
48.31899999999999,-0.0003407520000000136,545.9466000000001,1338.7593785999998
48.32899999999998,-0.0003407520000000136,547.9338,1346.4243642000001
48.337999999999994,1.4819999999998723e-05,547.9338,1342.5918714000004
48.357999999999976,-0.0003407520000000136,547.9338,1346.4243642000001
48.36799999999997,-0.00016296600000001438,547.9338,1344.5081178
48.378000000000014,-0.0003407520000000136,578.7354,1375.1680601999997
48.388000000000005,-0.00016296600000001438,577.7418,1375.1680601999997
48.41599999999997,-0.0003407520000000136,577.7418,1373.2518138
48.46199999999996,-0.0005185379999999989,575.7546000000001,1371.3355674
48.470999999999975,-0.00016296600000001438,577.7418,1375.1680601999997
48.480999999999966,-0.00016296600000001438,577.7418,1373.2518138
48.48999999999998,-0.0003407520000000136,577.7418,1377.0843066000002
48.49999999999997,-0.00016296600000001438,577.7418,1373.2518138
48.508999999999986,-0.00016296600000001438,577.7418,1375.1680601999997
48.51899999999998,-0.0005185379999999989,577.7418,1373.2518138
48.551000000000016,-0.0003407520000000136,575.7546000000001,1371.3355674
48.56100000000001,-0.00016296600000001438,577.7418,1373.2518138
48.569999999999965,-0.00016296600000001438,577.7418,1375.1680601999997
48.58000000000001,1.4819999999998723e-05,577.7418,1373.2518138
48.58899999999997,-0.00016296600000001438,576.7482,1371.3355674
48.59899999999996,-0.00016296600000001438,578.7354,1377.0843066000002
48.61799999999997,1.4819999999998723e-05,578.7354,1377.0843066000002
48.628000000000014,1.4819999999998723e-05,578.7354,1375.1680601999997
48.638000000000005,-0.00016296600000001438,578.7354,1371.3355674
48.647999999999996,-0.00016296600000001438,549.921,1344.5081178
48.65799999999999,-0.00016296600000001438,550.9146000000001,1344.5081178
48.68600000000001,1.4819999999998723e-05,548.9274,1342.5918714000004
48.696,-0.0003407520000000136,550.9146000000001,1346.4243642000001
48.70500000000001,-0.00016296600000001438,550.9146000000001,1344.5081178
48.715,-0.00016296600000001438,550.9146000000001,1344.5081178
48.72399999999996,-0.0003407520000000136,548.9274,1342.5918714000004
48.73400000000001,-0.0003407520000000136,551.9082000000001,1346.4243642000001
48.74299999999997,-0.00016296600000001438,550.9146000000001,1344.5081178
48.753000000000014,-0.00016296600000001438,551.9082000000001,1346.4243642000001
48.76199999999997,1.4819999999998723e-05,551.9082000000001,1346.4243642000001
48.77199999999996,-0.00016296600000001438,549.921,1342.5918714000004
48.78200000000001,-0.00016296600000001438,522.1002000000001,1315.7644218
48.79099999999997,-0.00016296600000001438,522.1002000000001,1315.7644218
48.821,-0.00016296600000001438,522.1002000000001,1311.9319290000003
48.83099999999999,-0.0003407520000000136,522.1002000000001,1313.8481754
48.866000000000014,-0.0003407520000000136,522.1002000000001,1311.9319290000003
48.876000000000005,-0.00016296600000001438,524.0874,1313.8481754
48.88499999999996,1.4819999999998723e-05,523.0938000000001,1313.8481754
48.89500000000001,-0.00016296600000001438,523.0938000000001,1315.7644218
48.905,-0.0003407520000000136,523.0938000000001,1310.0156826000002
48.914000000000016,-0.00016296600000001438,494.2794,1281.2719865999998
48.92400000000001,-0.0005185379999999989,494.2794,1285.1044794000004
48.95599999999999,-0.00016296600000001438,494.2794,1281.2719865999998
48.96599999999998,-0.00016296600000001438,496.2666,1285.1044794000004
48.974999999999994,-0.00016296600000001438,496.2666,1285.1044794000004
48.984999999999985,-0.0003407520000000136,496.2666,1283.1882329999999
48.994,-0.0005185379999999989,496.2666,1283.1882329999999
49.00399999999999,1.4819999999998723e-05,497.2602,1283.1882329999999
49.013000000000005,1.4819999999998723e-05,496.2666,1283.1882329999999
49.022999999999996,-0.0003407520000000136,497.2602,1283.1882329999999
49.03200000000001,-0.0003407520000000136,497.2602,1285.1044794000004
49.042,-0.00016296600000001438,496.2666,1281.2719865999998
49.05199999999999,-0.0003407520000000136,468.4458,1256.3607834
49.06100000000001,-0.0003407520000000136,468.4458,1254.4445370000003
49.09099999999998,-0.0003407520000000136,468.4458,1250.6120442000001
49.10099999999997,-0.0003407520000000136,470.433,1256.3607834
49.109999999999985,-0.0003407520000000136,469.4394,1254.4445370000003
49.119999999999976,-0.0005185379999999989,470.433,1256.3607834
49.13899999999998,-0.00016296600000001438,470.433,1254.4445370000003
49.14899999999997,-0.0003407520000000136,469.4394,1252.5282906000002
49.15899999999996,-0.00016296600000001438,470.433,1254.4445370000003
49.16900000000001,-0.0005185379999999989,469.4394,1252.5282906000002
49.179,1.4819999999998723e-05,470.433,1250.6120442000001
49.18899999999999,-0.0003407520000000136,441.6186,1225.7008409999999
49.198999999999984,-0.00016296600000001438,442.6122,1223.7845945999998
49.22599999999997,-0.0003407520000000136,441.6186,1221.8683482000001
49.23599999999996,1.4819999999998723e-05,442.6122,1219.9521018
49.244999999999976,1.4819999999998723e-05,442.6122,1221.8683482000001
49.25499999999997,1.4819999999998723e-05,441.6186,1221.8683482000001
49.265000000000015,-0.0005185379999999989,443.6058,1223.7845945999998
49.275000000000006,-0.00016296600000001438,413.7978,1193.1246521999997
49.28399999999996,-0.0003407520000000136,415.78499999999997,1196.9571450000003
49.316,-0.0003407520000000136,413.7978,1191.2084058
49.32599999999999,-0.00016296600000001438,414.7914,1195.0408986000002
49.33500000000001,-0.00016296600000001438,414.7914,1193.1246521999997
49.345,-0.0003407520000000136,415.78499999999997,1196.9571450000003
49.35499999999999,1.4819999999998723e-05,415.78499999999997,1191.2084058
49.364000000000004,-0.00016296600000001438,385.977,1162.4647098
49.373999999999995,-0.0005185379999999989,385.977,1162.4647098
49.40599999999998,-0.0003407520000000136,385.977,1160.5484634000004
49.41599999999997,-0.0003407520000000136,386.9706,1160.5484634000004
49.42499999999998,-0.0003407520000000136,386.9706,1164.3809562000001
49.434999999999974,-0.0003407520000000136,385.977,1162.4647098
49.44399999999999,-0.0003407520000000136,384.9834,1162.4647098
49.45399999999998,-0.0003407520000000136,387.9642,1162.4647098
49.462999999999994,-0.00016296600000001438,386.9706,1162.4647098
49.472999999999985,-0.00016296600000001438,387.9642,1162.4647098
49.482,-0.00016296600000001438,387.9642,1162.4647098
49.49199999999999,-0.0003407520000000136,386.9706,1158.6322169999999
49.50199999999998,-0.00016296600000001438,360.1434,1133.7210138
49.510999999999996,-0.00016296600000001438,360.1434,1131.8047674
49.54099999999997,-0.0003407520000000136,359.14979999999997,1129.8885210000003
49.551000000000016,-0.0003407520000000136,360.1434,1133.7210138
49.569999999999965,0.00019260599999999795,361.137,1131.8047674
49.58000000000001,-0.0003407520000000136,362.1306,1133.7210138
49.59,-0.00016296600000001438,331.329,1104.9773178
49.599999999999994,-0.00016296600000001438,331.329,1103.0610714000004
49.609999999999985,-0.00016296600000001438,332.32259999999997,1103.0610714000004
49.631,-0.00016296600000001438,330.3354,1103.0610714000004
49.64099999999999,1.4819999999998723e-05,332.32259999999997,1103.0610714000004
49.66,-0.00016296600000001438,332.32259999999997,1104.9773178
49.66999999999999,-0.00016296600000001438,332.32259999999997,1103.0610714000004
49.67999999999998,1.4819999999998723e-05,303.5082,1072.4011290000003
49.68999999999997,1.4819999999998723e-05,303.5082,1072.4011290000003
49.69999999999996,-0.00016296600000001438,302.5146,1074.3173754
49.720999999999975,-0.0003407520000000136,301.52099999999996,1070.4848826000002
49.730999999999966,-0.00016296600000001438,304.5018,1074.3173754
49.74999999999997,1.4819999999998723e-05,304.5018,1072.4011290000003
49.75999999999996,-0.0003407520000000136,303.5082,1076.2336218
49.77000000000001,-0.0003407520000000136,295.5594,1043.6574329999999
49.78,-0.00016296600000001438,297.5466,1045.5736794000004
49.81100000000001,-0.0003407520000000136,293.5722,1043.6574329999999
49.821,0.00019260599999999795,299.5338,1041.7411865999998
49.84,1.4819999999998723e-05,298.54019999999997,1041.7411865999998
49.849999999999994,-0.00016296600000001438,296.553,1041.7411865999998
49.859999999999985,1.4819999999998723e-05,295.5594,1041.7411865999998
49.869999999999976,1.4819999999998723e-05,295.5594,1041.7411865999998
49.87999999999997,1.4819999999998723e-05,298.54019999999997,1041.7411865999998
49.890000000000015,-0.00016296600000001438,296.553,1043.6574329999999
49.900000000000006,-0.00016296600000001438,296.553,1043.6574329999999
49.91,1.4819999999998723e-05,292.5786,1014.9137370000003
49.91999999999999,0.00019260599999999795,295.5594,1012.9974906000002
49.946,1.4819999999998723e-05,294.56579999999997,1009.1649978
49.95599999999999,-0.00016296600000001438,296.553,1014.9137370000003
49.965,-0.0003407520000000136,296.553,1014.9137370000003
49.974999999999994,1.4819999999998723e-05,296.553,1012.9974906000002
49.984999999999985,-0.0003407520000000136,297.5466,1016.8299834
49.994999999999976,0.0009037499999999948,295.5594,971.1061554000003
50.00399999999999,1.4819999999998723e-05,297.5466,973.0950162000004
50.03599999999997,-0.00016296600000001438,291.585,973.0950162000004
50.045999999999964,1.4819999999998723e-05,295.5594,973.0950162000004
50.05499999999998,1.4819999999998723e-05,297.5466,973.0950162000004
50.06499999999997,1.4819999999998723e-05,296.553,975.083877
50.07499999999996,-0.00016296600000001438,293.5722,969.1172946000006
50.083999999999975,0.0007259639999999956,294.56579999999997,943.2621042000005
50.126000000000005,0.00019260599999999795,294.56579999999997,939.2843826000003
50.135999999999996,0.00037039200000001105,295.5594,943.2621042000005
50.14500000000001,0.00037039200000001105,297.5466,941.2732434
50.155,0.00037039200000001105,297.5466,941.2732434
50.16599999999997,0.00019260599999999795,293.5722,937.2955218000002
50.176000000000016,0.0012593219999999933,297.5466,913.4291922000002
50.184999999999974,0.00037039200000001105,295.5594,911.4403314000006
50.194999999999965,0.00019260599999999795,293.5722,911.4403314000006
50.20399999999998,0.0007259639999999956,296.553,909.4514706000004
50.21599999999998,0.0007259639999999956,295.5594,907.4626098000003
50.22599999999997,0.0005481779999999825,297.5466,911.4403314000006
50.234999999999985,0.0007259639999999956,298.54019999999997,911.4403314000006
50.244999999999976,0.00037039200000001105,296.553,911.4403314000006
50.25499999999997,0.00019260599999999795,294.56579999999997,911.4403314000006
50.265000000000015,0.0016148939999999917,296.553,879.6185586000001
50.27399999999997,0.0009037499999999948,297.5466,879.6185586000001
50.30600000000001,0.0005481779999999825,294.56579999999997,879.6185586000001
50.316,0.001081535999999994,295.5594,881.6074194000003
50.32499999999996,0.0009037499999999948,299.5338,881.6074194000003
50.33500000000001,0.0009037499999999948,295.5594,881.6074194000003
50.345,0.0009037499999999948,298.54019999999997,879.6185586000001
50.35499999999999,0.001970466000000004,296.553,851.7745074000004
50.364000000000004,0.0012593219999999933,296.553,853.7633682000005
50.39599999999999,0.0014371079999999925,291.585,849.7856466000003
50.40599999999998,0.0012593219999999933,297.5466,853.7633682000005
50.41499999999999,0.0012593219999999933,294.56579999999997,851.7745074000004
50.42499999999998,0.0016148939999999917,297.5466,849.7856466000003
50.434,0.0012593219999999933,293.5722,849.7856466000003
50.44399999999999,0.0016148939999999917,297.5466,849.7856466000003
50.453,0.0014371079999999925,295.5594,851.7745074000004
50.462999999999994,0.0016148939999999917,296.553,849.7856466000003
50.47200000000001,0.001792679999999991,297.5466,849.7856466000003
50.482,0.0014371079999999925,296.553,849.7856466000003
50.501000000000005,0.0021482519999999894,296.553,817.9638738000003
50.510999999999996,0.0021482519999999894,299.5338,819.9527346000004
50.53099999999998,0.001970466000000004,291.585,815.9750130000002
50.54099999999997,0.001970466000000004,296.553,819.9527346000004
50.551000000000016,0.0023260380000000025,297.5466,819.9527346000004
50.56100000000001,0.0021482519999999894,296.553,819.9527346000004
50.571,0.0021482519999999894,294.56579999999997,813.9861522000006
50.58099999999999,0.0030371819999999994,295.5594,792.1086834000002
50.59099999999998,0.0028593959999999863,296.553,788.1309618000005
50.62100000000001,0.002503823999999988,294.56579999999997,786.1421010000004
50.631,0.0030371819999999994,298.54019999999997,790.1198226000006
50.640000000000015,0.002681610000000001,295.5594,790.1198226000006
50.650000000000006,0.0028593959999999863,294.56579999999997,788.1309618000005
50.66,0.0028593959999999863,296.553,788.1309618000005
50.66999999999999,0.004103897999999995,296.553,758.2980498000002
50.679,0.0037483259999999963,296.553,758.2980498000002
50.710999999999984,0.0039261119999999955,297.5466,758.2980498000002
50.756,0.0039261119999999955,298.54019999999997,758.2980498000002
50.801000000000016,0.004103897999999995,293.5722,754.3203282000004
50.81100000000001,0.0039261119999999955,296.553,758.2980498000002
50.819999999999965,0.0039261119999999955,295.5594,760.2869106000003
50.83000000000001,0.004103897999999995,298.54019999999997,758.2980498000002
50.84,0.0039261119999999955,293.5722,756.3091890000005
50.84899999999996,0.0039261119999999955,296.553,758.2980498000002
50.85900000000001,0.004103897999999995,295.5594,758.2980498000002
50.86799999999997,0.004281683999999994,295.5594,754.3203282000004
50.87699999999998,0.004103897999999995,296.553,758.2980498000002
50.88699999999997,0.004281683999999994,295.5594,756.3091890000005
50.89699999999996,0.00517061399999999,295.5594,726.4762770000002
50.90599999999998,0.004992828000000005,297.5466,728.4651377999999
50.93600000000001,0.004992828000000005,296.553,726.4762770000002
50.946,0.004992828000000005,297.5466,726.4762770000002
50.95500000000001,0.004992828000000005,297.5466,728.4651377999999
50.965,0.004992828000000005,295.5594,726.4762770000002
50.974999999999994,0.00517061399999999,294.56579999999997,728.4651377999999
50.984999999999985,0.0064151159999999985,295.5594,692.6656434000001
50.994,0.005703972000000002,297.5466,696.6433650000001
51.02599999999998,0.005881757999999987,293.5722,692.6656434000001
51.03599999999997,0.006237329999999999,296.553,694.6545042
51.04499999999999,0.005703972000000002,295.5594,698.6322258
51.05499999999998,0.006059544,296.553,698.6322258
51.06499999999997,0.006059544,296.553,694.6545042
51.07499999999996,0.007481831999999994,297.5466,662.8327314000001
51.083999999999975,0.006770687999999997,296.553,664.8215921999999
51.116000000000014,0.006948473999999996,297.5466,662.8327314000001
51.126000000000005,0.006948473999999996,294.56579999999997,664.8215921999999
51.13499999999996,0.007304045999999995,296.553,664.8215921999999
51.14500000000001,0.006948473999999996,296.553,664.8215921999999
51.155,0.007126259999999995,296.553,664.8215921999999
51.164000000000016,0.007126259999999995,296.553,666.8104530000003
51.17400000000001,0.007126259999999995,295.5594,666.8104530000003
51.182999999999964,0.007126259999999995,295.5594,666.8104530000003
51.20199999999997,0.007126259999999995,294.56579999999997,664.8215921999999
51.21199999999996,0.008370762000000004,295.5594,636.9775410000002
51.22200000000001,0.007837403999999992,296.553,636.9775410000002
51.251000000000005,0.007481831999999994,291.585,634.9886802000001
51.260999999999996,0.007837403999999992,294.56579999999997,636.9775410000002
51.27000000000001,0.008370762000000004,296.553,634.9886802000001
51.28,0.00819297599999999,298.54019999999997,636.9775410000002
51.28999999999999,0.008015189999999991,295.5594,634.9886802000001
51.29999999999998,0.009081906,297.5466,605.1557682
51.309,0.008726334000000002,296.553,607.1446289999999
51.34099999999998,0.008904119999999988,295.5594,603.1669074000001
51.35099999999997,0.008904119999999988,297.5466,605.1557682
51.359999999999985,0.009081906,295.5594,603.1669074000001
51.369999999999976,0.009081906,299.5338,605.1557682
51.37999999999997,0.009081906,296.553,605.1557682
51.390000000000015,0.009970835999999997,297.5466,573.3339954
51.39899999999997,0.009437478,299.5338,573.3339954
51.43100000000001,0.009437478,294.56579999999997,573.3339954
51.441,0.009437478,297.5466,575.3228562000002
51.44999999999996,0.009437478,297.5466,575.3228562000002
51.46000000000001,0.009615263999999998,299.5338,573.3339954
51.47,0.009437478,297.5466,575.3228562000002
51.47999999999999,0.009615263999999998,293.5722,545.4899442000001
51.489000000000004,0.009437478,295.5594,543.5010834000002
51.52099999999999,0.009615263999999998,295.5594,541.5122226000001
51.53099999999998,0.009615263999999998,296.553,543.5010834000002
51.53999999999999,0.009793049999999984,296.553,543.5010834000002
51.54999999999998,0.009615263999999998,295.5594,545.4899442000001
51.559999999999974,0.009615263999999998,292.5786,541.5122226000001
51.56899999999999,0.009793049999999984,295.5594,543.5010834000002
51.57899999999998,0.009970835999999997,297.5466,541.5122226000001
51.587999999999994,0.009793049999999984,297.5466,545.4899442000001
51.59700000000001,0.009793049999999984,297.5466,543.5010834000002
51.607,0.009970835999999997,297.5466,543.5010834000002
51.61699999999999,0.009970835999999997,295.5594,513.6681714000001
51.626000000000005,0.009793049999999984,297.5466,513.6681714000001
51.65599999999998,0.009793049999999984,293.5722,509.6904498000001
51.66599999999997,0.010148621999999996,297.5466,511.6793106
51.67499999999998,0.009615263999999998,296.553,513.6681714000001
51.684999999999974,0.009970835999999997,297.5466,513.6681714000001
51.694999999999965,0.009970835999999997,297.5466,511.6793106
51.70399999999998,0.009793049999999984,295.5594,511.6793106
51.722999999999985,0.010326407999999995,297.5466,511.6793106
51.732999999999976,0.009970835999999997,298.54019999999997,515.6570322
51.74299999999997,0.009793049999999984,293.5722,511.6793106
51.753000000000014,0.010148621999999996,296.553,485.82412020000015
51.763000000000005,0.009437478,295.5594,485.82412020000015
51.79099999999997,0.009437478,292.5786,485.82412020000015
51.801000000000016,0.009793049999999984,300.5274,485.82412020000015
51.809999999999974,0.009081906,294.56579999999997,487.81298100000004
51.819999999999965,0.009437478,296.553,487.81298100000004
51.83000000000001,0.009081906,291.585,483.83525940000004
51.84,0.009615263999999998,296.553,457.98006899999996
51.84899999999996,0.009081906,297.5466,457.98006899999996
51.881,0.008726334000000002,295.5594,457.98006899999996
51.89099999999999,0.008904119999999988,297.5466,455.9912082000001
51.900000000000006,0.009081906,296.553,457.98006899999996
51.91,0.008904119999999988,297.5466,457.98006899999996
51.91999999999999,0.008726334000000002,295.5594,457.98006899999996
51.92999999999998,0.008726334000000002,297.5466,430.1360178000002
51.93899999999999,0.007837403999999992,295.5594,430.1360178000002
51.970999999999975,0.008015189999999991,293.5722,426.1582962
51.980999999999966,0.008015189999999991,295.5594,428.1471570000001
51.98999999999998,0.007837403999999992,297.5466,428.1471570000001
51.99999999999997,0.008015189999999991,295.5594,428.1471570000001
52.00999999999996,0.008015189999999991,293.5722,426.1582962
52.01899999999998,0.008370762000000004,296.553,426.1582962
52.02899999999997,0.007837403999999992,296.553,428.1471570000001
52.03799999999998,0.00819297599999999,297.5466,426.1582962
52.04799999999997,0.008370762000000004,297.5466,428.1471570000001
52.05699999999999,0.00819297599999999,296.553,424.1694354000001
52.06699999999998,0.008015189999999991,300.5274,398.314245
52.07599999999999,0.007304045999999995,298.54019999999997,398.314245
52.105999999999966,0.007126259999999995,294.56579999999997,396.32538420000014
52.116000000000014,0.007126259999999995,297.5466,398.314245
52.126000000000005,0.006948473999999996,296.553,400.30310580000014
52.13499999999996,0.007304045999999995,298.54019999999997,396.32538420000014
52.14500000000001,0.007304045999999995,296.553,396.32538420000014
52.164000000000016,0.007126259999999995,296.553,400.30310580000014
52.17400000000001,0.007304045999999995,297.5466,398.314245
52.184,0.007126259999999995,297.5466,400.30310580000014
52.19399999999999,0.007126259999999995,298.54019999999997,396.32538420000014
52.20399999999998,0.006770687999999997,296.553,368.48133299999995
52.21399999999997,0.006059544,294.56579999999997,368.48133299999995
52.241000000000014,0.006059544,294.56579999999997,366.49247220000007
52.251000000000005,0.005881757999999987,296.553,368.48133299999995
52.25999999999996,0.005703972000000002,296.553,368.48133299999995
52.27000000000001,0.005881757999999987,298.54019999999997,368.48133299999995
52.28099999999998,0.006059544,295.5594,366.49247220000007
52.28999999999999,0.005703972000000002,297.5466,336.6595602000002
52.29999999999998,0.004992828000000005,297.5466,336.6595602000002
52.309,0.004815041999999992,295.5594,338.6484210000001
52.33099999999999,0.004637255999999992,295.5594,336.6595602000002
52.34099999999998,0.004815041999999992,298.54019999999997,338.6484210000001
52.35099999999997,0.004992828000000005,298.54019999999997,334.6706993999999
52.359999999999985,0.004637255999999992,297.5466,336.6595602000002
52.369999999999976,0.004637255999999992,295.5594,334.6706993999999
52.37899999999999,0.004637255999999992,294.56579999999997,336.6595602000002
52.38899999999998,0.004637255999999992,297.5466,338.6484210000001
52.397999999999996,0.004637255999999992,297.5466,338.6484210000001
52.40799999999999,0.004637255999999992,298.54019999999997,338.6484210000001
52.417,0.004281683999999994,292.5786,334.6706993999999
52.42699999999999,0.004459469999999993,296.553,306.82664820000014
52.43600000000001,0.0039261119999999955,295.5594,306.82664820000014
52.46700000000001,0.0037483259999999963,294.56579999999997,304.8377874
52.47599999999997,0.0037483259999999963,296.553,306.82664820000014
52.48599999999996,0.003392753999999998,294.56579999999997,308.815509
52.494999999999976,0.003392753999999998,295.5594,308.815509
52.50499999999997,0.003392753999999998,296.553,306.82664820000014
52.52399999999997,0.0030371819999999994,298.54019999999997,278.98259699999994
52.55699999999999,0.0028593959999999863,298.54019999999997,275.00487539999995
52.56699999999998,0.0028593959999999863,295.5594,276.99373620000006
52.57599999999999,0.0028593959999999863,296.553,276.99373620000006
52.585999999999984,0.002681610000000001,297.5466,276.99373620000006
52.595999999999975,0.002681610000000001,294.56579999999997,273.01601460000006
52.60499999999999,0.002681610000000001,293.5722,247.1608242000002
52.623999999999995,0.001970466000000004,296.553,247.1608242000002
52.633999999999986,0.0021482519999999894,297.5466,245.17196339999987
52.64699999999996,0.0023260380000000025,294.56579999999997,243.18310259999998
52.65599999999998,0.0023260380000000025,295.5594,245.17196339999987
52.66599999999997,0.0023260380000000025,296.553,247.1608242000002
52.684999999999974,0.002503823999999988,293.5722,243.18310259999998
52.694999999999965,0.0023260380000000025,296.553,247.1608242000002
52.70500000000001,0.0021482519999999894,295.5594,249.1496850000001
52.715,0.0023260380000000025,297.5466,247.1608242000002
52.724999999999994,0.0023260380000000025,296.553,247.1608242000002
52.734999999999985,0.002503823999999988,295.5594,243.18310259999998
52.744999999999976,0.0021482519999999894,297.5466,215.33905140000002
52.75499999999997,0.0023260380000000025,298.54019999999997,213.35019060000013
52.78200000000001,0.001792679999999991,295.5594,213.35019060000013
52.79099999999997,0.001970466000000004,299.5338,215.33905140000002
52.801000000000016,0.0016148939999999917,295.5594,217.32791220000013
52.809999999999974,0.001970466000000004,298.54019999999997,215.33905140000002
52.819999999999965,0.0016148939999999917,297.5466,217.32791220000013
52.83000000000001,0.0016148939999999917,298.54019999999997,187.49500020000005
52.83899999999997,0.0016148939999999917,299.5338,187.49500020000005
52.871999999999986,0.0012593219999999933,293.5722,185.50613939999994
52.881,0.001081535999999994,295.5594,187.49500020000005
52.89099999999999,0.0012593219999999933,296.553,187.49500020000005
52.900000000000006,0.0012593219999999933,297.5466,189.48386100000016
52.91,0.001081535999999994,296.553,185.50613939999994
52.91999999999999,0.0014371079999999925,297.5466,159.65094900000008
52.929,0.0009037499999999948,298.54019999999997,159.65094900000008
52.96199999999996,0.001081535999999994,295.5594,157.6620882000002
52.970999999999975,0.0012593219999999933,296.553,157.6620882000002
52.980999999999966,0.0012593219999999933,297.5466,157.6620882000002
52.98999999999998,0.0016148939999999917,297.5466,157.6620882000002
52.99999999999997,0.0012593219999999933,295.5594,155.6732274000001
53.008999999999986,0.0014371079999999925,295.5594,157.6620882000002
53.01899999999998,0.0016148939999999917,295.5594,155.6732274000001
53.02799999999999,0.0016148939999999917,298.54019999999997,157.6620882000002
53.03799999999998,0.0014371079999999925,298.54019999999997,159.65094900000008
53.047,0.0012593219999999933,293.5722,155.6732274000001
53.05699999999999,0.0012593219999999933,296.553,127.82917620000012
53.066,0.0012593219999999933,294.56579999999997,125.84031540000001
53.09700000000001,0.0012593219999999933,293.5722,121.86259380000024
53.105999999999966,0.0012593219999999933,297.5466,125.84031540000001
53.12499999999997,0.0016148939999999917,297.5466,125.84031540000001
53.13499999999996,0.0014371079999999925,297.5466,123.85145460000012
53.14500000000001,0.001081535999999994,296.553,97.99626420000004
53.155,0.0009037499999999948,296.553,96.00740339999993
53.16499999999999,0.0009037499999999948,297.5466,97.99626420000004
53.18699999999998,0.0009037499999999948,295.5594,96.00740339999993
53.196,0.001081535999999994,298.54019999999997,96.00740339999993
53.215,0.001081535999999994,296.553,97.99626420000004
53.22599999999997,0.0012593219999999933,296.553,97.99626420000004
53.234999999999985,0.001081535999999994,296.553,97.99626420000004
53.244999999999976,0.001081535999999994,297.5466,96.00740339999993
53.25499999999997,0.0009037499999999948,297.5466,97.99626420000004
53.321999999999974,0.0012593219999999933,294.56579999999997,64.1856306000002
53.33099999999999,0.00037039200000001105,294.56579999999997,66.17449140000008
53.34099999999998,0.0007259639999999956,298.54019999999997,66.17449140000008
53.349999999999994,0.0007259639999999956,298.54019999999997,68.16335219999996
53.359999999999985,0.0005481779999999825,293.5722,64.1856306000002
53.369999999999976,0.00037039200000001105,296.553,66.17449140000008
53.37899999999999,0.0007259639999999956,297.5466,68.16335219999996
53.388000000000005,0.00037039200000001105,296.553,66.17449140000008
53.397999999999996,0.0007259639999999956,297.5466,66.17449140000008
53.40799999999999,0.00037039200000001105,293.5722,66.17449140000008
53.417,0.0007259639999999956,297.5466,36.3415794
53.42699999999999,0.00019260599999999795,296.553,38.330440199999884
53.456999999999965,1.4819999999998723e-05,290.59139999999996,34.35271860000012
53.47599999999997,0.00037039200000001105,297.5466,38.330440199999884
53.48599999999996,0.0005481779999999825,298.54019999999997,36.3415794
53.49600000000001,0.00019260599999999795,296.553,36.3415794
53.506,-0.00016296600000001438,297.5466,8.497528200000033
53.51599999999999,0.00019260599999999795,296.553,6.508667400000149
53.52599999999998,-0.00016296600000001438,296.553,10.486389000000145
53.547,1.4819999999998723e-05,292.5786,6.508667400000149
53.55600000000001,1.4819999999998723e-05,297.5466,8.497528200000033
53.566,0.00037039200000001105,297.5466,6.508667400000149
53.57599999999999,0.00019260599999999795,296.553,4.519806600000038
53.585999999999984,0.00019260599999999795,297.5466,4.519806600000038
53.595999999999975,-0.0003407520000000136,295.5594,8.497528200000033
53.605999999999966,0.00019260599999999795,295.5594,6.508667400000149
53.63699999999997,0.00019260599999999795,295.5594,4.519806600000038
53.64599999999999,-0.0003407520000000136,296.553,8.497528200000033
53.65599999999998,0.00037039200000001105,298.54019999999997,6.508667400000149
53.66599999999997,0.00019260599999999795,297.5466,6.508667400000149
53.676000000000016,0.00019260599999999795,293.5722,6.508667400000149
53.68600000000001,1.4819999999998723e-05,297.5466,8.497528200000033
53.696,0.00019260599999999795,298.54019999999997,8.497528200000033
53.70599999999999,-0.00016296600000001438,296.553,8.497528200000033
53.71599999999998,1.4819999999998723e-05,295.5594,6.508667400000149
53.72599999999997,-0.00016296600000001438,293.5722,6.508667400000149
53.73599999999996,0.00019260599999999795,294.56579999999997,36.3415794
53.74600000000001,0.00019260599999999795,294.56579999999997,36.3415794
53.77199999999996,0.00019260599999999795,295.5594,36.3415794
53.78099999999998,0.00037039200000001105,297.5466,36.3415794
53.79099999999997,0.00019260599999999795,296.553,36.3415794
53.79999999999998,1.4819999999998723e-05,296.553,38.330440199999884
53.809999999999974,0.00019260599999999795,295.5594,36.3415794
53.81899999999999,0.0005481779999999825,295.5594,34.35271860000012
53.82899999999998,0.0005481779999999825,297.5466,36.3415794
53.837999999999994,0.00037039200000001105,297.5466,36.3415794
53.847999999999985,0.00037039200000001105,298.54019999999997,36.3415794
53.857,0.00019260599999999795,294.56579999999997,34.35271860000012
53.876000000000005,0.0005481779999999825,294.56579999999997,66.17449140000008
53.885999999999996,0.0005481779999999825,297.5466,68.16335219999996
53.90700000000001,0.0005481779999999825,296.553,66.17449140000008
53.91599999999997,0.0009037499999999948,296.553,66.17449140000008
53.926000000000016,0.0007259639999999956,297.5466,66.17449140000008
53.93600000000001,0.0007259639999999956,297.5466,68.16335219999996
53.946999999999974,0.0005481779999999825,296.553,66.17449140000008
53.956999999999965,0.0009037499999999948,298.54019999999997,99.98512500000015
53.96700000000001,0.0012593219999999933,298.54019999999997,97.99626420000004
53.996999999999986,0.001081535999999994,292.5786,96.00740339999993
54.006,0.0012593219999999933,297.5466,96.00740339999993
54.01599999999999,0.0014371079999999925,298.54019999999997,96.00740339999993
54.025000000000006,0.0012593219999999933,295.5594,97.99626420000004
54.035,0.0012593219999999933,296.553,97.99626420000004
54.04499999999999,0.001970466000000004,296.553,125.84031540000001
54.054,0.0021482519999999894,298.54019999999997,127.82917620000012
54.08699999999996,0.0023260380000000025,292.5786,121.86259380000024
54.095999999999975,0.0021482519999999894,295.5594,127.82917620000012
54.105999999999966,0.001970466000000004,295.5594,125.84031540000001
54.11499999999998,0.001970466000000004,297.5466,127.82917620000012
54.12499999999997,0.0021482519999999894,294.56579999999997,125.84031540000001
54.133999999999986,0.001970466000000004,296.553,125.84031540000001
54.14399999999998,0.001970466000000004,295.5594,127.82917620000012
54.15299999999999,0.001970466000000004,296.553,125.84031540000001
54.16299999999998,0.001970466000000004,296.553,127.82917620000012
54.172,0.001970466000000004,298.54019999999997,125.84031540000001
54.18199999999999,0.002681610000000001,294.56579999999997,157.6620882000002
54.191,0.0030371819999999994,295.5594,157.6620882000002
54.22200000000001,0.0032149679999999986,296.553,155.6732274000001
54.230999999999966,0.0032149679999999986,297.5466,159.65094900000008
54.241000000000014,0.0032149679999999986,297.5466,157.6620882000002
54.24999999999997,0.0030371819999999994,298.54019999999997,159.65094900000008
54.25999999999996,0.0030371819999999994,298.54019999999997,157.6620882000002
54.27000000000001,0.0039261119999999955,297.5466,187.49500020000005
54.27899999999997,0.004459469999999993,297.5466,187.49500020000005
54.31199999999998,0.004281683999999994,295.5594,183.51727860000005
54.321,0.004459469999999993,296.553,185.50613939999994
54.33099999999999,0.004459469999999993,298.54019999999997,187.49500020000005
54.34,0.004637255999999992,297.5466,187.49500020000005
54.349999999999994,0.004459469999999993,298.54019999999997,187.49500020000005
54.359999999999985,0.0055261859999999885,297.5466,217.32791220000013
54.369,0.006237329999999999,298.54019999999997,219.316773
54.402000000000015,0.006237329999999999,293.5722,213.35019060000013
54.41099999999997,0.006237329999999999,295.5594,215.33905140000002
54.420999999999964,0.006237329999999999,295.5594,215.33905140000002
54.42999999999998,0.006237329999999999,295.5594,215.33905140000002
54.43999999999997,0.0064151159999999985,294.56579999999997,217.32791220000013
54.448999999999984,0.0064151159999999985,296.553,217.32791220000013
54.458999999999975,0.0064151159999999985,295.5594,215.33905140000002
54.46799999999999,0.006059544,295.5594,215.33905140000002
54.48799999999997,0.006059544,295.5594,215.33905140000002
54.49799999999996,0.007481831999999994,295.5594,247.1608242000002
54.50699999999998,0.008370762000000004,295.5594,247.1608242000002
54.537000000000006,0.00819297599999999,293.5722,245.17196339999987
54.545999999999964,0.008370762000000004,295.5594,247.1608242000002
54.55600000000001,0.007837403999999992,294.56579999999997,251.13854579999997
54.56499999999997,0.00819297599999999,295.5594,245.17196339999987
54.57499999999996,0.008015189999999991,294.56579999999997,247.1608242000002
54.58500000000001,0.009793049999999984,297.5466,276.99373620000006
54.595,0.010504193999999994,296.553,276.99373620000006
54.62699999999998,0.010859765999999993,294.56579999999997,275.00487539999995
54.635999999999996,0.010859765999999993,298.54019999999997,276.99373620000006
54.64599999999999,0.010859765999999993,298.54019999999997,276.99373620000006
54.655,0.010681979999999994,296.553,278.98259699999994
54.66499999999999,0.010681979999999994,294.56579999999997,275.00487539999995
54.67499999999998,0.012459839999999986,296.553,308.815509
54.684,0.013348769999999996,295.5594,306.82664820000014
54.71700000000001,0.013526555999999995,295.5594,304.8377874
54.72599999999997,0.013526555999999995,297.5466,308.815509
54.73599999999996,0.013704341999999994,295.5594,306.82664820000014
54.744999999999976,0.013526555999999995,296.553,306.82664820000014
54.75699999999998,0.013704341999999994,295.5594,304.8377874
54.76599999999999,0.015482201999999987,297.5466,340.6372818
54.77599999999998,0.016904489999999994,297.5466,336.6595602000002
54.785,0.016548917999999996,296.553,336.6595602000002
54.79499999999999,0.016548917999999996,297.5466,338.6484210000001
54.80699999999999,0.016548917999999996,298.54019999999997,334.6706993999999
54.816,0.016904489999999994,296.553,336.6595602000002
54.82599999999999,0.016726703999999995,296.553,338.6484210000001
54.83500000000001,0.016904489999999994,298.54019999999997,338.6484210000001
54.845,0.016904489999999994,294.56579999999997,336.6595602000002
54.85400000000001,0.016904489999999994,296.553,336.6595602000002
54.864000000000004,0.016904489999999994,296.553,336.6595602000002
54.87299999999996,0.017082275999999993,298.54019999999997,338.6484210000001
54.88300000000001,0.017082275999999993,297.5466,338.6484210000001
54.893,0.016904489999999994,294.56579999999997,334.6706993999999
54.902000000000015,0.019037922,298.54019999999997,368.48133299999995
54.912000000000006,0.019749065999999996,297.5466,368.48133299999995
54.94199999999998,0.020104637999999994,295.5594,366.49247220000007
54.95099999999999,0.020282423999999993,296.553,366.49247220000007
54.960999999999984,0.020282423999999993,298.54019999999997,368.48133299999995
54.97,0.020460210000000006,297.5466,368.48133299999995
54.97999999999999,0.020282423999999993,294.56579999999997,366.49247220000007
54.98999999999998,0.022593641999999997,297.5466,398.314245
54.99999999999997,0.023482571999999993,296.553,398.314245
55.03200000000001,0.023482571999999993,295.5594,398.314245
55.04099999999997,0.02383814399999999,293.5722,396.32538420000014
55.051000000000016,0.02401592999999999,298.54019999999997,396.32538420000014
55.059999999999974,0.02401592999999999,296.553,398.314245
55.071,0.02401592999999999,295.5594,394.33652340000026
55.08099999999999,0.026149361999999995,297.5466,428.1471570000001
55.09,0.02739386399999999,296.553,428.1471570000001
55.121999999999986,0.02757164999999999,294.56579999999997,426.1582962
55.131,0.02757164999999999,295.5594,426.1582962
55.14099999999999,0.027749436000000002,297.5466,426.1582962
55.150000000000006,0.027749436000000002,296.553,428.1471570000001
55.16,0.027927221999999988,294.56579999999997,426.1582962
55.16900000000001,0.02757164999999999,294.56579999999997,428.1471570000001
55.18800000000002,0.028105008,297.5466,428.1471570000001
55.198999999999984,0.028282793999999986,298.54019999999997,426.1582962
55.208999999999975,0.027749436000000002,298.54019999999997,428.1471570000001
55.218999999999966,0.030060653999999992,297.5466,457.98006899999996
55.22900000000001,0.031482942,297.5466,457.98006899999996
55.25699999999998,0.031482942,294.56579999999997,455.9912082000001
55.26599999999999,0.031482942,297.5466,457.98006899999996
55.27599999999998,0.031838514,295.5594,455.9912082000001
55.285,0.031660728,294.56579999999997,457.98006899999996
55.29499999999999,0.031660728,297.5466,457.98006899999996
55.30499999999998,0.033794160000000004,295.5594,485.82412020000015
55.31499999999997,0.03468309,296.553,485.82412020000015
55.34700000000001,0.034860876,295.5594,487.81298100000004
55.355999999999966,0.035216448,297.5466,487.81298100000004
55.39199999999997,0.035572019999999996,294.56579999999997,481.84639859999993
55.40099999999998,0.035572019999999996,294.56579999999997,485.82412020000015
55.41099999999997,0.035927591999999994,297.5466,487.81298100000004
55.41999999999999,0.035749805999999995,296.553,487.81298100000004
55.43100000000001,0.035927591999999994,295.5594,481.84639859999993
55.43999999999997,0.037883238,296.553,511.6793106
55.458999999999975,0.038772167999999996,297.5466,515.6570322
55.482,0.039127739999999994,296.553,511.6793106
55.491000000000014,0.039127739999999994,295.5594,515.6570322
55.501000000000005,0.03948331199999999,297.5466,515.6570322
55.50999999999996,0.03966109799999999,299.5338,513.6681714000001
55.52000000000001,0.03948331199999999,294.56579999999997,513.6681714000001
55.539000000000016,0.03966109799999999,295.5594,513.6681714000001
55.54900000000001,0.04001666999999999,297.5466,511.6793106
55.559,0.040194456,296.553,513.6681714000001
55.56899999999999,0.04001666999999999,293.5722,511.6793106
55.57899999999998,0.041438958,296.553,543.5010834000002
55.58899999999997,0.04250567399999999,297.5466,547.478805
55.61699999999999,0.042327887999999994,292.5786,543.5010834000002
55.626000000000005,0.042861246000000006,298.54019999999997,545.4899442000001
55.635999999999996,0.042861246000000006,296.553,545.4899442000001
55.64500000000001,0.04303903199999999,296.553,543.5010834000002
55.65599999999998,0.043216818000000004,298.54019999999997,541.5122226000001
55.66499999999999,0.04446132,295.5594,569.3562738
55.67499999999998,0.044994677999999996,295.5594,575.3228562000002
55.706999999999965,0.045350249999999995,296.553,575.3228562000002
55.71599999999998,0.045528035999999994,297.5466,575.3228562000002
55.72599999999997,0.045528035999999994,296.553,573.3339954
55.75199999999998,0.04570582199999999,295.5594,575.3228562000002
55.84200000000001,0.047305895999999986,293.5722,603.1669074000001
55.852000000000004,0.04801704,298.54019999999997,605.1557682
55.86099999999996,0.048372611999999995,297.5466,603.1669074000001
55.87100000000001,0.04801704,296.553,607.1446289999999
55.881,0.048194825999999996,295.5594,603.1669074000001
55.900000000000006,0.048728183999999994,296.553,636.9775410000002
55.91,0.04890597000000001,298.54019999999997,636.9775410000002
55.93199999999999,0.048728183999999994,293.5722,632.9998194000002
55.941,0.04908375599999999,296.553,636.9775410000002
55.95099999999999,0.04908375599999999,296.553,634.9886802000001
55.97,0.04943932799999999,295.5594,634.9886802000001
55.97999999999999,0.04943932799999999,298.54019999999997,636.9775410000002
55.98999999999998,0.049617114,298.54019999999997,636.9775410000002
55.99999999999997,0.049617114,297.5466,638.9664018000001
56.00999999999996,0.049972685999999995,297.5466,636.9775410000002
56.02000000000001,0.04979489999999999,298.54019999999997,632.9998194000002
56.03,0.04890597000000001,295.5594,666.8104530000003
56.03999999999999,0.04926154199999999,298.54019999999997,666.8104530000003
56.06699999999998,0.04943932799999999,292.5786,662.8327314000001
56.07599999999999,0.04943932799999999,293.5722,664.8215921999999
56.085999999999984,0.04926154199999999,296.553,666.8104530000003
56.095,0.050150472,298.54019999999997,662.8327314000001
56.105999999999966,0.04943932799999999,292.5786,660.8438706000002
56.11499999999998,0.04801704,297.5466,696.6433650000001
56.12499999999997,0.04801704,296.553,696.6433650000001
56.15700000000001,0.048372611999999995,292.5786,692.6656434000001
56.16599999999997,0.048550397999999995,299.5338,694.6545042
56.176000000000016,0.048372611999999995,296.553,696.6433650000001
56.184999999999974,0.048550397999999995,296.553,694.6545042
56.196,0.048550397999999995,296.553,692.6656434000001
56.20599999999999,0.045883608000000006,296.553,728.4651377999999
56.215,0.045528035999999994,295.5594,726.4762770000002
56.224999999999994,0.045528035999999994,294.56579999999997,728.4651377999999
56.246999999999986,0.04570582199999999,294.56579999999997,726.4762770000002
56.256,0.04606139399999999,298.54019999999997,724.4874162000001
56.26599999999999,0.045883608000000006,296.553,728.4651377999999
56.275000000000006,0.04606139399999999,297.5466,726.4762770000002
56.285,0.04641696599999999,295.5594,722.4985554
56.29499999999999,0.046239180000000005,295.5594,728.4651377999999
56.304,0.04641696599999999,296.553,728.4651377999999
56.31399999999999,0.04677253799999999,297.5466,726.4762770000002
56.32300000000001,0.04677253799999999,296.553,724.4874162000001
56.333,0.04695032399999999,296.553,724.4874162000001
56.34200000000001,0.043216818000000004,295.5594,760.2869106000003
56.352000000000004,0.04250567399999999,294.56579999999997,760.2869106000003
56.38199999999998,0.04303903199999999,292.5786,756.3091890000005
56.39099999999999,0.043216818000000004,296.553,756.3091890000005
56.41,0.043216818000000004,297.5466,758.2980498000002
56.420999999999964,0.043216818000000004,294.56579999999997,756.3091890000005
56.43100000000001,0.039127739999999994,295.5594,788.1309618000005
56.43999999999997,0.03859438199999998,295.5594,788.1309618000005
56.45099999999999,0.03859438199999998,295.5594,788.1309618000005
56.47200000000001,0.038949953999999995,293.5722,786.1421010000004
56.480999999999966,0.038772167999999996,297.5466,790.1198226000006
56.501000000000005,0.039127739999999994,294.56579999999997,788.1309618000005
56.510999999999996,0.039127739999999994,296.553,788.1309618000005
56.52099999999999,0.034860876,295.5594,815.9750130000002
56.53099999999998,0.03432751799999999,296.553,819.9527346000004
56.54099999999997,0.034149732,295.5594,815.9750130000002
56.56199999999998,0.03432751799999999,291.585,815.9750130000002
56.58099999999999,0.03468309,296.553,819.9527346000004
56.59099999999998,0.034860876,298.54019999999997,817.9638738000003
56.60099999999997,0.03468309,291.585,817.9638738000003
56.61099999999996,0.035038662,298.54019999999997,815.9750130000002
56.62100000000001,0.035216448,298.54019999999997,817.9638738000003
56.631,0.035216448,296.553,817.9638738000003
56.64099999999999,0.035216448,296.553,817.9638738000003
56.65099999999998,0.035394234,296.553,815.9750130000002
56.66099999999997,0.03023843999999999,297.5466,851.7745074000004
56.670999999999964,0.029705081999999994,296.553,849.7856466000003
56.696999999999974,0.029705081999999994,291.585,847.7967858000006
56.70599999999999,0.029705081999999994,296.553,849.7856466000003
56.71599999999998,0.029527295999999995,297.5466,847.7967858000006
56.724999999999994,0.029705081999999994,296.553,849.7856466000003
56.73599999999996,0.029705081999999994,297.5466,849.7856466000003
56.744999999999976,0.024727074,295.5594,879.6185586000001
56.75499999999997,0.024371502000000003,297.5466,879.6185586000001
56.787000000000006,0.02383814399999999,293.5722,879.6185586000001
56.795999999999964,0.02419371599999999,296.553,879.6185586000001
56.80600000000001,0.02383814399999999,295.5594,881.6074194000003
56.81499999999997,0.02401592999999999,296.553,879.6185586000001
56.82599999999999,0.023660357999999992,294.56579999999997,879.6185586000001
56.83500000000001,0.019215707999999984,297.5466,911.4403314000006
56.845,0.018504563999999987,298.54019999999997,913.4291922000002
56.87699999999998,0.01814899199999999,293.5722,907.4626098000003
56.88699999999997,0.01814899199999999,296.553,911.4403314000006
56.89599999999999,0.017793420000000004,296.553,913.4291922000002
56.905,0.017793420000000004,296.553,911.4403314000006
56.91499999999999,0.01797120599999999,295.5594,909.4514706000004
56.92499999999998,0.017793420000000004,294.56579999999997,909.4514706000004
56.934,0.017793420000000004,295.5594,911.4403314000006
56.94399999999999,0.01761563399999999,296.553,913.4291922000002
56.953,0.01761563399999999,295.5594,909.4514706000004
56.970999999999975,0.013348769999999996,297.5466,943.2621042000005
56.97999999999999,0.012993197999999997,297.5466,939.2843826000003
57.01199999999997,0.012459839999999986,292.5786,937.2955218000002
57.02099999999999,0.012282054,295.5594,941.2732434
57.03099999999998,0.012459839999999986,295.5594,939.2843826000003
57.04099999999997,0.011926481999999988,296.553,945.2509650000006
57.05199999999999,0.011926481999999988,294.56579999999997,937.2955218000002
57.06199999999998,0.008370762000000004,294.56579999999997,973.0950162000004
57.071,0.008370762000000004,296.553,971.1061554000003
57.102000000000004,0.007659617999999993,291.585,969.1172946000006
57.111999999999995,0.008015189999999991,296.553,973.0950162000004
57.121999999999986,0.008015189999999991,298.54019999999997,973.0950162000004
57.13199999999998,0.007659617999999993,296.553,971.1061554000003
57.14199999999997,0.007126259999999995,295.5594,971.1061554000003
57.152000000000015,0.004637255999999992,297.5466,1016.8299834
57.162000000000006,0.004815041999999992,295.5594,1012.9974906000002
57.19199999999998,0.004459469999999993,295.5594,1011.0812442000001
57.20199999999997,0.004103897999999995,293.5722,1014.9137370000003
57.21199999999996,0.004281683999999994,297.5466,1012.9974906000002
57.22200000000001,0.0039261119999999955,298.54019999999997,1014.9137370000003
57.232,0.0037483259999999963,295.5594,1009.1649978
57.24199999999999,0.0021482519999999894,297.5466,1043.6574329999999
57.25199999999998,0.0021482519999999894,296.553,1043.6574329999999
57.26199999999997,0.0023260380000000025,296.553,1043.6574329999999
57.27199999999996,0.0021482519999999894,294.56579999999997,1041.7411865999998
57.28200000000001,0.001970466000000004,296.553,1039.8249402000001
57.292,0.001792679999999991,297.5466,1041.7411865999998
57.30199999999999,0.001792679999999991,294.56579999999997,1043.6574329999999
57.31199999999998,0.001970466000000004,295.5594,1041.7411865999998
57.321999999999974,0.0016148939999999917,296.553,1043.6574329999999
57.331999999999965,0.0005481779999999825,297.5466,1074.3173754
57.34200000000001,0.0009037499999999948,297.5466,1074.3173754
57.371999999999986,0.0007259639999999956,295.5594,1074.3173754
57.381,0.0005481779999999825,295.5594,1074.3173754
57.39099999999999,0.0005481779999999825,294.56579999999997,1072.4011290000003
57.417,0.0005481779999999825,293.5722,1070.4848826000002
57.42699999999999,0.00037039200000001105,297.5466,1074.3173754
57.43600000000001,0.0005481779999999825,296.553,1072.4011290000003
57.446,0.0007259639999999956,297.5466,1072.4011290000003
57.45599999999999,0.00037039200000001105,296.553,1074.3173754
57.465,1.4819999999998723e-05,299.5338,1103.0610714000004
57.474999999999994,-0.00016296600000001438,297.5466,1104.9773178
57.50699999999998,-0.0003407520000000136,293.5722,1103.0610714000004
57.51699999999997,-0.00016296600000001438,297.5466,1103.0610714000004
57.52599999999998,0.00037039200000001105,297.5466,1101.1448249999999
57.53599999999997,1.4819999999998723e-05,296.553,1104.9773178
57.545999999999964,1.4819999999998723e-05,296.553,1103.0610714000004
57.55499999999998,-0.00016296600000001438,303.5082,1131.8047674
57.56499999999997,-0.00016296600000001438,311.457,1133.7210138
57.59700000000001,-0.0003407520000000136,309.46979999999996,1129.8885210000003
57.607,-0.00016296600000001438,311.457,1131.8047674
57.616000000000014,-0.0003407520000000136,312.4506,1133.7210138
57.626000000000005,-0.0003407520000000136,313.44419999999997,1133.7210138
57.63499999999996,1.4819999999998723e-05,312.4506,1129.8885210000003
57.64500000000001,-0.00016296600000001438,315.4314,1135.6372601999997
57.65399999999997,-0.0003407520000000136,315.4314,1135.6372601999997
57.664000000000016,-0.0005185379999999989,315.4314,1137.5535066000002
57.682999999999964,-0.00016296600000001438,315.4314,1131.8047674
57.69300000000001,-0.0003407520000000136,346.233,1166.2972026000002
57.703,-0.0003407520000000136,345.2394,1162.4647098
57.732,-0.00016296600000001438,346.233,1160.5484634000004
57.74199999999999,-0.0003407520000000136,347.22659999999996,1164.3809562000001
57.751000000000005,-0.0005185379999999989,348.2202,1162.4647098
57.75999999999996,1.4819999999998723e-05,349.2138,1162.4647098
57.77099999999999,-0.0003407520000000136,349.2138,1166.2972026000002
57.78,-0.00016296600000001438,380.0154,1196.9571450000003
57.78999999999999,-0.0003407520000000136,381.009,1195.0408986000002
57.821999999999974,-0.0003407520000000136,380.0154,1193.1246521999997
57.831999999999965,-0.00016296600000001438,382.0026,1195.0408986000002
57.84099999999998,-0.0003407520000000136,383.9898,1195.0408986000002
57.85099999999997,-0.00016296600000001438,383.9898,1193.1246521999997
57.86099999999996,-0.0003407520000000136,383.9898,1196.9571450000003
57.869999999999976,-0.00016296600000001438,413.7978,1219.9521018
57.87999999999997,-0.0003407520000000136,413.7978,1221.8683482000001
57.912000000000006,-0.0005185379999999989,412.8042,1219.9521018
57.922,-0.0005185379999999989,415.78499999999997,1225.7008409999999
57.93100000000001,-0.00016296600000001438,416.7786,1223.7845945999998
57.93999999999997,-0.00016296600000001438,415.78499999999997,1221.8683482000001
57.95199999999997,1.4819999999998723e-05,415.78499999999997,1216.1196089999999
57.960999999999984,-0.0003407520000000136,448.5738,1256.3607834
57.970999999999975,-0.00016296600000001438,448.5738,1252.5282906000002
57.97999999999999,1.4819999999998723e-05,449.56739999999996,1254.4445370000003
57.98999999999998,-0.00016296600000001438,449.56739999999996,1254.4445370000003
58.00199999999998,-0.0005185379999999989,448.5738,1250.6120442000001
58.01199999999997,-0.00016296600000001438,449.56739999999996,1252.5282906000002
58.02099999999999,-0.0005185379999999989,450.561,1254.4445370000003
58.03099999999998,-0.00016296600000001438,450.561,1250.6120442000001
58.03999999999999,-0.0003407520000000136,449.56739999999996,1250.6120442000001
58.04999999999998,-0.0003407520000000136,450.561,1252.5282906000002
58.059,-0.0003407520000000136,451.5546,1254.4445370000003
58.06899999999999,-0.00016296600000001438,451.5546,1252.5282906000002
58.078,-0.00016296600000001438,452.5482,1252.5282906000002
58.087999999999994,-0.00016296600000001438,450.561,1252.5282906000002
58.097999999999985,1.4819999999998723e-05,482.3562,1283.1882329999999
58.107,-0.0003407520000000136,482.3562,1283.1882329999999
58.13699999999997,-0.0005185379999999989,483.3498,1283.1882329999999
58.14699999999996,-0.0003407520000000136,484.3434,1285.1044794000004
58.15599999999998,-0.0003407520000000136,483.3498,1285.1044794000004
58.16599999999997,-0.00016296600000001438,484.3434,1285.1044794000004
58.176000000000016,-0.0003407520000000136,484.3434,1283.1882329999999
58.184999999999974,-0.0005185379999999989,515.145,1315.7644218
58.194999999999965,1.4819999999998723e-05,513.1578000000001,1311.9319290000003
58.227000000000004,-0.0003407520000000136,513.1578000000001,1310.0156826000002
58.236999999999995,1.4819999999998723e-05,515.145,1311.9319290000003
58.24600000000001,-0.0003407520000000136,514.1514,1313.8481754
58.256,-0.0003407520000000136,516.1386,1315.7644218
58.265000000000015,-0.00016296600000001438,515.145,1315.7644218
58.275000000000006,-0.0003407520000000136,515.145,1313.8481754
58.29299999999998,-0.0003407520000000136,515.145,1315.7644218
58.361999999999995,-0.00016296600000001438,545.9466000000001,1342.5918714000004
58.371999999999986,-0.0005185379999999989,547.9338,1348.3406106000002
58.381,-0.00016296600000001438,546.9402,1344.5081178
58.39099999999999,-0.00016296600000001438,547.9338,1346.4243642000001
58.400000000000006,0.00019260599999999795,545.9466000000001,1338.7593785999998
58.41,-0.0003407520000000136,546.9402,1346.4243642000001
58.41900000000001,1.4819999999998723e-05,547.9338,1346.4243642000001
58.429,1.4819999999998723e-05,547.9338,1342.5918714000004
58.43800000000002,-0.0003407520000000136,547.9338,1346.4243642000001
58.44800000000001,-0.00016296600000001438,545.9466000000001,1340.6756249999999
58.458,1.4819999999998723e-05,577.7418,1375.1680601999997
58.46700000000001,-0.00016296600000001438,577.7418,1375.1680601999997
58.496999999999986,-0.0005185379999999989,576.7482,1373.2518138
58.50699999999998,-0.00016296600000001438,577.7418,1373.2518138
58.51599999999999,-0.00016296600000001438,577.7418,1375.1680601999997
58.525000000000006,-0.00016296600000001438,577.7418,1373.2518138
58.54499999999999,-0.00016296600000001438,578.7354,1373.2518138
58.55499999999998,-0.0003407520000000136,578.7354,1377.0843066000002
58.58699999999996,-0.0003407520000000136,576.7482,1371.3355674
58.59700000000001,-0.0003407520000000136,578.7354,1377.0843066000002
58.605999999999966,1.4819999999998723e-05,578.7354,1375.1680601999997
58.616000000000014,1.4819999999998723e-05,578.7354,1371.3355674
58.626000000000005,-0.00016296600000001438,577.7418,1371.3355674
58.635999999999996,1.4819999999998723e-05,549.921,1344.5081178
58.64500000000001,1.4819999999998723e-05,549.921,1346.4243642000001
58.655,1.4819999999998723e-05,548.9274,1344.5081178
58.67699999999999,1.4819999999998723e-05,547.9338,1342.5918714000004
58.68699999999998,-0.0003407520000000136,550.9146000000001,1346.4243642000001
58.696,-0.00016296600000001438,550.9146000000001,1346.4243642000001
58.70599999999999,-0.0003407520000000136,549.921,1346.4243642000001
58.715,1.4819999999998723e-05,547.9338,1340.6756249999999
58.73400000000001,-0.00016296600000001438,550.9146000000001,1344.5081178
58.744,-0.0003407520000000136,550.9146000000001,1344.5081178
58.75399999999999,1.4819999999998723e-05,549.921,1344.5081178
58.76399999999998,-0.0003407520000000136,550.9146000000001,1344.5081178
58.77399999999997,-0.0003407520000000136,521.1066000000001,1315.7644218
58.78399999999996,1.4819999999998723e-05,521.1066000000001,1311.9319290000003
58.81199999999998,-0.00016296600000001438,521.1066000000001,1311.9319290000003
58.821999999999974,0.00019260599999999795,522.1002000000001,1310.0156826000002
58.83099999999999,-0.0005185379999999989,522.1002000000001,1311.9319290000003
58.84099999999998,-0.0003407520000000136,522.1002000000001,1311.9319290000003
58.85099999999997,1.4819999999998723e-05,522.1002000000001,1311.9319290000003
58.859999999999985,-0.00016296600000001438,492.2922,1281.2719865999998
58.869999999999976,-0.0005185379999999989,494.2794,1285.1044794000004
58.902000000000015,-0.0003407520000000136,492.2922,1281.2719865999998
58.912000000000006,-0.0003407520000000136,493.2858,1281.2719865999998
58.920999999999964,-0.00016296600000001438,494.2794,1283.1882329999999
58.93100000000001,-0.0003407520000000136,495.27299999999997,1283.1882329999999
58.941,-0.0005185379999999989,494.2794,1281.2719865999998
58.94999999999996,-0.0003407520000000136,466.4586,1256.3607834
58.96000000000001,-0.00016296600000001438,466.4586,1252.5282906000002
58.99199999999999,-0.0003407520000000136,465.465,1250.6120442000001
59.00199999999998,-0.00016296600000001438,467.4522,1254.4445370000003
59.010999999999996,1.4819999999998723e-05,467.4522,1254.4445370000003
59.02099999999999,-0.0003407520000000136,468.4458,1256.3607834
59.03,-0.0003407520000000136,467.4522,1252.5282906000002
59.03999999999999,-0.0003407520000000136,468.4458,1256.3607834
59.04900000000001,-0.0003407520000000136,467.4522,1252.5282906000002
59.059,-0.00016296600000001438,468.4458,1254.4445370000003
59.06800000000001,-0.00016296600000001438,468.4458,1254.4445370000003
59.078,-0.0003407520000000136,468.4458,1254.4445370000003
59.087999999999994,-0.00016296600000001438,438.63779999999997,1223.7845945999998
59.09700000000001,-0.00016296600000001438,439.6314,1223.7845945999998
59.12699999999998,-0.00016296600000001438,439.6314,1219.9521018
59.13699999999997,-0.0003407520000000136,440.625,1223.7845945999998
59.14599999999999,-0.00016296600000001438,440.625,1223.7845945999998
59.15599999999998,1.4819999999998723e-05,440.625,1221.8683482000001
59.16599999999997,1.4819999999998723e-05,440.625,1221.8683482000001
59.184999999999974,-0.00016296600000001438,412.8042,1195.0408986000002
59.194999999999965,-0.0003407520000000136,413.7978,1195.0408986000002
59.21700000000001,-0.0003407520000000136,411.81059999999997,1193.1246521999997
59.227000000000004,-0.00016296600000001438,413.7978,1193.1246521999997
59.23599999999996,1.4819999999998723e-05,412.8042,1191.2084058
59.256,1.4819999999998723e-05,412.8042,1191.2084058
59.275000000000006,-0.00016296600000001438,383.9898,1162.4647098
59.285,-0.00016296600000001438,384.9834,1164.3809562000001
59.29499999999999,-0.00016296600000001438,383.9898,1164.3809562000001
59.30699999999999,-0.0006963239999999982,382.9962,1162.4647098
59.31699999999998,1.4819999999998723e-05,383.9898,1160.5484634000004
59.32599999999999,1.4819999999998723e-05,384.9834,1162.4647098
59.345,1.4819999999998723e-05,384.9834,1156.7159705999998
59.35499999999999,-0.00016296600000001438,384.9834,1162.4647098
59.36499999999998,1.4819999999998723e-05,385.977,1162.4647098
59.37499999999997,-0.0003407520000000136,386.9706,1166.2972026000002
59.38499999999996,-0.00016296600000001438,384.9834,1160.5484634000004
59.39500000000001,-0.00016296600000001438,383.9898,1158.6322169999999
59.405,-0.0005185379999999989,358.1562,1133.7210138
59.41499999999999,-0.00016296600000001438,358.1562,1133.7210138
59.44199999999998,-0.0005185379999999989,356.169,1131.8047674
59.45199999999997,-0.0005185379999999989,358.1562,1131.8047674
59.460999999999984,-0.0003407520000000136,359.14979999999997,1133.7210138
59.470999999999975,-0.0005185379999999989,358.1562,1137.5535066000002
59.480999999999966,-0.0005185379999999989,357.1626,1127.9722746000002
59.491000000000014,-0.00016296600000001438,329.3418,1103.0610714000004
59.49999999999997,-0.0003407520000000136,331.329,1104.9773178
59.53200000000001,-0.0005185379999999989,329.3418,1103.0610714000004
59.542,-0.0003407520000000136,329.3418,1104.9773178
59.551000000000016,-0.00016296600000001438,330.3354,1103.0610714000004
59.56100000000001,-0.0005185379999999989,330.3354,1104.9773178
59.571,-0.00016296600000001438,329.3418,1099.2285785999998
59.58099999999999,-0.00016296600000001438,300.5274,1072.4011290000003
59.59,-0.0003407520000000136,299.5338,1074.3173754
59.621999999999986,-0.00016296600000001438,298.54019999999997,1070.4848826000002
59.63199999999998,-0.00016296600000001438,301.52099999999996,1072.4011290000003
59.64099999999999,-0.00016296600000001438,303.5082,1074.3173754
59.65099999999998,-0.0003407520000000136,302.5146,1074.3173754
59.66099999999997,-0.0005185379999999989,301.52099999999996,1076.2336218
59.670999999999964,-0.0005185379999999989,297.5466,1045.5736794000004
59.67999999999998,-0.0003407520000000136,296.553,1043.6574329999999
59.71199999999996,-0.00016296600000001438,294.56579999999997,1041.7411865999998
59.72200000000001,-0.00016296600000001438,298.54019999999997,1043.6574329999999
59.730999999999966,-0.0003407520000000136,296.553,1045.5736794000004
59.741000000000014,-0.00016296600000001438,298.54019999999997,1045.5736794000004
59.74999999999997,1.4819999999998723e-05,294.56579999999997,1039.8249402000001
59.75999999999996,-0.0003407520000000136,297.5466,1045.5736794000004
59.76899999999998,-0.00016296600000001438,295.5594,1043.6574329999999
59.77899999999997,-0.0003407520000000136,297.5466,1043.6574329999999
59.78799999999998,-0.0003407520000000136,295.5594,1045.5736794000004
59.79799999999997,-0.0003407520000000136,295.5594,1041.7411865999998
59.807999999999964,0.0005481779999999825,296.553,1012.9974906000002
59.81699999999998,-0.00016296600000001438,297.5466,1016.8299834
59.84700000000001,-0.0003407520000000136,296.553,1012.9974906000002
59.857,0.00019260599999999795,298.54019999999997,1012.9974906000002
59.876000000000005,-0.00016296600000001438,296.553,1012.9974906000002
59.885999999999996,1.4819999999998723e-05,297.5466,1011.0812442000001
59.89599999999999,0.00019260599999999795,297.5466,1014.9137370000003
59.90599999999998,1.4819999999998723e-05,297.5466,1012.9974906000002
59.91599999999997,1.4819999999998723e-05,297.5466,1016.8299834
59.926000000000016,1.4819999999998723e-05,295.5594,1012.9974906000002
59.93600000000001,-0.00016296600000001438,297.5466,1011.0812442000001
59.946,0.0007259639999999956,296.553,973.0950162000004
59.95599999999999,0.00019260599999999795,296.553,973.0950162000004
59.982,0.00019260599999999795,295.5594,969.1172946000006
59.99199999999999,0.00019260599999999795,298.54019999999997,971.1061554000003
60.001000000000005,1.4819999999998723e-05,297.5466,973.0950162000004
60.010999999999996,0.00019260599999999795,297.5466,973.0950162000004
60.02099999999999,1.4819999999998723e-05,298.54019999999997,973.0950162000004
60.03099999999998,0.0009037499999999948,299.5338,945.2509650000006
60.03999999999999,0.0007259639999999956,298.54019999999997,939.2843826000003
60.071999999999974,0.00019260599999999795,294.56579999999997,941.2732434
60.081999999999965,0.0005481779999999825,297.5466,939.2843826000003
60.09099999999998,0.00019260599999999795,297.5466,943.2621042000005
60.10099999999997,1.4819999999998723e-05,295.5594,941.2732434
60.109999999999985,0.0005481779999999825,294.56579999999997,937.2955218000002
60.119999999999976,0.00037039200000001105,295.5594,941.2732434
60.12999999999997,0.00019260599999999795,297.5466,943.2621042000005
60.13899999999998,1.4819999999998723e-05,294.56579999999997,941.2732434
60.147999999999996,0.00019260599999999795,297.5466,947.2398258000003
60.15799999999999,0.00019260599999999795,292.5786,939.2843826000003
60.16799999999998,0.0014371079999999925,296.553,911.4403314000006
60.18600000000001,0.0007259639999999956,297.5466,911.4403314000006
60.206999999999965,0.0007259639999999956,294.56579999999997,909.4514706000004
60.227000000000004,0.0005481779999999825,295.5594,913.4291922000002
60.236999999999995,0.0007259639999999956,298.54019999999997,911.4403314000006
60.246999999999986,0.00037039200000001105,295.5594,909.4514706000004
60.25699999999998,0.0007259639999999956,297.5466,913.4291922000002
60.26699999999997,0.0005481779999999825,298.54019999999997,913.4291922000002
60.277000000000015,0.0007259639999999956,298.54019999999997,911.4403314000006
60.287000000000006,0.0005481779999999825,295.5594,911.4403314000006
60.297,0.0007259639999999956,297.5466,907.4626098000003
60.30699999999999,0.0016148939999999917,296.553,881.6074194000003
60.31699999999998,0.001081535999999994,296.553,879.6185586000001
60.34200000000001,0.0009037499999999948,293.5722,877.6296978000005
60.352000000000004,0.0012593219999999933,298.54019999999997,877.6296978000005
60.36099999999996,0.0012593219999999933,297.5466,881.6074194000003
60.37100000000001,0.0012593219999999933,296.553,883.5962802000004
60.381,0.0009037499999999948,298.54019999999997,881.6074194000003
60.39099999999999,0.0021482519999999894,296.553,849.7856466000003
60.400000000000006,0.0014371079999999925,295.5594,851.7745074000004
60.43199999999999,0.0014371079999999925,295.5594,847.7967858000006
60.44199999999998,0.0016148939999999917,296.553,847.7967858000006
60.45099999999999,0.001792679999999991,297.5466,851.7745074000004
60.460999999999984,0.0021482519999999894,298.54019999999997,849.7856466000003
60.470999999999975,0.0016148939999999917,297.5466,849.7856466000003
60.480999999999966,0.0028593959999999863,298.54019999999997,817.9638738000003
60.48999999999998,0.0023260380000000025,297.5466,819.9527346000004
60.52199999999996,0.0023260380000000025,293.5722,815.9750130000002
60.53200000000001,0.001970466000000004,294.56579999999997,819.9527346000004
60.54099999999997,0.0021482519999999894,298.54019999999997,819.9527346000004
60.551000000000016,0.002503823999999988,297.5466,819.9527346000004
60.559999999999974,0.0021482519999999894,293.5722,817.9638738000003
60.569999999999965,0.002503823999999988,296.553,817.9638738000003
60.57899999999998,0.002681610000000001,296.553,817.9638738000003
60.58899999999997,0.002503823999999988,296.553,817.9638738000003
60.597999999999985,0.002503823999999988,295.5594,819.9527346000004
60.607999999999976,0.0021482519999999894,293.5722,815.9750130000002
60.62699999999998,0.0032149679999999986,297.5466,788.1309618000005
60.63699999999997,0.0032149679999999986,296.553,790.1198226000006
60.65700000000001,0.0030371819999999994,294.56579999999997,786.1421010000004
60.667,0.003392753999999998,299.5338,788.1309618000005
60.676000000000016,0.0030371819999999994,296.553,792.1086834000002
60.68600000000001,0.0032149679999999986,296.553,790.1198226000006
60.696,0.0032149679999999986,296.553,790.1198226000006
60.70599999999999,0.004281683999999994,296.553,760.2869106000003
60.715,0.004103897999999995,296.553,756.3091890000005
60.746999999999986,0.004103897999999995,293.5722,754.3203282000004
60.75699999999998,0.0039261119999999955,293.5722,762.2757713999999
60.76599999999999,0.0039261119999999955,296.553,758.2980498000002
60.77599999999998,0.0037483259999999963,293.5722,760.2869106000003
60.785,0.004281683999999994,295.5594,756.3091890000005
60.79499999999999,0.004103897999999995,295.5594,758.2980498000002
60.804,0.004281683999999994,297.5466,758.2980498000002
60.88300000000001,0.005703972000000002,297.5466,724.4874162000001
60.89199999999997,0.004992828000000005,296.553,728.4651377999999
60.90099999999998,0.004992828000000005,296.553,728.4651377999999
60.91099999999997,0.0055261859999999885,298.54019999999997,724.4874162000001
60.920999999999964,0.005348400000000003,294.56579999999997,722.4985554
60.92999999999998,0.0055261859999999885,296.553,728.4651377999999
60.93999999999997,0.005348400000000003,296.553,728.4651377999999
60.948999999999984,0.005703972000000002,299.5338,726.4762770000002
60.958999999999975,0.0055261859999999885,298.54019999999997,728.4651377999999
60.97799999999998,0.006770687999999997,297.5466,696.6433650000001
60.98799999999997,0.0064151159999999985,297.5466,698.6322258
60.99799999999996,0.006592901999999998,297.5466,696.6433650000001
61.01699999999997,0.006592901999999998,297.5466,694.6545042
61.027000000000015,0.0064151159999999985,294.56579999999997,694.6545042
61.03599999999997,0.0064151159999999985,293.5722,698.6322258
61.045999999999964,0.006059544,294.56579999999997,694.6545042
61.05600000000001,0.006592901999999998,293.5722,690.6767826000003
61.066,0.007837403999999992,297.5466,662.8327314000001
61.07499999999996,0.007126259999999995,294.56579999999997,664.8215921999999
61.107,0.007304045999999995,293.5722,664.8215921999999
61.11699999999999,0.007481831999999994,296.553,666.8104530000003
61.126000000000005,0.007481831999999994,297.5466,666.8104530000003
61.135999999999996,0.007659617999999993,297.5466,664.8215921999999
61.14599999999999,0.007481831999999994,295.5594,666.8104530000003
61.15599999999998,0.008904119999999988,298.54019999999997,632.9998194000002
61.16499999999999,0.008370762000000004,296.553,636.9775410000002
61.196999999999974,0.00819297599999999,292.5786,634.9886802000001
61.206999999999965,0.008370762000000004,297.5466,636.9775410000002
61.21599999999998,0.008726334000000002,297.5466,636.9775410000002
61.22599999999997,0.00854854799999999,295.5594,634.9886802000001
61.23599999999996,0.008726334000000002,293.5722,632.9998194000002
61.244999999999976,0.008726334000000002,297.5466,634.9886802000001
61.25499999999997,0.00854854799999999,294.56579999999997,634.9886802000001
61.26399999999998,0.008726334000000002,298.54019999999997,636.9775410000002
61.27399999999997,0.009081906,299.5338,634.9886802000001
61.28299999999999,0.00854854799999999,291.585,634.9886802000001
61.29299999999998,0.009793049999999984,296.553,603.1669074000001
61.30199999999999,0.009259692,295.5594,607.1446289999999
61.331999999999965,0.009437478,296.553,603.1669074000001
61.34200000000001,0.009259692,296.553,605.1557682
61.35099999999997,0.009437478,297.5466,607.1446289999999
61.36099999999996,0.009615263999999998,296.553,605.1557682
61.37100000000001,0.009793049999999984,298.54019999999997,603.1669074000001
61.381,0.010326407999999995,299.5338,575.3228562000002
61.390000000000015,0.010326407999999995,298.54019999999997,571.3451345999999
61.422,0.009970835999999997,294.56579999999997,573.3339954
61.43199999999999,0.010326407999999995,297.5466,573.3339954
61.441,0.009970835999999997,298.54019999999997,573.3339954
61.45099999999999,0.010148621999999996,294.56579999999997,575.3228562000002
61.46199999999996,0.010148621999999996,295.5594,573.3339954
61.470999999999975,0.010681979999999994,296.553,543.5010834000002
61.480999999999966,0.010148621999999996,299.5338,543.5010834000002
61.48999999999998,0.010504193999999994,297.5466,543.5010834000002
61.51199999999997,0.010326407999999995,295.5594,541.5122226000001
61.52199999999996,0.010681979999999994,297.5466,541.5122226000001
61.53099999999998,0.010504193999999994,297.5466,543.5010834000002
61.54099999999997,0.010504193999999994,298.54019999999997,543.5010834000002
61.551000000000016,0.010504193999999994,295.5594,543.5010834000002
61.559999999999974,0.010504193999999994,294.56579999999997,543.5010834000002
61.569999999999965,0.010681979999999994,294.56579999999997,543.5010834000002
61.58899999999997,0.010504193999999994,295.5594,543.5010834000002
61.59899999999996,0.010681979999999994,294.56579999999997,539.5233618
61.60900000000001,0.011215337999999991,296.553,511.6793106
61.619,0.010504193999999994,297.5466,513.6681714000001
61.64699999999996,0.010326407999999995,294.56579999999997,511.6793106
61.65700000000001,0.010148621999999996,296.553,517.6458929999999
61.66599999999997,0.010326407999999995,295.5594,513.6681714000001
61.676000000000016,0.010326407999999995,296.553,517.6458929999999
61.68600000000001,0.010504193999999994,294.56579999999997,513.6681714000001
61.696,0.010326407999999995,295.5594,487.81298100000004
61.70500000000001,0.009970835999999997,296.553,485.82412020000015
61.736999999999995,0.010148621999999996,294.56579999999997,483.83525940000004
61.746999999999986,0.009970835999999997,296.553,485.82412020000015
61.756,0.009970835999999997,297.5466,487.81298100000004
61.76599999999999,0.010148621999999996,298.54019999999997,487.81298100000004
61.77599999999998,0.009615263999999998,293.5722,487.81298100000004
61.78599999999997,0.009793049999999984,296.553,457.98006899999996
61.79499999999999,0.009437478,297.5466,457.98006899999996
61.82699999999997,0.009615263999999998,294.56579999999997,455.9912082000001
61.83699999999996,0.009259692,297.5466,457.98006899999996
61.84700000000001,0.009615263999999998,296.553,457.98006899999996
61.855999999999966,0.009615263999999998,297.5466,455.9912082000001
61.86699999999999,0.009437478,293.5722,454.0023474000002
61.87699999999998,0.009437478,298.54019999999997,426.1582962
61.885999999999996,0.00854854799999999,298.54019999999997,428.1471570000001
61.89599999999999,0.008726334000000002,298.54019999999997,428.1471570000001
61.905,0.008726334000000002,297.5466,428.1471570000001
61.917,0.008726334000000002,294.56579999999997,422.1805746
61.92699999999999,0.008726334000000002,297.5466,428.1471570000001
61.93600000000001,0.008726334000000002,296.553,428.1471570000001
61.946,0.008726334000000002,299.5338,426.1582962
61.95599999999999,0.00854854799999999,295.5594,428.1471570000001
61.96599999999998,0.00819297599999999,296.553,398.314245
61.974999999999994,0.007659617999999993,295.5594,398.314245
62.00699999999998,0.007659617999999993,294.56579999999997,398.314245
62.01699999999997,0.007659617999999993,296.553,398.314245
62.027000000000015,0.007659617999999993,298.54019999999997,398.314245
62.03599999999997,0.007304045999999995,294.56579999999997,400.30310580000014
62.045999999999964,0.007659617999999993,298.54019999999997,398.314245
62.05600000000001,0.007304045999999995,297.5466,368.48133299999995
62.06499999999997,0.006770687999999997,296.553,366.49247220000007
62.097999999999985,0.006592901999999998,294.56579999999997,366.49247220000007
62.107,0.006592901999999998,296.553,368.48133299999995
62.11699999999999,0.006237329999999999,296.553,368.48133299999995
62.126000000000005,0.006237329999999999,298.54019999999997,368.48133299999995
62.135999999999996,0.006237329999999999,295.5594,366.49247220000007
62.14599999999999,0.0064151159999999985,296.553,336.6595602000002
62.155,0.00517061399999999,295.5594,338.6484210000001
62.18699999999998,0.004992828000000005,294.56579999999997,334.6706993999999
62.196999999999974,0.00517061399999999,296.553,338.6484210000001
62.20599999999999,0.00517061399999999,297.5466,338.6484210000001
62.21599999999998,0.004992828000000005,297.5466,340.6372818
62.22599999999997,0.0055261859999999885,296.553,334.6706993999999
62.234999999999985,0.004992828000000005,297.5466,340.6372818
62.244999999999976,0.004815041999999992,296.553,338.6484210000001
62.25399999999999,0.004992828000000005,297.5466,336.6595602000002
62.263000000000005,0.004992828000000005,294.56579999999997,336.6595602000002
62.272999999999996,0.004815041999999992,295.5594,334.6706993999999
62.28299999999999,0.004815041999999992,295.5594,306.82664820000014
62.292,0.0039261119999999955,296.553,308.815509
62.32300000000001,0.0037483259999999963,292.5786,304.8377874
62.331999999999965,0.004103897999999995,296.553,306.82664820000014
62.34200000000001,0.004103897999999995,298.54019999999997,306.82664820000014
62.35099999999997,0.0037483259999999963,297.5466,308.815509
62.369999999999976,0.0039261119999999955,296.553,308.815509
62.37999999999997,0.0039261119999999955,297.5466,308.815509
62.390000000000015,0.003570539999999997,295.5594,308.815509
62.400000000000006,0.0039261119999999955,299.5338,308.815509
62.41,0.0037483259999999963,296.553,302.84892660000014
62.41999999999999,0.003570539999999997,296.553,276.99373620000006
62.42999999999998,0.003392753999999998,297.5466,276.99373620000006
62.458,0.0028593959999999863,292.5786,273.01601460000006
62.46700000000001,0.0028593959999999863,298.54019999999997,278.98259699999994
62.477000000000004,0.0030371819999999994,296.553,278.98259699999994
62.48599999999996,0.0030371819999999994,298.54019999999997,278.98259699999994
62.49600000000001,0.0028593959999999863,296.553,276.99373620000006
62.506,0.0028593959999999863,296.553,247.1608242000002
62.515000000000015,0.0023260380000000025,296.553,247.1608242000002
62.547,0.002503823999999988,294.56579999999997,243.18310259999998
62.55699999999999,0.002503823999999988,296.553,247.1608242000002
62.59299999999999,0.002681610000000001,294.56579999999997,241.1942418000001
62.602000000000004,0.002503823999999988,295.5594,247.1608242000002
62.611999999999995,0.002503823999999988,295.5594,245.17196339999987
62.62100000000001,0.002503823999999988,295.5594,247.1608242000002
62.63199999999998,0.002503823999999988,296.553,245.17196339999987
62.64099999999999,0.0023260380000000025,297.5466,217.32791220000013
62.66,0.001970466000000004,297.5466,217.32791220000013
62.66999999999999,0.001970466000000004,297.5466,217.32791220000013
62.682999999999964,0.0021482519999999894,295.5594,213.35019060000013
62.69199999999998,0.0021482519999999894,298.54019999999997,215.33905140000002
62.70199999999997,0.0021482519999999894,297.5466,217.32791220000013
62.720999999999975,0.001792679999999991,292.5786,213.35019060000013
62.730999999999966,0.001970466000000004,296.553,215.33905140000002
62.741000000000014,0.001970466000000004,295.5594,215.33905140000002
62.751000000000005,0.0021482519999999894,297.5466,217.32791220000013
62.760999999999996,0.001792679999999991,297.5466,217.32791220000013
62.77099999999999,0.001792679999999991,295.5594,215.33905140000002
62.78099999999998,0.0016148939999999917,297.5466,187.49500020000005
62.79099999999997,0.001792679999999991,295.5594,185.50613939999994
62.81800000000001,0.0014371079999999925,294.56579999999997,185.50613939999994
62.82699999999997,0.001792679999999991,297.5466,185.50613939999994
62.83699999999996,0.0014371079999999925,295.5594,187.49500020000005
62.845999999999975,0.0016148939999999917,298.54019999999997,187.49500020000005
62.855999999999966,0.0014371079999999925,295.5594,187.49500020000005
62.866000000000014,0.0014371079999999925,295.5594,157.6620882000002
62.87499999999997,0.001081535999999994,298.54019999999997,157.6620882000002
62.90799999999999,0.001081535999999994,294.56579999999997,153.68436659999998
62.917,0.001081535999999994,296.553,159.65094900000008
62.92699999999999,0.0014371079999999925,299.5338,159.65094900000008
62.93600000000001,0.001792679999999991,296.553,155.6732274000001
62.946999999999974,0.0014371079999999925,294.56579999999997,155.6732274000001
62.956999999999965,0.0012593219999999933,295.5594,127.82917620000012
62.96599999999998,0.001081535999999994,296.553,125.84031540000001
62.97599999999997,0.0012593219999999933,295.5594,125.84031540000001
62.984999999999985,0.0009037499999999948,296.553,127.82917620000012
62.99799999999996,0.0012593219999999933,294.56579999999997,123.85145460000012
63.00699999999998,0.0012593219999999933,296.553,125.84031540000001
63.01699999999997,0.0014371079999999925,299.5338,125.84031540000001
63.02599999999998,0.0014371079999999925,295.5594,125.84031540000001
63.03599999999997,0.0012593219999999933,295.5594,125.84031540000001
63.04499999999999,0.0014371079999999925,296.553,125.84031540000001
63.05499999999998,0.0014371079999999925,298.54019999999997,127.82917620000012
63.06399999999999,0.0016148939999999917,297.5466,125.84031540000001
63.073999999999984,0.0016148939999999917,297.5466,125.84031540000001
63.083,0.0012593219999999933,295.5594,125.84031540000001
63.09299999999999,0.0014371079999999925,298.54019999999997,96.00740339999993
63.102000000000004,0.0014371079999999925,297.5466,96.00740339999993
63.13300000000001,0.001081535999999994,296.553,94.01854260000005
63.14199999999997,0.001081535999999994,297.5466,96.00740339999993
63.16099999999997,0.0009037499999999948,296.553,97.99626420000004
63.170999999999964,0.001081535999999994,296.553,96.00740339999993
63.18100000000001,0.0007259639999999956,297.5466,68.16335219999996
63.191,0.0005481779999999825,296.553,66.17449140000008
63.20099999999999,0.00037039200000001105,296.553,70.15221300000007
63.222999999999985,0.0005481779999999825,294.56579999999997,66.17449140000008
63.232,0.0005481779999999825,296.553,66.17449140000008
63.251000000000005,0.00037039200000001105,294.56579999999997,68.16335219999996
63.26199999999997,0.0007259639999999956,293.5722,64.1856306000002
63.27199999999996,0.0005481779999999825,297.5466,36.3415794
63.28099999999998,0.00019260599999999795,295.5594,38.330440199999884
63.29099999999997,0.00019260599999999795,297.5466,36.3415794
63.301000000000016,0.00037039200000001105,297.5466,38.330440199999884
63.31300000000002,0.00019260599999999795,297.5466,38.330440199999884
63.357,0.00037039200000001105,298.54019999999997,38.330440199999884
63.40299999999999,0.00037039200000001105,292.5786,32.363857800000005
63.422,-0.00016296600000001438,296.553,6.508667400000149
63.43199999999999,1.4819999999998723e-05,295.5594,6.508667400000149
63.44800000000001,-0.00016296600000001438,294.56579999999997,4.519806600000038
63.456999999999965,-0.00016296600000001438,294.56579999999997,6.508667400000149
63.46700000000001,-0.00016296600000001438,295.5594,6.508667400000149
63.47599999999997,0.00019260599999999795,296.553,6.508667400000149
63.48599999999996,-0.00016296600000001438,297.5466,6.508667400000149
63.49600000000001,-0.00016296600000001438,295.5594,8.497528200000033
63.50499999999997,1.4819999999998723e-05,295.5594,6.508667400000149
63.53799999999998,-0.00016296600000001438,292.5786,4.519806600000038
63.547,-0.00016296600000001438,295.5594,6.508667400000149
63.55699999999999,-0.00016296600000001438,295.5594,6.508667400000149
63.566,1.4819999999998723e-05,297.5466,6.508667400000149
63.57599999999999,1.4819999999998723e-05,296.553,6.508667400000149
63.585999999999984,1.4819999999998723e-05,295.5594,36.3415794
63.595,0.00019260599999999795,297.5466,38.330440199999884
63.628000000000014,1.4819999999998723e-05,291.585,36.3415794
63.63699999999997,0.00019260599999999795,294.56579999999997,38.330440199999884
63.64699999999996,0.00019260599999999795,298.54019999999997,38.330440199999884
63.65599999999998,0.00019260599999999795,296.553,36.3415794
63.667,0.00037039200000001105,295.5594,32.363857800000005
63.676000000000016,1.4819999999998723e-05,295.5594,68.16335219999996
63.68600000000001,0.0007259639999999956,296.553,68.16335219999996
63.694999999999965,0.0005481779999999825,294.56579999999997,68.16335219999996
63.71799999999999,0.0007259639999999956,292.5786,64.1856306000002
63.727000000000004,0.0007259639999999956,296.553,66.17449140000008
63.736999999999995,0.0005481779999999825,296.553,66.17449140000008
63.74600000000001,0.0005481779999999825,295.5594,68.16335219999996
63.756,0.0005481779999999825,293.5722,64.1856306000002
63.765000000000015,0.0009037499999999948,299.5338,68.16335219999996
63.775000000000006,0.0007259639999999956,297.5466,66.17449140000008
63.78399999999996,0.0007259639999999956,298.54019999999997,68.16335219999996
63.79400000000001,0.001081535999999994,297.5466,66.17449140000008
63.80299999999997,0.00019260599999999795,293.5722,66.17449140000008
63.81300000000002,0.0009037499999999948,296.553,97.99626420000004
63.831999999999965,0.001081535999999994,295.5594,97.99626420000004
63.85299999999998,0.0014371079999999925,294.56579999999997,94.01854260000005
63.861999999999995,0.001081535999999994,294.56579999999997,97.99626420000004
63.871999999999986,0.0014371079999999925,298.54019999999997,96.00740339999993
63.88199999999998,0.0014371079999999925,298.54019999999997,97.99626420000004
63.893,0.001081535999999994,293.5722,96.00740339999993
63.90299999999999,0.001792679999999991,294.56579999999997,125.84031540000001
63.912000000000006,0.0023260380000000025,297.5466,125.84031540000001
63.94300000000001,0.0021482519999999894,294.56579999999997,123.85145460000012
63.95199999999997,0.0021482519999999894,297.5466,127.82917620000012
63.962999999999994,0.0023260380000000025,296.553,125.84031540000001
63.972999999999985,0.0021482519999999894,296.553,127.82917620000012
63.982999999999976,0.0021482519999999894,297.5466,125.84031540000001
63.99299999999997,0.002681610000000001,295.5594,159.65094900000008
64.00300000000001,0.0030371819999999994,295.5594,157.6620882000002
64.03299999999999,0.0032149679999999986,293.5722,153.68436659999998
64.042,0.0032149679999999986,295.5594,155.6732274000001
64.05199999999999,0.0032149679999999986,298.54019999999997,157.6620882000002
64.061,0.0032149679999999986,294.56579999999997,157.6620882000002
64.071,0.0030371819999999994,294.56579999999997,155.6732274000001
64.08000000000001,0.0032149679999999986,297.5466,159.65094900000008
64.09,0.0032149679999999986,296.553,157.6620882000002
64.09899999999996,0.0030371819999999994,293.5722,159.65094900000008
64.10900000000001,0.0030371819999999994,295.5594,157.6620882000002
64.11799999999997,0.0032149679999999986,296.553,153.68436659999998
64.12800000000001,0.004103897999999995,296.553,185.50613939999994
64.138,0.004459469999999993,296.553,185.50613939999994
64.16799999999998,0.004281683999999994,293.5722,185.50613939999994
64.17699999999999,0.004637255999999992,297.5466,187.49500020000005
64.18699999999998,0.004637255999999992,296.553,189.48386100000016
64.196,0.004459469999999993,294.56579999999997,187.49500020000005
64.20699999999997,0.004281683999999994,295.5594,185.50613939999994
64.21599999999998,0.005348400000000003,295.5594,217.32791220000013
64.22599999999997,0.006059544,295.5594,215.33905140000002
64.25800000000001,0.006237329999999999,293.5722,213.35019060000013
64.26699999999997,0.006237329999999999,296.553,215.33905140000002
64.27700000000002,0.006237329999999999,296.553,215.33905140000002
64.28599999999997,0.0064151159999999985,294.56579999999997,215.33905140000002
64.29599999999996,0.0064151159999999985,297.5466,215.33905140000002
64.30600000000001,0.007304045999999995,296.553,247.1608242000002
64.31499999999997,0.008015189999999991,297.5466,247.1608242000002
64.34799999999998,0.008015189999999991,290.59139999999996,243.18310259999998
64.357,0.00854854799999999,296.553,245.17196339999987
64.36699999999999,0.008726334000000002,297.5466,245.17196339999987
64.376,0.00819297599999999,295.5594,249.1496850000001
64.388,0.008726334000000002,297.5466,241.1942418000001
64.39699999999996,0.009970835999999997,297.5466,275.00487539999995
64.40700000000001,0.010681979999999994,296.553,276.99373620000006
64.41599999999997,0.010504193999999994,295.5594,276.99373620000006
64.42600000000002,0.010681979999999994,295.5594,278.98259699999994
64.43800000000002,0.010859765999999993,293.5722,271.0271538000002
64.44699999999997,0.010504193999999994,293.5722,278.98259699999994
64.45699999999997,0.010681979999999994,294.56579999999997,275.00487539999995
64.46599999999998,0.010859765999999993,296.553,276.99373620000006
64.47599999999997,0.010681979999999994,296.553,275.00487539999995
64.48599999999996,0.012459839999999986,297.5466,308.815509
64.49499999999998,0.013348769999999996,295.5594,306.82664820000014
64.52799999999999,0.013526555999999995,292.5786,304.8377874
64.537,0.013704341999999994,296.553,304.8377874
64.547,0.013526555999999995,296.553,306.82664820000014
64.55600000000001,0.013526555999999995,297.5466,308.815509
64.566,0.013704341999999994,295.5594,306.82664820000014
64.576,0.015482201999999987,297.5466,338.6484210000001
64.58500000000001,0.016548917999999996,297.5466,336.6595602000002
64.61799999999997,0.016548917999999996,294.56579999999997,336.6595602000002
64.62699999999998,0.016371131999999997,297.5466,338.6484210000001
64.63699999999997,0.016548917999999996,296.553,336.6595602000002
64.64599999999999,0.016726703999999995,296.553,336.6595602000002
64.65599999999998,0.016726703999999995,298.54019999999997,340.6372818
64.66599999999997,0.01868235,295.5594,368.48133299999995
64.67600000000002,0.019571279999999996,296.553,368.48133299999995
64.708,0.019926851999999995,295.5594,364.5036114000002
64.71700000000001,0.019926851999999995,295.5594,368.48133299999995
64.727,0.020104637999999994,295.5594,366.49247220000007
64.73599999999996,0.020104637999999994,296.553,366.49247220000007
64.74600000000001,0.019926851999999995,296.553,366.49247220000007
64.75499999999997,0.020104637999999994,294.56579999999997,366.49247220000007
64.76500000000001,0.020104637999999994,296.553,366.49247220000007
64.78399999999996,0.020637995999999992,298.54019999999997,368.48133299999995
64.79400000000001,0.020104637999999994,296.553,364.5036114000002
64.804,0.022415855999999998,295.5594,398.314245
64.814,0.023482571999999993,295.5594,398.314245
64.84299999999999,0.023660357999999992,295.5594,396.32538420000014
64.852,0.023660357999999992,297.5466,398.314245
64.862,0.023660357999999992,295.5594,400.30310580000014
64.87100000000001,0.02383814399999999,297.5466,398.314245
64.881,0.02401592999999999,296.553,396.32538420000014
64.89000000000001,0.02401592999999999,295.5594,398.314245
64.9,0.02383814399999999,295.5594,398.314245
64.90899999999996,0.02401592999999999,296.553,400.30310580000014
64.91900000000001,0.02419371599999999,296.553,398.314245
64.929,0.023660357999999992,294.56579999999997,396.32538420000014
64.93800000000002,0.025971575999999996,294.56579999999997,426.1582962
64.94800000000001,0.02721607799999999,295.5594,426.1582962
64.97799999999998,0.02757164999999999,294.56579999999997,424.1694354000001
64.987,0.02757164999999999,297.5466,428.1471570000001
64.99699999999999,0.027749436000000002,297.5466,426.1582962
65.006,0.02757164999999999,299.5338,428.1471570000001
65.01699999999997,0.02757164999999999,298.54019999999997,426.1582962
65.02599999999998,0.029882867999999993,296.553,457.98006899999996
65.03599999999997,0.03059401199999999,296.553,459.96892980000007
65.06800000000001,0.03112737,293.5722,455.9912082000001
65.07699999999997,0.03130515599999999,296.553,457.98006899999996
65.08699999999996,0.031482942,298.54019999999997,457.98006899999996
65.09599999999998,0.031482942,297.5466,459.96892980000007
65.107,0.031660728,298.54019999999997,454.0023474000002
65.11699999999999,0.03361637399999999,298.54019999999997,487.81298100000004
65.126,0.034505304,297.5466,487.81298100000004
65.13499999999996,0.03468309,297.5466,487.81298100000004
65.15799999999999,0.035038662,293.5722,485.82412020000015
65.167,0.035038662,297.5466,487.81298100000004
65.17699999999999,0.035216448,298.54019999999997,485.82412020000015
65.186,0.035216448,297.5466,487.81298100000004
65.196,0.035216448,294.56579999999997,485.82412020000015
65.20599999999999,0.035216448,297.5466,485.82412020000015
65.225,0.035394234,294.56579999999997,487.81298100000004
65.23499999999999,0.035572019999999996,296.553,487.81298100000004
65.24499999999998,0.035394234,293.5722,485.82412020000015
65.25499999999997,0.037527666,297.5466,515.6570322
65.26500000000001,0.03859438199999998,296.553,515.6570322
65.29299999999998,0.03859438199999998,293.5722,515.6570322
65.30199999999999,0.038772167999999996,296.553,515.6570322
65.31199999999998,0.038772167999999996,295.5594,515.6570322
65.321,0.038949953999999995,298.54019999999997,513.6681714000001
65.33199999999997,0.038949953999999995,296.553,513.6681714000001
65.34099999999998,0.040550028,297.5466,543.5010834000002
65.35099999999997,0.04161674399999998,295.5594,543.5010834000002
65.38300000000001,0.041794529999999996,295.5594,541.5122226000001
65.39199999999997,0.041972315999999996,295.5594,543.5010834000002
65.40200000000002,0.041972315999999996,296.553,545.4899442000001
65.41099999999997,0.041972315999999996,293.5722,543.5010834000002
65.422,0.042327887999999994,297.5466,543.5010834000002
65.43100000000001,0.04357239,295.5594,573.3339954
65.441,0.044105748,296.553,575.3228562000002
65.47299999999998,0.04446132,295.5594,573.3339954
65.482,0.044639105999999984,294.56579999999997,573.3339954
65.49199999999999,0.044816892,296.553,573.3339954
65.501,0.044816892,296.553,575.3228562000002
65.51199999999997,0.045172463999999996,296.553,569.3562738
65.52199999999996,0.045528035999999994,297.5466,605.1557682
65.53099999999998,0.046239180000000005,298.54019999999997,605.1557682
65.54099999999997,0.046239180000000005,296.553,607.1446289999999
65.54999999999998,0.04641696599999999,294.56579999999997,603.1669074000001
65.56300000000002,0.04641696599999999,293.5722,603.1669074000001
65.57199999999997,0.04659475199999999,297.5466,605.1557682
65.58199999999997,0.04677253799999999,297.5466,605.1557682
65.59099999999998,0.04695032399999999,299.5338,605.1557682
65.60099999999997,0.04677253799999999,297.5466,605.1557682
65.61099999999996,0.04712811,297.5466,605.1557682
65.61999999999998,0.047483682,297.5466,601.1780466
65.62899999999999,0.04712811,297.5466,607.1446289999999
65.63899999999998,0.047305895999999986,299.5338,605.1557682
65.64899999999997,0.04712811,294.56579999999997,603.1669074000001
65.65799999999999,0.04712811,297.5466,638.9664018000001
65.66799999999998,0.047839254,294.56579999999997,634.9886802000001
65.69800000000001,0.04801704,293.5722,634.9886802000001
65.70699999999997,0.048194825999999996,297.5466,634.9886802000001
65.71700000000001,0.048194825999999996,295.5594,636.9775410000002
65.72599999999997,0.048372611999999995,297.5466,634.9886802000001
65.737,0.048372611999999995,296.553,638.9664018000001
65.74600000000001,0.047483682,296.553,662.8327314000001
65.76500000000001,0.047839254,296.553,664.8215921999999
65.78799999999998,0.047661467999999985,293.5722,664.8215921999999
65.797,0.04801704,295.5594,664.8215921999999
65.80699999999999,0.04801704,296.553,664.8215921999999
65.816,0.048194825999999996,295.5594,664.8215921999999
65.83500000000001,0.048372611999999995,297.5466,664.8215921999999
65.84599999999998,0.048728183999999994,297.5466,664.8215921999999
65.85599999999997,0.048550397999999995,298.54019999999997,666.8104530000003
65.92299999999997,0.047305895999999986,295.5594,694.6545042
65.93299999999996,0.047661467999999985,296.553,696.6433650000001
65.94199999999998,0.047661467999999985,297.5466,696.6433650000001
65.95199999999997,0.047483682,294.56579999999997,698.6322258
65.96099999999998,0.04801704,294.56579999999997,690.6767826000003
65.97099999999998,0.04801704,294.56579999999997,694.6545042
65.97999999999999,0.048194825999999996,297.5466,692.6656434000001
65.98999999999998,0.048194825999999996,298.54019999999997,696.6433650000001
65.999,0.04801704,297.5466,696.6433650000001
66.00899999999999,0.048194825999999996,295.5594,694.6545042
66.018,0.045528035999999994,297.5466,728.4651377999999
66.02799999999999,0.045350249999999995,296.553,728.4651377999999
66.05799999999996,0.045528035999999994,294.56579999999997,726.4762770000002
66.06699999999998,0.04570582199999999,294.56579999999997,728.4651377999999
66.07699999999997,0.04570582199999999,295.5594,726.4762770000002
66.09700000000001,0.04606139399999999,297.5466,728.4651377999999
66.11600000000001,0.042327887999999994,296.553,756.3091890000005
66.126,0.042150101999999995,296.553,758.2980498000002
66.136,0.042150101999999995,296.553,758.2980498000002
66.148,0.04250567399999999,299.5338,754.3203282000004
66.15700000000001,0.042327887999999994,295.5594,760.2869106000003
66.167,0.042327887999999994,296.553,756.3091890000005
66.18699999999998,0.04268345999999999,296.553,754.3203282000004
66.196,0.03859438199999998,293.5722,790.1198226000006
66.20599999999999,0.038238809999999984,298.54019999999997,786.1421010000004
66.21599999999998,0.038238809999999984,296.553,788.1309618000005
66.23799999999997,0.038416596,294.56579999999997,788.1309618000005
66.24699999999999,0.038238809999999984,296.553,792.1086834000002
66.25699999999998,0.038772167999999996,298.54019999999997,788.1309618000005
66.27599999999998,0.038772167999999996,298.54019999999997,788.1309618000005
66.28599999999997,0.039127739999999994,297.5466,788.1309618000005
66.29599999999996,0.03930552599999999,298.54019999999997,788.1309618000005
66.30600000000001,0.03930552599999999,298.54019999999997,788.1309618000005
66.316,0.03948331199999999,297.5466,788.1309618000005
66.32699999999997,0.03930552599999999,294.56579999999997,790.1198226000006
66.33599999999998,0.035038662,298.54019999999997,817.9638738000003
66.34599999999998,0.03432751799999999,299.5338,817.9638738000003
66.37299999999996,0.03432751799999999,293.5722,815.9750130000002
66.38199999999998,0.034505304,299.5338,817.9638738000003
66.39199999999997,0.03468309,297.5466,819.9527346000004
66.40099999999998,0.034860876,297.5466,819.9527346000004
66.412,0.03468309,294.56579999999997,815.9750130000002
66.42099999999996,0.030060653999999992,295.5594,849.7856466000003
66.43100000000001,0.029171723999999996,295.5594,849.7856466000003
66.463,0.029349509999999995,294.56579999999997,847.7967858000006
66.47200000000001,0.029349509999999995,298.54019999999997,849.7856466000003
66.482,0.029349509999999995,294.56579999999997,849.7856466000003
66.49100000000001,0.029527295999999995,295.5594,849.7856466000003
66.50199999999998,0.029171723999999996,295.5594,849.7856466000003
66.511,0.02454928799999999,295.5594,881.6074194000003
66.52099999999999,0.02401592999999999,296.553,881.6074194000003
66.55299999999997,0.02383814399999999,294.56579999999997,877.6296978000005
66.56300000000002,0.02401592999999999,298.54019999999997,877.6296978000005
66.57199999999997,0.02401592999999999,296.553,879.6185586000001
66.58099999999999,0.023660357999999992,296.553,879.6185586000001
66.59200000000001,0.023482571999999993,293.5722,881.6074194000003
66.60099999999997,0.018860135999999986,296.553,913.4291922000002
66.61099999999996,0.018326778000000002,295.5594,911.4403314000006
66.643,0.01797120599999999,296.553,907.4626098000003
66.65200000000002,0.017793420000000004,295.5594,913.4291922000002
66.662,0.018326778000000002,298.54019999999997,913.4291922000002
66.67099999999996,0.01797120599999999,296.553,913.4291922000002
66.68100000000001,0.017793420000000004,294.56579999999997,909.4514706000004
66.691,0.017793420000000004,297.5466,911.4403314000006
66.69999999999996,0.017437848000000006,296.553,911.4403314000006
66.71000000000001,0.017793420000000004,298.54019999999997,909.4514706000004
66.71899999999997,0.017437848000000006,295.5594,911.4403314000006
66.72900000000001,0.017437848000000006,295.5594,913.4291922000002
66.73799999999997,0.013348769999999996,295.5594,941.2732434
66.74799999999996,0.012993197999999997,298.54019999999997,941.2732434
66.77799999999999,0.012459839999999986,293.5722,937.2955218000002
66.797,0.012637625999999999,297.5466,939.2843826000003
66.80699999999999,0.011926481999999988,295.5594,943.2621042000005
66.81699999999998,0.011926481999999988,294.56579999999997,941.2732434
66.82699999999997,0.00819297599999999,294.56579999999997,973.0950162000004
66.83699999999996,0.00819297599999999,296.553,971.1061554000003
66.84700000000001,0.00819297599999999,297.5466,971.1061554000003
66.86799999999997,0.007659617999999993,295.5594,971.1061554000003
66.88699999999997,0.007481831999999994,296.553,973.0950162000004
66.89699999999996,0.007481831999999994,296.553,975.083877
66.90700000000001,0.007126259999999995,295.5594,973.0950162000004
66.917,0.004637255999999992,296.553,1011.0812442000001
66.92699999999999,0.004992828000000005,295.5594,1011.0812442000001
66.93699999999998,0.004459469999999993,297.5466,1012.9974906000002
66.958,0.004103897999999995,293.5722,1011.0812442000001
66.96700000000001,0.0039261119999999955,294.56579999999997,1014.9137370000003
66.977,0.0039261119999999955,295.5594,1014.9137370000003
66.987,0.004103897999999995,297.5466,1012.9974906000002
66.99799999999996,0.0039261119999999955,297.5466,1007.2487514
67.00800000000001,0.0023260380000000025,297.5466,1041.7411865999998
67.01699999999997,0.002503823999999988,298.54019999999997,1041.7411865999998
67.04799999999997,0.001970466000000004,292.5786,1041.7411865999998
67.05699999999999,0.001970466000000004,296.553,1041.7411865999998
67.06699999999998,0.001792679999999991,295.5594,1045.5736794000004
67.07699999999997,0.001970466000000004,297.5466,1041.7411865999998
67.088,0.001970466000000004,295.5594,1041.7411865999998
67.09799999999998,0.001970466000000004,298.54019999999997,1041.7411865999998
67.10799999999998,0.001970466000000004,296.553,1043.6574329999999
67.11799999999997,0.001792679999999991,298.54019999999997,1043.6574329999999
67.12800000000001,0.0016148939999999917,297.5466,1045.5736794000004
67.14099999999999,0.0016148939999999917,297.5466,1043.6574329999999
67.15099999999998,0.0005481779999999825,297.5466,1072.4011290000003
67.16,0.00037039200000001105,294.56579999999997,1074.3173754
67.18299999999996,0.0005481779999999825,292.5786,1072.4011290000003
67.19300000000001,0.0007259639999999956,295.5594,1072.4011290000003
67.20199999999997,0.0005481779999999825,294.56579999999997,1072.4011290000003
67.21099999999998,0.00019260599999999795,297.5466,1078.1498681999997
67.22200000000001,0.0005481779999999825,296.553,1068.5686362000001
67.23099999999997,1.4819999999998723e-05,298.54019999999997,1104.9773178
67.24100000000001,-0.0003407520000000136,297.5466,1104.9773178
67.273,1.4819999999998723e-05,294.56579999999997,1099.2285785999998
67.28299999999999,1.4819999999998723e-05,297.5466,1103.0610714000004
67.292,1.4819999999998723e-05,297.5466,1101.1448249999999
67.30199999999999,1.4819999999998723e-05,296.553,1103.0610714000004
67.31199999999998,-0.0003407520000000136,294.56579999999997,1103.0610714000004
67.321,-0.00016296600000001438,305.49539999999996,1133.7210138
67.33099999999999,-0.0003407520000000136,309.46979999999996,1133.7210138
67.36299999999997,-0.0003407520000000136,309.46979999999996,1131.8047674
67.37299999999996,-0.0005185379999999989,310.4634,1135.6372601999997
67.38199999999998,1.4819999999998723e-05,310.4634,1131.8047674
67.39199999999997,1.4819999999998723e-05,312.4506,1135.6372601999997
67.40299999999999,-0.0003407520000000136,310.4634,1127.9722746000002
67.412,1.4819999999998723e-05,343.25219999999996,1160.5484634000004
67.422,-0.00016296600000001438,342.2586,1162.4647098
67.43100000000001,-0.00016296600000001438,343.25219999999996,1164.3809562000001
67.441,-0.00016296600000001438,345.2394,1162.4647098
67.453,-0.0003407520000000136,343.25219999999996,1158.6322169999999
67.46199999999996,1.4819999999998723e-05,345.2394,1160.5484634000004
67.501,-0.0003407520000000136,376.041,1195.0408986000002
67.511,-0.00016296600000001438,377.0346,1195.0408986000002
67.54299999999998,-0.00016296600000001438,378.02819999999997,1189.2921594
67.55299999999997,-0.0005185379999999989,380.0154,1195.0408986000002
67.56199999999998,-0.0003407520000000136,380.0154,1195.0408986000002
67.57199999999997,1.4819999999998723e-05,380.0154,1193.1246521999997
67.58199999999997,-0.0003407520000000136,381.009,1191.2084058
67.59099999999998,-0.00016296600000001438,410.817,1221.8683482000001
67.60099999999997,-0.0003407520000000136,411.81059999999997,1223.7845945999998
67.63300000000001,-0.0003407520000000136,410.817,1219.9521018
67.643,-0.00016296600000001438,413.7978,1221.8683482000001
67.65200000000002,-0.0003407520000000136,412.8042,1221.8683482000001
67.662,-0.0003407520000000136,413.7978,1223.7845945999998
67.672,-0.00016296600000001438,412.8042,1218.0358554000004
67.68100000000001,-0.0003407520000000136,444.5994,1256.3607834
67.691,-0.00016296600000001438,444.5994,1252.5282906000002
67.72299999999998,-0.00016296600000001438,444.5994,1250.6120442000001
67.73299999999998,-0.00016296600000001438,446.5866,1252.5282906000002
67.74199999999999,-0.0003407520000000136,447.5802,1256.3607834
67.75199999999998,-0.0003407520000000136,447.5802,1256.3607834
67.761,-0.0003407520000000136,446.5866,1250.6120442000001
67.77099999999999,-0.0005185379999999989,448.5738,1254.4445370000003
67.78,-0.0003407520000000136,449.56739999999996,1252.5282906000002
67.78999999999999,-0.0003407520000000136,448.5738,1252.5282906000002
67.809,-0.00016296600000001438,448.5738,1248.6957978
67.81899999999999,-0.00016296600000001438,479.3754,1283.1882329999999
67.82899999999998,-0.00016296600000001438,480.36899999999997,1283.1882329999999
67.85799999999998,-0.0005185379999999989,479.3754,1283.1882329999999
67.86799999999997,-0.00016296600000001438,481.3626,1283.1882329999999
67.87699999999998,-0.0003407520000000136,482.3562,1285.1044794000004
67.88699999999997,-0.00016296600000001438,482.3562,1283.1882329999999
67.89699999999996,-0.00016296600000001438,482.3562,1283.1882329999999
67.90599999999998,-0.00016296600000001438,512.1642,1311.9319290000003
67.91599999999997,-0.00016296600000001438,511.1706,1311.9319290000003
67.94800000000001,-0.0003407520000000136,511.1706,1311.9319290000003
67.958,-0.00016296600000001438,513.1578000000001,1311.9319290000003
67.96700000000001,-0.00016296600000001438,513.1578000000001,1313.8481754
67.977,-0.00016296600000001438,513.1578000000001,1313.8481754
67.987,-0.0005185379999999989,513.1578000000001,1315.7644218
67.99600000000001,-0.00016296600000001438,543.9594000000001,1344.5081178
68.006,-0.0003407520000000136,542.9658000000001,1344.5081178
68.03799999999998,-0.0003407520000000136,542.9658000000001,1340.6756249999999
68.04799999999997,0.00019260599999999795,543.9594000000001,1342.5918714000004
68.05699999999999,-0.0003407520000000136,543.9594000000001,1346.4243642000001
68.06699999999998,0.00019260599999999795,543.9594000000001,1340.6756249999999
68.076,-0.00016296600000001438,542.9658000000001,1342.5918714000004
68.08599999999998,1.4819999999998723e-05,544.9530000000001,1342.5918714000004
68.095,1.4819999999998723e-05,543.9594000000001,1342.5918714000004
68.10499999999999,-0.00016296600000001438,545.9466000000001,1344.5081178
68.114,1.4819999999998723e-05,544.9530000000001,1344.5081178
68.124,-0.00016296600000001438,543.9594000000001,1340.6756249999999
68.13399999999999,-0.0003407520000000136,574.7610000000001,1375.1680601999997
68.143,-0.0003407520000000136,574.7610000000001,1373.2518138
68.17299999999997,-0.0003407520000000136,573.7674000000001,1371.3355674
68.18299999999996,-0.00016296600000001438,574.7610000000001,1375.1680601999997
68.19199999999998,1.4819999999998723e-05,575.7546000000001,1375.1680601999997
68.20199999999997,-0.00016296600000001438,575.7546000000001,1375.1680601999997
68.21199999999996,-0.00016296600000001438,574.7610000000001,1373.2518138
68.22099999999998,-0.00016296600000001438,575.7546000000001,1377.0843066000002
68.23099999999997,-0.0003407520000000136,575.7546000000001,1375.1680601999997
68.263,-0.0003407520000000136,574.7610000000001,1373.2518138
68.273,-0.00016296600000001438,575.7546000000001,1375.1680601999997
68.28200000000001,1.4819999999998723e-05,575.7546000000001,1369.4193210000003
68.292,-0.00016296600000001438,576.7482,1375.1680601999997
68.30199999999999,-0.0003407520000000136,575.7546000000001,1373.2518138
68.311,-0.00016296600000001438,546.9402,1346.4243642000001
68.321,-0.00016296600000001438,547.9338,1346.4243642000001
68.35299999999998,-0.00016296600000001438,547.9338,1344.5081178
68.398,-0.00016296600000001438,548.9274,1346.4243642000001
68.44300000000001,-0.0003407520000000136,547.9338,1342.5918714000004
68.453,-0.00016296600000001438,548.9274,1342.5918714000004
68.46199999999996,-0.00016296600000001438,548.9274,1342.5918714000004
68.47200000000001,-0.0003407520000000136,549.921,1344.5081178
68.48099999999997,1.4819999999998723e-05,547.9338,1338.7593785999998
68.49100000000001,-0.0003407520000000136,549.921,1346.4243642000001
68.50999999999996,1.4819999999998723e-05,550.9146000000001,1344.5081178
68.52000000000001,-0.00016296600000001438,550.9146000000001,1346.4243642000001
68.53,-0.0003407520000000136,550.9146000000001,1340.6756249999999
68.53999999999999,-0.0003407520000000136,521.1066000000001,1315.7644218
68.54999999999998,-0.00016296600000001438,520.113,1313.8481754
68.578,-0.00016296600000001438,520.113,1311.9319290000003
68.588,-0.0003407520000000136,522.1002000000001,1313.8481754
68.59700000000001,1.4819999999998723e-05,522.1002000000001,1311.9319290000003
68.607,-0.0003407520000000136,521.1066000000001,1311.9319290000003
68.61699999999999,-0.0005185379999999989,520.113,1310.0156826000002
68.626,-0.00016296600000001438,491.29859999999996,1283.1882329999999
68.636,-0.00016296600000001438,493.2858,1281.2719865999998
68.66799999999998,1.4819999999998723e-05,491.29859999999996,1279.3557402000001
68.67799999999997,1.4819999999998723e-05,493.2858,1283.1882329999999
68.68699999999998,-0.00016296600000001438,494.2794,1283.1882329999999
68.69699999999997,-0.00016296600000001438,495.27299999999997,1283.1882329999999
68.70699999999997,-0.0003407520000000136,494.2794,1283.1882329999999
68.71599999999998,1.4819999999998723e-05,465.465,1250.6120442000001
68.72599999999997,-0.00016296600000001438,466.4586,1254.4445370000003
68.75800000000001,-0.0005185379999999989,465.465,1250.6120442000001
68.768,1.4819999999998723e-05,467.4522,1252.5282906000002
68.77700000000002,-0.0003407520000000136,466.4586,1256.3607834
68.787,-0.00016296600000001438,467.4522,1254.4445370000003
68.79599999999996,1.4819999999998723e-05,466.4586,1248.6957978
68.80600000000001,1.4819999999998723e-05,467.4522,1250.6120442000001
68.81499999999997,-0.00016296600000001438,467.4522,1252.5282906000002
68.82499999999996,-0.00016296600000001438,467.4522,1254.4445370000003
68.83399999999997,-0.00016296600000001438,468.4458,1254.4445370000003
68.84399999999997,-0.00016296600000001438,467.4522,1252.5282906000002
68.85400000000001,-0.00016296600000001438,438.63779999999997,1221.8683482000001
68.86299999999997,-0.00016296600000001438,438.63779999999997,1221.8683482000001
68.893,-0.00016296600000001438,437.6442,1218.0358554000004
68.90299999999999,-0.0005185379999999989,440.625,1223.7845945999998
68.912,-0.00016296600000001438,440.625,1221.8683482000001
68.922,-0.00016296600000001438,440.625,1225.7008409999999
68.93100000000001,-0.00016296600000001438,440.625,1221.8683482000001
68.94999999999996,-0.00016296600000001438,441.6186,1223.7845945999998
68.96000000000001,1.4819999999998723e-05,440.625,1221.8683482000001
68.97099999999998,-0.00016296600000001438,441.6186,1223.7845945999998
68.98099999999997,-0.0003407520000000136,442.6122,1223.7845945999998
68.99100000000001,-0.0003407520000000136,412.8042,1195.0408986000002
69.001,-0.0003407520000000136,412.8042,1195.0408986000002
69.02799999999999,-0.00016296600000001438,411.81059999999997,1191.2084058
69.03799999999998,-0.0003407520000000136,413.7978,1193.1246521999997
69.047,1.4819999999998723e-05,413.7978,1193.1246521999997
69.05699999999999,-0.00016296600000001438,414.7914,1193.1246521999997
69.06699999999998,1.4819999999998723e-05,413.7978,1193.1246521999997
69.07699999999997,-0.00016296600000001438,382.9962,1158.6322169999999
69.08599999999998,-0.0003407520000000136,383.9898,1166.2972026000002
69.11799999999997,-0.00016296600000001438,383.9898,1158.6322169999999
69.12800000000001,-0.00016296600000001438,384.9834,1162.4647098
69.13699999999997,-0.00016296600000001438,385.977,1160.5484634000004
69.14699999999996,-0.00016296600000001438,384.9834,1164.3809562000001
69.15700000000001,-0.0003407520000000136,384.9834,1162.4647098
69.167,-0.0003407520000000136,358.1562,1133.7210138
69.17600000000002,1.4819999999998723e-05,357.1626,1133.7210138
69.208,-0.0003407520000000136,357.1626,1131.8047674
69.21799999999999,-0.0003407520000000136,359.14979999999997,1133.7210138
69.227,-0.00016296600000001438,359.14979999999997,1131.8047674
69.237,1.4819999999998723e-05,359.14979999999997,1131.8047674
69.24600000000001,1.4819999999998723e-05,358.1562,1131.8047674
69.256,1.4819999999998723e-05,359.14979999999997,1131.8047674
69.26500000000001,-0.00016296600000001438,360.1434,1133.7210138
69.275,-0.0005185379999999989,360.1434,1133.7210138
69.28399999999996,1.4819999999998723e-05,361.137,1133.7210138
69.29400000000001,-0.0005185379999999989,359.14979999999997,1131.8047674
69.304,-0.00016296600000001438,331.329,1103.0610714000004
69.31300000000002,-0.00016296600000001438,329.3418,1101.1448249999999
69.34299999999999,-0.00016296600000001438,327.3546,1101.1448249999999
69.35299999999998,-0.00016296600000001438,330.3354,1103.0610714000004
69.362,-0.0003407520000000136,330.3354,1104.9773178
69.38199999999998,-0.00016296600000001438,330.3354,1101.1448249999999
69.40099999999998,-0.0003407520000000136,300.5274,1074.3173754
69.41099999999997,-0.0003407520000000136,302.5146,1072.4011290000003
69.42099999999996,-0.00016296600000001438,301.52099999999996,1072.4011290000003
69.43299999999996,-0.00016296600000001438,300.5274,1070.4848826000002
69.44300000000001,-0.00016296600000001438,303.5082,1072.4011290000003
69.45199999999997,-0.00016296600000001438,301.52099999999996,1070.4848826000002
69.47200000000001,-0.0003407520000000136,302.5146,1068.5686362000001
69.482,-0.00016296600000001438,298.54019999999997,1043.6574329999999
69.49100000000001,0.00019260599999999795,296.553,1041.7411865999998
69.501,1.4819999999998723e-05,299.5338,1043.6574329999999
69.523,-0.00016296600000001438,295.5594,1039.8249402000001
69.53299999999999,-0.0003407520000000136,295.5594,1041.7411865999998
69.542,-0.00016296600000001438,297.5466,1045.5736794000004
69.56199999999998,-0.00016296600000001438,293.5722,1037.9086938
69.57199999999997,0.0007259639999999956,298.54019999999997,1012.9974906000002
69.58099999999999,-0.0003407520000000136,294.56579999999997,1014.9137370000003
69.59099999999998,1.4819999999998723e-05,298.54019999999997,1011.0812442000001
69.61299999999997,1.4819999999998723e-05,296.553,1011.0812442000001
69.62299999999996,-0.00016296600000001438,298.54019999999997,1012.9974906000002
69.64199999999997,-0.00016296600000001438,296.553,1011.0812442000001
69.65200000000002,0.00019260599999999795,297.5466,1011.0812442000001
69.662,1.4819999999998723e-05,297.5466,1011.0812442000001
69.672,-0.0003407520000000136,294.56579999999997,1014.9137370000003
69.68199999999999,0.00019260599999999795,297.5466,1011.0812442000001
69.69199999999998,1.4819999999998723e-05,295.5594,1011.0812442000001
69.70199999999997,-0.00016296600000001438,297.5466,1012.9974906000002
69.71199999999996,0.0009037499999999948,297.5466,971.1061554000003
69.72200000000001,0.00019260599999999795,296.553,973.0950162000004
69.74799999999996,-0.00016296600000001438,294.56579999999997,971.1061554000003
69.75800000000001,0.00019260599999999795,297.5466,971.1061554000003
69.76699999999997,1.4819999999998723e-05,296.553,973.0950162000004
69.77700000000002,0.00037039200000001105,300.5274,971.1061554000003
69.787,1.4819999999998723e-05,295.5594,971.1061554000003
69.797,0.0009037499999999948,297.5466,941.2732434
69.80600000000001,0.00019260599999999795,296.553,943.2621042000005
69.838,0.00019260599999999795,293.5722,939.2843826000003
69.84799999999998,0.0005481779999999825,294.56579999999997,939.2843826000003
69.857,0.0005481779999999825,297.5466,941.2732434
69.86699999999999,0.00037039200000001105,295.5594,943.2621042000005
69.87699999999998,0.00019260599999999795,294.56579999999997,939.2843826000003
69.88699999999997,0.001081535999999994,297.5466,915.4180530000003
69.89599999999999,0.0009037499999999948,299.5338,909.4514706000004
69.92799999999997,0.00019260599999999795,291.585,907.4626098000003
69.93800000000002,0.0007259639999999956,294.56579999999997,911.4403314000006
69.94699999999997,0.00037039200000001105,296.553,913.4291922000002
69.95699999999997,0.00037039200000001105,296.553,911.4403314000006
69.96599999999998,0.00037039200000001105,293.5722,911.4403314000006
69.97599999999997,0.0007259639999999956,297.5466,911.4403314000006
69.98499999999999,0.0009037499999999948,297.5466,911.4403314000006
70.02199999999996,0.001792679999999991,296.553,879.6185586000001
70.03099999999998,0.001081535999999994,295.5594,877.6296978000005
70.06300000000002,0.001081535999999994,295.5594,875.6408370000004
70.08199999999997,0.001081535999999994,296.553,879.6185586000001
70.09200000000001,0.001081535999999994,294.56579999999997,881.6074194000003
70.10299999999998,0.0009037499999999948,295.5594,877.6296978000005
70.112,0.001081535999999994,297.5466,881.6074194000003
70.12199999999999,0.0012593219999999933,297.5466,879.6185586000001
70.13199999999998,0.0016148939999999917,297.5466,877.6296978000005
70.14199999999997,0.0012593219999999933,297.5466,879.6185586000001
70.15299999999999,0.0009037499999999948,296.553,877.6296978000005
70.16299999999998,0.0021482519999999894,293.5722,849.7856466000003
70.172,0.001792679999999991,295.5594,849.7856466000003
70.19800000000001,0.0014371079999999925,293.5722,847.7967858000006
70.208,0.001792679999999991,294.56579999999997,849.7856466000003
70.21700000000001,0.001792679999999991,295.5594,849.7856466000003
70.227,0.0016148939999999917,293.5722,849.7856466000003
70.237,0.0016148939999999917,295.5594,851.7745074000004
70.24699999999999,0.0028593959999999863,295.5594,817.9638738000003
70.256,0.002503823999999988,295.5594,817.9638738000003
70.28799999999998,0.0021482519999999894,293.5722,817.9638738000003
70.29799999999997,0.0021482519999999894,297.5466,819.9527346000004
70.30699999999999,0.0023260380000000025,296.553,817.9638738000003
70.31699999999998,0.002681610000000001,298.54019999999997,817.9638738000003
70.32699999999997,0.0023260380000000025,297.5466,817.9638738000003
70.33699999999996,0.003392753999999998,296.553,790.1198226000006
70.34599999999998,0.0030371819999999994,295.5594,790.1198226000006
70.37800000000001,0.0028593959999999863,292.5786,788.1309618000005
70.388,0.003392753999999998,298.54019999999997,788.1309618000005
70.39699999999996,0.0032149679999999986,297.5466,790.1198226000006
70.40700000000001,0.0032149679999999986,296.553,788.1309618000005
70.41599999999997,0.0032149679999999986,295.5594,788.1309618000005
70.42600000000002,0.0030371819999999994,295.5594,790.1198226000006
70.43499999999997,0.0032149679999999986,296.553,790.1198226000006
70.44499999999996,0.003392753999999998,294.56579999999997,788.1309618000005
70.45399999999998,0.003570539999999997,296.553,788.1309618000005
70.46399999999997,0.0030371819999999994,295.5594,788.1309618000005
70.47399999999996,0.004459469999999993,295.5594,758.2980498000002
70.49299999999997,0.004103897999999995,296.553,756.3091890000005
70.513,0.004281683999999994,297.5466,756.3091890000005
70.523,0.004281683999999994,297.5466,758.2980498000002
70.53299999999999,0.004103897999999995,295.5594,758.2980498000002
70.54299999999998,0.004281683999999994,298.54019999999997,758.2980498000002
70.55299999999997,0.004103897999999995,295.5594,756.3091890000005
70.56300000000002,0.005348400000000003,295.5594,728.4651377999999
70.57300000000001,0.004815041999999992,294.56579999999997,728.4651377999999
70.60299999999998,0.004992828000000005,292.5786,724.4874162000001
70.61299999999997,0.00517061399999999,296.553,726.4762770000002
70.62299999999996,0.00517061399999999,296.553,726.4762770000002
70.63300000000001,0.005348400000000003,297.5466,726.4762770000002
70.643,0.005348400000000003,296.553,722.4985554
70.65299999999999,0.006592901999999998,297.5466,696.6433650000001
70.66299999999998,0.006237329999999999,297.5466,694.6545042
70.67299999999997,0.005881757999999987,296.553,694.6545042
70.69300000000001,0.0064151159999999985,297.5466,692.6656434000001
70.703,0.006237329999999999,298.54019999999997,696.6433650000001
70.71199999999996,0.006059544,296.553,698.6322258
70.72200000000001,0.006237329999999999,296.553,696.6433650000001
70.732,0.0064151159999999985,296.553,694.6545042
70.74100000000001,0.006592901999999998,297.5466,694.6545042
70.751,0.0064151159999999985,296.553,694.6545042
70.75999999999996,0.006592901999999998,299.5338,696.6433650000001
70.76899999999998,0.006592901999999998,296.553,696.6433650000001
70.77899999999997,0.0064151159999999985,295.5594,694.6545042
70.78900000000002,0.007481831999999994,295.5594,662.8327314000001
70.79799999999997,0.007481831999999994,297.5466,662.8327314000001
70.828,0.007659617999999993,293.5722,660.8438706000002
70.838,0.007481831999999994,297.5466,664.8215921999999
70.84700000000001,0.007304045999999995,295.5594,664.8215921999999
70.857,0.007481831999999994,295.5594,664.8215921999999
70.86699999999999,0.007481831999999994,296.553,664.8215921999999
70.876,0.007659617999999993,297.5466,664.8215921999999
70.88499999999996,0.007659617999999993,297.5466,666.8104530000003
70.96399999999997,0.009081906,296.553,632.9998194000002
70.97299999999998,0.008370762000000004,295.5594,634.9886802000001
70.98299999999998,0.008726334000000002,298.54019999999997,638.9664018000001
70.99199999999999,0.00854854799999999,294.56579999999997,634.9886802000001
71.00300000000001,0.008726334000000002,294.56579999999997,632.9998194000002
71.013,0.009615263999999998,298.54019999999997,607.1446289999999
71.023,0.009259692,296.553,603.1669074000001
71.03200000000001,0.009081906,295.5594,607.1446289999999
71.04099999999997,0.009081906,294.56579999999997,605.1557682
71.05299999999997,0.009615263999999998,294.56579999999997,599.1891858000001
71.06300000000002,0.009437478,297.5466,605.1557682
71.07199999999997,0.009081906,296.553,605.1557682
71.08199999999997,0.009437478,293.5722,605.1557682
71.09200000000001,0.009615263999999998,296.553,603.1669074000001
71.102,0.010326407999999995,298.54019999999997,573.3339954
71.11099999999996,0.009793049999999984,298.54019999999997,575.3228562000002
71.143,0.009970835999999997,293.5722,573.3339954
71.15299999999999,0.009793049999999984,296.553,573.3339954
71.162,0.009793049999999984,297.5466,573.3339954
71.172,0.009793049999999984,297.5466,575.3228562000002
71.18199999999999,0.009970835999999997,295.5594,575.3228562000002
71.19199999999998,0.010681979999999994,295.5594,541.5122226000001
71.201,0.009793049999999984,297.5466,545.4899442000001
71.23299999999998,0.010148621999999996,294.56579999999997,541.5122226000001
71.24299999999997,0.010326407999999995,298.54019999999997,543.5010834000002
71.25199999999998,0.010681979999999994,296.553,541.5122226000001
71.26199999999997,0.010326407999999995,298.54019999999997,545.4899442000001
71.27199999999996,0.010148621999999996,295.5594,543.5010834000002
71.28200000000001,0.010504193999999994,293.5722,515.6570322
71.29099999999997,0.009970835999999997,296.553,515.6570322
71.32300000000001,0.010326407999999995,297.5466,511.6793106
71.333,0.010326407999999995,297.5466,515.6570322
71.34200000000001,0.010681979999999994,296.553,511.6793106
71.352,0.010326407999999995,296.553,511.6793106
71.36299999999997,0.010326407999999995,294.56579999999997,509.6904498000001
71.37299999999996,0.009970835999999997,296.553,489.80184180000015
71.38199999999998,0.009970835999999997,298.54019999999997,485.82412020000015
71.39199999999997,0.009970835999999997,298.54019999999997,487.81298100000004
71.40099999999998,0.009793049999999984,297.5466,485.82412020000015
71.41299999999998,0.009793049999999984,293.5722,483.83525940000004
71.42299999999997,0.009793049999999984,296.553,487.81298100000004
71.43199999999999,0.009793049999999984,296.553,485.82412020000015
71.44199999999998,0.009970835999999997,295.5594,485.82412020000015
71.45199999999997,0.010148621999999996,294.56579999999997,481.84639859999993
71.46199999999996,0.009615263999999998,295.5594,457.98006899999996
71.47099999999998,0.009081906,298.54019999999997,459.96892980000007
71.50300000000001,0.009259692,293.5722,455.9912082000001
71.513,0.009437478,298.54019999999997,455.9912082000001
71.52199999999996,0.009259692,299.5338,457.98006899999996
71.53200000000001,0.009437478,296.553,455.9912082000001
71.542,0.009081906,297.5466,457.98006899999996
71.55199999999999,0.008904119999999988,295.5594,428.1471570000001
71.561,0.008370762000000004,295.5594,428.1471570000001
71.59299999999999,0.00854854799999999,295.5594,424.1694354000001
71.60299999999998,0.00854854799999999,297.5466,428.1471570000001
71.612,0.008726334000000002,298.54019999999997,426.1582962
71.62199999999999,0.00854854799999999,297.5466,428.1471570000001
71.63199999999998,0.008370762000000004,294.56579999999997,428.1471570000001
71.64199999999997,0.008370762000000004,296.553,396.32538420000014
71.65099999999998,0.007659617999999993,295.5594,398.314245
71.68299999999996,0.007481831999999994,294.56579999999997,394.33652340000026
71.69300000000001,0.007481831999999994,295.5594,398.314245
71.70199999999997,0.007481831999999994,295.5594,398.314245
71.71199999999996,0.007304045999999995,295.5594,398.314245
71.72200000000001,0.007304045999999995,294.56579999999997,398.314245
71.73099999999997,0.007481831999999994,298.54019999999997,398.314245
71.74100000000001,0.007481831999999994,297.5466,396.32538420000014
71.74999999999997,0.007304045999999995,297.5466,396.32538420000014
71.75999999999996,0.007481831999999994,297.5466,398.314245
71.76899999999998,0.007481831999999994,294.56579999999997,396.32538420000014
71.77899999999997,0.007126259999999995,295.5594,368.48133299999995
71.78799999999998,0.006237329999999999,296.553,368.48133299999995
71.81800000000001,0.0064151159999999985,291.585,364.5036114000002
71.828,0.006592901999999998,297.5466,366.49247220000007
71.838,0.006237329999999999,295.5594,368.48133299999995
71.84700000000001,0.006237329999999999,297.5466,366.49247220000007
71.857,0.006237329999999999,295.5594,364.5036114000002
71.86699999999999,0.005881757999999987,295.5594,338.6484210000001
71.876,0.005348400000000003,296.553,336.6595602000002
71.90799999999999,0.00517061399999999,295.5594,334.6706993999999
71.91799999999998,0.005348400000000003,296.553,334.6706993999999
71.92699999999999,0.004992828000000005,297.5466,336.6595602000002
71.93699999999998,0.004992828000000005,297.5466,338.6484210000001
71.94699999999997,0.004815041999999992,297.5466,338.6484210000001
71.95699999999997,0.004815041999999992,296.553,308.815509
71.96599999999998,0.0039261119999999955,294.56579999999997,308.815509
71.99799999999996,0.0039261119999999955,294.56579999999997,306.82664820000014
72.00800000000001,0.0037483259999999963,296.553,306.82664820000014
72.018,0.0037483259999999963,295.5594,306.82664820000014
72.02700000000002,0.0039261119999999955,296.553,306.82664820000014
72.037,0.003570539999999997,293.5722,306.82664820000014
72.04599999999996,0.0037483259999999963,299.5338,306.82664820000014
72.06499999999997,0.0037483259999999963,297.5466,308.815509
72.07499999999996,0.0039261119999999955,298.54019999999997,306.82664820000014
72.08599999999998,0.003570539999999997,298.54019999999997,304.8377874
72.09599999999998,0.003570539999999997,296.553,278.98259699999994
72.10599999999997,0.0030371819999999994,294.56579999999997,276.99373620000006
72.13399999999999,0.0030371819999999994,295.5594,275.00487539999995
72.143,0.002681610000000001,296.553,276.99373620000006
72.15299999999999,0.0030371819999999994,297.5466,278.98259699999994
72.162,0.0028593959999999863,294.56579999999997,276.99373620000006
72.172,0.002503823999999988,294.56579999999997,276.99373620000006
72.18199999999999,0.0030371819999999994,296.553,243.18310259999998
72.191,0.002503823999999988,299.5338,249.1496850000001
72.22399999999996,0.0023260380000000025,293.5722,243.18310259999998
72.23299999999998,0.0023260380000000025,295.5594,245.17196339999987
72.24299999999997,0.002503823999999988,297.5466,245.17196339999987
72.25199999999998,0.002503823999999988,296.553,245.17196339999987
72.263,0.0023260380000000025,292.5786,243.18310259999998
72.27199999999996,0.0023260380000000025,296.553,215.33905140000002
72.28200000000001,0.001970466000000004,298.54019999999997,217.32791220000013
72.29099999999997,0.001792679999999991,295.5594,215.33905140000002
72.314,0.0021482519999999894,295.5594,213.35019060000013
72.32300000000001,0.001970466000000004,296.553,215.33905140000002
72.333,0.0021482519999999894,299.5338,215.33905140000002
72.34200000000001,0.001970466000000004,296.553,215.33905140000002
72.352,0.0021482519999999894,294.56579999999997,213.35019060000013
72.36099999999996,0.001792679999999991,297.5466,217.32791220000013
72.37100000000001,0.001970466000000004,296.553,215.33905140000002
72.37999999999997,0.001792679999999991,295.5594,215.33905140000002
72.39000000000001,0.001792679999999991,294.56579999999997,215.33905140000002
72.39899999999997,0.001792679999999991,295.5594,215.33905140000002
72.40899999999996,0.001970466000000004,295.5594,185.50613939999994
72.41799999999998,0.0014371079999999925,295.5594,187.49500020000005
72.44899999999998,0.0014371079999999925,293.5722,185.50613939999994
72.458,0.0016148939999999917,296.553,185.50613939999994
72.46799999999999,0.0016148939999999917,298.54019999999997,185.50613939999994
72.477,0.0016148939999999917,295.5594,185.50613939999994
72.487,0.001792679999999991,296.553,183.51727860000005
72.506,0.0012593219999999933,296.553,157.6620882000002
72.51599999999999,0.0014371079999999925,298.54019999999997,155.6732274000001
72.53900000000002,0.0014371079999999925,294.56579999999997,155.6732274000001
72.54799999999997,0.0016148939999999917,298.54019999999997,153.68436659999998
72.55799999999996,0.001792679999999991,298.54019999999997,155.6732274000001
72.56699999999998,0.001792679999999991,299.5338,155.6732274000001
72.57699999999997,0.0014371079999999925,297.5466,157.6620882000002
72.59599999999998,0.0009037499999999948,295.5594,125.84031540000001
72.60599999999997,0.0012593219999999933,297.5466,125.84031540000001
72.62899999999999,0.0012593219999999933,295.5594,123.85145460000012
72.638,0.0012593219999999933,296.553,125.84031540000001
72.648,0.0014371079999999925,296.553,125.84031540000001
72.667,0.0012593219999999933,295.5594,125.84031540000001
72.67600000000002,0.0012593219999999933,296.553,127.82917620000012
72.686,0.0016148939999999917,294.56579999999997,125.84031540000001
72.696,0.0014371079999999925,295.5594,125.84031540000001
72.70599999999999,0.0016148939999999917,298.54019999999997,125.84031540000001
72.71700000000001,0.0012593219999999933,296.553,125.84031540000001
72.727,0.001081535999999994,294.56579999999997,97.99626420000004
72.737,0.0009037499999999948,296.553,97.99626420000004
72.76399999999998,0.0009037499999999948,294.56579999999997,94.01854260000005
72.773,0.0009037499999999948,296.553,96.00740339999993
72.78299999999999,0.0007259639999999956,294.56579999999997,96.00740339999993
72.792,0.0009037499999999948,297.5466,97.99626420000004
72.80199999999999,0.0009037499999999948,295.5594,96.00740339999993
72.81199999999998,0.001081535999999994,296.553,66.17449140000008
72.821,0.0007259639999999956,296.553,64.1856306000002
72.85400000000001,0.0005481779999999825,296.553,66.17449140000008
72.86299999999997,0.0005481779999999825,298.54019999999997,68.16335219999996
72.87299999999996,0.0007259639999999956,295.5594,66.17449140000008
72.88199999999998,0.0005481779999999825,296.553,68.16335219999996
72.89199999999997,0.0007259639999999956,298.54019999999997,66.17449140000008
72.90200000000002,0.0009037499999999948,298.54019999999997,34.35271860000012
72.91099999999997,0.00037039200000001105,296.553,34.35271860000012
72.94399999999999,0.00037039200000001105,293.5722,34.35271860000012
72.953,0.0005481779999999825,298.54019999999997,36.3415794
72.963,0.00037039200000001105,297.5466,38.330440199999884
72.97200000000001,0.0005481779999999825,297.5466,36.3415794
72.982,-0.00016296600000001438,294.56579999999997,36.3415794
72.99100000000001,0.00019260599999999795,297.5466,38.330440199999884
73.001,0.00019260599999999795,295.5594,36.3415794
73.00999999999996,0.00037039200000001105,294.56579999999997,36.3415794
73.02000000000001,0.00037039200000001105,298.54019999999997,38.330440199999884
73.02899999999997,0.00037039200000001105,295.5594,36.3415794
73.03900000000002,0.00037039200000001105,297.5466,6.508667400000149
73.04799999999997,0.00019260599999999795,297.5466,6.508667400000149
73.07899999999998,1.4819999999998723e-05,292.5786,4.519806600000038
73.088,-0.00016296600000001438,294.56579999999997,8.497528200000033
73.107,0.00019260599999999795,298.54019999999997,8.497528200000033
73.11699999999999,0.00019260599999999795,297.5466,6.508667400000149
73.12699999999998,-0.00016296600000001438,294.56579999999997,10.486389000000145
73.13699999999997,1.4819999999998723e-05,296.553,6.508667400000149
73.14699999999996,1.4819999999998723e-05,296.553,8.497528200000033
73.16900000000001,1.4819999999998723e-05,294.56579999999997,4.519806600000038
73.17799999999997,0.00019260599999999795,297.5466,6.508667400000149
73.19699999999997,0.00019260599999999795,295.5594,6.508667400000149
73.208,1.4819999999998723e-05,294.56579999999997,4.519806600000038
73.21700000000001,1.4819999999998723e-05,295.5594,38.330440199999884
73.227,0.00019260599999999795,296.553,38.330440199999884
73.237,0.00019260599999999795,294.56579999999997,38.330440199999884
73.25899999999999,0.00019260599999999795,291.585,34.35271860000012
73.268,0.00037039200000001105,296.553,36.3415794
73.287,0.00019260599999999795,297.5466,40.319300999999996
73.29799999999997,0.00037039200000001105,296.553,36.3415794
73.30699999999999,0.00037039200000001105,295.5594,36.3415794
73.31699999999998,1.4819999999998723e-05,296.553,38.330440199999884
73.32699999999997,0.00037039200000001105,299.5338,38.330440199999884
73.33699999999996,0.00019260599999999795,295.5594,38.330440199999884
73.34799999999998,0.00019260599999999795,294.56579999999997,36.3415794
73.35799999999998,0.0005481779999999825,297.5466,68.16335219999996
73.36799999999997,0.0009037499999999948,299.5338,68.16335219999996
73.39399999999998,0.0009037499999999948,296.553,66.17449140000008
73.439,0.0007259639999999956,297.5466,66.17449140000008
73.48400000000001,0.0009037499999999948,292.5786,64.1856306000002
73.49299999999997,0.0005481779999999825,296.553,68.16335219999996
73.50300000000001,0.0005481779999999825,295.5594,66.17449140000008
73.51199999999997,0.0005481779999999825,293.5722,66.17449140000008
73.52199999999996,0.0005481779999999825,297.5466,66.17449140000008
73.53200000000001,0.0007259639999999956,295.5594,99.98512500000015
73.54099999999997,0.0016148939999999917,297.5466,96.00740339999993
73.57399999999998,0.0014371079999999925,295.5594,94.01854260000005
73.583,0.0012593219999999933,296.553,97.99626420000004
73.59299999999999,0.0014371079999999925,297.5466,97.99626420000004
73.602,0.0012593219999999933,295.5594,97.99626420000004
73.61299999999997,0.0014371079999999925,294.56579999999997,94.01854260000005
73.62299999999996,0.001792679999999991,294.56579999999997,127.82917620000012
73.63199999999998,0.0021482519999999894,296.553,127.82917620000012
73.64199999999997,0.0023260380000000025,296.553,123.85145460000012
73.65099999999998,0.001970466000000004,296.553,125.84031540000001
73.66400000000002,0.001970466000000004,294.56579999999997,125.84031540000001
73.67299999999997,0.0021482519999999894,296.553,125.84031540000001
73.68299999999996,0.0023260380000000025,296.553,125.84031540000001
73.69199999999998,0.001970466000000004,298.54019999999997,127.82917620000012
73.70199999999997,0.002503823999999988,296.553,123.85145460000012
73.71099999999998,0.001970466000000004,297.5466,127.82917620000012
73.72099999999998,0.0021482519999999894,298.54019999999997,127.82917620000012
73.72999999999999,0.0021482519999999894,295.5594,125.84031540000001
73.73999999999998,0.0023260380000000025,296.553,125.84031540000001
73.74999999999997,0.001970466000000004,293.5722,125.84031540000001
73.75899999999999,0.0028593959999999863,296.553,157.6620882000002
73.77799999999999,0.0030371819999999994,294.56579999999997,157.6620882000002
73.799,0.0030371819999999994,292.5786,153.68436659999998
73.80799999999996,0.0030371819999999994,296.553,159.65094900000008
73.81800000000001,0.003392753999999998,297.5466,155.6732274000001
73.828,0.0032149679999999986,296.553,157.6620882000002
73.83899999999997,0.0030371819999999994,295.5594,153.68436659999998
73.84799999999998,0.004103897999999995,297.5466,187.49500020000005
73.85799999999998,0.004281683999999994,294.56579999999997,187.49500020000005
73.88899999999998,0.004459469999999993,295.5594,185.50613939999994
73.898,0.004459469999999993,295.5594,187.49500020000005
73.90799999999999,0.004459469999999993,295.5594,189.48386100000016
73.91799999999998,0.004459469999999993,296.553,187.49500020000005
73.929,0.004281683999999994,293.5722,183.51727860000005
73.939,0.005348400000000003,296.553,219.316773
73.94800000000001,0.0064151159999999985,298.54019999999997,217.32791220000013
73.958,0.0064151159999999985,296.553,215.33905140000002
73.96899999999997,0.0064151159999999985,297.5466,215.33905140000002
73.97900000000001,0.006237329999999999,294.56579999999997,215.33905140000002
73.989,0.0064151159999999985,297.5466,217.32791220000013
73.999,0.0064151159999999985,297.5466,215.33905140000002
74.00899999999999,0.0064151159999999985,297.5466,217.32791220000013
74.01899999999998,0.006237329999999999,295.5594,217.32791220000013
74.02899999999997,0.007837403999999992,297.5466,245.17196339999987
74.03900000000002,0.008015189999999991,294.56579999999997,247.1608242000002
74.06899999999999,0.008370762000000004,294.56579999999997,243.18310259999998
74.078,0.008370762000000004,297.5466,247.1608242000002
74.088,0.008370762000000004,296.553,249.1496850000001
74.09700000000001,0.008726334000000002,297.5466,247.1608242000002
74.107,0.00854854799999999,295.5594,247.1608242000002
74.11699999999999,0.009970835999999997,295.5594,278.98259699999994
74.126,0.010859765999999993,296.553,278.98259699999994
74.15899999999996,0.011037551999999992,293.5722,273.01601460000006
74.16799999999998,0.010859765999999993,294.56579999999997,276.99373620000006
74.17799999999997,0.011215337999999991,297.5466,276.99373620000006
74.18699999999998,0.010859765999999993,294.56579999999997,276.99373620000006
74.19699999999997,0.011037551999999992,298.54019999999997,278.98259699999994
74.20699999999997,0.012815411999999984,297.5466,306.82664820000014
74.21599999999998,0.013526555999999995,295.5594,306.82664820000014
74.249,0.013704341999999994,294.56579999999997,304.8377874
74.25800000000001,0.013882127999999994,297.5466,306.82664820000014
74.268,0.013704341999999994,296.553,308.815509
74.27700000000002,0.014059913999999993,296.553,306.82664820000014
74.287,0.013882127999999994,295.5594,306.82664820000014
74.297,0.015482201999999987,294.56579999999997,338.6484210000001
74.30699999999999,0.016726703999999995,296.553,334.6706993999999
74.33899999999997,0.017082275999999993,292.5786,334.6706993999999
74.34799999999998,0.016904489999999994,297.5466,338.6484210000001
74.35799999999998,0.017082275999999993,298.54019999999997,338.6484210000001
74.36699999999999,0.016726703999999995,296.553,338.6484210000001
74.37699999999998,0.016904489999999994,292.5786,334.6706993999999
74.386,0.017082275999999993,297.5466,338.6484210000001
74.39599999999999,0.017082275999999993,296.553,338.6484210000001
74.405,0.017082275999999993,295.5594,340.6372818
74.41499999999999,0.017260061999999993,297.5466,336.6595602000002
74.42499999999998,0.016904489999999994,293.5722,336.6595602000002
74.434,0.019215707999999984,296.553,370.4701938000003
74.44399999999999,0.019926851999999995,296.553,368.48133299999995
74.47399999999996,0.020282423999999993,295.5594,364.5036114000002
74.48299999999998,0.020460210000000006,297.5466,368.48133299999995
74.49299999999997,0.020282423999999993,296.553,368.48133299999995
74.50199999999998,0.020637995999999992,294.56579999999997,368.48133299999995
74.51199999999997,0.020637995999999992,297.5466,366.49247220000007
74.52199999999996,0.022593641999999997,296.553,398.314245
74.53200000000001,0.023660357999999992,294.56579999999997,396.32538420000014
74.564,0.02383814399999999,292.5786,396.32538420000014
74.57300000000001,0.02401592999999999,298.54019999999997,400.30310580000014
74.583,0.02401592999999999,296.553,398.314245
74.59200000000001,0.02419371599999999,297.5466,398.314245
74.602,0.02401592999999999,296.553,398.314245
74.612,0.026327147999999995,296.553,428.1471570000001
74.62199999999999,0.02739386399999999,298.54019999999997,428.1471570000001
74.65399999999997,0.02757164999999999,293.5722,426.1582962
74.66299999999998,0.027927221999999988,299.5338,428.1471570000001
74.67299999999997,0.027927221999999988,296.553,426.1582962
74.68199999999999,0.027927221999999988,297.5466,426.1582962
74.69199999999998,0.02757164999999999,294.56579999999997,428.1471570000001
74.701,0.028282793999999986,298.54019999999997,426.1582962
74.71099999999998,0.028105008,296.553,430.1360178000002
74.72999999999999,0.028105008,295.5594,428.1471570000001
74.73999999999998,0.028105008,298.54019999999997,426.1582962
74.74999999999997,0.03041622599999999,298.54019999999997,457.98006899999996
74.75999999999996,0.031838514,297.5466,455.9912082000001
74.78900000000002,0.0320163,296.553,454.0023474000002
74.79799999999997,0.031838514,298.54019999999997,459.96892980000007
74.80799999999996,0.031838514,297.5466,455.9912082000001
74.81699999999998,0.032194086,298.54019999999997,457.98006899999996
74.82699999999997,0.031838514,293.5722,454.0023474000002
74.83699999999996,0.03397194599999999,294.56579999999997,485.82412020000015
74.84700000000001,0.035394234,296.553,485.82412020000015
74.87899999999999,0.035572019999999996,293.5722,483.83525940000004
74.888,0.035572019999999996,297.5466,485.82412020000015
74.898,0.035572019999999996,296.553,487.81298100000004
74.90700000000001,0.035749805999999995,298.54019999999997,487.81298100000004
74.91799999999998,0.035749805999999995,296.553,485.82412020000015
74.92699999999999,0.037527666,294.56579999999997,515.6570322
74.93699999999998,0.038772167999999996,298.54019999999997,513.6681714000001
74.96899999999997,0.038949953999999995,293.5722,513.6681714000001
74.97799999999998,0.03930552599999999,297.5466,513.6681714000001
74.98799999999997,0.03930552599999999,297.5466,513.6681714000001
74.99699999999999,0.03948331199999999,297.5466,513.6681714000001
75.00800000000001,0.03966109799999999,295.5594,509.6904498000001
75.018,0.041083386,296.553,543.5010834000002
75.02799999999999,0.041794529999999996,297.5466,543.5010834000002
75.037,0.041972315999999996,296.553,543.5010834000002
75.04599999999996,0.042150101999999995,297.5466,543.5010834000002
75.059,0.042150101999999995,293.5722,539.5233618
75.06800000000001,0.042150101999999995,297.5466,543.5010834000002
75.078,0.042327887999999994,297.5466,545.4899442000001
75.08699999999996,0.04268345999999999,296.553,543.5010834000002
75.09700000000001,0.04250567399999999,293.5722,541.5122226000001
75.10599999999997,0.042861246000000006,298.54019999999997,541.5122226000001
75.11600000000001,0.04268345999999999,298.54019999999997,545.4899442000001
75.12499999999997,0.04268345999999999,295.5594,543.5010834000002
75.13499999999996,0.04303903199999999,296.553,541.5122226000001
75.14500000000001,0.042861246000000006,295.5594,543.5010834000002
75.15399999999997,0.044283533999999986,298.54019999999997,573.3339954
75.16400000000002,0.044994677999999996,298.54019999999997,573.3339954
75.19399999999999,0.045172463999999996,292.5786,569.3562738
75.203,0.045172463999999996,296.553,577.311717
75.213,0.045528035999999994,299.5338,573.3339954
75.22200000000001,0.045528035999999994,295.5594,577.311717
75.23299999999998,0.045528035999999994,296.553,573.3339954
75.24199999999999,0.04641696599999999,298.54019999999997,605.1557682
75.25199999999998,0.04712811,296.553,603.1669074000001
75.28399999999996,0.04712811,291.585,605.1557682
75.29299999999998,0.047483682,298.54019999999997,605.1557682
75.30299999999997,0.047661467999999985,297.5466,605.1557682
75.31199999999998,0.047483682,295.5594,607.1446289999999
75.32300000000001,0.047483682,298.54019999999997,603.1669074000001
75.33199999999997,0.047483682,296.553,636.9775410000002
75.34200000000001,0.047839254,296.553,638.9664018000001
75.374,0.04801704,293.5722,634.9886802000001
75.38300000000001,0.048550397999999995,297.5466,634.9886802000001
75.393,0.048728183999999994,296.553,634.9886802000001
75.40200000000002,0.04890597000000001,297.5466,634.9886802000001
75.412,0.048728183999999994,295.5594,636.9775410000002
75.43100000000001,0.04890597000000001,296.553,636.9775410000002
75.441,0.04926154199999999,295.5594,634.9886802000001
75.451,0.04926154199999999,295.5594,636.9775410000002
75.46099999999998,0.04890597000000001,294.56579999999997,636.9775410000002
75.47099999999998,0.048550397999999995,298.54019999999997,664.8215921999999
75.48099999999997,0.04890597000000001,295.5594,662.8327314000001
75.50899999999999,0.04890597000000001,294.56579999999997,662.8327314000001
75.518,0.04890597000000001,296.553,664.8215921999999
75.52799999999999,0.04926154199999999,296.553,664.8215921999999
75.537,0.04926154199999999,297.5466,664.8215921999999
75.54799999999997,0.04926154199999999,296.553,662.8327314000001
75.55699999999999,0.047661467999999985,297.5466,694.6545042
75.56699999999998,0.047483682,298.54019999999997,696.6433650000001
75.59899999999996,0.047661467999999985,293.5722,692.6656434000001
75.60799999999998,0.047839254,296.553,696.6433650000001
75.61799999999997,0.04801704,297.5466,694.6545042
75.62699999999998,0.048372611999999995,298.54019999999997,696.6433650000001
75.638,0.04801704,295.5594,696.6433650000001
75.64699999999996,0.045350249999999995,296.553,726.4762770000002
75.65700000000001,0.044994677999999996,297.5466,728.4651377999999
75.689,0.045350249999999995,292.5786,724.4874162000001
75.69800000000001,0.045528035999999994,296.553,726.4762770000002
75.708,0.04570582199999999,297.5466,726.4762770000002
75.71700000000001,0.04570582199999999,298.54019999999997,728.4651377999999
75.727,0.045528035999999994,292.5786,724.4874162000001
75.737,0.045883608000000006,297.5466,728.4651377999999
75.74600000000001,0.045883608000000006,295.5594,728.4651377999999
75.75499999999997,0.046239180000000005,299.5338,728.4651377999999
75.76500000000001,0.04641696599999999,298.54019999999997,728.4651377999999
75.775,0.046239180000000005,294.56579999999997,726.4762770000002
75.78399999999996,0.04303903199999999,296.553,760.2869106000003
75.79400000000001,0.04250567399999999,295.5594,758.2980498000002
75.82399999999998,0.04268345999999999,292.5786,754.3203282000004
75.833,0.04268345999999999,295.5594,760.2869106000003
75.84299999999999,0.04303903199999999,296.553,756.3091890000005
75.852,0.04303903199999999,294.56579999999997,758.2980498000002
75.87199999999999,0.04339460399999999,298.54019999999997,758.2980498000002
75.88199999999998,0.04339460399999999,296.553,758.2980498000002
75.89199999999997,0.04357239,298.54019999999997,756.3091890000005
75.90200000000002,0.043750176,297.5466,756.3091890000005
75.912,0.04392796199999999,295.5594,758.2980498000002
75.922,0.044105748,297.5466,756.3091890000005
75.93199999999999,0.04392796199999999,297.5466,758.2980498000002
76.00399999999999,0.04037224199999999,294.56579999999997,788.1309618000005
76.01399999999998,0.039838884000000005,294.56579999999997,790.1198226000006
76.023,0.04001666999999999,297.5466,788.1309618000005
76.03299999999999,0.04001666999999999,296.553,790.1198226000006
76.04299999999998,0.04001666999999999,297.5466,788.1309618000005
76.06199999999998,0.035038662,296.553,817.9638738000003
76.07199999999997,0.034860876,297.5466,817.9638738000003
76.09399999999997,0.034860876,296.553,819.9527346000004
76.10299999999998,0.035216448,298.54019999999997,817.9638738000003
76.11299999999997,0.035394234,295.5594,815.9750130000002
76.13300000000001,0.035216448,296.553,815.9750130000002
76.15200000000002,0.029705081999999994,296.553,849.7856466000003
76.162,0.029705081999999994,296.553,847.7967858000006
76.172,0.029882867999999993,294.56579999999997,845.8079250000001
76.184,0.029705081999999994,295.5594,849.7856466000003
76.19300000000001,0.029882867999999993,294.56579999999997,847.7967858000006
76.203,0.029705081999999994,294.56579999999997,849.7856466000003
76.22200000000001,0.030060653999999992,294.56579999999997,847.7967858000006
76.232,0.029882867999999993,296.553,849.7856466000003
76.24199999999999,0.03023843999999999,294.56579999999997,847.7967858000006
76.25199999999998,0.029882867999999993,295.5594,849.7856466000003
76.26199999999997,0.030060653999999992,295.5594,849.7856466000003
76.27199999999996,0.03023843999999999,297.5466,849.7856466000003
76.28200000000001,0.025082646,297.5466,881.6074194000003
76.292,0.02454928799999999,295.5594,879.6185586000001
76.31899999999999,0.024371502000000003,295.5594,877.6296978000005
76.328,0.02419371599999999,299.5338,881.6074194000003
76.338,0.024371502000000003,295.5594,877.6296978000005
76.34700000000001,0.024371502000000003,298.54019999999997,879.6185586000001
76.35799999999998,0.02401592999999999,298.54019999999997,877.6296978000005
76.36699999999999,0.019571279999999996,294.56579999999997,911.4403314000006
76.37699999999998,0.018860135999999986,297.5466,911.4403314000006
76.40899999999996,0.01814899199999999,292.5786,913.4291922000002
76.41900000000001,0.018326778000000002,299.5338,911.4403314000006
76.42799999999997,0.017793420000000004,295.5594,913.4291922000002
76.43699999999998,0.01814899199999999,297.5466,911.4403314000006
76.44800000000001,0.018326778000000002,297.5466,907.4626098000003
76.45699999999997,0.013526555999999995,298.54019999999997,945.2509650000006
76.46700000000001,0.013170983999999997,296.553,941.2732434
76.499,0.012637625999999999,293.5722,941.2732434
76.50800000000001,0.012637625999999999,297.5466,943.2621042000005
76.518,0.012637625999999999,297.5466,941.2732434
76.52700000000002,0.012459839999999986,294.56579999999997,941.2732434
76.53799999999998,0.012282054,296.553,939.2843826000003
76.547,0.009081906,298.54019999999997,973.0950162000004
76.55699999999999,0.00819297599999999,296.553,971.1061554000003
76.58899999999997,0.007659617999999993,292.5786,973.0950162000004
76.59899999999996,0.007837403999999992,298.54019999999997,973.0950162000004
76.60799999999998,0.007837403999999992,296.553,971.1061554000003
76.61699999999999,0.007837403999999992,297.5466,973.0950162000004
76.62800000000001,0.007481831999999994,296.553,971.1061554000003
76.63699999999997,0.004815041999999992,296.553,1011.0812442000001
76.64699999999996,0.004459469999999993,296.553,1014.9137370000003
76.679,0.004281683999999994,295.5594,1012.9974906000002
76.689,0.004103897999999995,296.553,1014.9137370000003
76.69800000000001,0.004103897999999995,297.5466,1012.9974906000002
76.70699999999997,0.004103897999999995,296.553,1012.9974906000002
76.71799999999999,0.0039261119999999955,295.5594,1012.9974906000002
76.727,0.0021482519999999894,294.56579999999997,1039.8249402000001
76.737,0.0023260380000000025,296.553,1043.6574329999999
76.76899999999998,0.001970466000000004,293.5722,1041.7411865999998
76.77899999999997,0.001970466000000004,295.5594,1041.7411865999998
76.78799999999998,0.001970466000000004,297.5466,1045.5736794000004
76.797,0.001970466000000004,298.54019999999997,1043.6574329999999
76.80799999999996,0.0014371079999999925,297.5466,1045.5736794000004
76.81699999999998,0.0005481779999999825,296.553,1074.3173754
76.82699999999997,0.0009037499999999948,297.5466,1072.4011290000003
76.85900000000001,0.00037039200000001105,294.56579999999997,1072.4011290000003
76.869,0.0009037499999999948,298.54019999999997,1072.4011290000003
76.87800000000001,0.0005481779999999825,296.553,1074.3173754
76.88699999999997,0.0007259639999999956,296.553,1074.3173754
76.89699999999996,0.0005481779999999825,293.5722,1070.4848826000002
76.90700000000001,0.00037039200000001105,294.56579999999997,1074.3173754
76.91599999999997,0.00037039200000001105,294.56579999999997,1076.2336218
76.92600000000002,0.00037039200000001105,296.553,1074.3173754
76.93499999999997,0.00019260599999999795,293.5722,1074.3173754
76.94499999999996,0.00037039200000001105,294.56579999999997,1070.4848826000002
76.95399999999998,1.4819999999998723e-05,297.5466,1101.1448249999999
76.97299999999998,-0.00016296600000001438,294.56579999999997,1103.0610714000004
76.994,1.4819999999998723e-05,294.56579999999997,1103.0610714000004
77.00300000000001,1.4819999999998723e-05,297.5466,1103.0610714000004
77.013,-0.0003407520000000136,295.5594,1103.0610714000004
77.023,1.4819999999998723e-05,295.5594,1103.0610714000004
77.03399999999996,-0.00016296600000001438,295.5594,1101.1448249999999
77.04400000000001,1.4819999999998723e-05,306.489,1133.7210138
77.05299999999997,0.00019260599999999795,309.46979999999996,1129.8885210000003
77.08399999999997,-0.00016296600000001438,310.4634,1129.8885210000003
77.09399999999997,-0.00016296600000001438,311.457,1133.7210138
77.10299999999998,-0.00016296600000001438,312.4506,1131.8047674
77.114,1.4819999999998723e-05,313.44419999999997,1133.7210138
77.124,-0.00016296600000001438,313.44419999999997,1131.8047674
77.13399999999999,-0.00016296600000001438,343.25219999999996,1160.5484634000004
77.14399999999998,-0.00016296600000001438,344.2458,1162.4647098
77.174,-0.00016296600000001438,343.25219999999996,1160.5484634000004
77.184,1.4819999999998723e-05,344.2458,1162.4647098
77.19399999999999,0.00019260599999999795,345.2394,1158.6322169999999
77.20399999999998,-0.00016296600000001438,345.2394,1162.4647098
77.21399999999997,1.4819999999998723e-05,345.2394,1160.5484634000004
77.22399999999996,-0.00016296600000001438,347.22659999999996,1162.4647098
77.23400000000001,-0.0003407520000000136,348.2202,1164.3809562000001
77.244,1.4819999999998723e-05,348.2202,1160.5484634000004
77.25399999999999,-0.00016296600000001438,349.2138,1162.4647098
77.26699999999997,-0.00016296600000001438,379.0218,1193.1246521999997
77.27700000000002,-0.0003407520000000136,379.0218,1195.0408986000002
77.28599999999997,1.4819999999998723e-05,381.009,1195.0408986000002
77.309,-0.0005185379999999989,379.0218,1191.2084058
77.31899999999999,-0.00016296600000001438,382.0026,1193.1246521999997
77.328,-0.0003407520000000136,382.9962,1193.1246521999997
77.338,1.4819999999998723e-05,382.0026,1193.1246521999997
77.34700000000001,-0.0003407520000000136,382.0026,1189.2921594
77.357,-0.0003407520000000136,382.9962,1195.0408986000002
77.36600000000001,-0.0003407520000000136,382.9962,1191.2084058
77.376,-0.00016296600000001438,384.9834,1195.0408986000002
77.38499999999996,-0.0003407520000000136,384.9834,1195.0408986000002
77.39500000000001,-0.0005185379999999989,382.9962,1187.3759129999999
77.41400000000002,-0.00016296600000001438,415.78499999999997,1223.7845945999998
77.424,0.00019260599999999795,415.78499999999997,1219.9521018
77.44399999999999,-0.0003407520000000136,414.7914,1219.9521018
77.45399999999998,-0.00016296600000001438,416.7786,1221.8683482000001
77.463,-0.00016296600000001438,417.7722,1221.8683482000001
77.47299999999998,-0.0005185379999999989,418.7658,1225.7008409999999
77.48299999999998,-0.0005185379999999989,417.7722,1221.8683482000001
77.49299999999997,-0.00016296600000001438,449.56739999999996,1254.4445370000003
77.50199999999998,-0.00016296600000001438,449.56739999999996,1252.5282906000002
77.51199999999997,-0.0003407520000000136,451.5546,1256.3607834
77.53399999999996,-0.00016296600000001438,449.56739999999996,1250.6120442000001
77.54400000000001,1.4819999999998723e-05,451.5546,1252.5282906000002
77.55299999999997,-0.0003407520000000136,450.561,1254.4445370000003
77.56300000000002,1.4819999999998723e-05,450.561,1252.5282906000002
77.57399999999998,-0.00016296600000001438,450.561,1248.6957978
77.583,-0.0003407520000000136,481.3626,1281.2719865999998
77.59299999999999,1.4819999999998723e-05,482.3562,1285.1044794000004
77.602,-0.00016296600000001438,480.36899999999997,1281.2719865999998
77.612,-0.00016296600000001438,482.3562,1285.1044794000004
77.624,-0.0003407520000000136,481.3626,1279.3557402000001
77.63399999999999,-0.0003407520000000136,482.3562,1283.1882329999999
77.643,-0.0005185379999999989,483.3498,1288.9369722000001
77.65299999999999,-0.0003407520000000136,483.3498,1285.1044794000004
77.662,-0.0003407520000000136,482.3562,1281.2719865999998
77.672,-0.0006963239999999982,484.3434,1287.0207258
77.68100000000001,-0.00016296600000001438,483.3498,1283.1882329999999
77.691,-0.0003407520000000136,484.3434,1285.1044794000004
77.69999999999996,-0.0003407520000000136,484.3434,1285.1044794000004
77.71000000000001,-0.0003407520000000136,484.3434,1281.2719865999998
77.71899999999997,-0.00016296600000001438,513.1578000000001,1313.8481754
77.72900000000001,-0.0003407520000000136,514.1514,1313.8481754
77.75899999999999,-0.0003407520000000136,513.1578000000001,1311.9319290000003
77.76899999999998,-0.0003407520000000136,515.145,1313.8481754
77.77799999999999,-0.00016296600000001438,515.145,1313.8481754
77.78799999999998,-0.0003407520000000136,516.1386,1315.7644218
77.797,-0.0003407520000000136,515.145,1315.7644218
77.80699999999999,1.4819999999998723e-05,515.145,1311.9319290000003
77.816,-0.0003407520000000136,516.1386,1315.7644218
77.826,-0.0003407520000000136,516.1386,1313.8481754
77.845,-0.0003407520000000136,515.145,1311.9319290000003
77.85499999999999,-0.0003407520000000136,545.9466000000001,1344.5081178
77.86499999999998,-0.0003407520000000136,546.9402,1344.5081178
77.89399999999998,-0.0005185379999999989,545.9466000000001,1346.4243642000001
77.90399999999997,-0.0006963239999999982,546.9402,1346.4243642000001
77.91299999999998,-0.0005185379999999989,547.9338,1344.5081178
77.92299999999997,-0.00016296600000001438,546.9402,1344.5081178
77.93299999999996,-0.0005185379999999989,546.9402,1346.4243642000001
77.94199999999998,-0.00016296600000001438,576.7482,1375.1680601999997
77.95199999999997,-0.0003407520000000136,576.7482,1375.1680601999997
77.98400000000001,-0.0003407520000000136,575.7546000000001,1371.3355674
77.994,-0.0005185379999999989,578.7354,1377.0843066000002
78.00300000000001,-0.0003407520000000136,577.7418,1375.1680601999997
78.013,-0.00016296600000001438,576.7482,1371.3355674
78.02199999999996,1.4819999999998723e-05,576.7482,1371.3355674
78.03200000000001,-0.0005185379999999989,578.7354,1377.0843066000002
78.04099999999997,-0.00016296600000001438,576.7482,1371.3355674
78.05100000000002,-0.0003407520000000136,577.7418,1373.2518138
78.05999999999997,-0.00016296600000001438,577.7418,1373.2518138
78.06999999999996,-0.0005185379999999989,575.7546000000001,1371.3355674
78.08000000000001,-0.00016296600000001438,577.7418,1375.1680601999997
78.08899999999997,1.4819999999998723e-05,576.7482,1375.1680601999997
78.119,-0.00016296600000001438,575.7546000000001,1369.4193210000003
78.12899999999999,0.00019260599999999795,576.7482,1371.3355674
78.138,-0.00016296600000001438,577.7418,1373.2518138
78.148,1.4819999999998723e-05,576.7482,1373.2518138
78.15799999999999,1.4819999999998723e-05,577.7418,1371.3355674
78.167,-0.00016296600000001438,547.9338,1344.5081178
78.17699999999999,-0.0003407520000000136,547.9338,1342.5918714000004
78.20899999999997,-0.0005185379999999989,546.9402,1342.5918714000004
78.21899999999997,-0.00016296600000001438,549.921,1344.5081178
78.22799999999998,1.4819999999998723e-05,548.9274,1342.5918714000004
78.23799999999997,-0.00016296600000001438,548.9274,1344.5081178
78.24799999999996,1.4819999999998723e-05,547.9338,1338.7593785999998
78.25800000000001,-0.00016296600000001438,519.1194,1311.9319290000003
78.26699999999997,-0.0003407520000000136,520.113,1313.8481754
78.27700000000002,-0.0005185379999999989,520.113,1313.8481754
78.299,-0.00016296600000001438,519.1194,1310.0156826000002
78.309,-0.00016296600000001438,521.1066000000001,1311.9319290000003
78.31800000000001,1.4819999999998723e-05,521.1066000000001,1310.0156826000002
78.328,1.4819999999998723e-05,521.1066000000001,1311.9319290000003
78.33699999999996,1.4819999999998723e-05,520.113,1310.0156826000002
78.34700000000001,-0.0003407520000000136,521.1066000000001,1313.8481754
78.35599999999997,-0.00016296600000001438,522.1002000000001,1315.7644218
78.376,-0.00016296600000001438,522.1002000000001,1313.8481754
78.386,-0.00016296600000001438,521.1066000000001,1311.9319290000003
78.39599999999999,-0.0003407520000000136,493.2858,1283.1882329999999
78.40599999999998,-0.00016296600000001438,493.2858,1283.1882329999999
78.434,-0.0005185379999999989,494.2794,1287.0207258
78.47900000000001,-0.00016296600000001438,494.2794,1285.1044794000004
78.52399999999997,-0.0003407520000000136,494.2794,1285.1044794000004
78.56999999999996,0.00019260599999999795,494.2794,1277.4394938
78.57899999999998,-0.0003407520000000136,496.2666,1283.1882329999999
78.58899999999997,-0.00016296600000001438,497.2602,1283.1882329999999
78.59799999999998,-0.00016296600000001438,496.2666,1283.1882329999999
78.60799999999998,1.4819999999998723e-05,495.27299999999997,1277.4394938
78.61799999999997,-0.00016296600000001438,467.4522,1254.4445370000003
78.62699999999998,-0.0003407520000000136,467.4522,1250.6120442000001
78.63699999999997,-0.0003407520000000136,467.4522,1254.4445370000003
78.65899999999996,-0.0003407520000000136,467.4522,1248.6957978
78.66900000000001,1.4819999999998723e-05,469.4394,1252.5282906000002
78.67799999999997,-0.0003407520000000136,468.4458,1254.4445370000003
78.68800000000002,-0.00016296600000001438,469.4394,1254.4445370000003
78.69699999999997,-0.00016296600000001438,467.4522,1250.6120442000001
78.70699999999997,-0.00016296600000001438,468.4458,1254.4445370000003
78.72599999999997,-0.00016296600000001438,470.433,1254.4445370000003
78.73599999999996,1.4819999999998723e-05,469.4394,1252.5282906000002
78.74600000000001,-0.0003407520000000136,470.433,1254.4445370000003
78.756,-0.0003407520000000136,440.625,1225.7008409999999
78.76599999999999,1.4819999999998723e-05,440.625,1219.9521018
78.79400000000001,-0.00016296600000001438,440.625,1218.0358554000004
78.804,-0.0003407520000000136,442.6122,1223.7845945999998
78.81300000000002,-0.0003407520000000136,441.6186,1223.7845945999998
78.82300000000001,-0.00016296600000001438,441.6186,1223.7845945999998
78.83199999999997,1.4819999999998723e-05,440.625,1219.9521018
78.84200000000001,1.4819999999998723e-05,441.6186,1221.8683482000001
78.85099999999997,-0.00016296600000001438,442.6122,1221.8683482000001
78.86099999999996,-0.00016296600000001438,443.6058,1223.7845945999998
78.86999999999998,-0.0003407520000000136,443.6058,1223.7845945999998
78.87999999999997,-0.0003407520000000136,442.6122,1221.8683482000001
78.89000000000001,-0.00016296600000001438,414.7914,1195.0408986000002
78.89899999999997,1.4819999999998723e-05,413.7978,1193.1246521999997
78.929,-0.00016296600000001438,413.7978,1191.2084058
78.939,-0.00016296600000001438,414.7914,1193.1246521999997
78.94800000000001,0.00019260599999999795,414.7914,1191.2084058
78.958,-0.00016296600000001438,414.7914,1191.2084058
78.96799999999999,-0.00016296600000001438,414.7914,1191.2084058
78.97799999999998,-0.00016296600000001438,385.977,1162.4647098
78.99699999999999,-0.00016296600000001438,384.9834,1162.4647098
79.01899999999998,-0.00016296600000001438,384.9834,1158.6322169999999
79.02899999999997,0.00019260599999999795,385.977,1160.5484634000004
79.03799999999998,-0.00016296600000001438,385.977,1162.4647098
79.04799999999997,-0.00016296600000001438,386.9706,1160.5484634000004
79.05699999999999,-0.00016296600000001438,385.977,1160.5484634000004
79.07699999999997,-0.00016296600000001438,386.9706,1160.5484634000004
79.08699999999996,1.4819999999998723e-05,386.9706,1160.5484634000004
79.09700000000001,1.4819999999998723e-05,385.977,1162.4647098
79.107,1.4819999999998723e-05,386.9706,1158.6322169999999
79.11699999999999,1.4819999999998723e-05,359.14979999999997,1131.8047674
79.12699999999998,1.4819999999998723e-05,359.14979999999997,1131.8047674
79.15399999999997,1.4819999999998723e-05,359.14979999999997,1131.8047674
79.16400000000002,-0.00016296600000001438,359.14979999999997,1133.7210138
79.17299999999997,0.00019260599999999795,360.1434,1131.8047674
79.18299999999996,-0.00016296600000001438,360.1434,1133.7210138
79.19300000000001,-0.0003407520000000136,360.1434,1131.8047674
79.203,1.4819999999998723e-05,330.3354,1103.0610714000004
79.21199999999996,-0.0003407520000000136,331.329,1103.0610714000004
79.244,-0.00016296600000001438,328.34819999999996,1103.0610714000004
79.25399999999999,-0.00016296600000001438,333.3162,1101.1448249999999
79.263,-0.0003407520000000136,331.329,1106.8935642000001
79.273,1.4819999999998723e-05,332.32259999999997,1104.9773178
79.28299999999999,-0.0005185379999999989,332.32259999999997,1104.9773178
79.29299999999998,-0.0003407520000000136,302.5146,1074.3173754
79.30199999999999,-0.00016296600000001438,301.52099999999996,1072.4011290000003
79.33399999999997,-0.0003407520000000136,302.5146,1072.4011290000003
79.34399999999997,-0.00016296600000001438,303.5082,1076.2336218
79.35299999999998,-0.00016296600000001438,303.5082,1074.3173754
79.36299999999997,-0.0003407520000000136,302.5146,1074.3173754
79.37199999999999,-0.0003407520000000136,302.5146,1072.4011290000003
79.38199999999998,-0.0003407520000000136,302.5146,1076.2336218
79.39099999999999,-0.00016296600000001438,303.5082,1074.3173754
79.40099999999998,-0.0003407520000000136,303.5082,1074.3173754
79.41,-0.00016296600000001438,303.5082,1074.3173754
79.41999999999999,-0.00016296600000001438,303.5082,1072.4011290000003
79.42999999999998,-0.00016296600000001438,294.56579999999997,1041.7411865999998
79.439,1.4819999999998723e-05,298.54019999999997,1041.7411865999998
79.46899999999997,1.4819999999998723e-05,296.553,1041.7411865999998
79.47900000000001,0.00019260599999999795,296.553,1039.8249402000001
79.48799999999997,-0.00016296600000001438,296.553,1043.6574329999999
79.50699999999998,1.4819999999998723e-05,294.56579999999997,1037.9086938
79.51699999999997,1.4819999999998723e-05,297.5466,1041.7411865999998
79.52700000000002,-0.00016296600000001438,298.54019999999997,1041.7411865999998
79.537,-0.00016296600000001438,295.5594,1043.6574329999999
79.547,-0.00016296600000001438,295.5594,1045.5736794000004
79.55799999999996,-0.00016296600000001438,294.56579999999997,1037.9086938
79.56800000000001,0.0005481779999999825,297.5466,1014.9137370000003
79.57699999999997,0.00019260599999999795,297.5466,1012.9974906000002
79.60400000000001,-0.0003407520000000136,293.5722,1011.0812442000001
79.614,0.00019260599999999795,296.553,1011.0812442000001
79.62299999999996,-0.0003407520000000136,295.5594,1012.9974906000002
79.63300000000001,-0.00016296600000001438,295.5594,1014.9137370000003
79.643,1.4819999999998723e-05,293.5722,1007.2487514
79.65299999999999,0.0007259639999999956,295.5594,973.0950162000004
79.66299999999998,0.00037039200000001105,297.5466,971.1061554000003
79.69499999999996,1.4819999999998723e-05,293.5722,969.1172946000006
79.70399999999998,1.4819999999998723e-05,296.553,973.0950162000004
79.71399999999997,-0.00016296600000001438,297.5466,975.083877
79.72299999999998,-0.0003407520000000136,293.5722,973.0950162000004
79.73400000000001,0.00019260599999999795,297.5466,971.1061554000003
79.74299999999997,0.0009037499999999948,296.553,943.2621042000005
79.75300000000001,0.00019260599999999795,293.5722,943.2621042000005
79.76199999999997,0.0005481779999999825,296.553,941.2732434
79.78399999999996,0.00037039200000001105,292.5786,937.2955218000002
79.79400000000001,1.4819999999998723e-05,297.5466,945.2509650000006
79.80299999999997,0.00037039200000001105,297.5466,941.2732434
79.81300000000002,0.00019260599999999795,296.553,943.2621042000005
79.82300000000001,0.00037039200000001105,294.56579999999997,937.2955218000002
79.83199999999997,0.00019260599999999795,295.5594,943.2621042000005
79.84200000000001,0.0005481779999999825,296.553,939.2843826000003
79.85099999999997,0.00019260599999999795,297.5466,941.2732434
79.85999999999999,0.00037039200000001105,296.553,943.2621042000005
79.86999999999998,0.0005481779999999825,295.5594,937.2955218000002
79.87999999999997,0.0016148939999999917,298.54019999999997,909.4514706000004
79.88899999999998,0.0005481779999999825,294.56579999999997,909.4514706000004
79.91900000000001,0.0005481779999999825,295.5594,909.4514706000004
79.929,0.0007259639999999956,296.553,909.4514706000004
79.94800000000001,0.0007259639999999956,296.553,907.4626098000003
79.958,0.00037039200000001105,297.5466,909.4514706000004
79.96799999999999,0.001792679999999991,294.56579999999997,877.6296978000005
79.97799999999998,0.001081535999999994,295.5594,881.6074194000003
79.98799999999997,0.0009037499999999948,296.553,881.6074194000003
80.00899999999999,0.001081535999999994,294.56579999999997,877.6296978000005
80.02799999999999,0.0009037499999999948,296.553,881.6074194000003
80.03799999999998,0.0009037499999999948,295.5594,881.6074194000003
80.04799999999997,0.001081535999999994,296.553,879.6185586000001
80.05799999999996,0.001970466000000004,294.56579999999997,849.7856466000003
80.06800000000001,0.001792679999999991,296.553,847.7967858000006
80.078,0.0016148939999999917,294.56579999999997,847.7967858000006
80.09899999999996,0.001792679999999991,295.5594,845.8079250000001
80.11799999999997,0.0016148939999999917,296.553,849.7856466000003
80.12800000000001,0.0014371079999999925,294.56579999999997,849.7856466000003
80.13899999999998,0.0016148939999999917,299.5338,849.7856466000003
80.148,0.001792679999999991,298.54019999999997,849.7856466000003
80.15799999999999,0.0016148939999999917,298.54019999999997,851.7745074000004
80.16799999999998,0.001970466000000004,297.5466,847.7967858000006
80.17799999999997,0.0016148939999999917,295.5594,849.7856466000003
80.189,0.0016148939999999917,293.5722,845.8079250000001
80.19899999999998,0.002681610000000001,297.5466,819.9527346000004
80.208,0.0021482519999999894,297.5466,819.9527346000004
80.23400000000001,0.0023260380000000025,293.5722,815.9750130000002
80.244,0.002503823999999988,297.5466,817.9638738000003
80.25300000000001,0.0021482519999999894,295.5594,821.9415954000001
80.263,0.002681610000000001,297.5466,815.9750130000002
80.273,0.0023260380000000025,296.553,817.9638738000003
80.28299999999999,0.003392753999999998,295.5594,786.1421010000004
80.292,0.0030371819999999994,298.54019999999997,790.1198226000006
80.32399999999998,0.0028593959999999863,294.56579999999997,786.1421010000004
80.33399999999997,0.0030371819999999994,298.54019999999997,786.1421010000004
80.34299999999999,0.0028593959999999863,295.5594,790.1198226000006
80.35299999999998,0.0030371819999999994,296.553,790.1198226000006
80.36299999999997,0.0028593959999999863,295.5594,788.1309618000005
80.37299999999996,0.004459469999999993,298.54019999999997,756.3091890000005
80.38199999999998,0.0039261119999999955,296.553,758.2980498000002
80.41400000000002,0.0037483259999999963,290.59139999999996,754.3203282000004
80.424,0.003570539999999997,295.5594,760.2869106000003
80.43299999999996,0.004103897999999995,296.553,756.3091890000005
80.44300000000001,0.0037483259999999963,297.5466,760.2869106000003
80.45399999999998,0.004103897999999995,295.5594,754.3203282000004
80.463,0.004992828000000005,295.5594,726.4762770000002
80.47299999999998,0.004637255999999992,295.5594,724.4874162000001
80.482,0.004637255999999992,295.5594,726.4762770000002
80.50399999999999,0.004637255999999992,294.56579999999997,726.4762770000002
80.51399999999998,0.004815041999999992,300.5274,728.4651377999999
80.523,0.004992828000000005,298.54019999999997,728.4651377999999
80.53299999999999,0.004815041999999992,298.54019999999997,730.4539986
80.54299999999998,0.004637255999999992,294.56579999999997,724.4874162000001
80.55199999999999,0.004992828000000005,294.56579999999997,726.4762770000002
80.56199999999998,0.004992828000000005,296.553,728.4651377999999
80.571,0.00517061399999999,297.5466,726.4762770000002
80.58000000000001,0.004815041999999992,295.5594,728.4651377999999
80.59,0.004815041999999992,294.56579999999997,728.4651377999999
80.60900000000001,0.005703972000000002,296.553,696.6433650000001
80.619,0.005881757999999987,298.54019999999997,696.6433650000001
80.63899999999998,0.006237329999999999,294.56579999999997,690.6767826000003
80.64899999999997,0.005881757999999987,298.54019999999997,698.6322258
80.65899999999996,0.005703972000000002,294.56579999999997,698.6322258
80.66900000000001,0.006059544,296.553,696.6433650000001
80.679,0.006059544,297.5466,696.6433650000001
80.689,0.007304045999999995,295.5594,664.8215921999999
80.69899999999998,0.006948473999999996,294.56579999999997,662.8327314000001
80.72900000000001,0.006948473999999996,295.5594,662.8327314000001
80.739,0.007126259999999995,298.54019999999997,664.8215921999999
80.74799999999996,0.006948473999999996,294.56579999999997,664.8215921999999
80.75800000000001,0.007126259999999995,297.5466,662.8327314000001
80.768,0.006770687999999997,292.5786,662.8327314000001
80.77700000000002,0.007304045999999995,299.5338,666.8104530000003
80.787,0.007304045999999995,296.553,664.8215921999999
80.79599999999996,0.007126259999999995,298.54019999999997,664.8215921999999
80.80499999999998,0.007481831999999994,299.5338,666.8104530000003
80.81499999999997,0.007126259999999995,294.56579999999997,664.8215921999999
80.82499999999996,0.008370762000000004,295.5594,634.9886802000001
80.83399999999997,0.007837403999999992,296.553,636.9775410000002
80.864,0.007837403999999992,293.5722,632.9998194000002
80.874,0.007837403999999992,293.5722,638.9664018000001
80.88300000000001,0.00819297599999999,296.553,636.9775410000002
80.893,0.00819297599999999,297.5466,636.9775410000002
80.90299999999999,0.008015189999999991,295.5594,632.9998194000002
80.91299999999998,0.009259692,296.553,605.1557682
80.922,0.00854854799999999,294.56579999999997,605.1557682
80.95399999999998,0.008904119999999988,299.5338,605.1557682
80.999,0.008904119999999988,298.54019999999997,605.1557682
81.04400000000001,0.009259692,294.56579999999997,601.1780466
81.054,0.009259692,296.553,605.1557682
81.06300000000002,0.009259692,297.5466,605.1557682
81.07300000000001,0.009259692,298.54019999999997,607.1446289999999
81.083,0.009259692,296.553,603.1669074000001
81.09200000000001,0.009615263999999998,296.553,603.1669074000001
81.102,0.009259692,297.5466,605.1557682
81.11099999999996,0.009259692,296.553,607.1446289999999
81.12999999999997,0.009615263999999998,297.5466,603.1669074000001
81.14000000000001,0.010148621999999996,296.553,575.3228562000002
81.15,0.009793049999999984,294.56579999999997,575.3228562000002
81.179,0.009970835999999997,294.56579999999997,573.3339954
81.189,0.009970835999999997,298.54019999999997,575.3228562000002
81.19800000000001,0.009793049999999984,295.5594,575.3228562000002
81.208,0.010148621999999996,296.553,573.3339954
81.21799999999999,0.010326407999999995,295.5594,569.3562738
81.227,0.010148621999999996,297.5466,573.3339954
81.237,0.010326407999999995,297.5466,573.3339954
81.24600000000001,0.010504193999999994,297.5466,573.3339954
81.256,0.010504193999999994,298.54019999999997,575.3228562000002
81.26500000000001,0.010148621999999996,294.56579999999997,573.3339954
81.275,0.010859765999999993,294.56579999999997,543.5010834000002
81.28399999999996,0.010326407999999995,295.5594,543.5010834000002
81.314,0.010326407999999995,293.5722,541.5122226000001
81.32399999999998,0.010326407999999995,294.56579999999997,543.5010834000002
81.333,0.010504193999999994,297.5466,543.5010834000002
81.34299999999999,0.010681979999999994,296.553,543.5010834000002
81.35299999999998,0.010504193999999994,295.5594,543.5010834000002
81.36299999999997,0.010859765999999993,297.5466,513.6681714000001
81.37199999999999,0.010326407999999995,293.5722,515.6570322
81.40399999999997,0.010326407999999995,294.56579999999997,513.6681714000001
81.41400000000002,0.010326407999999995,296.553,515.6570322
81.424,0.010326407999999995,295.5594,515.6570322
81.43299999999996,0.010148621999999996,293.5722,513.6681714000001
81.44300000000001,0.010681979999999994,297.5466,513.6681714000001
81.453,0.010326407999999995,296.553,487.81298100000004
81.46199999999996,0.009970835999999997,296.553,485.82412020000015
81.49499999999998,0.009615263999999998,293.5722,483.83525940000004
81.50399999999999,0.009970835999999997,295.5594,485.82412020000015
81.51399999999998,0.009970835999999997,297.5466,487.81298100000004
81.523,0.010148621999999996,295.5594,487.81298100000004
81.53299999999999,0.010148621999999996,294.56579999999997,483.83525940000004
81.542,0.009970835999999997,295.5594,487.81298100000004
81.55199999999999,0.010148621999999996,297.5466,485.82412020000015
81.571,0.010326407999999995,296.553,485.82412020000015
81.58099999999999,0.009793049999999984,296.553,487.81298100000004
81.59099999999998,0.010504193999999994,297.5466,455.9912082000001
81.60099999999997,0.009437478,295.5594,457.98006899999996
81.62899999999999,0.009437478,294.56579999999997,455.9912082000001
81.63899999999998,0.009615263999999998,295.5594,455.9912082000001
81.648,0.009615263999999998,296.553,457.98006899999996
81.65799999999999,0.009615263999999998,297.5466,457.98006899999996
81.66799999999998,0.009793049999999984,294.56579999999997,454.0023474000002
81.67799999999997,0.009259692,296.553,430.1360178000002
81.68699999999998,0.008726334000000002,297.5466,428.1471570000001
81.71899999999997,0.008726334000000002,294.56579999999997,426.1582962
81.72900000000001,0.008904119999999988,294.56579999999997,424.1694354000001
81.739,0.009081906,298.54019999999997,426.1582962
81.74799999999996,0.008904119999999988,297.5466,428.1471570000001
81.75899999999999,0.00854854799999999,294.56579999999997,424.1694354000001
81.76899999999998,0.00854854799999999,294.56579999999997,396.32538420000014
81.77799999999999,0.007837403999999992,297.5466,398.314245
81.78799999999998,0.008015189999999991,296.553,396.32538420000014
81.797,0.007659617999999993,295.5594,398.314245
81.809,0.007837403999999992,296.553,394.33652340000026
81.81899999999999,0.007659617999999993,295.5594,396.32538420000014
81.828,0.007837403999999992,296.553,396.32538420000014
81.838,0.007837403999999992,297.5466,396.32538420000014
81.85,0.007659617999999993,296.553,396.32538420000014
81.85900000000001,0.007481831999999994,297.5466,366.49247220000007
81.869,0.006770687999999997,295.5594,366.49247220000007
81.87800000000001,0.006948473999999996,298.54019999999997,368.48133299999995
81.888,0.0064151159999999985,297.5466,370.4701938000003
81.9,0.0064151159999999985,294.56579999999997,364.5036114000002
81.90899999999996,0.0064151159999999985,294.56579999999997,366.49247220000007
81.91900000000001,0.006770687999999997,297.5466,368.48133299999995
81.92799999999997,0.0064151159999999985,297.5466,368.48133299999995
81.93800000000002,0.006237329999999999,291.585,362.51475060000007
81.94699999999997,0.0064151159999999985,297.5466,368.48133299999995
81.95699999999997,0.006237329999999999,296.553,368.48133299999995
81.96599999999998,0.006237329999999999,297.5466,368.48133299999995
81.97599999999997,0.0064151159999999985,296.553,366.49247220000007
81.98499999999999,0.006059544,295.5594,364.5036114000002
81.99499999999998,0.005881757999999987,294.56579999999997,338.6484210000001
82.00399999999999,0.0055261859999999885,297.5466,336.6595602000002
82.035,0.00517061399999999,294.56579999999997,334.6706993999999
82.04400000000001,0.00517061399999999,295.5594,338.6484210000001
82.054,0.004815041999999992,293.5722,336.6595602000002
82.06300000000002,0.005348400000000003,297.5466,336.6595602000002
82.07399999999998,0.004815041999999992,294.56579999999997,336.6595602000002
82.083,0.004992828000000005,298.54019999999997,306.82664820000014
82.09299999999999,0.004281683999999994,297.5466,306.82664820000014
82.102,0.004103897999999995,298.54019999999997,306.82664820000014
82.12499999999997,0.004281683999999994,294.56579999999997,302.84892660000014
82.13399999999999,0.004103897999999995,297.5466,306.82664820000014
82.14399999999998,0.004103897999999995,298.54019999999997,304.8377874
82.15299999999999,0.0037483259999999963,299.5338,310.8043697999999
82.16299999999998,0.0037483259999999963,296.553,304.8377874
82.18199999999999,0.0039261119999999955,296.553,308.815509
82.19199999999998,0.0037483259999999963,295.5594,306.82664820000014
82.20199999999997,0.0039261119999999955,297.5466,304.8377874
82.21199999999996,0.003570539999999997,296.553,304.8377874
82.22200000000001,0.003570539999999997,294.56579999999997,276.99373620000006
82.232,0.0032149679999999986,296.553,278.98259699999994
82.25999999999996,0.0032149679999999986,292.5786,273.01601460000006
82.26899999999998,0.0030371819999999994,297.5466,276.99373620000006
82.27899999999997,0.0030371819999999994,296.553,276.99373620000006
82.28799999999998,0.0030371819999999994,295.5594,276.99373620000006
82.29799999999997,0.0028593959999999863,295.5594,275.00487539999995
82.30799999999996,0.0028593959999999863,294.56579999999997,245.17196339999987
82.31699999999998,0.002503823999999988,296.553,247.1608242000002
82.35,0.002681610000000001,297.5466,243.18310259999998
82.35900000000001,0.002503823999999988,295.5594,247.1608242000002
82.369,0.0023260380000000025,295.5594,245.17196339999987
82.37800000000001,0.002503823999999988,295.5594,247.1608242000002
82.38899999999998,0.0023260380000000025,296.553,243.18310259999998
82.39899999999997,0.002681610000000001,298.54019999999997,215.33905140000002
82.40799999999999,0.001970466000000004,297.5466,217.32791220000013
82.41799999999998,0.0021482519999999894,299.5338,217.32791220000013
82.42699999999999,0.001792679999999991,294.56579999999997,215.33905140000002
82.43999999999997,0.0021482519999999894,294.56579999999997,213.35019060000013
82.44899999999998,0.001970466000000004,296.553,217.32791220000013
82.45899999999997,0.001970466000000004,296.553,215.33905140000002
82.46799999999999,0.001792679999999991,295.5594,217.32791220000013
82.47799999999998,0.0021482519999999894,295.5594,211.36132980000025
82.487,0.001970466000000004,296.553,217.32791220000013
82.49699999999999,0.001970466000000004,296.553,215.33905140000002
82.506,0.001970466000000004,295.5594,215.33905140000002
82.51599999999999,0.001970466000000004,295.5594,217.32791220000013
82.525,0.001970466000000004,294.56579999999997,213.35019060000013
82.535,0.001792679999999991,294.56579999999997,185.50613939999994
82.54400000000001,0.0014371079999999925,296.553,185.50613939999994
82.57499999999996,0.0016148939999999917,295.5594,183.51727860000005
82.58399999999997,0.0016148939999999917,295.5594,183.51727860000005
82.59399999999997,0.001792679999999991,299.5338,187.49500020000005
82.60299999999998,0.0014371079999999925,297.5466,187.49500020000005
82.61299999999997,0.0016148939999999917,298.54019999999997,187.49500020000005
82.63199999999998,0.0012593219999999933,297.5466,155.6732274000001
82.64199999999997,0.001081535999999994,296.553,157.6620882000002
82.66499999999999,0.001081535999999994,295.5594,157.6620882000002
82.674,0.0014371079999999925,296.553,157.6620882000002
82.684,0.0014371079999999925,296.553,157.6620882000002
82.703,0.0016148939999999917,298.54019999999997,155.6732274000001
82.71199999999996,0.0016148939999999917,296.553,157.6620882000002
82.72200000000001,0.001792679999999991,296.553,157.6620882000002
82.732,0.001792679999999991,296.553,157.6620882000002
82.74299999999997,0.001792679999999991,296.553,157.6620882000002
82.75300000000001,0.0016148939999999917,293.5722,155.6732274000001
82.763,0.0016148939999999917,296.553,125.84031540000001
82.773,0.0012593219999999933,297.5466,125.84031540000001
82.79999999999998,0.001081535999999994,295.5594,123.85145460000012
82.809,0.0016148939999999917,298.54019999999997,125.84031540000001
82.81899999999999,0.0014371079999999925,296.553,125.84031540000001
82.828,0.0016148939999999917,297.5466,125.84031540000001
82.838,0.0016148939999999917,296.553,123.85145460000012
82.84700000000001,0.0012593219999999933,295.5594,125.84031540000001
82.857,0.0016148939999999917,297.5466,123.85145460000012
82.86600000000001,0.0014371079999999925,297.5466,125.84031540000001
82.876,0.0014371079999999925,297.5466,125.84031540000001
82.88499999999996,0.0012593219999999933,294.56579999999997,125.84031540000001
82.89500000000001,0.0012593219999999933,294.56579999999997,97.99626420000004
82.90399999999997,0.0012593219999999933,298.54019999999997,97.99626420000004
82.93499999999997,0.0007259639999999956,297.5466,97.99626420000004
82.94399999999999,0.001081535999999994,296.553,97.99626420000004
82.95399999999998,0.0009037499999999948,296.553,97.99626420000004
82.97299999999998,0.001081535999999994,291.585,94.01854260000005
82.98299999999998,0.0009037499999999948,295.5594,64.1856306000002
82.99299999999997,0.0005481779999999825,293.5722,66.17449140000008
83.00300000000001,0.0007259639999999956,296.553,66.17449140000008
83.025,0.00037039200000001105,292.5786,64.1856306000002
83.03399999999996,0.0005481779999999825,293.5722,66.17449140000008
83.05299999999997,0.0007259639999999956,295.5594,66.17449140000008
83.06300000000002,0.0005481779999999825,294.56579999999997,64.1856306000002
83.07300000000001,0.00037039200000001105,294.56579999999997,68.16335219999996
83.083,0.0007259639999999956,299.5338,68.16335219999996
83.09299999999999,0.0009037499999999948,299.5338,66.17449140000008
83.10299999999998,0.0007259639999999956,296.553,68.16335219999996
83.11299999999997,0.0007259639999999956,296.553,64.1856306000002
83.12299999999996,0.0007259639999999956,298.54019999999997,36.3415794
83.13300000000001,0.00037039200000001105,295.5594,36.3415794
83.16,1.4819999999998723e-05,293.5722,34.35271860000012
83.16900000000001,0.0005481779999999825,297.5466,38.330440199999884
83.179,0.00037039200000001105,294.56579999999997,38.330440199999884
83.18800000000002,0.00019260599999999795,296.553,36.3415794
83.19800000000001,0.00037039200000001105,296.553,34.35271860000012
83.20699999999997,0.00019260599999999795,295.5594,38.330440199999884
83.21700000000001,0.00019260599999999795,293.5722,38.330440199999884
83.22599999999997,0.00019260599999999795,296.553,38.330440199999884
83.23599999999996,0.00037039200000001105,297.5466,36.3415794
83.24499999999998,1.4819999999998723e-05,296.553,36.3415794
83.25499999999997,0.00037039200000001105,293.5722,4.519806600000038
83.26399999999998,1.4819999999998723e-05,295.5594,6.508667400000149
83.29499999999999,-0.00016296600000001438,294.56579999999997,6.508667400000149
83.304,1.4819999999998723e-05,294.56579999999997,6.508667400000149
83.32300000000001,0.00019260599999999795,298.54019999999997,6.508667400000149
83.33399999999997,-0.00016296600000001438,293.5722,4.519806600000038
83.34299999999999,1.4819999999998723e-05,297.5466,8.497528200000033
83.35299999999998,1.4819999999998723e-05,296.553,6.508667400000149
83.36299999999997,0.00037039200000001105,297.5466,6.508667400000149
83.374,1.4819999999998723e-05,296.553,8.497528200000033
83.38399999999999,-0.00016296600000001438,294.56579999999997,6.508667400000149
83.39399999999998,0.00019260599999999795,296.553,8.497528200000033
83.40399999999997,0.00019260599999999795,294.56579999999997,4.519806600000038
83.42999999999998,1.4819999999998723e-05,294.56579999999997,8.497528200000033
83.439,0.00019260599999999795,297.5466,6.508667400000149
83.44899999999998,1.4819999999998723e-05,296.553,6.508667400000149
83.475,1.4819999999998723e-05,298.54019999999997,6.508667400000149
83.52000000000001,1.4819999999998723e-05,294.56579999999997,6.508667400000149
83.56800000000001,0.00019260599999999795,296.553,38.330440199999884
83.57699999999997,0.00037039200000001105,296.553,36.3415794
83.60999999999999,0.0005481779999999825,294.56579999999997,32.363857800000005
83.619,0.0005481779999999825,297.5466,36.3415794
83.62899999999999,0.00037039200000001105,296.553,38.330440199999884
83.638,0.00019260599999999795,297.5466,36.3415794
83.648,0.0005481779999999825,297.5466,36.3415794
83.65799999999999,0.0007259639999999956,296.553,64.1856306000002
83.667,0.0007259639999999956,297.5466,68.16335219999996
83.69999999999996,0.0005481779999999825,291.585,64.1856306000002
83.70899999999997,0.0007259639999999956,295.5594,68.16335219999996
83.71899999999997,0.0009037499999999948,296.553,66.17449140000008
83.72799999999998,0.0007259639999999956,296.553,66.17449140000008
83.73799999999997,0.001081535999999994,293.5722,64.1856306000002
83.74699999999999,0.0005481779999999825,296.553,66.17449140000008
83.75699999999998,0.0007259639999999956,295.5594,68.16335219999996
83.76599999999999,0.0007259639999999956,295.5594,66.17449140000008
83.77599999999998,0.0007259639999999956,297.5466,68.16335219999996
83.78599999999997,0.0007259639999999956,294.56579999999997,64.1856306000002
83.79499999999999,0.0009037499999999948,296.553,97.99626420000004
83.814,0.0012593219999999933,295.5594,97.99626420000004
83.83500000000001,0.0014371079999999925,294.56579999999997,94.01854260000005
83.84399999999997,0.0014371079999999925,296.553,96.00740339999993
83.85400000000001,0.0016148939999999917,297.5466,97.99626420000004
83.864,0.0016148939999999917,299.5338,97.99626420000004
83.87499999999997,0.0012593219999999933,295.5594,94.01854260000005
83.88399999999999,0.001970466000000004,295.5594,125.84031540000001
83.89399999999998,0.0023260380000000025,298.54019999999997,125.84031540000001
83.92499999999998,0.0023260380000000025,294.56579999999997,121.86259380000024
83.934,0.0021482519999999894,296.553,127.82917620000012
83.94399999999999,0.0023260380000000025,297.5466,127.82917620000012
83.95399999999998,0.0021482519999999894,296.553,129.818037
83.965,0.001970466000000004,294.56579999999997,123.85145460000012
83.975,0.0028593959999999863,296.553,155.6732274000001
83.98400000000001,0.003392753999999998,297.5466,155.6732274000001
83.99499999999998,0.0032149679999999986,295.5594,159.65094900000008
84.00499999999997,0.003392753999999998,297.5466,157.6620882000002
84.01500000000001,0.003392753999999998,294.56579999999997,153.68436659999998
84.025,0.0032149679999999986,294.56579999999997,155.6732274000001
84.035,0.003392753999999998,296.553,157.6620882000002
84.04499999999999,0.003392753999999998,295.5594,155.6732274000001
84.05499999999998,0.0030371819999999994,293.5722,155.6732274000001
84.06499999999997,0.003392753999999998,296.553,157.6620882000002
84.07499999999996,0.003570539999999997,298.54019999999997,155.6732274000001
84.08500000000001,0.003392753999999998,297.5466,157.6620882000002
84.095,0.003392753999999998,295.5594,157.6620882000002
84.10799999999998,0.004281683999999994,297.5466,185.50613939999994
84.11699999999999,0.004637255999999992,298.54019999999997,185.50613939999994
84.12699999999998,0.004637255999999992,296.553,185.50613939999994
84.15,0.004637255999999992,295.5594,183.51727860000005
84.15899999999996,0.004637255999999992,296.553,187.49500020000005
84.16900000000001,0.004815041999999992,296.553,185.50613939999994
84.17799999999997,0.004815041999999992,296.553,185.50613939999994
84.18800000000002,0.004637255999999992,297.5466,185.50613939999994
84.19800000000001,0.005881757999999987,294.56579999999997,215.33905140000002
84.208,0.0064151159999999985,296.553,217.32791220000013
84.23999999999998,0.0064151159999999985,292.5786,213.35019060000013
84.249,0.0064151159999999985,297.5466,217.32791220000013
84.25899999999999,0.006770687999999997,298.54019999999997,215.33905140000002
84.268,0.006592901999999998,295.5594,217.32791220000013
84.27899999999997,0.006592901999999998,297.5466,213.35019060000013
84.28799999999998,0.007659617999999993,295.5594,249.1496850000001
84.29799999999997,0.008904119999999988,298.54019999999997,245.17196339999987
84.33000000000001,0.00854854799999999,294.56579999999997,243.18310259999998
84.33899999999997,0.008726334000000002,297.5466,245.17196339999987
84.34899999999996,0.00854854799999999,295.5594,247.1608242000002
84.35799999999998,0.008904119999999988,297.5466,247.1608242000002
84.36799999999997,0.00854854799999999,295.5594,245.17196339999987
84.37699999999998,0.008726334000000002,297.5466,245.17196339999987
84.38699999999997,0.008904119999999988,298.54019999999997,245.17196339999987
84.39599999999999,0.008726334000000002,295.5594,245.17196339999987
84.41499999999999,0.008726334000000002,295.5594,243.18310259999998
84.42499999999998,0.010504193999999994,297.5466,276.99373620000006
84.43499999999997,0.011215337999999991,297.5466,276.99373620000006
84.465,0.011215337999999991,294.56579999999997,275.00487539999995
84.47399999999996,0.011393124000000004,296.553,276.99373620000006
84.48400000000001,0.011215337999999991,295.5594,278.98259699999994
84.49299999999997,0.011393124000000004,295.5594,276.99373620000006
84.50300000000001,0.011215337999999991,292.5786,276.99373620000006
84.513,0.012993197999999997,297.5466,306.82664820000014
84.523,0.014059913999999993,297.5466,306.82664820000014
84.55499999999998,0.013704341999999994,292.5786,304.8377874
84.564,0.014237699999999992,296.553,306.82664820000014
84.57399999999998,0.014415486000000005,296.553,308.815509
84.583,0.014237699999999992,297.5466,306.82664820000014
84.595,0.014237699999999992,295.5594,304.8377874
84.60400000000001,0.016193345999999983,297.5466,336.6595602000002
84.614,0.017260061999999993,295.5594,338.6484210000001
84.62299999999996,0.017437848000000006,297.5466,336.6595602000002
84.63300000000001,0.017082275999999993,296.553,340.6372818
84.64500000000001,0.017260061999999993,294.56579999999997,334.6706993999999
84.65399999999997,0.017437848000000006,296.553,336.6595602000002
84.66400000000002,0.01761563399999999,297.5466,338.6484210000001
84.67299999999997,0.017793420000000004,297.5466,336.6595602000002
84.68299999999996,0.017260061999999993,293.5722,336.6595602000002
84.69300000000001,0.01761563399999999,294.56579999999997,334.6706993999999
84.70199999999997,0.01761563399999999,296.553,338.6484210000001
84.71099999999998,0.017793420000000004,296.553,338.6484210000001
84.72099999999998,0.01797120599999999,297.5466,336.6595602000002
84.73099999999997,0.017437848000000006,294.56579999999997,332.6818386
84.73999999999998,0.019926851999999995,296.553,366.49247220000007
84.74999999999997,0.020637995999999992,294.56579999999997,368.48133299999995
84.78,0.020637995999999992,293.5722,364.5036114000002
84.78900000000002,0.02117135399999999,297.5466,366.49247220000007
84.799,0.02117135399999999,297.5466,368.48133299999995
84.80799999999996,0.02099356799999999,295.5594,370.4701938000003
84.81899999999999,0.021349140000000003,297.5466,362.51475060000007
84.82899999999998,0.023482571999999993,298.54019999999997,396.32538420000014
84.83899999999997,0.024371502000000003,296.553,398.314245
84.84799999999998,0.02454928799999999,295.5594,398.314245
84.857,0.02454928799999999,296.553,398.314245
84.86999999999998,0.024727074,296.553,394.33652340000026
84.87899999999999,0.02454928799999999,297.5466,400.30310580000014
84.88899999999998,0.024727074,297.5466,398.314245
84.898,0.024727074,297.5466,398.314245
84.90799999999999,0.024904859999999987,296.553,396.32538420000014
84.91799999999998,0.024727074,295.5594,396.32538420000014
84.92699999999999,0.024904859999999987,297.5466,398.314245
84.946,0.025260431999999985,296.553,396.32538420000014
84.95599999999999,0.025082646,296.553,396.32538420000014
84.96599999999998,0.02739386399999999,293.5722,428.1471570000001
84.97599999999997,0.028638366,296.553,428.1471570000001
85.00499999999997,0.028638366,291.585,424.1694354000001
85.01399999999998,0.028638366,294.56579999999997,428.1471570000001
85.02399999999997,0.028993937999999997,296.553,428.1471570000001
85.03299999999999,0.029171723999999996,296.553,426.1582962
85.04299999999998,0.028993937999999997,293.5722,424.1694354000001
85.05299999999997,0.028993937999999997,296.553,428.1471570000001
85.06199999999998,0.028993937999999997,296.553,428.1471570000001
85.07199999999997,0.029171723999999996,294.56579999999997,426.1582962
85.08099999999999,0.029349509999999995,295.5594,428.1471570000001
85.09099999999998,0.029171723999999996,294.56579999999997,426.1582962
85.1,0.031660728,298.54019999999997,457.98006899999996
85.10999999999999,0.032549657999999995,296.553,457.98006899999996
85.14000000000001,0.032905229999999994,293.5722,455.9912082000001
85.14899999999997,0.03326080199999999,297.5466,455.9912082000001
85.15899999999996,0.03308301599999999,296.553,455.9912082000001
85.16799999999998,0.03326080199999999,296.553,459.96892980000007
85.17799999999997,0.03326080199999999,293.5722,455.9912082000001
85.18800000000002,0.03326080199999999,298.54019999999997,457.98006899999996
85.20599999999999,0.03361637399999999,297.5466,457.98006899999996
85.21599999999998,0.03361637399999999,297.5466,455.9912082000001
85.227,0.03343858799999999,296.553,455.9912082000001
85.237,0.035749805999999995,295.5594,487.81298100000004
85.24699999999999,0.037172094,297.5466,485.82412020000015
85.275,0.037172094,293.5722,483.83525940000004
85.28399999999996,0.037527666,296.553,485.82412020000015
85.29400000000001,0.03734987999999999,296.553,487.81298100000004
85.30299999999997,0.037883238,297.5466,485.82412020000015
85.31300000000002,0.037705452,295.5594,483.83525940000004
85.32300000000001,0.037527666,296.553,487.81298100000004
85.33199999999997,0.037883238,297.5466,485.82412020000015
85.34099999999998,0.037705452,295.5594,487.81298100000004
85.35099999999997,0.038061024,296.553,485.82412020000015
85.36099999999996,0.037883238,295.5594,483.83525940000004
85.36999999999998,0.039838884000000005,296.553,513.6681714000001
85.37999999999997,0.041083386,296.553,513.6681714000001
85.41,0.041438958,295.5594,511.6793106
85.41900000000001,0.041438958,296.553,513.6681714000001
85.429,0.04161674399999998,297.5466,513.6681714000001
85.43800000000002,0.041972315999999996,299.5338,513.6681714000001
85.44899999999998,0.041972315999999996,296.553,513.6681714000001
85.458,0.04357239,297.5466,543.5010834000002
85.46799999999999,0.04446132,298.54019999999997,543.5010834000002
85.49999999999997,0.044994677999999996,295.5594,539.5233618
85.50899999999999,0.044994677999999996,297.5466,541.5122226000001
85.51899999999998,0.045172463999999996,296.553,541.5122226000001
85.52799999999999,0.045172463999999996,297.5466,543.5010834000002
85.53799999999998,0.045172463999999996,295.5594,541.5122226000001
85.55699999999999,0.045528035999999994,298.54019999999997,543.5010834000002
85.56699999999998,0.045350249999999995,296.553,545.4899442000001
85.57699999999997,0.045528035999999994,294.56579999999997,545.4899442000001
85.58699999999996,0.04570582199999999,297.5466,541.5122226000001
85.59700000000001,0.04712811,296.553,571.3451345999999
85.607,0.04801704,295.5594,573.3339954
85.63499999999996,0.048372611999999995,294.56579999999997,569.3562738
85.64500000000001,0.048372611999999995,297.5466,573.3339954
85.65399999999997,0.048550397999999995,298.54019999999997,573.3339954
85.66400000000002,0.048728183999999994,297.5466,571.3451345999999
85.674,0.048550397999999995,293.5722,571.3451345999999
85.68299999999996,0.048728183999999994,297.5466,573.3339954
85.69300000000001,0.04890597000000001,296.553,571.3451345999999
85.70199999999997,0.04926154199999999,296.553,569.3562738
85.71199999999996,0.04908375599999999,295.5594,575.3228562000002
85.72099999999998,0.04926154199999999,295.5594,569.3562738
85.73099999999997,0.04979489999999999,296.553,603.1669074000001
85.73999999999998,0.05068382999999999,295.5594,603.1669074000001
85.77000000000001,0.05086161599999999,295.5594,601.1780466
85.77899999999997,0.051039402,297.5466,605.1557682
85.78900000000002,0.051394973999999996,296.553,603.1669074000001
85.79799999999997,0.05121718799999999,296.553,605.1557682
85.81699999999998,0.05121718799999999,295.5594,605.1557682
85.82699999999997,0.05121718799999999,296.553,607.1446289999999
85.83699999999996,0.05157275999999999,295.5594,607.1446289999999
85.84700000000001,0.051928332,296.553,603.1669074000001
85.85799999999998,0.051928332,298.54019999999997,603.1669074000001
85.86799999999997,0.051928332,294.56579999999997,634.9886802000001
85.87800000000001,0.052639476,294.56579999999997,632.9998194000002
85.905,0.052639476,296.553,634.9886802000001
85.91400000000002,0.05281726199999999,296.553,634.9886802000001
85.924,0.052995047999999996,296.553,634.9886802000001
85.93299999999996,0.052995047999999996,298.54019999999997,636.9775410000002
85.94399999999999,0.053172834,295.5594,632.9998194000002
85.95399999999998,0.052283904,299.5338,664.8215921999999
85.963,0.052283904,295.5594,664.8215921999999
85.97299999999998,0.05281726199999999,297.5466,660.8438706000002
85.99499999999998,0.052639476,297.5466,664.8215921999999
86.03999999999999,0.053350619999999994,296.553,664.8215921999999
86.08500000000001,0.05370619199999999,295.5594,660.8438706000002
86.095,0.05370619199999999,294.56579999999997,662.8327314000001
86.10400000000001,0.054061764,295.5594,664.8215921999999
86.11299999999997,0.05423954999999999,297.5466,662.8327314000001
86.124,0.05388397799999999,296.553,662.8327314000001
86.13300000000001,0.052283904,297.5466,698.6322258
86.143,0.052639476,297.5466,692.6656434000001
86.17499999999998,0.052639476,295.5594,692.6656434000001
86.184,0.05281726199999999,297.5466,694.6545042
86.19399999999999,0.052639476,295.5594,694.6545042
86.203,0.05281726199999999,294.56579999999997,694.6545042
86.21399999999997,0.05281726199999999,293.5722,690.6767826000003
86.22299999999998,0.049972685999999995,294.56579999999997,728.4651377999999
86.23299999999998,0.04979489999999999,296.553,726.4762770000002
86.26500000000001,0.050150472,292.5786,726.4762770000002
86.275,0.049972685999999995,293.5722,726.4762770000002
86.28399999999996,0.050150472,294.56579999999997,726.4762770000002
86.29299999999998,0.050150472,296.553,730.4539986
86.30299999999997,0.050506044,293.5722,722.4985554
86.31300000000002,0.050328257999999994,297.5466,728.4651377999999
86.32199999999997,0.05068382999999999,296.553,726.4762770000002
86.33199999999997,0.05068382999999999,295.5594,728.4651377999999
86.34099999999998,0.05086161599999999,297.5466,724.4874162000001
86.35099999999997,0.051039402,295.5594,724.4874162000001
86.35999999999999,0.04712811,296.553,758.2980498000002
86.36999999999998,0.04677253799999999,296.553,756.3091890000005
86.4,0.04677253799999999,291.585,754.3203282000004
86.41,0.04695032399999999,297.5466,758.2980498000002
86.42799999999997,0.04712811,296.553,758.2980498000002
86.439,0.047483682,298.54019999999997,752.3314674000007
86.44899999999998,0.042861246000000006,296.553,788.1309618000005
86.458,0.042150101999999995,294.56579999999997,786.1421010000004
86.46799999999999,0.042327887999999994,295.5594,788.1309618000005
86.48999999999998,0.04250567399999999,294.56579999999997,784.1532402000003
86.49999999999997,0.04250567399999999,295.5594,788.1309618000005
86.51899999999998,0.04268345999999999,295.5594,788.1309618000005
86.52899999999997,0.04268345999999999,294.56579999999997,786.1421010000004
86.53900000000002,0.038238809999999984,296.553,813.9861522000006
86.549,0.03734987999999999,295.5594,817.9638738000003
86.559,0.03734987999999999,295.5594,817.9638738000003
86.56899999999999,0.037527666,297.5466,817.9638738000003
86.58000000000001,0.037527666,293.5722,815.9750130000002
86.59,0.037705452,296.553,815.9750130000002
86.60900000000001,0.038061024,297.5466,817.9638738000003
86.619,0.037527666,294.56579999999997,817.9638738000003
86.62899999999999,0.037883238,295.5594,817.9638738000003
86.63899999999998,0.037883238,295.5594,817.9638738000003
86.64899999999997,0.038061024,298.54019999999997,817.9638738000003
86.65899999999996,0.038238809999999984,296.553,815.9750130000002
86.66900000000001,0.038238809999999984,295.5594,815.9750130000002
86.679,0.032727443999999994,296.553,849.7856466000003
86.689,0.0320163,296.553,847.7967858000006
86.715,0.031838514,296.553,847.7967858000006
86.725,0.032194086,298.54019999999997,845.8079250000001
86.73400000000001,0.0320163,296.553,849.7856466000003
86.74299999999997,0.0320163,295.5594,849.7856466000003
86.75399999999999,0.0320163,295.5594,845.8079250000001
86.763,0.026860505999999992,295.5594,879.6185586000001
86.773,0.025971575999999996,295.5594,879.6185586000001
86.80499999999998,0.025616003999999998,293.5722,877.6296978000005
86.81499999999997,0.025616003999999998,297.5466,879.6185586000001
86.82399999999998,0.025793789999999997,297.5466,877.6296978000005
86.833,0.025438218,297.5466,879.6185586000001
86.84399999999997,0.025438218,297.5466,877.6296978000005
86.85299999999998,0.020282423999999993,295.5594,911.4403314000006
86.86299999999997,0.019393493999999997,294.56579999999997,911.4403314000006
86.89500000000001,0.019037922,295.5594,909.4514706000004
86.905,0.019037922,297.5466,911.4403314000006
86.91400000000002,0.019037922,296.553,909.4514706000004
86.92299999999997,0.018860135999999986,295.5594,911.4403314000006
86.934,0.018860135999999986,296.553,907.4626098000003
86.94300000000001,0.01459327199999999,298.54019999999997,941.2732434
86.953,0.013882127999999994,297.5466,943.2621042000005
86.98499999999999,0.012993197999999997,292.5786,939.2843826000003
86.99499999999998,0.012993197999999997,296.553,943.2621042000005
87.00399999999999,0.012815411999999984,297.5466,941.2732434
87.01399999999998,0.012815411999999984,298.54019999999997,941.2732434
87.023,0.012637625999999999,294.56579999999997,939.2843826000003
87.03299999999999,0.012815411999999984,295.5594,943.2621042000005
87.042,0.012637625999999999,297.5466,941.2732434
87.05199999999999,0.012637625999999999,296.553,941.2732434
87.061,0.012459839999999986,297.5466,943.2621042000005
87.071,0.012459839999999986,297.5466,937.2955218000002
87.08099999999999,0.008904119999999988,297.5466,973.0950162000004
87.09899999999996,0.008370762000000004,296.553,971.1061554000003
87.11999999999998,0.008015189999999991,294.56579999999997,971.1061554000003
87.12999999999997,0.007837403999999992,297.5466,973.0950162000004
87.14000000000001,0.007837403999999992,297.5466,973.0950162000004
87.15,0.007837403999999992,294.56579999999997,971.1061554000003
87.16,0.007659617999999993,294.56579999999997,967.1284338000005
87.16999999999999,0.007837403999999992,298.54019999999997,973.0950162000004
87.17999999999998,0.007837403999999992,296.553,971.1061554000003
87.18999999999997,0.007837403999999992,297.5466,971.1061554000003
87.19999999999996,0.007304045999999995,296.553,973.0950162000004
87.213,0.007304045999999995,297.5466,975.083877
87.22299999999998,0.004637255999999992,297.5466,1014.9137370000003
87.232,0.004637255999999992,296.553,1012.9974906000002
87.25499999999997,0.004459469999999993,295.5594,1009.1649978
87.26500000000001,0.004459469999999993,299.5338,1011.0812442000001
87.27399999999997,0.004103897999999995,294.56579999999997,1012.9974906000002
87.28399999999996,0.004103897999999995,295.5594,1012.9974906000002
87.29400000000001,0.0037483259999999963,296.553,1012.9974906000002
87.30299999999997,0.0023260380000000025,296.553,1041.7411865999998
87.31300000000002,0.0023260380000000025,295.5594,1041.7411865999998
87.345,0.001970466000000004,292.5786,1039.8249402000001
87.35499999999999,0.001970466000000004,296.553,1043.6574329999999
87.364,0.0021482519999999894,296.553,1039.8249402000001
87.374,0.0021482519999999894,297.5466,1039.8249402000001
87.38300000000001,0.001792679999999991,295.5594,1041.7411865999998
87.393,0.001970466000000004,298.54019999999997,1043.6574329999999
87.40200000000002,0.0014371079999999925,294.56579999999997,1043.6574329999999
87.412,0.0016148939999999917,296.553,1041.7411865999998
87.42099999999996,0.0016148939999999917,298.54019999999997,1043.6574329999999
87.43100000000001,0.0016148939999999917,294.56579999999997,1039.8249402000001
87.44999999999996,0.0007259639999999956,297.5466,1074.3173754
87.46000000000001,0.0009037499999999948,296.553,1070.4848826000002
87.47999999999999,0.00037039200000001105,294.56579999999997,1074.3173754
87.48999999999998,0.00037039200000001105,296.553,1076.2336218
87.499,0.0007259639999999956,296.553,1074.3173754
87.50899999999999,0.00037039200000001105,295.5594,1074.3173754
87.51899999999998,0.0005481779999999825,298.54019999999997,1072.4011290000003
87.52799999999999,0.00019260599999999795,295.5594,1104.9773178
87.53799999999998,-0.0003407520000000136,295.5594,1104.9773178
87.56999999999996,1.4819999999998723e-05,293.5722,1097.3123322000001
87.58000000000001,1.4819999999998723e-05,296.553,1103.0610714000004
87.58899999999997,-0.00016296600000001438,296.553,1103.0610714000004
87.59899999999996,1.4819999999998723e-05,296.553,1101.1448249999999
87.60900000000001,1.4819999999998723e-05,295.5594,1099.2285785999998
87.61799999999997,-0.00016296600000001438,305.49539999999996,1133.7210138
87.62800000000001,-0.00016296600000001438,309.46979999999996,1133.7210138
87.66,1.4819999999998723e-05,310.4634,1129.8885210000003
87.66999999999999,-0.00016296600000001438,309.46979999999996,1131.8047674
87.679,1.4819999999998723e-05,310.4634,1129.8885210000003
87.689,-0.0003407520000000136,311.457,1135.6372601999997
87.69999999999996,-0.00016296600000001438,310.4634,1129.8885210000003
87.71000000000001,1.4819999999998723e-05,342.2586,1158.6322169999999
87.71899999999997,-0.00016296600000001438,343.25219999999996,1162.4647098
87.72900000000001,-0.0003407520000000136,342.2586,1164.3809562000001
87.73799999999997,-0.00016296600000001438,343.25219999999996,1162.4647098
87.74999999999997,0.00019260599999999795,342.2586,1158.6322169999999
87.75999999999996,-0.0003407520000000136,344.2458,1162.4647098
87.76899999999998,1.4819999999998723e-05,345.2394,1162.4647098
87.77899999999997,-0.0005185379999999989,345.2394,1164.3809562000001
87.78799999999998,-0.00016296600000001438,344.2458,1160.5484634000004
87.79799999999997,-0.00016296600000001438,347.22659999999996,1164.3809562000001
87.80699999999999,0.00019260599999999795,347.22659999999996,1160.5484634000004
87.81699999999998,-0.0003407520000000136,347.22659999999996,1162.4647098
87.826,-0.00016296600000001438,349.2138,1164.3809562000001
87.83599999999998,-0.00016296600000001438,349.2138,1162.4647098
87.84599999999998,-0.0003407520000000136,379.0218,1195.0408986000002
87.85499999999999,-0.00016296600000001438,380.0154,1195.0408986000002
87.88499999999996,-0.0003407520000000136,379.0218,1193.1246521999997
87.89500000000001,-0.00016296600000001438,382.9962,1196.9571450000003
87.90399999999997,-0.0003407520000000136,382.0026,1191.2084058
87.91400000000002,-0.0003407520000000136,382.0026,1195.0408986000002
87.924,-0.0003407520000000136,382.9962,1193.1246521999997
87.93299999999996,0.00019260599999999795,412.8042,1219.9521018
87.94300000000001,1.4819999999998723e-05,413.7978,1223.7845945999998
87.975,-0.0003407520000000136,412.8042,1219.9521018
87.98499999999999,-0.00016296600000001438,415.78499999999997,1221.8683482000001
87.994,-0.0005185379999999989,413.7978,1223.7845945999998
88.00399999999999,1.4819999999998723e-05,414.7914,1221.8683482000001
88.013,-0.0005185379999999989,414.7914,1223.7845945999998
88.023,1.4819999999998723e-05,416.7786,1221.8683482000001
88.03200000000001,-0.0003407520000000136,415.78499999999997,1223.7845945999998
88.042,-0.00016296600000001438,416.7786,1221.8683482000001
88.061,-0.0003407520000000136,417.7722,1221.8683482000001
88.071,-0.0003407520000000136,449.56739999999996,1254.4445370000003
88.08099999999999,-0.00016296600000001438,449.56739999999996,1254.4445370000003
88.10999999999999,-0.00016296600000001438,448.5738,1250.6120442000001
88.11999999999998,-0.00016296600000001438,451.5546,1254.4445370000003
88.12899999999999,-0.0003407520000000136,450.561,1256.3607834
88.13899999999998,-0.0003407520000000136,450.561,1256.3607834
88.148,-0.0003407520000000136,449.56739999999996,1252.5282906000002
88.15799999999999,-0.00016296600000001438,451.5546,1252.5282906000002
88.167,-0.00016296600000001438,452.5482,1254.4445370000003
88.17699999999999,1.4819999999998723e-05,452.5482,1254.4445370000003
88.186,-0.0003407520000000136,451.5546,1252.5282906000002
88.196,-0.0003407520000000136,452.5482,1254.4445370000003
88.20599999999999,-0.0005185379999999989,482.3562,1285.1044794000004
88.215,-0.0003407520000000136,482.3562,1283.1882329999999
88.24499999999998,-0.0005185379999999989,482.3562,1281.2719865999998
88.25499999999997,1.4819999999998723e-05,483.3498,1281.2719865999998
88.26399999999998,-0.0003407520000000136,482.3562,1283.1882329999999
88.27399999999997,-0.0003407520000000136,482.3562,1281.2719865999998
88.28399999999996,-0.00016296600000001438,482.3562,1279.3557402000001
88.29400000000001,-0.0003407520000000136,514.1514,1315.7644218
88.30299999999997,-0.0003407520000000136,514.1514,1315.7644218
88.31300000000002,-0.0003407520000000136,515.145,1313.8481754
88.33500000000001,-0.00016296600000001438,512.1642,1311.9319290000003
88.345,0.00019260599999999795,514.1514,1311.9319290000003
88.35400000000001,-0.00016296600000001438,515.145,1313.8481754
88.364,-0.00016296600000001438,516.1386,1313.8481754
88.37299999999996,-0.00016296600000001438,514.1514,1308.0994362000001
88.38300000000001,1.4819999999998723e-05,515.145,1315.7644218
88.39199999999997,-0.00016296600000001438,515.145,1311.9319290000003
88.412,1.4819999999998723e-05,515.145,1311.9319290000003
88.422,-0.00016296600000001438,516.1386,1311.9319290000003
88.43199999999999,1.4819999999998723e-05,546.9402,1344.5081178
88.44199999999998,-0.00016296600000001438,545.9466000000001,1344.5081178
88.47,-0.00016296600000001438,544.9530000000001,1340.6756249999999
88.47999999999999,-0.00016296600000001438,545.9466000000001,1342.5918714000004
88.489,-0.00016296600000001438,546.9402,1344.5081178
88.499,-0.0003407520000000136,546.9402,1342.5918714000004
88.50800000000001,-0.00016296600000001438,546.9402,1342.5918714000004
88.518,-0.0003407520000000136,546.9402,1344.5081178
88.52700000000002,-0.00016296600000001438,546.9402,1342.5918714000004
88.60499999999999,1.4819999999998723e-05,578.7354,1373.2518138
88.65,-0.00016296600000001438,576.7482,1369.4193210000003
88.66,-0.0003407520000000136,577.7418,1373.2518138
88.66900000000001,-0.0003407520000000136,578.7354,1375.1680601999997
88.679,-0.00016296600000001438,578.7354,1373.2518138
88.68800000000002,-0.0003407520000000136,575.7546000000001,1371.3355674
88.69800000000001,-0.0003407520000000136,578.7354,1377.0843066000002
88.70699999999997,-0.0005185379999999989,578.7354,1375.1680601999997
88.71700000000001,-0.0003407520000000136,577.7418,1373.2518138
88.72599999999997,-0.00016296600000001438,578.7354,1373.2518138
88.73599999999996,1.4819999999998723e-05,577.7418,1371.3355674
88.74600000000001,-0.0003407520000000136,578.7354,1375.1680601999997
88.75499999999997,-0.0003407520000000136,577.7418,1377.0843066000002
88.785,-0.0005185379999999989,576.7482,1373.2518138
88.79499999999999,-0.00016296600000001438,578.7354,1375.1680601999997
88.804,1.4819999999998723e-05,578.7354,1375.1680601999997
88.814,-0.00016296600000001438,577.7418,1373.2518138
88.82399999999998,-0.0005185379999999989,578.7354,1371.3355674
88.83399999999997,-0.00016296600000001438,548.9274,1342.5918714000004
88.84299999999999,1.4819999999998723e-05,548.9274,1344.5081178
88.87499999999997,-0.00016296600000001438,548.9274,1344.5081178
88.88499999999996,-0.00016296600000001438,549.921,1346.4243642000001
88.89399999999998,-0.00016296600000001438,549.921,1344.5081178
88.90399999999997,1.4819999999998723e-05,549.921,1344.5081178
88.91400000000002,-0.00016296600000001438,548.9274,1338.7593785999998
88.924,-0.0003407520000000136,521.1066000000001,1313.8481754
88.934,-0.0003407520000000136,521.1066000000001,1313.8481754
88.95199999999997,-0.0003407520000000136,521.1066000000001,1313.8481754
88.965,-0.00016296600000001438,520.113,1310.0156826000002
88.975,-0.0003407520000000136,522.1002000000001,1315.7644218
88.98400000000001,-0.00016296600000001438,522.1002000000001,1313.8481754
88.994,-0.0003407520000000136,523.0938000000001,1315.7644218
89.00300000000001,-0.00016296600000001438,521.1066000000001,1310.0156826000002
89.023,-0.00016296600000001438,522.1002000000001,1313.8481754
89.03299999999999,-0.00016296600000001438,522.1002000000001,1311.9319290000003
89.04299999999998,1.4819999999998723e-05,523.0938000000001,1311.9319290000003
89.05299999999997,-0.00016296600000001438,522.1002000000001,1310.0156826000002
89.06300000000002,1.4819999999998723e-05,494.2794,1281.2719865999998
89.07300000000001,-0.00016296600000001438,493.2858,1281.2719865999998
89.1,-0.00016296600000001438,493.2858,1277.4394938
89.10999999999999,-0.0003407520000000136,494.2794,1283.1882329999999
89.119,-0.0003407520000000136,495.27299999999997,1285.1044794000004
89.12899999999999,-0.0003407520000000136,495.27299999999997,1283.1882329999999
89.13899999999998,-0.0003407520000000136,494.2794,1283.1882329999999
89.14899999999997,1.4819999999998723e-05,466.4586,1252.5282906000002
89.15899999999996,0.00019260599999999795,467.4522,1250.6120442000001
89.16799999999998,-0.00016296600000001438,466.4586,1254.4445370000003
89.18999999999997,-0.0003407520000000136,466.4586,1252.5282906000002
89.19999999999996,-0.00016296600000001438,467.4522,1252.5282906000002
89.20899999999997,-0.00016296600000001438,468.4458,1252.5282906000002
89.21899999999997,-0.00016296600000001438,468.4458,1254.4445370000003
89.22799999999998,-0.0003407520000000136,468.4458,1254.4445370000003
89.23799999999997,1.4819999999998723e-05,468.4458,1250.6120442000001
89.24699999999999,-0.0003407520000000136,469.4394,1254.4445370000003
89.25699999999998,-0.00016296600000001438,468.4458,1252.5282906000002
89.26599999999999,-0.0003407520000000136,468.4458,1254.4445370000003
89.27599999999998,-0.0005185379999999989,466.4586,1254.4445370000003
89.28599999999997,-0.0005185379999999989,439.6314,1223.7845945999998
89.29499999999999,-0.00016296600000001438,439.6314,1221.8683482000001
89.32499999999996,-0.0003407520000000136,438.63779999999997,1221.8683482000001
89.33500000000001,-0.00016296600000001438,440.625,1221.8683482000001
89.34399999999997,-0.00016296600000001438,439.6314,1221.8683482000001
89.36299999999997,-0.00016296600000001438,439.6314,1218.0358554000004
89.37299999999996,1.4819999999998723e-05,440.625,1221.8683482000001
89.38300000000001,-0.00016296600000001438,440.625,1221.8683482000001
89.393,-0.00016296600000001438,441.6186,1221.8683482000001
89.40299999999999,-0.00016296600000001438,442.6122,1221.8683482000001
89.41299999999998,-0.0003407520000000136,440.625,1221.8683482000001
89.42299999999997,-0.00016296600000001438,412.8042,1193.1246521999997
89.43299999999996,-0.00016296600000001438,413.7978,1193.1246521999997
89.46000000000001,-0.0003407520000000136,410.817,1189.2921594
89.47,-0.00016296600000001438,413.7978,1193.1246521999997
89.47900000000001,-0.0003407520000000136,413.7978,1195.0408986000002
89.489,-0.0003407520000000136,413.7978,1191.2084058
89.499,-0.00016296600000001438,413.7978,1189.2921594
89.50899999999999,-0.00016296600000001438,383.9898,1164.3809562000001
89.518,1.4819999999998723e-05,384.9834,1160.5484634000004
89.54999999999998,-0.0003407520000000136,382.9962,1160.5484634000004
89.55999999999997,-0.0003407520000000136,384.9834,1162.4647098
89.56899999999999,-0.0003407520000000136,384.9834,1160.5484634000004
89.57899999999998,-0.00016296600000001438,384.9834,1160.5484634000004
89.58899999999997,-0.0003407520000000136,382.9962,1158.6322169999999
89.59799999999998,-0.0003407520000000136,385.977,1164.3809562000001
89.60799999999998,-0.00016296600000001438,385.977,1162.4647098
89.61699999999999,1.4819999999998723e-05,385.977,1160.5484634000004
89.626,-0.00016296600000001438,385.977,1160.5484634000004
89.636,-0.00016296600000001438,384.9834,1156.7159705999998
89.64599999999999,-0.0003407520000000136,358.1562,1131.8047674
89.655,-0.00016296600000001438,359.14979999999997,1131.8047674
89.68499999999997,-0.00016296600000001438,356.169,1129.8885210000003
89.69499999999996,1.4819999999998723e-05,359.14979999999997,1133.7210138
89.71399999999997,-0.00016296600000001438,359.14979999999997,1133.7210138
89.72399999999996,-0.0003407520000000136,358.1562,1131.8047674
89.73400000000001,-0.0005185379999999989,329.3418,1106.8935642000001
89.744,-0.00016296600000001438,329.3418,1103.0610714000004
89.75399999999999,-0.0003407520000000136,330.3354,1104.9773178
89.775,-0.00016296600000001438,328.34819999999996,1103.0610714000004
89.785,-0.0005185379999999989,331.329,1106.8935642000001
89.804,-0.00016296600000001438,330.3354,1103.0610714000004
89.81499999999997,-0.0003407520000000136,329.3418,1101.1448249999999
89.83399999999997,1.4819999999998723e-05,300.5274,1072.4011290000003
89.84399999999997,1.4819999999998723e-05,302.5146,1072.4011290000003
89.85400000000001,-0.00016296600000001438,302.5146,1074.3173754
89.864,-0.0003407520000000136,301.52099999999996,1070.4848826000002
89.874,1.4819999999998723e-05,302.5146,1074.3173754
89.88399999999999,-0.0003407520000000136,301.52099999999996,1074.3173754
89.89399999999998,-0.0003407520000000136,301.52099999999996,1076.2336218
89.905,-0.00016296600000001438,303.5082,1070.4848826000002
89.924,-0.00016296600000001438,296.553,1043.6574329999999
89.934,1.4819999999998723e-05,298.54019999999997,1043.6574329999999
89.94399999999999,-0.00016296600000001438,296.553,1041.7411865999998
89.95399999999998,-0.00016296600000001438,294.56579999999997,1039.8249402000001
89.96399999999997,1.4819999999998723e-05,294.56579999999997,1041.7411865999998
89.97399999999996,-0.00016296600000001438,295.5594,1045.5736794000004
89.98400000000001,1.4819999999998723e-05,298.54019999999997,1041.7411865999998
89.994,-0.00016296600000001438,297.5466,1041.7411865999998
90.00399999999999,1.4819999999998723e-05,297.5466,1043.6574329999999
90.01399999999998,-0.00016296600000001438,297.5466,1043.6574329999999
90.02399999999997,1.4819999999998723e-05,298.54019999999997,1043.6574329999999
90.03399999999996,0.00019260599999999795,296.553,1041.7411865999998
90.04400000000001,-0.0003407520000000136,294.56579999999997,1043.6574329999999
90.054,0.0005481779999999825,296.553,1012.9974906000002
90.064,0.00019260599999999795,296.553,1012.9974906000002
90.09,-0.0003407520000000136,294.56579999999997,1012.9974906000002
90.1,-0.00016296600000001438,294.56579999999997,1012.9974906000002
90.10900000000001,-0.00016296600000001438,296.553,1014.9137370000003
90.119,1.4819999999998723e-05,299.5338,1014.9137370000003
90.12899999999999,-0.00016296600000001438,295.5594,1012.9974906000002
90.13899999999998,0.0005481779999999825,297.5466,973.0950162000004
90.148,1.4819999999998723e-05,296.553,973.0950162000004
90.17999999999998,1.4819999999998723e-05,295.5594,969.1172946000006
90.18999999999997,-0.00016296600000001438,295.5594,975.083877
90.19899999999998,0.00019260599999999795,295.5594,971.1061554000003
90.20899999999997,-0.00016296600000001438,295.5594,975.083877
90.21899999999997,-0.00016296600000001438,291.585,973.0950162000004
90.22799999999998,0.00037039200000001105,297.5466,971.1061554000003
90.23799999999997,1.4819999999998723e-05,298.54019999999997,973.0950162000004
90.24699999999999,1.4819999999998723e-05,296.553,973.0950162000004
90.256,0.00019260599999999795,298.54019999999997,973.0950162000004
90.26599999999999,0.00019260599999999795,295.5594,973.0950162000004
90.27599999999998,0.001081535999999994,298.54019999999997,941.2732434
90.29499999999999,0.00019260599999999795,296.553,943.2621042000005
90.31499999999997,0.0005481779999999825,294.56579999999997,939.2843826000003
90.33500000000001,0.0005481779999999825,298.54019999999997,941.2732434
90.345,1.4819999999998723e-05,294.56579999999997,943.2621042000005
90.35499999999999,-0.00016296600000001438,292.5786,941.2732434
90.36499999999998,0.00037039200000001105,295.5594,939.2843826000003
90.37499999999997,0.00037039200000001105,294.56579999999997,939.2843826000003
90.38499999999996,0.00037039200000001105,296.553,941.2732434
90.39500000000001,0.00037039200000001105,297.5466,945.2509650000006
90.405,0.00037039200000001105,294.56579999999997,943.2621042000005
90.41499999999999,0.0012593219999999933,297.5466,911.4403314000006
90.42499999999998,0.0007259639999999956,293.5722,911.4403314000006
90.44999999999996,0.0007259639999999956,294.56579999999997,907.4626098000003
90.46000000000001,0.0007259639999999956,294.56579999999997,909.4514706000004
90.46899999999997,0.0005481779999999825,293.5722,913.4291922000002
90.47900000000001,0.00037039200000001105,294.56579999999997,911.4403314000006
90.489,0.00037039200000001105,294.56579999999997,909.4514706000004
90.499,0.0014371079999999925,295.5594,881.6074194000003
90.50800000000001,0.001081535999999994,295.5594,881.6074194000003
90.53999999999999,0.001081535999999994,294.56579999999997,879.6185586000001
90.54999999999998,0.001081535999999994,296.553,881.6074194000003
90.559,0.001081535999999994,297.5466,881.6074194000003
90.56899999999999,0.0012593219999999933,296.553,881.6074194000003
90.57899999999998,0.001081535999999994,295.5594,877.6296978000005
90.588,0.0014371079999999925,296.553,875.6408370000004
90.59799999999998,0.0012593219999999933,297.5466,877.6296978000005
90.607,0.0009037499999999948,295.5594,881.6074194000003
90.61600000000001,0.0012593219999999933,295.5594,879.6185586000001
90.626,0.0012593219999999933,295.5594,877.6296978000005
90.64500000000001,0.0016148939999999917,294.56579999999997,849.7856466000003
90.655,0.0016148939999999917,296.553,849.7856466000003
90.67499999999998,0.0016148939999999917,292.5786,845.8079250000001
90.68499999999997,0.0016148939999999917,294.56579999999997,849.7856466000003
90.69499999999996,0.0016148939999999917,295.5594,849.7856466000003
90.70500000000001,0.001970466000000004,294.56579999999997,849.7856466000003
90.715,0.001792679999999991,296.553,849.7856466000003
90.725,0.0016148939999999917,296.553,849.7856466000003
90.73499999999999,0.001970466000000004,297.5466,847.7967858000006
90.74499999999998,0.001970466000000004,296.553,849.7856466000003
90.75499999999997,0.001970466000000004,296.553,849.7856466000003
90.76899999999998,0.0030371819999999994,294.56579999999997,817.9638738000003
90.77799999999999,0.002503823999999988,296.553,815.9750130000002
90.78799999999998,0.0021482519999999894,297.5466,821.9415954000001
90.80999999999997,0.0023260380000000025,293.5722,815.9750130000002
90.81999999999996,0.002503823999999988,297.5466,817.9638738000003
90.82899999999998,0.002503823999999988,296.553,817.9638738000003
90.83899999999997,0.002503823999999988,297.5466,817.9638738000003
90.84899999999996,0.0023260380000000025,294.56579999999997,815.9750130000002
90.85799999999998,0.0028593959999999863,298.54019999999997,815.9750130000002
90.86799999999997,0.002681610000000001,294.56579999999997,815.9750130000002
90.87699999999998,0.0028593959999999863,298.54019999999997,815.9750130000002
90.88699999999997,0.002681610000000001,295.5594,817.9638738000003
90.90599999999998,0.0039261119999999955,296.553,788.1309618000005
90.91599999999997,0.0032149679999999986,296.553,788.1309618000005
90.92600000000002,0.003570539999999997,297.5466,786.1421010000004
90.94499999999996,0.0032149679999999986,293.5722,788.1309618000005
90.95500000000001,0.003570539999999997,298.54019999999997,786.1421010000004
90.96399999999997,0.003392753999999998,295.5594,790.1198226000006
90.97399999999996,0.003392753999999998,296.553,790.1198226000006
90.98400000000001,0.003570539999999997,298.54019999999997,786.1421010000004
90.99299999999997,0.003570539999999997,296.553,790.1198226000006
91.00300000000001,0.003570539999999997,297.5466,788.1309618000005
91.01199999999997,0.003570539999999997,297.5466,790.1198226000006
91.02199999999996,0.003570539999999997,296.553,790.1198226000006
91.03099999999998,0.003570539999999997,295.5594,788.1309618000005
91.04099999999997,0.003570539999999997,297.5466,792.1086834000002
91.126,0.004992828000000005,296.553,756.3091890000005
91.13499999999996,0.004459469999999993,296.553,758.2980498000002
91.14500000000001,0.004459469999999993,294.56579999999997,760.2869106000003
91.15399999999997,0.004281683999999994,294.56579999999997,758.2980498000002
91.16400000000002,0.004637255999999992,295.5594,754.3203282000004
91.174,0.006059544,298.54019999999997,728.4651377999999
91.18299999999996,0.0055261859999999885,296.553,726.4762770000002
91.215,0.0055261859999999885,291.585,724.4874162000001
91.225,0.005703972000000002,296.553,728.4651377999999
91.23499999999999,0.005703972000000002,297.5466,726.4762770000002
91.244,0.005703972000000002,296.553,728.4651377999999
91.25399999999999,0.005881757999999987,290.59139999999996,722.4985554
91.263,0.005881757999999987,295.5594,728.4651377999999
91.273,0.005881757999999987,298.54019999999997,728.4651377999999
91.28200000000001,0.006237329999999999,296.553,726.4762770000002
91.292,0.006059544,297.5466,728.4651377999999
91.30100000000002,0.005881757999999987,295.5594,726.4762770000002
91.311,0.007304045999999995,296.553,694.6545042
91.31999999999996,0.006770687999999997,297.5466,698.6322258
91.35099999999997,0.006592901999999998,291.585,694.6545042
91.35999999999999,0.007126259999999995,296.553,696.6433650000001
91.36999999999998,0.006948473999999996,296.553,696.6433650000001
91.37899999999999,0.006770687999999997,295.5594,698.6322258
91.38899999999998,0.007304045999999995,296.553,692.6656434000001
91.398,0.007126259999999995,295.5594,696.6433650000001
91.40799999999999,0.007304045999999995,298.54019999999997,696.6433650000001
91.417,0.007304045999999995,298.54019999999997,696.6433650000001
91.43699999999998,0.007481831999999994,297.5466,692.6656434000001
91.44699999999997,0.00854854799999999,298.54019999999997,666.8104530000003
91.45599999999999,0.00819297599999999,296.553,664.8215921999999
91.48499999999999,0.00819297599999999,294.56579999999997,662.8327314000001
91.49499999999998,0.00819297599999999,297.5466,666.8104530000003
91.50399999999999,0.00819297599999999,296.553,666.8104530000003
91.51399999999998,0.00854854799999999,297.5466,664.8215921999999
91.52599999999998,0.00819297599999999,294.56579999999997,662.8327314000001
91.535,0.009437478,296.553,636.9775410000002
91.54499999999999,0.009081906,297.5466,636.9775410000002
91.554,0.009081906,297.5466,636.9775410000002
91.56300000000002,0.009259692,297.5466,634.9886802000001
91.576,0.009259692,293.5722,632.9998194000002
91.58500000000001,0.009259692,298.54019999999997,636.9775410000002
91.595,0.009259692,295.5594,634.9886802000001
91.60400000000001,0.009437478,299.5338,636.9775410000002
91.614,0.009437478,295.5594,632.9998194000002
91.62299999999996,0.009259692,296.553,638.9664018000001
91.63300000000001,0.009793049999999984,298.54019999999997,634.9886802000001
91.64199999999997,0.009615263999999998,297.5466,636.9775410000002
91.65200000000002,0.009793049999999984,297.5466,634.9886802000001
91.66099999999997,0.009437478,292.5786,636.9775410000002
91.67099999999996,0.010859765999999993,298.54019999999997,603.1669074000001
91.67999999999998,0.010326407999999995,297.5466,607.1446289999999
91.71099999999998,0.010148621999999996,295.5594,605.1557682
91.72,0.010148621999999996,295.5594,605.1557682
91.72999999999999,0.010504193999999994,295.5594,607.1446289999999
91.739,0.010681979999999994,297.5466,603.1669074000001
91.751,0.010504193999999994,292.5786,601.1780466
91.75999999999996,0.011215337999999991,294.56579999999997,571.3451345999999
91.77000000000001,0.011215337999999991,297.5466,573.3339954
91.77899999999997,0.010859765999999993,295.5594,573.3339954
91.78900000000002,0.010859765999999993,294.56579999999997,573.3339954
91.80100000000002,0.011215337999999991,293.5722,571.3451345999999
91.80999999999997,0.011215337999999991,296.553,575.3228562000002
91.81999999999996,0.011037551999999992,297.5466,575.3228562000002
91.82899999999998,0.011393124000000004,296.553,575.3228562000002
91.83899999999997,0.011037551999999992,293.5722,573.3339954
91.84799999999998,0.011393124000000004,297.5466,573.3339954
91.86699999999999,0.011393124000000004,293.5722,575.3228562000002
91.87699999999998,0.01157090999999999,295.5594,573.3339954
91.88699999999997,0.01157090999999999,295.5594,573.3339954
91.89699999999996,0.012104268000000001,296.553,543.5010834000002
91.90700000000001,0.011748696000000003,298.54019999999997,541.5122226000001
91.936,0.011393124000000004,292.5786,541.5122226000001
91.94499999999996,0.01157090999999999,297.5466,543.5010834000002
91.95500000000001,0.011926481999999988,298.54019999999997,543.5010834000002
91.96399999999997,0.01157090999999999,297.5466,545.4899442000001
91.97399999999996,0.011926481999999988,295.5594,543.5010834000002
91.98400000000001,0.011748696000000003,298.54019999999997,515.6570322
91.99299999999997,0.011393124000000004,298.54019999999997,513.6681714000001
92.02599999999998,0.011393124000000004,294.56579999999997,511.6793106
92.035,0.01157090999999999,296.553,513.6681714000001
92.04499999999999,0.01157090999999999,296.553,513.6681714000001
92.054,0.01157090999999999,297.5466,515.6570322
92.064,0.011748696000000003,296.553,511.6793106
92.07399999999998,0.011748696000000003,297.5466,485.82412020000015
92.083,0.010681979999999994,296.553,487.81298100000004
92.11600000000001,0.011215337999999991,294.56579999999997,483.83525940000004
92.12499999999997,0.011215337999999991,298.54019999999997,487.81298100000004
92.13499999999996,0.011215337999999991,297.5466,485.82412020000015
92.14399999999998,0.011215337999999991,295.5594,485.82412020000015
92.15399999999997,0.010859765999999993,294.56579999999997,483.83525940000004
92.16400000000002,0.011215337999999991,296.553,455.9912082000001
92.17299999999997,0.010504193999999994,297.5466,455.9912082000001
92.20599999999999,0.010326407999999995,295.5594,455.9912082000001
92.215,0.010326407999999995,296.553,457.98006899999996
92.225,0.010326407999999995,296.553,457.98006899999996
92.23400000000001,0.009970835999999997,295.5594,459.96892980000007
92.244,0.010504193999999994,293.5722,455.9912082000001
92.25300000000001,0.010681979999999994,298.54019999999997,455.9912082000001
92.263,0.010504193999999994,295.5594,457.98006899999996
92.27199999999996,0.010326407999999995,296.553,459.96892980000007
92.28200000000001,0.010504193999999994,296.553,457.98006899999996
92.29099999999997,0.010326407999999995,293.5722,455.9912082000001
92.30100000000002,0.010504193999999994,297.5466,426.1582962
92.30999999999997,0.009615263999999998,297.5466,428.1471570000001
92.34099999999998,0.009437478,292.5786,422.1805746
92.35,0.009437478,296.553,428.1471570000001
92.35999999999999,0.009259692,294.56579999999997,428.1471570000001
92.369,0.009615263999999998,296.553,428.1471570000001
92.37899999999999,0.009615263999999998,297.5466,426.1582962
92.38899999999998,0.009437478,296.553,400.30310580000014
92.40799999999999,0.00854854799999999,296.553,398.314245
92.43100000000001,0.008370762000000004,293.5722,396.32538420000014
92.43999999999997,0.008726334000000002,298.54019999999997,396.32538420000014
92.44999999999996,0.008726334000000002,299.5338,398.314245
92.45899999999997,0.00854854799999999,297.5466,398.314245
92.46899999999997,0.00854854799999999,297.5466,396.32538420000014
92.47900000000001,0.00819297599999999,296.553,368.48133299999995
92.49799999999996,0.007481831999999994,296.553,368.48133299999995
92.52099999999999,0.007126259999999995,293.5722,366.49247220000007
92.53,0.007126259999999995,294.56579999999997,368.48133299999995
92.53999999999999,0.007481831999999994,296.553,366.49247220000007
92.549,0.007304045999999995,295.5594,368.48133299999995
92.56800000000001,0.007304045999999995,297.5466,368.48133299999995
92.578,0.007481831999999994,297.5466,368.48133299999995
92.588,0.007481831999999994,296.553,368.48133299999995
92.59799999999998,0.007126259999999995,295.5594,368.48133299999995
92.60900000000001,0.007126259999999995,294.56579999999997,366.49247220000007
92.61799999999997,0.006948473999999996,296.553,336.6595602000002
92.62800000000001,0.0064151159999999985,299.5338,336.6595602000002
92.65599999999998,0.005881757999999987,293.5722,336.6595602000002
92.66499999999999,0.005881757999999987,294.56579999999997,338.6484210000001
92.67499999999998,0.005881757999999987,297.5466,338.6484210000001
92.684,0.005881757999999987,296.553,340.6372818
92.69399999999999,0.005703972000000002,295.5594,334.6706993999999
92.703,0.0055261859999999885,296.553,340.6372818
92.713,0.006059544,298.54019999999997,338.6484210000001
92.72200000000001,0.005703972000000002,294.56579999999997,336.6595602000002
92.732,0.005703972000000002,294.56579999999997,338.6484210000001
92.74100000000001,0.005881757999999987,297.5466,334.6706993999999
92.751,0.00517061399999999,296.553,308.815509
92.75999999999996,0.004992828000000005,298.54019999999997,306.82664820000014
92.79099999999997,0.004637255999999992,294.56579999999997,304.8377874
92.79999999999998,0.004459469999999993,296.553,308.815509
92.80999999999997,0.004815041999999992,296.553,304.8377874
92.82899999999998,0.004637255999999992,293.5722,304.8377874
92.83899999999997,0.004459469999999993,297.5466,308.815509
92.84899999999996,0.004281683999999994,295.5594,308.815509
92.85900000000001,0.004815041999999992,295.5594,306.82664820000014
92.869,0.004459469999999993,297.5466,308.815509
92.87899999999999,0.004281683999999994,295.5594,306.82664820000014
92.88899999999998,0.004103897999999995,296.553,278.98259699999994
92.89899999999997,0.003570539999999997,296.553,275.00487539999995
92.92600000000002,0.003570539999999997,294.56579999999997,273.01601460000006
92.93499999999997,0.0039261119999999955,298.54019999999997,276.99373620000006
92.94499999999996,0.003392753999999998,298.54019999999997,278.98259699999994
92.95399999999998,0.0037483259999999963,294.56579999999997,278.98259699999994
92.96399999999997,0.0039261119999999955,296.553,275.00487539999995
92.97299999999998,0.003570539999999997,294.56579999999997,276.99373620000006
92.98299999999998,0.0037483259999999963,295.5594,276.99373620000006
92.99199999999999,0.0039261119999999955,295.5594,275.00487539999995
93.00199999999998,0.003570539999999997,296.553,276.99373620000006
93.011,0.003570539999999997,295.5594,275.00487539999995
93.02099999999999,0.003570539999999997,298.54019999999997,247.1608242000002
93.03099999999998,0.0030371819999999994,294.56579999999997,247.1608242000002
93.061,0.0028593959999999863,295.5594,245.17196339999987
93.06999999999996,0.0028593959999999863,293.5722,245.17196339999987
93.08899999999997,0.0030371819999999994,296.553,247.1608242000002
93.09899999999996,0.0030371819999999994,296.553,245.17196339999987
93.10900000000001,0.002681610000000001,297.5466,217.32791220000013
93.119,0.0023260380000000025,296.553,215.33905140000002
93.12899999999999,0.002503823999999988,297.5466,215.33905140000002
93.15099999999998,0.002503823999999988,295.5594,215.33905140000002
93.16,0.002503823999999988,299.5338,215.33905140000002
93.179,0.002503823999999988,294.56579999999997,215.33905140000002
93.189,0.002681610000000001,295.5594,213.35019060000013
93.19899999999998,0.002681610000000001,298.54019999999997,217.32791220000013
93.20899999999997,0.002503823999999988,296.553,215.33905140000002
93.21899999999997,0.002681610000000001,296.553,217.32791220000013
93.22900000000001,0.002681610000000001,298.54019999999997,215.33905140000002
93.23999999999998,0.002681610000000001,296.553,211.36132980000025
93.249,0.0023260380000000025,295.5594,187.49500020000005
93.25899999999999,0.001970466000000004,294.56579999999997,187.49500020000005
93.28599999999997,0.0021482519999999894,293.5722,181.52841780000017
93.29499999999999,0.0021482519999999894,297.5466,185.50613939999994
93.30499999999998,0.0021482519999999894,296.553,185.50613939999994
93.314,0.0021482519999999894,297.5466,187.49500020000005
93.32399999999998,0.001970466000000004,294.56579999999997,183.51727860000005
93.333,0.0021482519999999894,296.553,185.50613939999994
93.34299999999999,0.0021482519999999894,297.5466,185.50613939999994
93.352,0.0021482519999999894,297.5466,185.50613939999994
93.362,0.001970466000000004,295.5594,185.50613939999994
93.37199999999999,0.001792679999999991,293.5722,183.51727860000005
93.381,0.001970466000000004,295.5594,155.6732274000001
93.39099999999999,0.001792679999999991,299.5338,157.6620882000002
93.42099999999996,0.0014371079999999925,293.5722,155.6732274000001
93.43999999999997,0.0021482519999999894,297.5466,155.6732274000001
93.44999999999996,0.0016148939999999917,297.5466,159.65094900000008
93.46000000000001,0.001792679999999991,294.56579999999997,153.68436659999998
93.47,0.001792679999999991,298.54019999999997,125.84031540000001
93.47999999999999,0.0014371079999999925,296.553,123.85145460000012
93.48999999999998,0.001081535999999994,295.5594,123.85145460000012
93.511,0.0014371079999999925,291.585,121.86259380000024
93.53,0.0014371079999999925,296.553,125.84031540000001
93.53999999999999,0.0016148939999999917,297.5466,125.84031540000001
93.54999999999998,0.0016148939999999917,296.553,125.84031540000001
93.55999999999997,0.001792679999999991,297.5466,125.84031540000001
93.56999999999996,0.001792679999999991,298.54019999999997,125.84031540000001
93.58000000000001,0.0014371079999999925,297.5466,125.84031540000001
93.60099999999997,0.0016148939999999917,295.5594,125.84031540000001
93.64899999999997,0.0012593219999999933,295.5594,96.00740339999993
93.65799999999999,0.0012593219999999933,297.5466,97.99626420000004
93.691,0.001081535999999994,294.56579999999997,96.00740339999993
93.69999999999996,0.0012593219999999933,299.5338,97.99626420000004
93.71000000000001,0.0012593219999999933,296.553,97.99626420000004
93.72,0.001081535999999994,296.553,97.99626420000004
93.72999999999999,0.0009037499999999948,293.5722,97.99626420000004
93.73999999999998,0.0012593219999999933,296.553,96.00740339999993
93.74999999999997,0.0009037499999999948,295.5594,97.99626420000004
93.75999999999996,0.001081535999999994,295.5594,97.99626420000004
93.77000000000001,0.001081535999999994,297.5466,97.99626420000004
93.78,0.001081535999999994,296.553,94.01854260000005
93.78999999999999,0.001081535999999994,295.5594,66.17449140000008
93.79999999999998,0.001081535999999994,296.553,66.17449140000008
93.826,0.0007259639999999956,294.56579999999997,64.1856306000002
93.83500000000001,0.0005481779999999825,297.5466,68.16335219999996
93.845,0.0009037499999999948,296.553,66.17449140000008
93.85400000000001,0.0007259639999999956,296.553,66.17449140000008
93.86499999999998,0.0009037499999999948,295.5594,64.1856306000002
93.87499999999997,0.00037039200000001105,295.5594,38.330440199999884
93.88399999999999,0.00037039200000001105,296.553,36.3415794
93.91599999999997,0.00037039200000001105,294.56579999999997,36.3415794
93.92499999999998,0.00037039200000001105,296.553,36.3415794
93.93499999999997,0.00037039200000001105,295.5594,36.3415794
93.94399999999999,0.0005481779999999825,294.56579999999997,36.3415794
93.95399999999998,0.00019260599999999795,291.585,34.35271860000012
93.963,0.00037039200000001105,296.553,36.3415794
93.97299999999998,0.0005481779999999825,297.5466,36.3415794
93.982,0.00037039200000001105,294.56579999999997,38.330440199999884
93.99199999999999,0.00019260599999999795,295.5594,38.330440199999884
94.00199999999998,0.00037039200000001105,294.56579999999997,32.363857800000005
94.02099999999999,0.00019260599999999795,297.5466,6.508667400000149
94.03099999999998,0.00019260599999999795,296.553,8.497528200000033
94.05100000000002,1.4819999999998723e-05,291.585,4.519806600000038
94.061,1.4819999999998723e-05,295.5594,6.508667400000149
94.071,0.00019260599999999795,296.553,6.508667400000149
94.08099999999999,0.00019260599999999795,296.553,6.508667400000149
94.09099999999998,1.4819999999998723e-05,295.5594,4.519806600000038
94.10099999999997,1.4819999999998723e-05,297.5466,6.508667400000149
94.11099999999996,0.0005481779999999825,298.54019999999997,6.508667400000149
94.12100000000001,0.00037039200000001105,299.5338,6.508667400000149
94.14099999999999,0.00019260599999999795,295.5594,6.508667400000149
94.15,0.00037039200000001105,296.553,4.519806600000038
94.16,1.4819999999998723e-05,296.553,8.497528200000033
94.16900000000001,0.00019260599999999795,298.54019999999997,6.508667400000149
94.179,-0.00016296600000001438,296.553,8.497528200000033
94.189,0.0005481779999999825,298.54019999999997,34.35271860000012
94.19899999999998,0.00019260599999999795,294.56579999999997,36.3415794
94.23099999999997,0.00019260599999999795,294.56579999999997,36.3415794
94.23999999999998,0.00037039200000001105,295.5594,36.3415794
94.24999999999997,0.00037039200000001105,298.54019999999997,38.330440199999884
94.25899999999999,0.00019260599999999795,296.553,38.330440199999884
94.26899999999998,-0.00016296600000001438,293.5722,38.330440199999884
94.27799999999999,0.00037039200000001105,296.553,36.3415794
94.28799999999998,0.00037039200000001105,295.5594,36.3415794
94.297,0.00019260599999999795,297.5466,38.330440199999884
94.30699999999999,0.00037039200000001105,295.5594,38.330440199999884
94.31699999999998,0.00037039200000001105,296.553,36.3415794
94.326,0.00019260599999999795,296.553,68.16335219999996
94.33599999999998,0.0007259639999999956,295.5594,68.16335219999996
94.36600000000001,0.0009037499999999948,295.5594,64.1856306000002
94.37499999999997,0.0009037499999999948,294.56579999999997,66.17449140000008
94.38499999999996,0.0009037499999999948,297.5466,68.16335219999996
94.39399999999998,0.001081535999999994,296.553,66.17449140000008
94.405,0.0007259639999999956,296.553,64.1856306000002
94.41499999999999,0.0012593219999999933,296.553,96.00740339999993
94.42499999999998,0.0012593219999999933,296.553,97.99626420000004
94.434,0.001792679999999991,297.5466,94.01854260000005
94.44300000000001,0.0014371079999999925,297.5466,97.99626420000004
94.45599999999999,0.0014371079999999925,293.5722,96.00740339999993
94.465,0.0012593219999999933,294.56579999999997,96.00740339999993
94.50399999999999,0.001792679999999991,296.553,127.82917620000012
94.51399999999998,0.0021482519999999894,297.5466,127.82917620000012
94.54599999999996,0.001970466000000004,290.59139999999996,125.84031540000001
94.55499999999998,0.0023260380000000025,298.54019999999997,125.84031540000001
94.56499999999997,0.002503823999999988,298.54019999999997,127.82917620000012
94.57399999999998,0.0023260380000000025,296.553,125.84031540000001
94.58399999999997,0.001970466000000004,293.5722,123.85145460000012
94.59299999999999,0.0021482519999999894,294.56579999999997,127.82917620000012
94.60299999999998,0.0023260380000000025,295.5594,125.84031540000001
94.612,0.0021482519999999894,295.5594,123.85145460000012
94.63199999999998,0.0021482519999999894,298.54019999999997,125.84031540000001
94.64199999999997,0.0028593959999999863,295.5594,157.6620882000002
94.65200000000002,0.003392753999999998,296.553,157.6620882000002
94.68100000000001,0.0032149679999999986,292.5786,155.6732274000001
94.68999999999997,0.003392753999999998,298.54019999999997,155.6732274000001
94.69999999999996,0.0032149679999999986,296.553,157.6620882000002
94.70899999999997,0.003392753999999998,295.5594,157.6620882000002
94.71899999999997,0.0032149679999999986,294.56579999999997,153.68436659999998
94.72900000000001,0.004459469999999993,297.5466,185.50613939999994
94.739,0.004637255999999992,297.5466,187.49500020000005
94.77099999999999,0.004637255999999992,293.5722,183.51727860000005
94.78,0.004637255999999992,296.553,185.50613939999994
94.78999999999999,0.004637255999999992,294.56579999999997,187.49500020000005
94.799,0.004815041999999992,295.5594,185.50613939999994
94.809,0.004815041999999992,293.5722,183.51727860000005
94.81899999999999,0.004637255999999992,296.553,185.50613939999994
94.828,0.004637255999999992,296.553,185.50613939999994
94.83699999999996,0.004637255999999992,297.5466,185.50613939999994
94.84700000000001,0.004459469999999993,297.5466,189.48386100000016
94.857,0.004815041999999992,295.5594,185.50613939999994
94.86600000000001,0.005881757999999987,295.5594,215.33905140000002
94.876,0.006237329999999999,295.5594,217.32791220000013
94.90599999999998,0.0064151159999999985,293.5722,213.35019060000013
94.91499999999999,0.006592901999999998,297.5466,215.33905140000002
94.92499999999998,0.006592901999999998,297.5466,217.32791220000013
94.934,0.006592901999999998,296.553,217.32791220000013
94.94399999999999,0.0064151159999999985,294.56579999999997,213.35019060000013
94.95399999999998,0.006237329999999999,294.56579999999997,217.32791220000013
94.963,0.0064151159999999985,294.56579999999997,215.33905140000002
94.982,0.006770687999999997,297.5466,215.33905140000002
94.99199999999999,0.006592901999999998,298.54019999999997,215.33905140000002
95.00199999999998,0.008015189999999991,296.553,247.1608242000002
95.01199999999997,0.00854854799999999,295.5594,247.1608242000002
95.04099999999997,0.00854854799999999,293.5722,245.17196339999987
95.04999999999998,0.008726334000000002,297.5466,247.1608242000002
95.05999999999997,0.008904119999999988,295.5594,247.1608242000002
95.06899999999999,0.00854854799999999,294.56579999999997,247.1608242000002
95.08000000000001,0.008726334000000002,296.553,245.17196339999987
95.08899999999997,0.010504193999999994,295.5594,276.99373620000006
95.09899999999996,0.011037551999999992,297.5466,278.98259699999994
95.131,0.011037551999999992,294.56579999999997,275.00487539999995
95.14000000000001,0.011215337999999991,297.5466,276.99373620000006
95.15,0.011215337999999991,295.5594,275.00487539999995
95.15899999999996,0.011215337999999991,295.5594,275.00487539999995
95.16900000000001,0.011037551999999992,294.56579999999997,275.00487539999995
95.179,0.01157090999999999,296.553,275.00487539999995
95.18800000000002,0.011215337999999991,296.553,276.99373620000006
95.19800000000001,0.011393124000000004,296.553,276.99373620000006
95.20699999999997,0.011393124000000004,296.553,280.97145780000005
95.21700000000001,0.01157090999999999,295.5594,275.00487539999995
95.22599999999997,0.013348769999999996,297.5466,306.82664820000014
95.23599999999996,0.014059913999999993,296.553,306.82664820000014
95.26599999999999,0.014059913999999993,296.553,306.82664820000014
95.275,0.014237699999999992,297.5466,308.815509
95.285,0.014237699999999992,295.5594,306.82664820000014
95.29400000000001,0.014415486000000005,297.5466,306.82664820000014
95.304,0.014415486000000005,294.56579999999997,304.8377874
95.314,0.014415486000000005,294.56579999999997,304.8377874
95.333,0.014415486000000005,295.5594,306.82664820000014
95.34299999999999,0.014771058000000004,296.553,304.8377874
95.35299999999998,0.014237699999999992,297.5466,306.82664820000014
95.36299999999997,0.016371131999999997,295.5594,338.6484210000001
95.37299999999996,0.01761563399999999,296.553,334.6706993999999
95.40099999999998,0.017260061999999993,290.59139999999996,336.6595602000002
95.41,0.01761563399999999,296.553,338.6484210000001
95.41999999999999,0.01761563399999999,296.553,338.6484210000001
95.429,0.01761563399999999,294.56579999999997,338.6484210000001
95.43999999999997,0.017793420000000004,296.553,334.6706993999999
95.44899999999998,0.019571279999999996,295.5594,370.4701938000003
95.45899999999997,0.020637995999999992,294.56579999999997,366.49247220000007
95.49100000000001,0.02099356799999999,296.553,368.48133299999995
95.49999999999997,0.02099356799999999,296.553,368.48133299999995
95.50999999999996,0.021349140000000003,295.5594,368.48133299999995
95.51899999999998,0.021349140000000003,296.553,368.48133299999995
95.52899999999997,0.02099356799999999,294.56579999999997,366.49247220000007
95.53900000000002,0.021349140000000003,297.5466,368.48133299999995
95.54799999999997,0.021349140000000003,296.553,368.48133299999995
95.55799999999996,0.021704712,296.553,366.49247220000007
95.56699999999998,0.021526925999999988,296.553,368.48133299999995
95.57699999999997,0.021526925999999988,295.5594,366.49247220000007
95.58599999999998,0.023482571999999993,296.553,398.314245
95.59599999999998,0.024727074,295.5594,398.314245
95.626,0.024904859999999987,293.5722,396.32538420000014
95.63499999999996,0.024904859999999987,296.553,398.314245
95.64500000000001,0.025260431999999985,297.5466,398.314245
95.65399999999997,0.025438218,296.553,396.32538420000014
95.66400000000002,0.025082646,296.553,396.32538420000014
95.68299999999996,0.025438218,298.54019999999997,398.314245
95.69300000000001,0.025260431999999985,296.553,400.30310580000014
95.703,0.025438218,296.553,398.314245
95.713,0.025082646,294.56579999999997,396.32538420000014
95.72299999999998,0.02757164999999999,295.5594,428.1471570000001
95.73299999999998,0.028993937999999997,295.5594,426.1582962
95.761,0.028816151999999998,295.5594,426.1582962
95.77000000000001,0.029171723999999996,295.5594,426.1582962
95.78,0.029349509999999995,296.553,424.1694354000001
95.78900000000002,0.029171723999999996,295.5594,428.1471570000001
95.799,0.029171723999999996,294.56579999999997,428.1471570000001
95.809,0.029527295999999995,298.54019999999997,428.1471570000001
95.81800000000001,0.029705081999999994,299.5338,426.1582962
95.828,0.029527295999999995,297.5466,426.1582962
95.83699999999996,0.029705081999999994,297.5466,428.1471570000001
95.84700000000001,0.029705081999999994,297.5466,424.1694354000001
95.85599999999997,0.0320163,296.553,457.98006899999996
95.86600000000001,0.03308301599999999,297.5466,457.98006899999996
95.89599999999999,0.03308301599999999,291.585,455.9912082000001
95.90599999999998,0.03361637399999999,297.5466,455.9912082000001
95.91499999999999,0.033794160000000004,296.553,455.9912082000001
95.924,0.033794160000000004,295.5594,457.98006899999996
95.94399999999999,0.033794160000000004,297.5466,457.98006899999996
95.95399999999998,0.034149732,297.5466,455.9912082000001
95.96399999999997,0.034149732,297.5466,455.9912082000001
95.97399999999996,0.03432751799999999,297.5466,455.9912082000001
95.98400000000001,0.03397194599999999,293.5722,454.0023474000002
95.994,0.03646094999999999,295.5594,485.82412020000015
96.00399999999999,0.037705452,298.54019999999997,485.82412020000015
96.03099999999998,0.037705452,294.56579999999997,485.82412020000015
96.03999999999999,0.037883238,297.5466,487.81298100000004
96.04999999999998,0.038061024,297.5466,485.82412020000015
96.059,0.037883238,297.5466,487.81298100000004
96.06899999999999,0.037883238,293.5722,483.83525940000004
96.07899999999998,0.038238809999999984,297.5466,485.82412020000015
96.088,0.038416596,294.56579999999997,487.81298100000004
96.16599999999997,0.041083386,293.5722,511.6793106
96.17600000000002,0.042150101999999995,298.54019999999997,513.6681714000001
96.18499999999997,0.042327887999999994,298.54019999999997,513.6681714000001
96.20399999999998,0.042327887999999994,294.56579999999997,511.6793106
96.21399999999997,0.04268345999999999,299.5338,511.6793106
96.22399999999996,0.04268345999999999,295.5594,513.6681714000001
96.23400000000001,0.042861246000000006,298.54019999999997,515.6570322
96.244,0.042861246000000006,297.5466,513.6681714000001
96.25399999999999,0.042861246000000006,297.5466,511.6793106
96.26399999999998,0.044639105999999984,294.56579999999997,543.5010834000002
96.27399999999997,0.045883608000000006,296.553,541.5122226000001
96.30100000000002,0.045883608000000006,294.56579999999997,541.5122226000001
96.311,0.046239180000000005,297.5466,541.5122226000001
96.31999999999996,0.046239180000000005,298.54019999999997,543.5010834000002
96.33000000000001,0.04606139399999999,296.553,543.5010834000002
96.34,0.04641696599999999,296.553,541.5122226000001
96.34899999999996,0.047839254,296.553,571.3451345999999
96.35900000000001,0.048372611999999995,297.5466,573.3339954
96.39099999999999,0.048728183999999994,291.585,571.3451345999999
96.40099999999998,0.04908375599999999,297.5466,573.3339954
96.41,0.04890597000000001,295.5594,575.3228562000002
96.41999999999999,0.04926154199999999,296.553,575.3228562000002
96.429,0.04926154199999999,295.5594,571.3451345999999
96.439,0.04926154199999999,294.56579999999997,575.3228562000002
96.44800000000001,0.049617114,295.5594,575.3228562000002
96.458,0.049617114,296.553,575.3228562000002
96.46700000000001,0.04979489999999999,295.5594,573.3339954
96.477,0.049972685999999995,296.553,575.3228562000002
96.48599999999996,0.05086161599999999,295.5594,603.1669074000001
96.49600000000001,0.051750545999999994,295.5594,603.1669074000001
96.52599999999998,0.051750545999999994,292.5786,603.1669074000001
96.53599999999997,0.051928332,296.553,605.1557682
96.55499999999998,0.05210611799999999,296.553,605.1557682
96.56499999999997,0.052639476,296.553,601.1780466
96.57499999999996,0.052283904,294.56579999999997,607.1446289999999
96.58500000000001,0.05246168999999999,298.54019999999997,605.1557682
96.595,0.052639476,294.56579999999997,607.1446289999999
96.60499999999999,0.05281726199999999,298.54019999999997,603.1669074000001
96.61499999999998,0.052639476,295.5594,603.1669074000001
96.62499999999997,0.05281726199999999,295.5594,638.9664018000001
96.63499999999996,0.053172834,296.553,636.9775410000002
96.66099999999997,0.053528405999999994,295.5594,634.9886802000001
96.67099999999996,0.05388397799999999,294.56579999999997,634.9886802000001
96.67999999999998,0.05370619199999999,297.5466,638.9664018000001
96.68999999999997,0.05388397799999999,298.54019999999997,634.9886802000001
96.69999999999996,0.05388397799999999,297.5466,636.9775410000002
96.70899999999997,0.052995047999999996,297.5466,666.8104530000003
96.71899999999997,0.053350619999999994,295.5594,664.8215921999999
96.751,0.053528405999999994,295.5594,662.8327314000001
96.75999999999996,0.05370619199999999,296.553,664.8215921999999
96.77000000000001,0.05370619199999999,295.5594,664.8215921999999
96.77899999999997,0.05388397799999999,297.5466,664.8215921999999
96.797,0.054061764,293.5722,662.8327314000001
96.80600000000001,0.054417336,297.5466,662.8327314000001
96.82499999999996,0.05459512199999999,296.553,664.8215921999999
96.83500000000001,0.054417336,293.5722,660.8438706000002
96.845,0.052995047999999996,296.553,692.6656434000001
96.85499999999999,0.052639476,294.56579999999997,696.6433650000001
96.86499999999998,0.052995047999999996,297.5466,692.6656434000001
96.886,0.052995047999999996,294.56579999999997,694.6545042
96.905,0.053172834,298.54019999999997,696.6433650000001
96.91499999999999,0.053350619999999994,297.5466,692.6656434000001
96.92499999999998,0.053350619999999994,294.56579999999997,692.6656434000001
96.93499999999997,0.053350619999999994,295.5594,698.6322258
96.94499999999996,0.05370619199999999,297.5466,692.6656434000001
96.95500000000001,0.05370619199999999,295.5594,696.6433650000001
96.965,0.05388397799999999,297.5466,696.6433650000001
96.975,0.054061764,295.5594,692.6656434000001
96.98499999999999,0.05121718799999999,297.5466,726.4762770000002
96.99499999999998,0.05068382999999999,296.553,728.4651377999999
97.02099999999999,0.05086161599999999,294.56579999999997,724.4874162000001
97.03099999999998,0.05086161599999999,295.5594,728.4651377999999
97.03999999999999,0.051394973999999996,296.553,726.4762770000002
97.04999999999998,0.051394973999999996,296.553,726.4762770000002
97.05999999999997,0.051039402,296.553,728.4651377999999
97.06899999999999,0.047661467999999985,297.5466,758.2980498000002
97.07899999999998,0.04677253799999999,295.5594,760.2869106000003
97.11099999999996,0.04712811,296.553,756.3091890000005
97.12100000000001,0.047305895999999986,297.5466,758.2980498000002
97.12999999999997,0.047305895999999986,296.553,760.2869106000003
97.14000000000001,0.047305895999999986,298.54019999999997,760.2869106000003
97.15,0.047661467999999985,298.54019999999997,756.3091890000005
97.15899999999996,0.04303903199999999,295.5594,790.1198226000006
97.16900000000001,0.042327887999999994,294.56579999999997,788.1309618000005
97.201,0.04268345999999999,294.56579999999997,784.1532402000003
97.21099999999998,0.042861246000000006,298.54019999999997,790.1198226000006
97.22,0.042861246000000006,297.5466,790.1198226000006
97.22999999999999,0.042861246000000006,297.5466,790.1198226000006
97.239,0.042861246000000006,290.59139999999996,784.1532402000003
97.249,0.043216818000000004,296.553,790.1198226000006
97.25800000000001,0.04303903199999999,296.553,792.1086834000002
97.268,0.04339460399999999,297.5466,788.1309618000005
97.27700000000002,0.04357239,298.54019999999997,790.1198226000006
97.287,0.043750176,296.553,782.1643794000001
97.297,0.039127739999999994,296.553,815.9750130000002
97.316,0.038061024,294.56579999999997,815.9750130000002
97.33599999999998,0.038416596,295.5594,815.9750130000002
97.34599999999998,0.03859438199999998,296.553,815.9750130000002
97.35599999999997,0.03859438199999998,297.5466,817.9638738000003
97.36600000000001,0.038772167999999996,298.54019999999997,817.9638738000003
97.376,0.03859438199999998,297.5466,815.9750130000002
97.386,0.03308301599999999,297.5466,849.7856466000003
97.39599999999999,0.032371871999999996,295.5594,849.7856466000003
97.42600000000002,0.032371871999999996,296.553,849.7856466000003
97.47099999999998,0.032549657999999995,297.5466,847.7967858000006
97.48099999999997,0.032194086,296.553,849.7856466000003
97.48999999999998,0.032371871999999996,298.54019999999997,849.7856466000003
97.49999999999997,0.032371871999999996,298.54019999999997,849.7856466000003
97.50899999999999,0.032727443999999994,293.5722,845.8079250000001
97.51899999999998,0.032549657999999995,295.5594,847.7967858000006
97.52799999999999,0.032194086,295.5594,851.7745074000004
97.53799999999998,0.032194086,297.5466,849.7856466000003
97.547,0.032371871999999996,295.5594,849.7856466000003
97.55699999999999,0.032549657999999995,296.553,845.8079250000001
97.576,0.026504933999999994,296.553,877.6296978000005
97.58599999999998,0.026504933999999994,299.5338,877.6296978000005
97.60599999999997,0.025616003999999998,294.56579999999997,875.6408370000004
97.61600000000001,0.025793789999999997,297.5466,881.6074194000003
97.62499999999997,0.025616003999999998,296.553,877.6296978000005
97.63499999999996,0.025793789999999997,296.553,879.6185586000001
97.64399999999998,0.025082646,295.5594,879.6185586000001
97.65399999999997,0.025616003999999998,297.5466,879.6185586000001
97.66299999999998,0.025260431999999985,298.54019999999997,879.6185586000001
97.67299999999997,0.025438218,296.553,879.6185586000001
97.68199999999999,0.025082646,294.56579999999997,881.6074194000003
97.69199999999998,0.025260431999999985,296.553,879.6185586000001
97.70199999999997,0.020282423999999993,298.54019999999997,911.4403314000006
97.71099999999998,0.019393493999999997,299.5338,911.4403314000006
97.74100000000001,0.019037922,293.5722,909.4514706000004
97.751,0.019037922,295.5594,911.4403314000006
97.75999999999996,0.019037922,297.5466,909.4514706000004
97.77000000000001,0.018860135999999986,297.5466,911.4403314000006
97.78099999999998,0.018860135999999986,297.5466,905.4737490000002
97.78999999999999,0.014415486000000005,298.54019999999997,943.2621042000005
97.79999999999998,0.013704341999999994,296.553,941.2732434
97.809,0.013704341999999994,298.54019999999997,941.2732434
97.81899999999999,0.013348769999999996,296.553,941.2732434
97.83099999999999,0.013348769999999996,293.5722,939.2843826000003
97.84099999999998,0.012993197999999997,294.56579999999997,941.2732434
97.85,0.013170983999999997,297.5466,941.2732434
97.85999999999999,0.013170983999999997,299.5338,939.2843826000003
97.869,0.012815411999999984,294.56579999999997,939.2843826000003
97.87899999999999,0.012459839999999986,295.5594,943.2621042000005
97.888,0.012637625999999999,295.5594,941.2732434
97.898,0.012459839999999986,296.553,941.2732434
97.917,0.012104268000000001,294.56579999999997,939.2843826000003
97.92699999999999,0.008726334000000002,296.553,973.0950162000004
97.93699999999998,0.00854854799999999,295.5594,973.0950162000004
97.96599999999998,0.007837403999999992,293.5722,969.1172946000006
97.97599999999997,0.007837403999999992,297.5466,973.0950162000004
97.98499999999999,0.007837403999999992,297.5466,973.0950162000004
97.99499999999998,0.007659617999999993,297.5466,971.1061554000003
98.00499999999997,0.007481831999999994,293.5722,973.0950162000004
98.01500000000001,0.004815041999999992,295.5594,1012.9974906000002
98.02399999999997,0.004992828000000005,298.54019999999997,1011.0812442000001
98.05600000000001,0.004103897999999995,293.5722,1011.0812442000001
98.066,0.004459469999999993,297.5466,1009.1649978
98.07499999999996,0.004103897999999995,294.56579999999997,1012.9974906000002
98.08500000000001,0.004281683999999994,297.5466,1014.9137370000003
98.095,0.004103897999999995,295.5594,1012.9974906000002
98.10400000000001,0.0023260380000000025,296.553,1043.6574329999999
98.114,0.002503823999999988,297.5466,1043.6574329999999
98.14599999999999,0.0021482519999999894,296.553,1039.8249402000001
98.15599999999998,0.001970466000000004,295.5594,1043.6574329999999
98.16499999999999,0.001970466000000004,296.553,1043.6574329999999
98.17499999999998,0.001792679999999991,295.5594,1041.7411865999998
98.184,0.0016148939999999917,294.56579999999997,1043.6574329999999
98.19399999999999,0.0021482519999999894,297.5466,1037.9086938
98.203,0.001792679999999991,296.553,1041.7411865999998
98.213,0.001970466000000004,297.5466,1043.6574329999999
98.22200000000001,0.001792679999999991,295.5594,1041.7411865999998
98.232,0.0014371079999999925,295.5594,1041.7411865999998
98.24199999999999,0.0005481779999999825,297.5466,1074.3173754
98.251,0.0009037499999999948,296.553,1074.3173754
98.28099999999998,0.0005481779999999825,293.5722,1070.4848826000002
98.29099999999997,0.0005481779999999825,295.5594,1074.3173754
98.29999999999998,0.0005481779999999825,295.5594,1072.4011290000003
98.30999999999997,0.001081535999999994,296.553,1070.4848826000002
98.31899999999999,0.0009037499999999948,297.5466,1070.4848826000002
98.32899999999998,0.00037039200000001105,296.553,1076.2336218
98.338,0.0005481779999999825,297.5466,1074.3173754
98.357,0.00019260599999999795,294.56579999999997,1072.4011290000003
98.36799999999997,0.00037039200000001105,295.5594,1072.4011290000003
98.37800000000001,-0.00016296600000001438,299.5338,1104.9773178
98.38699999999997,-0.0003407520000000136,296.553,1103.0610714000004
98.41599999999997,1.4819999999998723e-05,293.5722,1099.2285785999998
98.42600000000002,1.4819999999998723e-05,298.54019999999997,1103.0610714000004
98.43499999999997,1.4819999999998723e-05,298.54019999999997,1103.0610714000004
98.44499999999996,0.00019260599999999795,297.5466,1104.9773178
98.45399999999998,1.4819999999998723e-05,291.585,1099.2285785999998
98.46399999999997,1.4819999999998723e-05,298.54019999999997,1104.9773178
98.47299999999998,1.4819999999998723e-05,295.5594,1103.0610714000004
98.48299999999998,-0.00016296600000001438,296.553,1103.0610714000004
98.49199999999999,1.4819999999998723e-05,297.5466,1101.1448249999999
98.50199999999998,-0.0003407520000000136,294.56579999999997,1099.2285785999998
98.51199999999997,1.4819999999998723e-05,305.49539999999996,1135.6372601999997
98.52099999999999,1.4819999999998723e-05,310.4634,1131.8047674
98.55100000000002,-0.0005185379999999989,311.457,1131.8047674
98.561,-0.0003407520000000136,313.44419999999997,1131.8047674
98.56999999999996,-0.00016296600000001438,312.4506,1129.8885210000003
98.58000000000001,-0.00016296600000001438,313.44419999999997,1131.8047674
98.58899999999997,-0.00016296600000001438,313.44419999999997,1135.6372601999997
98.59899999999996,0.00019260599999999795,315.4314,1129.8885210000003
98.61799999999997,-0.00016296600000001438,315.4314,1133.7210138
98.686,-0.0003407520000000136,346.233,1160.5484634000004
98.696,1.4819999999998723e-05,348.2202,1160.5484634000004
98.70500000000001,-0.00016296600000001438,350.2074,1162.4647098
98.715,1.4819999999998723e-05,349.2138,1158.6322169999999
98.725,-0.00016296600000001438,349.2138,1158.6322169999999
98.73400000000001,-0.0003407520000000136,351.20099999999996,1162.4647098
98.744,-0.00016296600000001438,351.20099999999996,1160.5484634000004
98.75300000000001,1.4819999999998723e-05,353.1882,1160.5484634000004
98.763,1.4819999999998723e-05,352.1946,1160.5484634000004
98.77199999999996,-0.0005185379999999989,350.2074,1160.5484634000004
98.78200000000001,-0.0003407520000000136,382.9962,1196.9571450000003
98.79099999999997,-0.0005185379999999989,383.9898,1198.8733914
98.821,-0.0003407520000000136,382.9962,1191.2084058
98.83099999999999,-0.0003407520000000136,385.977,1195.0408986000002
98.84,1.4819999999998723e-05,386.9706,1193.1246521999997
98.85,1.4819999999998723e-05,385.977,1191.2084058
98.85900000000001,-0.0003407520000000136,384.9834,1189.2921594
98.87800000000001,-0.00016296600000001438,387.9642,1195.0408986000002
98.888,-0.00016296600000001438,386.9706,1193.1246521999997
98.898,1.4819999999998723e-05,387.9642,1191.2084058
98.90899999999996,-0.00016296600000001438,387.9642,1191.2084058
98.91900000000001,-0.0003407520000000136,418.7658,1223.7845945999998
98.92799999999997,-0.0003407520000000136,419.75939999999997,1223.7845945999998
98.95599999999999,-0.0003407520000000136,417.7722,1221.8683482000001
98.96599999999998,-0.00016296600000001438,419.75939999999997,1221.8683482000001
98.975,-0.00016296600000001438,421.7466,1223.7845945999998
98.98499999999999,-0.0005185379999999989,421.7466,1225.7008409999999
98.99499999999998,-0.0003407520000000136,419.75939999999997,1221.8683482000001
99.00499999999997,1.4819999999998723e-05,451.5546,1250.6120442000001
99.01399999999998,-0.00016296600000001438,451.5546,1250.6120442000001
99.04599999999996,-0.00016296600000001438,450.561,1248.6957978
99.05600000000001,-0.00016296600000001438,454.5354,1252.5282906000002
99.06499999999997,-0.00016296600000001438,453.54179999999997,1254.4445370000003
99.07499999999996,-0.0003407520000000136,453.54179999999997,1254.4445370000003
99.08500000000001,-0.0003407520000000136,452.5482,1250.6120442000001
99.095,-0.00016296600000001438,483.3498,1283.1882329999999
99.10400000000001,-0.00016296600000001438,483.3498,1283.1882329999999
99.136,-0.0003407520000000136,482.3562,1281.2719865999998
99.14599999999999,-0.0003407520000000136,484.3434,1285.1044794000004
99.155,-0.00016296600000001438,484.3434,1283.1882329999999
99.16499999999999,1.4819999999998723e-05,484.3434,1283.1882329999999
99.174,1.4819999999998723e-05,483.3498,1279.3557402000001
99.184,-0.0005185379999999989,485.337,1285.1044794000004
99.19300000000001,-0.00016296600000001438,485.337,1281.2719865999998
99.203,-0.00016296600000001438,485.337,1281.2719865999998
99.21199999999996,-0.0003407520000000136,485.337,1283.1882329999999
99.22200000000001,-0.0005185379999999989,484.3434,1281.2719865999998
99.232,1.4819999999998723e-05,515.145,1313.8481754
99.24100000000001,-0.0003407520000000136,516.1386,1315.7644218
99.27099999999999,-0.0005185379999999989,514.1514,1310.0156826000002
99.28099999999998,-0.00016296600000001438,516.1386,1313.8481754
99.28999999999999,1.4819999999998723e-05,517.1322,1310.0156826000002
99.29999999999998,-0.0003407520000000136,516.1386,1311.9319290000003
99.31899999999999,-0.00016296600000001438,517.1322,1311.9319290000003
99.32899999999998,-0.0005185379999999989,517.1322,1315.7644218
99.33899999999997,1.4819999999998723e-05,517.1322,1311.9319290000003
99.34899999999996,1.4819999999998723e-05,517.1322,1311.9319290000003
99.35900000000001,-0.00016296600000001438,516.1386,1310.0156826000002
99.369,-0.0005185379999999989,547.9338,1346.4243642000001
99.37899999999999,-0.00016296600000001438,548.9274,1344.5081178
99.40599999999998,-0.00016296600000001438,544.9530000000001,1338.7593785999998
99.41599999999997,-0.00016296600000001438,547.9338,1344.5081178
99.42499999999998,-0.00016296600000001438,547.9338,1344.5081178
99.43499999999997,-0.00016296600000001438,548.9274,1342.5918714000004
99.446,-0.0005185379999999989,546.9402,1338.7593785999998
99.45500000000001,-0.0003407520000000136,577.7418,1375.1680601999997
99.465,1.4819999999998723e-05,577.7418,1371.3355674
99.47399999999996,-0.0003407520000000136,578.7354,1379.0005530000003
99.49600000000001,-0.00016296600000001438,577.7418,1371.3355674
99.506,-0.0003407520000000136,578.7354,1377.0843066000002
99.51500000000001,-0.00016296600000001438,577.7418,1377.0843066000002
99.525,1.4819999999998723e-05,577.7418,1373.2518138
99.535,-0.0003407520000000136,576.7482,1371.3355674
99.54400000000001,-0.00016296600000001438,577.7418,1373.2518138
99.554,1.4819999999998723e-05,577.7418,1373.2518138
99.56300000000002,-0.0003407520000000136,577.7418,1373.2518138
99.57300000000001,1.4819999999998723e-05,576.7482,1373.2518138
99.58199999999997,-0.00016296600000001438,576.7482,1371.3355674
99.59200000000001,-0.0003407520000000136,577.7418,1375.1680601999997
99.60099999999997,-0.0003407520000000136,577.7418,1377.0843066000002
99.631,-0.0003407520000000136,575.7546000000001,1373.2518138
99.64099999999999,-0.00016296600000001438,577.7418,1375.1680601999997
99.65,-0.00016296600000001438,578.7354,1375.1680601999997
99.66999999999999,-0.00016296600000001438,576.7482,1371.3355674
99.67999999999998,-0.00016296600000001438,549.921,1346.4243642000001
99.68999999999997,1.4819999999998723e-05,548.9274,1344.5081178
99.69999999999996,-0.0003407520000000136,549.921,1348.3406106000002
99.72099999999998,-0.00016296600000001438,547.9338,1340.6756249999999
99.73099999999997,1.4819999999998723e-05,549.921,1342.5918714000004
99.74999999999997,-0.00016296600000001438,550.9146000000001,1344.5081178
99.75999999999996,0.00019260599999999795,548.9274,1342.5918714000004
99.77000000000001,1.4819999999998723e-05,549.921,1342.5918714000004
99.78,-0.00016296600000001438,550.9146000000001,1344.5081178
99.78999999999999,-0.0003407520000000136,551.9082000000001,1346.4243642000001
99.79999999999998,1.4819999999998723e-05,549.921,1342.5918714000004
99.80999999999997,-0.00016296600000001438,549.921,1342.5918714000004
99.81999999999996,-0.00016296600000001438,521.1066000000001,1311.9319290000003
99.83000000000001,-0.00016296600000001438,522.1002000000001,1313.8481754
99.85599999999997,-0.00016296600000001438,520.113,1313.8481754
99.86600000000001,-0.00016296600000001438,521.1066000000001,1313.8481754
99.90099999999998,0.00019260599999999795,520.113,1308.0994362000001
99.91099999999997,-0.0003407520000000136,523.0938000000001,1311.9319290000003
99.92999999999998,-0.00016296600000001438,523.0938000000001,1315.7644218
99.93999999999997,-0.00016296600000001438,522.1002000000001,1313.8481754
99.94999999999996,-0.00016296600000001438,523.0938000000001,1313.8481754
99.96000000000001,-0.00016296600000001438,523.0938000000001,1315.7644218
99.97,-0.00016296600000001438,523.0938000000001,1313.8481754
99.97999999999999,-0.00016296600000001438,523.0938000000001,1313.8481754
99.98999999999998,-0.00016296600000001438,521.1066000000001,1311.9319290000003
99.99999999999997,1.4819999999998723e-05,493.2858,1283.1882329999999
100.00999999999996,0.00019260599999999795,494.2794,1281.2719865999998
100.03599999999997,1.4819999999998723e-05,492.2922,1279.3557402000001
100.04599999999996,1.4819999999998723e-05,494.2794,1277.4394938
100.05499999999998,1.4819999999998723e-05,494.2794,1279.3557402000001
100.06499999999997,-0.00016296600000001438,495.27299999999997,1283.1882329999999
100.07499999999996,-0.0003407520000000136,494.2794,1281.2719865999998
100.08500000000001,-0.00016296600000001438,466.4586,1252.5282906000002
100.09399999999997,1.4819999999998723e-05,467.4522,1254.4445370000003
100.126,-0.0003407520000000136,465.465,1252.5282906000002
100.136,-0.0005185379999999989,467.4522,1256.3607834
100.14500000000001,-0.00016296600000001438,468.4458,1252.5282906000002
100.155,-0.0003407520000000136,468.4458,1252.5282906000002
100.16499999999999,-0.0003407520000000136,466.4586,1250.6120442000001
100.174,-0.0003407520000000136,468.4458,1254.4445370000003
100.184,-0.00016296600000001438,469.4394,1250.6120442000001
100.19300000000001,-0.00016296600000001438,469.4394,1252.5282906000002
100.203,-0.0003407520000000136,468.4458,1254.4445370000003
100.21199999999996,-0.00016296600000001438,467.4522,1250.6120442000001
100.22200000000001,-0.00016296600000001438,440.625,1221.8683482000001
100.23099999999997,-0.0003407520000000136,440.625,1225.7008409999999
100.261,-0.00016296600000001438,440.625,1219.9521018
100.28099999999998,0.00019260599999999795,441.6186,1221.8683482000001
100.29099999999997,-0.00016296600000001438,441.6186,1221.8683482000001
100.30100000000002,0.00019260599999999795,440.625,1218.0358554000004
100.311,-0.00016296600000001438,441.6186,1223.7845945999998
100.321,-0.00016296600000001438,441.6186,1221.8683482000001
100.33099999999999,1.4819999999998723e-05,440.625,1221.8683482000001
100.34099999999998,1.4819999999998723e-05,441.6186,1219.9521018
100.35099999999997,-0.00016296600000001438,441.6186,1221.8683482000001
100.36099999999996,-0.00016296600000001438,412.8042,1193.1246521999997
100.37100000000001,-0.00016296600000001438,413.7978,1195.0408986000002
100.39599999999999,-0.0003407520000000136,410.817,1187.3759129999999
100.40599999999998,-0.00016296600000001438,413.7978,1193.1246521999997
100.41499999999999,1.4819999999998723e-05,413.7978,1191.2084058
100.42499999999998,-0.00016296600000001438,414.7914,1193.1246521999997
100.43499999999997,-0.0003407520000000136,413.7978,1195.0408986000002
100.44499999999996,-0.00016296600000001438,383.9898,1162.4647098
100.45399999999998,-0.0003407520000000136,385.977,1164.3809562000001
100.48599999999996,-0.00016296600000001438,383.9898,1156.7159705999998
100.49600000000001,1.4819999999998723e-05,384.9834,1160.5484634000004
100.50499999999997,0.00019260599999999795,385.977,1160.5484634000004
100.51500000000001,-0.0003407520000000136,385.977,1162.4647098
100.525,1.4819999999998723e-05,384.9834,1160.5484634000004
100.53399999999996,-0.0003407520000000136,385.977,1164.3809562000001
100.54400000000001,-0.0003407520000000136,384.9834,1162.4647098
100.55299999999997,-0.00016296600000001438,385.977,1160.5484634000004
100.56300000000002,-0.00016296600000001438,386.9706,1160.5484634000004
100.57199999999997,-0.00016296600000001438,384.9834,1162.4647098
100.58199999999997,-0.00016296600000001438,358.1562,1133.7210138
100.60099999999997,-0.0003407520000000136,358.1562,1133.7210138
100.62100000000001,-0.00016296600000001438,358.1562,1127.9722746000002
100.631,1.4819999999998723e-05,359.14979999999997,1131.8047674
100.64099999999999,-0.0005185379999999989,359.14979999999997,1133.7210138
100.65099999999998,1.4819999999998723e-05,358.1562,1129.8885210000003
100.66099999999997,-0.0003407520000000136,357.1626,1127.9722746000002
100.67099999999996,1.4819999999998723e-05,330.3354,1103.0610714000004
100.68100000000001,-0.00016296600000001438,329.3418,1103.0610714000004
100.71099999999998,-0.00016296600000001438,329.3418,1101.1448249999999
100.72099999999998,-0.0003407520000000136,329.3418,1103.0610714000004
100.73099999999997,1.4819999999998723e-05,330.3354,1103.0610714000004
100.74100000000001,-0.00016296600000001438,331.329,1104.9773178
100.75199999999998,-0.00016296600000001438,329.3418,1101.1448249999999
100.761,1.4819999999998723e-05,301.52099999999996,1072.4011290000003
100.77099999999999,-0.00016296600000001438,299.5338,1072.4011290000003
100.78099999999998,1.4819999999998723e-05,300.5274,1072.4011290000003
100.80100000000002,-0.00016296600000001438,300.5274,1072.4011290000003
100.811,-0.00016296600000001438,299.5338,1070.4848826000002
100.81999999999996,1.4819999999998723e-05,302.5146,1072.4011290000003
100.83000000000001,-0.00016296600000001438,301.52099999999996,1074.3173754
100.84,-0.0003407520000000136,300.5274,1072.4011290000003
100.84899999999996,1.4819999999998723e-05,303.5082,1072.4011290000003
100.85900000000001,-0.00016296600000001438,300.5274,1072.4011290000003
100.86799999999997,1.4819999999998723e-05,303.5082,1074.3173754
100.87800000000001,0.00019260599999999795,302.5146,1072.4011290000003
100.88699999999997,-0.0005185379999999989,301.52099999999996,1070.4848826000002
100.89699999999996,-0.00016296600000001438,296.553,1045.5736794000004
100.90599999999998,-0.0003407520000000136,295.5594,1045.5736794000004
100.936,-0.0003407520000000136,293.5722,1041.7411865999998
100.946,-0.0003407520000000136,295.5594,1043.6574329999999
100.95599999999999,-0.0003407520000000136,294.56579999999997,1041.7411865999998
100.965,-0.00016296600000001438,296.553,1041.7411865999998
100.975,-0.00016296600000001438,295.5594,1043.6574329999999
100.98499999999999,0.0005481779999999825,297.5466,1012.9974906000002
100.994,0.00019260599999999795,299.5338,1014.9137370000003
101.02700000000002,1.4819999999998723e-05,293.5722,1009.1649978
101.03599999999997,1.4819999999998723e-05,296.553,1012.9974906000002
101.04599999999996,1.4819999999998723e-05,297.5466,1012.9974906000002
101.05499999999998,1.4819999999998723e-05,297.5466,1011.0812442000001
101.06499999999997,-0.0003407520000000136,294.56579999999997,1011.0812442000001
101.07499999999996,0.0007259639999999956,295.5594,973.0950162000004
101.08399999999997,0.0005481779999999825,296.553,969.1172946000006
101.11600000000001,0.00019260599999999795,296.553,973.0950162000004
101.16099999999997,0.00019260599999999795,295.5594,973.0950162000004
101.20699999999997,0.00019260599999999795,295.5594,969.1172946000006
101.21599999999998,0.00037039200000001105,297.5466,969.1172946000006
101.22599999999997,0.00037039200000001105,297.5466,971.1061554000003
101.23499999999999,-0.00016296600000001438,295.5594,975.083877
101.24499999999998,0.00019260599999999795,295.5594,969.1172946000006
101.25399999999999,0.00019260599999999795,296.553,971.1061554000003
101.26399999999998,1.4819999999998723e-05,296.553,975.083877
101.273,1.4819999999998723e-05,296.553,973.0950162000004
101.292,0.00037039200000001105,299.5338,973.0950162000004
101.30199999999999,0.0009037499999999948,296.553,939.2843826000003
101.31199999999998,0.00037039200000001105,296.553,943.2621042000005
101.34200000000001,0.00037039200000001105,296.553,941.2732434
101.35099999999997,0.00037039200000001105,296.553,941.2732434
101.35999999999999,0.00037039200000001105,296.553,943.2621042000005
101.36999999999998,0.00037039200000001105,297.5466,941.2732434
101.37999999999997,0.0005481779999999825,296.553,939.2843826000003
101.39000000000001,0.0012593219999999933,293.5722,909.4514706000004
101.39899999999997,0.0007259639999999956,296.553,911.4403314000006
101.43100000000001,0.0007259639999999956,292.5786,907.4626098000003
101.441,0.0009037499999999948,296.553,911.4403314000006
101.451,0.0009037499999999948,294.56579999999997,909.4514706000004
101.46000000000001,0.0009037499999999948,296.553,909.4514706000004
101.47,0.0005481779999999825,294.56579999999997,911.4403314000006
101.47999999999999,0.0021482519999999894,298.54019999999997,877.6296978000005
101.489,0.0012593219999999933,294.56579999999997,881.6074194000003
101.52199999999996,0.001081535999999994,295.5594,879.6185586000001
101.53099999999998,0.0012593219999999933,298.54019999999997,877.6296978000005
101.53999999999999,0.0012593219999999933,295.5594,879.6185586000001
101.54999999999998,0.001081535999999994,298.54019999999997,881.6074194000003
101.55999999999997,0.0012593219999999933,295.5594,879.6185586000001
101.56899999999999,0.0009037499999999948,296.553,881.6074194000003
101.57899999999998,0.0014371079999999925,295.5594,877.6296978000005
101.588,0.001081535999999994,294.56579999999997,879.6185586000001
101.59799999999998,0.001081535999999994,294.56579999999997,881.6074194000003
101.607,0.0014371079999999925,296.553,877.6296978000005
101.61699999999999,0.002503823999999988,296.553,847.7967858000006
101.626,0.001792679999999991,294.56579999999997,849.7856466000003
101.65700000000001,0.001792679999999991,293.5722,847.7967858000006
101.66599999999997,0.0016148939999999917,299.5338,851.7745074000004
101.67600000000002,0.0021482519999999894,300.5274,847.7967858000006
101.68499999999997,0.001792679999999991,295.5594,847.7967858000006
101.69499999999996,0.001792679999999991,297.5466,847.7967858000006
101.70500000000001,0.0028593959999999863,297.5466,817.9638738000003
101.71399999999997,0.002503823999999988,297.5466,817.9638738000003
101.74699999999999,0.0023260380000000025,293.5722,817.9638738000003
101.756,0.002503823999999988,296.553,817.9638738000003
101.76599999999999,0.002681610000000001,296.553,815.9750130000002
101.775,0.002681610000000001,296.553,817.9638738000003
101.785,0.002503823999999988,297.5466,817.9638738000003
101.79499999999999,0.003570539999999997,296.553,790.1198226000006
101.804,0.0030371819999999994,297.5466,790.1198226000006
101.83699999999996,0.0032149679999999986,294.56579999999997,786.1421010000004
101.84599999999998,0.003392753999999998,296.553,788.1309618000005
101.85599999999997,0.003392753999999998,296.553,788.1309618000005
101.86499999999998,0.003392753999999998,294.56579999999997,788.1309618000005
101.87499999999997,0.0032149679999999986,292.5786,786.1421010000004
101.88399999999999,0.003392753999999998,296.553,788.1309618000005
101.90299999999999,0.003570539999999997,296.553,788.1309618000005
101.91299999999998,0.003392753999999998,296.553,790.1198226000006
101.92299999999997,0.003570539999999997,294.56579999999997,784.1532402000003
101.93299999999996,0.004637255999999992,296.553,756.3091890000005
101.94300000000001,0.004459469999999993,297.5466,754.3203282000004
101.97200000000001,0.004281683999999994,295.5594,754.3203282000004
101.98099999999997,0.004281683999999994,297.5466,756.3091890000005
101.99100000000001,0.004459469999999993,296.553,756.3091890000005
101.99999999999997,0.004103897999999995,294.56579999999997,756.3091890000005
102.00999999999996,0.0039261119999999955,295.5594,758.2980498000002
102.02000000000001,0.005703972000000002,296.553,726.4762770000002
102.02899999999997,0.005348400000000003,297.5466,726.4762770000002
102.06199999999998,0.00517061399999999,295.5594,724.4874162000001
102.071,0.005348400000000003,298.54019999999997,726.4762770000002
102.08099999999999,0.005348400000000003,297.5466,726.4762770000002
102.09,0.005348400000000003,297.5466,728.4651377999999
102.1,0.0055261859999999885,296.553,726.4762770000002
102.10900000000001,0.005348400000000003,297.5466,728.4651377999999
102.119,0.0055261859999999885,295.5594,728.4651377999999
102.12800000000001,0.0055261859999999885,295.5594,728.4651377999999
102.138,0.005881757999999987,299.5338,728.4651377999999
102.14699999999996,0.0055261859999999885,295.5594,726.4762770000002
102.15700000000001,0.006948473999999996,298.54019999999997,694.6545042
102.16599999999997,0.006592901999999998,295.5594,696.6433650000001
102.19699999999997,0.0064151159999999985,294.56579999999997,694.6545042
102.20599999999999,0.0064151159999999985,294.56579999999997,696.6433650000001
102.21599999999998,0.006770687999999997,296.553,696.6433650000001
102.225,0.0064151159999999985,294.56579999999997,696.6433650000001
102.23499999999999,0.006770687999999997,293.5722,690.6767826000003
102.25399999999999,0.007126259999999995,298.54019999999997,696.6433650000001
102.26399999999998,0.006948473999999996,296.553,692.6656434000001
102.27399999999997,0.006770687999999997,297.5466,696.6433650000001
102.28399999999996,0.006948473999999996,296.553,692.6656434000001
102.29400000000001,0.00819297599999999,295.5594,662.8327314000001
102.304,0.007837403999999992,297.5466,662.8327314000001
102.33199999999997,0.007659617999999993,292.5786,664.8215921999999
102.34099999999998,0.007659617999999993,295.5594,662.8327314000001
102.35099999999997,0.007659617999999993,296.553,664.8215921999999
102.35999999999999,0.008370762000000004,294.56579999999997,660.8438706000002
102.36999999999998,0.007837403999999992,295.5594,660.8438706000002
102.37999999999997,0.009259692,298.54019999999997,632.9998194000002
102.38899999999998,0.008904119999999988,296.553,634.9886802000001
102.422,0.00854854799999999,292.5786,634.9886802000001
102.43100000000001,0.00854854799999999,295.5594,636.9775410000002
102.441,0.00854854799999999,294.56579999999997,634.9886802000001
102.44999999999996,0.008726334000000002,296.553,634.9886802000001
102.46000000000001,0.008726334000000002,292.5786,631.0109586000001
102.46899999999997,0.009081906,296.553,636.9775410000002
102.47900000000001,0.009081906,294.56579999999997,632.9998194000002
102.48799999999997,0.009081906,298.54019999999997,636.9775410000002
102.49799999999996,0.009259692,297.5466,634.9886802000001
102.50699999999998,0.009081906,292.5786,632.9998194000002
102.51699999999997,0.010504193999999994,297.5466,603.1669074000001
102.52700000000002,0.009793049999999984,295.5594,603.1669074000001
102.55699999999999,0.009615263999999998,293.5722,603.1669074000001
102.566,0.009793049999999984,295.5594,605.1557682
102.576,0.010148621999999996,296.553,603.1669074000001
102.58500000000001,0.009970835999999997,294.56579999999997,605.1557682
102.595,0.009970835999999997,293.5722,605.1557682
102.614,0.010326407999999995,295.5594,575.3228562000002
102.624,0.010504193999999994,298.54019999999997,573.3339954
102.64699999999996,0.010504193999999994,293.5722,571.3451345999999
102.65599999999998,0.010504193999999994,296.553,573.3339954
102.66599999999997,0.010859765999999993,295.5594,569.3562738
102.67499999999998,0.010681979999999994,296.553,573.3339954
102.68499999999997,0.010859765999999993,297.5466,571.3451345999999
102.70399999999998,0.010859765999999993,297.5466,543.5010834000002
102.71399999999997,0.010681979999999994,298.54019999999997,543.5010834000002
102.737,0.010859765999999993,295.5594,541.5122226000001
102.74600000000001,0.010859765999999993,295.5594,541.5122226000001
102.756,0.010859765999999993,297.5466,541.5122226000001
102.775,0.010859765999999993,291.585,541.5122226000001
102.785,0.011215337999999991,296.553,543.5010834000002
102.79499999999999,0.011215337999999991,296.553,543.5010834000002
102.80499999999998,0.011393124000000004,298.54019999999997,541.5122226000001
102.81499999999997,0.011215337999999991,294.56579999999997,543.5010834000002
102.82499999999996,0.011037551999999992,297.5466,543.5010834000002
102.83500000000001,0.011748696000000003,296.553,509.6904498000001
102.845,0.011037551999999992,298.54019999999997,513.6681714000001
102.87199999999999,0.010681979999999994,291.585,511.6793106
102.881,0.011215337999999991,298.54019999999997,513.6681714000001
102.89099999999999,0.011037551999999992,297.5466,511.6793106
102.9,0.011037551999999992,295.5594,515.6570322
102.91,0.011215337999999991,296.553,511.6793106
102.91900000000001,0.011393124000000004,295.5594,511.6793106
102.929,0.011215337999999991,294.56579999999997,511.6793106
102.93800000000002,0.011215337999999991,295.5594,513.6681714000001
102.94800000000001,0.01157090999999999,295.5594,513.6681714000001
102.95699999999997,0.011037551999999992,292.5786,513.6681714000001
102.96700000000001,0.011215337999999991,295.5594,485.82412020000015
102.977,0.010504193999999994,295.5594,487.81298100000004
103.00699999999998,0.011037551999999992,296.553,481.84639859999993
103.01599999999999,0.010859765999999993,297.5466,485.82412020000015
103.02599999999998,0.011037551999999992,297.5466,485.82412020000015
103.04499999999999,0.010859765999999993,293.5722,483.83525940000004
103.05499999999998,0.010859765999999993,298.54019999999997,455.9912082000001
103.06499999999997,0.010326407999999995,296.553,455.9912082000001
103.07499999999996,0.010148621999999996,297.5466,457.98006899999996
103.09700000000001,0.010148621999999996,294.56579999999997,454.0023474000002
103.10599999999997,0.010326407999999995,294.56579999999997,455.9912082000001
103.12499999999997,0.010504193999999994,296.553,455.9912082000001
103.13499999999996,0.009970835999999997,294.56579999999997,457.98006899999996
103.14500000000001,0.010326407999999995,294.56579999999997,457.98006899999996
103.155,0.010148621999999996,296.553,457.98006899999996
103.16499999999999,0.010326407999999995,297.5466,457.98006899999996
103.17499999999998,0.010326407999999995,295.5594,457.98006899999996
103.18499999999997,0.010148621999999996,293.5722,455.9912082000001
103.19499999999996,0.009970835999999997,296.553,428.1471570000001
103.20500000000001,0.009437478,296.553,428.1471570000001
103.232,0.008904119999999988,294.56579999999997,428.1471570000001
103.27700000000002,0.009259692,293.5722,428.1471570000001
103.28599999999997,0.009437478,297.5466,426.1582962
103.30499999999998,0.009081906,294.56579999999997,432.1248786000001
103.316,0.009259692,295.5594,426.1582962
103.326,0.008904119999999988,294.56579999999997,398.314245
103.33500000000001,0.008370762000000004,297.5466,396.32538420000014
103.345,0.008370762000000004,298.54019999999997,398.314245
103.36699999999999,0.00854854799999999,295.5594,396.32538420000014
103.376,0.00819297599999999,294.56579999999997,396.32538420000014
103.39500000000001,0.008370762000000004,296.553,396.32538420000014
103.40599999999998,0.00854854799999999,296.553,394.33652340000026
103.41599999999997,0.00854854799999999,298.54019999999997,398.314245
103.42600000000002,0.00819297599999999,295.5594,396.32538420000014
103.436,0.008370762000000004,297.5466,398.314245
103.446,0.00819297599999999,295.5594,398.314245
103.45599999999999,0.00819297599999999,295.5594,396.32538420000014
103.46599999999998,0.008370762000000004,298.54019999999997,366.49247220000007
103.47599999999997,0.007481831999999994,298.54019999999997,368.48133299999995
103.50199999999998,0.006948473999999996,290.59139999999996,364.5036114000002
103.511,0.007126259999999995,294.56579999999997,368.48133299999995
103.52099999999999,0.007304045999999995,295.5594,366.49247220000007
103.53,0.006948473999999996,294.56579999999997,370.4701938000003
103.53999999999999,0.006770687999999997,293.5722,366.49247220000007
103.54999999999998,0.006592901999999998,296.553,338.6484210000001
103.559,0.0064151159999999985,298.54019999999997,336.6595602000002
103.59200000000001,0.005881757999999987,295.5594,336.6595602000002
103.60099999999997,0.005881757999999987,298.54019999999997,338.6484210000001
103.61099999999996,0.005881757999999987,298.54019999999997,336.6595602000002
103.61999999999998,0.006059544,298.54019999999997,336.6595602000002
103.62999999999997,0.005881757999999987,298.54019999999997,336.6595602000002
103.63899999999998,0.005703972000000002,294.56579999999997,336.6595602000002
103.64899999999997,0.005881757999999987,296.553,336.6595602000002
103.727,0.00517061399999999,295.5594,308.815509
103.74600000000001,0.004637255999999992,296.553,306.82664820000014
103.756,0.004637255999999992,297.5466,306.82664820000014
103.76599999999999,0.004459469999999993,295.5594,304.8377874
103.77599999999998,0.004459469999999993,296.553,308.815509
103.78599999999997,0.004637255999999992,296.553,306.82664820000014
103.79599999999996,0.004637255999999992,296.553,306.82664820000014
103.80600000000001,0.004459469999999993,299.5338,308.815509
103.816,0.004281683999999994,297.5466,304.8377874
103.826,0.004281683999999994,296.553,276.99373620000006
103.83599999999998,0.003570539999999997,296.553,276.99373620000006
103.862,0.003392753999999998,295.5594,275.00487539999995
103.87100000000001,0.003392753999999998,297.5466,276.99373620000006
103.881,0.003570539999999997,296.553,275.00487539999995
103.89000000000001,0.0037483259999999963,297.5466,276.99373620000006
103.9,0.003570539999999997,297.5466,275.00487539999995
103.91,0.0037483259999999963,299.5338,245.17196339999987
103.91999999999999,0.0030371819999999994,297.5466,243.18310259999998
103.95199999999997,0.002681610000000001,292.5786,245.17196339999987
103.96099999999998,0.0030371819999999994,297.5466,247.1608242000002
103.97099999999998,0.002681610000000001,294.56579999999997,247.1608242000002
103.97999999999999,0.002681610000000001,295.5594,247.1608242000002
103.98999999999998,0.0028593959999999863,292.5786,243.18310259999998
103.999,0.002503823999999988,294.56579999999997,247.1608242000002
104.00899999999999,0.0030371819999999994,296.553,245.17196339999987
104.018,0.002681610000000001,295.5594,249.1496850000001
104.02799999999999,0.0030371819999999994,296.553,245.17196339999987
104.03799999999998,0.0028593959999999863,296.553,247.1608242000002
104.05699999999999,0.0023260380000000025,295.5594,215.33905140000002
104.06699999999998,0.0023260380000000025,296.553,215.33905140000002
104.08699999999996,0.002681610000000001,296.553,213.35019060000013
104.09700000000001,0.0023260380000000025,296.553,215.33905140000002
104.107,0.002503823999999988,298.54019999999997,215.33905140000002
104.11699999999999,0.002503823999999988,296.553,215.33905140000002
104.12699999999998,0.0023260380000000025,295.5594,215.33905140000002
104.13699999999997,0.002503823999999988,297.5466,217.32791220000013
104.14699999999996,0.002503823999999988,297.5466,215.33905140000002
104.15700000000001,0.002503823999999988,297.5466,217.32791220000013
104.167,0.0021482519999999894,299.5338,217.32791220000013
104.17999999999998,0.0021482519999999894,294.56579999999997,187.49500020000005
104.18999999999997,0.001970466000000004,294.56579999999997,185.50613939999994
104.19899999999998,0.0021482519999999894,297.5466,185.50613939999994
104.22200000000001,0.001792679999999991,294.56579999999997,181.52841780000017
104.23099999999997,0.001792679999999991,298.54019999999997,189.48386100000016
104.24100000000001,0.001970466000000004,296.553,185.50613939999994
104.24999999999997,0.0016148939999999917,294.56579999999997,185.50613939999994
104.261,0.001792679999999991,295.5594,183.51727860000005
104.27000000000001,0.0016148939999999917,296.553,157.6620882000002
104.28,0.0014371079999999925,296.553,157.6620882000002
104.31199999999998,0.0016148939999999917,290.59139999999996,153.68436659999998
104.321,0.001792679999999991,297.5466,155.6732274000001
104.33099999999999,0.0014371079999999925,296.553,157.6620882000002
104.34,0.001970466000000004,297.5466,155.6732274000001
104.35,0.001792679999999991,294.56579999999997,155.6732274000001
104.35999999999999,0.001792679999999991,297.5466,155.6732274000001
104.369,0.001970466000000004,298.54019999999997,155.6732274000001
104.37800000000001,0.001970466000000004,296.553,155.6732274000001
104.388,0.0021482519999999894,299.5338,157.6620882000002
104.40700000000001,0.0016148939999999917,295.5594,125.84031540000001
104.417,0.0014371079999999925,296.553,125.84031540000001
104.42699999999999,0.0012593219999999933,294.56579999999997,125.84031540000001
104.44699999999997,0.0016148939999999917,296.553,123.85145460000012
104.45599999999999,0.0014371079999999925,297.5466,127.82917620000012
104.46599999999998,0.0014371079999999925,295.5594,125.84031540000001
104.475,0.0014371079999999925,297.5466,125.84031540000001
104.48499999999999,0.0014371079999999925,292.5786,123.85145460000012
104.49499999999998,0.0016148939999999917,296.553,125.84031540000001
104.50399999999999,0.0012593219999999933,296.553,125.84031540000001
104.51399999999998,0.0014371079999999925,297.5466,125.84031540000001
104.523,0.0016148939999999917,296.553,125.84031540000001
104.53299999999999,0.0014371079999999925,296.553,123.85145460000012
104.583,0.001792679999999991,294.56579999999997,94.01854260000005
104.59200000000001,0.0014371079999999925,298.54019999999997,96.00740339999993
104.602,0.001081535999999994,296.553,97.99626420000004
104.61099999999996,0.0009037499999999948,298.54019999999997,97.99626420000004
104.62100000000001,0.0007259639999999956,295.5594,96.00740339999993
104.62999999999997,0.001081535999999994,296.553,64.1856306000002
104.64000000000001,0.0005481779999999825,296.553,68.16335219999996
104.672,0.00037039200000001105,294.56579999999997,66.17449140000008
104.68100000000001,0.0005481779999999825,296.553,68.16335219999996
104.691,0.0007259639999999956,295.5594,66.17449140000008
104.69999999999996,0.0005481779999999825,297.5466,66.17449140000008
104.71000000000001,0.0007259639999999956,293.5722,66.17449140000008
104.72,0.0007259639999999956,296.553,66.17449140000008
104.72900000000001,0.0005481779999999825,296.553,68.16335219999996
104.739,0.0009037499999999948,296.553,66.17449140000008
104.75800000000001,0.0007259639999999956,297.5466,66.17449140000008
104.768,0.0005481779999999825,295.5594,36.3415794
104.77799999999999,0.00037039200000001105,299.5338,36.3415794
104.80699999999999,0.00037039200000001105,293.5722,36.3415794
104.816,0.00019260599999999795,295.5594,38.330440199999884
104.826,0.00037039200000001105,296.553,36.3415794
104.83500000000001,0.0005481779999999825,295.5594,36.3415794
104.84599999999998,0.0005481779999999825,296.553,36.3415794
104.85499999999999,0.00019260599999999795,295.5594,6.508667400000149
104.86499999999998,0.00019260599999999795,297.5466,6.508667400000149
104.89699999999996,1.4819999999998723e-05,295.5594,4.519806600000038
104.90599999999998,0.00037039200000001105,298.54019999999997,6.508667400000149
104.91599999999997,-0.00016296600000001438,295.5594,6.508667400000149
104.92499999999998,1.4819999999998723e-05,294.56579999999997,6.508667400000149
104.93499999999997,0.00019260599999999795,294.56579999999997,4.519806600000038
104.94499999999996,1.4819999999998723e-05,297.5466,8.497528200000033
104.95399999999998,0.0005481779999999825,296.553,4.519806600000038
104.96399999999997,0.00037039200000001105,298.54019999999997,6.508667400000149
104.97299999999998,0.00019260599999999795,296.553,6.508667400000149
104.98299999999998,0.00019260599999999795,295.5594,4.519806600000038
104.99199999999999,1.4819999999998723e-05,293.5722,6.508667400000149
105.00199999999998,1.4819999999998723e-05,296.553,8.497528200000033
105.011,0.00019260599999999795,296.553,6.508667400000149
105.02099999999999,1.4819999999998723e-05,296.553,8.497528200000033
105.03,1.4819999999998723e-05,293.5722,6.508667400000149
105.03999999999999,0.00019260599999999795,295.5594,6.508667400000149
105.049,0.00019260599999999795,296.553,8.497528200000033
105.06800000000001,0.00019260599999999795,295.5594,4.519806600000038
105.078,1.4819999999998723e-05,295.5594,6.508667400000149
105.088,0.00019260599999999795,297.5466,6.508667400000149
105.09799999999998,0.00019260599999999795,295.5594,6.508667400000149
105.10799999999998,0.00019260599999999795,295.5594,6.508667400000149
105.119,0.00037039200000001105,294.56579999999997,4.519806600000038
105.12800000000001,0.00037039200000001105,296.553,6.508667400000149
105.138,1.4819999999998723e-05,296.553,6.508667400000149
105.148,0.00037039200000001105,297.5466,6.508667400000149
105.15899999999996,0.00019260599999999795,295.5594,6.508667400000149
105.16799999999998,0.00019260599999999795,296.553,8.497528200000033
105.17799999999997,0.00019260599999999795,298.54019999999997,6.508667400000149
105.18800000000002,0.00019260599999999795,295.5594,6.508667400000149
105.19800000000001,0.00019260599999999795,296.553,8.497528200000033
105.20899999999997,1.4819999999998723e-05,293.5722,4.519806600000038
105.21799999999999,0.00037039200000001105,298.54019999999997,6.508667400000149
105.22799999999998,1.4819999999998723e-05,295.5594,8.497528200000033
105.23799999999997,0.00037039200000001105,297.5466,6.508667400000149
105.249,-0.00016296600000001438,295.5594,6.508667400000149
105.25899999999999,1.4819999999998723e-05,297.5466,6.508667400000149
105.26899999999998,0.00019260599999999795,298.54019999999997,6.508667400000149
105.27899999999997,1.4819999999998723e-05,297.5466,6.508667400000149
105.28900000000002,1.4819999999998723e-05,294.56579999999997,8.497528200000033
105.299,0.00037039200000001105,296.553,4.519806600000038
105.309,0.00037039200000001105,297.5466,4.519806600000038
105.31899999999999,0.00037039200000001105,298.54019999999997,6.508667400000149
105.32899999999998,1.4819999999998723e-05,298.54019999999997,8.497528200000033
105.33899999999997,0.00019260599999999795,297.5466,4.519806600000038
105.34899999999996,1.4819999999998723e-05,297.5466,6.508667400000149
105.35900000000001,0.00019260599999999795,296.553,6.508667400000149
105.369,0.00019260599999999795,296.553,6.508667400000149
105.37899999999999,0.00037039200000001105,296.553,6.508667400000149
105.38899999999998,0.00019260599999999795,296.553,4.519806600000038
105.39899999999997,0.00037039200000001105,297.5466,6.508667400000149
105.40899999999996,1.4819999999998723e-05,295.5594,8.497528200000033
105.41900000000001,0.0005481779999999825,298.54019999999997,6.508667400000149
105.429,-0.00016296600000001438,293.5722,4.519806600000038
105.439,1.4819999999998723e-05,295.5594,6.508667400000149
105.44899999999998,-0.00016296600000001438,294.56579999999997,6.508667400000149
105.45899999999997,-0.00016296600000001438,296.553,6.508667400000149
105.46899999999997,0.00037039200000001105,296.553,4.519806600000038
105.47900000000001,1.4819999999998723e-05,294.56579999999997,4.519806600000038
105.489,0.00037039200000001105,296.553,6.508667400000149
105.499,0.00019260599999999795,297.5466,4.519806600000038
105.50899999999999,0.00037039200000001105,296.553,6.508667400000149
105.51899999999998,0.00019260599999999795,296.553,4.519806600000038
105.52899999999997,0.00019260599999999795,297.5466,8.497528200000033
105.53900000000002,-0.00016296600000001438,295.5594,8.497528200000033
105.549,0.00019260599999999795,298.54019999999997,6.508667400000149
105.559,0.00019260599999999795,297.5466,6.508667400000149
105.56899999999999,1.4819999999998723e-05,291.585,2.5309457999999267
105.57899999999998,1.4819999999998723e-05,296.553,6.508667400000149
105.58899999999997,0.00019260599999999795,296.553,6.508667400000149
105.59899999999996,1.4819999999998723e-05,297.5466,6.508667400000149
105.60900000000001,-0.00016296600000001438,291.585,4.519806600000038
105.619,0.00019260599999999795,296.553,6.508667400000149
105.62899999999999,1.4819999999998723e-05,295.5594,6.508667400000149
105.63899999999998,1.4819999999998723e-05,296.553,8.497528200000033
105.64899999999997,1.4819999999998723e-05,296.553,6.508667400000149
105.65899999999996,1.4819999999998723e-05,293.5722,6.508667400000149
105.66900000000001,1.4819999999998723e-05,296.553,8.497528200000033
105.679,0.00019260599999999795,296.553,6.508667400000149
105.70699999999997,1.4819999999998723e-05,291.585,2.5309457999999267
105.71700000000001,0.00019260599999999795,297.5466,6.508667400000149
105.72599999999997,0.00037039200000001105,296.553,6.508667400000149
105.73599999999996,-0.00016296600000001438,294.56579999999997,8.497528200000033
105.74600000000001,0.00037039200000001105,296.553,4.519806600000038
105.75499999999997,0.00019260599999999795,299.5338,8.497528200000033
105.76500000000001,1.4819999999998723e-05,298.54019999999997,8.497528200000033
105.77399999999997,1.4819999999998723e-05,294.56579999999997,6.508667400000149
105.78399999999996,1.4819999999998723e-05,299.5338,10.486389000000145
105.79299999999998,-0.00016296600000001438,294.56579999999997,6.508667400000149
105.80299999999997,1.4819999999998723e-05,295.5594,8.497528200000033
105.81199999999998,0.00019260599999999795,296.553,6.508667400000149
105.82199999999997,0.00037039200000001105,295.5594,6.508667400000149
105.83099999999999,1.4819999999998723e-05,295.5594,6.508667400000149
105.84099999999998,1.4819999999998723e-05,295.5594,4.519806600000038
105.85,1.4819999999998723e-05,296.553,8.497528200000033
105.869,1.4819999999998723e-05,297.5466,6.508667400000149
105.87999999999997,0.00019260599999999795,294.56579999999997,4.519806600000038
105.89000000000001,1.4819999999998723e-05,297.5466,6.508667400000149
105.89899999999997,0.00019260599999999795,297.5466,8.497528200000033
105.91,0.00019260599999999795,297.5466,8.497528200000033
105.91999999999999,0.00019260599999999795,298.54019999999997,8.497528200000033
105.92999999999998,0.00019260599999999795,294.56579999999997,4.519806600000038
105.93999999999997,1.4819999999998723e-05,294.56579999999997,4.519806600000038
105.94999999999996,1.4819999999998723e-05,297.5466,6.508667400000149
105.96000000000001,0.00019260599999999795,297.5466,4.519806600000038
105.97,0.00019260599999999795,296.553,4.519806600000038
105.97999999999999,1.4819999999998723e-05,297.5466,8.497528200000033
105.98999999999998,1.4819999999998723e-05,297.5466,8.497528200000033
105.99999999999997,1.4819999999998723e-05,297.5466,8.497528200000033
106.00999999999996,0.00019260599999999795,298.54019999999997,6.508667400000149
106.02000000000001,0.00019260599999999795,295.5594,4.519806600000038
106.03,0.00037039200000001105,298.54019999999997,6.508667400000149
106.03999999999999,0.00019260599999999795,297.5466,6.508667400000149
106.04999999999998,0.00019260599999999795,298.54019999999997,6.508667400000149
106.05999999999997,1.4819999999998723e-05,293.5722,6.508667400000149
106.06999999999996,0.00037039200000001105,298.54019999999997,6.508667400000149
106.08000000000001,0.00019260599999999795,298.54019999999997,6.508667400000149
106.09,1.4819999999998723e-05,297.5466,8.497528200000033
106.1,0.00019260599999999795,296.553,6.508667400000149
106.10999999999999,1.4819999999998723e-05,294.56579999999997,4.519806600000038
106.11999999999998,1.4819999999998723e-05,293.5722,6.508667400000149
106.12999999999997,-0.00016296600000001438,295.5594,8.497528200000033
106.14000000000001,1.4819999999998723e-05,297.5466,6.508667400000149
106.15,-0.00016296600000001438,295.5594,6.508667400000149
106.16,0.00019260599999999795,295.5594,4.519806600000038
106.16999999999999,0.00019260599999999795,297.5466,4.519806600000038
106.20199999999997,1.4819999999998723e-05,296.553,6.508667400000149
