Time (s),Channel 1 (mA),Channel 2 (mV),Channel 3 (mV)
0.0,0.0021482519999999894,29.2746,678.7436178000003
0.010000000000218279,0.0023260380000000025,29.2746,678.7436178000003
0.01999999999998181,0.0023260380000000025,29.2746,678.7436178000003
0.03000000000020009,0.0021482519999999894,30.2682,682.7213394
0.03999999999996362,0.002503823999999988,30.2682,678.7436178000003
0.0500000000001819,0.0021482519999999894,30.2682,680.7324786000001
0.05999999999994543,0.0023260380000000025,29.2746,680.7324786000001
0.07000000000016371,0.0021482519999999894,30.2682,680.7324786000001
0.07999999999992724,0.0021482519999999894,30.2682,682.7213394
0.09000000000014552,0.002503823999999988,31.2618,676.7547569999999
0.09999999999990905,0.001970466000000004,30.2682,680.7324786000001
0.11000000000012733,0.0021482519999999894,29.2746,678.7436178000003
0.11999999999989086,0.0023260380000000025,30.2682,680.7324786000001
0.13000000000010914,0.001970466000000004,29.2746,680.7324786000001
0.13999999999987267,0.0021482519999999894,29.2746,678.7436178000003
0.15000000000009095,0.001792679999999991,30.2682,684.7102002000001
0.15999999999985448,0.0021482519999999894,30.2682,680.7324786000001
0.17000000000007276,0.001970466000000004,29.2746,680.7324786000001
0.18100000000004002,0.0021482519999999894,31.2618,676.7547569999999
0.19000000000005457,0.001970466000000004,29.2746,684.7102002000001
0.1999999999998181,0.0021482519999999894,29.2746,680.7324786000001
0.21000000000003638,0.0021482519999999894,29.2746,680.7324786000001
0.22100000000000364,0.0021482519999999894,29.2746,678.7436178000003
0.23100000000022192,0.0021482519999999894,31.2618,680.7324786000001
0.24099999999998545,0.0021482519999999894,30.2682,680.7324786000001
0.2510000000002037,0.0023260380000000025,29.2746,678.7436178000003
0.26099999999996726,0.0021482519999999894,28.281,680.7324786000001
0.27100000000018554,0.0021482519999999894,31.2618,680.7324786000001
0.28099999999994907,0.001970466000000004,31.2618,680.7324786000001
0.29100000000016735,0.0021482519999999894,28.281,680.7324786000001
0.3009999999999309,0.0021482519999999894,30.2682,678.7436178000003
0.31100000000014916,0.0021482519999999894,31.2618,678.7436178000003
0.3209999999999127,0.0021482519999999894,29.2746,680.7324786000001
0.33100000000013097,0.001970466000000004,29.2746,680.7324786000001
0.3409999999998945,0.0021482519999999894,30.2682,680.7324786000001
0.3510000000001128,0.002681610000000001,29.2746,678.7436178000003
0.3609999999998763,0.0023260380000000025,30.2682,678.7436178000003
0.3710000000000946,0.0021482519999999894,30.2682,678.7436178000003
0.3809999999998581,0.001970466000000004,30.2682,680.7324786000001
0.3910000000000764,0.001970466000000004,30.2682,680.7324786000001
0.40099999999983993,0.0021482519999999894,31.2618,678.7436178000003
0.4110000000000582,0.0021482519999999894,29.2746,680.7324786000001
0.42099999999982174,0.001970466000000004,29.2746,680.7324786000001
0.43100000000004,0.0021482519999999894,30.2682,682.7213394
0.44099999999980355,0.0021482519999999894,31.2618,680.7324786000001
0.45100000000002183,0.001970466000000004,29.2746,680.7324786000001
0.4610000000002401,0.001970466000000004,29.2746,682.7213394
0.47100000000000364,0.001792679999999991,30.2682,682.7213394
0.4810000000002219,0.001792679999999991,31.2618,682.7213394
0.49099999999998545,0.0023260380000000025,29.2746,676.7547569999999
0.5010000000002037,0.0023260380000000025,31.2618,678.7436178000003
0.5109999999999673,0.0021482519999999894,30.2682,680.7324786000001
0.5210000000001855,0.001970466000000004,30.2682,682.7213394
0.5309999999999491,0.0021482519999999894,30.2682,682.7213394
0.5410000000001673,0.0023260380000000025,33.249,678.7436178000003
0.5509999999999309,0.0021482519999999894,30.2682,680.7324786000001
0.5610000000001492,0.0021482519999999894,31.2618,678.7436178000003
0.5709999999999127,0.001970466000000004,29.2746,682.7213394
0.581000000000131,0.0021482519999999894,30.2682,678.7436178000003
0.5909999999998945,0.0021482519999999894,30.2682,682.7213394
0.6010000000001128,0.0021482519999999894,28.281,680.7324786000001
0.6109999999998763,0.0021482519999999894,30.2682,682.7213394
0.6210000000000946,0.001970466000000004,30.2682,682.7213394
0.6309999999998581,0.0023260380000000025,29.2746,678.7436178000003
0.6410000000000764,0.0023260380000000025,29.2746,680.7324786000001
0.6509999999998399,0.001970466000000004,29.2746,680.7324786000001
0.6610000000000582,0.001970466000000004,30.2682,682.7213394
0.6709999999998217,0.0021482519999999894,29.2746,682.7213394
0.68100000000004,0.001970466000000004,30.2682,682.7213394
0.6909999999998035,0.0021482519999999894,30.2682,682.7213394
0.7010000000000218,0.0023260380000000025,29.2746,680.7324786000001
0.7110000000002401,0.001970466000000004,30.2682,682.7213394
0.7220000000002074,0.0021482519999999894,31.2618,680.7324786000001
0.7310000000002219,0.001792679999999991,31.2618,680.7324786000001
0.7409999999999854,0.0021482519999999894,31.2618,682.7213394
0.7510000000002037,0.0021482519999999894,30.2682,682.7213394
0.7609999999999673,0.0021482519999999894,30.2682,678.7436178000003
0.7710000000001855,0.0021482519999999894,31.2618,680.7324786000001
0.7809999999999491,0.0021482519999999894,29.2746,682.7213394
0.7910000000001673,0.0021482519999999894,30.2682,680.7324786000001
0.8009999999999309,0.0023260380000000025,30.2682,680.7324786000001
0.8119999999998981,0.0021482519999999894,29.2746,678.7436178000003
0.8209999999999127,0.001970466000000004,30.2682,682.7213394
0.831000000000131,0.001970466000000004,30.2682,680.7324786000001
0.8409999999998945,0.0021482519999999894,28.281,680.7324786000001
0.8519999999998618,0.0021482519999999894,30.2682,678.7436178000003
0.86200000000008,0.0023260380000000025,30.2682,680.7324786000001
0.8719999999998436,0.002503823999999988,30.2682,680.7324786000001
0.8820000000000618,0.002503823999999988,29.2746,682.7213394
0.8919999999998254,0.0021482519999999894,30.2682,680.7324786000001
0.9020000000000437,0.001970466000000004,32.2554,678.7436178000003
0.9119999999998072,0.001970466000000004,30.2682,684.7102002000001
0.9220000000000255,0.0023260380000000025,31.2618,682.7213394
0.931999999999789,0.0023260380000000025,29.2746,680.7324786000001
0.9420000000000073,0.001792679999999991,30.2682,682.7213394
0.9520000000002256,0.0021482519999999894,30.2682,680.7324786000001
0.9619999999999891,0.001970466000000004,30.2682,682.7213394
0.9720000000002074,0.001970466000000004,30.2682,678.7436178000003
0.9819999999999709,0.0021482519999999894,29.2746,680.7324786000001
0.9920000000001892,0.001970466000000004,30.2682,678.7436178000003
1.0019999999999527,0.001970466000000004,31.2618,680.7324786000001
1.012000000000171,0.0021482519999999894,30.2682,680.7324786000001
1.0219999999999345,0.0021482519999999894,29.2746,678.7436178000003
1.0320000000001528,0.0021482519999999894,29.2746,678.7436178000003
1.0419999999999163,0.0021482519999999894,30.2682,682.7213394
1.0520000000001346,0.0021482519999999894,29.2746,680.7324786000001
1.0619999999998981,0.0021482519999999894,30.2682,680.7324786000001
1.0720000000001164,0.0021482519999999894,30.2682,680.7324786000001
1.08199999999988,0.001792679999999991,29.2746,678.7436178000003
1.0920000000000982,0.0023260380000000025,28.281,680.7324786000001
1.1019999999998618,0.0021482519999999894,30.2682,682.7213394
1.11200000000008,0.0021482519999999894,29.2746,680.7324786000001
1.1219999999998436,0.001970466000000004,29.2746,678.7436178000003
1.1320000000000618,0.001792679999999991,29.2746,682.7213394
1.1419999999998254,0.0021482519999999894,29.2746,680.7324786000001
1.1520000000000437,0.001970466000000004,31.2618,684.7102002000001
1.1619999999998072,0.0023260380000000025,29.2746,680.7324786000001
1.1720000000000255,0.0021482519999999894,31.2618,678.7436178000003
1.181999999999789,0.0021482519999999894,30.2682,680.7324786000001
1.1920000000000073,0.0021482519999999894,29.2746,680.7324786000001
1.2020000000002256,0.001970466000000004,29.2746,680.7324786000001
1.211999999999989,0.001792679999999991,30.2682,680.7324786000001
1.2220000000002074,0.0023260380000000025,28.281,678.7436178000003
1.231999999999971,0.0021482519999999894,29.2746,680.7324786000001
1.2649999999998727,0.001970466000000004,30.2682,682.7213394
1.3099999999999454,0.0023260380000000025,29.2746,680.7324786000001
1.3200000000001637,0.0023260380000000025,29.2746,680.7324786000001
1.3290000000001783,0.0023260380000000025,28.281,678.7436178000003
1.3389999999999418,0.0021482519999999894,29.2746,678.7436178000003
1.34900000000016,0.0023260380000000025,31.2618,676.7547569999999
1.3580000000001746,0.001970466000000004,30.2682,680.7324786000001
1.3679999999999382,0.0021482519999999894,30.2682,680.7324786000001
1.3780000000001564,0.001970466000000004,30.2682,678.7436178000003
1.387000000000171,0.001970466000000004,31.2618,682.7213394
1.3969999999999345,0.001792679999999991,30.2682,678.7436178000003
1.4070000000001528,0.0023260380000000025,28.281,678.7436178000003
1.4160000000001673,0.0021482519999999894,31.2618,680.7324786000001
1.4259999999999309,0.0023260380000000025,29.2746,682.7213394
1.4360000000001492,0.0021482519999999894,30.2682,678.7436178000003
1.4450000000001637,0.0021482519999999894,30.2682,678.7436178000003
1.4549999999999272,0.0021482519999999894,30.2682,682.7213394
1.4639999999999418,0.0021482519999999894,30.2682,678.7436178000003
1.47400000000016,0.0021482519999999894,30.2682,680.7324786000001
1.4839999999999236,0.0021482519999999894,30.2682,680.7324786000001
1.4940000000001419,0.0021482519999999894,30.2682,680.7324786000001
1.51299999999992,0.001970466000000004,31.2618,682.7213394
1.5230000000001382,0.0021482519999999894,29.2746,682.7213394
1.5329999999999018,0.0021482519999999894,31.2618,680.7324786000001
1.54300000000012,0.0021482519999999894,30.2682,680.7324786000001
1.5529999999998836,0.001970466000000004,30.2682,680.7324786000001
1.5630000000001019,0.0023260380000000025,29.2746,680.7324786000001
1.5729999999998654,0.0021482519999999894,30.2682,678.7436178000003
1.5830000000000837,0.001970466000000004,29.2746,680.7324786000001
1.5929999999998472,0.0021482519999999894,30.2682,682.7213394
1.6030000000000655,0.0021482519999999894,30.2682,682.7213394
1.612999999999829,0.0021482519999999894,29.2746,678.7436178000003
1.6230000000000473,0.0021482519999999894,28.281,674.7658962
1.6329999999998108,0.001970466000000004,28.281,680.7324786000001
1.643000000000029,0.0023260380000000025,30.2682,678.7436178000003
1.6529999999997926,0.0021482519999999894,29.2746,680.7324786000001
1.663000000000011,0.0023260380000000025,29.2746,678.7436178000003
1.6730000000002292,0.0023260380000000025,28.281,680.7324786000001
1.6829999999999927,0.001970466000000004,28.281,680.7324786000001
1.693000000000211,0.0021482519999999894,30.2682,680.7324786000001
1.7029999999999745,0.0021482519999999894,29.2746,678.7436178000003
1.7130000000001928,0.001970466000000004,29.2746,676.7547569999999
1.7229999999999563,0.0021482519999999894,29.2746,682.7213394
1.7330000000001746,0.0023260380000000025,29.2746,680.7324786000001
1.7429999999999382,0.001970466000000004,30.2682,680.7324786000001
1.7530000000001564,0.0023260380000000025,30.2682,678.7436178000003
1.76299999999992,0.0021482519999999894,28.281,680.7324786000001
1.7730000000001382,0.0021482519999999894,30.2682,680.7324786000001
1.7829999999999018,0.001970466000000004,29.2746,680.7324786000001
1.79300000000012,0.0021482519999999894,30.2682,682.7213394
1.8029999999998836,0.002503823999999988,30.2682,676.7547569999999
1.8130000000001019,0.0021482519999999894,29.2746,682.7213394
1.8229999999998654,0.0023260380000000025,29.2746,680.7324786000001
1.8330000000000837,0.0021482519999999894,30.2682,680.7324786000001
1.8429999999998472,0.001970466000000004,30.2682,682.7213394
1.8530000000000655,0.001970466000000004,30.2682,682.7213394
1.862999999999829,0.0021482519999999894,29.2746,682.7213394
1.8730000000000473,0.0023260380000000025,28.281,678.7436178000003
1.8829999999998108,0.0021482519999999894,29.2746,680.7324786000001
1.893000000000029,0.0021482519999999894,29.2746,676.7547569999999
1.9029999999997926,0.0021482519999999894,30.2682,680.7324786000001
1.913000000000011,0.001970466000000004,30.2682,682.7213394
1.9230000000002292,0.0021482519999999894,29.2746,682.7213394
1.9329999999999927,0.0021482519999999894,30.2682,680.7324786000001
1.943000000000211,0.0021482519999999894,30.2682,680.7324786000001
1.9529999999999745,0.0021482519999999894,29.2746,680.7324786000001
1.9630000000001928,0.0021482519999999894,30.2682,678.7436178000003
1.9729999999999563,0.001970466000000004,30.2682,680.7324786000001
1.9839999999999236,0.0021482519999999894,30.2682,676.7547569999999
1.9929999999999382,0.001970466000000004,29.2746,682.7213394
2.0030000000001564,0.0021482519999999894,29.2746,680.7324786000001
2.01299999999992,0.001970466000000004,28.281,682.7213394
2.0239999999998872,0.001970466000000004,29.2746,680.7324786000001
2.0329999999999018,0.001970466000000004,29.2746,682.7213394
2.04300000000012,0.0023260380000000025,29.2746,678.7436178000003
2.0529999999998836,0.0021482519999999894,30.2682,680.7324786000001
2.063000000000102,0.0023260380000000025,29.2746,680.7324786000001
2.074000000000069,0.0021482519999999894,29.2746,676.7547569999999
2.0830000000000837,0.0021482519999999894,28.281,680.7324786000001
2.092999999999847,0.001970466000000004,28.281,680.7324786000001
2.1030000000000655,0.001970466000000004,29.2746,680.7324786000001
2.1140000000000327,0.001970466000000004,30.2682,680.7324786000001
2.1239999999997963,0.0023260380000000025,29.2746,682.7213394
2.1340000000000146,0.0023260380000000025,28.281,678.7436178000003
2.144000000000233,0.0021482519999999894,28.281,680.7324786000001
2.1539999999999964,0.0023260380000000025,29.2746,678.7436178000003
2.1640000000002146,0.0023260380000000025,30.2682,678.7436178000003
2.173999999999978,0.0021482519999999894,28.281,682.7213394
2.1840000000001965,0.0021482519999999894,29.2746,680.7324786000001
2.19399999999996,0.0023260380000000025,29.2746,678.7436178000003
2.2040000000001783,0.0023260380000000025,30.2682,676.7547569999999
2.213999999999942,0.001970466000000004,29.2746,680.7324786000001
2.22400000000016,0.0021482519999999894,28.281,680.7324786000001
2.2339999999999236,0.0023260380000000025,28.281,680.7324786000001
2.244000000000142,0.0023260380000000025,28.281,680.7324786000001
2.2539999999999054,0.0021482519999999894,30.2682,678.7436178000003
2.2640000000001237,0.0021482519999999894,29.2746,680.7324786000001
2.2739999999998872,0.0021482519999999894,30.2682,680.7324786000001
2.2840000000001055,0.0021482519999999894,29.2746,680.7324786000001
2.293999999999869,0.0023260380000000025,29.2746,676.7547569999999
2.3040000000000873,0.0021482519999999894,29.2746,682.7213394
2.313999999999851,0.0021482519999999894,29.2746,678.7436178000003
2.324000000000069,0.001970466000000004,29.2746,680.7324786000001
2.3339999999998327,0.001970466000000004,28.281,680.7324786000001
2.344000000000051,0.0021482519999999894,30.2682,678.7436178000003
2.3539999999998145,0.001792679999999991,29.2746,682.7213394
2.3640000000000327,0.0021482519999999894,29.2746,682.7213394
2.3739999999997963,0.0021482519999999894,28.281,678.7436178000003
2.3840000000000146,0.001970466000000004,29.2746,678.7436178000003
2.394000000000233,0.0021482519999999894,29.2746,680.7324786000001
2.4039999999999964,0.0023260380000000025,30.2682,680.7324786000001
2.4140000000002146,0.0021482519999999894,29.2746,682.7213394
2.423999999999978,0.0021482519999999894,29.2746,680.7324786000001
2.4340000000001965,0.0021482519999999894,30.2682,678.7436178000003
2.44399999999996,0.0021482519999999894,29.2746,680.7324786000001
2.4540000000001783,0.002503823999999988,29.2746,678.7436178000003
2.463999999999942,0.001970466000000004,29.2746,682.7213394
2.47400000000016,0.0023260380000000025,30.2682,676.7547569999999
2.4839999999999236,0.0021482519999999894,29.2746,680.7324786000001
2.494000000000142,0.0023260380000000025,29.2746,678.7436178000003
2.5039999999999054,0.0023260380000000025,29.2746,678.7436178000003
2.5140000000001237,0.0021482519999999894,29.2746,680.7324786000001
2.5239999999998872,0.0021482519999999894,29.2746,676.7547569999999
2.5340000000001055,0.0021482519999999894,30.2682,680.7324786000001
2.543999999999869,0.001970466000000004,29.2746,682.7213394
2.5540000000000873,0.001970466000000004,28.281,682.7213394
2.563999999999851,0.002681610000000001,30.2682,676.7547569999999
2.574000000000069,0.0021482519999999894,29.2746,678.7436178000003
2.5839999999998327,0.001970466000000004,30.2682,682.7213394
2.594000000000051,0.002503823999999988,29.2746,678.7436178000003
2.6039999999998145,0.001792679999999991,28.281,682.7213394
2.6140000000000327,0.0021482519999999894,29.2746,676.7547569999999
2.6239999999997963,0.0021482519999999894,28.281,680.7324786000001
2.6340000000000146,0.0021482519999999894,29.2746,680.7324786000001
2.644000000000233,0.0023260380000000025,28.281,680.7324786000001
2.6550000000002,0.001970466000000004,30.2682,678.7436178000003
2.6640000000002146,0.0021482519999999894,28.281,680.7324786000001
2.673999999999978,0.002503823999999988,28.281,678.7436178000003
2.6840000000001965,0.001970466000000004,28.281,678.7436178000003
2.69399999999996,0.001970466000000004,30.2682,680.7324786000001
2.7049999999999272,0.0021482519999999894,30.2682,676.7547569999999
2.713999999999942,0.0023260380000000025,29.2746,680.7324786000001
2.72400000000016,0.0021482519999999894,30.2682,680.7324786000001
2.7339999999999236,0.0023260380000000025,28.281,680.7324786000001
2.744999999999891,0.0023260380000000025,29.2746,676.7547569999999
2.755000000000109,0.001970466000000004,30.2682,680.7324786000001
2.7649999999998727,0.001970466000000004,29.2746,680.7324786000001
2.775000000000091,0.0021482519999999894,28.281,680.7324786000001
2.7849999999998545,0.0023260380000000025,29.2746,678.7436178000003
2.7950000000000728,0.0021482519999999894,29.2746,676.7547569999999
2.8049999999998363,0.0021482519999999894,29.2746,680.7324786000001
2.8150000000000546,0.0023260380000000025,28.281,680.7324786000001
2.824999999999818,0.0021482519999999894,30.2682,680.7324786000001
2.8350000000000364,0.0021482519999999894,29.2746,676.7547569999999
2.8449999999998,0.001792679999999991,29.2746,680.7324786000001
2.855000000000018,0.0021482519999999894,30.2682,680.7324786000001
2.8650000000002365,0.0023260380000000025,30.2682,682.7213394
2.875,0.001970466000000004,29.2746,680.7324786000001
2.8850000000002183,0.002503823999999988,29.2746,676.7547569999999
2.894999999999982,0.0021482519999999894,29.2746,678.7436178000003
2.9050000000002,0.0021482519999999894,29.2746,680.7324786000001
2.9149999999999636,0.001970466000000004,29.2746,680.7324786000001
2.925000000000182,0.0023260380000000025,30.2682,676.7547569999999
2.9349999999999454,0.0021482519999999894,29.2746,678.7436178000003
2.9450000000001637,0.0021482519999999894,28.281,680.7324786000001
2.9549999999999272,0.0023260380000000025,29.2746,680.7324786000001
2.9650000000001455,0.001970466000000004,29.2746,680.7324786000001
2.974999999999909,0.0021482519999999894,30.2682,676.7547569999999
2.9850000000001273,0.0021482519999999894,28.281,678.7436178000003
2.994999999999891,0.0021482519999999894,29.2746,680.7324786000001
3.005000000000109,0.0023260380000000025,29.2746,676.7547569999999
3.0149999999998727,0.0023260380000000025,32.2554,678.7436178000003
3.025000000000091,0.0021482519999999894,28.281,680.7324786000001
3.0349999999998545,0.0023260380000000025,30.2682,678.7436178000003
3.0450000000000728,0.0021482519999999894,30.2682,680.7324786000001
3.0549999999998363,0.001970466000000004,31.2618,680.7324786000001
3.0650000000000546,0.001970466000000004,29.2746,680.7324786000001
3.074999999999818,0.0023260380000000025,29.2746,680.7324786000001
3.0850000000000364,0.0021482519999999894,29.2746,680.7324786000001
3.0949999999998,0.0023260380000000025,29.2746,680.7324786000001
3.105000000000018,0.0021482519999999894,30.2682,676.7547569999999
3.1150000000002365,0.0021482519999999894,30.2682,680.7324786000001
3.125,0.0023260380000000025,30.2682,680.7324786000001
3.1350000000002183,0.0023260380000000025,28.281,678.7436178000003
3.144999999999982,0.0023260380000000025,28.281,680.7324786000001
3.1550000000002,0.001970466000000004,30.2682,678.7436178000003
3.1649999999999636,0.0023260380000000025,29.2746,680.7324786000001
3.175000000000182,0.001970466000000004,28.281,680.7324786000001
3.1849999999999454,0.0021482519999999894,30.2682,680.7324786000001
3.1950000000001637,0.001970466000000004,30.2682,678.7436178000003
3.2049999999999272,0.0021482519999999894,28.281,680.7324786000001
3.2150000000001455,0.0023260380000000025,28.281,678.7436178000003
3.224999999999909,0.0023260380000000025,29.2746,680.7324786000001
3.2350000000001273,0.0021482519999999894,27.2874,680.7324786000001
3.244999999999891,0.0021482519999999894,30.2682,680.7324786000001
3.255000000000109,0.0021482519999999894,29.2746,680.7324786000001
3.2649999999998727,0.0021482519999999894,29.2746,680.7324786000001
3.275000000000091,0.001970466000000004,30.2682,680.7324786000001
3.286000000000058,0.0021482519999999894,30.2682,678.7436178000003
3.2950000000000728,0.0021482519999999894,28.281,678.7436178000003
3.3049999999998363,0.001970466000000004,29.2746,680.7324786000001
3.3150000000000546,0.001970466000000004,28.281,680.7324786000001
3.324999999999818,0.0021482519999999894,29.2746,682.7213394
3.33600000000024,0.0021482519999999894,29.2746,680.7324786000001
3.3449999999998,0.0021482519999999894,29.2746,678.7436178000003
3.355000000000018,0.0023260380000000025,30.2682,678.7436178000003
3.3659999999999854,0.0021482519999999894,28.281,680.7324786000001
3.380999999999858,0.0023260380000000025,30.2682,676.7547569999999
3.3899999999998727,0.0021482519999999894,29.2746,682.7213394
3.400000000000091,0.0023260380000000025,29.2746,678.7436178000003
3.4099999999998545,0.001970466000000004,29.2746,682.7213394
3.418999999999869,0.0021482519999999894,29.2746,678.7436178000003
3.4290000000000873,0.0021482519999999894,31.2618,682.7213394
3.438999999999851,0.0021482519999999894,29.2746,680.7324786000001
3.4479999999998654,0.0021482519999999894,28.281,680.7324786000001
3.4580000000000837,0.0023260380000000025,28.281,680.7324786000001
3.467999999999847,0.001970466000000004,33.249,678.7436178000003
3.5160000000000764,0.00037039200000001105,13.376999999999999,756.3091890000005
3.525000000000091,-0.00016296600000001438,7.4154,758.2980498000002
3.5349999999998545,-0.0003407520000000136,6.4218,758.2980498000002
3.543999999999869,-0.00016296600000001438,5.4282,760.2869106000003
3.5540000000000873,-0.00016296600000001438,5.4282,754.3203282000004
3.563999999999851,-0.00016296600000001438,4.4346,756.3091890000005
3.5729999999998654,-0.00016296600000001438,4.4346,758.2980498000002
3.5830000000000837,-0.00016296600000001438,5.4282,758.2980498000002
3.592999999999847,0.00019260599999999795,4.4346,754.3203282000004
3.6019999999998618,1.4819999999998723e-05,4.4346,752.3314674000007
3.61200000000008,0.00019260599999999795,4.4346,758.2980498000002
3.6219999999998436,1.4819999999998723e-05,4.4346,756.3091890000005
3.630999999999858,1.4819999999998723e-05,4.4346,756.3091890000005
3.6410000000000764,-0.00016296600000001438,5.4282,756.3091890000005
3.650000000000091,1.4819999999998723e-05,4.4346,756.3091890000005
3.6599999999998545,0.00019260599999999795,4.4346,756.3091890000005
3.6700000000000728,-0.00016296600000001438,4.4346,758.2980498000002
3.6790000000000873,-0.00016296600000001438,5.4282,758.2980498000002
3.688999999999851,-0.00016296600000001438,5.4282,752.3314674000007
3.699000000000069,1.4819999999998723e-05,4.4346,758.2980498000002
3.7080000000000837,-0.00016296600000001438,4.4346,758.2980498000002
3.717999999999847,-0.00016296600000001438,4.4346,758.2980498000002
3.7280000000000655,1.4819999999998723e-05,5.4282,756.3091890000005
3.73700000000008,1.4819999999998723e-05,6.4218,756.3091890000005
3.7469999999998436,1.4819999999998723e-05,5.4282,758.2980498000002
3.7849999999998545,-0.00016296600000001438,4.4346,758.2980498000002
3.8299999999999272,0.00019260599999999795,5.4282,754.3203282000004
3.8400000000001455,-0.00016296600000001438,5.4282,758.2980498000002
3.849999999999909,1.4819999999998723e-05,5.4282,756.3091890000005
3.8589999999999236,1.4819999999998723e-05,4.4346,756.3091890000005
3.869000000000142,0.00019260599999999795,6.4218,756.3091890000005
3.8789999999999054,1.4819999999998723e-05,4.4346,760.2869106000003
3.88799999999992,0.00019260599999999795,4.4346,754.3203282000004
3.8980000000001382,-0.00016296600000001438,4.4346,758.2980498000002
3.9079999999999018,0.00019260599999999795,5.4282,756.3091890000005
3.9169999999999163,-0.00016296600000001438,6.4218,754.3203282000004
3.936000000000149,1.4819999999998723e-05,5.4282,758.2980498000002
3.9459999999999127,1.4819999999998723e-05,4.4346,758.2980498000002
3.95699999999988,1.4819999999998723e-05,4.4346,754.3203282000004
3.9659999999998945,0.00037039200000001105,5.4282,756.3091890000005
3.9760000000001128,0.00019260599999999795,4.4346,756.3091890000005
3.9859999999998763,0.00019260599999999795,5.4282,756.3091890000005
3.9969999999998436,1.4819999999998723e-05,5.4282,758.2980498000002
4.007000000000062,1.4819999999998723e-05,5.4282,754.3203282000004
4.016999999999825,1.4819999999998723e-05,4.4346,756.3091890000005
4.027000000000044,-0.00016296600000001438,4.4346,758.2980498000002
4.036999999999807,0.00019260599999999795,5.4282,758.2980498000002
4.0470000000000255,0.00037039200000001105,5.4282,752.3314674000007
4.056999999999789,-0.00016296600000001438,5.4282,756.3091890000005
4.067000000000007,1.4819999999998723e-05,5.4282,756.3091890000005
4.0770000000002256,1.4819999999998723e-05,5.4282,758.2980498000002
4.086999999999989,1.4819999999998723e-05,5.4282,758.2980498000002
4.097000000000207,1.4819999999998723e-05,5.4282,754.3203282000004
4.106999999999971,-0.0003407520000000136,6.4218,758.2980498000002
4.117000000000189,0.00019260599999999795,4.4346,754.3203282000004
4.126999999999953,-0.00016296600000001438,5.4282,756.3091890000005
4.137000000000171,0.00019260599999999795,6.4218,754.3203282000004
4.1469999999999345,-0.0003407520000000136,5.4282,758.2980498000002
4.157000000000153,-0.00016296600000001438,4.4346,758.2980498000002
4.166999999999916,1.4819999999998723e-05,5.4282,756.3091890000005
4.177000000000135,0.00019260599999999795,5.4282,756.3091890000005
4.186999999999898,1.4819999999998723e-05,5.4282,754.3203282000004
4.197000000000116,1.4819999999998723e-05,5.4282,760.2869106000003
4.20699999999988,1.4819999999998723e-05,5.4282,758.2980498000002
4.217000000000098,1.4819999999998723e-05,4.4346,756.3091890000005
4.226999999999862,1.4819999999998723e-05,6.4218,756.3091890000005
4.23700000000008,1.4819999999998723e-05,6.4218,756.3091890000005
4.246999999999844,0.00019260599999999795,5.4282,756.3091890000005
4.257000000000062,0.00019260599999999795,5.4282,756.3091890000005
4.266999999999825,0.00037039200000001105,5.4282,756.3091890000005
4.277000000000044,0.00019260599999999795,6.4218,752.3314674000007
4.286999999999807,-0.00016296600000001438,5.4282,758.2980498000002
4.2970000000000255,1.4819999999998723e-05,5.4282,756.3091890000005
4.306999999999789,-0.00016296600000001438,5.4282,758.2980498000002
4.317000000000007,0.00037039200000001105,6.4218,754.3203282000004
4.3270000000002256,-0.0003407520000000136,4.4346,756.3091890000005
4.336999999999989,-0.00016296600000001438,5.4282,758.2980498000002
4.347000000000207,0.00019260599999999795,5.4282,756.3091890000005
4.356999999999971,-0.0003407520000000136,6.4218,760.2869106000003
4.367000000000189,1.4819999999998723e-05,5.4282,752.3314674000007
4.376999999999953,0.00019260599999999795,5.4282,754.3203282000004
4.387000000000171,0.00019260599999999795,5.4282,756.3091890000005
4.3969999999999345,1.4819999999998723e-05,5.4282,758.2980498000002
4.407000000000153,0.00019260599999999795,5.4282,754.3203282000004
4.416999999999916,-0.00016296600000001438,5.4282,756.3091890000005
4.427000000000135,1.4819999999998723e-05,6.4218,758.2980498000002
4.436999999999898,-0.0003407520000000136,4.4346,760.2869106000003
4.447000000000116,0.00019260599999999795,5.4282,754.3203282000004
4.45699999999988,-0.0003407520000000136,6.4218,754.3203282000004
4.467000000000098,1.4819999999998723e-05,5.4282,758.2980498000002
4.476999999999862,-0.00016296600000001438,5.4282,758.2980498000002
4.48700000000008,0.00019260599999999795,6.4218,758.2980498000002
4.498000000000047,-0.00016296600000001438,6.4218,756.3091890000005
4.507000000000062,1.4819999999998723e-05,6.4218,758.2980498000002
4.516999999999825,1.4819999999998723e-05,6.4218,756.3091890000005
4.527000000000044,0.00019260599999999795,5.4282,754.3203282000004
4.536999999999807,1.4819999999998723e-05,5.4282,758.2980498000002
4.548000000000229,-0.00016296600000001438,6.4218,754.3203282000004
4.556999999999789,-0.0003407520000000136,5.4282,760.2869106000003
4.567000000000007,-0.0003407520000000136,5.4282,758.2980498000002
4.5770000000002256,-0.00016296600000001438,6.4218,760.2869106000003
4.588000000000193,1.4819999999998723e-05,7.4154,754.3203282000004
4.597000000000207,1.4819999999998723e-05,5.4282,756.3091890000005
4.606999999999971,1.4819999999998723e-05,6.4218,754.3203282000004
4.617999999999938,1.4819999999998723e-05,5.4282,756.3091890000005
4.628000000000156,1.4819999999998723e-05,5.4282,756.3091890000005
4.63799999999992,-0.00016296600000001438,7.4154,752.3314674000007
4.648000000000138,-0.0003407520000000136,6.4218,758.2980498000002
4.657999999999902,1.4819999999998723e-05,6.4218,756.3091890000005
4.66800000000012,1.4819999999998723e-05,5.4282,758.2980498000002
4.677999999999884,1.4819999999998723e-05,6.4218,754.3203282000004
4.688000000000102,1.4819999999998723e-05,5.4282,758.2980498000002
4.697999999999865,0.00019260599999999795,6.4218,756.3091890000005
4.708000000000084,-0.00016296600000001438,5.4282,756.3091890000005
4.717999999999847,1.4819999999998723e-05,6.4218,756.3091890000005
4.7280000000000655,0.00019260599999999795,6.4218,754.3203282000004
4.737999999999829,-0.00016296600000001438,6.4218,756.3091890000005
4.748000000000047,-0.00016296600000001438,5.4282,758.2980498000002
4.757999999999811,1.4819999999998723e-05,5.4282,758.2980498000002
4.768000000000029,0.00037039200000001105,5.4282,752.3314674000007
4.777999999999793,-0.0003407520000000136,5.4282,758.2980498000002
4.788000000000011,-0.00016296600000001438,6.4218,756.3091890000005
4.798000000000229,1.4819999999998723e-05,6.4218,756.3091890000005
4.807999999999993,0.00019260599999999795,6.4218,756.3091890000005
4.818000000000211,1.4819999999998723e-05,6.4218,752.3314674000007
4.8279999999999745,1.4819999999998723e-05,5.4282,758.2980498000002
4.838000000000193,1.4819999999998723e-05,5.4282,756.3091890000005
4.847999999999956,-0.00016296600000001438,6.4218,758.2980498000002
4.858000000000175,1.4819999999998723e-05,6.4218,756.3091890000005
4.867999999999938,1.4819999999998723e-05,6.4218,758.2980498000002
4.878000000000156,1.4819999999998723e-05,6.4218,758.2980498000002
4.88799999999992,0.00019260599999999795,6.4218,758.2980498000002
4.898000000000138,1.4819999999998723e-05,6.4218,760.2869106000003
4.907999999999902,0.00019260599999999795,6.4218,752.3314674000007
4.91800000000012,-0.00016296600000001438,5.4282,756.3091890000005
4.927999999999884,-0.0005185379999999989,6.4218,760.2869106000003
4.938000000000102,-0.00016296600000001438,5.4282,758.2980498000002
4.947999999999865,-0.00016296600000001438,6.4218,756.3091890000005
4.958000000000084,0.00019260599999999795,6.4218,758.2980498000002
4.967999999999847,1.4819999999998723e-05,5.4282,756.3091890000005
4.9780000000000655,1.4819999999998723e-05,5.4282,756.3091890000005
4.987999999999829,-0.00016296600000001438,6.4218,758.2980498000002
4.998000000000047,-0.00016296600000001438,6.4218,752.3314674000007
5.007999999999811,1.4819999999998723e-05,6.4218,756.3091890000005
5.018000000000029,0.00019260599999999795,6.4218,754.3203282000004
5.027999999999793,0.00019260599999999795,6.4218,756.3091890000005
5.038000000000011,0.00037039200000001105,7.4154,752.3314674000007
5.048000000000229,-0.00016296600000001438,6.4218,756.3091890000005
5.057999999999993,0.00019260599999999795,6.4218,758.2980498000002
5.068000000000211,1.4819999999998723e-05,5.4282,758.2980498000002
5.0779999999999745,1.4819999999998723e-05,6.4218,756.3091890000005
5.088000000000193,0.00037039200000001105,6.4218,750.3426066000002
5.097999999999956,-0.00016296600000001438,5.4282,758.2980498000002
5.108000000000175,-0.00016296600000001438,6.4218,756.3091890000005
5.117999999999938,0.00019260599999999795,6.4218,756.3091890000005
5.128999999999905,-0.0003407520000000136,6.4218,758.2980498000002
5.13799999999992,0.00019260599999999795,6.4218,754.3203282000004
5.148000000000138,0.00019260599999999795,5.4282,756.3091890000005
5.157999999999902,-0.00016296600000001438,6.4218,758.2980498000002
5.16800000000012,1.4819999999998723e-05,6.4218,756.3091890000005
5.179000000000087,1.4819999999998723e-05,6.4218,754.3203282000004
5.188000000000102,-0.00016296600000001438,6.4218,758.2980498000002
5.197999999999865,1.4819999999998723e-05,6.4218,758.2980498000002
5.208000000000084,0.00019260599999999795,6.4218,756.3091890000005
5.219000000000051,0.00019260599999999795,7.4154,752.3314674000007
5.2280000000000655,1.4819999999998723e-05,6.4218,758.2980498000002
5.237999999999829,-0.00016296600000001438,6.4218,758.2980498000002
5.248999999999796,-0.00016296600000001438,5.4282,758.2980498000002
5.2590000000000146,-0.00016296600000001438,6.4218,760.2869106000003
5.269000000000233,-0.00016296600000001438,6.4218,752.3314674000007
5.278999999999996,-0.00016296600000001438,6.4218,758.2980498000002
5.289000000000215,-0.00016296600000001438,7.4154,758.2980498000002
5.298999999999978,-0.00016296600000001438,7.4154,758.2980498000002
5.3090000000001965,0.00019260599999999795,6.4218,750.3426066000002
5.31899999999996,-0.0003407520000000136,6.4218,758.2980498000002
5.329000000000178,-0.00016296600000001438,7.4154,758.2980498000002
5.338999999999942,1.4819999999998723e-05,7.4154,756.3091890000005
5.34900000000016,1.4819999999998723e-05,6.4218,756.3091890000005
5.358999999999924,-0.00016296600000001438,7.4154,756.3091890000005
5.369000000000142,-0.00016296600000001438,7.4154,762.2757713999999
5.378999999999905,1.4819999999998723e-05,6.4218,758.2980498000002
5.389000000000124,-0.00016296600000001438,6.4218,758.2980498000002
5.398999999999887,-0.00016296600000001438,8.408999999999999,754.3203282000004
5.4090000000001055,1.4819999999998723e-05,6.4218,756.3091890000005
5.418999999999869,-0.00016296600000001438,7.4154,758.2980498000002
5.429000000000087,-0.00016296600000001438,6.4218,758.2980498000002
5.438999999999851,-0.00016296600000001438,6.4218,758.2980498000002
5.449000000000069,1.4819999999998723e-05,7.4154,756.3091890000005
5.458999999999833,-0.0003407520000000136,6.4218,760.2869106000003
5.469000000000051,0.00019260599999999795,6.4218,756.3091890000005
5.4789999999998145,0.00019260599999999795,6.4218,756.3091890000005
5.489000000000033,0.00019260599999999795,7.4154,754.3203282000004
5.498999999999796,-0.0003407520000000136,6.4218,758.2980498000002
5.5090000000000146,-0.00016296600000001438,6.4218,758.2980498000002
5.519000000000233,-0.00016296600000001438,5.4282,760.2869106000003
5.528999999999996,1.4819999999998723e-05,6.4218,756.3091890000005
5.539000000000215,-0.00016296600000001438,6.4218,754.3203282000004
5.548999999999978,-0.00016296600000001438,6.4218,758.2980498000002
5.5590000000001965,-0.00016296600000001438,7.4154,758.2980498000002
5.56899999999996,1.4819999999998723e-05,6.4218,754.3203282000004
5.579000000000178,0.00037039200000001105,6.4218,754.3203282000004
5.588999999999942,0.00019260599999999795,7.4154,758.2980498000002
5.59900000000016,-0.00016296600000001438,6.4218,758.2980498000002
5.630999999999858,0.00019260599999999795,7.4154,750.3426066000002
5.641000000000076,0.00019260599999999795,7.4154,756.3091890000005
5.650000000000091,-0.00016296600000001438,6.4218,756.3091890000005
5.6599999999998545,-0.00016296600000001438,7.4154,758.2980498000002
5.679000000000087,0.00019260599999999795,7.4154,756.3091890000005
5.688999999999851,-0.00016296600000001438,7.4154,758.2980498000002
5.699000000000069,-0.00016296600000001438,7.4154,758.2980498000002
5.708999999999833,1.4819999999998723e-05,6.4218,758.2980498000002
5.719000000000051,1.4819999999998723e-05,7.4154,754.3203282000004
5.7289999999998145,-0.0003407520000000136,7.4154,760.2869106000003
5.739000000000033,-0.00016296600000001438,6.4218,756.3091890000005
5.748999999999796,0.00037039200000001105,6.4218,756.3091890000005
5.760000000000218,0.00019260599999999795,7.4154,754.3203282000004
5.769000000000233,1.4819999999998723e-05,6.4218,756.3091890000005
5.778999999999996,1.4819999999998723e-05,7.4154,758.2980498000002
5.789000000000215,-0.00016296600000001438,7.4154,760.2869106000003
5.798999999999978,0.00019260599999999795,6.4218,754.3203282000004
5.809999999999945,0.00037039200000001105,8.408999999999999,754.3203282000004
5.81899999999996,1.4819999999998723e-05,6.4218,756.3091890000005
5.829000000000178,-0.00016296600000001438,7.4154,758.2980498000002
5.838999999999942,0.00037039200000001105,6.4218,754.3203282000004
5.849999999999909,0.00037039200000001105,8.408999999999999,754.3203282000004
5.858999999999924,-0.00016296600000001438,6.4218,758.2980498000002
5.869999999999891,-0.00016296600000001438,6.4218,756.3091890000005
5.880000000000109,1.4819999999998723e-05,7.4154,754.3203282000004
5.889999999999873,-0.0003407520000000136,6.4218,758.2980498000002
5.900000000000091,1.4819999999998723e-05,8.408999999999999,756.3091890000005
5.9099999999998545,-0.0003407520000000136,6.4218,758.2980498000002
5.920000000000073,1.4819999999998723e-05,6.4218,756.3091890000005
5.929999999999836,0.00019260599999999795,7.4154,754.3203282000004
5.940000000000055,-0.00016296600000001438,7.4154,758.2980498000002
5.949999999999818,-0.00016296600000001438,7.4154,756.3091890000005
5.960000000000036,-0.00016296600000001438,7.4154,760.2869106000003
5.9699999999998,-0.00016296600000001438,6.4218,758.2980498000002
5.980000000000018,1.4819999999998723e-05,7.4154,758.2980498000002
5.9900000000002365,1.4819999999998723e-05,7.4154,756.3091890000005
6.0,-0.0003407520000000136,6.4218,758.2980498000002
6.010000000000218,1.4819999999998723e-05,7.4154,758.2980498000002
6.019999999999982,1.4819999999998723e-05,7.4154,758.2980498000002
6.0300000000002,-0.00016296600000001438,6.4218,754.3203282000004
6.039999999999964,1.4819999999998723e-05,6.4218,758.2980498000002
6.050000000000182,1.4819999999998723e-05,7.4154,760.2869106000003
6.059999999999945,1.4819999999998723e-05,7.4154,758.2980498000002
6.070000000000164,1.4819999999998723e-05,7.4154,758.2980498000002
6.079999999999927,-0.00016296600000001438,8.408999999999999,756.3091890000005
6.0900000000001455,1.4819999999998723e-05,7.4154,758.2980498000002
6.099999999999909,1.4819999999998723e-05,6.4218,756.3091890000005
6.110000000000127,-0.00016296600000001438,7.4154,756.3091890000005
6.119999999999891,1.4819999999998723e-05,7.4154,754.3203282000004
6.130000000000109,-0.00016296600000001438,7.4154,760.2869106000003
6.139999999999873,1.4819999999998723e-05,6.4218,756.3091890000005
6.150000000000091,1.4819999999998723e-05,6.4218,756.3091890000005
6.1599999999998545,-0.00016296600000001438,7.4154,758.2980498000002
6.170000000000073,-0.00016296600000001438,6.4218,754.3203282000004
6.179999999999836,-0.00016296600000001438,7.4154,758.2980498000002
6.190000000000055,1.4819999999998723e-05,6.4218,756.3091890000005
6.199999999999818,-0.00016296600000001438,7.4154,758.2980498000002
6.210000000000036,1.4819999999998723e-05,7.4154,752.3314674000007
6.2199999999998,-0.00016296600000001438,6.4218,756.3091890000005
6.230000000000018,-0.00016296600000001438,7.4154,758.2980498000002
6.2400000000002365,1.4819999999998723e-05,7.4154,756.3091890000005
6.25,1.4819999999998723e-05,7.4154,756.3091890000005
6.260000000000218,0.00019260599999999795,8.408999999999999,756.3091890000005
6.269999999999982,0.00019260599999999795,7.4154,758.2980498000002
6.30600000000004,0.00019260599999999795,7.4154,758.2980498000002
6.351000000000113,-0.00016296600000001438,7.4154,754.3203282000004
6.360000000000127,1.4819999999998723e-05,7.4154,756.3091890000005
6.369999999999891,1.4819999999998723e-05,7.4154,756.3091890000005
6.380000000000109,-0.00016296600000001438,9.4026,758.2980498000002
6.391000000000076,0.00019260599999999795,7.4154,752.3314674000007
6.400000000000091,0.00019260599999999795,7.4154,754.3203282000004
6.4099999999998545,-0.0003407520000000136,7.4154,758.2980498000002
6.420000000000073,-0.00016296600000001438,8.408999999999999,758.2980498000002
6.429999999999836,-0.00016296600000001438,6.4218,756.3091890000005
6.4409999999998035,1.4819999999998723e-05,8.408999999999999,756.3091890000005
6.449999999999818,1.4819999999998723e-05,6.4218,756.3091890000005
6.460000000000036,-0.00016296600000001438,7.4154,758.2980498000002
6.4699999999998,1.4819999999998723e-05,8.408999999999999,756.3091890000005
6.481000000000222,-0.00016296600000001438,8.408999999999999,754.3203282000004
6.4900000000002365,1.4819999999998723e-05,7.4154,758.2980498000002
6.501000000000204,-0.00016296600000001438,7.4154,756.3091890000005
6.510999999999967,1.4819999999998723e-05,6.4218,758.2980498000002
6.5210000000001855,-0.00016296600000001438,7.4154,756.3091890000005
6.530999999999949,0.00019260599999999795,8.408999999999999,756.3091890000005
6.541000000000167,0.00019260599999999795,6.4218,756.3091890000005
6.550999999999931,-0.00016296600000001438,8.408999999999999,758.2980498000002
6.561000000000149,1.4819999999998723e-05,7.4154,756.3091890000005
6.570999999999913,-0.00016296600000001438,7.4154,754.3203282000004
6.581000000000131,-0.00016296600000001438,6.4218,756.3091890000005
6.5909999999998945,-0.00016296600000001438,7.4154,758.2980498000002
6.601000000000113,-0.00016296600000001438,8.408999999999999,758.2980498000002
6.610999999999876,1.4819999999998723e-05,8.408999999999999,758.2980498000002
6.621000000000095,-0.00016296600000001438,7.4154,754.3203282000004
6.630999999999858,1.4819999999998723e-05,7.4154,756.3091890000005
6.641000000000076,-0.00016296600000001438,7.4154,756.3091890000005
6.65099999999984,1.4819999999998723e-05,7.4154,754.3203282000004
6.661000000000058,1.4819999999998723e-05,7.4154,756.3091890000005
6.670999999999822,0.00019260599999999795,7.4154,756.3091890000005
6.68100000000004,-0.00016296600000001438,7.4154,758.2980498000002
6.6909999999998035,1.4819999999998723e-05,7.4154,758.2980498000002
6.701000000000022,1.4819999999998723e-05,8.408999999999999,756.3091890000005
6.7020000000002256,1.4819999999998723e-05,8.408999999999999,756.3091890000005
6.721000000000004,1.4819999999998723e-05,7.4154,758.2980498000002
6.731000000000222,0.00019260599999999795,7.4154,756.3091890000005
6.7409999999999854,0.00019260599999999795,7.4154,756.3091890000005
6.751000000000204,0.00019260599999999795,7.4154,756.3091890000005
6.760999999999967,-0.00016296600000001438,7.4154,758.2980498000002
6.7710000000001855,1.4819999999998723e-05,8.408999999999999,756.3091890000005
6.780999999999949,-0.00016296600000001438,8.408999999999999,758.2980498000002
6.791000000000167,0.00019260599999999795,8.408999999999999,756.3091890000005
6.800999999999931,-0.00016296600000001438,8.408999999999999,754.3203282000004
6.811000000000149,-0.00016296600000001438,7.4154,756.3091890000005
6.820999999999913,1.4819999999998723e-05,8.408999999999999,758.2980498000002
6.831000000000131,1.4819999999998723e-05,7.4154,758.2980498000002
6.8409999999998945,0.00019260599999999795,8.408999999999999,754.3203282000004
6.851000000000113,0.00019260599999999795,8.408999999999999,758.2980498000002
6.860999999999876,-0.00016296600000001438,8.408999999999999,758.2980498000002
6.871000000000095,1.4819999999998723e-05,8.408999999999999,756.3091890000005
6.880999999999858,-0.00016296600000001438,8.408999999999999,758.2980498000002
6.891000000000076,1.4819999999998723e-05,7.4154,756.3091890000005
6.90099999999984,-0.00016296600000001438,7.4154,758.2980498000002
6.911000000000058,0.00019260599999999795,7.4154,758.2980498000002
6.920999999999822,0.00019260599999999795,7.4154,754.3203282000004
6.93100000000004,-0.0005185379999999989,8.408999999999999,760.2869106000003
6.9409999999998035,1.4819999999998723e-05,8.408999999999999,756.3091890000005
6.951000000000022,-0.00016296600000001438,7.4154,756.3091890000005
6.96100000000024,-0.00016296600000001438,8.408999999999999,760.2869106000003
6.971000000000004,1.4819999999998723e-05,8.408999999999999,756.3091890000005
6.981000000000222,-0.00016296600000001438,7.4154,756.3091890000005
6.9909999999999854,0.00019260599999999795,8.408999999999999,756.3091890000005
7.001000000000204,-0.00016296600000001438,7.4154,756.3091890000005
7.010999999999967,-0.00016296600000001438,8.408999999999999,758.2980498000002
7.0219999999999345,1.4819999999998723e-05,7.4154,752.3314674000007
7.030999999999949,-0.0003407520000000136,7.4154,756.3091890000005
7.041000000000167,-0.00016296600000001438,8.408999999999999,756.3091890000005
7.050999999999931,-0.00016296600000001438,8.408999999999999,756.3091890000005
7.061999999999898,1.4819999999998723e-05,8.408999999999999,756.3091890000005
7.072000000000116,1.4819999999998723e-05,9.4026,756.3091890000005
7.081000000000131,1.4819999999998723e-05,8.408999999999999,758.2980498000002
7.0909999999998945,1.4819999999998723e-05,8.408999999999999,756.3091890000005
7.101000000000113,-0.00016296600000001438,8.408999999999999,760.2869106000003
7.11200000000008,1.4819999999998723e-05,9.4026,756.3091890000005
7.121999999999844,1.4819999999998723e-05,7.4154,756.3091890000005
7.132000000000062,-0.00016296600000001438,9.4026,758.2980498000002
7.141999999999825,-0.00016296600000001438,8.408999999999999,758.2980498000002
7.152000000000044,0.00037039200000001105,8.408999999999999,754.3203282000004
7.161999999999807,1.4819999999998723e-05,7.4154,758.2980498000002
7.1720000000000255,0.00019260599999999795,7.4154,756.3091890000005
7.181999999999789,-0.0003407520000000136,7.4154,756.3091890000005
7.192000000000007,-0.00016296600000001438,7.4154,756.3091890000005
7.2020000000002256,-0.00016296600000001438,9.4026,756.3091890000005
7.211999999999989,-0.0003407520000000136,8.408999999999999,758.2980498000002
7.222000000000207,1.4819999999998723e-05,8.408999999999999,756.3091890000005
7.231999999999971,-0.00016296600000001438,7.4154,758.2980498000002
7.242000000000189,1.4819999999998723e-05,8.408999999999999,758.2980498000002
7.251999999999953,-0.00016296600000001438,8.408999999999999,756.3091890000005
7.262000000000171,1.4819999999998723e-05,8.408999999999999,758.2980498000002
7.2719999999999345,-0.00016296600000001438,7.4154,758.2980498000002
7.282000000000153,-0.00016296600000001438,8.408999999999999,758.2980498000002
7.291999999999916,-0.00016296600000001438,8.408999999999999,754.3203282000004
7.302000000000135,0.00019260599999999795,8.408999999999999,756.3091890000005
7.311999999999898,1.4819999999998723e-05,7.4154,756.3091890000005
7.322000000000116,0.00019260599999999795,8.408999999999999,756.3091890000005
7.33199999999988,1.4819999999998723e-05,8.408999999999999,756.3091890000005
7.342000000000098,0.00037039200000001105,8.408999999999999,754.3203282000004
7.351999999999862,-0.00016296600000001438,7.4154,758.2980498000002
7.36200000000008,-0.00016296600000001438,8.408999999999999,760.2869106000003
7.371999999999844,1.4819999999998723e-05,7.4154,756.3091890000005
7.382000000000062,1.4819999999998723e-05,8.408999999999999,752.3314674000007
7.391999999999825,0.00019260599999999795,7.4154,756.3091890000005
7.402000000000044,-0.00016296600000001438,8.408999999999999,758.2980498000002
7.411999999999807,0.00037039200000001105,8.408999999999999,754.3203282000004
7.4220000000000255,-0.00016296600000001438,9.4026,758.2980498000002
7.431999999999789,-0.00016296600000001438,7.4154,758.2980498000002
7.442000000000007,0.00019260599999999795,8.408999999999999,756.3091890000005
7.4520000000002256,0.00019260599999999795,9.4026,756.3091890000005
7.461999999999989,1.4819999999998723e-05,7.4154,758.2980498000002
7.472000000000207,-0.00016296600000001438,8.408999999999999,756.3091890000005
7.481999999999971,-0.00016296600000001438,9.4026,760.2869106000003
7.492000000000189,-0.00016296600000001438,8.408999999999999,758.2980498000002
7.501999999999953,1.4819999999998723e-05,8.408999999999999,758.2980498000002
7.512000000000171,-0.00016296600000001438,8.408999999999999,756.3091890000005
7.5219999999999345,1.4819999999998723e-05,8.408999999999999,756.3091890000005
7.532000000000153,1.4819999999998723e-05,8.408999999999999,758.2980498000002
7.541999999999916,0.00019260599999999795,8.408999999999999,756.3091890000005
7.552000000000135,-0.00016296600000001438,9.4026,758.2980498000002
7.561999999999898,1.4819999999998723e-05,10.3962,754.3203282000004
7.572000000000116,-0.00016296600000001438,7.4154,758.2980498000002
7.58199999999988,-0.0003407520000000136,7.4154,760.2869106000003
7.592000000000098,1.4819999999998723e-05,7.4154,758.2980498000002
7.601999999999862,-0.0003407520000000136,7.4154,752.3314674000007
7.61200000000008,-0.00016296600000001438,8.408999999999999,758.2980498000002
7.621999999999844,-0.00016296600000001438,7.4154,758.2980498000002
7.632000000000062,1.4819999999998723e-05,9.4026,756.3091890000005
7.641999999999825,0.00019260599999999795,8.408999999999999,756.3091890000005
7.652999999999793,1.4819999999998723e-05,10.3962,754.3203282000004
7.661999999999807,1.4819999999998723e-05,8.408999999999999,756.3091890000005
7.6720000000000255,0.00019260599999999795,9.4026,756.3091890000005
7.681999999999789,0.00019260599999999795,8.408999999999999,756.3091890000005
7.693000000000211,-0.00016296600000001438,8.408999999999999,752.3314674000007
7.7020000000002256,-0.00016296600000001438,8.408999999999999,756.3091890000005
7.711999999999989,1.4819999999998723e-05,9.4026,758.2980498000002
7.722000000000207,1.4819999999998723e-05,9.4026,758.2980498000002
7.731999999999971,-0.00016296600000001438,9.4026,758.2980498000002
7.742999999999938,0.00019260599999999795,10.3962,754.3203282000004
7.753000000000156,0.00019260599999999795,9.4026,758.2980498000002
7.76299999999992,1.4819999999998723e-05,8.408999999999999,756.3091890000005
7.773000000000138,-0.00016296600000001438,8.408999999999999,758.2980498000002
7.782999999999902,0.00019260599999999795,9.4026,752.3314674000007
7.79300000000012,0.00019260599999999795,9.4026,756.3091890000005
7.802999999999884,0.00037039200000001105,8.408999999999999,754.3203282000004
7.813000000000102,1.4819999999998723e-05,8.408999999999999,758.2980498000002
7.822999999999865,1.4819999999998723e-05,9.4026,758.2980498000002
7.833000000000084,-0.00016296600000001438,9.4026,756.3091890000005
7.842999999999847,1.4819999999998723e-05,9.4026,756.3091890000005
7.8530000000000655,1.4819999999998723e-05,8.408999999999999,756.3091890000005
7.862999999999829,1.4819999999998723e-05,8.408999999999999,756.3091890000005
7.873000000000047,0.00019260599999999795,7.4154,750.3426066000002
7.882999999999811,-0.0003407520000000136,9.4026,758.2980498000002
7.893000000000029,0.00019260599999999795,8.408999999999999,754.3203282000004
7.902999999999793,1.4819999999998723e-05,9.4026,758.2980498000002
7.913000000000011,-0.00016296600000001438,8.408999999999999,758.2980498000002
7.923000000000229,0.00019260599999999795,9.4026,754.3203282000004
7.932999999999993,1.4819999999998723e-05,8.408999999999999,756.3091890000005
7.943000000000211,-0.00016296600000001438,8.408999999999999,758.2980498000002
7.9529999999999745,1.4819999999998723e-05,8.408999999999999,756.3091890000005
7.963000000000193,1.4819999999998723e-05,9.4026,754.3203282000004
7.972999999999956,-0.00016296600000001438,8.408999999999999,758.2980498000002
7.983000000000175,1.4819999999998723e-05,9.4026,758.2980498000002
7.992999999999938,1.4819999999998723e-05,9.4026,758.2980498000002
8.003000000000156,1.4819999999998723e-05,8.408999999999999,756.3091890000005
8.01299999999992,-0.00016296600000001438,9.4026,752.3314674000007
8.023000000000138,1.4819999999998723e-05,8.408999999999999,756.3091890000005
8.032999999999902,0.00019260599999999795,9.4026,756.3091890000005
8.04300000000012,1.4819999999998723e-05,8.408999999999999,756.3091890000005
8.052999999999884,1.4819999999998723e-05,9.4026,754.3203282000004
8.063000000000102,-0.00016296600000001438,9.4026,758.2980498000002
8.072999999999865,-0.00016296600000001438,8.408999999999999,758.2980498000002
8.083000000000084,-0.00016296600000001438,8.408999999999999,760.2869106000003
8.092999999999847,-0.00016296600000001438,9.4026,758.2980498000002
8.103000000000065,-0.00016296600000001438,9.4026,758.2980498000002
8.112999999999829,-0.00016296600000001438,8.408999999999999,758.2980498000002
8.123000000000047,-0.00016296600000001438,9.4026,758.2980498000002
8.13299999999981,-0.00016296600000001438,8.408999999999999,758.2980498000002
8.143000000000029,1.4819999999998723e-05,8.408999999999999,756.3091890000005
8.152999999999793,-0.00016296600000001438,9.4026,756.3091890000005
8.163000000000011,1.4819999999998723e-05,9.4026,756.3091890000005
8.17300000000023,1.4819999999998723e-05,8.408999999999999,756.3091890000005
8.182999999999993,1.4819999999998723e-05,9.4026,758.2980498000002
8.193000000000211,1.4819999999998723e-05,9.4026,754.3203282000004
8.202999999999975,-0.00016296600000001438,9.4026,760.2869106000003
8.213000000000193,1.4819999999998723e-05,8.408999999999999,756.3091890000005
8.222999999999956,-0.00016296600000001438,9.4026,756.3091890000005
8.233999999999924,1.4819999999998723e-05,10.3962,758.2980498000002
8.242999999999938,-0.00016296600000001438,9.4026,756.3091890000005
8.253000000000156,-0.0003407520000000136,9.4026,758.2980498000002
8.26299999999992,-0.00016296600000001438,8.408999999999999,758.2980498000002
8.273000000000138,-0.0003407520000000136,8.408999999999999,758.2980498000002
8.284000000000106,-0.00016296600000001438,11.389800000000001,756.3091890000005
8.29300000000012,1.4819999999998723e-05,8.408999999999999,758.2980498000002
8.302999999999884,1.4819999999998723e-05,9.4026,758.2980498000002
8.313000000000102,-0.00016296600000001438,8.408999999999999,758.2980498000002
8.32400000000007,-0.0003407520000000136,9.4026,758.2980498000002
8.333000000000084,-0.00016296600000001438,8.408999999999999,760.2869106000003
8.342999999999847,1.4819999999998723e-05,8.408999999999999,754.3203282000004
8.353000000000065,0.00019260599999999795,9.4026,756.3091890000005
8.362999999999829,1.4819999999998723e-05,9.4026,756.3091890000005
8.373999999999796,1.4819999999998723e-05,9.4026,754.3203282000004
8.384000000000015,1.4819999999998723e-05,9.4026,758.2980498000002
8.394000000000233,1.4819999999998723e-05,9.4026,756.3091890000005
8.403999999999996,1.4819999999998723e-05,9.4026,758.2980498000002
8.414000000000215,-0.00016296600000001438,9.4026,758.2980498000002
8.423999999999978,-0.00016296600000001438,9.4026,760.2869106000003
8.434000000000196,0.00037039200000001105,9.4026,754.3203282000004
8.44399999999996,1.4819999999998723e-05,8.408999999999999,758.2980498000002
8.454000000000178,-0.00016296600000001438,9.4026,758.2980498000002
8.463999999999942,0.00019260599999999795,10.3962,754.3203282000004
8.47400000000016,-0.00016296600000001438,9.4026,758.2980498000002
8.483999999999924,1.4819999999998723e-05,8.408999999999999,756.3091890000005
8.494000000000142,1.4819999999998723e-05,9.4026,758.2980498000002
8.503999999999905,-0.00016296600000001438,11.389800000000001,754.3203282000004
8.514000000000124,1.4819999999998723e-05,9.4026,760.2869106000003
8.523999999999887,-0.00016296600000001438,8.408999999999999,760.2869106000003
8.534000000000106,1.4819999999998723e-05,9.4026,756.3091890000005
8.543999999999869,1.4819999999998723e-05,8.408999999999999,756.3091890000005
8.554000000000087,-0.0003407520000000136,9.4026,756.3091890000005
8.56399999999985,0.00019260599999999795,18.345,756.3091890000005
8.57400000000007,0.00037039200000001105,24.3066,756.3091890000005
8.601000000000113,1.4819999999998723e-05,25.3002,754.3203282000004
8.610999999999876,0.00037039200000001105,30.2682,758.2980498000002
8.61999999999989,0.00019260599999999795,29.2746,756.3091890000005
8.63000000000011,0.00019260599999999795,29.2746,756.3091890000005
8.639999999999873,0.00037039200000001105,29.2746,756.3091890000005
8.648999999999887,0.00019260599999999795,30.2682,758.2980498000002
8.659000000000106,1.4819999999998723e-05,30.2682,756.3091890000005
8.66800000000012,0.00019260599999999795,31.2618,758.2980498000002
8.677999999999884,0.00019260599999999795,30.2682,758.2980498000002
8.688000000000102,0.00037039200000001105,28.281,752.3314674000007
8.697000000000116,1.4819999999998723e-05,31.2618,758.2980498000002
8.70699999999988,0.00037039200000001105,30.2682,756.3091890000005
8.717000000000098,0.00019260599999999795,30.2682,756.3091890000005
8.726000000000113,0.00037039200000001105,30.2682,754.3203282000004
8.735999999999876,0.00019260599999999795,29.2746,756.3091890000005
8.746000000000095,0.00019260599999999795,29.2746,758.2980498000002
8.75500000000011,1.4819999999998723e-05,30.2682,760.2869106000003
8.764999999999873,0.00019260599999999795,30.2682,758.2980498000002
8.784000000000106,0.0005481779999999825,30.2682,756.3091890000005
8.793999999999869,0.0005481779999999825,29.2746,756.3091890000005
8.804000000000087,0.00037039200000001105,30.2682,758.2980498000002
8.826000000000022,0.00037039200000001105,32.2554,758.2980498000002
8.871000000000095,0.00019260599999999795,29.2746,754.3203282000004
8.880999999999858,0.00037039200000001105,30.2682,756.3091890000005
8.889999999999873,0.00037039200000001105,30.2682,758.2980498000002
8.900000000000091,1.4819999999998723e-05,30.2682,758.2980498000002
8.909999999999854,0.00019260599999999795,29.2746,756.3091890000005
8.918999999999869,0.00037039200000001105,31.2618,756.3091890000005
8.929000000000087,0.00037039200000001105,31.2618,758.2980498000002
8.938000000000102,1.4819999999998723e-05,29.2746,758.2980498000002
8.947999999999865,1.4819999999998723e-05,30.2682,758.2980498000002
8.958000000000084,0.00037039200000001105,30.2682,754.3203282000004
8.967000000000098,0.00019260599999999795,30.2682,758.2980498000002
8.976999999999862,0.00037039200000001105,31.2618,756.3091890000005
8.98700000000008,0.0005481779999999825,30.2682,758.2980498000002
8.996000000000095,0.00019260599999999795,31.2618,758.2980498000002
9.005999999999858,1.4819999999998723e-05,30.2682,756.3091890000005
9.016000000000076,0.00019260599999999795,30.2682,758.2980498000002
9.025000000000091,0.00019260599999999795,30.2682,758.2980498000002
9.045000000000073,0.0005481779999999825,31.2618,756.3091890000005
9.054999999999836,1.4819999999998723e-05,30.2682,758.2980498000002
9.065000000000055,0.00037039200000001105,29.2746,756.3091890000005
9.074999999999818,0.0005481779999999825,29.2746,756.3091890000005
9.085000000000036,0.00037039200000001105,30.2682,756.3091890000005
9.0949999999998,1.4819999999998723e-05,31.2618,756.3091890000005
9.105000000000018,0.00037039200000001105,30.2682,758.2980498000002
9.115000000000236,0.00019260599999999795,31.2618,758.2980498000002
9.125,0.0005481779999999825,31.2618,756.3091890000005
9.135000000000218,0.00037039200000001105,32.2554,754.3203282000004
9.144999999999982,0.00037039200000001105,31.2618,758.2980498000002
9.1550000000002,0.0005481779999999825,30.2682,756.3091890000005
9.164999999999964,0.0005481779999999825,30.2682,756.3091890000005
9.175000000000182,0.00037039200000001105,31.2618,754.3203282000004
9.184999999999945,0.00019260599999999795,28.281,756.3091890000005
9.195000000000164,1.4819999999998723e-05,29.2746,758.2980498000002
9.204999999999927,0.00037039200000001105,30.2682,756.3091890000005
9.215000000000146,0.00037039200000001105,30.2682,756.3091890000005
9.224999999999909,0.00037039200000001105,32.2554,754.3203282000004
9.235000000000127,0.0005481779999999825,31.2618,756.3091890000005
9.24499999999989,1.4819999999998723e-05,29.2746,760.2869106000003
9.25500000000011,0.00037039200000001105,29.2746,758.2980498000002
9.264999999999873,0.00037039200000001105,31.2618,756.3091890000005
9.275000000000091,0.00019260599999999795,31.2618,756.3091890000005
9.284999999999854,0.00037039200000001105,29.2746,758.2980498000002
9.295000000000073,0.00019260599999999795,30.2682,758.2980498000002
9.304999999999836,0.00037039200000001105,31.2618,756.3091890000005
9.315000000000055,0.00037039200000001105,30.2682,756.3091890000005
9.324999999999818,0.00037039200000001105,30.2682,756.3091890000005
9.335000000000036,0.00019260599999999795,30.2682,758.2980498000002
9.3449999999998,0.00037039200000001105,31.2618,756.3091890000005
9.355000000000018,0.00037039200000001105,30.2682,758.2980498000002
9.365000000000236,0.00019260599999999795,30.2682,754.3203282000004
9.375,0.00037039200000001105,29.2746,756.3091890000005
9.385000000000218,0.00037039200000001105,30.2682,756.3091890000005
9.394999999999982,0.00019260599999999795,30.2682,760.2869106000003
9.4050000000002,0.0005481779999999825,30.2682,754.3203282000004
9.414999999999964,0.00019260599999999795,31.2618,758.2980498000002
9.425000000000182,0.00019260599999999795,30.2682,758.2980498000002
9.434999999999945,0.00019260599999999795,30.2682,756.3091890000005
9.445000000000164,1.4819999999998723e-05,29.2746,756.3091890000005
9.454999999999927,0.00019260599999999795,30.2682,756.3091890000005
9.465000000000146,0.00037039200000001105,31.2618,758.2980498000002
9.501000000000204,0.00019260599999999795,31.2618,754.3203282000004
9.510999999999967,1.4819999999998723e-05,31.2618,760.2869106000003
9.519999999999982,0.00037039200000001105,30.2682,758.2980498000002
9.5300000000002,0.00019260599999999795,30.2682,756.3091890000005
9.539999999999964,0.00037039200000001105,31.2618,754.3203282000004
9.548999999999978,0.0005481779999999825,32.2554,756.3091890000005
9.559000000000196,0.00037039200000001105,30.2682,756.3091890000005
9.56899999999996,1.4819999999998723e-05,30.2682,758.2980498000002
9.577999999999975,0.00019260599999999795,31.2618,758.2980498000002
9.588000000000193,1.4819999999998723e-05,31.2618,756.3091890000005
9.597999999999956,0.00019260599999999795,30.2682,756.3091890000005
9.606999999999971,0.00037039200000001105,32.2554,760.2869106000003
9.61700000000019,1.4819999999998723e-05,29.2746,758.2980498000002
9.626000000000204,0.00037039200000001105,32.2554,756.3091890000005
9.646000000000186,0.0005481779999999825,30.2682,754.3203282000004
9.655999999999949,0.00037039200000001105,31.2618,758.2980498000002
9.666000000000167,0.00019260599999999795,30.2682,758.2980498000002
9.67599999999993,0.00037039200000001105,34.2426,756.3091890000005
9.68600000000015,0.00019260599999999795,31.2618,760.2869106000003
9.695999999999913,0.0005481779999999825,31.2618,756.3091890000005
9.706000000000131,0.00037039200000001105,31.2618,756.3091890000005
9.715999999999894,0.00037039200000001105,32.2554,756.3091890000005
9.726000000000113,0.00019260599999999795,30.2682,754.3203282000004
9.735999999999876,1.4819999999998723e-05,30.2682,758.2980498000002
9.746000000000095,0.00037039200000001105,30.2682,754.3203282000004
9.755999999999858,0.0007259639999999956,30.2682,752.3314674000007
9.766000000000076,0.00037039200000001105,32.2554,756.3091890000005
9.77599999999984,0.00019260599999999795,30.2682,756.3091890000005
9.786000000000058,0.00037039200000001105,30.2682,756.3091890000005
9.795999999999822,0.00037039200000001105,31.2618,756.3091890000005
9.80600000000004,0.00037039200000001105,30.2682,756.3091890000005
9.815999999999804,0.00037039200000001105,28.281,756.3091890000005
9.826000000000022,0.0005481779999999825,30.2682,756.3091890000005
9.83600000000024,0.00037039200000001105,30.2682,756.3091890000005
9.846000000000004,0.00037039200000001105,31.2618,756.3091890000005
9.856000000000222,0.00037039200000001105,30.2682,754.3203282000004
9.865999999999985,1.4819999999998723e-05,31.2618,760.2869106000003
9.876000000000204,0.0007259639999999956,31.2618,756.3091890000005
9.885999999999967,0.00019260599999999795,32.2554,758.2980498000002
9.896000000000186,0.00019260599999999795,32.2554,758.2980498000002
9.905999999999949,0.0005481779999999825,32.2554,756.3091890000005
9.916000000000167,0.00037039200000001105,29.2746,758.2980498000002
9.92599999999993,0.0005481779999999825,31.2618,756.3091890000005
9.93600000000015,0.00037039200000001105,30.2682,758.2980498000002
9.945999999999913,0.0005481779999999825,30.2682,752.3314674000007
9.956000000000131,0.00037039200000001105,31.2618,758.2980498000002
9.965999999999894,0.00019260599999999795,31.2618,758.2980498000002
9.976000000000113,0.00019260599999999795,31.2618,760.2869106000003
9.985999999999876,0.0005481779999999825,31.2618,756.3091890000005
9.996000000000095,0.00019260599999999795,30.2682,754.3203282000004
10.005999999999858,1.4819999999998723e-05,30.2682,758.2980498000002
10.016000000000076,0.0005481779999999825,31.2618,756.3091890000005
10.02599999999984,0.00037039200000001105,31.2618,756.3091890000005
10.036000000000058,0.0005481779999999825,31.2618,752.3314674000007
10.045999999999822,0.00037039200000001105,32.2554,758.2980498000002
10.05600000000004,0.00019260599999999795,31.2618,756.3091890000005
10.065999999999804,0.00037039200000001105,31.2618,758.2980498000002
10.076000000000022,0.00019260599999999795,30.2682,756.3091890000005
10.08600000000024,0.00019260599999999795,30.2682,756.3091890000005
10.096000000000004,0.00037039200000001105,32.2554,756.3091890000005
10.106000000000222,0.00037039200000001105,32.2554,760.2869106000003
10.115999999999985,0.0005481779999999825,32.2554,756.3091890000005
10.126000000000204,0.00037039200000001105,32.2554,756.3091890000005
10.135999999999967,0.00019260599999999795,30.2682,758.2980498000002
10.146000000000186,0.00037039200000001105,31.2618,756.3091890000005
10.155999999999949,1.4819999999998723e-05,32.2554,760.2869106000003
10.166000000000167,0.00037039200000001105,31.2618,756.3091890000005
10.177000000000135,0.00019260599999999795,30.2682,758.2980498000002
10.18600000000015,0.00037039200000001105,31.2618,756.3091890000005
10.195999999999913,0.00019260599999999795,30.2682,760.2869106000003
10.206000000000131,0.00037039200000001105,32.2554,758.2980498000002
10.217000000000098,0.00019260599999999795,31.2618,752.3314674000007
10.226000000000113,0.00019260599999999795,31.2618,756.3091890000005
10.235999999999876,0.00019260599999999795,31.2618,756.3091890000005
10.246000000000095,0.00037039200000001105,33.249,758.2980498000002
10.257000000000062,0.0005481779999999825,31.2618,756.3091890000005
10.266999999999825,0.00037039200000001105,30.2682,754.3203282000004
10.277000000000044,0.00019260599999999795,31.2618,756.3091890000005
10.286999999999807,0.00037039200000001105,31.2618,758.2980498000002
10.297000000000025,0.00037039200000001105,31.2618,756.3091890000005
10.306999999999789,0.00019260599999999795,30.2682,754.3203282000004
10.317000000000007,0.00037039200000001105,31.2618,758.2980498000002
10.327000000000226,0.0007259639999999956,31.2618,756.3091890000005
10.336999999999989,0.00037039200000001105,31.2618,756.3091890000005
10.347000000000207,0.00019260599999999795,31.2618,756.3091890000005
10.356999999999971,0.00037039200000001105,31.2618,758.2980498000002
10.36700000000019,1.4819999999998723e-05,31.2618,758.2980498000002
10.376999999999953,0.00037039200000001105,31.2618,758.2980498000002
10.387000000000171,0.00019260599999999795,31.2618,758.2980498000002
10.396999999999935,0.00037039200000001105,30.2682,754.3203282000004
10.407000000000153,0.00019260599999999795,31.2618,760.2869106000003
10.416999999999916,0.00019260599999999795,32.2554,758.2980498000002
10.427000000000135,0.00037039200000001105,31.2618,758.2980498000002
10.436999999999898,0.00037039200000001105,32.2554,754.3203282000004
10.447000000000116,1.4819999999998723e-05,31.2618,758.2980498000002
10.45699999999988,0.00037039200000001105,31.2618,758.2980498000002
10.467000000000098,0.00037039200000001105,31.2618,756.3091890000005
10.476999999999862,0.00037039200000001105,30.2682,756.3091890000005
10.48700000000008,0.00037039200000001105,32.2554,756.3091890000005
10.496999999999844,1.4819999999998723e-05,31.2618,760.2869106000003
10.507000000000062,0.00037039200000001105,30.2682,756.3091890000005
10.516999999999825,0.0005481779999999825,32.2554,756.3091890000005
10.527000000000044,0.00037039200000001105,31.2618,754.3203282000004
10.536999999999807,0.00037039200000001105,30.2682,754.3203282000004
10.547000000000025,0.00019260599999999795,31.2618,758.2980498000002
10.556999999999789,0.00019260599999999795,30.2682,758.2980498000002
10.567000000000007,1.4819999999998723e-05,31.2618,758.2980498000002
10.577000000000226,0.00037039200000001105,29.2746,756.3091890000005
10.586999999999989,0.00019260599999999795,31.2618,756.3091890000005
10.597000000000207,0.00037039200000001105,31.2618,756.3091890000005
10.606999999999971,0.00019260599999999795,32.2554,758.2980498000002
10.61700000000019,0.00037039200000001105,32.2554,756.3091890000005
10.626999999999953,0.0005481779999999825,32.2554,756.3091890000005
10.637000000000171,0.00037039200000001105,32.2554,756.3091890000005
10.646999999999935,0.00037039200000001105,31.2618,758.2980498000002
10.657000000000153,0.00037039200000001105,32.2554,756.3091890000005
10.666999999999916,0.00019260599999999795,31.2618,754.3203282000004
10.677000000000135,0.00037039200000001105,32.2554,760.2869106000003
10.686999999999898,0.00037039200000001105,32.2554,756.3091890000005
10.697000000000116,0.0005481779999999825,31.2618,756.3091890000005
10.70699999999988,0.00037039200000001105,31.2618,756.3091890000005
10.717000000000098,0.00037039200000001105,31.2618,758.2980498000002
10.726999999999862,0.00037039200000001105,32.2554,756.3091890000005
10.73700000000008,0.00019260599999999795,32.2554,758.2980498000002
10.746999999999844,0.00037039200000001105,31.2618,756.3091890000005
10.75799999999981,0.00037039200000001105,32.2554,756.3091890000005
10.766999999999825,0.00037039200000001105,32.2554,758.2980498000002
10.777000000000044,0.00019260599999999795,31.2618,758.2980498000002
10.786999999999807,0.00019260599999999795,32.2554,758.2980498000002
10.79800000000023,0.00037039200000001105,31.2618,754.3203282000004
10.806999999999789,0.00037039200000001105,31.2618,756.3091890000005
10.817000000000007,0.00019260599999999795,32.2554,758.2980498000002
10.827000000000226,0.0005481779999999825,31.2618,756.3091890000005
10.836999999999989,0.00037039200000001105,31.2618,756.3091890000005
10.847999999999956,1.4819999999998723e-05,32.2554,754.3203282000004
10.856999999999971,0.00019260599999999795,31.2618,756.3091890000005
10.86700000000019,0.00019260599999999795,31.2618,758.2980498000002
10.878000000000156,0.00037039200000001105,32.2554,756.3091890000005
10.88799999999992,0.00037039200000001105,31.2618,754.3203282000004
10.898000000000138,0.0005481779999999825,33.249,756.3091890000005
10.907999999999902,0.0005481779999999825,32.2554,756.3091890000005
10.91800000000012,0.0005481779999999825,31.2618,756.3091890000005
10.927999999999884,0.00037039200000001105,32.2554,756.3091890000005
10.938000000000102,1.4819999999998723e-05,29.2746,754.3203282000004
10.947999999999865,1.4819999999998723e-05,32.2554,760.2869106000003
10.958000000000084,0.00019260599999999795,32.2554,760.2869106000003
10.967999999999847,0.00037039200000001105,31.2618,756.3091890000005
10.978000000000065,0.00037039200000001105,32.2554,756.3091890000005
10.987999999999829,0.0005481779999999825,32.2554,756.3091890000005
10.998000000000047,0.00037039200000001105,31.2618,758.2980498000002
11.00799999999981,0.00019260599999999795,31.2618,756.3091890000005
11.018000000000029,0.00037039200000001105,32.2554,758.2980498000002
11.027999999999793,0.00037039200000001105,29.2746,752.3314674000007
11.038000000000011,0.00037039200000001105,32.2554,758.2980498000002
11.04800000000023,0.00019260599999999795,31.2618,756.3091890000005
11.057999999999993,0.00037039200000001105,33.249,758.2980498000002
11.068000000000211,0.00037039200000001105,33.249,756.3091890000005
11.077999999999975,0.00019260599999999795,30.2682,756.3091890000005
11.088000000000193,0.00037039200000001105,32.2554,756.3091890000005
11.097999999999956,0.00037039200000001105,32.2554,756.3091890000005
11.108000000000175,0.00019260599999999795,33.249,758.2980498000002
11.117999999999938,0.0005481779999999825,32.2554,756.3091890000005
11.128000000000156,0.00019260599999999795,32.2554,758.2980498000002
11.13799999999992,0.0005481779999999825,33.249,756.3091890000005
11.148000000000138,0.00037039200000001105,33.249,756.3091890000005
11.157999999999902,0.00037039200000001105,31.2618,754.3203282000004
11.16800000000012,0.00037039200000001105,32.2554,758.2980498000002
11.177999999999884,0.00037039200000001105,32.2554,758.2980498000002
11.188000000000102,0.00037039200000001105,32.2554,756.3091890000005
11.197999999999865,0.00037039200000001105,32.2554,758.2980498000002
11.208000000000084,0.00037039200000001105,34.2426,752.3314674000007
11.217999999999847,0.00037039200000001105,33.249,758.2980498000002
11.228000000000065,0.00037039200000001105,32.2554,756.3091890000005
11.237999999999829,0.00019260599999999795,31.2618,758.2980498000002
11.248000000000047,0.00019260599999999795,30.2682,756.3091890000005
11.25799999999981,0.00019260599999999795,33.249,758.2980498000002
11.268000000000029,0.00037039200000001105,33.249,758.2980498000002
11.277999999999793,0.00037039200000001105,31.2618,756.3091890000005
11.288000000000011,0.00037039200000001105,32.2554,754.3203282000004
11.29800000000023,0.00019260599999999795,33.249,758.2980498000002
11.307999999999993,0.00037039200000001105,32.2554,758.2980498000002
11.346000000000004,0.00019260599999999795,31.2618,758.2980498000002
11.391000000000076,0.00037039200000001105,30.2682,754.3203282000004
11.40099999999984,0.00037039200000001105,31.2618,756.3091890000005
11.409999999999854,0.00037039200000001105,32.2554,756.3091890000005
11.420000000000073,0.00019260599999999795,33.249,758.2980498000002
11.429999999999836,0.00019260599999999795,31.2618,756.3091890000005
11.43899999999985,0.00037039200000001105,31.2618,756.3091890000005
11.44900000000007,1.4819999999998723e-05,32.2554,760.2869106000003
11.467999999999847,0.00037039200000001105,32.2554,758.2980498000002
11.478999999999814,0.00019260599999999795,30.2682,756.3091890000005
11.487999999999829,0.00037039200000001105,32.2554,758.2980498000002
11.498000000000047,0.0005481779999999825,32.2554,756.3091890000005
11.509000000000015,0.00037039200000001105,32.2554,758.2980498000002
11.519000000000233,0.00037039200000001105,33.249,754.3203282000004
11.528999999999996,0.00019260599999999795,30.2682,758.2980498000002
11.539000000000215,0.0005481779999999825,32.2554,756.3091890000005
11.548999999999978,0.0005481779999999825,34.2426,758.2980498000002
11.559000000000196,0.0005481779999999825,32.2554,756.3091890000005
11.56899999999996,0.00019260599999999795,31.2618,756.3091890000005
11.579000000000178,0.00019260599999999795,32.2554,758.2980498000002
11.588999999999942,1.4819999999998723e-05,33.249,758.2980498000002
11.59900000000016,0.00037039200000001105,33.249,756.3091890000005
11.608999999999924,0.0005481779999999825,33.249,752.3314674000007
11.619000000000142,0.0007259639999999956,33.249,754.3203282000004
11.628999999999905,0.00019260599999999795,33.249,758.2980498000002
11.639000000000124,0.00037039200000001105,32.2554,758.2980498000002
11.648999999999887,1.4819999999998723e-05,32.2554,760.2869106000003
11.659000000000106,0.00019260599999999795,32.2554,754.3203282000004
11.668999999999869,0.0005481779999999825,32.2554,756.3091890000005
11.679000000000087,0.00037039200000001105,33.249,758.2980498000002
11.68899999999985,0.00037039200000001105,33.249,756.3091890000005
11.69900000000007,0.00037039200000001105,33.249,756.3091890000005
11.708999999999833,1.4819999999998723e-05,32.2554,758.2980498000002
11.719000000000051,0.00019260599999999795,32.2554,758.2980498000002
11.728999999999814,0.0005481779999999825,33.249,756.3091890000005
11.739000000000033,0.00037039200000001105,31.2618,756.3091890000005
11.748999999999796,0.0007259639999999956,32.2554,750.3426066000002
11.759000000000015,0.0005481779999999825,32.2554,756.3091890000005
11.769000000000233,1.4819999999998723e-05,33.249,758.2980498000002
11.778999999999996,0.00037039200000001105,33.249,756.3091890000005
11.789000000000215,0.0005481779999999825,33.249,754.3203282000004
11.798999999999978,0.00019260599999999795,32.2554,758.2980498000002
11.809000000000196,0.0005481779999999825,33.249,758.2980498000002
11.81899999999996,0.00019260599999999795,32.2554,756.3091890000005
11.829000000000178,0.0005481779999999825,33.249,754.3203282000004
11.838999999999942,0.00037039200000001105,32.2554,752.3314674000007
11.84900000000016,0.00019260599999999795,33.249,756.3091890000005
11.858999999999924,0.00037039200000001105,32.2554,758.2980498000002
11.869000000000142,0.00019260599999999795,32.2554,758.2980498000002
11.878999999999905,0.0005481779999999825,33.249,754.3203282000004
11.889000000000124,0.00019260599999999795,33.249,758.2980498000002
11.898999999999887,0.00019260599999999795,32.2554,758.2980498000002
11.909000000000106,0.00019260599999999795,32.2554,756.3091890000005
11.918999999999869,0.0005481779999999825,33.249,756.3091890000005
11.929000000000087,1.4819999999998723e-05,32.2554,754.3203282000004
11.93899999999985,1.4819999999998723e-05,32.2554,758.2980498000002
11.94900000000007,0.00019260599999999795,33.249,756.3091890000005
11.958999999999833,0.00037039200000001105,31.2618,756.3091890000005
11.969000000000051,0.00037039200000001105,32.2554,754.3203282000004
11.978999999999814,0.00019260599999999795,31.2618,756.3091890000005
11.989000000000033,0.00037039200000001105,33.249,756.3091890000005
11.998999999999796,0.00019260599999999795,33.249,758.2980498000002
12.009000000000015,0.00037039200000001105,33.249,756.3091890000005
12.019999999999982,1.4819999999998723e-05,31.2618,756.3091890000005
12.028999999999996,0.0005481779999999825,33.249,756.3091890000005
12.039000000000215,0.0005481779999999825,34.2426,756.3091890000005
12.048999999999978,0.0005481779999999825,33.249,756.3091890000005
12.059999999999945,0.00037039200000001105,34.2426,756.3091890000005
12.06899999999996,0.00037039200000001105,32.2554,756.3091890000005
12.079000000000178,0.0005481779999999825,32.2554,756.3091890000005
12.088999999999942,0.0005481779999999825,33.249,758.2980498000002
12.09900000000016,0.00037039200000001105,33.249,758.2980498000002
12.110000000000127,0.00037039200000001105,32.2554,754.3203282000004
12.119000000000142,0.00037039200000001105,32.2554,758.2980498000002
12.13000000000011,0.00019260599999999795,33.249,762.2757713999999
12.139999999999873,0.00019260599999999795,33.249,758.2980498000002
12.150000000000091,1.4819999999998723e-05,33.249,754.3203282000004
12.159999999999854,0.00037039200000001105,32.2554,756.3091890000005
12.170000000000073,0.00019260599999999795,33.249,758.2980498000002
12.179999999999836,0.00037039200000001105,32.2554,758.2980498000002
12.190000000000055,0.00019260599999999795,32.2554,758.2980498000002
12.199999999999818,0.00019260599999999795,31.2618,754.3203282000004
12.210000000000036,0.00019260599999999795,33.249,760.2869106000003
12.2199999999998,0.00019260599999999795,34.2426,758.2980498000002
12.230000000000018,0.00037039200000001105,33.249,758.2980498000002
12.240000000000236,1.4819999999998723e-05,32.2554,756.3091890000005
12.25,0.00019260599999999795,33.249,756.3091890000005
12.260000000000218,0.0005481779999999825,31.2618,756.3091890000005
12.269999999999982,0.00019260599999999795,33.249,760.2869106000003
12.2800000000002,0.00037039200000001105,33.249,758.2980498000002
12.289999999999964,0.0005481779999999825,32.2554,756.3091890000005
12.300000000000182,0.00037039200000001105,33.249,760.2869106000003
12.309999999999945,0.0005481779999999825,33.249,758.2980498000002
12.320000000000164,0.00037039200000001105,33.249,756.3091890000005
12.329999999999927,0.00019260599999999795,32.2554,756.3091890000005
12.340000000000146,0.00019260599999999795,33.249,758.2980498000002
12.349999999999909,0.0005481779999999825,33.249,756.3091890000005
12.360000000000127,0.00019260599999999795,33.249,760.2869106000003
12.36999999999989,0.00019260599999999795,34.2426,760.2869106000003
12.38000000000011,0.0005481779999999825,33.249,754.3203282000004
12.389999999999873,0.00019260599999999795,32.2554,758.2980498000002
12.400000000000091,0.00037039200000001105,33.249,756.3091890000005
12.409999999999854,0.0005481779999999825,34.2426,756.3091890000005
12.420000000000073,-0.00016296600000001438,31.2618,758.2980498000002
12.429999999999836,0.00019260599999999795,31.2618,758.2980498000002
12.440000000000055,0.00037039200000001105,34.2426,758.2980498000002
12.449999999999818,0.00019260599999999795,32.2554,758.2980498000002
12.460000000000036,0.00037039200000001105,34.2426,758.2980498000002
12.4699999999998,0.00019260599999999795,31.2618,754.3203282000004
12.480000000000018,0.00019260599999999795,33.249,760.2869106000003
12.490000000000236,0.00037039200000001105,33.249,756.3091890000005
12.5,0.00037039200000001105,33.249,756.3091890000005
12.510000000000218,0.00037039200000001105,32.2554,754.3203282000004
12.519999999999982,0.00037039200000001105,33.249,758.2980498000002
12.5300000000002,0.00037039200000001105,33.249,758.2980498000002
12.539999999999964,0.00019260599999999795,34.2426,758.2980498000002
12.550000000000182,0.0005481779999999825,32.2554,754.3203282000004
12.559999999999945,0.00037039200000001105,31.2618,754.3203282000004
12.570000000000164,0.00037039200000001105,34.2426,758.2980498000002
12.579999999999927,0.00019260599999999795,33.249,756.3091890000005
12.590000000000146,0.00037039200000001105,33.249,758.2980498000002
12.599999999999909,0.0005481779999999825,32.2554,754.3203282000004
12.610000000000127,0.00037039200000001105,33.249,758.2980498000002
12.61999999999989,0.00037039200000001105,33.249,758.2980498000002
12.63000000000011,0.00019260599999999795,33.249,758.2980498000002
12.639999999999873,0.00037039200000001105,32.2554,756.3091890000005
12.65099999999984,0.00019260599999999795,31.2618,752.3314674000007
12.659999999999854,0.00019260599999999795,32.2554,758.2980498000002
12.670000000000073,0.00019260599999999795,33.249,756.3091890000005
12.679999999999836,1.4819999999998723e-05,33.249,758.2980498000002
12.690999999999804,0.00019260599999999795,34.2426,754.3203282000004
12.699999999999818,0.00037039200000001105,32.2554,758.2980498000002
12.710000000000036,0.00037039200000001105,34.2426,758.2980498000002
12.7199999999998,0.00019260599999999795,34.2426,758.2980498000002
12.730000000000018,0.0005481779999999825,33.249,756.3091890000005
12.740999999999985,0.00019260599999999795,33.249,756.3091890000005
12.75,0.00037039200000001105,34.2426,756.3091890000005
12.760999999999967,1.4819999999998723e-05,32.2554,758.2980498000002
12.771000000000186,0.00037039200000001105,33.249,756.3091890000005
12.780999999999949,0.00019260599999999795,31.2618,752.3314674000007
12.791000000000167,0.00019260599999999795,33.249,760.2869106000003
12.80099999999993,0.00037039200000001105,33.249,758.2980498000002
12.81100000000015,0.00019260599999999795,33.249,758.2980498000002
12.820999999999913,0.0005481779999999825,33.249,754.3203282000004
12.831000000000131,0.00019260599999999795,34.2426,754.3203282000004
12.840999999999894,0.00037039200000001105,34.2426,756.3091890000005
12.851000000000113,0.00037039200000001105,33.249,756.3091890000005
12.860999999999876,0.0005481779999999825,33.249,756.3091890000005
12.871000000000095,0.00037039200000001105,34.2426,754.3203282000004
12.880999999999858,0.0005481779999999825,33.249,754.3203282000004
12.891000000000076,0.00037039200000001105,32.2554,756.3091890000005
12.90099999999984,0.00037039200000001105,32.2554,756.3091890000005
12.911000000000058,0.00019260599999999795,33.249,754.3203282000004
12.920999999999822,0.00019260599999999795,32.2554,754.3203282000004
12.93100000000004,0.00037039200000001105,33.249,756.3091890000005
12.940999999999804,0.0005481779999999825,32.2554,756.3091890000005
12.951000000000022,0.00037039200000001105,33.249,756.3091890000005
12.96100000000024,0.0005481779999999825,34.2426,754.3203282000004
12.971000000000004,0.00037039200000001105,33.249,758.2980498000002
12.981000000000222,0.00019260599999999795,32.2554,758.2980498000002
12.990999999999985,0.00037039200000001105,34.2426,758.2980498000002
13.001000000000204,0.00019260599999999795,32.2554,756.3091890000005
13.010999999999967,0.00037039200000001105,32.2554,752.3314674000007
13.021000000000186,0.00019260599999999795,33.249,756.3091890000005
13.030999999999949,0.0005481779999999825,33.249,756.3091890000005
13.041000000000167,0.0005481779999999825,33.249,756.3091890000005
13.05099999999993,0.00019260599999999795,33.249,754.3203282000004
13.06100000000015,0.00019260599999999795,33.249,758.2980498000002
13.070999999999913,0.00019260599999999795,33.249,758.2980498000002
13.081000000000131,0.00019260599999999795,34.2426,758.2980498000002
13.090999999999894,0.0005481779999999825,35.236200000000004,756.3091890000005
13.101000000000113,0.00019260599999999795,32.2554,756.3091890000005
13.110999999999876,0.00037039200000001105,33.249,758.2980498000002
13.121000000000095,0.00019260599999999795,33.249,758.2980498000002
13.130999999999858,0.00019260599999999795,34.2426,758.2980498000002
13.141000000000076,0.00019260599999999795,34.2426,756.3091890000005
13.15099999999984,0.00037039200000001105,33.249,756.3091890000005
13.161000000000058,0.00019260599999999795,34.2426,760.2869106000003
13.170999999999822,0.00019260599999999795,32.2554,758.2980498000002
13.18100000000004,0.0005481779999999825,34.2426,756.3091890000005
13.190999999999804,0.00019260599999999795,33.249,754.3203282000004
13.201000000000022,0.00037039200000001105,34.2426,758.2980498000002
13.21100000000024,0.00019260599999999795,34.2426,758.2980498000002
13.221000000000004,0.00037039200000001105,34.2426,758.2980498000002
13.231999999999971,0.00037039200000001105,35.236200000000004,754.3203282000004
13.240999999999985,0.00019260599999999795,33.249,758.2980498000002
13.251000000000204,0.00037039200000001105,33.249,756.3091890000005
13.260999999999967,0.00037039200000001105,34.2426,756.3091890000005
13.271000000000186,0.00037039200000001105,35.236200000000004,756.3091890000005
13.280999999999949,0.0005481779999999825,33.249,754.3203282000004
13.291000000000167,0.00037039200000001105,35.236200000000004,756.3091890000005
13.30099999999993,0.00037039200000001105,33.249,758.2980498000002
13.31100000000015,0.00037039200000001105,34.2426,758.2980498000002
13.322000000000116,0.00037039200000001105,36.229800000000004,756.3091890000005
13.331000000000131,0.00037039200000001105,34.2426,758.2980498000002
13.340999999999894,0.0005481779999999825,33.249,754.3203282000004
13.351000000000113,0.00019260599999999795,32.2554,756.3091890000005
13.36200000000008,0.00037039200000001105,35.236200000000004,758.2980498000002
13.371999999999844,0.0005481779999999825,34.2426,756.3091890000005
13.382000000000062,0.00019260599999999795,33.249,760.2869106000003
13.391999999999825,0.00037039200000001105,36.229800000000004,758.2980498000002
13.402000000000044,0.00019260599999999795,34.2426,758.2980498000002
13.411999999999807,1.4819999999998723e-05,32.2554,758.2980498000002
13.422000000000025,1.4819999999998723e-05,32.2554,760.2869106000003
13.431999999999789,0.00037039200000001105,34.2426,758.2980498000002
13.442000000000007,0.00037039200000001105,34.2426,758.2980498000002
13.452000000000226,0.00037039200000001105,35.236200000000004,758.2980498000002
13.461999999999989,0.00037039200000001105,31.2618,756.3091890000005
13.472000000000207,0.0005481779999999825,33.249,756.3091890000005
13.481999999999971,0.00019260599999999795,34.2426,760.2869106000003
13.49200000000019,0.00037039200000001105,35.236200000000004,756.3091890000005
13.501999999999953,0.0007259639999999956,33.249,752.3314674000007
13.512000000000171,0.00019260599999999795,34.2426,758.2980498000002
13.521999999999935,0.0005481779999999825,34.2426,754.3203282000004
13.532000000000153,0.00037039200000001105,34.2426,758.2980498000002
13.541999999999916,0.0005481779999999825,33.249,754.3203282000004
13.552000000000135,0.00037039200000001105,34.2426,754.3203282000004
13.561999999999898,0.00037039200000001105,34.2426,756.3091890000005
13.572000000000116,0.00037039200000001105,33.249,756.3091890000005
13.58199999999988,1.4819999999998723e-05,34.2426,758.2980498000002
13.592000000000098,0.00037039200000001105,34.2426,756.3091890000005
13.601999999999862,0.00019260599999999795,35.236200000000004,758.2980498000002
13.61200000000008,0.00019260599999999795,33.249,758.2980498000002
13.621999999999844,0.00037039200000001105,34.2426,758.2980498000002
13.635000000000218,0.0005481779999999825,35.236200000000004,754.3203282000004
13.644999999999982,0.0007259639999999956,47.159400000000005,756.3091890000005
13.653999999999996,0.0005481779999999825,52.1274,758.2980498000002
13.68600000000015,0.0007259639999999956,57.095400000000005,754.3203282000004
13.695999999999913,0.0007259639999999956,59.082600000000006,758.2980498000002
13.706000000000131,0.0007259639999999956,59.082600000000006,756.3091890000005
13.715000000000146,0.0007259639999999956,58.089000000000006,758.2980498000002
13.724999999999909,0.0005481779999999825,57.095400000000005,752.3314674000007
13.735000000000127,0.0005481779999999825,60.07620000000001,760.2869106000003
13.744000000000142,0.0005481779999999825,60.07620000000001,758.2980498000002
13.753999999999905,0.0007259639999999956,59.082600000000006,760.2869106000003
13.76299999999992,0.0005481779999999825,59.082600000000006,760.2869106000003
13.773000000000138,0.0009037499999999948,61.06980000000001,754.3203282000004
13.782999999999902,0.00037039200000001105,60.07620000000001,760.2869106000003
13.802000000000135,0.001081535999999994,60.07620000000001,756.3091890000005
13.811999999999898,0.0007259639999999956,59.082600000000006,756.3091890000005
13.822000000000116,0.0007259639999999956,59.082600000000006,758.2980498000002
13.83199999999988,0.0005481779999999825,60.07620000000001,758.2980498000002
13.842000000000098,0.0007259639999999956,60.07620000000001,758.2980498000002
13.865999999999985,0.0009037499999999948,61.06980000000001,758.2980498000002
13.911000000000058,0.0009037499999999948,57.095400000000005,754.3203282000004
13.920999999999822,0.0009037499999999948,59.082600000000006,758.2980498000002
13.93100000000004,0.0009037499999999948,61.06980000000001,756.3091890000005
13.940000000000055,0.0009037499999999948,59.082600000000006,756.3091890000005
13.949999999999818,0.0005481779999999825,60.07620000000001,756.3091890000005
13.960000000000036,0.0009037499999999948,60.07620000000001,758.2980498000002
13.969000000000051,0.0007259639999999956,60.07620000000001,758.2980498000002
13.978999999999814,0.0007259639999999956,59.082600000000006,760.2869106000003
13.987999999999829,0.0007259639999999956,60.07620000000001,758.2980498000002
13.998000000000047,0.0005481779999999825,58.089000000000006,754.3203282000004
14.00799999999981,0.0007259639999999956,59.082600000000006,758.2980498000002
14.018000000000029,0.0009037499999999948,59.082600000000006,756.3091890000005
14.027000000000044,0.0005481779999999825,60.07620000000001,758.2980498000002
14.036999999999807,0.0007259639999999956,60.07620000000001,758.2980498000002
14.047000000000025,0.0007259639999999956,59.082600000000006,756.3091890000005
14.05600000000004,0.0009037499999999948,59.082600000000006,756.3091890000005
14.065999999999804,0.0005481779999999825,58.089000000000006,758.2980498000002
14.074999999999818,0.0007259639999999956,57.095400000000005,758.2980498000002
14.085000000000036,0.001081535999999994,59.082600000000006,756.3091890000005
14.0949999999998,0.0005481779999999825,57.095400000000005,758.2980498000002
14.103999999999814,0.0007259639999999956,59.082600000000006,756.3091890000005
14.114000000000033,0.0005481779999999825,59.082600000000006,756.3091890000005
14.123999999999796,0.0007259639999999956,58.089000000000006,756.3091890000005
14.13299999999981,0.0007259639999999956,58.089000000000006,752.3314674000007
14.152999999999793,0.00037039200000001105,58.089000000000006,760.2869106000003
14.163000000000011,0.0005481779999999825,59.082600000000006,756.3091890000005
14.17300000000023,0.0005481779999999825,59.082600000000006,754.3203282000004
14.182999999999993,0.0005481779999999825,57.095400000000005,758.2980498000002
14.193000000000211,0.0007259639999999956,57.095400000000005,756.3091890000005
14.202999999999975,0.0005481779999999825,57.095400000000005,758.2980498000002
14.213000000000193,0.0007259639999999956,57.095400000000005,756.3091890000005
14.222999999999956,0.0009037499999999948,57.095400000000005,752.3314674000007
14.233000000000175,0.0005481779999999825,58.089000000000006,760.2869106000003
14.242999999999938,0.0009037499999999948,59.082600000000006,756.3091890000005
14.253000000000156,0.0007259639999999956,57.095400000000005,758.2980498000002
14.26299999999992,0.0007259639999999956,59.082600000000006,752.3314674000007
14.273000000000138,0.0007259639999999956,58.089000000000006,758.2980498000002
14.282999999999902,0.0009037499999999948,59.082600000000006,758.2980498000002
14.29300000000012,0.0009037499999999948,58.089000000000006,756.3091890000005
14.302999999999884,0.0005481779999999825,58.089000000000006,758.2980498000002
14.313000000000102,0.001081535999999994,59.082600000000006,752.3314674000007
14.322999999999865,0.001081535999999994,57.095400000000005,756.3091890000005
14.333000000000084,0.0007259639999999956,58.089000000000006,758.2980498000002
14.342999999999847,0.0007259639999999956,60.07620000000001,758.2980498000002
14.353000000000065,0.0009037499999999948,57.095400000000005,756.3091890000005
14.362999999999829,0.0005481779999999825,58.089000000000006,758.2980498000002
14.373000000000047,0.0007259639999999956,59.082600000000006,758.2980498000002
14.38299999999981,0.0007259639999999956,58.089000000000006,756.3091890000005
14.393000000000029,0.0007259639999999956,58.089000000000006,756.3091890000005
14.402999999999793,0.00037039200000001105,57.095400000000005,754.3203282000004
14.413000000000011,0.0009037499999999948,56.101800000000004,754.3203282000004
14.42300000000023,0.0007259639999999956,58.089000000000006,758.2980498000002
14.432999999999993,0.0007259639999999956,57.095400000000005,756.3091890000005
14.443000000000211,0.0009037499999999948,58.089000000000006,754.3203282000004
14.452999999999975,0.0007259639999999956,58.089000000000006,756.3091890000005
14.463000000000193,0.0005481779999999825,58.089000000000006,758.2980498000002
14.472999999999956,0.0007259639999999956,58.089000000000006,758.2980498000002
14.483000000000175,0.0005481779999999825,57.095400000000005,758.2980498000002
14.494000000000142,0.0007259639999999956,57.095400000000005,754.3203282000004
14.503000000000156,0.0005481779999999825,58.089000000000006,758.2980498000002
14.51299999999992,0.0007259639999999956,59.082600000000006,758.2980498000002
14.523000000000138,0.0007259639999999956,58.089000000000006,758.2980498000002
14.534000000000106,0.0005481779999999825,58.089000000000006,756.3091890000005
14.54300000000012,0.0007259639999999956,58.089000000000006,758.2980498000002
14.552999999999884,0.0009037499999999948,58.089000000000006,756.3091890000005
14.563000000000102,0.0009037499999999948,57.095400000000005,756.3091890000005
14.572999999999865,0.0007259639999999956,57.095400000000005,756.3091890000005
14.583999999999833,0.0007259639999999956,57.095400000000005,754.3203282000004
14.592999999999847,0.001081535999999994,57.095400000000005,756.3091890000005
14.603000000000065,0.0007259639999999956,58.089000000000006,758.2980498000002
14.612999999999829,0.0007259639999999956,57.095400000000005,758.2980498000002
14.623999999999796,0.0007259639999999956,56.101800000000004,754.3203282000004
14.634000000000015,0.00037039200000001105,56.101800000000004,760.2869106000003
14.644000000000233,0.0007259639999999956,56.101800000000004,754.3203282000004
14.653999999999996,0.0009037499999999948,57.095400000000005,756.3091890000005
14.664000000000215,0.0007259639999999956,58.089000000000006,756.3091890000005
14.673999999999978,0.0005481779999999825,55.108200000000004,754.3203282000004
14.684000000000196,0.0005481779999999825,58.089000000000006,758.2980498000002
14.69399999999996,0.0005481779999999825,57.095400000000005,758.2980498000002
14.704000000000178,0.0005481779999999825,56.101800000000004,758.2980498000002
14.713999999999942,0.0005481779999999825,55.108200000000004,758.2980498000002
14.72400000000016,0.0009037499999999948,57.095400000000005,758.2980498000002
14.733999999999924,0.001081535999999994,58.089000000000006,758.2980498000002
14.744000000000142,0.0005481779999999825,56.101800000000004,760.2869106000003
14.753999999999905,0.0009037499999999948,56.101800000000004,758.2980498000002
14.764000000000124,0.001081535999999994,57.095400000000005,754.3203282000004
14.773999999999887,0.0007259639999999956,57.095400000000005,756.3091890000005
14.784000000000106,0.0009037499999999948,57.095400000000005,756.3091890000005
14.793999999999869,0.0007259639999999956,56.101800000000004,758.2980498000002
14.804000000000087,0.0009037499999999948,56.101800000000004,752.3314674000007
14.81399999999985,0.0007259639999999956,57.095400000000005,758.2980498000002
14.82400000000007,0.0005481779999999825,56.101800000000004,758.2980498000002
14.833999999999833,0.0005481779999999825,57.095400000000005,758.2980498000002
14.844000000000051,0.0007259639999999956,57.095400000000005,756.3091890000005
14.853999999999814,0.0007259639999999956,55.108200000000004,754.3203282000004
14.864000000000033,0.0005481779999999825,56.101800000000004,758.2980498000002
14.873999999999796,0.0007259639999999956,56.101800000000004,758.2980498000002
14.884000000000015,0.0005481779999999825,58.089000000000006,758.2980498000002
14.894000000000233,0.001081535999999994,57.095400000000005,754.3203282000004
14.903999999999996,0.0005481779999999825,56.101800000000004,758.2980498000002
14.914000000000215,0.0007259639999999956,57.095400000000005,756.3091890000005
14.923999999999978,0.0005481779999999825,56.101800000000004,756.3091890000005
14.934000000000196,0.0007259639999999956,56.101800000000004,756.3091890000005
14.94399999999996,0.0007259639999999956,55.108200000000004,756.3091890000005
14.954000000000178,0.0007259639999999956,56.101800000000004,756.3091890000005
14.963999999999942,0.0005481779999999825,56.101800000000004,760.2869106000003
14.97400000000016,0.0007259639999999956,56.101800000000004,756.3091890000005
14.983999999999924,0.0007259639999999956,58.089000000000006,756.3091890000005
14.994000000000142,0.00037039200000001105,56.101800000000004,758.2980498000002
15.003999999999905,0.0009037499999999948,57.095400000000005,758.2980498000002
15.014000000000124,0.0007259639999999956,57.095400000000005,758.2980498000002
15.023999999999887,0.0007259639999999956,56.101800000000004,756.3091890000005
15.034000000000106,0.001081535999999994,56.101800000000004,750.3426066000002
15.043999999999869,0.0009037499999999948,56.101800000000004,756.3091890000005
15.054000000000087,0.0009037499999999948,58.089000000000006,756.3091890000005
15.06399999999985,0.0007259639999999956,56.101800000000004,758.2980498000002
15.07400000000007,0.0007259639999999956,57.095400000000005,754.3203282000004
15.083999999999833,0.0009037499999999948,57.095400000000005,756.3091890000005
15.094000000000051,0.0005481779999999825,57.095400000000005,758.2980498000002
15.103999999999814,0.0007259639999999956,57.095400000000005,758.2980498000002
15.114000000000033,0.0007259639999999956,57.095400000000005,758.2980498000002
15.125,0.0009037499999999948,57.095400000000005,756.3091890000005
15.134000000000015,0.0009037499999999948,55.108200000000004,756.3091890000005
15.144000000000233,0.0007259639999999956,56.101800000000004,760.2869106000003
15.153999999999996,0.0007259639999999956,56.101800000000004,758.2980498000002
15.164999999999964,0.0009037499999999948,55.108200000000004,754.3203282000004
15.173999999999978,0.0009037499999999948,55.108200000000004,756.3091890000005
15.184000000000196,0.0007259639999999956,57.095400000000005,760.2869106000003
15.19399999999996,0.0009037499999999948,57.095400000000005,756.3091890000005
15.204000000000178,0.001081535999999994,56.101800000000004,756.3091890000005
15.215000000000146,0.0007259639999999956,53.121,750.3426066000002
15.22400000000016,0.0005481779999999825,56.101800000000004,758.2980498000002
15.233999999999924,0.00037039200000001105,56.101800000000004,758.2980498000002
15.244000000000142,0.0007259639999999956,56.101800000000004,756.3091890000005
15.25500000000011,0.0007259639999999956,55.108200000000004,752.3314674000007
15.264999999999873,0.0007259639999999956,57.095400000000005,758.2980498000002
15.275000000000091,0.0007259639999999956,57.095400000000005,756.3091890000005
15.284999999999854,0.0007259639999999956,56.101800000000004,758.2980498000002
15.295000000000073,0.0005481779999999825,56.101800000000004,758.2980498000002
15.304999999999836,0.0009037499999999948,56.101800000000004,752.3314674000007
15.315000000000055,0.0007259639999999956,56.101800000000004,758.2980498000002
15.324999999999818,0.0007259639999999956,56.101800000000004,758.2980498000002
15.335000000000036,0.0007259639999999956,55.108200000000004,756.3091890000005
15.3449999999998,0.0007259639999999956,56.101800000000004,754.3203282000004
15.355000000000018,0.0007259639999999956,56.101800000000004,756.3091890000005
15.365000000000236,0.0007259639999999956,57.095400000000005,756.3091890000005
15.375,0.001081535999999994,57.095400000000005,756.3091890000005
15.385000000000218,0.0009037499999999948,56.101800000000004,754.3203282000004
15.394999999999982,0.0007259639999999956,55.108200000000004,754.3203282000004
15.4050000000002,0.0007259639999999956,57.095400000000005,758.2980498000002
15.414999999999964,0.00037039200000001105,56.101800000000004,758.2980498000002
15.425000000000182,0.0009037499999999948,55.108200000000004,756.3091890000005
15.434999999999945,0.0009037499999999948,54.1146,754.3203282000004
15.445000000000164,0.0005481779999999825,56.101800000000004,756.3091890000005
15.454999999999927,0.0005481779999999825,56.101800000000004,758.2980498000002
15.465000000000146,0.0005481779999999825,56.101800000000004,758.2980498000002
15.474999999999909,0.0007259639999999956,56.101800000000004,756.3091890000005
15.485000000000127,0.0005481779999999825,57.095400000000005,756.3091890000005
15.49499999999989,0.0005481779999999825,56.101800000000004,758.2980498000002
15.50500000000011,0.001081535999999994,57.095400000000005,756.3091890000005
15.514999999999873,0.0005481779999999825,56.101800000000004,758.2980498000002
15.525000000000091,0.001081535999999994,58.089000000000006,754.3203282000004
15.534999999999854,0.0009037499999999948,58.089000000000006,758.2980498000002
15.545000000000073,0.0007259639999999956,55.108200000000004,756.3091890000005
15.554999999999836,0.0007259639999999956,56.101800000000004,758.2980498000002
15.565000000000055,0.0009037499999999948,55.108200000000004,756.3091890000005
15.574999999999818,0.0007259639999999956,55.108200000000004,754.3203282000004
15.585000000000036,0.0007259639999999956,56.101800000000004,758.2980498000002
15.5949999999998,0.0005481779999999825,56.101800000000004,760.2869106000003
15.605000000000018,0.0009037499999999948,55.108200000000004,756.3091890000005
15.615000000000236,0.0007259639999999956,55.108200000000004,756.3091890000005
15.625,0.0005481779999999825,56.101800000000004,756.3091890000005
15.635000000000218,0.0009037499999999948,56.101800000000004,756.3091890000005
15.644999999999982,0.0009037499999999948,56.101800000000004,758.2980498000002
15.6550000000002,0.0007259639999999956,55.108200000000004,758.2980498000002
15.664999999999964,0.0007259639999999956,53.121,756.3091890000005
15.675000000000182,0.00037039200000001105,56.101800000000004,762.2757713999999
15.684999999999945,0.0007259639999999956,55.108200000000004,758.2980498000002
15.695000000000164,0.0007259639999999956,56.101800000000004,756.3091890000005
15.704999999999927,0.00037039200000001105,55.108200000000004,756.3091890000005
15.715000000000146,0.0007259639999999956,56.101800000000004,760.2869106000003
15.724999999999909,0.0005481779999999825,54.1146,758.2980498000002
15.735000000000127,0.0009037499999999948,55.108200000000004,756.3091890000005
15.74499999999989,0.0007259639999999956,54.1146,756.3091890000005
15.755999999999858,0.0007259639999999956,55.108200000000004,756.3091890000005
15.764999999999873,0.0005481779999999825,55.108200000000004,756.3091890000005
15.775000000000091,0.0005481779999999825,55.108200000000004,758.2980498000002
15.784999999999854,0.0007259639999999956,55.108200000000004,756.3091890000005
15.795999999999822,0.0007259639999999956,56.101800000000004,754.3203282000004
15.804999999999836,0.0007259639999999956,54.1146,758.2980498000002
15.815000000000055,0.0009037499999999948,55.108200000000004,758.2980498000002
15.824999999999818,0.0009037499999999948,57.095400000000005,760.2869106000003
15.835000000000036,0.0007259639999999956,55.108200000000004,756.3091890000005
15.846000000000004,0.0009037499999999948,54.1146,754.3203282000004
15.855000000000018,0.0007259639999999956,56.101800000000004,758.2980498000002
15.865000000000236,0.0009037499999999948,54.1146,756.3091890000005
15.875,0.0005481779999999825,55.108200000000004,758.2980498000002
15.885999999999967,0.0009037499999999948,55.108200000000004,758.2980498000002
15.896000000000186,0.001081535999999994,56.101800000000004,756.3091890000005
15.905999999999949,0.0007259639999999956,55.108200000000004,756.3091890000005
15.916000000000167,0.0007259639999999956,55.108200000000004,758.2980498000002
15.92599999999993,0.0009037499999999948,55.108200000000004,756.3091890000005
15.93600000000015,0.0007259639999999956,54.1146,754.3203282000004
15.945999999999913,0.0009037499999999948,55.108200000000004,756.3091890000005
15.956000000000131,0.0005481779999999825,54.1146,756.3091890000005
15.965999999999894,0.0005481779999999825,54.1146,758.2980498000002
15.976000000000113,0.0009037499999999948,56.101800000000004,756.3091890000005
15.985999999999876,0.0005481779999999825,56.101800000000004,758.2980498000002
15.996000000000095,0.001081535999999994,56.101800000000004,754.3203282000004
16.005999999999858,0.0005481779999999825,55.108200000000004,758.2980498000002
16.016000000000076,0.0005481779999999825,55.108200000000004,760.2869106000003
16.02599999999984,0.0007259639999999956,56.101800000000004,754.3203282000004
16.036000000000058,0.0005481779999999825,54.1146,758.2980498000002
16.04599999999982,0.0007259639999999956,56.101800000000004,758.2980498000002
16.05600000000004,0.001081535999999994,53.121,754.3203282000004
16.065999999999804,0.0009037499999999948,56.101800000000004,754.3203282000004
16.076000000000022,0.0005481779999999825,54.1146,758.2980498000002
16.08600000000024,0.0007259639999999956,55.108200000000004,756.3091890000005
16.096000000000004,0.0005481779999999825,55.108200000000004,758.2980498000002
16.106000000000222,0.0007259639999999956,55.108200000000004,756.3091890000005
16.115999999999985,0.0007259639999999956,54.1146,752.3314674000007
16.126000000000204,0.0007259639999999956,54.1146,756.3091890000005
16.135999999999967,0.0009037499999999948,54.1146,756.3091890000005
16.146000000000186,0.0007259639999999956,55.108200000000004,758.2980498000002
16.15599999999995,0.0007259639999999956,53.121,752.3314674000007
16.166000000000167,0.0009037499999999948,55.108200000000004,756.3091890000005
16.17599999999993,0.0005481779999999825,55.108200000000004,756.3091890000005
16.18600000000015,0.0007259639999999956,55.108200000000004,756.3091890000005
16.195999999999913,0.0007259639999999956,54.1146,756.3091890000005
16.20600000000013,0.0005481779999999825,54.1146,754.3203282000004
16.215999999999894,0.0007259639999999956,56.101800000000004,758.2980498000002
16.226000000000113,0.0009037499999999948,54.1146,756.3091890000005
16.235999999999876,0.0007259639999999956,56.101800000000004,756.3091890000005
16.246000000000095,0.0009037499999999948,53.121,752.3314674000007
16.255999999999858,0.0007259639999999956,56.101800000000004,758.2980498000002
16.266000000000076,0.0007259639999999956,56.101800000000004,758.2980498000002
16.27599999999984,0.0007259639999999956,55.108200000000004,756.3091890000005
16.286000000000058,0.0007259639999999956,55.108200000000004,758.2980498000002
16.29599999999982,0.0007259639999999956,54.1146,754.3203282000004
16.30600000000004,0.0007259639999999956,57.095400000000005,758.2980498000002
16.315999999999804,0.0007259639999999956,54.1146,758.2980498000002
16.326000000000022,0.0007259639999999956,54.1146,758.2980498000002
16.33600000000024,0.0005481779999999825,57.095400000000005,758.2980498000002
16.346000000000004,0.00019260599999999795,54.1146,760.2869106000003
16.356000000000222,0.0005481779999999825,54.1146,758.2980498000002
16.38700000000017,0.0005481779999999825,55.108200000000004,758.2980498000002
16.43199999999979,0.0007259639999999956,53.121,754.3203282000004
16.440999999999804,0.00037039200000001105,54.1146,756.3091890000005
16.451000000000022,0.0005481779999999825,53.121,754.3203282000004
16.46100000000024,0.0005481779999999825,53.121,756.3091890000005
16.4699999999998,0.0007259639999999956,54.1146,756.3091890000005
16.480000000000018,0.0007259639999999956,55.108200000000004,758.2980498000002
16.490000000000236,0.0007259639999999956,55.108200000000004,756.3091890000005
16.498999999999796,0.0005481779999999825,54.1146,758.2980498000002
16.509000000000015,0.0007259639999999956,53.121,756.3091890000005
16.519000000000233,0.001081535999999994,56.101800000000004,754.3203282000004
16.527999999999793,0.0005481779999999825,55.108200000000004,756.3091890000005
16.53800000000001,0.0005481779999999825,54.1146,758.2980498000002
16.547000000000025,0.0005481779999999825,54.1146,756.3091890000005
16.567000000000007,0.0007259639999999956,54.1146,754.3203282000004
16.577000000000226,0.0005481779999999825,53.121,756.3091890000005
16.58699999999999,0.00037039200000001105,54.1146,758.2980498000002
16.597000000000207,0.0007259639999999956,52.1274,756.3091890000005
16.60699999999997,0.0005481779999999825,54.1146,756.3091890000005
16.61700000000019,0.0005481779999999825,53.121,760.2869106000003
16.626999999999953,0.0005481779999999825,53.121,758.2980498000002
16.63700000000017,0.0005481779999999825,55.108200000000004,756.3091890000005
16.646999999999935,0.0005481779999999825,53.121,756.3091890000005
16.657000000000153,0.0005481779999999825,54.1146,754.3203282000004
16.666999999999916,0.0007259639999999956,54.1146,756.3091890000005
16.677000000000135,0.0009037499999999948,54.1146,758.2980498000002
16.686999999999898,0.00037039200000001105,55.108200000000004,760.2869106000003
16.697000000000116,0.0007259639999999956,52.1274,756.3091890000005
16.70699999999988,0.0005481779999999825,53.121,758.2980498000002
16.7170000000001,0.0009037499999999948,54.1146,756.3091890000005
16.72699999999986,0.0007259639999999956,53.121,756.3091890000005
16.73700000000008,0.0009037499999999948,54.1146,752.3314674000007
16.746999999999844,0.0007259639999999956,53.121,754.3203282000004
16.757000000000062,0.0005481779999999825,53.121,756.3091890000005
16.766999999999825,0.0005481779999999825,54.1146,758.2980498000002
16.777000000000044,0.0007259639999999956,54.1146,756.3091890000005
16.786999999999807,0.0005481779999999825,53.121,756.3091890000005
16.797000000000025,0.0007259639999999956,54.1146,756.3091890000005
16.80699999999979,0.00037039200000001105,53.121,758.2980498000002
16.817000000000007,0.0007259639999999956,54.1146,756.3091890000005
16.827000000000226,0.0007259639999999956,53.121,754.3203282000004
16.83699999999999,0.0005481779999999825,53.121,756.3091890000005
16.847000000000207,0.0007259639999999956,52.1274,756.3091890000005
16.85699999999997,0.0005481779999999825,54.1146,758.2980498000002
16.86700000000019,0.0007259639999999956,54.1146,756.3091890000005
16.876999999999953,0.0007259639999999956,54.1146,756.3091890000005
16.88700000000017,0.0007259639999999956,52.1274,756.3091890000005
16.896999999999935,0.0007259639999999956,53.121,756.3091890000005
16.907000000000153,0.0005481779999999825,55.108200000000004,758.2980498000002
16.916999999999916,0.0009037499999999948,55.108200000000004,756.3091890000005
16.927000000000135,0.0007259639999999956,53.121,754.3203282000004
16.936999999999898,0.0005481779999999825,52.1274,758.2980498000002
16.947000000000116,0.0007259639999999956,54.1146,756.3091890000005
16.95699999999988,0.0007259639999999956,53.121,758.2980498000002
16.9670000000001,0.0007259639999999956,54.1146,756.3091890000005
16.97699999999986,0.0005481779999999825,54.1146,758.2980498000002
16.98700000000008,0.0009037499999999948,53.121,756.3091890000005
16.996999999999844,0.0007259639999999956,53.121,758.2980498000002
17.007000000000062,0.0005481779999999825,55.108200000000004,760.2869106000003
17.016999999999825,0.001081535999999994,54.1146,754.3203282000004
17.027000000000044,0.0007259639999999956,54.1146,758.2980498000002
17.036999999999807,0.0007259639999999956,53.121,756.3091890000005
17.047000000000025,0.0009037499999999948,54.1146,756.3091890000005
17.057999999999993,0.0007259639999999956,52.1274,754.3203282000004
17.067000000000007,0.001081535999999994,53.121,756.3091890000005
17.077000000000226,0.0007259639999999956,54.1146,756.3091890000005
17.08699999999999,0.0007259639999999956,53.121,756.3091890000005
17.097999999999956,0.0007259639999999956,55.108200000000004,758.2980498000002
17.108000000000175,0.0007259639999999956,55.108200000000004,758.2980498000002
17.11700000000019,0.0005481779999999825,53.121,756.3091890000005
17.126999999999953,0.0009037499999999948,53.121,754.3203282000004
17.13799999999992,0.0007259639999999956,54.1146,756.3091890000005
17.14800000000014,0.0005481779999999825,52.1274,754.3203282000004
17.1579999999999,0.00037039200000001105,53.121,760.2869106000003
17.16800000000012,0.00037039200000001105,54.1146,758.2980498000002
17.177999999999884,0.0005481779999999825,54.1146,758.2980498000002
17.188000000000102,0.0007259639999999956,53.121,756.3091890000005
17.197999999999865,0.0005481779999999825,54.1146,756.3091890000005
17.208000000000084,0.00037039200000001105,53.121,758.2980498000002
17.217999999999847,0.0007259639999999956,52.1274,756.3091890000005
17.228000000000065,0.0009037499999999948,53.121,756.3091890000005
17.23799999999983,0.0005481779999999825,53.121,754.3203282000004
17.248000000000047,0.00037039200000001105,53.121,758.2980498000002
17.25799999999981,0.0007259639999999956,53.121,756.3091890000005
17.26800000000003,0.0005481779999999825,54.1146,758.2980498000002
17.277999999999793,0.0007259639999999956,54.1146,758.2980498000002
17.28800000000001,0.0005481779999999825,54.1146,758.2980498000002
17.29800000000023,0.0005481779999999825,53.121,758.2980498000002
17.307999999999993,0.0005481779999999825,53.121,756.3091890000005
17.31800000000021,0.0009037499999999948,53.121,756.3091890000005
17.327999999999975,0.0007259639999999956,55.108200000000004,758.2980498000002
17.338000000000193,0.0009037499999999948,51.13380000000001,756.3091890000005
17.347999999999956,0.0005481779999999825,52.1274,758.2980498000002
17.358000000000175,0.00037039200000001105,52.1274,760.2869106000003
17.367999999999938,0.0005481779999999825,54.1146,756.3091890000005
17.378000000000156,0.00037039200000001105,51.13380000000001,760.2869106000003
17.38799999999992,0.00037039200000001105,53.121,760.2869106000003
17.39800000000014,0.0005481779999999825,52.1274,758.2980498000002
17.4079999999999,0.0009037499999999948,53.121,756.3091890000005
17.41800000000012,0.0005481779999999825,54.1146,754.3203282000004
17.427999999999884,0.0007259639999999956,54.1146,758.2980498000002
17.438000000000102,0.0005481779999999825,53.121,758.2980498000002
17.447999999999865,0.0007259639999999956,53.121,756.3091890000005
17.458000000000084,0.0005481779999999825,52.1274,758.2980498000002
17.467999999999847,0.0005481779999999825,52.1274,756.3091890000005
17.478000000000065,0.0009037499999999948,52.1274,756.3091890000005
17.48799999999983,0.0007259639999999956,53.121,756.3091890000005
17.498000000000047,0.0005481779999999825,54.1146,758.2980498000002
17.50799999999981,0.0009037499999999948,55.108200000000004,756.3091890000005
17.51800000000003,0.0007259639999999956,55.108200000000004,758.2980498000002
17.527999999999793,0.0005481779999999825,52.1274,756.3091890000005
17.53800000000001,0.0005481779999999825,53.121,758.2980498000002
17.54800000000023,0.001081535999999994,55.108200000000004,752.3314674000007
17.557999999999993,0.0007259639999999956,53.121,758.2980498000002
17.56800000000021,0.0007259639999999956,53.121,758.2980498000002
17.577999999999975,0.0007259639999999956,52.1274,756.3091890000005
17.588000000000193,0.0007259639999999956,53.121,758.2980498000002
17.597999999999956,0.0009037499999999948,51.13380000000001,754.3203282000004
17.608000000000175,0.0009037499999999948,54.1146,758.2980498000002
17.617999999999938,0.0009037499999999948,54.1146,754.3203282000004
17.628000000000156,0.0009037499999999948,53.121,756.3091890000005
17.63799999999992,0.0007259639999999956,53.121,758.2980498000002
17.64800000000014,0.0009037499999999948,52.1274,754.3203282000004
17.6579999999999,0.0009037499999999948,53.121,756.3091890000005
17.66800000000012,0.0007259639999999956,53.121,758.2980498000002
17.677999999999884,0.0005481779999999825,54.1146,756.3091890000005
17.68899999999985,0.0007259639999999956,53.121,754.3203282000004
17.697999999999865,0.001081535999999994,56.101800000000004,756.3091890000005
17.708000000000084,0.0007259639999999956,54.1146,758.2980498000002
17.717999999999847,0.0005481779999999825,53.121,762.2757713999999
17.728999999999814,0.0007259639999999956,53.121,756.3091890000005
17.73799999999983,0.0007259639999999956,54.1146,758.2980498000002
17.748000000000047,0.0005481779999999825,53.121,758.2980498000002
17.75799999999981,0.0005481779999999825,52.1274,758.2980498000002
17.769000000000233,0.0007259639999999956,53.121,756.3091890000005
17.778999999999996,0.00037039200000001105,53.121,756.3091890000005
17.789000000000215,0.0007259639999999956,53.121,758.2980498000002
17.798999999999978,0.0007259639999999956,53.121,756.3091890000005
17.809000000000196,0.0005481779999999825,52.1274,758.2980498000002
17.81899999999996,0.001081535999999994,54.1146,752.3314674000007
17.82900000000018,0.0007259639999999956,53.121,758.2980498000002
17.838999999999942,0.0009037499999999948,53.121,756.3091890000005
17.84900000000016,0.0005481779999999825,53.121,758.2980498000002
17.858999999999924,0.0007259639999999956,52.1274,758.2980498000002
17.869000000000142,0.0007259639999999956,53.121,752.3314674000007
17.878999999999905,0.0009037499999999948,53.121,756.3091890000005
17.889000000000124,0.0007259639999999956,54.1146,760.2869106000003
17.898999999999887,0.0005481779999999825,54.1146,760.2869106000003
17.909000000000106,0.0009037499999999948,52.1274,752.3314674000007
17.91899999999987,0.0007259639999999956,54.1146,758.2980498000002
17.929000000000087,0.001081535999999994,53.121,756.3091890000005
17.93899999999985,0.0009037499999999948,54.1146,758.2980498000002
17.94900000000007,0.0007259639999999956,53.121,758.2980498000002
17.958999999999833,0.0005481779999999825,53.121,752.3314674000007
17.96900000000005,0.0005481779999999825,52.1274,758.2980498000002
17.978999999999814,0.0005481779999999825,53.121,758.2980498000002
17.989000000000033,0.0007259639999999956,54.1146,760.2869106000003
17.998999999999796,0.0005481779999999825,51.13380000000001,752.3314674000007
18.009000000000015,0.0009037499999999948,52.1274,758.2980498000002
18.019000000000233,0.0007259639999999956,53.121,756.3091890000005
18.028999999999996,0.0007259639999999956,53.121,758.2980498000002
18.039000000000215,0.0007259639999999956,52.1274,756.3091890000005
18.048999999999978,0.0007259639999999956,53.121,754.3203282000004
18.059000000000196,0.0009037499999999948,53.121,756.3091890000005
18.06899999999996,0.0005481779999999825,53.121,758.2980498000002
18.07900000000018,0.0009037499999999948,52.1274,758.2980498000002
18.088999999999942,0.0007259639999999956,54.1146,752.3314674000007
18.09900000000016,0.0007259639999999956,52.1274,760.2869106000003
18.108999999999924,0.0009037499999999948,52.1274,756.3091890000005
18.119000000000142,0.0005481779999999825,53.121,758.2980498000002
18.128999999999905,0.0007259639999999956,53.121,758.2980498000002
18.139000000000124,0.0007259639999999956,52.1274,756.3091890000005
18.148999999999887,0.0007259639999999956,54.1146,758.2980498000002
18.159000000000106,0.0009037499999999948,53.121,758.2980498000002
18.16899999999987,0.0005481779999999825,54.1146,760.2869106000003
18.179000000000087,0.0007259639999999956,50.14020000000001,754.3203282000004
18.18899999999985,0.0007259639999999956,53.121,758.2980498000002
18.19900000000007,0.0007259639999999956,53.121,760.2869106000003
18.208999999999833,0.0007259639999999956,52.1274,758.2980498000002
18.21900000000005,0.0009037499999999948,54.1146,756.3091890000005
18.228999999999814,0.0009037499999999948,52.1274,752.3314674000007
18.239000000000033,0.0009037499999999948,51.13380000000001,758.2980498000002
18.248999999999796,0.0007259639999999956,52.1274,756.3091890000005
18.259000000000015,0.0009037499999999948,52.1274,758.2980498000002
18.269999999999982,0.0007259639999999956,51.13380000000001,756.3091890000005
18.278999999999996,0.0005481779999999825,53.121,760.2869106000003
18.289000000000215,0.00037039200000001105,51.13380000000001,758.2980498000002
18.298999999999978,0.0005481779999999825,52.1274,758.2980498000002
18.309000000000196,0.0005481779999999825,53.121,758.2980498000002
18.320000000000164,0.00037039200000001105,52.1274,754.3203282000004
18.32900000000018,0.0007259639999999956,52.1274,756.3091890000005
18.338999999999942,0.0009037499999999948,51.13380000000001,756.3091890000005
18.34900000000016,0.0005481779999999825,53.121,758.2980498000002
18.360000000000127,0.0007259639999999956,51.13380000000001,756.3091890000005
18.369000000000142,0.0005481779999999825,53.121,760.2869106000003
18.378999999999905,0.0007259639999999956,52.1274,756.3091890000005
18.389999999999873,0.0009037499999999948,53.121,758.2980498000002
18.40000000000009,0.0007259639999999956,53.121,758.2980498000002
18.409999999999854,0.001081535999999994,53.121,754.3203282000004
18.420000000000073,0.0007259639999999956,53.121,758.2980498000002
18.429999999999836,0.0007259639999999956,53.121,758.2980498000002
18.440000000000055,0.0005481779999999825,51.13380000000001,758.2980498000002
18.449999999999818,0.0007259639999999956,51.13380000000001,752.3314674000007
18.460000000000036,0.00037039200000001105,53.121,758.2980498000002
18.4699999999998,0.0005481779999999825,52.1274,758.2980498000002
18.480000000000018,0.0007259639999999956,51.13380000000001,756.3091890000005
18.490000000000236,0.0007259639999999956,52.1274,760.2869106000003
18.5,0.001081535999999994,52.1274,752.3314674000007
18.51000000000022,0.0005481779999999825,52.1274,758.2980498000002
18.519999999999982,0.0005481779999999825,54.1146,758.2980498000002
18.5300000000002,0.0007259639999999956,52.1274,756.3091890000005
18.539999999999964,0.0005481779999999825,52.1274,754.3203282000004
18.550000000000182,0.0007259639999999956,52.1274,756.3091890000005
18.559999999999945,0.0007259639999999956,52.1274,758.2980498000002
18.570000000000164,0.0007259639999999956,50.14020000000001,756.3091890000005
18.579999999999927,0.0005481779999999825,52.1274,758.2980498000002
18.590000000000146,0.00037039200000001105,52.1274,756.3091890000005
18.59999999999991,0.0005481779999999825,52.1274,758.2980498000002
18.610000000000127,0.0009037499999999948,52.1274,754.3203282000004
18.61999999999989,0.0007259639999999956,51.13380000000001,756.3091890000005
18.63000000000011,0.0009037499999999948,51.13380000000001,752.3314674000007
18.639999999999873,0.0005481779999999825,52.1274,758.2980498000002
18.65000000000009,0.0005481779999999825,53.121,756.3091890000005
18.659999999999854,0.0007259639999999956,52.1274,758.2980498000002
18.670000000000073,0.0007259639999999956,52.1274,758.2980498000002
18.679999999999836,0.0009037499999999948,53.121,752.3314674000007
18.690000000000055,0.0007259639999999956,51.13380000000001,758.2980498000002
18.699999999999818,0.0005481779999999825,51.13380000000001,758.2980498000002
18.710000000000036,0.0007259639999999956,51.13380000000001,758.2980498000002
18.721000000000004,0.00037039200000001105,54.1146,754.3203282000004
18.740000000000236,0.0007259639999999956,68.025,758.2980498000002
18.75,0.0007259639999999956,71.00580000000001,758.2980498000002
18.771999999999935,0.001081535999999994,72.99300000000001,756.3091890000005
18.782000000000153,0.0009037499999999948,72.99300000000001,758.2980498000002
18.791000000000167,0.001081535999999994,74.98020000000001,758.2980498000002
18.80099999999993,0.0012593219999999933,72.99300000000001,758.2980498000002
18.820000000000164,0.001081535999999994,73.98660000000001,758.2980498000002
18.829999999999927,0.001081535999999994,74.98020000000001,758.2980498000002
18.840000000000146,0.0012593219999999933,74.98020000000001,756.3091890000005
18.84999999999991,0.001081535999999994,73.98660000000001,758.2980498000002
18.860000000000127,0.0012593219999999933,74.98020000000001,758.2980498000002
18.86999999999989,0.0009037499999999948,73.98660000000001,758.2980498000002
18.88000000000011,0.001081535999999994,73.98660000000001,758.2980498000002
18.907000000000153,0.001081535999999994,73.98660000000001,758.2980498000002
18.952000000000226,0.0012593219999999933,71.99940000000001,754.3203282000004
18.96199999999999,0.001081535999999994,73.98660000000001,756.3091890000005
18.971000000000004,0.0012593219999999933,72.99300000000001,756.3091890000005
18.990999999999985,0.0009037499999999948,74.98020000000001,756.3091890000005
19.0,0.001081535999999994,72.99300000000001,758.2980498000002
19.01000000000022,0.0012593219999999933,74.98020000000001,758.2980498000002
19.021000000000186,0.001081535999999994,72.99300000000001,758.2980498000002
19.03099999999995,0.0009037499999999948,72.99300000000001,756.3091890000005
19.041000000000167,0.001081535999999994,71.99940000000001,754.3203282000004
19.05099999999993,0.0012593219999999933,71.99940000000001,756.3091890000005
19.06100000000015,0.001081535999999994,73.98660000000001,758.2980498000002
19.070999999999913,0.001081535999999994,73.98660000000001,756.3091890000005
19.08100000000013,0.0009037499999999948,72.99300000000001,754.3203282000004
19.090999999999894,0.001081535999999994,72.99300000000001,756.3091890000005
19.101000000000113,0.0012593219999999933,71.99940000000001,758.2980498000002
19.110999999999876,0.001081535999999994,71.99940000000001,756.3091890000005
19.121000000000095,0.001081535999999994,72.99300000000001,756.3091890000005
19.130999999999858,0.001081535999999994,73.98660000000001,754.3203282000004
19.141000000000076,0.0009037499999999948,72.99300000000001,758.2980498000002
19.15099999999984,0.0009037499999999948,72.99300000000001,758.2980498000002
19.161000000000058,0.0012593219999999933,71.99940000000001,756.3091890000005
19.17099999999982,0.0012593219999999933,71.99940000000001,756.3091890000005
19.18100000000004,0.0009037499999999948,72.99300000000001,758.2980498000002
19.190999999999804,0.001081535999999994,73.98660000000001,756.3091890000005
19.201000000000022,0.0009037499999999948,72.99300000000001,760.2869106000003
19.21100000000024,0.001081535999999994,71.99940000000001,760.2869106000003
19.221000000000004,0.0009037499999999948,70.0122,752.3314674000007
19.231000000000222,0.0007259639999999956,71.99940000000001,758.2980498000002
19.240999999999985,0.001081535999999994,71.99940000000001,758.2980498000002
19.251000000000204,0.001081535999999994,71.99940000000001,756.3091890000005
19.260999999999967,0.0009037499999999948,70.0122,756.3091890000005
19.271000000000186,0.0009037499999999948,71.99940000000001,760.2869106000003
19.28099999999995,0.0007259639999999956,72.99300000000001,760.2869106000003
19.291000000000167,0.001081535999999994,71.99940000000001,756.3091890000005
19.30099999999993,0.0009037499999999948,71.99940000000001,756.3091890000005
19.31100000000015,0.001081535999999994,70.0122,756.3091890000005
19.320999999999913,0.0007259639999999956,71.00580000000001,758.2980498000002
19.33100000000013,0.0009037499999999948,70.0122,758.2980498000002
19.340999999999894,0.001081535999999994,71.99940000000001,760.2869106000003
19.351000000000113,0.001081535999999994,71.99940000000001,756.3091890000005
19.360999999999876,0.001081535999999994,71.00580000000001,758.2980498000002
19.371000000000095,0.001081535999999994,71.00580000000001,756.3091890000005
19.380999999999858,0.001081535999999994,71.99940000000001,756.3091890000005
19.391000000000076,0.0009037499999999948,71.00580000000001,756.3091890000005
19.40099999999984,0.0012593219999999933,71.00580000000001,754.3203282000004
19.411000000000058,0.0009037499999999948,71.99940000000001,758.2980498000002
19.42099999999982,0.001081535999999994,71.00580000000001,756.3091890000005
19.43100000000004,0.001081535999999994,71.00580000000001,756.3091890000005
19.440999999999804,0.001081535999999994,71.00580000000001,756.3091890000005
19.451000000000022,0.001081535999999994,71.00580000000001,758.2980498000002
19.46100000000024,0.0007259639999999956,71.00580000000001,760.2869106000003
19.471000000000004,0.001081535999999994,71.00580000000001,756.3091890000005
19.481000000000222,0.0012593219999999933,71.99940000000001,756.3091890000005
19.490999999999985,0.001081535999999994,71.99940000000001,754.3203282000004
19.501000000000204,0.001081535999999994,70.0122,756.3091890000005
19.510999999999967,0.0009037499999999948,70.0122,758.2980498000002
19.521000000000186,0.0009037499999999948,71.00580000000001,758.2980498000002
19.532000000000153,0.001081535999999994,72.99300000000001,756.3091890000005
19.541000000000167,0.0009037499999999948,71.99940000000001,758.2980498000002
19.55099999999993,0.0009037499999999948,71.00580000000001,758.2980498000002
19.56100000000015,0.001081535999999994,69.0186,758.2980498000002
19.570999999999913,0.0009037499999999948,71.00580000000001,756.3091890000005
19.58199999999988,0.001081535999999994,69.0186,752.3314674000007
19.590999999999894,0.001081535999999994,71.00580000000001,760.2869106000003
19.601000000000113,0.001081535999999994,71.00580000000001,758.2980498000002
19.610999999999876,0.0012593219999999933,71.00580000000001,758.2980498000002
19.621999999999844,0.0009037499999999948,71.00580000000001,758.2980498000002
19.630999999999858,0.0007259639999999956,71.00580000000001,758.2980498000002
19.641999999999825,0.001081535999999994,70.0122,758.2980498000002
19.652000000000044,0.0012593219999999933,70.0122,756.3091890000005
19.661999999999807,0.001081535999999994,71.00580000000001,758.2980498000002
19.672000000000025,0.001081535999999994,71.00580000000001,754.3203282000004
19.68199999999979,0.0009037499999999948,69.0186,756.3091890000005
19.692000000000007,0.0007259639999999956,70.0122,760.2869106000003
19.702000000000226,0.001081535999999994,70.0122,756.3091890000005
19.71199999999999,0.0012593219999999933,71.00580000000001,754.3203282000004
19.722000000000207,0.0009037499999999948,71.00580000000001,758.2980498000002
19.73199999999997,0.0009037499999999948,71.00580000000001,760.2869106000003
19.74200000000019,0.0012593219999999933,71.00580000000001,756.3091890000005
19.751999999999953,0.0012593219999999933,71.99940000000001,758.2980498000002
19.76200000000017,0.001081535999999994,71.00580000000001,756.3091890000005
19.771999999999935,0.0009037499999999948,70.0122,758.2980498000002
19.782000000000153,0.0009037499999999948,69.0186,756.3091890000005
19.791999999999916,0.001081535999999994,71.00580000000001,758.2980498000002
19.802000000000135,0.0009037499999999948,69.0186,754.3203282000004
19.811999999999898,0.0012593219999999933,70.0122,756.3091890000005
19.822000000000116,0.0009037499999999948,71.00580000000001,760.2869106000003
19.83199999999988,0.0009037499999999948,71.99940000000001,756.3091890000005
19.8420000000001,0.0014371079999999925,70.0122,756.3091890000005
19.85199999999986,0.0012593219999999933,70.0122,752.3314674000007
19.86200000000008,0.0009037499999999948,69.0186,758.2980498000002
19.871999999999844,0.001081535999999994,69.0186,758.2980498000002
19.882000000000062,0.001081535999999994,70.0122,756.3091890000005
19.891999999999825,0.001081535999999994,68.025,752.3314674000007
19.902000000000044,0.0009037499999999948,70.0122,758.2980498000002
19.911999999999807,0.0009037499999999948,71.00580000000001,758.2980498000002
19.922000000000025,0.0009037499999999948,69.0186,756.3091890000005
19.93199999999979,0.0012593219999999933,71.00580000000001,754.3203282000004
19.942000000000007,0.0012593219999999933,70.0122,756.3091890000005
19.952000000000226,0.0009037499999999948,69.0186,758.2980498000002
19.96199999999999,0.001081535999999994,71.00580000000001,760.2869106000003
19.972000000000207,0.001081535999999994,69.0186,758.2980498000002
19.98199999999997,0.001081535999999994,68.025,754.3203282000004
19.99200000000019,0.001081535999999994,69.0186,758.2980498000002
20.001999999999953,0.001081535999999994,69.0186,756.3091890000005
20.01200000000017,0.001081535999999994,70.0122,758.2980498000002
20.021999999999935,0.001081535999999994,70.0122,756.3091890000005
20.032000000000153,0.001081535999999994,70.0122,756.3091890000005
20.041999999999916,0.0012593219999999933,69.0186,760.2869106000003
20.052000000000135,0.0012593219999999933,70.0122,758.2980498000002
20.061999999999898,0.0009037499999999948,69.0186,758.2980498000002
20.072000000000116,0.0009037499999999948,71.00580000000001,756.3091890000005
20.08199999999988,0.0009037499999999948,67.0314,758.2980498000002
20.0920000000001,0.001081535999999994,68.025,756.3091890000005
20.10199999999986,0.0009037499999999948,70.0122,756.3091890000005
20.11200000000008,0.001081535999999994,69.0186,756.3091890000005
20.123000000000047,0.001081535999999994,69.0186,756.3091890000005
20.132000000000062,0.0009037499999999948,69.0186,758.2980498000002
20.141999999999825,0.0007259639999999956,68.025,758.2980498000002
20.152000000000044,0.0009037499999999948,69.0186,762.2757713999999
20.16300000000001,0.001081535999999994,68.025,752.3314674000007
20.172000000000025,0.0012593219999999933,70.0122,758.2980498000002
20.18199999999979,0.0009037499999999948,68.025,758.2980498000002
20.192000000000007,0.001081535999999994,69.0186,758.2980498000002
20.202000000000226,0.0007259639999999956,68.025,756.3091890000005
20.213000000000193,0.0009037499999999948,67.0314,758.2980498000002
20.222000000000207,0.0007259639999999956,68.025,758.2980498000002
20.23199999999997,0.0009037499999999948,70.0122,762.2757713999999
20.24200000000019,0.001081535999999994,69.0186,758.2980498000002
20.253000000000156,0.0014371079999999925,69.0186,752.3314674000007
20.26200000000017,0.001081535999999994,69.0186,758.2980498000002
20.27300000000014,0.0009037499999999948,67.0314,758.2980498000002
20.2829999999999,0.001081535999999994,69.0186,758.2980498000002
20.29300000000012,0.001081535999999994,69.0186,758.2980498000002
20.302999999999884,0.0009037499999999948,67.0314,756.3091890000005
20.313000000000102,0.001081535999999994,69.0186,758.2980498000002
20.322999999999865,0.0012593219999999933,69.0186,758.2980498000002
20.333000000000084,0.0009037499999999948,68.025,758.2980498000002
20.342999999999847,0.001081535999999994,69.0186,756.3091890000005
20.353000000000065,0.0009037499999999948,67.0314,760.2869106000003
20.36299999999983,0.001081535999999994,68.025,758.2980498000002
20.373000000000047,0.001081535999999994,67.0314,758.2980498000002
20.38299999999981,0.0009037499999999948,67.0314,754.3203282000004
20.39300000000003,0.0009037499999999948,67.0314,760.2869106000003
20.402999999999793,0.0009037499999999948,68.025,756.3091890000005
20.41300000000001,0.001081535999999994,68.025,758.2980498000002
20.42300000000023,0.0009037499999999948,68.025,760.2869106000003
20.432999999999993,0.0012593219999999933,69.0186,756.3091890000005
20.44300000000021,0.001081535999999994,67.0314,758.2980498000002
20.452999999999975,0.001081535999999994,69.0186,756.3091890000005
20.463000000000193,0.0012593219999999933,68.025,758.2980498000002
20.472999999999956,0.0012593219999999933,67.0314,756.3091890000005
20.483000000000175,0.0007259639999999956,68.025,758.2980498000002
20.492999999999938,0.0007259639999999956,67.0314,758.2980498000002
20.503000000000156,0.001081535999999994,66.0378,756.3091890000005
20.51299999999992,0.001081535999999994,68.025,758.2980498000002
20.52300000000014,0.0009037499999999948,68.025,756.3091890000005
20.5329999999999,0.001081535999999994,68.025,758.2980498000002
20.54300000000012,0.0009037499999999948,67.0314,758.2980498000002
20.552999999999884,0.001081535999999994,68.025,758.2980498000002
20.563000000000102,0.001081535999999994,67.0314,754.3203282000004
20.572999999999865,0.001081535999999994,67.0314,756.3091890000005
20.583000000000084,0.0009037499999999948,68.025,758.2980498000002
20.592999999999847,0.001081535999999994,67.0314,756.3091890000005
20.603000000000065,0.001081535999999994,67.0314,758.2980498000002
20.61299999999983,0.001081535999999994,68.025,754.3203282000004
20.623000000000047,0.0012593219999999933,68.025,758.2980498000002
20.63299999999981,0.001081535999999994,69.0186,758.2980498000002
20.64300000000003,0.0012593219999999933,68.025,756.3091890000005
20.652999999999793,0.001081535999999994,68.025,756.3091890000005
20.66300000000001,0.001081535999999994,68.025,756.3091890000005
20.67300000000023,0.001081535999999994,68.025,758.2980498000002
20.682999999999993,0.001081535999999994,67.0314,758.2980498000002
20.69300000000021,0.0009037499999999948,67.0314,760.2869106000003
20.702999999999975,0.0009037499999999948,66.0378,756.3091890000005
20.713000000000193,0.001081535999999994,66.0378,758.2980498000002
20.722999999999956,0.001081535999999994,67.0314,760.2869106000003
20.733000000000175,0.001081535999999994,68.025,758.2980498000002
20.742999999999938,0.001081535999999994,65.0442,756.3091890000005
20.753000000000156,0.0009037499999999948,66.0378,758.2980498000002
20.76299999999992,0.001081535999999994,66.0378,758.2980498000002
20.77300000000014,0.0009037499999999948,67.0314,758.2980498000002
20.7829999999999,0.0009037499999999948,68.025,758.2980498000002
20.79399999999987,0.0009037499999999948,68.025,756.3091890000005
20.802999999999884,0.001081535999999994,67.0314,758.2980498000002
20.813000000000102,0.001081535999999994,65.0442,756.3091890000005
20.822999999999865,0.0012593219999999933,67.0314,754.3203282000004
20.833999999999833,0.0009037499999999948,67.0314,756.3091890000005
20.84400000000005,0.0007259639999999956,66.0378,760.2869106000003
20.853000000000065,0.001081535999999994,67.0314,756.3091890000005
20.86299999999983,0.0012593219999999933,67.0314,758.2980498000002
20.873000000000047,0.0009037499999999948,67.0314,762.2757713999999
20.884000000000015,0.0009037499999999948,68.025,760.2869106000003
20.894000000000233,0.001081535999999994,66.0378,758.2980498000002
20.903999999999996,0.0012593219999999933,67.0314,758.2980498000002
20.914000000000215,0.001081535999999994,66.0378,756.3091890000005
20.923999999999978,0.001081535999999994,66.0378,756.3091890000005
20.934000000000196,0.001081535999999994,66.0378,760.2869106000003
20.94399999999996,0.0009037499999999948,66.0378,758.2980498000002
20.95400000000018,0.0009037499999999948,67.0314,760.2869106000003
20.963999999999942,0.001081535999999994,67.0314,758.2980498000002
20.97400000000016,0.0012593219999999933,67.0314,754.3203282000004
20.983999999999924,0.0009037499999999948,66.0378,758.2980498000002
20.994000000000142,0.0009037499999999948,67.0314,756.3091890000005
21.003999999999905,0.001081535999999994,66.0378,758.2980498000002
21.014000000000124,0.0012593219999999933,67.0314,754.3203282000004
21.023999999999887,0.001081535999999994,66.0378,758.2980498000002
21.034000000000106,0.0009037499999999948,66.0378,760.2869106000003
21.04399999999987,0.001081535999999994,67.0314,758.2980498000002
21.054000000000087,0.0007259639999999956,66.0378,760.2869106000003
21.06399999999985,0.0007259639999999956,65.0442,756.3091890000005
21.07400000000007,0.001081535999999994,66.0378,758.2980498000002
21.083999999999833,0.0009037499999999948,64.0506,758.2980498000002
21.09400000000005,0.0009037499999999948,67.0314,758.2980498000002
21.103999999999814,0.001081535999999994,67.0314,756.3091890000005
21.114000000000033,0.0009037499999999948,65.0442,758.2980498000002
21.123999999999796,0.0009037499999999948,67.0314,760.2869106000003
21.134000000000015,0.001081535999999994,66.0378,758.2980498000002
21.144000000000233,0.001081535999999994,66.0378,758.2980498000002
21.153999999999996,0.0014371079999999925,65.0442,752.3314674000007
21.164000000000215,0.0014371079999999925,66.0378,756.3091890000005
21.173999999999978,0.001081535999999994,66.0378,758.2980498000002
21.184000000000196,0.001081535999999994,66.0378,758.2980498000002
21.19399999999996,0.001081535999999994,67.0314,756.3091890000005
21.20400000000018,0.001081535999999994,65.0442,760.2869106000003
21.213999999999942,0.001081535999999994,66.0378,756.3091890000005
21.22400000000016,0.001081535999999994,67.0314,758.2980498000002
21.233999999999924,0.001081535999999994,67.0314,760.2869106000003
21.244000000000142,0.001081535999999994,64.0506,754.3203282000004
21.253999999999905,0.0009037499999999948,65.0442,756.3091890000005
21.264000000000124,0.001081535999999994,66.0378,758.2980498000002
21.273999999999887,0.001081535999999994,65.0442,758.2980498000002
21.284000000000106,0.0009037499999999948,64.0506,754.3203282000004
21.29399999999987,0.0007259639999999956,65.0442,758.2980498000002
21.304000000000087,0.001081535999999994,66.0378,758.2980498000002
21.31399999999985,0.001081535999999994,65.0442,756.3091890000005
21.32400000000007,0.001081535999999994,66.0378,758.2980498000002
21.333999999999833,0.001081535999999994,65.0442,752.3314674000007
21.34400000000005,0.001081535999999994,66.0378,758.2980498000002
21.353999999999814,0.001081535999999994,65.0442,758.2980498000002
21.364000000000033,0.0009037499999999948,66.0378,758.2980498000002
21.373999999999796,0.0005481779999999825,66.0378,756.3091890000005
21.384000000000015,0.0009037499999999948,66.0378,758.2980498000002
21.394000000000233,0.0009037499999999948,65.0442,758.2980498000002
21.427000000000135,0.0012593219999999933,67.0314,758.2980498000002
21.472000000000207,0.001081535999999994,65.0442,758.2980498000002
21.48199999999997,0.0007259639999999956,66.0378,760.2869106000003
21.490999999999985,0.001081535999999994,66.0378,758.2980498000002
21.501000000000204,0.0007259639999999956,66.0378,760.2869106000003
21.510999999999967,0.001081535999999994,63.057,756.3091890000005
21.521000000000186,0.001081535999999994,65.0442,756.3091890000005
21.5300000000002,0.0012593219999999933,65.0442,758.2980498000002
21.539999999999964,0.001081535999999994,65.0442,758.2980498000002
21.548999999999978,0.001081535999999994,64.0506,758.2980498000002
21.559000000000196,0.0012593219999999933,65.0442,750.3426066000002
21.56899999999996,0.001081535999999994,65.0442,758.2980498000002
21.577999999999975,0.0007259639999999956,65.0442,758.2980498000002
21.588000000000193,0.0012593219999999933,65.0442,758.2980498000002
21.597999999999956,0.001081535999999994,66.0378,756.3091890000005
21.60699999999997,0.0007259639999999956,65.0442,756.3091890000005
21.61700000000019,0.0009037499999999948,64.0506,758.2980498000002
21.626999999999953,0.0009037499999999948,64.0506,760.2869106000003
21.635999999999967,0.0009037499999999948,65.0442,758.2980498000002
21.646000000000186,0.001081535999999994,65.0442,754.3203282000004
21.65599999999995,0.0009037499999999948,65.0442,758.2980498000002
21.675000000000182,0.0012593219999999933,66.0378,756.3091890000005
21.684999999999945,0.0007259639999999956,64.0506,760.2869106000003
21.695000000000164,0.001081535999999994,65.0442,756.3091890000005
21.704999999999927,0.001081535999999994,63.057,756.3091890000005
21.715000000000146,0.0007259639999999956,64.0506,758.2980498000002
21.72499999999991,0.0009037499999999948,65.0442,760.2869106000003
21.735000000000127,0.001081535999999994,62.0634,754.3203282000004
21.74499999999989,0.0009037499999999948,65.0442,760.2869106000003
21.75500000000011,0.001081535999999994,65.0442,758.2980498000002
21.764999999999873,0.001081535999999994,65.0442,758.2980498000002
21.77500000000009,0.0009037499999999948,64.0506,760.2869106000003
21.784999999999854,0.0009037499999999948,62.0634,752.3314674000007
21.795000000000073,0.0009037499999999948,63.057,758.2980498000002
21.804999999999836,0.0009037499999999948,64.0506,758.2980498000002
21.815000000000055,0.0009037499999999948,64.0506,758.2980498000002
21.824999999999818,0.0009037499999999948,65.0442,758.2980498000002
21.835000000000036,0.001081535999999994,65.0442,758.2980498000002
21.8449999999998,0.0012593219999999933,65.0442,756.3091890000005
21.855000000000018,0.0009037499999999948,64.0506,758.2980498000002
21.865000000000236,0.001081535999999994,64.0506,756.3091890000005
21.875,0.0009037499999999948,62.0634,754.3203282000004
21.88500000000022,0.0009037499999999948,65.0442,758.2980498000002
21.894999999999982,0.001081535999999994,64.0506,758.2980498000002
21.9050000000002,0.001081535999999994,64.0506,758.2980498000002
21.914999999999964,0.0012593219999999933,65.0442,756.3091890000005
21.925000000000182,0.001081535999999994,65.0442,758.2980498000002
21.934999999999945,0.0009037499999999948,65.0442,760.2869106000003
21.945000000000164,0.0012593219999999933,64.0506,754.3203282000004
21.954999999999927,0.001081535999999994,64.0506,758.2980498000002
21.965000000000146,0.001081535999999994,66.0378,756.3091890000005
21.97499999999991,0.0009037499999999948,64.0506,758.2980498000002
21.985000000000127,0.001081535999999994,64.0506,758.2980498000002
21.99499999999989,0.0007259639999999956,65.0442,758.2980498000002
22.005999999999858,0.001081535999999994,63.057,754.3203282000004
22.014999999999873,0.001081535999999994,64.0506,758.2980498000002
22.02500000000009,0.0005481779999999825,64.0506,760.2869106000003
22.034999999999854,0.0009037499999999948,64.0506,756.3091890000005
22.045000000000073,0.0009037499999999948,64.0506,758.2980498000002
22.05600000000004,0.0009037499999999948,63.057,754.3203282000004
22.065000000000055,0.0012593219999999933,64.0506,758.2980498000002
22.074999999999818,0.0007259639999999956,64.0506,760.2869106000003
22.085000000000036,0.001081535999999994,65.0442,758.2980498000002
22.096000000000004,0.001081535999999994,63.057,756.3091890000005
22.105000000000018,0.0009037499999999948,64.0506,758.2980498000002
22.115000000000236,0.0009037499999999948,63.057,758.2980498000002
22.125,0.0009037499999999948,63.057,760.2869106000003
22.13500000000022,0.0012593219999999933,63.057,756.3091890000005
22.146000000000186,0.0014371079999999925,65.0442,752.3314674000007
22.15599999999995,0.001081535999999994,63.057,758.2980498000002
22.166000000000167,0.0014371079999999925,65.0442,756.3091890000005
22.17599999999993,0.001081535999999994,63.057,758.2980498000002
22.18600000000015,0.0009037499999999948,63.057,754.3203282000004
22.195999999999913,0.001081535999999994,63.057,758.2980498000002
22.20600000000013,0.0012593219999999933,63.057,756.3091890000005
22.215999999999894,0.001081535999999994,63.057,758.2980498000002
22.226000000000113,0.0009037499999999948,64.0506,758.2980498000002
22.235999999999876,0.001081535999999994,65.0442,754.3203282000004
22.246000000000095,0.001081535999999994,62.0634,758.2980498000002
22.255999999999858,0.0012593219999999933,64.0506,758.2980498000002
22.266000000000076,0.001081535999999994,64.0506,758.2980498000002
22.27599999999984,0.001081535999999994,63.057,754.3203282000004
22.286000000000058,0.001081535999999994,62.0634,758.2980498000002
22.29599999999982,0.001081535999999994,64.0506,758.2980498000002
22.30600000000004,0.0009037499999999948,64.0506,758.2980498000002
22.315999999999804,0.001081535999999994,61.06980000000001,758.2980498000002
22.326000000000022,0.001081535999999994,62.0634,750.3426066000002
22.33600000000024,0.001081535999999994,63.057,758.2980498000002
22.346000000000004,0.001081535999999994,63.057,758.2980498000002
22.356000000000222,0.001081535999999994,63.057,756.3091890000005
22.365999999999985,0.0007259639999999956,62.0634,754.3203282000004
22.376000000000204,0.001081535999999994,64.0506,758.2980498000002
22.385999999999967,0.0012593219999999933,63.057,758.2980498000002
22.396000000000186,0.001081535999999994,62.0634,758.2980498000002
22.40599999999995,0.001081535999999994,63.057,758.2980498000002
22.416000000000167,0.0012593219999999933,62.0634,752.3314674000007
22.42599999999993,0.0009037499999999948,62.0634,758.2980498000002
22.43600000000015,0.0009037499999999948,62.0634,756.3091890000005
22.445999999999913,0.001081535999999994,63.057,756.3091890000005
22.45600000000013,0.0009037499999999948,63.057,756.3091890000005
22.465999999999894,0.0012593219999999933,62.0634,756.3091890000005
22.476000000000113,0.0012593219999999933,62.0634,754.3203282000004
22.485999999999876,0.001081535999999994,62.0634,756.3091890000005
22.496000000000095,0.0007259639999999956,62.0634,758.2980498000002
22.505999999999858,0.0009037499999999948,63.057,752.3314674000007
22.516000000000076,0.0009037499999999948,63.057,758.2980498000002
22.52599999999984,0.0012593219999999933,62.0634,756.3091890000005
22.536000000000058,0.0009037499999999948,63.057,758.2980498000002
22.54599999999982,0.001081535999999994,63.057,754.3203282000004
22.55600000000004,0.001081535999999994,63.057,758.2980498000002
22.565999999999804,0.001081535999999994,64.0506,758.2980498000002
22.576000000000022,0.0012593219999999933,63.057,756.3091890000005
22.58600000000024,0.001081535999999994,63.057,758.2980498000002
22.596000000000004,0.001081535999999994,62.0634,754.3203282000004
22.606000000000222,0.0014371079999999925,64.0506,756.3091890000005
22.615999999999985,0.0009037499999999948,62.0634,760.2869106000003
22.626000000000204,0.001081535999999994,63.057,758.2980498000002
22.63700000000017,0.0009037499999999948,62.0634,754.3203282000004
22.646000000000186,0.0012593219999999933,63.057,758.2980498000002
22.65599999999995,0.0009037499999999948,63.057,756.3091890000005
22.666000000000167,0.001081535999999994,62.0634,758.2980498000002
22.67599999999993,0.001081535999999994,63.057,758.2980498000002
22.686999999999898,0.001081535999999994,62.0634,754.3203282000004
22.695999999999913,0.001081535999999994,63.057,760.2869106000003
22.70600000000013,0.001081535999999994,61.06980000000001,756.3091890000005
22.715999999999894,0.001081535999999994,64.0506,758.2980498000002
22.72699999999986,0.001081535999999994,62.0634,756.3091890000005
22.735999999999876,0.001081535999999994,62.0634,758.2980498000002
22.746000000000095,0.001081535999999994,62.0634,756.3091890000005
22.755999999999858,0.001081535999999994,62.0634,756.3091890000005
22.766000000000076,0.001081535999999994,62.0634,758.2980498000002
22.777000000000044,0.0012593219999999933,62.0634,754.3203282000004
22.786999999999807,0.0012593219999999933,61.06980000000001,756.3091890000005
22.797000000000025,0.001081535999999994,62.0634,758.2980498000002
22.80699999999979,0.0009037499999999948,62.0634,758.2980498000002
22.817000000000007,0.0009037499999999948,62.0634,756.3091890000005
22.827000000000226,0.0009037499999999948,62.0634,758.2980498000002
22.83699999999999,0.0012593219999999933,64.0506,756.3091890000005
22.847000000000207,0.0009037499999999948,61.06980000000001,756.3091890000005
22.85699999999997,0.0012593219999999933,62.0634,754.3203282000004
22.86700000000019,0.001081535999999994,61.06980000000001,754.3203282000004
22.876999999999953,0.0009037499999999948,61.06980000000001,760.2869106000003
22.88700000000017,0.001081535999999994,62.0634,758.2980498000002
22.896999999999935,0.001081535999999994,62.0634,758.2980498000002
22.907000000000153,0.0009037499999999948,62.0634,756.3091890000005
22.916999999999916,0.0009037499999999948,62.0634,758.2980498000002
22.927000000000135,0.001081535999999994,62.0634,758.2980498000002
22.936999999999898,0.0009037499999999948,64.0506,760.2869106000003
22.947000000000116,0.001081535999999994,62.0634,758.2980498000002
22.95699999999988,0.0012593219999999933,61.06980000000001,752.3314674000007
22.9670000000001,0.001081535999999994,61.06980000000001,760.2869106000003
22.97699999999986,0.0009037499999999948,61.06980000000001,758.2980498000002
22.98700000000008,0.001081535999999994,62.0634,756.3091890000005
22.996999999999844,0.001081535999999994,61.06980000000001,756.3091890000005
23.007000000000062,0.001081535999999994,61.06980000000001,758.2980498000002
23.016999999999825,0.001081535999999994,63.057,758.2980498000002
23.027000000000044,0.0012593219999999933,62.0634,756.3091890000005
23.047000000000025,0.001081535999999994,61.06980000000001,754.3203282000004
23.05699999999979,0.001081535999999994,62.0634,758.2980498000002
23.067000000000007,0.0009037499999999948,61.06980000000001,760.2869106000003
23.077000000000226,0.001081535999999994,62.0634,758.2980498000002
23.08699999999999,0.001081535999999994,61.06980000000001,754.3203282000004
23.097000000000207,0.0009037499999999948,60.07620000000001,756.3091890000005
23.10699999999997,0.001081535999999994,61.06980000000001,758.2980498000002
23.11700000000019,0.0007259639999999956,60.07620000000001,758.2980498000002
23.126999999999953,0.001081535999999994,62.0634,758.2980498000002
23.13700000000017,0.0009037499999999948,60.07620000000001,754.3203282000004
23.146999999999935,0.0009037499999999948,60.07620000000001,756.3091890000005
23.157000000000153,0.0012593219999999933,61.06980000000001,756.3091890000005
23.166999999999916,0.0009037499999999948,61.06980000000001,758.2980498000002
23.177000000000135,0.0009037499999999948,60.07620000000001,756.3091890000005
23.186999999999898,0.001081535999999994,60.07620000000001,758.2980498000002
23.197000000000116,0.0012593219999999933,62.0634,758.2980498000002
23.20699999999988,0.0007259639999999956,61.06980000000001,758.2980498000002
23.2170000000001,0.0012593219999999933,61.06980000000001,756.3091890000005
23.22699999999986,0.0009037499999999948,62.0634,756.3091890000005
23.23700000000008,0.0009037499999999948,61.06980000000001,760.2869106000003
23.246999999999844,0.001081535999999994,62.0634,758.2980498000002
23.257000000000062,0.001081535999999994,61.06980000000001,756.3091890000005
23.26800000000003,0.0009037499999999948,62.0634,758.2980498000002
23.277000000000044,0.0012593219999999933,61.06980000000001,756.3091890000005
23.286999999999807,0.0009037499999999948,61.06980000000001,758.2980498000002
23.297000000000025,0.0007259639999999956,62.0634,760.2869106000003
23.30699999999979,0.001081535999999994,63.057,760.2869106000003
23.317000000000007,0.001081535999999994,60.07620000000001,756.3091890000005
23.327000000000226,0.001081535999999994,60.07620000000001,756.3091890000005
23.33699999999999,0.0012593219999999933,61.06980000000001,758.2980498000002
23.347000000000207,0.001081535999999994,62.0634,760.2869106000003
23.358000000000175,0.001081535999999994,60.07620000000001,756.3091890000005
23.36700000000019,0.0009037499999999948,61.06980000000001,758.2980498000002
23.376999999999953,0.0009037499999999948,61.06980000000001,758.2980498000002
23.38700000000017,0.0012593219999999933,61.06980000000001,756.3091890000005
23.39800000000014,0.0012593219999999933,61.06980000000001,754.3203282000004
23.4079999999999,0.001081535999999994,60.07620000000001,754.3203282000004
23.41800000000012,0.001081535999999994,61.06980000000001,756.3091890000005
23.427999999999884,0.0012593219999999933,61.06980000000001,754.3203282000004
23.438000000000102,0.0009037499999999948,61.06980000000001,760.2869106000003
23.447999999999865,0.0007259639999999956,62.0634,758.2980498000002
23.458000000000084,0.001081535999999994,61.06980000000001,756.3091890000005
23.467999999999847,0.0012593219999999933,61.06980000000001,756.3091890000005
23.478000000000065,0.001081535999999994,62.0634,756.3091890000005
23.48799999999983,0.0012593219999999933,61.06980000000001,756.3091890000005
23.498000000000047,0.0012593219999999933,60.07620000000001,754.3203282000004
23.50799999999981,0.0007259639999999956,61.06980000000001,760.2869106000003
23.51800000000003,0.001081535999999994,62.0634,760.2869106000003
23.527999999999793,0.001081535999999994,60.07620000000001,756.3091890000005
23.53800000000001,0.001081535999999994,61.06980000000001,754.3203282000004
23.54800000000023,0.0009037499999999948,61.06980000000001,758.2980498000002
23.557999999999993,0.0012593219999999933,62.0634,756.3091890000005
23.56800000000021,0.0012593219999999933,61.06980000000001,756.3091890000005
23.577999999999975,0.0009037499999999948,60.07620000000001,758.2980498000002
23.588000000000193,0.0012593219999999933,61.06980000000001,754.3203282000004
23.597999999999956,0.0012593219999999933,60.07620000000001,756.3091890000005
23.608000000000175,0.0012593219999999933,60.07620000000001,756.3091890000005
23.617999999999938,0.0012593219999999933,62.0634,756.3091890000005
23.628000000000156,0.0009037499999999948,60.07620000000001,754.3203282000004
23.63799999999992,0.001081535999999994,62.0634,758.2980498000002
23.64800000000014,0.001081535999999994,61.06980000000001,758.2980498000002
23.6579999999999,0.001081535999999994,60.07620000000001,758.2980498000002
23.66800000000012,0.0014371079999999925,61.06980000000001,754.3203282000004
23.677999999999884,0.001081535999999994,59.082600000000006,754.3203282000004
23.688000000000102,0.001081535999999994,60.07620000000001,756.3091890000005
23.697999999999865,0.001081535999999994,62.0634,758.2980498000002
23.708000000000084,0.001081535999999994,60.07620000000001,754.3203282000004
23.717999999999847,0.0007259639999999956,60.07620000000001,754.3203282000004
23.728000000000065,0.0009037499999999948,60.07620000000001,758.2980498000002
23.73799999999983,0.001081535999999994,61.06980000000001,758.2980498000002
23.748000000000047,0.0009037499999999948,60.07620000000001,756.3091890000005
23.75799999999981,0.001081535999999994,61.06980000000001,758.2980498000002
23.76800000000003,0.0009037499999999948,59.082600000000006,758.2980498000002
23.777999999999793,0.0009037499999999948,59.082600000000006,758.2980498000002
23.78800000000001,0.0012593219999999933,62.0634,756.3091890000005
23.79800000000023,0.001081535999999994,59.082600000000006,756.3091890000005
23.807999999999993,0.001081535999999994,63.057,756.3091890000005
23.81800000000021,0.0012593219999999933,71.99940000000001,756.3091890000005
23.827999999999975,0.0012593219999999933,74.98020000000001,758.2980498000002
23.85699999999997,0.0012593219999999933,75.97380000000001,756.3091890000005
23.86700000000019,0.0016148939999999917,76.96740000000001,754.3203282000004
23.876999999999953,0.0012593219999999933,78.9546,758.2980498000002
23.885999999999967,0.0014371079999999925,78.9546,758.2980498000002
23.896000000000186,0.0014371079999999925,79.9482,756.3091890000005
23.90599999999995,0.0016148939999999917,78.9546,756.3091890000005
23.914999999999964,0.0014371079999999925,76.96740000000001,760.2869106000003
23.947000000000116,0.001081535999999994,77.961,758.2980498000002
23.992999999999938,0.0014371079999999925,76.96740000000001,754.3203282000004
24.001999999999953,0.0012593219999999933,78.9546,758.2980498000002
24.01200000000017,0.0014371079999999925,78.9546,754.3203282000004
24.021000000000186,0.0012593219999999933,78.9546,762.2757713999999
24.03099999999995,0.0016148939999999917,78.9546,756.3091890000005
24.041000000000167,0.0016148939999999917,77.961,758.2980498000002
24.050000000000182,0.0012593219999999933,78.9546,758.2980498000002
24.059999999999945,0.0012593219999999933,78.9546,758.2980498000002
24.06899999999996,0.0014371079999999925,77.961,758.2980498000002
24.07900000000018,0.0014371079999999925,77.961,752.3314674000007
24.09900000000016,0.0012593219999999933,76.96740000000001,758.2980498000002
24.108999999999924,0.0012593219999999933,76.96740000000001,756.3091890000005
24.119000000000142,0.0016148939999999917,79.9482,754.3203282000004
24.128999999999905,0.0014371079999999925,77.961,758.2980498000002
24.139000000000124,0.0014371079999999925,78.9546,760.2869106000003
24.148999999999887,0.0012593219999999933,77.961,760.2869106000003
24.159000000000106,0.0014371079999999925,77.961,758.2980498000002
24.16899999999987,0.0016148939999999917,76.96740000000001,754.3203282000004
24.179000000000087,0.001792679999999991,78.9546,758.2980498000002
24.18899999999985,0.0014371079999999925,75.97380000000001,756.3091890000005
24.19900000000007,0.0012593219999999933,76.96740000000001,758.2980498000002
24.208999999999833,0.0014371079999999925,78.9546,756.3091890000005
24.21900000000005,0.0012593219999999933,78.9546,760.2869106000003
24.228999999999814,0.0014371079999999925,77.961,756.3091890000005
24.239000000000033,0.0012593219999999933,77.961,760.2869106000003
24.248999999999796,0.0014371079999999925,76.96740000000001,756.3091890000005
24.259000000000015,0.0016148939999999917,76.96740000000001,754.3203282000004
24.269000000000233,0.0014371079999999925,76.96740000000001,758.2980498000002
24.278999999999996,0.0014371079999999925,76.96740000000001,758.2980498000002
24.289000000000215,0.0014371079999999925,76.96740000000001,758.2980498000002
24.298999999999978,0.001081535999999994,75.97380000000001,754.3203282000004
24.309000000000196,0.0012593219999999933,76.96740000000001,758.2980498000002
24.31899999999996,0.0014371079999999925,76.96740000000001,760.2869106000003
24.32900000000018,0.0014371079999999925,76.96740000000001,758.2980498000002
24.338999999999942,0.0014371079999999925,75.97380000000001,758.2980498000002
24.34900000000016,0.001081535999999994,77.961,758.2980498000002
24.358999999999924,0.0012593219999999933,75.97380000000001,758.2980498000002
24.369000000000142,0.0014371079999999925,75.97380000000001,758.2980498000002
24.378999999999905,0.0014371079999999925,75.97380000000001,758.2980498000002
24.389000000000124,0.0014371079999999925,74.98020000000001,752.3314674000007
24.398999999999887,0.0012593219999999933,75.97380000000001,758.2980498000002
24.409000000000106,0.0014371079999999925,75.97380000000001,756.3091890000005
24.41899999999987,0.0012593219999999933,76.96740000000001,758.2980498000002
24.429000000000087,0.0016148939999999917,75.97380000000001,756.3091890000005
24.43899999999985,0.0014371079999999925,76.96740000000001,754.3203282000004
24.44900000000007,0.0014371079999999925,75.97380000000001,758.2980498000002
24.458999999999833,0.0014371079999999925,75.97380000000001,758.2980498000002
24.46900000000005,0.0012593219999999933,76.96740000000001,758.2980498000002
24.478999999999814,0.0014371079999999925,75.97380000000001,756.3091890000005
24.489000000000033,0.0012593219999999933,74.98020000000001,760.2869106000003
24.498999999999796,0.0014371079999999925,75.97380000000001,756.3091890000005
24.509000000000015,0.0016148939999999917,75.97380000000001,758.2980498000002
24.519000000000233,0.0014371079999999925,75.97380000000001,760.2869106000003
24.5300000000002,0.0014371079999999925,75.97380000000001,754.3203282000004
24.539000000000215,0.0012593219999999933,75.97380000000001,758.2980498000002
24.548999999999978,0.001792679999999991,76.96740000000001,756.3091890000005
24.559000000000196,0.0014371079999999925,75.97380000000001,758.2980498000002
24.570000000000164,0.0014371079999999925,75.97380000000001,756.3091890000005
24.57900000000018,0.0014371079999999925,75.97380000000001,756.3091890000005
24.588999999999942,0.0014371079999999925,76.96740000000001,758.2980498000002
24.59900000000016,0.0012593219999999933,76.96740000000001,758.2980498000002
24.608999999999924,0.0016148939999999917,76.96740000000001,756.3091890000005
24.61999999999989,0.0016148939999999917,74.98020000000001,750.3426066000002
24.628999999999905,0.0014371079999999925,74.98020000000001,754.3203282000004
24.639000000000124,0.0014371079999999925,75.97380000000001,758.2980498000002
24.65000000000009,0.0014371079999999925,75.97380000000001,758.2980498000002
24.659999999999854,0.0012593219999999933,75.97380000000001,754.3203282000004
24.670000000000073,0.0014371079999999925,75.97380000000001,758.2980498000002
24.679999999999836,0.0016148939999999917,75.97380000000001,758.2980498000002
24.690000000000055,0.0012593219999999933,74.98020000000001,758.2980498000002
24.699999999999818,0.0014371079999999925,75.97380000000001,758.2980498000002
24.710000000000036,0.0016148939999999917,73.98660000000001,750.3426066000002
24.7199999999998,0.0014371079999999925,75.97380000000001,758.2980498000002
24.730000000000018,0.0016148939999999917,74.98020000000001,756.3091890000005
24.740000000000236,0.0014371079999999925,74.98020000000001,756.3091890000005
24.75,0.0014371079999999925,72.99300000000001,754.3203282000004
24.76000000000022,0.0012593219999999933,74.98020000000001,760.2869106000003
24.769999999999982,0.0012593219999999933,75.97380000000001,760.2869106000003
24.7800000000002,0.0014371079999999925,74.98020000000001,758.2980498000002
24.789999999999964,0.0014371079999999925,74.98020000000001,758.2980498000002
24.800000000000182,0.0012593219999999933,74.98020000000001,754.3203282000004
24.809999999999945,0.0014371079999999925,73.98660000000001,758.2980498000002
24.820000000000164,0.0016148939999999917,76.96740000000001,758.2980498000002
24.829999999999927,0.0016148939999999917,74.98020000000001,758.2980498000002
24.840000000000146,0.0016148939999999917,75.97380000000001,756.3091890000005
24.84999999999991,0.0016148939999999917,74.98020000000001,758.2980498000002
24.860000000000127,0.0014371079999999925,73.98660000000001,756.3091890000005
24.86999999999989,0.0012593219999999933,74.98020000000001,758.2980498000002
24.88000000000011,0.0012593219999999933,74.98020000000001,760.2869106000003
24.889999999999873,0.0016148939999999917,73.98660000000001,754.3203282000004
24.90000000000009,0.0016148939999999917,74.98020000000001,756.3091890000005
24.909999999999854,0.0012593219999999933,73.98660000000001,758.2980498000002
24.920000000000073,0.0012593219999999933,75.97380000000001,758.2980498000002
24.929999999999836,0.0012593219999999933,71.99940000000001,756.3091890000005
24.940000000000055,0.0014371079999999925,73.98660000000001,758.2980498000002
24.949999999999818,0.0016148939999999917,75.97380000000001,756.3091890000005
24.960000000000036,0.0014371079999999925,74.98020000000001,758.2980498000002
24.9699999999998,0.0014371079999999925,74.98020000000001,758.2980498000002
24.980000000000018,0.001081535999999994,74.98020000000001,756.3091890000005
24.990000000000236,0.0014371079999999925,72.99300000000001,756.3091890000005
25.0,0.0014371079999999925,74.98020000000001,758.2980498000002
25.01000000000022,0.0014371079999999925,73.98660000000001,758.2980498000002
25.019999999999982,0.001081535999999994,72.99300000000001,756.3091890000005
25.0300000000002,0.0014371079999999925,74.98020000000001,758.2980498000002
25.039999999999964,0.0014371079999999925,73.98660000000001,756.3091890000005
25.050000000000182,0.0016148939999999917,73.98660000000001,758.2980498000002
25.059999999999945,0.0014371079999999925,72.99300000000001,760.2869106000003
25.070000000000164,0.0016148939999999917,71.99940000000001,754.3203282000004
25.079999999999927,0.0014371079999999925,73.98660000000001,758.2980498000002
25.090000000000146,0.0014371079999999925,73.98660000000001,756.3091890000005
25.09999999999991,0.0012593219999999933,73.98660000000001,758.2980498000002
25.110000000000127,0.0016148939999999917,71.99940000000001,752.3314674000007
25.11999999999989,0.0012593219999999933,72.99300000000001,758.2980498000002
25.13000000000011,0.0014371079999999925,72.99300000000001,758.2980498000002
25.139999999999873,0.001081535999999994,72.99300000000001,758.2980498000002
25.15000000000009,0.0014371079999999925,73.98660000000001,756.3091890000005
25.159999999999854,0.0016148939999999917,72.99300000000001,754.3203282000004
25.170000000000073,0.0012593219999999933,72.99300000000001,758.2980498000002
25.179999999999836,0.0012593219999999933,72.99300000000001,758.2980498000002
25.190000000000055,0.0012593219999999933,72.99300000000001,758.2980498000002
25.201000000000022,0.0016148939999999917,72.99300000000001,750.3426066000002
25.210000000000036,0.0012593219999999933,73.98660000000001,760.2869106000003
25.2199999999998,0.0014371079999999925,73.98660000000001,756.3091890000005
25.230000000000018,0.0016148939999999917,71.99940000000001,754.3203282000004
25.240000000000236,0.0014371079999999925,72.99300000000001,756.3091890000005
25.251000000000204,0.0016148939999999917,70.0122,750.3426066000002
25.26000000000022,0.0012593219999999933,72.99300000000001,758.2980498000002
25.269999999999982,0.0012593219999999933,72.99300000000001,758.2980498000002
25.28099999999995,0.0016148939999999917,72.99300000000001,758.2980498000002
25.291000000000167,0.0014371079999999925,72.99300000000001,754.3203282000004
25.30099999999993,0.0014371079999999925,72.99300000000001,758.2980498000002
25.31100000000015,0.0012593219999999933,72.99300000000001,756.3091890000005
25.320999999999913,0.0014371079999999925,72.99300000000001,758.2980498000002
25.33100000000013,0.0016148939999999917,71.99940000000001,756.3091890000005
25.340999999999894,0.0014371079999999925,73.98660000000001,756.3091890000005
25.351000000000113,0.0014371079999999925,72.99300000000001,758.2980498000002
25.360999999999876,0.0014371079999999925,72.99300000000001,758.2980498000002
25.371000000000095,0.0014371079999999925,72.99300000000001,758.2980498000002
25.380999999999858,0.0012593219999999933,72.99300000000001,756.3091890000005
25.391000000000076,0.0014371079999999925,71.99940000000001,756.3091890000005
25.40099999999984,0.0014371079999999925,72.99300000000001,758.2980498000002
25.411000000000058,0.0014371079999999925,71.99940000000001,754.3203282000004
25.42099999999982,0.0014371079999999925,72.99300000000001,758.2980498000002
25.43100000000004,0.0016148939999999917,71.00580000000001,752.3314674000007
25.440999999999804,0.0016148939999999917,72.99300000000001,756.3091890000005
25.451000000000022,0.0016148939999999917,71.99940000000001,756.3091890000005
25.46100000000024,0.001792679999999991,72.99300000000001,754.3203282000004
25.471000000000004,0.0012593219999999933,73.98660000000001,756.3091890000005
25.481000000000222,0.0012593219999999933,71.99940000000001,758.2980498000002
25.490999999999985,0.0016148939999999917,71.99940000000001,754.3203282000004
25.501000000000204,0.001081535999999994,73.98660000000001,758.2980498000002
25.510999999999967,0.0014371079999999925,71.99940000000001,758.2980498000002
25.521000000000186,0.0014371079999999925,71.99940000000001,754.3203282000004
25.53099999999995,0.0014371079999999925,71.99940000000001,756.3091890000005
25.541000000000167,0.0014371079999999925,71.99940000000001,758.2980498000002
25.55099999999993,0.0012593219999999933,71.99940000000001,758.2980498000002
25.56100000000015,0.0014371079999999925,71.00580000000001,754.3203282000004
25.570999999999913,0.0014371079999999925,71.99940000000001,758.2980498000002
25.58100000000013,0.0014371079999999925,71.99940000000001,756.3091890000005
25.590999999999894,0.0014371079999999925,71.99940000000001,756.3091890000005
25.601000000000113,0.0012593219999999933,71.99940000000001,758.2980498000002
25.610999999999876,0.0016148939999999917,72.99300000000001,754.3203282000004
25.621000000000095,0.0014371079999999925,71.00580000000001,756.3091890000005
25.630999999999858,0.0014371079999999925,72.99300000000001,756.3091890000005
25.641000000000076,0.001792679999999991,71.99940000000001,754.3203282000004
25.65099999999984,0.0014371079999999925,72.99300000000001,758.2980498000002
25.661000000000058,0.0014371079999999925,71.00580000000001,758.2980498000002
25.67099999999982,0.0016148939999999917,71.99940000000001,758.2980498000002
25.702999999999975,0.0012593219999999933,71.99940000000001,756.3091890000005
25.713000000000193,0.0014371079999999925,71.99940000000001,758.2980498000002
25.722000000000207,0.0012593219999999933,71.99940000000001,758.2980498000002
25.73199999999997,0.0012593219999999933,70.0122,756.3091890000005
25.751000000000204,0.0016148939999999917,71.00580000000001,754.3203282000004
25.760999999999967,0.0012593219999999933,71.99940000000001,760.2869106000003
25.771000000000186,0.0016148939999999917,71.99940000000001,758.2980498000002
25.78099999999995,0.0014371079999999925,72.99300000000001,756.3091890000005
25.791999999999916,0.001970466000000004,71.00580000000001,754.3203282000004
25.80099999999993,0.0012593219999999933,71.00580000000001,760.2869106000003
25.81100000000015,0.0016148939999999917,71.99940000000001,756.3091890000005
25.820999999999913,0.0016148939999999917,71.00580000000001,758.2980498000002
25.83199999999988,0.0016148939999999917,71.99940000000001,754.3203282000004
25.840999999999894,0.0012593219999999933,71.00580000000001,758.2980498000002
25.851000000000113,0.0016148939999999917,70.0122,756.3091890000005
25.860999999999876,0.001081535999999994,71.99940000000001,760.2869106000003
25.871000000000095,0.0014371079999999925,71.00580000000001,758.2980498000002
25.882000000000062,0.001792679999999991,73.98660000000001,754.3203282000004
25.891000000000076,0.0014371079999999925,70.0122,756.3091890000005
25.902000000000044,0.0014371079999999925,71.00580000000001,758.2980498000002
25.911999999999807,0.0014371079999999925,71.00580000000001,758.2980498000002
25.922000000000025,0.0016148939999999917,71.99940000000001,756.3091890000005
25.93199999999979,0.0012593219999999933,71.00580000000001,758.2980498000002
25.942000000000007,0.0016148939999999917,71.99940000000001,756.3091890000005
25.952000000000226,0.0016148939999999917,71.00580000000001,756.3091890000005
25.96199999999999,0.0014371079999999925,71.99940000000001,756.3091890000005
25.972000000000207,0.001792679999999991,71.00580000000001,752.3314674000007
25.98199999999997,0.0012593219999999933,70.0122,756.3091890000005
25.99200000000019,0.0016148939999999917,71.00580000000001,756.3091890000005
26.001999999999953,0.0016148939999999917,71.00580000000001,754.3203282000004
26.01200000000017,0.0014371079999999925,71.99940000000001,754.3203282000004
26.021999999999935,0.0016148939999999917,70.0122,756.3091890000005
26.032000000000153,0.0016148939999999917,71.99940000000001,756.3091890000005
26.041999999999916,0.0014371079999999925,71.00580000000001,758.2980498000002
26.052000000000135,0.001081535999999994,70.0122,760.2869106000003
26.061999999999898,0.0012593219999999933,73.98660000000001,756.3091890000005
26.072000000000116,0.0016148939999999917,70.0122,756.3091890000005
26.08199999999988,0.0014371079999999925,71.00580000000001,758.2980498000002
26.0920000000001,0.0014371079999999925,71.00580000000001,756.3091890000005
26.10199999999986,0.0016148939999999917,70.0122,752.3314674000007
26.11200000000008,0.0014371079999999925,70.0122,758.2980498000002
26.121999999999844,0.0014371079999999925,71.99940000000001,756.3091890000005
26.132000000000062,0.0016148939999999917,71.00580000000001,758.2980498000002
26.141999999999825,0.0016148939999999917,70.0122,756.3091890000005
26.152000000000044,0.0016148939999999917,70.0122,756.3091890000005
26.161999999999807,0.0014371079999999925,70.0122,758.2980498000002
26.197999999999865,0.0016148939999999917,71.00580000000001,752.3314674000007
26.20699999999988,0.0014371079999999925,69.0186,756.3091890000005
26.2170000000001,0.0012593219999999933,71.00580000000001,756.3091890000005
26.22699999999986,0.0007259639999999956,70.0122,758.2980498000002
26.235999999999876,0.0016148939999999917,70.0122,754.3203282000004
26.246000000000095,0.0014371079999999925,70.0122,758.2980498000002
26.255999999999858,0.0014371079999999925,71.99940000000001,758.2980498000002
26.264999999999873,0.0012593219999999933,70.0122,758.2980498000002
26.27500000000009,0.0012593219999999933,69.0186,758.2980498000002
26.284000000000106,0.001081535999999994,70.0122,752.3314674000007
26.29399999999987,0.0014371079999999925,71.00580000000001,758.2980498000002
26.304000000000087,0.001081535999999994,69.0186,758.2980498000002
26.313000000000102,0.0014371079999999925,70.0122,758.2980498000002
26.322999999999865,0.0014371079999999925,71.00580000000001,756.3091890000005
26.3420000000001,0.0016148939999999917,70.0122,756.3091890000005
26.35199999999986,0.0016148939999999917,71.00580000000001,756.3091890000005
26.36200000000008,0.0014371079999999925,69.0186,756.3091890000005
26.371999999999844,0.0016148939999999917,71.00580000000001,754.3203282000004
26.382000000000062,0.0012593219999999933,69.0186,758.2980498000002
26.391999999999825,0.0014371079999999925,70.0122,758.2980498000002
26.402000000000044,0.0014371079999999925,69.0186,756.3091890000005
26.411999999999807,0.001081535999999994,69.0186,758.2980498000002
26.422000000000025,0.0012593219999999933,69.0186,758.2980498000002
26.43199999999979,0.0014371079999999925,69.0186,758.2980498000002
26.467999999999847,0.0012593219999999933,69.0186,758.2980498000002
26.51299999999992,0.001792679999999991,67.0314,752.3314674000007
26.521999999999935,0.0014371079999999925,69.0186,758.2980498000002
26.5329999999999,0.0014371079999999925,69.0186,758.2980498000002
26.54300000000012,0.0014371079999999925,69.0186,758.2980498000002
26.552999999999884,0.0016148939999999917,70.0122,752.3314674000007
26.563000000000102,0.0012593219999999933,69.0186,756.3091890000005
26.572999999999865,0.0012593219999999933,67.0314,758.2980498000002
26.583000000000084,0.0014371079999999925,70.0122,758.2980498000002
26.592999999999847,0.001792679999999991,68.025,756.3091890000005
26.603000000000065,0.0014371079999999925,68.025,754.3203282000004
26.61299999999983,0.001792679999999991,70.0122,756.3091890000005
26.623000000000047,0.0014371079999999925,70.0122,754.3203282000004
26.63299999999981,0.0016148939999999917,69.0186,756.3091890000005
26.64300000000003,0.0014371079999999925,68.025,754.3203282000004
26.652999999999793,0.001792679999999991,70.0122,756.3091890000005
26.66300000000001,0.0016148939999999917,71.00580000000001,760.2869106000003
26.67300000000023,0.0012593219999999933,70.0122,758.2980498000002
26.682999999999993,0.0014371079999999925,69.0186,758.2980498000002
26.69300000000021,0.0014371079999999925,68.025,756.3091890000005
26.702999999999975,0.0014371079999999925,68.025,760.2869106000003
26.713000000000193,0.0014371079999999925,69.0186,758.2980498000002
26.722999999999956,0.0014371079999999925,69.0186,758.2980498000002
26.733000000000175,0.0016148939999999917,70.0122,756.3091890000005
26.742999999999938,0.0014371079999999925,69.0186,756.3091890000005
26.753000000000156,0.0016148939999999917,69.0186,756.3091890000005
26.76299999999992,0.0014371079999999925,69.0186,758.2980498000002
26.77300000000014,0.0014371079999999925,68.025,758.2980498000002
26.7829999999999,0.0014371079999999925,68.025,756.3091890000005
26.79300000000012,0.0014371079999999925,69.0186,756.3091890000005
26.802999999999884,0.0014371079999999925,69.0186,756.3091890000005
26.813000000000102,0.0012593219999999933,67.0314,758.2980498000002
26.822999999999865,0.0014371079999999925,68.025,756.3091890000005
26.833000000000084,0.0014371079999999925,70.0122,756.3091890000005
26.842999999999847,0.0016148939999999917,68.025,756.3091890000005
26.853000000000065,0.001081535999999994,68.025,758.2980498000002
26.86299999999983,0.0016148939999999917,69.0186,756.3091890000005
26.873000000000047,0.0014371079999999925,68.025,754.3203282000004
26.88299999999981,0.0012593219999999933,68.025,758.2980498000002
26.89300000000003,0.0016148939999999917,68.025,756.3091890000005
26.902999999999793,0.0014371079999999925,68.025,756.3091890000005
26.91300000000001,0.0014371079999999925,71.00580000000001,758.2980498000002
26.92300000000023,0.0016148939999999917,68.025,756.3091890000005
26.932999999999993,0.0016148939999999917,68.025,756.3091890000005
26.94300000000021,0.0014371079999999925,69.0186,758.2980498000002
26.952999999999975,0.0014371079999999925,70.0122,758.2980498000002
26.963000000000193,0.0016148939999999917,69.0186,756.3091890000005
26.972999999999956,0.0014371079999999925,67.0314,758.2980498000002
26.983000000000175,0.0014371079999999925,68.025,756.3091890000005
26.992999999999938,0.0014371079999999925,67.0314,756.3091890000005
27.003999999999905,0.0012593219999999933,69.0186,756.3091890000005
27.01299999999992,0.0012593219999999933,68.025,758.2980498000002
27.02300000000014,0.0012593219999999933,67.0314,758.2980498000002
27.0329999999999,0.0012593219999999933,69.0186,756.3091890000005
27.04300000000012,0.0012593219999999933,68.025,758.2980498000002
27.052999999999884,0.0016148939999999917,69.0186,754.3203282000004
27.063000000000102,0.0012593219999999933,67.0314,758.2980498000002
27.072999999999865,0.0014371079999999925,70.0122,758.2980498000002
27.083000000000084,0.0014371079999999925,67.0314,756.3091890000005
27.09400000000005,0.0016148939999999917,68.025,754.3203282000004
27.103000000000065,0.0016148939999999917,67.0314,756.3091890000005
27.11299999999983,0.0016148939999999917,69.0186,758.2980498000002
27.123000000000047,0.0014371079999999925,68.025,756.3091890000005
27.134000000000015,0.0014371079999999925,70.0122,756.3091890000005
27.144000000000233,0.0014371079999999925,69.0186,758.2980498000002
27.153999999999996,0.0014371079999999925,68.025,758.2980498000002
27.164000000000215,0.001081535999999994,67.0314,758.2980498000002
27.173999999999978,0.0012593219999999933,67.0314,756.3091890000005
27.184000000000196,0.0012593219999999933,67.0314,754.3203282000004
27.19399999999996,0.0014371079999999925,68.025,756.3091890000005
27.20400000000018,0.0014371079999999925,67.0314,758.2980498000002
27.213999999999942,0.0016148939999999917,68.025,758.2980498000002
27.22400000000016,0.0016148939999999917,68.025,756.3091890000005
27.233999999999924,0.0014371079999999925,68.025,756.3091890000005
27.244000000000142,0.0016148939999999917,67.0314,756.3091890000005
27.253999999999905,0.0012593219999999933,68.025,758.2980498000002
27.264000000000124,0.0016148939999999917,67.0314,758.2980498000002
27.273999999999887,0.0014371079999999925,67.0314,754.3203282000004
27.284000000000106,0.0012593219999999933,68.025,758.2980498000002
27.29399999999987,0.0012593219999999933,66.0378,758.2980498000002
27.304000000000087,0.0012593219999999933,68.025,758.2980498000002
27.31399999999985,0.001792679999999991,68.025,754.3203282000004
27.32400000000007,0.0014371079999999925,67.0314,756.3091890000005
27.333999999999833,0.0012593219999999933,68.025,758.2980498000002
27.34400000000005,0.0012593219999999933,67.0314,758.2980498000002
27.353999999999814,0.0012593219999999933,68.025,758.2980498000002
27.364000000000033,0.0012593219999999933,67.0314,754.3203282000004
27.373999999999796,0.0012593219999999933,68.025,756.3091890000005
27.384000000000015,0.0012593219999999933,66.0378,756.3091890000005
27.394000000000233,0.0014371079999999925,68.025,758.2980498000002
27.403999999999996,0.0009037499999999948,68.025,758.2980498000002
27.414000000000215,0.0014371079999999925,68.025,758.2980498000002
27.423999999999978,0.0012593219999999933,68.025,760.2869106000003
27.434000000000196,0.0016148939999999917,68.025,756.3091890000005
27.44399999999996,0.0016148939999999917,68.025,758.2980498000002
27.45400000000018,0.0014371079999999925,66.0378,756.3091890000005
27.463999999999942,0.0012593219999999933,66.0378,756.3091890000005
27.47400000000016,0.0014371079999999925,67.0314,758.2980498000002
27.483999999999924,0.0014371079999999925,68.025,758.2980498000002
27.494000000000142,0.0014371079999999925,67.0314,754.3203282000004
27.503999999999905,0.0012593219999999933,67.0314,760.2869106000003
27.514000000000124,0.0012593219999999933,68.025,760.2869106000003
27.523999999999887,0.0016148939999999917,68.025,756.3091890000005
27.534000000000106,0.0012593219999999933,67.0314,758.2980498000002
27.54399999999987,0.0014371079999999925,66.0378,752.3314674000007
27.554000000000087,0.0014371079999999925,69.0186,758.2980498000002
27.56399999999985,0.001081535999999994,66.0378,758.2980498000002
27.57400000000007,0.0014371079999999925,68.025,758.2980498000002
27.583999999999833,0.0014371079999999925,67.0314,754.3203282000004
27.59400000000005,0.0016148939999999917,68.025,756.3091890000005
27.603999999999814,0.0014371079999999925,67.0314,758.2980498000002
27.614000000000033,0.0012593219999999933,68.025,758.2980498000002
27.623999999999796,0.0012593219999999933,67.0314,758.2980498000002
27.634000000000015,0.0014371079999999925,66.0378,752.3314674000007
27.644000000000233,0.0012593219999999933,67.0314,758.2980498000002
27.653999999999996,0.0014371079999999925,67.0314,758.2980498000002
27.664000000000215,0.0016148939999999917,67.0314,756.3091890000005
27.673999999999978,0.0009037499999999948,65.0442,758.2980498000002
27.684000000000196,0.0016148939999999917,68.025,758.2980498000002
27.69399999999996,0.0012593219999999933,67.0314,758.2980498000002
27.70400000000018,0.0014371079999999925,66.0378,756.3091890000005
27.713999999999942,0.0012593219999999933,66.0378,758.2980498000002
27.72499999999991,0.0012593219999999933,66.0378,754.3203282000004
27.733999999999924,0.0014371079999999925,67.0314,758.2980498000002
27.744000000000142,0.0014371079999999925,67.0314,758.2980498000002
27.753999999999905,0.0016148939999999917,67.0314,756.3091890000005
27.764999999999873,0.0014371079999999925,70.0122,754.3203282000004
27.773999999999887,0.0016148939999999917,67.0314,756.3091890000005
27.784999999999854,0.0014371079999999925,66.0378,758.2980498000002
27.795000000000073,0.0012593219999999933,67.0314,758.2980498000002
27.804999999999836,0.0016148939999999917,66.0378,756.3091890000005
27.815000000000055,0.001792679999999991,66.0378,752.3314674000007
27.824999999999818,0.0012593219999999933,68.025,758.2980498000002
27.835000000000036,0.0012593219999999933,67.0314,758.2980498000002
27.8449999999998,0.0014371079999999925,67.0314,758.2980498000002
27.855000000000018,0.0014371079999999925,66.0378,752.3314674000007
27.865000000000236,0.0014371079999999925,67.0314,756.3091890000005
27.875,0.0016148939999999917,67.0314,756.3091890000005
27.88500000000022,0.0012593219999999933,67.0314,760.2869106000003
27.894999999999982,0.0014371079999999925,66.0378,760.2869106000003
27.9050000000002,0.0014371079999999925,65.0442,754.3203282000004
27.914999999999964,0.001081535999999994,65.0442,758.2980498000002
27.925000000000182,0.0014371079999999925,66.0378,756.3091890000005
27.934999999999945,0.0014371079999999925,68.025,758.2980498000002
27.945000000000164,0.0016148939999999917,66.0378,750.3426066000002
27.954999999999927,0.0014371079999999925,67.0314,758.2980498000002
27.965000000000146,0.0014371079999999925,68.025,756.3091890000005
27.97499999999991,0.0016148939999999917,66.0378,756.3091890000005
27.985000000000127,0.0014371079999999925,67.0314,758.2980498000002
27.99499999999989,0.0014371079999999925,67.0314,754.3203282000004
28.00500000000011,0.0014371079999999925,66.0378,758.2980498000002
28.014999999999873,0.0016148939999999917,67.0314,758.2980498000002
28.02500000000009,0.0014371079999999925,65.0442,758.2980498000002
28.034999999999854,0.0014371079999999925,67.0314,754.3203282000004
28.045000000000073,0.0016148939999999917,66.0378,756.3091890000005
28.054999999999836,0.0016148939999999917,66.0378,756.3091890000005
28.065000000000055,0.0012593219999999933,65.0442,756.3091890000005
28.074999999999818,0.0012593219999999933,68.025,758.2980498000002
28.085000000000036,0.001081535999999994,66.0378,756.3091890000005
28.0949999999998,0.0016148939999999917,66.0378,758.2980498000002
28.105000000000018,0.0012593219999999933,66.0378,760.2869106000003
28.115000000000236,0.0016148939999999917,67.0314,758.2980498000002
28.125,0.0016148939999999917,66.0378,754.3203282000004
28.13500000000022,0.0016148939999999917,67.0314,758.2980498000002
28.144999999999982,0.0016148939999999917,66.0378,758.2980498000002
28.1550000000002,0.0014371079999999925,65.0442,758.2980498000002
28.164999999999964,0.0014371079999999925,66.0378,756.3091890000005
28.175000000000182,0.0014371079999999925,68.025,752.3314674000007
28.184999999999945,0.0012593219999999933,67.0314,758.2980498000002
28.195000000000164,0.0012593219999999933,65.0442,758.2980498000002
28.204999999999927,0.0014371079999999925,66.0378,758.2980498000002
28.215000000000146,0.0016148939999999917,67.0314,756.3091890000005
28.22499999999991,0.0014371079999999925,65.0442,756.3091890000005
28.235000000000127,0.0016148939999999917,65.0442,756.3091890000005
28.24499999999989,0.0016148939999999917,65.0442,754.3203282000004
28.25500000000011,0.001792679999999991,67.0314,756.3091890000005
28.266000000000076,0.0012593219999999933,65.0442,754.3203282000004
28.27500000000009,0.0014371079999999925,66.0378,758.2980498000002
28.284999999999854,0.0014371079999999925,66.0378,758.2980498000002
28.295000000000073,0.0016148939999999917,67.0314,758.2980498000002
28.30600000000004,0.0014371079999999925,65.0442,756.3091890000005
28.315000000000055,0.0014371079999999925,67.0314,758.2980498000002
28.324999999999818,0.0016148939999999917,67.0314,760.2869106000003
28.335000000000036,0.0016148939999999917,66.0378,756.3091890000005
28.3449999999998,0.0016148939999999917,66.0378,758.2980498000002
28.356000000000222,0.0012593219999999933,64.0506,754.3203282000004
28.365000000000236,0.0012593219999999933,66.0378,758.2980498000002
28.375,0.0016148939999999917,66.0378,756.3091890000005
28.38500000000022,0.0014371079999999925,65.0442,758.2980498000002
28.396000000000186,0.0014371079999999925,66.0378,754.3203282000004
28.40599999999995,0.0014371079999999925,66.0378,758.2980498000002
28.416000000000167,0.0016148939999999917,66.0378,756.3091890000005
28.42599999999993,0.0012593219999999933,66.0378,758.2980498000002
28.43600000000015,0.0012593219999999933,65.0442,758.2980498000002
28.445999999999913,0.0016148939999999917,66.0378,754.3203282000004
28.45600000000013,0.0016148939999999917,66.0378,758.2980498000002
28.465999999999894,0.0014371079999999925,66.0378,758.2980498000002
28.476000000000113,0.0012593219999999933,65.0442,758.2980498000002
28.485999999999876,0.0014371079999999925,65.0442,754.3203282000004
28.496000000000095,0.0014371079999999925,67.0314,758.2980498000002
28.505999999999858,0.0014371079999999925,66.0378,758.2980498000002
28.516000000000076,0.0014371079999999925,65.0442,756.3091890000005
28.52599999999984,0.0014371079999999925,67.0314,758.2980498000002
28.536000000000058,0.001792679999999991,65.0442,752.3314674000007
28.54599999999982,0.0014371079999999925,66.0378,758.2980498000002
28.55600000000004,0.0012593219999999933,66.0378,760.2869106000003
28.565999999999804,0.0014371079999999925,66.0378,758.2980498000002
28.576000000000022,0.0014371079999999925,65.0442,756.3091890000005
28.58600000000024,0.0012593219999999933,65.0442,760.2869106000003
28.596000000000004,0.0016148939999999917,66.0378,756.3091890000005
28.606000000000222,0.0016148939999999917,65.0442,756.3091890000005
28.615999999999985,0.0014371079999999925,66.0378,758.2980498000002
28.626000000000204,0.0014371079999999925,66.0378,756.3091890000005
28.635999999999967,0.0012593219999999933,66.0378,760.2869106000003
28.646000000000186,0.0014371079999999925,65.0442,760.2869106000003
28.65599999999995,0.0012593219999999933,66.0378,760.2869106000003
28.666000000000167,0.001081535999999994,65.0442,758.2980498000002
28.67599999999993,0.0012593219999999933,65.0442,758.2980498000002
28.68600000000015,0.0016148939999999917,66.0378,758.2980498000002
28.695999999999913,0.0014371079999999925,65.0442,756.3091890000005
28.70600000000013,0.0014371079999999925,65.0442,758.2980498000002
28.715999999999894,0.0012593219999999933,65.0442,754.3203282000004
28.726000000000113,0.0014371079999999925,64.0506,758.2980498000002
28.735999999999876,0.0014371079999999925,65.0442,758.2980498000002
28.746000000000095,0.0014371079999999925,64.0506,758.2980498000002
28.755999999999858,0.0014371079999999925,63.057,754.3203282000004
28.766000000000076,0.0014371079999999925,65.0442,758.2980498000002
28.77599999999984,0.0012593219999999933,64.0506,758.2980498000002
28.786000000000058,0.0016148939999999917,67.0314,760.2869106000003
28.79599999999982,0.0012593219999999933,64.0506,758.2980498000002
28.80600000000004,0.0014371079999999925,65.0442,752.3314674000007
28.815999999999804,0.0014371079999999925,65.0442,756.3091890000005
28.826000000000022,0.001792679999999991,65.0442,754.3203282000004
28.83600000000024,0.0014371079999999925,66.0378,758.2980498000002
28.846000000000004,0.0012593219999999933,62.0634,754.3203282000004
28.856000000000222,0.0012593219999999933,65.0442,758.2980498000002
28.865999999999985,0.0012593219999999933,65.0442,758.2980498000002
28.876000000000204,0.0014371079999999925,65.0442,756.3091890000005
28.885999999999967,0.0016148939999999917,65.0442,756.3091890000005
28.896000000000186,0.0012593219999999933,66.0378,756.3091890000005
28.90599999999995,0.0012593219999999933,73.98660000000001,762.2757713999999
28.916000000000167,0.001792679999999991,76.96740000000001,760.2869106000003
28.94300000000021,0.001792679999999991,79.9482,758.2980498000002
28.98799999999983,0.001792679999999991,78.9546,758.2980498000002
29.0329999999999,0.001970466000000004,78.9546,752.3314674000007
29.04300000000012,0.001792679999999991,79.9482,758.2980498000002
29.052000000000135,0.001792679999999991,78.9546,758.2980498000002
29.061999999999898,0.001970466000000004,79.9482,758.2980498000002
29.072000000000116,0.001792679999999991,79.9482,754.3203282000004
29.08100000000013,0.001970466000000004,79.9482,756.3091890000005
29.090999999999894,0.001970466000000004,79.9482,758.2980498000002
29.101000000000113,0.001792679999999991,79.9482,758.2980498000002
29.110000000000127,0.001970466000000004,80.9418,758.2980498000002
29.11999999999989,0.0016148939999999917,79.9482,756.3091890000005
29.13000000000011,0.0016148939999999917,78.9546,758.2980498000002
29.139000000000124,0.0016148939999999917,80.9418,756.3091890000005
29.148999999999887,0.0016148939999999917,80.9418,760.2869106000003
29.1579999999999,0.001970466000000004,80.9418,754.3203282000004
29.16800000000012,0.0016148939999999917,79.9482,758.2980498000002
29.177999999999884,0.001792679999999991,79.9482,758.2980498000002
29.186999999999898,0.001792679999999991,80.9418,758.2980498000002
29.20699999999988,0.0021482519999999894,79.9482,754.3203282000004
29.2170000000001,0.001970466000000004,78.9546,756.3091890000005
29.22699999999986,0.001970466000000004,78.9546,756.3091890000005
29.23700000000008,0.0014371079999999925,77.961,758.2980498000002
29.246999999999844,0.0016148939999999917,77.961,758.2980498000002
29.257000000000062,0.001792679999999991,79.9482,752.3314674000007
29.266999999999825,0.001792679999999991,77.961,758.2980498000002
29.277000000000044,0.0016148939999999917,78.9546,758.2980498000002
29.286999999999807,0.001792679999999991,77.961,756.3091890000005
29.297000000000025,0.001792679999999991,79.9482,756.3091890000005
29.30699999999979,0.001792679999999991,78.9546,760.2869106000003
29.317000000000007,0.0016148939999999917,78.9546,760.2869106000003
29.327000000000226,0.001970466000000004,77.961,758.2980498000002
29.33699999999999,0.001970466000000004,78.9546,756.3091890000005
29.347000000000207,0.001792679999999991,76.96740000000001,758.2980498000002
29.35699999999997,0.0016148939999999917,76.96740000000001,758.2980498000002
29.36700000000019,0.001792679999999991,78.9546,758.2980498000002
29.376999999999953,0.001970466000000004,77.961,756.3091890000005
29.38700000000017,0.0016148939999999917,78.9546,760.2869106000003
29.396999999999935,0.0014371079999999925,78.9546,758.2980498000002
29.407000000000153,0.001970466000000004,78.9546,756.3091890000005
29.416999999999916,0.0016148939999999917,77.961,758.2980498000002
29.427000000000135,0.001970466000000004,77.961,756.3091890000005
29.438000000000102,0.001970466000000004,77.961,752.3314674000007
29.45699999999988,0.001970466000000004,77.961,756.3091890000005
29.4670000000001,0.001970466000000004,77.961,756.3091890000005
29.47699999999986,0.0016148939999999917,79.9482,758.2980498000002
29.48700000000008,0.0016148939999999917,76.96740000000001,756.3091890000005
29.496999999999844,0.001792679999999991,77.961,758.2980498000002
29.507000000000062,0.0016148939999999917,76.96740000000001,758.2980498000002
29.516999999999825,0.001792679999999991,77.961,758.2980498000002
29.527000000000044,0.001970466000000004,77.961,754.3203282000004
29.536999999999807,0.0016148939999999917,76.96740000000001,758.2980498000002
29.547000000000025,0.001970466000000004,77.961,758.2980498000002
29.55699999999979,0.001792679999999991,76.96740000000001,756.3091890000005
29.56800000000021,0.001970466000000004,77.961,754.3203282000004
29.577000000000226,0.001792679999999991,76.96740000000001,760.2869106000003
29.58699999999999,0.001792679999999991,77.961,758.2980498000002
29.597000000000207,0.001970466000000004,76.96740000000001,756.3091890000005
29.60699999999997,0.001792679999999991,75.97380000000001,758.2980498000002
29.617999999999938,0.0016148939999999917,76.96740000000001,754.3203282000004
29.626999999999953,0.0016148939999999917,76.96740000000001,758.2980498000002
29.63700000000017,0.0021482519999999894,77.961,756.3091890000005
29.646999999999935,0.001792679999999991,77.961,758.2980498000002
29.6579999999999,0.001970466000000004,78.9546,754.3203282000004
29.66800000000012,0.001970466000000004,76.96740000000001,756.3091890000005
29.677999999999884,0.001792679999999991,76.96740000000001,758.2980498000002
29.688000000000102,0.001970466000000004,76.96740000000001,758.2980498000002
29.697999999999865,0.0016148939999999917,75.97380000000001,758.2980498000002
29.708000000000084,0.001792679999999991,78.9546,756.3091890000005
29.717999999999847,0.001792679999999991,75.97380000000001,758.2980498000002
29.728000000000065,0.0016148939999999917,76.96740000000001,758.2980498000002
29.73799999999983,0.001792679999999991,75.97380000000001,758.2980498000002
29.748000000000047,0.0016148939999999917,76.96740000000001,756.3091890000005
29.75799999999981,0.001792679999999991,77.961,758.2980498000002
29.76800000000003,0.001970466000000004,76.96740000000001,756.3091890000005
29.777999999999793,0.0016148939999999917,75.97380000000001,758.2980498000002
29.78800000000001,0.001792679999999991,77.961,756.3091890000005
29.79800000000023,0.0016148939999999917,76.96740000000001,756.3091890000005
29.807999999999993,0.001792679999999991,76.96740000000001,758.2980498000002
29.81800000000021,0.001792679999999991,76.96740000000001,758.2980498000002
29.827999999999975,0.001970466000000004,75.97380000000001,758.2980498000002
29.838000000000193,0.001970466000000004,76.96740000000001,754.3203282000004
29.847999999999956,0.0016148939999999917,76.96740000000001,758.2980498000002
29.858000000000175,0.001792679999999991,76.96740000000001,760.2869106000003
29.867999999999938,0.0016148939999999917,76.96740000000001,762.2757713999999
29.878000000000156,0.001970466000000004,77.961,758.2980498000002
29.88799999999992,0.001792679999999991,74.98020000000001,756.3091890000005
29.89800000000014,0.0016148939999999917,75.97380000000001,758.2980498000002
29.9079999999999,0.001792679999999991,75.97380000000001,758.2980498000002
29.91800000000012,0.0016148939999999917,76.96740000000001,758.2980498000002
29.927999999999884,0.0016148939999999917,75.97380000000001,756.3091890000005
29.938000000000102,0.0016148939999999917,74.98020000000001,758.2980498000002
29.947999999999865,0.001792679999999991,76.96740000000001,758.2980498000002
29.958000000000084,0.0014371079999999925,76.96740000000001,760.2869106000003
29.967999999999847,0.0021482519999999894,75.97380000000001,754.3203282000004
29.978000000000065,0.001792679999999991,76.96740000000001,756.3091890000005
29.98799999999983,0.0016148939999999917,75.97380000000001,758.2980498000002
29.998000000000047,0.001792679999999991,75.97380000000001,756.3091890000005
30.00799999999981,0.001970466000000004,75.97380000000001,756.3091890000005
30.01800000000003,0.0016148939999999917,73.98660000000001,754.3203282000004
30.027999999999793,0.0016148939999999917,75.97380000000001,758.2980498000002
30.03800000000001,0.0016148939999999917,76.96740000000001,758.2980498000002
30.04800000000023,0.001792679999999991,74.98020000000001,756.3091890000005
30.057999999999993,0.001970466000000004,73.98660000000001,754.3203282000004
30.06800000000021,0.0016148939999999917,74.98020000000001,756.3091890000005
30.077999999999975,0.0016148939999999917,74.98020000000001,758.2980498000002
30.088000000000193,0.0016148939999999917,75.97380000000001,760.2869106000003
30.097999999999956,0.0016148939999999917,76.96740000000001,756.3091890000005
30.108000000000175,0.001970466000000004,75.97380000000001,752.3314674000007
30.117999999999938,0.0016148939999999917,74.98020000000001,760.2869106000003
30.128000000000156,0.001792679999999991,73.98660000000001,758.2980498000002
30.13799999999992,0.001792679999999991,74.98020000000001,758.2980498000002
30.14800000000014,0.001792679999999991,75.97380000000001,758.2980498000002
30.159000000000106,0.0016148939999999917,73.98660000000001,756.3091890000005
30.16800000000012,0.0016148939999999917,73.98660000000001,756.3091890000005
30.177999999999884,0.001970466000000004,75.97380000000001,758.2980498000002
30.188000000000102,0.0016148939999999917,74.98020000000001,760.2869106000003
30.19900000000007,0.001792679999999991,74.98020000000001,754.3203282000004
30.208000000000084,0.001792679999999991,75.97380000000001,758.2980498000002
30.217999999999847,0.0016148939999999917,73.98660000000001,760.2869106000003
30.228000000000065,0.001792679999999991,75.97380000000001,758.2980498000002
30.239000000000033,0.001792679999999991,74.98020000000001,756.3091890000005
30.248999999999796,0.0016148939999999917,74.98020000000001,758.2980498000002
30.25799999999981,0.001970466000000004,74.98020000000001,756.3091890000005
30.26800000000003,0.001970466000000004,74.98020000000001,756.3091890000005
30.277999999999793,0.0016148939999999917,73.98660000000001,758.2980498000002
30.289000000000215,0.001792679999999991,74.98020000000001,754.3203282000004
30.298999999999978,0.0016148939999999917,73.98660000000001,758.2980498000002
30.309000000000196,0.001792679999999991,74.98020000000001,756.3091890000005
30.31899999999996,0.001792679999999991,73.98660000000001,758.2980498000002
30.32900000000018,0.001970466000000004,75.97380000000001,756.3091890000005
30.338999999999942,0.001792679999999991,75.97380000000001,754.3203282000004
30.34900000000016,0.001792679999999991,75.97380000000001,758.2980498000002
30.358999999999924,0.001792679999999991,74.98020000000001,758.2980498000002
30.369000000000142,0.001792679999999991,74.98020000000001,758.2980498000002
30.378999999999905,0.001970466000000004,74.98020000000001,754.3203282000004
30.389000000000124,0.001792679999999991,73.98660000000001,758.2980498000002
30.398999999999887,0.001792679999999991,74.98020000000001,758.2980498000002
30.409000000000106,0.001792679999999991,74.98020000000001,758.2980498000002
30.41899999999987,0.001970466000000004,75.97380000000001,758.2980498000002
30.429000000000087,0.001792679999999991,74.98020000000001,758.2980498000002
30.43899999999985,0.0016148939999999917,72.99300000000001,758.2980498000002
30.44900000000007,0.001970466000000004,72.99300000000001,756.3091890000005
30.458999999999833,0.0014371079999999925,73.98660000000001,758.2980498000002
30.46900000000005,0.0016148939999999917,74.98020000000001,756.3091890000005
30.478999999999814,0.0016148939999999917,73.98660000000001,758.2980498000002
30.489000000000033,0.001792679999999991,73.98660000000001,756.3091890000005
30.498999999999796,0.0016148939999999917,73.98660000000001,758.2980498000002
30.509000000000015,0.0016148939999999917,72.99300000000001,754.3203282000004
30.519000000000233,0.001792679999999991,74.98020000000001,756.3091890000005
30.528999999999996,0.001792679999999991,75.97380000000001,756.3091890000005
30.539000000000215,0.001792679999999991,73.98660000000001,756.3091890000005
30.548999999999978,0.001970466000000004,73.98660000000001,756.3091890000005
30.559000000000196,0.001970466000000004,73.98660000000001,754.3203282000004
30.56899999999996,0.0016148939999999917,74.98020000000001,758.2980498000002
30.57900000000018,0.001792679999999991,75.97380000000001,758.2980498000002
30.588999999999942,0.001792679999999991,73.98660000000001,758.2980498000002
30.59900000000016,0.001970466000000004,74.98020000000001,756.3091890000005
30.608999999999924,0.001792679999999991,75.97380000000001,758.2980498000002
30.619000000000142,0.001792679999999991,73.98660000000001,756.3091890000005
30.628999999999905,0.001792679999999991,74.98020000000001,760.2869106000003
30.639000000000124,0.0021482519999999894,74.98020000000001,756.3091890000005
30.648999999999887,0.0016148939999999917,73.98660000000001,758.2980498000002
30.659000000000106,0.001970466000000004,73.98660000000001,758.2980498000002
30.66899999999987,0.001970466000000004,72.99300000000001,756.3091890000005
30.679000000000087,0.001792679999999991,73.98660000000001,758.2980498000002
30.68899999999985,0.001792679999999991,74.98020000000001,754.3203282000004
30.69900000000007,0.0016148939999999917,73.98660000000001,758.2980498000002
30.708999999999833,0.0014371079999999925,73.98660000000001,760.2869106000003
30.71900000000005,0.001970466000000004,72.99300000000001,756.3091890000005
30.728999999999814,0.0021482519999999894,73.98660000000001,756.3091890000005
30.739000000000033,0.0016148939999999917,73.98660000000001,756.3091890000005
30.748999999999796,0.001792679999999991,72.99300000000001,758.2980498000002
30.759000000000015,0.0016148939999999917,72.99300000000001,756.3091890000005
30.769000000000233,0.001792679999999991,73.98660000000001,756.3091890000005
30.778999999999996,0.0016148939999999917,74.98020000000001,756.3091890000005
30.789999999999964,0.001792679999999991,72.99300000000001,758.2980498000002
30.798999999999978,0.001792679999999991,73.98660000000001,756.3091890000005
30.809000000000196,0.001792679999999991,72.99300000000001,756.3091890000005
30.81899999999996,0.0021482519999999894,72.99300000000001,756.3091890000005
30.829999999999927,0.001970466000000004,73.98660000000001,754.3203282000004
30.838999999999942,0.001970466000000004,73.98660000000001,758.2980498000002
30.84900000000016,0.0016148939999999917,71.99940000000001,756.3091890000005
30.858999999999924,0.001970466000000004,73.98660000000001,756.3091890000005
30.86999999999989,0.001792679999999991,72.99300000000001,754.3203282000004
30.88000000000011,0.001792679999999991,72.99300000000001,758.2980498000002
30.889000000000124,0.001792679999999991,73.98660000000001,758.2980498000002
30.898999999999887,0.001792679999999991,72.99300000000001,754.3203282000004
30.909999999999854,0.001792679999999991,72.99300000000001,756.3091890000005
30.920000000000073,0.0016148939999999917,73.98660000000001,754.3203282000004
30.929999999999836,0.001792679999999991,71.99940000000001,756.3091890000005
30.940000000000055,0.0016148939999999917,73.98660000000001,760.2869106000003
30.949999999999818,0.001792679999999991,73.98660000000001,760.2869106000003
30.960000000000036,0.001970466000000004,71.99940000000001,754.3203282000004
30.9699999999998,0.0016148939999999917,73.98660000000001,758.2980498000002
30.980000000000018,0.001792679999999991,72.99300000000001,756.3091890000005
30.990000000000236,0.0016148939999999917,72.99300000000001,758.2980498000002
31.0,0.001792679999999991,71.99940000000001,758.2980498000002
31.01000000000022,0.0016148939999999917,72.99300000000001,756.3091890000005
31.019999999999982,0.0014371079999999925,72.99300000000001,758.2980498000002
31.0300000000002,0.0016148939999999917,72.99300000000001,758.2980498000002
31.039999999999964,0.0016148939999999917,71.00580000000001,758.2980498000002
31.050000000000182,0.001792679999999991,72.99300000000001,754.3203282000004
31.059999999999945,0.0016148939999999917,72.99300000000001,760.2869106000003
31.070000000000164,0.001792679999999991,73.98660000000001,758.2980498000002
31.079999999999927,0.001970466000000004,72.99300000000001,756.3091890000005
31.090000000000146,0.001970466000000004,73.98660000000001,758.2980498000002
31.09999999999991,0.001970466000000004,72.99300000000001,754.3203282000004
31.110000000000127,0.0016148939999999917,71.99940000000001,758.2980498000002
31.11999999999989,0.0016148939999999917,72.99300000000001,758.2980498000002
31.13000000000011,0.001792679999999991,72.99300000000001,758.2980498000002
31.139999999999873,0.0016148939999999917,71.99940000000001,756.3091890000005
31.15000000000009,0.001792679999999991,71.99940000000001,756.3091890000005
31.159999999999854,0.001792679999999991,72.99300000000001,756.3091890000005
31.170000000000073,0.001792679999999991,72.99300000000001,758.2980498000002
31.179999999999836,0.001970466000000004,71.99940000000001,758.2980498000002
31.190000000000055,0.001970466000000004,72.99300000000001,752.3314674000007
31.199999999999818,0.0016148939999999917,72.99300000000001,758.2980498000002
31.210000000000036,0.001970466000000004,72.99300000000001,756.3091890000005
31.2199999999998,0.001792679999999991,71.99940000000001,756.3091890000005
31.230000000000018,0.001970466000000004,71.99940000000001,752.3314674000007
31.240000000000236,0.001792679999999991,71.00580000000001,758.2980498000002
31.25,0.0016148939999999917,71.00580000000001,758.2980498000002
31.26000000000022,0.001792679999999991,71.00580000000001,758.2980498000002
31.269999999999982,0.0016148939999999917,71.99940000000001,758.2980498000002
31.2800000000002,0.001792679999999991,71.00580000000001,756.3091890000005
31.289999999999964,0.001792679999999991,72.99300000000001,758.2980498000002
31.300000000000182,0.0016148939999999917,72.99300000000001,760.2869106000003
31.309999999999945,0.001792679999999991,71.99940000000001,756.3091890000005
31.320000000000164,0.001792679999999991,70.0122,754.3203282000004
31.329999999999927,0.0016148939999999917,71.99940000000001,760.2869106000003
31.340000000000146,0.001792679999999991,71.99940000000001,758.2980498000002
31.34999999999991,0.0016148939999999917,71.00580000000001,758.2980498000002
31.360000000000127,0.001792679999999991,71.99940000000001,758.2980498000002
31.36999999999989,0.001970466000000004,71.00580000000001,752.3314674000007
31.38000000000011,0.0016148939999999917,71.99940000000001,758.2980498000002
31.389999999999873,0.001792679999999991,72.99300000000001,758.2980498000002
31.40000000000009,0.001792679999999991,71.00580000000001,756.3091890000005
31.411000000000058,0.0014371079999999925,71.00580000000001,758.2980498000002
31.420000000000073,0.001792679999999991,71.99940000000001,758.2980498000002
31.429999999999836,0.001970466000000004,71.99940000000001,756.3091890000005
31.440000000000055,0.001792679999999991,71.00580000000001,756.3091890000005
31.449999999999818,0.001792679999999991,71.00580000000001,756.3091890000005
31.46100000000024,0.001792679999999991,71.99940000000001,756.3091890000005
31.4699999999998,0.0016148939999999917,71.00580000000001,758.2980498000002
31.50799999999981,0.0016148939999999917,71.00580000000001,758.2980498000002
31.552999999999884,0.001792679999999991,71.00580000000001,754.3203282000004
31.563000000000102,0.001792679999999991,70.0122,756.3091890000005
31.572999999999865,0.0014371079999999925,71.00580000000001,756.3091890000005
31.58199999999988,0.001792679999999991,71.99940000000001,758.2980498000002
31.5920000000001,0.0016148939999999917,71.00580000000001,754.3203282000004
31.60199999999986,0.0016148939999999917,72.99300000000001,760.2869106000003
31.621000000000095,0.001792679999999991,71.99940000000001,760.2869106000003
31.630999999999858,0.001970466000000004,72.99300000000001,758.2980498000002
31.641000000000076,0.001970466000000004,71.99940000000001,758.2980498000002
31.65099999999984,0.001792679999999991,72.99300000000001,758.2980498000002
31.661000000000058,0.001792679999999991,71.00580000000001,756.3091890000005
31.67099999999982,0.001970466000000004,71.99940000000001,758.2980498000002
31.68100000000004,0.001792679999999991,71.99940000000001,756.3091890000005
31.690999999999804,0.001970466000000004,71.99940000000001,756.3091890000005
31.701000000000022,0.0016148939999999917,71.99940000000001,758.2980498000002
31.71100000000024,0.001970466000000004,71.00580000000001,756.3091890000005
31.721000000000004,0.001970466000000004,71.00580000000001,756.3091890000005
31.731000000000222,0.0016148939999999917,71.99940000000001,754.3203282000004
31.740999999999985,0.0016148939999999917,71.00580000000001,758.2980498000002
31.751000000000204,0.001792679999999991,71.99940000000001,756.3091890000005
31.760999999999967,0.001970466000000004,71.00580000000001,758.2980498000002
31.771000000000186,0.0016148939999999917,71.99940000000001,756.3091890000005
31.78099999999995,0.001792679999999991,71.00580000000001,756.3091890000005
31.791000000000167,0.0016148939999999917,71.99940000000001,760.2869106000003
31.80099999999993,0.001970466000000004,71.99940000000001,758.2980498000002
31.81100000000015,0.001792679999999991,71.99940000000001,756.3091890000005
31.820999999999913,0.0014371079999999925,71.99940000000001,756.3091890000005
31.83100000000013,0.0016148939999999917,71.00580000000001,758.2980498000002
31.840999999999894,0.0016148939999999917,71.00580000000001,758.2980498000002
31.851000000000113,0.001792679999999991,71.99940000000001,758.2980498000002
31.860999999999876,0.001792679999999991,71.99940000000001,756.3091890000005
31.871000000000095,0.0016148939999999917,70.0122,758.2980498000002
31.880999999999858,0.001792679999999991,71.00580000000001,758.2980498000002
31.891000000000076,0.001792679999999991,71.99940000000001,760.2869106000003
31.90099999999984,0.001792679999999991,71.00580000000001,758.2980498000002
31.911000000000058,0.0012593219999999933,70.0122,754.3203282000004
31.92099999999982,0.0014371079999999925,71.99940000000001,760.2869106000003
31.93100000000004,0.0016148939999999917,71.00580000000001,758.2980498000002
31.940999999999804,0.0016148939999999917,71.00580000000001,758.2980498000002
31.951000000000022,0.001970466000000004,71.00580000000001,754.3203282000004
31.96100000000024,0.001792679999999991,71.00580000000001,758.2980498000002
31.971000000000004,0.0016148939999999917,71.00580000000001,758.2980498000002
31.981000000000222,0.001792679999999991,71.99940000000001,756.3091890000005
31.990999999999985,0.0016148939999999917,71.99940000000001,758.2980498000002
32.001000000000204,0.001970466000000004,71.00580000000001,752.3314674000007
32.01099999999997,0.0016148939999999917,70.0122,758.2980498000002
32.021000000000186,0.001792679999999991,71.00580000000001,758.2980498000002
32.03099999999995,0.001792679999999991,71.00580000000001,758.2980498000002
32.041999999999916,0.001970466000000004,71.99940000000001,754.3203282000004
32.05099999999993,0.001970466000000004,70.0122,756.3091890000005
32.06100000000015,0.001792679999999991,71.99940000000001,758.2980498000002
32.07099999999991,0.001792679999999991,71.00580000000001,758.2980498000002
32.08100000000013,0.001970466000000004,71.00580000000001,756.3091890000005
32.0920000000001,0.0016148939999999917,71.99940000000001,754.3203282000004
32.10100000000011,0.0016148939999999917,71.00580000000001,760.2869106000003
32.110999999999876,0.001792679999999991,71.00580000000001,756.3091890000005
32.121000000000095,0.0021482519999999894,70.0122,756.3091890000005
32.13200000000006,0.001792679999999991,71.00580000000001,756.3091890000005
32.141000000000076,0.001792679999999991,70.0122,758.2980498000002
32.15099999999984,0.001970466000000004,69.0186,754.3203282000004
32.16199999999981,0.001792679999999991,71.00580000000001,756.3091890000005
32.172000000000025,0.001792679999999991,71.00580000000001,758.2980498000002
32.18199999999979,0.0014371079999999925,70.0122,754.3203282000004
32.19200000000001,0.001792679999999991,70.0122,758.2980498000002
32.202000000000226,0.001792679999999991,70.0122,758.2980498000002
32.21199999999999,0.001970466000000004,70.0122,754.3203282000004
32.22200000000021,0.001792679999999991,71.00580000000001,754.3203282000004
32.23199999999997,0.0016148939999999917,70.0122,756.3091890000005
32.24200000000019,0.001970466000000004,71.00580000000001,758.2980498000002
32.25199999999995,0.001792679999999991,71.00580000000001,756.3091890000005
32.26200000000017,0.001792679999999991,71.00580000000001,756.3091890000005
32.271999999999935,0.0016148939999999917,71.99940000000001,756.3091890000005
32.28200000000015,0.001970466000000004,70.0122,758.2980498000002
32.291999999999916,0.001792679999999991,71.00580000000001,758.2980498000002
32.302000000000135,0.001970466000000004,70.0122,758.2980498000002
32.3119999999999,0.001970466000000004,70.0122,754.3203282000004
32.322000000000116,0.0016148939999999917,69.0186,758.2980498000002
32.33199999999988,0.001970466000000004,69.0186,756.3091890000005
32.3420000000001,0.0016148939999999917,70.0122,758.2980498000002
32.35199999999986,0.001792679999999991,69.0186,758.2980498000002
32.36200000000008,0.001792679999999991,71.00580000000001,756.3091890000005
32.371999999999844,0.001792679999999991,70.0122,758.2980498000002
32.4079999999999,0.001792679999999991,70.0122,754.3203282000004
32.41800000000012,0.001792679999999991,70.0122,756.3091890000005
32.427999999999884,0.0014371079999999925,69.0186,758.2980498000002
32.4369999999999,0.001792679999999991,71.00580000000001,758.2980498000002
32.447000000000116,0.001792679999999991,69.0186,756.3091890000005
32.45699999999988,0.001970466000000004,70.0122,756.3091890000005
32.465999999999894,0.0014371079999999925,70.0122,758.2980498000002
32.47600000000011,0.001792679999999991,70.0122,756.3091890000005
32.48500000000013,0.001792679999999991,70.0122,758.2980498000002
32.49499999999989,0.001792679999999991,71.99940000000001,752.3314674000007
32.50500000000011,0.0016148939999999917,71.00580000000001,756.3091890000005
32.514000000000124,0.0016148939999999917,71.00580000000001,756.3091890000005
32.52399999999989,0.0016148939999999917,71.00580000000001,758.2980498000002
32.534000000000106,0.001792679999999991,70.0122,758.2980498000002
32.54300000000012,0.001792679999999991,69.0186,754.3203282000004
32.552999999999884,0.001792679999999991,70.0122,758.2980498000002
32.572000000000116,0.001792679999999991,69.0186,756.3091890000005
32.58199999999988,0.0014371079999999925,69.0186,756.3091890000005
32.5920000000001,0.001792679999999991,70.0122,758.2980498000002
32.60199999999986,0.0021482519999999894,70.0122,756.3091890000005
32.61200000000008,0.001792679999999991,69.0186,758.2980498000002
32.621999999999844,0.0021482519999999894,71.00580000000001,758.2980498000002
32.63200000000006,0.001970466000000004,69.0186,752.3314674000007
32.641999999999825,0.001792679999999991,70.0122,758.2980498000002
32.652000000000044,0.001970466000000004,70.0122,754.3203282000004
32.66199999999981,0.001792679999999991,70.0122,758.2980498000002
32.67300000000023,0.001792679999999991,69.0186,754.3203282000004
32.68199999999979,0.001970466000000004,69.0186,756.3091890000005
32.69200000000001,0.0016148939999999917,70.0122,758.2980498000002
32.702000000000226,0.001970466000000004,70.0122,756.3091890000005
32.71199999999999,0.0016148939999999917,70.0122,758.2980498000002
32.722999999999956,0.001792679999999991,69.0186,754.3203282000004
32.73199999999997,0.001792679999999991,69.0186,756.3091890000005
32.74200000000019,0.0014371079999999925,70.0122,760.2869106000003
32.75199999999995,0.001970466000000004,70.0122,758.2980498000002
32.76299999999992,0.0016148939999999917,70.0122,756.3091890000005
32.771999999999935,0.001792679999999991,69.0186,756.3091890000005
32.78200000000015,0.001970466000000004,70.0122,756.3091890000005
32.79300000000012,0.0014371079999999925,70.0122,758.2980498000002
32.802999999999884,0.001792679999999991,69.0186,758.2980498000002
32.8130000000001,0.001970466000000004,67.0314,754.3203282000004
32.822999999999865,0.001792679999999991,68.025,758.2980498000002
32.833000000000084,0.001792679999999991,68.025,756.3091890000005
32.84299999999985,0.001792679999999991,70.0122,758.2980498000002
32.853000000000065,0.001792679999999991,70.0122,754.3203282000004
32.86299999999983,0.001792679999999991,69.0186,758.2980498000002
32.87300000000005,0.0016148939999999917,70.0122,758.2980498000002
32.88299999999981,0.0014371079999999925,69.0186,758.2980498000002
32.89300000000003,0.001792679999999991,70.0122,756.3091890000005
32.90299999999979,0.0016148939999999917,68.025,754.3203282000004
32.91300000000001,0.0016148939999999917,70.0122,760.2869106000003
32.92300000000023,0.001792679999999991,69.0186,756.3091890000005
32.93299999999999,0.001792679999999991,69.0186,758.2980498000002
32.94300000000021,0.0014371079999999925,69.0186,754.3203282000004
32.952999999999975,0.001792679999999991,69.0186,758.2980498000002
32.96300000000019,0.001792679999999991,70.0122,758.2980498000002
32.972999999999956,0.001792679999999991,69.0186,758.2980498000002
32.983000000000175,0.001970466000000004,70.0122,756.3091890000005
32.99299999999994,0.001792679999999991,67.0314,754.3203282000004
33.003000000000156,0.001792679999999991,69.0186,756.3091890000005
33.01299999999992,0.001792679999999991,68.025,756.3091890000005
33.02300000000014,0.0016148939999999917,71.00580000000001,758.2980498000002
33.0329999999999,0.001792679999999991,69.0186,756.3091890000005
33.04300000000012,0.0016148939999999917,68.025,760.2869106000003
33.052999999999884,0.001792679999999991,68.025,754.3203282000004
33.0630000000001,0.001792679999999991,69.0186,758.2980498000002
33.072999999999865,0.0016148939999999917,70.0122,760.2869106000003
33.083000000000084,0.001970466000000004,69.0186,752.3314674000007
33.09299999999985,0.001792679999999991,68.025,758.2980498000002
33.103000000000065,0.001970466000000004,70.0122,756.3091890000005
33.11299999999983,0.001970466000000004,67.0314,756.3091890000005
33.12300000000005,0.0016148939999999917,69.0186,756.3091890000005
33.13299999999981,0.001792679999999991,70.0122,756.3091890000005
33.14300000000003,0.0016148939999999917,69.0186,758.2980498000002
33.15299999999979,0.001792679999999991,69.0186,756.3091890000005
33.16300000000001,0.001970466000000004,69.0186,756.3091890000005
33.17300000000023,0.001792679999999991,69.0186,754.3203282000004
33.18299999999999,0.0016148939999999917,68.025,756.3091890000005
33.19300000000021,0.001792679999999991,69.0186,756.3091890000005
33.202999999999975,0.0016148939999999917,68.025,758.2980498000002
33.21300000000019,0.0014371079999999925,68.025,756.3091890000005
33.222999999999956,0.001792679999999991,69.0186,756.3091890000005
33.233000000000175,0.0016148939999999917,68.025,756.3091890000005
33.24299999999994,0.001792679999999991,69.0186,756.3091890000005
33.253000000000156,0.001792679999999991,69.0186,758.2980498000002
33.26299999999992,0.0016148939999999917,70.0122,754.3203282000004
33.27300000000014,0.001792679999999991,69.0186,758.2980498000002
33.2829999999999,0.001792679999999991,68.025,756.3091890000005
33.29300000000012,0.0016148939999999917,68.025,758.2980498000002
33.30400000000009,0.001970466000000004,70.0122,756.3091890000005
33.3130000000001,0.0016148939999999917,68.025,756.3091890000005
33.322999999999865,0.001792679999999991,71.00580000000001,758.2980498000002
33.333000000000084,0.001970466000000004,70.0122,758.2980498000002
33.34299999999985,0.001792679999999991,69.0186,760.2869106000003
33.353999999999814,0.001792679999999991,68.025,754.3203282000004
33.36299999999983,0.001792679999999991,70.0122,760.2869106000003
33.37300000000005,0.0016148939999999917,69.0186,758.2980498000002
33.38299999999981,0.0016148939999999917,69.0186,758.2980498000002
33.39400000000023,0.001970466000000004,70.0122,756.3091890000005
33.40299999999979,0.0016148939999999917,69.0186,760.2869106000003
33.414000000000215,0.001792679999999991,69.0186,758.2980498000002
33.42399999999998,0.001970466000000004,68.025,756.3091890000005
33.4340000000002,0.0016148939999999917,69.0186,756.3091890000005
33.44399999999996,0.001792679999999991,69.0186,758.2980498000002
33.45400000000018,0.001792679999999991,69.0186,758.2980498000002
33.46399999999994,0.001792679999999991,69.0186,758.2980498000002
33.47400000000016,0.001970466000000004,69.0186,758.2980498000002
33.483999999999924,0.001970466000000004,68.025,754.3203282000004
33.49400000000014,0.001792679999999991,68.025,760.2869106000003
33.503999999999905,0.001792679999999991,68.025,758.2980498000002
33.514000000000124,0.0014371079999999925,69.0186,758.2980498000002
33.52399999999989,0.001792679999999991,70.0122,758.2980498000002
33.534000000000106,0.0016148939999999917,68.025,758.2980498000002
33.54399999999987,0.001970466000000004,68.025,758.2980498000002
33.55400000000009,0.001792679999999991,69.0186,756.3091890000005
33.56399999999985,0.0016148939999999917,68.025,758.2980498000002
33.57400000000007,0.0016148939999999917,66.0378,754.3203282000004
33.58399999999983,0.0016148939999999917,68.025,758.2980498000002
33.59400000000005,0.001792679999999991,69.0186,756.3091890000005
33.603999999999814,0.001792679999999991,67.0314,756.3091890000005
33.61400000000003,0.001970466000000004,70.0122,756.3091890000005
33.623999999999796,0.001792679999999991,69.0186,754.3203282000004
33.634000000000015,0.001970466000000004,68.025,758.2980498000002
33.64400000000023,0.001792679999999991,69.0186,758.2980498000002
33.653999999999996,0.001970466000000004,68.025,756.3091890000005
33.664000000000215,0.0016148939999999917,66.0378,754.3203282000004
33.67399999999998,0.0016148939999999917,67.0314,758.2980498000002
33.6840000000002,0.001792679999999991,70.0122,758.2980498000002
33.69399999999996,0.001970466000000004,67.0314,756.3091890000005
33.70400000000018,0.0012593219999999933,69.0186,758.2980498000002
33.71399999999994,0.001792679999999991,66.0378,758.2980498000002
33.72400000000016,0.001792679999999991,68.025,756.3091890000005
33.733999999999924,0.001792679999999991,67.0314,756.3091890000005
33.74400000000014,0.001792679999999991,69.0186,756.3091890000005
33.753999999999905,0.001970466000000004,67.0314,752.3314674000007
33.764000000000124,0.001792679999999991,68.025,758.2980498000002
33.77399999999989,0.001970466000000004,69.0186,758.2980498000002
33.784000000000106,0.001792679999999991,68.025,758.2980498000002
33.79399999999987,0.001792679999999991,69.0186,756.3091890000005
33.80400000000009,0.001792679999999991,68.025,760.2869106000003
33.81399999999985,0.001792679999999991,68.025,758.2980498000002
33.82400000000007,0.0016148939999999917,67.0314,758.2980498000002
33.83399999999983,0.0016148939999999917,68.025,758.2980498000002
33.84400000000005,0.0021482519999999894,69.0186,752.3314674000007
33.853999999999814,0.001792679999999991,67.0314,758.2980498000002
33.86400000000003,0.001970466000000004,68.025,756.3091890000005
33.873999999999796,0.001792679999999991,68.025,758.2980498000002
33.884000000000015,0.001970466000000004,68.025,756.3091890000005
33.89400000000023,0.001970466000000004,67.0314,756.3091890000005
33.903999999999996,0.0016148939999999917,67.0314,758.2980498000002
33.914000000000215,0.001792679999999991,68.025,758.2980498000002
33.92399999999998,0.001970466000000004,68.025,756.3091890000005
33.934999999999945,0.001970466000000004,68.025,754.3203282000004
33.94399999999996,0.001970466000000004,68.025,756.3091890000005
33.95400000000018,0.001792679999999991,70.0122,758.2980498000002
33.96399999999994,0.001970466000000004,68.025,756.3091890000005
33.97499999999991,0.0016148939999999917,66.0378,756.3091890000005
33.983999999999924,0.001792679999999991,69.0186,758.2980498000002
33.99400000000014,0.001792679999999991,69.0186,758.2980498000002
34.02799999999979,0.0016148939999999917,68.025,758.2980498000002
34.072999999999865,0.001792679999999991,69.0186,756.3091890000005
34.083000000000084,0.0021482519999999894,74.98020000000001,758.2980498000002
34.09299999999985,0.0023260380000000025,77.961,756.3091890000005
34.11900000000014,0.001970466000000004,78.9546,756.3091890000005
34.128000000000156,0.0021482519999999894,78.9546,756.3091890000005
34.13799999999992,0.001970466000000004,81.9354,758.2980498000002
34.146999999999935,0.001970466000000004,80.9418,758.2980498000002
34.15700000000015,0.0021482519999999894,80.9418,754.3203282000004
34.166999999999916,0.001970466000000004,80.9418,758.2980498000002
34.177000000000135,0.0021482519999999894,79.9482,756.3091890000005
34.18600000000015,0.001970466000000004,80.9418,758.2980498000002
34.19599999999991,0.001970466000000004,79.9482,756.3091890000005
34.215000000000146,0.0021482519999999894,80.9418,758.2980498000002
34.22499999999991,0.0021482519999999894,80.9418,758.2980498000002
34.23500000000013,0.0023260380000000025,80.9418,758.2980498000002
34.24499999999989,0.0021482519999999894,77.961,754.3203282000004
34.25500000000011,0.0021482519999999894,80.9418,756.3091890000005
34.26499999999987,0.002503823999999988,80.9418,756.3091890000005
34.27500000000009,0.0021482519999999894,78.9546,758.2980498000002
34.284999999999854,0.0023260380000000025,79.9482,758.2980498000002
34.29500000000007,0.0023260380000000025,80.9418,756.3091890000005
34.304999999999836,0.0021482519999999894,80.9418,756.3091890000005
34.315000000000055,0.001970466000000004,80.9418,758.2980498000002
34.32499999999982,0.0021482519999999894,79.9482,754.3203282000004
34.335000000000036,0.0023260380000000025,79.9482,754.3203282000004
34.3449999999998,0.0021482519999999894,79.9482,760.2869106000003
34.35500000000002,0.001792679999999991,80.9418,758.2980498000002
34.36500000000024,0.0021482519999999894,79.9482,758.2980498000002
34.375,0.001792679999999991,79.9482,760.2869106000003
34.38500000000022,0.0021482519999999894,80.9418,754.3203282000004
34.39499999999998,0.0021482519999999894,80.9418,756.3091890000005
34.4050000000002,0.0021482519999999894,78.9546,756.3091890000005
34.414999999999964,0.001970466000000004,79.9482,760.2869106000003
34.42500000000018,0.001970466000000004,79.9482,756.3091890000005
34.434999999999945,0.0021482519999999894,78.9546,756.3091890000005
34.445000000000164,0.002503823999999988,80.9418,756.3091890000005
34.45499999999993,0.001970466000000004,80.9418,758.2980498000002
34.465000000000146,0.0021482519999999894,79.9482,756.3091890000005
34.47499999999991,0.001970466000000004,80.9418,754.3203282000004
34.48500000000013,0.001970466000000004,78.9546,758.2980498000002
34.49499999999989,0.001970466000000004,78.9546,758.2980498000002
34.50500000000011,0.0021482519999999894,78.9546,758.2980498000002
34.51499999999987,0.0023260380000000025,79.9482,754.3203282000004
34.52500000000009,0.0023260380000000025,78.9546,756.3091890000005
34.534999999999854,0.0021482519999999894,79.9482,758.2980498000002
34.54500000000007,0.0021482519999999894,78.9546,758.2980498000002
34.554999999999836,0.0023260380000000025,79.9482,758.2980498000002
34.5659999999998,0.0021482519999999894,78.9546,756.3091890000005
34.57499999999982,0.001970466000000004,79.9482,758.2980498000002
34.61400000000003,0.001970466000000004,77.961,758.2980498000002
34.623999999999796,0.0021482519999999894,78.9546,756.3091890000005
34.63299999999981,0.001970466000000004,79.9482,760.2869106000003
34.64300000000003,0.0023260380000000025,78.9546,756.3091890000005
34.65299999999979,0.0021482519999999894,78.9546,756.3091890000005
34.66199999999981,0.001970466000000004,78.9546,758.2980498000002
34.672000000000025,0.001970466000000004,77.961,756.3091890000005
34.68199999999979,0.001792679999999991,79.9482,760.2869106000003
34.6909999999998,0.0021482519999999894,77.961,758.2980498000002
34.70100000000002,0.002503823999999988,78.9546,752.3314674000007
34.71100000000024,0.001970466000000004,79.9482,758.2980498000002
34.7199999999998,0.0021482519999999894,78.9546,754.3203282000004
34.73000000000002,0.0021482519999999894,79.9482,758.2980498000002
34.73900000000003,0.0021482519999999894,78.9546,754.3203282000004
34.748999999999796,0.0021482519999999894,79.9482,756.3091890000005
34.759000000000015,0.0021482519999999894,78.9546,758.2980498000002
34.76800000000003,0.001970466000000004,78.9546,758.2980498000002
34.77799999999979,0.001970466000000004,78.9546,756.3091890000005
34.78800000000001,0.001792679999999991,77.961,756.3091890000005
34.797000000000025,0.001970466000000004,78.9546,758.2980498000002
34.80699999999979,0.0021482519999999894,78.9546,758.2980498000002
34.81700000000001,0.0021482519999999894,77.961,756.3091890000005
34.83600000000024,0.001970466000000004,75.97380000000001,754.3203282000004
34.846000000000004,0.001792679999999991,79.9482,760.2869106000003
34.85600000000022,0.0023260380000000025,77.961,758.2980498000002
34.865999999999985,0.0023260380000000025,79.9482,756.3091890000005
34.876000000000204,0.001970466000000004,78.9546,754.3203282000004
34.88599999999997,0.001970466000000004,79.9482,758.2980498000002
34.896000000000186,0.0021482519999999894,78.9546,758.2980498000002
34.90599999999995,0.0021482519999999894,77.961,756.3091890000005
34.91600000000017,0.0023260380000000025,78.9546,758.2980498000002
34.92599999999993,0.0023260380000000025,77.961,752.3314674000007
34.93600000000015,0.0023260380000000025,78.9546,758.2980498000002
34.94599999999991,0.0021482519999999894,77.961,756.3091890000005
34.95600000000013,0.0023260380000000025,77.961,756.3091890000005
34.965999999999894,0.0021482519999999894,78.9546,756.3091890000005
34.97600000000011,0.0023260380000000025,77.961,758.2980498000002
34.985999999999876,0.001970466000000004,77.961,758.2980498000002
34.996000000000095,0.0021482519999999894,78.9546,758.2980498000002
35.00599999999986,0.0021482519999999894,77.961,758.2980498000002
35.016000000000076,0.0021482519999999894,76.96740000000001,752.3314674000007
35.02599999999984,0.001970466000000004,75.97380000000001,756.3091890000005
35.03600000000006,0.0021482519999999894,76.96740000000001,756.3091890000005
35.04599999999982,0.001970466000000004,77.961,758.2980498000002
35.05600000000004,0.0023260380000000025,75.97380000000001,752.3314674000007
35.0659999999998,0.001970466000000004,77.961,758.2980498000002
35.07600000000002,0.0021482519999999894,76.96740000000001,756.3091890000005
35.08600000000024,0.002503823999999988,76.96740000000001,756.3091890000005
35.096000000000004,0.0021482519999999894,74.98020000000001,754.3203282000004
35.10600000000022,0.001970466000000004,76.96740000000001,752.3314674000007
35.115999999999985,0.0021482519999999894,75.97380000000001,756.3091890000005
35.126000000000204,0.0021482519999999894,76.96740000000001,758.2980498000002
35.13599999999997,0.0021482519999999894,77.961,758.2980498000002
35.146000000000186,0.0023260380000000025,75.97380000000001,754.3203282000004
35.15599999999995,0.0021482519999999894,76.96740000000001,756.3091890000005
35.16600000000017,0.0021482519999999894,77.961,756.3091890000005
35.17599999999993,0.002503823999999988,76.96740000000001,754.3203282000004
35.18600000000015,0.0023260380000000025,77.961,756.3091890000005
35.197000000000116,0.0021482519999999894,75.97380000000001,754.3203282000004
35.20600000000013,0.002503823999999988,78.9546,758.2980498000002
35.215999999999894,0.0023260380000000025,76.96740000000001,756.3091890000005
35.22600000000011,0.0021482519999999894,75.97380000000001,758.2980498000002
35.23700000000008,0.0021482519999999894,77.961,754.3203282000004
35.246000000000095,0.0023260380000000025,76.96740000000001,758.2980498000002
35.25599999999986,0.001970466000000004,77.961,758.2980498000002
35.266000000000076,0.0021482519999999894,75.97380000000001,758.2980498000002
35.27599999999984,0.0021482519999999894,75.97380000000001,758.2980498000002
35.28699999999981,0.0023260380000000025,75.97380000000001,754.3203282000004
35.297000000000025,0.001970466000000004,76.96740000000001,758.2980498000002
35.30699999999979,0.0021482519999999894,77.961,756.3091890000005
35.31700000000001,0.001792679999999991,75.97380000000001,760.2869106000003
35.327000000000226,0.0021482519999999894,77.961,756.3091890000005
35.33699999999999,0.0023260380000000025,76.96740000000001,756.3091890000005
35.34700000000021,0.001970466000000004,76.96740000000001,756.3091890000005
35.35699999999997,0.0021482519999999894,76.96740000000001,758.2980498000002
35.36700000000019,0.0023260380000000025,76.96740000000001,758.2980498000002
35.37699999999995,0.001792679999999991,77.961,758.2980498000002
35.38700000000017,0.0021482519999999894,76.96740000000001,756.3091890000005
35.396999999999935,0.0021482519999999894,76.96740000000001,756.3091890000005
35.40700000000015,0.0021482519999999894,76.96740000000001,756.3091890000005
35.416999999999916,0.0023260380000000025,76.96740000000001,752.3314674000007
35.427000000000135,0.0021482519999999894,75.97380000000001,760.2869106000003
35.4369999999999,0.001970466000000004,76.96740000000001,758.2980498000002
35.447000000000116,0.001970466000000004,74.98020000000001,756.3091890000005
35.45699999999988,0.0023260380000000025,77.961,756.3091890000005
35.4670000000001,0.002503823999999988,77.961,754.3203282000004
35.47699999999986,0.001970466000000004,75.97380000000001,758.2980498000002
35.48700000000008,0.0021482519999999894,75.97380000000001,756.3091890000005
35.496999999999844,0.001970466000000004,76.96740000000001,758.2980498000002
35.50700000000006,0.001970466000000004,75.97380000000001,756.3091890000005
35.516999999999825,0.0021482519999999894,75.97380000000001,758.2980498000002
35.527000000000044,0.0023260380000000025,74.98020000000001,756.3091890000005
35.53699999999981,0.0021482519999999894,76.96740000000001,758.2980498000002
35.547000000000025,0.001792679999999991,74.98020000000001,758.2980498000002
35.55699999999979,0.001970466000000004,75.97380000000001,754.3203282000004
35.56700000000001,0.0023260380000000025,76.96740000000001,758.2980498000002
35.577000000000226,0.0021482519999999894,76.96740000000001,756.3091890000005
35.58699999999999,0.0021482519999999894,76.96740000000001,758.2980498000002
35.59700000000021,0.0021482519999999894,77.961,756.3091890000005
35.60699999999997,0.001970466000000004,76.96740000000001,760.2869106000003
35.61700000000019,0.0021482519999999894,76.96740000000001,756.3091890000005
35.62699999999995,0.0021482519999999894,75.97380000000001,758.2980498000002
35.63700000000017,0.0021482519999999894,75.97380000000001,758.2980498000002
35.646999999999935,0.0021482519999999894,73.98660000000001,754.3203282000004
35.65700000000015,0.0023260380000000025,75.97380000000001,756.3091890000005
35.666999999999916,0.0021482519999999894,74.98020000000001,756.3091890000005
35.677000000000135,0.001970466000000004,74.98020000000001,760.2869106000003
35.6869999999999,0.0021482519999999894,75.97380000000001,758.2980498000002
35.697000000000116,0.0021482519999999894,74.98020000000001,758.2980498000002
35.70699999999988,0.0021482519999999894,76.96740000000001,756.3091890000005
35.73900000000003,0.0021482519999999894,74.98020000000001,754.3203282000004
35.748999999999796,0.0021482519999999894,75.97380000000001,756.3091890000005
35.75799999999981,0.0021482519999999894,75.97380000000001,756.3091890000005
35.76800000000003,0.001792679999999991,75.97380000000001,758.2980498000002
35.78699999999981,0.0021482519999999894,74.98020000000001,758.2980498000002
35.797000000000025,0.0021482519999999894,74.98020000000001,758.2980498000002
35.80699999999979,0.0021482519999999894,75.97380000000001,758.2980498000002
35.81700000000001,0.0023260380000000025,76.96740000000001,756.3091890000005
35.827999999999975,0.0023260380000000025,73.98660000000001,754.3203282000004
35.83699999999999,0.001792679999999991,75.97380000000001,760.2869106000003
35.84700000000021,0.001970466000000004,75.97380000000001,758.2980498000002
35.85699999999997,0.0021482519999999894,74.98020000000001,758.2980498000002
35.86799999999994,0.0023260380000000025,75.97380000000001,754.3203282000004
35.87699999999995,0.0023260380000000025,74.98020000000001,758.2980498000002
35.88700000000017,0.0021482519999999894,75.97380000000001,758.2980498000002
35.896999999999935,0.0021482519999999894,73.98660000000001,756.3091890000005
35.90700000000015,0.0023260380000000025,75.97380000000001,758.2980498000002
35.91800000000012,0.001792679999999991,73.98660000000001,754.3203282000004
35.927999999999884,0.0021482519999999894,74.98020000000001,760.2869106000003
35.9380000000001,0.0021482519999999894,74.98020000000001,756.3091890000005
35.947999999999865,0.0023260380000000025,75.97380000000001,756.3091890000005
35.958000000000084,0.0021482519999999894,75.97380000000001,756.3091890000005
35.96799999999985,0.001970466000000004,75.97380000000001,760.2869106000003
35.978000000000065,0.001970466000000004,75.97380000000001,760.2869106000003
35.98799999999983,0.001970466000000004,74.98020000000001,756.3091890000005
35.99800000000005,0.001970466000000004,75.97380000000001,760.2869106000003
36.00799999999981,0.001970466000000004,75.97380000000001,756.3091890000005
36.01800000000003,0.001792679999999991,73.98660000000001,758.2980498000002
36.02799999999979,0.0021482519999999894,75.97380000000001,758.2980498000002
36.03800000000001,0.001970466000000004,73.98660000000001,760.2869106000003
36.04800000000023,0.0023260380000000025,73.98660000000001,754.3203282000004
36.05799999999999,0.0021482519999999894,75.97380000000001,758.2980498000002
36.06800000000021,0.0021482519999999894,73.98660000000001,756.3091890000005
36.077999999999975,0.0023260380000000025,74.98020000000001,756.3091890000005
36.08800000000019,0.0023260380000000025,74.98020000000001,756.3091890000005
36.097999999999956,0.001792679999999991,74.98020000000001,756.3091890000005
36.108000000000175,0.0021482519999999894,74.98020000000001,758.2980498000002
36.11799999999994,0.0021482519999999894,73.98660000000001,758.2980498000002
36.128000000000156,0.0023260380000000025,74.98020000000001,758.2980498000002
36.13799999999992,0.001970466000000004,73.98660000000001,756.3091890000005
36.14800000000014,0.0021482519999999894,72.99300000000001,758.2980498000002
36.1579999999999,0.001970466000000004,74.98020000000001,756.3091890000005
36.16800000000012,0.0021482519999999894,75.97380000000001,758.2980498000002
36.18899999999985,0.0021482519999999894,73.98660000000001,752.3314674000007
36.19900000000007,0.001792679999999991,73.98660000000001,758.2980498000002
36.21799999999985,0.0021482519999999894,74.98020000000001,758.2980498000002
36.228000000000065,0.0023260380000000025,74.98020000000001,756.3091890000005
36.23799999999983,0.0021482519999999894,74.98020000000001,758.2980498000002
36.24800000000005,0.0021482519999999894,73.98660000000001,758.2980498000002
36.25799999999981,0.0023260380000000025,73.98660000000001,758.2980498000002
36.26800000000003,0.001792679999999991,74.98020000000001,760.2869106000003
36.27799999999979,0.001970466000000004,74.98020000000001,758.2980498000002
36.28800000000001,0.001970466000000004,73.98660000000001,758.2980498000002
36.29800000000023,0.001970466000000004,74.98020000000001,758.2980498000002
36.30799999999999,0.001970466000000004,73.98660000000001,758.2980498000002
36.31800000000021,0.0023260380000000025,72.99300000000001,752.3314674000007
36.327999999999975,0.0021482519999999894,73.98660000000001,756.3091890000005
36.33800000000019,0.0023260380000000025,73.98660000000001,756.3091890000005
36.347999999999956,0.0021482519999999894,74.98020000000001,758.2980498000002
36.358000000000175,0.001970466000000004,73.98660000000001,760.2869106000003
36.36799999999994,0.0021482519999999894,74.98020000000001,754.3203282000004
36.378000000000156,0.0021482519999999894,74.98020000000001,758.2980498000002
36.38799999999992,0.001970466000000004,73.98660000000001,758.2980498000002
36.39800000000014,0.001970466000000004,75.97380000000001,756.3091890000005
36.409000000000106,0.0021482519999999894,73.98660000000001,754.3203282000004
36.41800000000012,0.0021482519999999894,74.98020000000001,758.2980498000002
36.427999999999884,0.0021482519999999894,73.98660000000001,756.3091890000005
36.4380000000001,0.0023260380000000025,72.99300000000001,756.3091890000005
36.447999999999865,0.0023260380000000025,73.98660000000001,756.3091890000005
36.45899999999983,0.0021482519999999894,74.98020000000001,754.3203282000004
36.46799999999985,0.0021482519999999894,72.99300000000001,758.2980498000002
36.478000000000065,0.0021482519999999894,73.98660000000001,758.2980498000002
36.48799999999983,0.001970466000000004,72.99300000000001,758.2980498000002
36.498999999999796,0.0021482519999999894,73.98660000000001,754.3203282000004
36.50799999999981,0.0021482519999999894,72.99300000000001,758.2980498000002
36.51800000000003,0.0023260380000000025,74.98020000000001,758.2980498000002
36.54899999999998,0.0023260380000000025,73.98660000000001,758.2980498000002
36.59400000000005,0.0021482519999999894,73.98660000000001,756.3091890000005
36.603000000000065,0.0021482519999999894,72.99300000000001,756.3091890000005
36.61299999999983,0.0021482519999999894,73.98660000000001,756.3091890000005
36.62300000000005,0.0021482519999999894,72.99300000000001,758.2980498000002
36.63200000000006,0.0021482519999999894,72.99300000000001,754.3203282000004
36.641999999999825,0.0023260380000000025,74.98020000000001,756.3091890000005
36.652000000000044,0.0023260380000000025,74.98020000000001,756.3091890000005
36.66100000000006,0.0023260380000000025,74.98020000000001,758.2980498000002
36.67099999999982,0.001970466000000004,72.99300000000001,758.2980498000002
36.68100000000004,0.002503823999999988,72.99300000000001,752.3314674000007
36.690000000000055,0.001970466000000004,72.99300000000001,758.2980498000002
36.69999999999982,0.0021482519999999894,74.98020000000001,756.3091890000005
36.71900000000005,0.002503823999999988,72.99300000000001,756.3091890000005
36.728999999999814,0.0021482519999999894,72.99300000000001,758.2980498000002
36.73900000000003,0.001970466000000004,72.99300000000001,758.2980498000002
36.748999999999796,0.0023260380000000025,72.99300000000001,756.3091890000005
36.759000000000015,0.0023260380000000025,74.98020000000001,760.2869106000003
36.76900000000023,0.001970466000000004,71.99940000000001,758.2980498000002
36.778999999999996,0.002503823999999988,73.98660000000001,756.3091890000005
36.789000000000215,0.0021482519999999894,73.98660000000001,756.3091890000005
36.79899999999998,0.0021482519999999894,72.99300000000001,758.2980498000002
36.8090000000002,0.0023260380000000025,72.99300000000001,756.3091890000005
36.81899999999996,0.001970466000000004,71.00580000000001,756.3091890000005
36.82900000000018,0.0021482519999999894,72.99300000000001,758.2980498000002
36.83899999999994,0.001970466000000004,73.98660000000001,758.2980498000002
36.84900000000016,0.001970466000000004,71.99940000000001,758.2980498000002
36.858999999999924,0.0021482519999999894,74.98020000000001,758.2980498000002
36.86900000000014,0.001792679999999991,72.99300000000001,758.2980498000002
36.878999999999905,0.0021482519999999894,72.99300000000001,758.2980498000002
36.889000000000124,0.002503823999999988,72.99300000000001,756.3091890000005
36.89899999999989,0.0021482519999999894,72.99300000000001,758.2980498000002
36.909000000000106,0.0021482519999999894,71.99940000000001,756.3091890000005
36.91899999999987,0.001792679999999991,72.99300000000001,758.2980498000002
36.92900000000009,0.0021482519999999894,73.98660000000001,756.3091890000005
36.93899999999985,0.0021482519999999894,72.99300000000001,758.2980498000002
36.94900000000007,0.0021482519999999894,71.99940000000001,754.3203282000004
36.95899999999983,0.001970466000000004,71.99940000000001,756.3091890000005
36.96900000000005,0.0021482519999999894,72.99300000000001,756.3091890000005
36.978999999999814,0.0021482519999999894,71.99940000000001,758.2980498000002
36.98900000000003,0.0021482519999999894,71.99940000000001,758.2980498000002
36.998999999999796,0.001970466000000004,71.99940000000001,754.3203282000004
37.009000000000015,0.0021482519999999894,71.99940000000001,756.3091890000005
37.01900000000023,0.0021482519999999894,71.99940000000001,756.3091890000005
37.028999999999996,0.0021482519999999894,72.99300000000001,758.2980498000002
37.039999999999964,0.0021482519999999894,73.98660000000001,754.3203282000004
37.04899999999998,0.001792679999999991,72.99300000000001,758.2980498000002
37.0590000000002,0.0023260380000000025,71.99940000000001,754.3203282000004
37.06899999999996,0.001970466000000004,71.99940000000001,758.2980498000002
37.07900000000018,0.0021482519999999894,71.99940000000001,760.2869106000003
37.08899999999994,0.001970466000000004,72.99300000000001,756.3091890000005
37.09900000000016,0.001970466000000004,72.99300000000001,758.2980498000002
37.108999999999924,0.001970466000000004,71.00580000000001,756.3091890000005
37.11900000000014,0.001792679999999991,72.99300000000001,758.2980498000002
37.13000000000011,0.0023260380000000025,72.99300000000001,756.3091890000005
37.139000000000124,0.001970466000000004,73.98660000000001,758.2980498000002
37.14899999999989,0.0021482519999999894,71.99940000000001,756.3091890000005
37.159000000000106,0.0023260380000000025,72.99300000000001,756.3091890000005
37.17000000000007,0.0021482519999999894,74.98020000000001,758.2980498000002
37.179999999999836,0.001970466000000004,73.98660000000001,756.3091890000005
37.190000000000055,0.0021482519999999894,73.98660000000001,758.2980498000002
37.19999999999982,0.0023260380000000025,73.98660000000001,758.2980498000002
37.210000000000036,0.001970466000000004,71.99940000000001,758.2980498000002
37.2199999999998,0.0023260380000000025,74.98020000000001,754.3203282000004
37.23000000000002,0.0023260380000000025,72.99300000000001,758.2980498000002
37.24000000000024,0.0023260380000000025,72.99300000000001,756.3091890000005
37.25,0.0021482519999999894,72.99300000000001,758.2980498000002
37.26000000000022,0.0023260380000000025,72.99300000000001,756.3091890000005
37.26999999999998,0.0021482519999999894,71.99940000000001,758.2980498000002
37.2800000000002,0.001970466000000004,71.99940000000001,758.2980498000002
37.289999999999964,0.0021482519999999894,71.99940000000001,758.2980498000002
37.30000000000018,0.0023260380000000025,71.99940000000001,756.3091890000005
37.309999999999945,0.0023260380000000025,72.99300000000001,754.3203282000004
37.320000000000164,0.0021482519999999894,71.99940000000001,756.3091890000005
37.32999999999993,0.0023260380000000025,72.99300000000001,758.2980498000002
37.340000000000146,0.001970466000000004,71.00580000000001,758.2980498000002
37.34999999999991,0.0021482519999999894,72.99300000000001,754.3203282000004
37.36000000000013,0.0021482519999999894,71.99940000000001,758.2980498000002
37.36999999999989,0.001970466000000004,71.00580000000001,758.2980498000002
37.38000000000011,0.0021482519999999894,71.99940000000001,756.3091890000005
37.38999999999987,0.0021482519999999894,72.99300000000001,756.3091890000005
37.40000000000009,0.0021482519999999894,70.0122,754.3203282000004
37.409999999999854,0.001970466000000004,72.99300000000001,762.2757713999999
37.42000000000007,0.0023260380000000025,71.99940000000001,756.3091890000005
37.429999999999836,0.001970466000000004,72.99300000000001,758.2980498000002
37.440000000000055,0.0021482519999999894,72.99300000000001,758.2980498000002
37.44999999999982,0.0021482519999999894,73.98660000000001,758.2980498000002
37.460000000000036,0.0021482519999999894,71.99940000000001,756.3091890000005
37.4699999999998,0.0021482519999999894,71.99940000000001,756.3091890000005
37.48000000000002,0.0021482519999999894,71.99940000000001,756.3091890000005
37.49000000000024,0.001792679999999991,71.00580000000001,756.3091890000005
37.5,0.001970466000000004,71.00580000000001,760.2869106000003
37.51000000000022,0.001970466000000004,71.99940000000001,760.2869106000003
37.51999999999998,0.0023260380000000025,72.99300000000001,756.3091890000005
37.5300000000002,0.0023260380000000025,72.99300000000001,754.3203282000004
37.539999999999964,0.001970466000000004,72.99300000000001,760.2869106000003
37.55000000000018,0.0021482519999999894,71.00580000000001,758.2980498000002
37.559999999999945,0.0023260380000000025,71.99940000000001,756.3091890000005
37.570000000000164,0.001970466000000004,71.99940000000001,758.2980498000002
37.57999999999993,0.0021482519999999894,71.00580000000001,754.3203282000004
37.590000000000146,0.001970466000000004,73.98660000000001,760.2869106000003
37.59999999999991,0.002503823999999988,72.99300000000001,756.3091890000005
37.61000000000013,0.0021482519999999894,71.00580000000001,756.3091890000005
37.61999999999989,0.0023260380000000025,71.00580000000001,756.3091890000005
37.63000000000011,0.0021482519999999894,72.99300000000001,758.2980498000002
37.63999999999987,0.001970466000000004,71.99940000000001,760.2869106000003
37.65000000000009,0.0021482519999999894,71.99940000000001,758.2980498000002
37.659999999999854,0.0021482519999999894,72.99300000000001,760.2869106000003
37.67099999999982,0.002503823999999988,72.99300000000001,754.3203282000004
37.679999999999836,0.001970466000000004,71.00580000000001,754.3203282000004
37.690000000000055,0.0021482519999999894,71.00580000000001,756.3091890000005
37.69999999999982,0.0021482519999999894,71.99940000000001,758.2980498000002
37.710000000000036,0.001970466000000004,70.0122,756.3091890000005
37.7199999999998,0.001792679999999991,72.99300000000001,760.2869106000003
37.73000000000002,0.0021482519999999894,71.00580000000001,758.2980498000002
37.74000000000024,0.0021482519999999894,71.00580000000001,758.2980498000002
37.75,0.001970466000000004,71.99940000000001,758.2980498000002
37.76099999999997,0.0021482519999999894,71.00580000000001,752.3314674000007
37.76999999999998,0.001970466000000004,71.00580000000001,758.2980498000002
37.7800000000002,0.0021482519999999894,71.00580000000001,760.2869106000003
37.789999999999964,0.001970466000000004,71.99940000000001,756.3091890000005
37.80099999999993,0.001970466000000004,72.99300000000001,754.3203282000004
37.81100000000015,0.001970466000000004,71.99940000000001,758.2980498000002
37.82099999999991,0.0023260380000000025,71.99940000000001,758.2980498000002
37.83100000000013,0.0023260380000000025,71.00580000000001,756.3091890000005
37.840999999999894,0.0021482519999999894,71.00580000000001,756.3091890000005
37.853999999999814,0.001970466000000004,72.99300000000001,752.3314674000007
37.86400000000003,0.0021482519999999894,72.99300000000001,758.2980498000002
37.873999999999796,0.0021482519999999894,72.99300000000001,758.2980498000002
37.88299999999981,0.0021482519999999894,71.00580000000001,756.3091890000005
37.89300000000003,0.0021482519999999894,72.99300000000001,756.3091890000005
37.90299999999979,0.001970466000000004,72.99300000000001,758.2980498000002
37.91199999999981,0.0023260380000000025,71.99940000000001,756.3091890000005
37.922000000000025,0.0021482519999999894,71.99940000000001,758.2980498000002
37.93100000000004,0.0021482519999999894,71.99940000000001,758.2980498000002
37.95100000000002,0.0021482519999999894,71.99940000000001,758.2980498000002
37.96100000000024,0.0021482519999999894,71.99940000000001,756.3091890000005
37.971000000000004,0.0021482519999999894,71.00580000000001,758.2980498000002
37.98100000000022,0.0021482519999999894,72.99300000000001,756.3091890000005
37.990999999999985,0.001970466000000004,71.00580000000001,758.2980498000002
38.001000000000204,0.0021482519999999894,71.00580000000001,756.3091890000005
38.01099999999997,0.0023260380000000025,71.99940000000001,756.3091890000005
38.021000000000186,0.0021482519999999894,71.99940000000001,756.3091890000005
38.03099999999995,0.0021482519999999894,72.99300000000001,754.3203282000004
38.04100000000017,0.0021482519999999894,71.00580000000001,758.2980498000002
38.05099999999993,0.0021482519999999894,71.00580000000001,756.3091890000005
38.06100000000015,0.0023260380000000025,70.0122,758.2980498000002
38.07099999999991,0.0023260380000000025,71.99940000000001,754.3203282000004
38.08100000000013,0.0021482519999999894,71.00580000000001,754.3203282000004
38.090999999999894,0.0021482519999999894,72.99300000000001,758.2980498000002
38.10100000000011,0.0021482519999999894,70.0122,756.3091890000005
38.110999999999876,0.0023260380000000025,71.00580000000001,756.3091890000005
38.121000000000095,0.001970466000000004,71.99940000000001,754.3203282000004
38.13099999999986,0.001792679999999991,71.99940000000001,760.2869106000003
38.141000000000076,0.001970466000000004,71.00580000000001,756.3091890000005
38.15099999999984,0.0021482519999999894,71.99940000000001,758.2980498000002
38.16100000000006,0.0023260380000000025,70.0122,756.3091890000005
38.17099999999982,0.0023260380000000025,70.0122,756.3091890000005
38.18100000000004,0.0021482519999999894,71.00580000000001,758.2980498000002
38.1909999999998,0.001970466000000004,70.0122,758.2980498000002
38.20100000000002,0.001970466000000004,71.99940000000001,756.3091890000005
38.21100000000024,0.0023260380000000025,71.99940000000001,752.3314674000007
38.221000000000004,0.0021482519999999894,71.00580000000001,756.3091890000005
38.23100000000022,0.001970466000000004,71.99940000000001,758.2980498000002
38.240999999999985,0.0021482519999999894,71.99940000000001,758.2980498000002
38.251000000000204,0.001970466000000004,69.0186,756.3091890000005
38.26099999999997,0.0021482519999999894,71.00580000000001,758.2980498000002
38.271000000000186,0.0021482519999999894,72.99300000000001,758.2980498000002
38.28099999999995,0.001792679999999991,71.00580000000001,758.2980498000002
38.29100000000017,0.0021482519999999894,71.00580000000001,758.2980498000002
38.302000000000135,0.0021482519999999894,70.0122,752.3314674000007
38.31100000000015,0.0021482519999999894,71.99940000000001,758.2980498000002
38.32099999999991,0.001970466000000004,70.0122,756.3091890000005
38.33100000000013,0.0023260380000000025,71.00580000000001,756.3091890000005
38.3420000000001,0.001792679999999991,71.99940000000001,758.2980498000002
38.35100000000011,0.0023260380000000025,71.00580000000001,758.2980498000002
38.360999999999876,0.001970466000000004,71.99940000000001,758.2980498000002
38.371000000000095,0.0021482519999999894,70.0122,758.2980498000002
38.38099999999986,0.0023260380000000025,71.00580000000001,756.3091890000005
38.391999999999825,0.0021482519999999894,71.00580000000001,752.3314674000007
38.40099999999984,0.0023260380000000025,71.99940000000001,756.3091890000005
38.41100000000006,0.0023260380000000025,71.00580000000001,756.3091890000005
38.422000000000025,0.001970466000000004,71.00580000000001,758.2980498000002
38.43199999999979,0.001970466000000004,70.0122,756.3091890000005
38.44200000000001,0.0021482519999999894,72.99300000000001,758.2980498000002
38.452000000000226,0.0021482519999999894,71.00580000000001,758.2980498000002
38.46199999999999,0.0021482519999999894,71.99940000000001,756.3091890000005
38.47200000000021,0.001970466000000004,71.00580000000001,756.3091890000005
38.48199999999997,0.0021482519999999894,69.0186,754.3203282000004
38.49200000000019,0.0021482519999999894,69.0186,758.2980498000002
38.50199999999995,0.001970466000000004,71.99940000000001,758.2980498000002
38.51200000000017,0.001970466000000004,71.00580000000001,758.2980498000002
38.521999999999935,0.0021482519999999894,69.0186,756.3091890000005
38.53200000000015,0.001970466000000004,70.0122,758.2980498000002
38.541999999999916,0.0023260380000000025,70.0122,758.2980498000002
38.552000000000135,0.0021482519999999894,71.99940000000001,758.2980498000002
38.5619999999999,0.0021482519999999894,71.99940000000001,756.3091890000005
38.572000000000116,0.0021482519999999894,71.00580000000001,752.3314674000007
38.58199999999988,0.001970466000000004,70.0122,756.3091890000005
38.5920000000001,0.0021482519999999894,71.00580000000001,756.3091890000005
38.60199999999986,0.0021482519999999894,70.0122,758.2980498000002
38.61200000000008,0.0021482519999999894,71.00580000000001,758.2980498000002
38.621999999999844,0.0021482519999999894,70.0122,758.2980498000002
38.63200000000006,0.001970466000000004,69.0186,756.3091890000005
38.641999999999825,0.0023260380000000025,70.0122,756.3091890000005
38.652000000000044,0.0021482519999999894,71.00580000000001,758.2980498000002
38.66199999999981,0.0023260380000000025,70.0122,754.3203282000004
38.672000000000025,0.0021482519999999894,71.00580000000001,760.2869106000003
38.68199999999979,0.0023260380000000025,71.00580000000001,758.2980498000002
38.69200000000001,0.001970466000000004,71.00580000000001,760.2869106000003
38.702000000000226,0.002503823999999988,71.00580000000001,752.3314674000007
38.71199999999999,0.0021482519999999894,71.00580000000001,758.2980498000002
38.72200000000021,0.001792679999999991,70.0122,758.2980498000002
38.73199999999997,0.0023260380000000025,71.00580000000001,758.2980498000002
38.74200000000019,0.0023260380000000025,70.0122,758.2980498000002
38.75199999999995,0.001970466000000004,71.00580000000001,754.3203282000004
38.76200000000017,0.0021482519999999894,71.00580000000001,758.2980498000002
38.771999999999935,0.001970466000000004,71.99940000000001,760.2869106000003
38.78200000000015,0.0021482519999999894,71.00580000000001,756.3091890000005
38.791999999999916,0.0021482519999999894,69.0186,754.3203282000004
38.802000000000135,0.002503823999999988,71.00580000000001,754.3203282000004
38.8119999999999,0.001970466000000004,70.0122,758.2980498000002
38.822000000000116,0.0023260380000000025,71.99940000000001,756.3091890000005
38.83199999999988,0.001970466000000004,70.0122,758.2980498000002
38.8420000000001,0.0023260380000000025,69.0186,756.3091890000005
38.85199999999986,0.0023260380000000025,71.00580000000001,760.2869106000003
38.86200000000008,0.0021482519999999894,71.00580000000001,758.2980498000002
38.871999999999844,0.0021482519999999894,70.0122,758.2980498000002
38.88200000000006,0.0021482519999999894,70.0122,756.3091890000005
38.891999999999825,0.0023260380000000025,71.00580000000001,758.2980498000002
38.902000000000044,0.0023260380000000025,70.0122,756.3091890000005
38.91199999999981,0.0023260380000000025,70.0122,758.2980498000002
38.922000000000025,0.001970466000000004,71.99940000000001,760.2869106000003
38.93199999999979,0.0021482519999999894,71.99940000000001,756.3091890000005
38.94200000000001,0.0021482519999999894,70.0122,760.2869106000003
38.952000000000226,0.0021482519999999894,71.00580000000001,758.2980498000002
38.96199999999999,0.0021482519999999894,70.0122,758.2980498000002
38.972999999999956,0.0021482519999999894,71.00580000000001,756.3091890000005
38.98199999999997,0.001970466000000004,71.00580000000001,760.2869106000003
38.99200000000019,0.001792679999999991,71.00580000000001,762.2757713999999
39.00199999999995,0.001792679999999991,71.00580000000001,760.2869106000003
39.01200000000017,0.0021482519999999894,70.0122,760.2869106000003
39.02399999999989,0.001970466000000004,71.00580000000001,760.2869106000003
39.06899999999996,0.002503823999999988,70.0122,756.3091890000005
39.11400000000003,0.0021482519999999894,71.00580000000001,754.3203282000004
39.123999999999796,0.0021482519999999894,70.0122,756.3091890000005
39.13299999999981,0.0021482519999999894,71.00580000000001,758.2980498000002
39.15299999999979,0.001970466000000004,71.00580000000001,756.3091890000005
39.16300000000001,0.0021482519999999894,69.0186,758.2980498000002
39.17300000000023,0.0023260380000000025,70.0122,758.2980498000002
39.18299999999999,0.001970466000000004,70.0122,758.2980498000002
39.19300000000021,0.0021482519999999894,70.0122,756.3091890000005
39.202999999999975,0.001970466000000004,70.0122,756.3091890000005
39.21300000000019,0.0023260380000000025,71.00580000000001,756.3091890000005
39.222999999999956,0.001970466000000004,69.0186,756.3091890000005
39.233000000000175,0.0021482519999999894,70.0122,758.2980498000002
39.24299999999994,0.0021482519999999894,70.0122,752.3314674000007
39.253000000000156,0.001970466000000004,69.0186,758.2980498000002
39.26299999999992,0.0021482519999999894,71.00580000000001,758.2980498000002
39.27300000000014,0.0021482519999999894,69.0186,758.2980498000002
39.2829999999999,0.0023260380000000025,70.0122,758.2980498000002
39.29300000000012,0.001970466000000004,70.0122,756.3091890000005
39.302999999999884,0.001970466000000004,70.0122,758.2980498000002
39.3130000000001,0.001970466000000004,70.0122,758.2980498000002
39.322999999999865,0.0023260380000000025,71.00580000000001,758.2980498000002
39.333000000000084,0.0021482519999999894,70.0122,754.3203282000004
39.34299999999985,0.0021482519999999894,69.0186,756.3091890000005
39.353000000000065,0.0023260380000000025,71.00580000000001,760.2869106000003
39.36299999999983,0.0023260380000000025,70.0122,756.3091890000005
39.37300000000005,0.0021482519999999894,71.00580000000001,758.2980498000002
39.38299999999981,0.0021482519999999894,70.0122,756.3091890000005
39.39300000000003,0.001970466000000004,70.0122,758.2980498000002
39.40299999999979,0.001970466000000004,71.00580000000001,760.2869106000003
39.41300000000001,0.0021482519999999894,70.0122,760.2869106000003
39.42300000000023,0.0021482519999999894,70.0122,756.3091890000005
39.43299999999999,0.0023260380000000025,71.00580000000001,756.3091890000005
39.44300000000021,0.0023260380000000025,70.0122,758.2980498000002
39.452999999999975,0.001970466000000004,69.0186,758.2980498000002
39.46300000000019,0.0021482519999999894,70.0122,758.2980498000002
39.472999999999956,0.0023260380000000025,68.025,752.3314674000007
39.483000000000175,0.0023260380000000025,70.0122,756.3091890000005
39.49299999999994,0.0021482519999999894,71.00580000000001,758.2980498000002
39.503000000000156,0.0021482519999999894,70.0122,758.2980498000002
39.51299999999992,0.001970466000000004,73.98660000000001,756.3091890000005
39.52300000000014,0.0021482519999999894,71.00580000000001,758.2980498000002
39.5329999999999,0.002503823999999988,70.0122,754.3203282000004
39.54300000000012,0.001970466000000004,70.0122,756.3091890000005
39.552999999999884,0.0021482519999999894,70.0122,758.2980498000002
39.5630000000001,0.0023260380000000025,69.0186,752.3314674000007
39.572999999999865,0.001970466000000004,70.0122,760.2869106000003
39.583000000000084,0.0023260380000000025,69.0186,756.3091890000005
39.59299999999985,0.0023260380000000025,69.0186,758.2980498000002
39.603999999999814,0.0021482519999999894,69.0186,754.3203282000004
39.61299999999983,0.0023260380000000025,70.0122,758.2980498000002
39.62300000000005,0.0023260380000000025,70.0122,758.2980498000002
39.63299999999981,0.0023260380000000025,70.0122,758.2980498000002
39.64300000000003,0.0021482519999999894,70.0122,758.2980498000002
39.653999999999996,0.0023260380000000025,68.025,754.3203282000004
39.66300000000001,0.0023260380000000025,70.0122,758.2980498000002
39.67399999999998,0.0023260380000000025,69.0186,756.3091890000005
39.6840000000002,0.001970466000000004,70.0122,758.2980498000002
39.69399999999996,0.001970466000000004,69.0186,756.3091890000005
39.70400000000018,0.0021482519999999894,69.0186,758.2980498000002
39.71399999999994,0.0021482519999999894,69.0186,756.3091890000005
39.72400000000016,0.0021482519999999894,69.0186,758.2980498000002
39.733999999999924,0.0023260380000000025,70.0122,758.2980498000002
39.74400000000014,0.0021482519999999894,68.025,754.3203282000004
39.753999999999905,0.0023260380000000025,69.0186,756.3091890000005
39.764000000000124,0.0023260380000000025,70.0122,758.2980498000002
39.77399999999989,0.0023260380000000025,69.0186,756.3091890000005
39.784000000000106,0.001970466000000004,69.0186,756.3091890000005
39.79399999999987,0.0021482519999999894,69.0186,758.2980498000002
39.80400000000009,0.001970466000000004,70.0122,756.3091890000005
39.81399999999985,0.0023260380000000025,70.0122,756.3091890000005
39.82400000000007,0.001970466000000004,71.00580000000001,758.2980498000002
39.83399999999983,0.0021482519999999894,71.00580000000001,756.3091890000005
39.84400000000005,0.001970466000000004,69.0186,758.2980498000002
39.853999999999814,0.001970466000000004,69.0186,758.2980498000002
39.86400000000003,0.0021482519999999894,71.00580000000001,756.3091890000005
39.873999999999796,0.0021482519999999894,68.025,754.3203282000004
39.884000000000015,0.0021482519999999894,68.025,756.3091890000005
39.89400000000023,0.0021482519999999894,71.00580000000001,758.2980498000002
39.903999999999996,0.0021482519999999894,70.0122,760.2869106000003
39.914000000000215,0.0021482519999999894,69.0186,758.2980498000002
39.92399999999998,0.001970466000000004,69.0186,756.3091890000005
39.9340000000002,0.0021482519999999894,69.0186,758.2980498000002
39.94399999999996,0.001970466000000004,70.0122,758.2980498000002
39.95400000000018,0.0021482519999999894,70.0122,758.2980498000002
39.96399999999994,0.001970466000000004,68.025,754.3203282000004
39.97400000000016,0.001970466000000004,71.00580000000001,760.2869106000003
39.983999999999924,0.0021482519999999894,70.0122,758.2980498000002
39.99400000000014,0.0023260380000000025,69.0186,758.2980498000002
40.003999999999905,0.001970466000000004,69.0186,758.2980498000002
40.014000000000124,0.001970466000000004,68.025,752.3314674000007
40.02399999999989,0.001970466000000004,69.0186,758.2980498000002
40.034000000000106,0.0021482519999999894,70.0122,756.3091890000005
40.04399999999987,0.0021482519999999894,70.0122,758.2980498000002
40.05400000000009,0.0021482519999999894,69.0186,752.3314674000007
40.06399999999985,0.0021482519999999894,68.025,758.2980498000002
40.07400000000007,0.0021482519999999894,68.025,756.3091890000005
40.08399999999983,0.001970466000000004,68.025,758.2980498000002
40.09400000000005,0.0023260380000000025,71.00580000000001,756.3091890000005
40.103999999999814,0.0023260380000000025,68.025,754.3203282000004
40.11400000000003,0.0021482519999999894,69.0186,756.3091890000005
40.123999999999796,0.0021482519999999894,71.00580000000001,758.2980498000002
40.134000000000015,0.0023260380000000025,69.0186,756.3091890000005
40.14400000000023,0.0021482519999999894,69.0186,754.3203282000004
40.153999999999996,0.001970466000000004,70.0122,760.2869106000003
40.164000000000215,0.001970466000000004,70.0122,758.2980498000002
40.17399999999998,0.0023260380000000025,70.0122,758.2980498000002
40.184999999999945,0.0021482519999999894,69.0186,756.3091890000005
40.195000000000164,0.0023260380000000025,69.0186,756.3091890000005
40.20400000000018,0.001970466000000004,70.0122,756.3091890000005
40.21399999999994,0.002503823999999988,68.025,756.3091890000005
40.23900000000003,0.0023260380000000025,71.00580000000001,754.3203282000004
40.248999999999796,0.0021482519999999894,70.0122,758.2980498000002
40.25799999999981,0.0021482519999999894,70.0122,758.2980498000002
40.26800000000003,0.0021482519999999894,70.0122,758.2980498000002
40.27799999999979,0.0021482519999999894,70.0122,756.3091890000005
40.28699999999981,0.0021482519999999894,69.0186,756.3091890000005
40.297000000000025,0.0021482519999999894,69.0186,756.3091890000005
40.30699999999979,0.001792679999999991,69.0186,758.2980498000002
40.3159999999998,0.001970466000000004,70.0122,758.2980498000002
40.32600000000002,0.001970466000000004,70.0122,756.3091890000005
40.33600000000024,0.001970466000000004,70.0122,758.2980498000002
40.3449999999998,0.0023260380000000025,69.0186,756.3091890000005
40.36500000000024,0.001970466000000004,70.0122,758.2980498000002
40.375,0.001970466000000004,69.0186,754.3203282000004
40.38500000000022,0.001970466000000004,68.025,756.3091890000005
40.39499999999998,0.0023260380000000025,69.0186,756.3091890000005
40.4050000000002,0.0021482519999999894,69.0186,756.3091890000005
40.414999999999964,0.0021482519999999894,67.0314,756.3091890000005
40.42500000000018,0.001970466000000004,69.0186,760.2869106000003
40.434999999999945,0.001970466000000004,69.0186,758.2980498000002
40.445000000000164,0.0021482519999999894,68.025,756.3091890000005
40.45499999999993,0.001970466000000004,68.025,754.3203282000004
40.465000000000146,0.0021482519999999894,70.0122,756.3091890000005
40.47499999999991,0.001970466000000004,68.025,758.2980498000002
40.48500000000013,0.0023260380000000025,69.0186,756.3091890000005
40.49499999999989,0.0023260380000000025,69.0186,756.3091890000005
40.50500000000011,0.0023260380000000025,70.0122,754.3203282000004
40.51499999999987,0.0023260380000000025,69.0186,756.3091890000005
40.52500000000009,0.0021482519999999894,70.0122,758.2980498000002
40.534999999999854,0.0023260380000000025,69.0186,756.3091890000005
40.54500000000007,0.0021482519999999894,69.0186,756.3091890000005
40.554999999999836,0.0021482519999999894,68.025,756.3091890000005
40.565000000000055,0.0021482519999999894,69.0186,758.2980498000002
40.57499999999982,0.0023260380000000025,69.0186,756.3091890000005
40.585000000000036,0.002503823999999988,69.0186,754.3203282000004
40.5949999999998,0.0021482519999999894,68.025,754.3203282000004
40.60500000000002,0.0021482519999999894,68.025,760.2869106000003
40.61500000000024,0.001970466000000004,69.0186,760.2869106000003
40.625,0.001970466000000004,69.0186,760.2869106000003
40.63500000000022,0.0023260380000000025,69.0186,756.3091890000005
40.64499999999998,0.0023260380000000025,68.025,756.3091890000005
40.6550000000002,0.001970466000000004,69.0186,758.2980498000002
40.664999999999964,0.001970466000000004,70.0122,756.3091890000005
40.67500000000018,0.0023260380000000025,68.025,756.3091890000005
40.684999999999945,0.0021482519999999894,68.025,754.3203282000004
40.695000000000164,0.0021482519999999894,69.0186,758.2980498000002
40.70499999999993,0.001970466000000004,68.025,758.2980498000002
40.715000000000146,0.0023260380000000025,68.025,756.3091890000005
40.72499999999991,0.0021482519999999894,68.025,758.2980498000002
40.73500000000013,0.0021482519999999894,69.0186,758.2980498000002
40.74499999999989,0.0021482519999999894,69.0186,758.2980498000002
40.75500000000011,0.0021482519999999894,70.0122,758.2980498000002
40.76499999999987,0.001970466000000004,69.0186,758.2980498000002
40.77599999999984,0.0021482519999999894,71.00580000000001,756.3091890000005
40.784999999999854,0.001970466000000004,68.025,758.2980498000002
40.79500000000007,0.0021482519999999894,69.0186,758.2980498000002
40.804999999999836,0.001792679999999991,69.0186,758.2980498000002
40.8159999999998,0.001970466000000004,69.0186,758.2980498000002
40.82499999999982,0.001792679999999991,70.0122,760.2869106000003
40.835000000000036,0.0023260380000000025,68.025,754.3203282000004
40.8449999999998,0.0023260380000000025,68.025,756.3091890000005
40.86900000000014,0.002503823999999988,66.0378,752.3314674000007
40.878999999999905,0.001970466000000004,69.0186,758.2980498000002
40.889000000000124,0.001970466000000004,70.0122,758.2980498000002
40.89800000000014,0.001792679999999991,67.0314,758.2980498000002
40.9079999999999,0.001970466000000004,68.025,758.2980498000002
40.91800000000012,0.0023260380000000025,69.0186,758.2980498000002
40.927000000000135,0.0021482519999999894,70.0122,756.3091890000005
40.9369999999999,0.0021482519999999894,69.0186,756.3091890000005
40.94599999999991,0.0021482519999999894,69.0186,758.2980498000002
40.965999999999894,0.0021482519999999894,69.0186,758.2980498000002
40.97600000000011,0.0023260380000000025,69.0186,756.3091890000005
40.985999999999876,0.001970466000000004,69.0186,758.2980498000002
40.996000000000095,0.0021482519999999894,69.0186,756.3091890000005
41.00599999999986,0.001970466000000004,68.025,756.3091890000005
41.016000000000076,0.0021482519999999894,69.0186,758.2980498000002
41.02599999999984,0.0021482519999999894,68.025,758.2980498000002
41.03600000000006,0.0021482519999999894,68.025,758.2980498000002
41.04599999999982,0.001970466000000004,70.0122,756.3091890000005
41.05600000000004,0.0021482519999999894,69.0186,754.3203282000004
41.0659999999998,0.0023260380000000025,69.0186,756.3091890000005
41.07600000000002,0.001970466000000004,69.0186,760.2869106000003
41.08600000000024,0.0021482519999999894,68.025,754.3203282000004
41.096000000000004,0.0021482519999999894,68.025,758.2980498000002
41.10600000000022,0.0021482519999999894,69.0186,756.3091890000005
41.115999999999985,0.0023260380000000025,69.0186,758.2980498000002
41.126000000000204,0.001970466000000004,69.0186,760.2869106000003
41.13599999999997,0.001792679999999991,68.025,754.3203282000004
41.146000000000186,0.001970466000000004,68.025,758.2980498000002
41.15599999999995,0.001970466000000004,68.025,756.3091890000005
41.16600000000017,0.0021482519999999894,68.025,756.3091890000005
41.17599999999993,0.0021482519999999894,69.0186,756.3091890000005
41.18600000000015,0.001970466000000004,68.025,758.2980498000002
41.19599999999991,0.0023260380000000025,69.0186,758.2980498000002
41.20600000000013,0.0023260380000000025,67.0314,758.2980498000002
41.215999999999894,0.001970466000000004,69.0186,760.2869106000003
41.22600000000011,0.0023260380000000025,69.0186,752.3314674000007
41.235999999999876,0.0023260380000000025,69.0186,756.3091890000005
41.246000000000095,0.0021482519999999894,68.025,756.3091890000005
41.25599999999986,0.0023260380000000025,67.0314,756.3091890000005
41.266000000000076,0.001970466000000004,67.0314,754.3203282000004
41.27599999999984,0.0021482519999999894,68.025,758.2980498000002
41.28600000000006,0.001970466000000004,68.025,756.3091890000005
41.29599999999982,0.0023260380000000025,69.0186,758.2980498000002
41.30600000000004,0.001970466000000004,69.0186,758.2980498000002
41.3159999999998,0.001970466000000004,66.0378,754.3203282000004
41.32600000000002,0.0021482519999999894,68.025,758.2980498000002
41.33600000000024,0.0023260380000000025,68.025,758.2980498000002
41.346000000000004,0.0021482519999999894,68.025,756.3091890000005
41.35600000000022,0.0023260380000000025,68.025,754.3203282000004
41.365999999999985,0.001792679999999991,67.0314,760.2869106000003
41.376000000000204,0.0021482519999999894,68.025,756.3091890000005
41.38599999999997,0.0023260380000000025,68.025,758.2980498000002
41.396000000000186,0.001970466000000004,68.025,758.2980498000002
41.40599999999995,0.0021482519999999894,68.025,754.3203282000004
41.41600000000017,0.0021482519999999894,67.0314,758.2980498000002
41.42599999999993,0.0021482519999999894,69.0186,758.2980498000002
41.43600000000015,0.001970466000000004,68.025,760.2869106000003
41.447000000000116,0.0021482519999999894,67.0314,754.3203282000004
41.45600000000013,0.001970466000000004,67.0314,758.2980498000002
41.465999999999894,0.001970466000000004,69.0186,760.2869106000003
41.47600000000011,0.0021482519999999894,67.0314,756.3091890000005
41.485999999999876,0.0023260380000000025,68.025,756.3091890000005
41.496999999999844,0.0021482519999999894,69.0186,754.3203282000004
41.50599999999986,0.001970466000000004,68.025,760.2869106000003
41.516000000000076,0.001970466000000004,66.0378,758.2980498000002
41.52599999999984,0.0023260380000000025,68.025,756.3091890000005
41.53699999999981,0.0023260380000000025,68.025,754.3203282000004
41.54599999999982,0.0023260380000000025,69.0186,756.3091890000005
41.55699999999979,0.0021482519999999894,67.0314,756.3091890000005
41.58899999999994,0.0021482519999999894,68.025,758.2980498000002
41.634000000000015,0.0023260380000000025,68.025,754.3203282000004
41.64400000000023,0.001970466000000004,67.0314,758.2980498000002
41.653999999999996,0.001792679999999991,68.025,760.2869106000003
41.66300000000001,0.0021482519999999894,68.025,756.3091890000005
41.67300000000023,0.0023260380000000025,69.0186,754.3203282000004
41.68299999999999,0.0021482519999999894,68.025,756.3091890000005
41.69200000000001,0.0021482519999999894,68.025,756.3091890000005
41.702000000000226,0.0021482519999999894,68.025,756.3091890000005
41.71100000000024,0.0021482519999999894,69.0186,758.2980498000002
41.721000000000004,0.001970466000000004,68.025,754.3203282000004
41.73100000000022,0.001970466000000004,68.025,760.2869106000003
41.74000000000024,0.0021482519999999894,67.0314,756.3091890000005
41.75,0.001970466000000004,68.025,758.2980498000002
41.76000000000022,0.001970466000000004,66.0378,756.3091890000005
41.76900000000023,0.001970466000000004,68.025,756.3091890000005
41.778999999999996,0.001792679999999991,70.0122,758.2980498000002
41.789000000000215,0.001792679999999991,67.0314,758.2980498000002
41.79800000000023,0.001970466000000004,68.025,756.3091890000005
41.80799999999999,0.0016148939999999917,69.0186,758.2980498000002
41.81800000000021,0.0021482519999999894,68.025,758.2980498000002
41.83699999999999,0.0016148939999999917,68.025,760.2869106000003
41.84700000000021,0.0021482519999999894,68.025,758.2980498000002
41.85699999999997,0.001970466000000004,67.0314,758.2980498000002
41.86700000000019,0.0016148939999999917,68.025,760.2869106000003
41.87699999999995,0.0021482519999999894,69.0186,758.2980498000002
41.88700000000017,0.0021482519999999894,69.0186,756.3091890000005
41.896999999999935,0.0021482519999999894,66.0378,756.3091890000005
41.90700000000015,0.001970466000000004,68.025,758.2980498000002
41.916999999999916,0.0021482519999999894,68.025,758.2980498000002
41.927000000000135,0.0021482519999999894,68.025,756.3091890000005
41.9369999999999,0.0021482519999999894,67.0314,756.3091890000005
41.947000000000116,0.001970466000000004,68.025,752.3314674000007
41.95699999999988,0.0023260380000000025,69.0186,756.3091890000005
41.9670000000001,0.0021482519999999894,67.0314,758.2980498000002
41.97699999999986,0.001792679999999991,68.025,758.2980498000002
41.98700000000008,0.001970466000000004,67.0314,756.3091890000005
41.996999999999844,0.0021482519999999894,68.025,758.2980498000002
42.00700000000006,0.0021482519999999894,70.0122,758.2980498000002
42.016999999999825,0.0021482519999999894,66.0378,756.3091890000005
42.027000000000044,0.0021482519999999894,67.0314,758.2980498000002
42.03800000000001,0.0021482519999999894,69.0186,752.3314674000007
42.047000000000025,0.0021482519999999894,69.0186,758.2980498000002
42.05699999999979,0.0021482519999999894,67.0314,756.3091890000005
42.06700000000001,0.0021482519999999894,67.0314,758.2980498000002
42.077999999999975,0.0021482519999999894,69.0186,756.3091890000005
42.08699999999999,0.001970466000000004,68.025,756.3091890000005
42.09700000000021,0.0021482519999999894,68.025,758.2980498000002
42.10699999999997,0.0021482519999999894,69.0186,758.2980498000002
42.11700000000019,0.0021482519999999894,67.0314,756.3091890000005
42.128000000000156,0.0021482519999999894,69.0186,756.3091890000005
42.13700000000017,0.0021482519999999894,67.0314,758.2980498000002
42.146999999999935,0.0021482519999999894,67.0314,756.3091890000005
42.15700000000015,0.0023260380000000025,68.025,756.3091890000005
42.16800000000012,0.001970466000000004,68.025,758.2980498000002
42.177999999999884,0.0021482519999999894,67.0314,758.2980498000002
42.1880000000001,0.0021482519999999894,67.0314,756.3091890000005
42.197999999999865,0.0021482519999999894,69.0186,758.2980498000002
42.208000000000084,0.001970466000000004,69.0186,760.2869106000003
42.21799999999985,0.0021482519999999894,68.025,756.3091890000005
42.228000000000065,0.001970466000000004,68.025,760.2869106000003
42.23799999999983,0.0021482519999999894,68.025,758.2980498000002
42.24800000000005,0.0021482519999999894,70.0122,758.2980498000002
42.25799999999981,0.0021482519999999894,68.025,754.3203282000004
42.26800000000003,0.0021482519999999894,68.025,760.2869106000003
42.27799999999979,0.0023260380000000025,67.0314,756.3091890000005
42.28800000000001,0.0023260380000000025,67.0314,756.3091890000005
42.29800000000023,0.0023260380000000025,68.025,756.3091890000005
42.30799999999999,0.0021482519999999894,68.025,754.3203282000004
42.31800000000021,0.0021482519999999894,68.025,758.2980498000002
42.327999999999975,0.0021482519999999894,68.025,756.3091890000005
42.33800000000019,0.0023260380000000025,68.025,754.3203282000004
42.347999999999956,0.0023260380000000025,67.0314,754.3203282000004
42.358000000000175,0.001970466000000004,67.0314,756.3091890000005
42.36799999999994,0.0021482519999999894,67.0314,756.3091890000005
42.378000000000156,0.0023260380000000025,68.025,758.2980498000002
42.38799999999992,0.001970466000000004,68.025,756.3091890000005
42.39800000000014,0.0023260380000000025,69.0186,756.3091890000005
42.4079999999999,0.0023260380000000025,67.0314,758.2980498000002
42.41800000000012,0.001970466000000004,67.0314,758.2980498000002
42.427999999999884,0.001970466000000004,67.0314,760.2869106000003
42.4380000000001,0.001970466000000004,66.0378,754.3203282000004
42.447999999999865,0.001970466000000004,67.0314,758.2980498000002
42.458000000000084,0.0021482519999999894,67.0314,758.2980498000002
42.46799999999985,0.0023260380000000025,67.0314,756.3091890000005
42.478000000000065,0.0021482519999999894,67.0314,758.2980498000002
42.48799999999983,0.0023260380000000025,68.025,754.3203282000004
42.49800000000005,0.0021482519999999894,67.0314,758.2980498000002
42.50799999999981,0.0021482519999999894,69.0186,758.2980498000002
42.51800000000003,0.0021482519999999894,67.0314,756.3091890000005
42.52799999999979,0.0021482519999999894,67.0314,754.3203282000004
42.53800000000001,0.0021482519999999894,68.025,756.3091890000005
42.54800000000023,0.001970466000000004,68.025,758.2980498000002
42.55799999999999,0.0023260380000000025,67.0314,756.3091890000005
42.56800000000021,0.001970466000000004,67.0314,758.2980498000002
42.577999999999975,0.0021482519999999894,67.0314,754.3203282000004
42.58800000000019,0.001970466000000004,67.0314,756.3091890000005
42.597999999999956,0.0021482519999999894,68.025,758.2980498000002
42.608000000000175,0.001970466000000004,68.025,758.2980498000002
42.61799999999994,0.001970466000000004,66.0378,752.3314674000007
42.628000000000156,0.001970466000000004,67.0314,758.2980498000002
42.63799999999992,0.0023260380000000025,67.0314,754.3203282000004
42.64800000000014,0.001970466000000004,67.0314,758.2980498000002
42.6579999999999,0.001792679999999991,67.0314,758.2980498000002
42.66800000000012,0.001970466000000004,69.0186,756.3091890000005
42.677999999999884,0.0021482519999999894,67.0314,758.2980498000002
42.6880000000001,0.0021482519999999894,67.0314,756.3091890000005
42.697999999999865,0.0021482519999999894,68.025,756.3091890000005
42.70899999999983,0.0021482519999999894,67.0314,754.3203282000004
42.71799999999985,0.0021482519999999894,67.0314,754.3203282000004
42.728000000000065,0.001970466000000004,69.0186,758.2980498000002
42.73799999999983,0.0021482519999999894,66.0378,758.2980498000002
42.74800000000005,0.001970466000000004,67.0314,758.2980498000002
42.759000000000015,0.001792679999999991,67.0314,754.3203282000004
42.76800000000003,0.001970466000000004,68.025,760.2869106000003
42.77799999999979,0.0021482519999999894,69.0186,758.2980498000002
42.78800000000001,0.0021482519999999894,67.0314,758.2980498000002
42.79899999999998,0.001970466000000004,68.025,756.3091890000005
42.8090000000002,0.001970466000000004,68.025,758.2980498000002
42.81899999999996,0.001970466000000004,67.0314,758.2980498000002
42.82900000000018,0.0023260380000000025,67.0314,756.3091890000005
42.83899999999994,0.001970466000000004,68.025,760.2869106000003
42.84900000000016,0.0021482519999999894,66.0378,754.3203282000004
42.858999999999924,0.001792679999999991,69.0186,760.2869106000003
42.86900000000014,0.0021482519999999894,67.0314,758.2980498000002
42.878999999999905,0.001970466000000004,67.0314,758.2980498000002
42.889000000000124,0.0023260380000000025,68.025,754.3203282000004
42.89899999999989,0.0021482519999999894,67.0314,756.3091890000005
42.909000000000106,0.0021482519999999894,67.0314,758.2980498000002
42.91899999999987,0.001970466000000004,69.0186,756.3091890000005
42.92900000000009,0.001970466000000004,67.0314,758.2980498000002
42.93899999999985,0.0021482519999999894,66.0378,754.3203282000004
42.94900000000007,0.001970466000000004,66.0378,756.3091890000005
42.95899999999983,0.001970466000000004,67.0314,758.2980498000002
42.96900000000005,0.0021482519999999894,67.0314,758.2980498000002
42.978999999999814,0.0021482519999999894,66.0378,754.3203282000004
42.98900000000003,0.0021482519999999894,67.0314,760.2869106000003
42.998999999999796,0.0021482519999999894,67.0314,758.2980498000002
43.009000000000015,0.001970466000000004,67.0314,758.2980498000002
43.01900000000023,0.0021482519999999894,67.0314,756.3091890000005
43.028999999999996,0.0021482519999999894,67.0314,754.3203282000004
43.039000000000215,0.001970466000000004,68.025,756.3091890000005
43.04899999999998,0.0021482519999999894,69.0186,758.2980498000002
43.0590000000002,0.001970466000000004,68.025,758.2980498000002
43.06899999999996,0.0023260380000000025,67.0314,756.3091890000005
43.07900000000018,0.0021482519999999894,68.025,756.3091890000005
43.08899999999994,0.001792679999999991,67.0314,758.2980498000002
43.09900000000016,0.0023260380000000025,67.0314,756.3091890000005
43.108999999999924,0.0023260380000000025,68.025,756.3091890000005
43.11900000000014,0.0021482519999999894,66.0378,756.3091890000005
43.128999999999905,0.0021482519999999894,68.025,758.2980498000002
43.139000000000124,0.0021482519999999894,66.0378,756.3091890000005
43.14899999999989,0.001792679999999991,67.0314,760.2869106000003
43.159000000000106,0.0023260380000000025,67.0314,754.3203282000004
43.16899999999987,0.001970466000000004,67.0314,758.2980498000002
43.17900000000009,0.0023260380000000025,67.0314,756.3091890000005
43.18899999999985,0.0021482519999999894,67.0314,758.2980498000002
43.19900000000007,0.001970466000000004,67.0314,760.2869106000003
43.20899999999983,0.001792679999999991,66.0378,756.3091890000005
43.21900000000005,0.001970466000000004,67.0314,760.2869106000003
43.228999999999814,0.0023260380000000025,67.0314,756.3091890000005
43.23900000000003,0.0021482519999999894,68.025,756.3091890000005
43.248999999999796,0.001792679999999991,66.0378,758.2980498000002
43.259000000000015,0.001970466000000004,66.0378,758.2980498000002
43.26900000000023,0.0021482519999999894,65.0442,756.3091890000005
43.278999999999996,0.001970466000000004,67.0314,758.2980498000002
43.289000000000215,0.001792679999999991,68.025,760.2869106000003
43.29899999999998,0.001970466000000004,66.0378,754.3203282000004
43.3090000000002,0.0021482519999999894,66.0378,758.2980498000002
43.31899999999996,0.001970466000000004,67.0314,758.2980498000002
43.32900000000018,0.0023260380000000025,66.0378,756.3091890000005
43.340000000000146,0.001970466000000004,66.0378,754.3203282000004
43.34900000000016,0.0021482519999999894,67.0314,756.3091890000005
43.358999999999924,0.001970466000000004,67.0314,758.2980498000002
43.36900000000014,0.0023260380000000025,67.0314,756.3091890000005
43.378999999999905,0.0021482519999999894,67.0314,758.2980498000002
43.38999999999987,0.0021482519999999894,66.0378,754.3203282000004
43.39899999999989,0.001970466000000004,68.025,758.2980498000002
43.409000000000106,0.0023260380000000025,67.0314,756.3091890000005
43.41899999999987,0.0021482519999999894,67.0314,758.2980498000002
43.429999999999836,0.001970466000000004,67.0314,754.3203282000004
43.440000000000055,0.0023260380000000025,67.0314,756.3091890000005
43.44999999999982,0.0021482519999999894,67.0314,758.2980498000002
43.460000000000036,0.001970466000000004,68.025,758.2980498000002
43.4699999999998,0.0021482519999999894,67.0314,756.3091890000005
43.48000000000002,0.0021482519999999894,67.0314,756.3091890000005
43.49000000000024,0.001970466000000004,68.025,758.2980498000002
43.5,0.0021482519999999894,66.0378,758.2980498000002
43.51000000000022,0.0021482519999999894,67.0314,756.3091890000005
43.51999999999998,0.0021482519999999894,70.0122,756.3091890000005
43.5300000000002,0.001970466000000004,67.0314,760.2869106000003
43.539999999999964,0.0021482519999999894,67.0314,758.2980498000002
43.55000000000018,0.0021482519999999894,66.0378,756.3091890000005
43.559999999999945,0.0023260380000000025,68.025,756.3091890000005
43.570000000000164,0.001970466000000004,68.025,758.2980498000002
43.57999999999993,0.001970466000000004,67.0314,756.3091890000005
43.590000000000146,0.0021482519999999894,66.0378,758.2980498000002
43.59999999999991,0.0021482519999999894,66.0378,756.3091890000005
43.61000000000013,0.0021482519999999894,65.0442,754.3203282000004
43.61999999999989,0.0021482519999999894,66.0378,758.2980498000002
43.63000000000011,0.001792679999999991,68.025,760.2869106000003
43.63999999999987,0.001970466000000004,68.025,758.2980498000002
43.65000000000009,0.0021482519999999894,66.0378,756.3091890000005
43.659999999999854,0.0021482519999999894,66.0378,754.3203282000004
43.67000000000007,0.001970466000000004,67.0314,758.2980498000002
43.679999999999836,0.0023260380000000025,66.0378,756.3091890000005
43.690000000000055,0.0023260380000000025,65.0442,756.3091890000005
43.69999999999982,0.002503823999999988,68.025,754.3203282000004
43.710000000000036,0.0021482519999999894,67.0314,758.2980498000002
43.7199999999998,0.001970466000000004,67.0314,760.2869106000003
43.73000000000002,0.0021482519999999894,67.0314,758.2980498000002
43.74000000000024,0.001970466000000004,66.0378,758.2980498000002
43.75,0.001792679999999991,66.0378,758.2980498000002
43.76000000000022,0.0023260380000000025,66.0378,756.3091890000005
43.76999999999998,0.0021482519999999894,67.0314,758.2980498000002
43.7800000000002,0.0021482519999999894,67.0314,756.3091890000005
43.789999999999964,0.001970466000000004,67.0314,754.3203282000004
43.80000000000018,0.001970466000000004,67.0314,758.2980498000002
43.809999999999945,0.0023260380000000025,67.0314,756.3091890000005
43.820000000000164,0.0023260380000000025,68.025,758.2980498000002
43.82999999999993,0.0023260380000000025,68.025,758.2980498000002
43.840000000000146,0.001970466000000004,65.0442,758.2980498000002
43.84999999999991,0.001970466000000004,67.0314,758.2980498000002
43.86000000000013,0.001970466000000004,66.0378,758.2980498000002
43.86999999999989,0.0021482519999999894,66.0378,756.3091890000005
43.88000000000011,0.002503823999999988,68.025,756.3091890000005
43.88999999999987,0.001792679999999991,67.0314,760.2869106000003
43.90000000000009,0.0021482519999999894,67.0314,758.2980498000002
43.909999999999854,0.0021482519999999894,67.0314,758.2980498000002
43.92000000000007,0.001970466000000004,66.0378,756.3091890000005
43.929999999999836,0.0021482519999999894,67.0314,758.2980498000002
43.940000000000055,0.0021482519999999894,67.0314,758.2980498000002
43.94999999999982,0.0021482519999999894,67.0314,756.3091890000005
43.960000000000036,0.0023260380000000025,66.0378,756.3091890000005
43.971000000000004,0.0021482519999999894,66.0378,756.3091890000005
43.98000000000002,0.002503823999999988,67.0314,754.3203282000004
43.99000000000024,0.001792679999999991,67.0314,760.2869106000003
44.0,0.0021482519999999894,68.025,760.2869106000003
44.01099999999997,0.0023260380000000025,68.025,756.3091890000005
44.021000000000186,0.0021482519999999894,67.0314,758.2980498000002
44.0300000000002,0.001970466000000004,66.0378,760.2869106000003
44.039999999999964,0.0021482519999999894,66.0378,758.2980498000002
44.05000000000018,0.0021482519999999894,66.0378,758.2980498000002
44.06100000000015,0.0023260380000000025,65.0442,754.3203282000004
44.07099999999991,0.001970466000000004,68.025,758.2980498000002
44.08100000000013,0.0023260380000000025,67.0314,756.3091890000005
44.108999999999924,0.0023260380000000025,67.0314,758.2980498000002
44.1550000000002,0.0023260380000000025,67.0314,754.3203282000004
44.164000000000215,0.001970466000000004,67.0314,758.2980498000002
44.17399999999998,0.0021482519999999894,67.0314,756.3091890000005
44.18299999999999,0.0021482519999999894,67.0314,758.2980498000002
44.19300000000021,0.0021482519999999894,66.0378,754.3203282000004
44.202999999999975,0.0021482519999999894,68.025,758.2980498000002
44.21300000000019,0.001970466000000004,69.0186,756.3091890000005
44.22200000000021,0.001970466000000004,67.0314,758.2980498000002
44.23199999999997,0.001970466000000004,66.0378,756.3091890000005
44.240999999999985,0.001970466000000004,66.0378,752.3314674000007
44.26099999999997,0.001970466000000004,68.025,762.2757713999999
44.271000000000186,0.0021482519999999894,66.0378,758.2980498000002
44.28099999999995,0.0021482519999999894,68.025,756.3091890000005
44.29100000000017,0.001970466000000004,66.0378,758.2980498000002
44.30099999999993,0.001970466000000004,68.025,758.2980498000002
44.31100000000015,0.001970466000000004,66.0378,758.2980498000002
44.32099999999991,0.0021482519999999894,68.025,756.3091890000005
44.33100000000013,0.0021482519999999894,68.025,754.3203282000004
44.340999999999894,0.001970466000000004,66.0378,758.2980498000002
44.35100000000011,0.001970466000000004,67.0314,760.2869106000003
44.360999999999876,0.0023260380000000025,67.0314,756.3091890000005
44.371000000000095,0.0023260380000000025,67.0314,754.3203282000004
44.38099999999986,0.0023260380000000025,66.0378,756.3091890000005
44.391000000000076,0.002503823999999988,66.0378,756.3091890000005
44.40099999999984,0.002503823999999988,67.0314,756.3091890000005
44.41100000000006,0.0023260380000000025,66.0378,758.2980498000002
44.42099999999982,0.0021482519999999894,66.0378,752.3314674000007
44.43100000000004,0.001970466000000004,66.0378,758.2980498000002
44.4409999999998,0.0023260380000000025,65.0442,756.3091890000005
44.45100000000002,0.001970466000000004,66.0378,758.2980498000002
44.46100000000024,0.002503823999999988,66.0378,754.3203282000004
44.471000000000004,0.001792679999999991,66.0378,760.2869106000003
44.48100000000022,0.0021482519999999894,67.0314,756.3091890000005
44.490999999999985,0.0021482519999999894,67.0314,758.2980498000002
44.501000000000204,0.002503823999999988,67.0314,756.3091890000005
44.51099999999997,0.001970466000000004,66.0378,752.3314674000007
44.521000000000186,0.0023260380000000025,67.0314,758.2980498000002
44.53099999999995,0.001970466000000004,66.0378,758.2980498000002
44.54100000000017,0.0023260380000000025,67.0314,758.2980498000002
44.55099999999993,0.001970466000000004,65.0442,756.3091890000005
44.56100000000015,0.0021482519999999894,66.0378,756.3091890000005
44.57099999999991,0.001792679999999991,67.0314,760.2869106000003
44.58100000000013,0.001970466000000004,67.0314,758.2980498000002
44.590999999999894,0.0021482519999999894,67.0314,756.3091890000005
44.60199999999986,0.0021482519999999894,67.0314,754.3203282000004
44.610999999999876,0.001970466000000004,66.0378,756.3091890000005
44.621000000000095,0.0021482519999999894,67.0314,756.3091890000005
44.63099999999986,0.0023260380000000025,66.0378,756.3091890000005
44.641999999999825,0.001792679999999991,66.0378,756.3091890000005
44.65099999999984,0.0023260380000000025,66.0378,756.3091890000005
44.66100000000006,0.0021482519999999894,67.0314,758.2980498000002
44.67099999999982,0.0023260380000000025,68.025,756.3091890000005
44.68199999999979,0.0021482519999999894,66.0378,756.3091890000005
44.69200000000001,0.0023260380000000025,67.0314,754.3203282000004
44.702000000000226,0.001970466000000004,66.0378,758.2980498000002
44.71199999999999,0.0021482519999999894,67.0314,756.3091890000005
44.72200000000021,0.0021482519999999894,67.0314,756.3091890000005
44.73199999999997,0.0021482519999999894,65.0442,754.3203282000004
44.74200000000019,0.0021482519999999894,66.0378,758.2980498000002
44.75199999999995,0.001970466000000004,67.0314,756.3091890000005
44.76200000000017,0.0021482519999999894,66.0378,756.3091890000005
44.771999999999935,0.001970466000000004,67.0314,758.2980498000002
44.78200000000015,0.0023260380000000025,67.0314,754.3203282000004
44.791999999999916,0.0023260380000000025,66.0378,756.3091890000005
44.802000000000135,0.0021482519999999894,65.0442,758.2980498000002
44.8119999999999,0.0021482519999999894,67.0314,756.3091890000005
44.822000000000116,0.002503823999999988,65.0442,752.3314674000007
44.83199999999988,0.001970466000000004,67.0314,758.2980498000002
44.8420000000001,0.002503823999999988,67.0314,756.3091890000005
44.85199999999986,0.0023260380000000025,67.0314,754.3203282000004
44.86200000000008,0.0021482519999999894,66.0378,758.2980498000002
44.871999999999844,0.001970466000000004,65.0442,754.3203282000004
44.88200000000006,0.0023260380000000025,65.0442,756.3091890000005
44.891999999999825,0.0021482519999999894,67.0314,758.2980498000002
44.902000000000044,0.0021482519999999894,66.0378,756.3091890000005
44.91199999999981,0.0021482519999999894,65.0442,754.3203282000004
44.922000000000025,0.001970466000000004,66.0378,758.2980498000002
44.93199999999979,0.0023260380000000025,67.0314,758.2980498000002
44.94200000000001,0.001970466000000004,65.0442,758.2980498000002
44.952000000000226,0.0021482519999999894,66.0378,758.2980498000002
44.96199999999999,0.0023260380000000025,68.025,756.3091890000005
44.97200000000021,0.001970466000000004,67.0314,760.2869106000003
44.98199999999997,0.0021482519999999894,66.0378,758.2980498000002
44.99200000000019,0.0021482519999999894,66.0378,758.2980498000002
45.00199999999995,0.001792679999999991,65.0442,758.2980498000002
45.01200000000017,0.0021482519999999894,67.0314,758.2980498000002
45.021999999999935,0.001970466000000004,65.0442,758.2980498000002
45.03200000000015,0.001970466000000004,66.0378,758.2980498000002
45.041999999999916,0.001970466000000004,67.0314,758.2980498000002
45.052000000000135,0.0021482519999999894,67.0314,754.3203282000004
45.0619999999999,0.0021482519999999894,66.0378,758.2980498000002
45.072000000000116,0.0023260380000000025,66.0378,758.2980498000002
45.08199999999988,0.0023260380000000025,67.0314,756.3091890000005
45.0920000000001,0.001792679999999991,64.0506,754.3203282000004
45.10199999999986,0.0023260380000000025,66.0378,758.2980498000002
45.11200000000008,0.001970466000000004,65.0442,756.3091890000005
45.121999999999844,0.0021482519999999894,68.025,758.2980498000002
45.13200000000006,0.001970466000000004,66.0378,758.2980498000002
45.141999999999825,0.0021482519999999894,65.0442,750.3426066000002
45.152000000000044,0.0021482519999999894,66.0378,758.2980498000002
45.16199999999981,0.0021482519999999894,66.0378,758.2980498000002
45.172000000000025,0.001970466000000004,66.0378,758.2980498000002
45.18299999999999,0.002503823999999988,63.057,752.3314674000007
45.19200000000001,0.0023260380000000025,66.0378,758.2980498000002
45.202000000000226,0.001792679999999991,66.0378,756.3091890000005
45.21199999999999,0.001792679999999991,66.0378,758.2980498000002
45.22200000000021,0.0021482519999999894,67.0314,756.3091890000005
45.233000000000175,0.0021482519999999894,66.0378,754.3203282000004
45.24200000000019,0.0023260380000000025,65.0442,756.3091890000005
45.25199999999995,0.0021482519999999894,67.0314,758.2980498000002
45.26200000000017,0.001970466000000004,66.0378,758.2980498000002
45.27300000000014,0.0021482519999999894,67.0314,754.3203282000004
45.28200000000015,0.001970466000000004,66.0378,758.2980498000002
45.291999999999916,0.0023260380000000025,66.0378,758.2980498000002
45.302000000000135,0.0023260380000000025,65.0442,758.2980498000002
45.3130000000001,0.0023260380000000025,67.0314,756.3091890000005
45.322999999999865,0.001970466000000004,65.0442,756.3091890000005
45.333000000000084,0.0021482519999999894,66.0378,756.3091890000005
45.34299999999985,0.001970466000000004,67.0314,760.2869106000003
45.353000000000065,0.001970466000000004,65.0442,758.2980498000002
45.36299999999983,0.0023260380000000025,67.0314,754.3203282000004
45.37300000000005,0.001970466000000004,66.0378,758.2980498000002
45.38299999999981,0.0021482519999999894,66.0378,756.3091890000005
45.39300000000003,0.001970466000000004,66.0378,758.2980498000002
45.40299999999979,0.0021482519999999894,65.0442,754.3203282000004
45.41300000000001,0.0021482519999999894,66.0378,756.3091890000005
45.42300000000023,0.001970466000000004,67.0314,758.2980498000002
45.43299999999999,0.001970466000000004,66.0378,758.2980498000002
45.44300000000021,0.001970466000000004,67.0314,758.2980498000002
45.452999999999975,0.0023260380000000025,65.0442,754.3203282000004
45.46300000000019,0.001792679999999991,66.0378,758.2980498000002
45.472999999999956,0.001970466000000004,65.0442,758.2980498000002
45.483000000000175,0.001970466000000004,65.0442,758.2980498000002
45.49299999999994,0.001970466000000004,66.0378,756.3091890000005
45.503000000000156,0.0023260380000000025,66.0378,754.3203282000004
45.51299999999992,0.0021482519999999894,65.0442,758.2980498000002
45.52300000000014,0.001970466000000004,66.0378,758.2980498000002
45.5329999999999,0.0021482519999999894,65.0442,756.3091890000005
45.54300000000012,0.0021482519999999894,64.0506,750.3426066000002
45.552999999999884,0.001970466000000004,65.0442,756.3091890000005
45.5630000000001,0.0023260380000000025,66.0378,754.3203282000004
45.572999999999865,0.001970466000000004,66.0378,758.2980498000002
45.583000000000084,0.0023260380000000025,65.0442,756.3091890000005
45.59299999999985,0.001792679999999991,67.0314,758.2980498000002
45.603000000000065,0.0021482519999999894,65.0442,756.3091890000005
45.61299999999983,0.001792679999999991,66.0378,758.2980498000002
45.62300000000005,0.0023260380000000025,67.0314,758.2980498000002
45.63299999999981,0.0023260380000000025,67.0314,758.2980498000002
45.64300000000003,0.001970466000000004,65.0442,758.2980498000002
45.65299999999979,0.001970466000000004,67.0314,760.2869106000003
45.66300000000001,0.0021482519999999894,65.0442,756.3091890000005
45.67300000000023,0.001970466000000004,65.0442,758.2980498000002
45.68299999999999,0.002503823999999988,67.0314,756.3091890000005
45.69300000000021,0.001970466000000004,66.0378,758.2980498000002
45.702999999999975,0.0021482519999999894,67.0314,758.2980498000002
45.71300000000019,0.0021482519999999894,65.0442,758.2980498000002
45.722999999999956,0.001970466000000004,67.0314,754.3203282000004
45.733000000000175,0.001970466000000004,65.0442,760.2869106000003
45.74299999999994,0.001970466000000004,66.0378,760.2869106000003
45.753000000000156,0.0023260380000000025,67.0314,760.2869106000003
45.76299999999992,0.0023260380000000025,65.0442,756.3091890000005
45.77300000000014,0.0021482519999999894,67.0314,754.3203282000004
45.7829999999999,0.001970466000000004,67.0314,758.2980498000002
45.79300000000012,0.0021482519999999894,67.0314,758.2980498000002
45.802999999999884,0.0021482519999999894,66.0378,758.2980498000002
45.81399999999985,0.001970466000000004,67.0314,756.3091890000005
45.822999999999865,0.001792679999999991,66.0378,760.2869106000003
45.833000000000084,0.0021482519999999894,65.0442,756.3091890000005
45.84299999999985,0.001970466000000004,66.0378,758.2980498000002
45.853000000000065,0.0021482519999999894,67.0314,758.2980498000002
45.86400000000003,0.002681610000000001,65.0442,752.3314674000007
45.87300000000005,0.001970466000000004,66.0378,760.2869106000003
45.88299999999981,0.001792679999999991,66.0378,760.2869106000003
45.89300000000003,0.0021482519999999894,65.0442,758.2980498000002
45.903999999999996,0.001970466000000004,65.0442,756.3091890000005
45.91300000000001,0.001792679999999991,66.0378,758.2980498000002
45.92300000000023,0.001970466000000004,65.0442,758.2980498000002
45.9340000000002,0.0021482519999999894,65.0442,758.2980498000002
45.94399999999996,0.001970466000000004,65.0442,760.2869106000003
45.95400000000018,0.0023260380000000025,66.0378,754.3203282000004
45.96399999999994,0.0021482519999999894,65.0442,758.2980498000002
45.97400000000016,0.001970466000000004,65.0442,758.2980498000002
45.983999999999924,0.001970466000000004,66.0378,760.2869106000003
45.99400000000014,0.0016148939999999917,67.0314,758.2980498000002
46.003999999999905,0.0021482519999999894,66.0378,758.2980498000002
46.014000000000124,0.0021482519999999894,65.0442,758.2980498000002
46.02399999999989,0.001792679999999991,65.0442,758.2980498000002
46.034000000000106,0.0021482519999999894,64.0506,756.3091890000005
46.04399999999987,0.001970466000000004,64.0506,752.3314674000007
46.05400000000009,0.001970466000000004,65.0442,758.2980498000002
46.06399999999985,0.001970466000000004,64.0506,756.3091890000005
46.07400000000007,0.001970466000000004,67.0314,758.2980498000002
46.08399999999983,0.0021482519999999894,68.025,756.3091890000005
46.09400000000005,0.001970466000000004,65.0442,758.2980498000002
46.103999999999814,0.0023260380000000025,66.0378,758.2980498000002
46.11400000000003,0.001970466000000004,66.0378,758.2980498000002
46.123999999999796,0.0023260380000000025,65.0442,756.3091890000005
46.134000000000015,0.001970466000000004,65.0442,752.3314674000007
46.14400000000023,0.0021482519999999894,64.0506,756.3091890000005
46.153999999999996,0.0023260380000000025,67.0314,756.3091890000005
46.164000000000215,0.0023260380000000025,66.0378,758.2980498000002
46.17399999999998,0.001792679999999991,64.0506,754.3203282000004
46.1840000000002,0.001970466000000004,65.0442,756.3091890000005
46.19399999999996,0.0021482519999999894,65.0442,758.2980498000002
46.20400000000018,0.0021482519999999894,66.0378,756.3091890000005
46.21399999999994,0.0021482519999999894,65.0442,756.3091890000005
46.22400000000016,0.0023260380000000025,64.0506,752.3314674000007
46.233999999999924,0.0023260380000000025,65.0442,756.3091890000005
46.24400000000014,0.001970466000000004,67.0314,758.2980498000002
46.253999999999905,0.001970466000000004,65.0442,760.2869106000003
46.264000000000124,0.001792679999999991,65.0442,756.3091890000005
46.27399999999989,0.0023260380000000025,66.0378,756.3091890000005
46.284000000000106,0.0023260380000000025,66.0378,758.2980498000002
46.29399999999987,0.0021482519999999894,66.0378,758.2980498000002
46.30400000000009,0.001970466000000004,66.0378,758.2980498000002
46.31399999999985,0.0023260380000000025,65.0442,752.3314674000007
46.32400000000007,0.001970466000000004,67.0314,760.2869106000003
46.33399999999983,0.0021482519999999894,65.0442,758.2980498000002
46.34400000000005,0.0021482519999999894,66.0378,758.2980498000002
46.353999999999814,0.001792679999999991,66.0378,758.2980498000002
46.36400000000003,0.001970466000000004,64.0506,756.3091890000005
46.373999999999796,0.0023260380000000025,65.0442,756.3091890000005
46.384000000000015,0.001970466000000004,65.0442,760.2869106000003
46.39400000000023,0.0021482519999999894,66.0378,756.3091890000005
46.403999999999996,0.001970466000000004,67.0314,756.3091890000005
46.414000000000215,0.001970466000000004,66.0378,758.2980498000002
46.42399999999998,0.0023260380000000025,66.0378,758.2980498000002
46.4340000000002,0.0021482519999999894,66.0378,758.2980498000002
46.445000000000164,0.001970466000000004,65.0442,752.3314674000007
46.45400000000018,0.001792679999999991,66.0378,758.2980498000002
46.46399999999994,0.001792679999999991,65.0442,758.2980498000002
46.47400000000016,0.001970466000000004,64.0506,756.3091890000005
46.483999999999924,0.001970466000000004,67.0314,756.3091890000005
46.49499999999989,0.0023260380000000025,66.0378,752.3314674000007
46.503999999999905,0.001970466000000004,66.0378,756.3091890000005
46.514000000000124,0.0021482519999999894,65.0442,756.3091890000005
46.52399999999989,0.001792679999999991,65.0442,758.2980498000002
46.534999999999854,0.0021482519999999894,66.0378,756.3091890000005
46.54399999999987,0.0021482519999999894,66.0378,756.3091890000005
46.55400000000009,0.001970466000000004,67.0314,756.3091890000005
46.565000000000055,0.0023260380000000025,65.0442,758.2980498000002
46.57499999999982,0.001792679999999991,66.0378,760.2869106000003
46.585000000000036,0.0021482519999999894,65.0442,758.2980498000002
46.5949999999998,0.001970466000000004,65.0442,758.2980498000002
46.63000000000011,0.0021482519999999894,64.0506,756.3091890000005
46.67500000000018,0.001970466000000004,63.057,752.3314674000007
46.684999999999945,0.0023260380000000025,65.0442,756.3091890000005
46.695000000000164,0.0021482519999999894,67.0314,758.2980498000002
46.70499999999993,0.002503823999999988,66.0378,756.3091890000005
46.715000000000146,0.001970466000000004,65.0442,758.2980498000002
46.72499999999991,0.001970466000000004,66.0378,758.2980498000002
46.73500000000013,0.0023260380000000025,66.0378,756.3091890000005
46.74499999999989,0.0021482519999999894,65.0442,756.3091890000005
46.75500000000011,0.0021482519999999894,65.0442,756.3091890000005
46.76499999999987,0.0021482519999999894,66.0378,754.3203282000004
46.77500000000009,0.001970466000000004,65.0442,760.2869106000003
46.784999999999854,0.001792679999999991,66.0378,758.2980498000002
46.79500000000007,0.0021482519999999894,66.0378,758.2980498000002
46.804999999999836,0.0023260380000000025,66.0378,754.3203282000004
46.815000000000055,0.002503823999999988,66.0378,756.3091890000005
46.82499999999982,0.0023260380000000025,66.0378,758.2980498000002
46.835000000000036,0.001970466000000004,65.0442,756.3091890000005
46.8449999999998,0.0021482519999999894,66.0378,756.3091890000005
46.85500000000002,0.0023260380000000025,67.0314,756.3091890000005
46.86500000000024,0.0021482519999999894,65.0442,758.2980498000002
46.875,0.001970466000000004,65.0442,758.2980498000002
46.88500000000022,0.0023260380000000025,65.0442,756.3091890000005
46.89499999999998,0.001970466000000004,65.0442,754.3203282000004
46.9050000000002,0.001970466000000004,66.0378,758.2980498000002
46.914999999999964,0.0021482519999999894,65.0442,756.3091890000005
46.92500000000018,0.0021482519999999894,66.0378,758.2980498000002
46.934999999999945,0.001970466000000004,65.0442,758.2980498000002
46.945000000000164,0.001970466000000004,65.0442,756.3091890000005
46.95499999999993,0.0021482519999999894,66.0378,758.2980498000002
46.965000000000146,0.0021482519999999894,65.0442,756.3091890000005
46.97499999999991,0.0021482519999999894,64.0506,756.3091890000005
46.98500000000013,0.001792679999999991,65.0442,754.3203282000004
46.99499999999989,0.0021482519999999894,64.0506,756.3091890000005
47.00500000000011,0.0023260380000000025,64.0506,756.3091890000005
47.01499999999987,0.0021482519999999894,65.0442,758.2980498000002
47.02500000000009,0.0021482519999999894,66.0378,758.2980498000002
47.034999999999854,0.001970466000000004,65.0442,758.2980498000002
47.04500000000007,0.0021482519999999894,64.0506,756.3091890000005
47.054999999999836,0.0021482519999999894,65.0442,758.2980498000002
47.07999999999993,0.001970466000000004,66.0378,754.3203282000004
47.090000000000146,0.0021482519999999894,64.0506,756.3091890000005
47.09900000000016,0.0021482519999999894,65.0442,756.3091890000005
47.108999999999924,0.0021482519999999894,67.0314,758.2980498000002
47.11799999999994,0.0021482519999999894,66.0378,754.3203282000004
47.128000000000156,0.001970466000000004,64.0506,758.2980498000002
47.13799999999992,0.001792679999999991,66.0378,760.2869106000003
47.146999999999935,0.0021482519999999894,66.0378,756.3091890000005
47.15700000000015,0.0021482519999999894,64.0506,758.2980498000002
47.166999999999916,0.0023260380000000025,65.0442,752.3314674000007
47.17599999999993,0.001792679999999991,66.0378,758.2980498000002
47.19599999999991,0.001970466000000004,65.0442,760.2869106000003
47.20600000000013,0.0023260380000000025,66.0378,756.3091890000005
47.215999999999894,0.001970466000000004,64.0506,758.2980498000002
47.22600000000011,0.0021482519999999894,66.0378,758.2980498000002
47.235999999999876,0.0023260380000000025,64.0506,758.2980498000002
47.246000000000095,0.0021482519999999894,66.0378,758.2980498000002
47.25599999999986,0.001792679999999991,64.0506,756.3091890000005
47.266000000000076,0.001970466000000004,64.0506,760.2869106000003
47.27599999999984,0.002503823999999988,66.0378,756.3091890000005
47.28600000000006,0.001970466000000004,66.0378,760.2869106000003
47.29599999999982,0.0023260380000000025,65.0442,754.3203282000004
47.30600000000004,0.0023260380000000025,65.0442,758.2980498000002
47.3159999999998,0.0021482519999999894,65.0442,756.3091890000005
47.32600000000002,0.0023260380000000025,66.0378,758.2980498000002
47.33600000000024,0.001970466000000004,66.0378,756.3091890000005
47.346000000000004,0.0023260380000000025,65.0442,756.3091890000005
47.35600000000022,0.001970466000000004,65.0442,758.2980498000002
47.365999999999985,0.0023260380000000025,64.0506,758.2980498000002
47.376000000000204,0.0023260380000000025,65.0442,756.3091890000005
47.38599999999997,0.002503823999999988,66.0378,754.3203282000004
47.396000000000186,0.001970466000000004,65.0442,756.3091890000005
47.40599999999995,0.0021482519999999894,65.0442,758.2980498000002
47.41600000000017,0.0023260380000000025,65.0442,754.3203282000004
47.42599999999993,0.0021482519999999894,66.0378,756.3091890000005
47.43600000000015,0.0021482519999999894,65.0442,754.3203282000004
47.44599999999991,0.001970466000000004,65.0442,758.2980498000002
47.45600000000013,0.0021482519999999894,65.0442,756.3091890000005
47.465999999999894,0.002503823999999988,65.0442,756.3091890000005
47.47600000000011,0.0023260380000000025,65.0442,754.3203282000004
47.485999999999876,0.0023260380000000025,66.0378,756.3091890000005
47.496000000000095,0.0023260380000000025,66.0378,756.3091890000005
47.50599999999986,0.0023260380000000025,66.0378,758.2980498000002
47.516000000000076,0.001970466000000004,65.0442,758.2980498000002
47.52599999999984,0.002503823999999988,66.0378,752.3314674000007
47.53600000000006,0.0021482519999999894,66.0378,756.3091890000005
47.54599999999982,0.0021482519999999894,64.0506,756.3091890000005
47.55600000000004,0.0021482519999999894,64.0506,756.3091890000005
47.5659999999998,0.0023260380000000025,65.0442,754.3203282000004
47.57600000000002,0.0023260380000000025,66.0378,756.3091890000005
47.58600000000024,0.0021482519999999894,65.0442,758.2980498000002
47.596000000000004,0.0021482519999999894,65.0442,758.2980498000002
47.60600000000022,0.0021482519999999894,65.0442,756.3091890000005
47.615999999999985,0.0021482519999999894,66.0378,754.3203282000004
47.626000000000204,0.001970466000000004,64.0506,756.3091890000005
47.63599999999997,0.001970466000000004,64.0506,756.3091890000005
47.646000000000186,0.001970466000000004,65.0442,758.2980498000002
47.65599999999995,0.001970466000000004,64.0506,756.3091890000005
47.66600000000017,0.001792679999999991,65.0442,758.2980498000002
47.67599999999993,0.001970466000000004,65.0442,760.2869106000003
47.68600000000015,0.0023260380000000025,64.0506,758.2980498000002
47.69599999999991,0.0023260380000000025,65.0442,754.3203282000004
47.70699999999988,0.0021482519999999894,64.0506,754.3203282000004
47.715999999999894,0.0023260380000000025,65.0442,756.3091890000005
47.72600000000011,0.0023260380000000025,66.0378,756.3091890000005
47.735999999999876,0.0021482519999999894,65.0442,756.3091890000005
47.746999999999844,0.0021482519999999894,63.057,752.3314674000007
47.75599999999986,0.0021482519999999894,64.0506,756.3091890000005
47.766000000000076,0.0023260380000000025,65.0442,756.3091890000005
47.77599999999984,0.0021482519999999894,65.0442,758.2980498000002
47.78600000000006,0.0021482519999999894,65.0442,756.3091890000005
47.797000000000025,0.0021482519999999894,65.0442,756.3091890000005
47.80600000000004,0.001970466000000004,65.0442,756.3091890000005
47.81700000000001,0.0021482519999999894,65.0442,756.3091890000005
47.827000000000226,0.0021482519999999894,65.0442,756.3091890000005
47.83699999999999,0.0021482519999999894,66.0378,752.3314674000007
47.84700000000021,0.001970466000000004,65.0442,758.2980498000002
47.85699999999997,0.0021482519999999894,65.0442,756.3091890000005
47.86700000000019,0.001970466000000004,65.0442,758.2980498000002
47.87699999999995,0.0021482519999999894,65.0442,758.2980498000002
47.88700000000017,0.0023260380000000025,64.0506,752.3314674000007
47.896999999999935,0.0021482519999999894,64.0506,756.3091890000005
47.90700000000015,0.0021482519999999894,64.0506,758.2980498000002
47.916999999999916,0.0023260380000000025,65.0442,756.3091890000005
47.927000000000135,0.0023260380000000025,64.0506,752.3314674000007
47.9369999999999,0.0021482519999999894,65.0442,758.2980498000002
47.947000000000116,0.0021482519999999894,65.0442,758.2980498000002
47.95699999999988,0.001970466000000004,66.0378,756.3091890000005
47.9670000000001,0.0021482519999999894,64.0506,758.2980498000002
47.97699999999986,0.001792679999999991,66.0378,758.2980498000002
47.98700000000008,0.0021482519999999894,64.0506,756.3091890000005
47.996999999999844,0.001970466000000004,65.0442,756.3091890000005
48.00700000000006,0.0021482519999999894,64.0506,756.3091890000005
48.016999999999825,0.0021482519999999894,63.057,754.3203282000004
48.027000000000044,0.0021482519999999894,65.0442,756.3091890000005
48.03699999999981,0.0021482519999999894,65.0442,758.2980498000002
48.047000000000025,0.001970466000000004,64.0506,758.2980498000002
48.05699999999979,0.001970466000000004,66.0378,760.2869106000003
48.06700000000001,0.0021482519999999894,66.0378,752.3314674000007
48.077000000000226,0.0023260380000000025,64.0506,756.3091890000005
48.08699999999999,0.0021482519999999894,64.0506,758.2980498000002
48.09700000000021,0.0021482519999999894,64.0506,758.2980498000002
48.10699999999997,0.001970466000000004,65.0442,754.3203282000004
48.11700000000019,0.001970466000000004,65.0442,758.2980498000002
48.12699999999995,0.0023260380000000025,65.0442,756.3091890000005
48.13700000000017,0.0023260380000000025,63.057,756.3091890000005
48.146999999999935,0.0023260380000000025,66.0378,758.2980498000002
48.15700000000015,0.001970466000000004,64.0506,754.3203282000004
48.166999999999916,0.0023260380000000025,65.0442,756.3091890000005
48.177000000000135,0.0021482519999999894,64.0506,756.3091890000005
48.1869999999999,0.001970466000000004,63.057,756.3091890000005
48.197000000000116,0.001970466000000004,64.0506,758.2980498000002
48.20699999999988,0.0021482519999999894,64.0506,758.2980498000002
48.2170000000001,0.001970466000000004,64.0506,756.3091890000005
48.22699999999986,0.0021482519999999894,64.0506,756.3091890000005
48.23700000000008,0.0023260380000000025,65.0442,758.2980498000002
48.246999999999844,0.002503823999999988,65.0442,752.3314674000007
48.25700000000006,0.001970466000000004,64.0506,758.2980498000002
48.266999999999825,0.0021482519999999894,66.0378,758.2980498000002
48.277000000000044,0.0021482519999999894,64.0506,756.3091890000005
48.28699999999981,0.001970466000000004,65.0442,754.3203282000004
48.297000000000025,0.0023260380000000025,65.0442,758.2980498000002
48.30699999999979,0.0023260380000000025,65.0442,756.3091890000005
48.31700000000001,0.0021482519999999894,66.0378,758.2980498000002
48.327000000000226,0.0021482519999999894,64.0506,758.2980498000002
48.33800000000019,0.001970466000000004,65.0442,754.3203282000004
48.34700000000021,0.001970466000000004,67.0314,760.2869106000003
48.35699999999997,0.001970466000000004,65.0442,760.2869106000003
48.36700000000019,0.0023260380000000025,65.0442,756.3091890000005
48.378000000000156,0.001970466000000004,65.0442,756.3091890000005
48.38700000000017,0.001792679999999991,65.0442,760.2869106000003
48.396999999999935,0.001970466000000004,64.0506,756.3091890000005
48.40700000000015,0.0021482519999999894,66.0378,756.3091890000005
48.416999999999916,0.0023260380000000025,64.0506,756.3091890000005
48.427999999999884,0.0023260380000000025,65.0442,754.3203282000004
48.4380000000001,0.0021482519999999894,64.0506,758.2980498000002
48.447999999999865,0.0021482519999999894,64.0506,758.2980498000002
48.458000000000084,0.001970466000000004,65.0442,758.2980498000002
48.46799999999985,0.001970466000000004,63.057,754.3203282000004
48.478000000000065,0.001970466000000004,63.057,760.2869106000003
48.48799999999983,0.001970466000000004,64.0506,760.2869106000003
48.49800000000005,0.0021482519999999894,64.0506,754.3203282000004
48.50799999999981,0.0021482519999999894,63.057,754.3203282000004
48.51800000000003,0.0023260380000000025,63.057,752.3314674000007
48.52799999999979,0.001970466000000004,67.0314,758.2980498000002
48.53800000000001,0.0021482519999999894,64.0506,758.2980498000002
48.54800000000023,0.0023260380000000025,64.0506,758.2980498000002
48.55799999999999,0.0023260380000000025,63.057,754.3203282000004
48.56800000000021,0.0023260380000000025,64.0506,756.3091890000005
48.577999999999975,0.0021482519999999894,65.0442,756.3091890000005
48.58800000000019,0.002503823999999988,64.0506,754.3203282000004
48.597999999999956,0.0021482519999999894,65.0442,758.2980498000002
48.608000000000175,0.002503823999999988,63.057,750.3426066000002
48.61799999999994,0.0021482519999999894,64.0506,758.2980498000002
48.628000000000156,0.0023260380000000025,65.0442,758.2980498000002
48.63799999999992,0.0021482519999999894,64.0506,756.3091890000005
48.64800000000014,0.0023260380000000025,65.0442,752.3314674000007
48.6579999999999,0.0021482519999999894,64.0506,756.3091890000005
48.66800000000012,0.0023260380000000025,64.0506,756.3091890000005
48.677999999999884,0.0021482519999999894,66.0378,758.2980498000002
48.6880000000001,0.001792679999999991,64.0506,760.2869106000003
48.697999999999865,0.0021482519999999894,66.0378,758.2980498000002
48.708000000000084,0.0021482519999999894,64.0506,756.3091890000005
48.71799999999985,0.0021482519999999894,66.0378,758.2980498000002
48.728000000000065,0.001970466000000004,65.0442,756.3091890000005
48.73799999999983,0.001970466000000004,63.057,754.3203282000004
48.74800000000005,0.0021482519999999894,64.0506,756.3091890000005
48.75799999999981,0.0021482519999999894,65.0442,758.2980498000002
48.76800000000003,0.0023260380000000025,65.0442,758.2980498000002
48.77799999999979,0.0021482519999999894,63.057,756.3091890000005
48.78800000000001,0.001792679999999991,63.057,754.3203282000004
48.79800000000023,0.0021482519999999894,63.057,756.3091890000005
48.80799999999999,0.0021482519999999894,64.0506,758.2980498000002
48.81800000000021,0.0021482519999999894,65.0442,758.2980498000002
48.827999999999975,0.0021482519999999894,62.0634,754.3203282000004
48.83800000000019,0.0021482519999999894,64.0506,756.3091890000005
48.847999999999956,0.0021482519999999894,65.0442,758.2980498000002
48.858000000000175,0.0023260380000000025,64.0506,756.3091890000005
48.86799999999994,0.0023260380000000025,64.0506,756.3091890000005
48.88000000000011,0.0023260380000000025,64.0506,756.3091890000005
48.88999999999987,0.001970466000000004,65.0442,758.2980498000002
48.89899999999989,0.001970466000000004,64.0506,758.2980498000002
48.909000000000106,0.0021482519999999894,64.0506,756.3091890000005
48.927999999999884,0.0021482519999999894,65.0442,758.2980498000002
48.9380000000001,0.0021482519999999894,63.057,758.2980498000002
48.947999999999865,0.0021482519999999894,65.0442,756.3091890000005
48.958000000000084,0.001792679999999991,64.0506,758.2980498000002
48.96900000000005,0.001970466000000004,64.0506,756.3091890000005
48.978000000000065,0.001970466000000004,64.0506,758.2980498000002
48.98799999999983,0.0023260380000000025,64.0506,758.2980498000002
48.99800000000005,0.0023260380000000025,63.057,754.3203282000004
49.009000000000015,0.0023260380000000025,63.057,752.3314674000007
49.01800000000003,0.0021482519999999894,63.057,754.3203282000004
49.02799999999979,0.0021482519999999894,63.057,756.3091890000005
49.03800000000001,0.002503823999999988,64.0506,754.3203282000004
49.04800000000023,0.0021482519999999894,65.0442,758.2980498000002
49.0590000000002,0.001970466000000004,66.0378,756.3091890000005
49.06899999999996,0.001970466000000004,64.0506,758.2980498000002
49.07900000000018,0.001970466000000004,65.0442,758.2980498000002
49.08899999999994,0.0023260380000000025,65.0442,756.3091890000005
49.09900000000016,0.001970466000000004,65.0442,758.2980498000002
49.108999999999924,0.0023260380000000025,63.057,754.3203282000004
49.11900000000014,0.0023260380000000025,64.0506,756.3091890000005
49.15000000000009,0.001792679999999991,64.0506,756.3091890000005
49.195000000000164,0.0021482519999999894,65.0442,754.3203282000004
49.20499999999993,0.002503823999999988,64.0506,754.3203282000004
49.21399999999994,0.002503823999999988,63.057,754.3203282000004
49.22400000000016,0.0021482519999999894,63.057,758.2980498000002
49.233999999999924,0.0023260380000000025,66.0378,754.3203282000004
49.24299999999994,0.0023260380000000025,64.0506,756.3091890000005
49.253000000000156,0.0023260380000000025,65.0442,754.3203282000004
49.26299999999992,0.001970466000000004,64.0506,758.2980498000002
49.271999999999935,0.0023260380000000025,65.0442,758.2980498000002
49.28200000000015,0.0021482519999999894,66.0378,756.3091890000005
49.291999999999916,0.001970466000000004,65.0442,758.2980498000002
49.30099999999993,0.0016148939999999917,65.0442,756.3091890000005
49.31100000000015,0.001970466000000004,65.0442,758.2980498000002
49.32099999999991,0.0023260380000000025,65.0442,754.3203282000004
49.32999999999993,0.001970466000000004,66.0378,756.3091890000005
49.340000000000146,0.0021482519999999894,65.0442,756.3091890000005
49.358999999999924,0.0021482519999999894,63.057,758.2980498000002
49.36900000000014,0.001970466000000004,65.0442,758.2980498000002
49.378999999999905,0.0021482519999999894,63.057,758.2980498000002
49.389000000000124,0.0023260380000000025,63.057,756.3091890000005
49.39899999999989,0.0021482519999999894,64.0506,758.2980498000002
49.409000000000106,0.001970466000000004,64.0506,758.2980498000002
49.41899999999987,0.0021482519999999894,62.0634,754.3203282000004
49.42900000000009,0.0021482519999999894,64.0506,758.2980498000002
49.43899999999985,0.0021482519999999894,64.0506,756.3091890000005
49.44900000000007,0.001970466000000004,64.0506,756.3091890000005
49.45899999999983,0.001792679999999991,63.057,758.2980498000002
49.46900000000005,0.0021482519999999894,64.0506,758.2980498000002
49.478999999999814,0.001970466000000004,65.0442,758.2980498000002
49.48900000000003,0.002503823999999988,65.0442,756.3091890000005
49.498999999999796,0.0021482519999999894,64.0506,756.3091890000005
49.509000000000015,0.001970466000000004,65.0442,756.3091890000005
49.51900000000023,0.001792679999999991,63.057,758.2980498000002
49.528999999999996,0.0021482519999999894,65.0442,758.2980498000002
49.539000000000215,0.0021482519999999894,65.0442,758.2980498000002
49.55000000000018,0.001970466000000004,64.0506,756.3091890000005
49.5590000000002,0.0021482519999999894,66.0378,758.2980498000002
49.56899999999996,0.001970466000000004,64.0506,756.3091890000005
49.57900000000018,0.0021482519999999894,65.0442,758.2980498000002
49.58899999999994,0.0021482519999999894,64.0506,756.3091890000005
49.59900000000016,0.0021482519999999894,65.0442,754.3203282000004
49.608999999999924,0.001970466000000004,63.057,756.3091890000005
49.61900000000014,0.0023260380000000025,64.0506,754.3203282000004
49.628999999999905,0.0021482519999999894,65.0442,758.2980498000002
49.63999999999987,0.002681610000000001,65.0442,754.3203282000004
49.64899999999989,0.0021482519999999894,65.0442,758.2980498000002
49.659000000000106,0.002503823999999988,64.0506,756.3091890000005
49.66899999999987,0.001970466000000004,63.057,760.2869106000003
49.679999999999836,0.0023260380000000025,64.0506,756.3091890000005
49.690000000000055,0.0021482519999999894,65.0442,756.3091890000005
49.69999999999982,0.0023260380000000025,63.057,756.3091890000005
49.710000000000036,0.0023260380000000025,63.057,756.3091890000005
49.7199999999998,0.001970466000000004,63.057,758.2980498000002
49.73000000000002,0.0023260380000000025,64.0506,754.3203282000004
49.74000000000024,0.0023260380000000025,64.0506,754.3203282000004
49.75,0.0023260380000000025,64.0506,758.2980498000002
49.76000000000022,0.0023260380000000025,65.0442,756.3091890000005
49.76999999999998,0.001792679999999991,62.0634,758.2980498000002
49.7800000000002,0.0021482519999999894,66.0378,754.3203282000004
49.789999999999964,0.002503823999999988,65.0442,756.3091890000005
49.80000000000018,0.0021482519999999894,64.0506,758.2980498000002
49.809999999999945,0.001970466000000004,63.057,756.3091890000005
49.820000000000164,0.001970466000000004,64.0506,754.3203282000004
49.82999999999993,0.0021482519999999894,64.0506,756.3091890000005
49.840000000000146,0.0023260380000000025,64.0506,756.3091890000005
49.84999999999991,0.0021482519999999894,64.0506,758.2980498000002
49.86000000000013,0.0023260380000000025,65.0442,758.2980498000002
49.86999999999989,0.001970466000000004,65.0442,756.3091890000005
49.88000000000011,0.001970466000000004,64.0506,758.2980498000002
49.88999999999987,0.0021482519999999894,64.0506,756.3091890000005
49.90000000000009,0.002503823999999988,63.057,754.3203282000004
49.909999999999854,0.0016148939999999917,64.0506,756.3091890000005
49.92000000000007,0.0023260380000000025,64.0506,756.3091890000005
49.929999999999836,0.001970466000000004,63.057,758.2980498000002
49.940000000000055,0.001970466000000004,64.0506,758.2980498000002
49.94999999999982,0.0023260380000000025,64.0506,756.3091890000005
49.960000000000036,0.001970466000000004,63.057,756.3091890000005
49.9699999999998,0.001970466000000004,63.057,758.2980498000002
49.98000000000002,0.001970466000000004,65.0442,760.2869106000003
49.99000000000024,0.0021482519999999894,64.0506,760.2869106000003
50.0,0.0023260380000000025,63.057,754.3203282000004
50.01000000000022,0.0021482519999999894,63.057,758.2980498000002
50.01999999999998,0.001970466000000004,64.0506,758.2980498000002
50.0300000000002,0.0021482519999999894,65.0442,758.2980498000002
50.039999999999964,0.001970466000000004,64.0506,758.2980498000002
50.05000000000018,0.001970466000000004,65.0442,758.2980498000002
50.059999999999945,0.001970466000000004,64.0506,758.2980498000002
50.070000000000164,0.001970466000000004,64.0506,758.2980498000002
50.07999999999993,0.0023260380000000025,63.057,756.3091890000005
50.090000000000146,0.0023260380000000025,64.0506,754.3203282000004
50.09999999999991,0.001970466000000004,65.0442,758.2980498000002
50.11000000000013,0.0021482519999999894,66.0378,758.2980498000002
50.11999999999989,0.0021482519999999894,65.0442,758.2980498000002
50.13000000000011,0.001970466000000004,66.0378,756.3091890000005
50.13999999999987,0.001970466000000004,62.0634,756.3091890000005
50.15000000000009,0.001970466000000004,63.057,754.3203282000004
50.159999999999854,0.001792679999999991,64.0506,760.2869106000003
50.17000000000007,0.001970466000000004,64.0506,756.3091890000005
50.18100000000004,0.0021482519999999894,64.0506,756.3091890000005
50.190000000000055,0.0021482519999999894,64.0506,756.3091890000005
50.19999999999982,0.0021482519999999894,63.057,756.3091890000005
50.210000000000036,0.0021482519999999894,64.0506,758.2980498000002
50.221000000000004,0.001970466000000004,61.06980000000001,756.3091890000005
50.23100000000022,0.0021482519999999894,64.0506,756.3091890000005
50.24000000000024,0.001970466000000004,63.057,758.2980498000002
50.25,0.0021482519999999894,63.057,758.2980498000002
50.26000000000022,0.002503823999999988,64.0506,756.3091890000005
50.271000000000186,0.001970466000000004,64.0506,756.3091890000005
50.2800000000002,0.0021482519999999894,63.057,758.2980498000002
50.289999999999964,0.0021482519999999894,63.057,756.3091890000005
50.30000000000018,0.0021482519999999894,64.0506,758.2980498000002
50.31100000000015,0.001970466000000004,62.0634,758.2980498000002
50.32099999999991,0.001792679999999991,64.0506,756.3091890000005
50.33100000000013,0.001970466000000004,63.057,758.2980498000002
50.340999999999894,0.001792679999999991,63.057,758.2980498000002
50.35100000000011,0.001970466000000004,64.0506,758.2980498000002
50.360999999999876,0.0021482519999999894,64.0506,754.3203282000004
50.371000000000095,0.0021482519999999894,64.0506,758.2980498000002
50.38099999999986,0.001970466000000004,65.0442,758.2980498000002
50.391000000000076,0.0021482519999999894,64.0506,758.2980498000002
50.40099999999984,0.0021482519999999894,64.0506,754.3203282000004
50.41100000000006,0.001970466000000004,63.057,758.2980498000002
50.42099999999982,0.001970466000000004,62.0634,758.2980498000002
50.43100000000004,0.0023260380000000025,63.057,756.3091890000005
50.4409999999998,0.001970466000000004,65.0442,758.2980498000002
50.45100000000002,0.0021482519999999894,64.0506,756.3091890000005
50.46100000000024,0.0021482519999999894,63.057,756.3091890000005
50.471000000000004,0.0021482519999999894,64.0506,758.2980498000002
50.48100000000022,0.0023260380000000025,64.0506,758.2980498000002
50.490999999999985,0.0021482519999999894,63.057,756.3091890000005
50.501000000000204,0.0021482519999999894,64.0506,758.2980498000002
50.51099999999997,0.0021482519999999894,63.057,756.3091890000005
50.521000000000186,0.001970466000000004,64.0506,760.2869106000003
50.53099999999995,0.0023260380000000025,64.0506,758.2980498000002
50.54100000000017,0.001970466000000004,62.0634,756.3091890000005
50.55099999999993,0.0021482519999999894,64.0506,758.2980498000002
50.56100000000015,0.0021482519999999894,64.0506,758.2980498000002
50.57099999999991,0.002503823999999988,63.057,754.3203282000004
50.58100000000013,0.0021482519999999894,64.0506,754.3203282000004
50.590999999999894,0.0021482519999999894,65.0442,756.3091890000005
50.60100000000011,0.001970466000000004,63.057,758.2980498000002
50.610999999999876,0.001970466000000004,63.057,758.2980498000002
50.621000000000095,0.0021482519999999894,64.0506,758.2980498000002
50.63099999999986,0.001792679999999991,66.0378,758.2980498000002
50.641000000000076,0.001970466000000004,63.057,756.3091890000005
50.65099999999984,0.0021482519999999894,64.0506,758.2980498000002
50.66100000000006,0.0021482519999999894,63.057,756.3091890000005
50.67099999999982,0.001970466000000004,63.057,758.2980498000002
50.68100000000004,0.0021482519999999894,62.0634,756.3091890000005
50.6909999999998,0.001970466000000004,64.0506,758.2980498000002
50.70100000000002,0.0021482519999999894,63.057,758.2980498000002
50.71100000000024,0.001970466000000004,62.0634,756.3091890000005
50.721000000000004,0.001970466000000004,65.0442,754.3203282000004
50.73100000000022,0.0021482519999999894,63.057,758.2980498000002
