Time (s),Channel 1 (mA),Channel 2 (mV),Channel 3 (mV)
0.0,0.0009037499999999948,348.2202,4.519806600000038
0.009999999999990905,0.0009037499999999948,348.2202,6.508667400000149
0.01999999999998181,0.001081535999999994,349.2138,6.508667400000149
0.029999999999972715,0.001081535999999994,349.2138,6.508667400000149
0.03999999999996362,0.0009037499999999948,349.2138,6.508667400000149
0.05000000000001137,0.0007259639999999956,345.2394,4.519806600000038
0.060000000000002274,0.0009037499999999948,348.2202,6.508667400000149
0.06999999999999318,0.0007259639999999956,350.2074,8.497528200000033
0.07999999999998408,0.0005481779999999825,346.233,6.508667400000149
0.08999999999997499,0.0007259639999999956,344.2458,4.519806600000038
0.0999999999999659,0.0007259639999999956,347.22659999999996,6.508667400000149
0.11000000000001364,0.0009037499999999948,349.2138,8.497528200000033
0.12000000000000455,0.0007259639999999956,348.2202,8.497528200000033
0.12999999999999545,0.001081535999999994,350.2074,8.497528200000033
0.13999999999998636,0.0009037499999999948,347.22659999999996,4.519806600000038
0.14999999999997726,0.0009037499999999948,347.22659999999996,8.497528200000033
0.15999999999996817,0.0009037499999999948,347.22659999999996,6.508667400000149
0.17000000000001592,0.0009037499999999948,348.2202,6.508667400000149
0.18899999999996453,0.0009037499999999948,346.233,4.519806600000038
0.19799999999997908,0.0009037499999999948,349.2138,4.519806600000038
0.20799999999997,0.0009037499999999948,351.20099999999996,6.508667400000149
0.21699999999998454,0.0007259639999999956,350.2074,8.497528200000033
0.22699999999997544,0.0007259639999999956,346.233,4.519806600000038
0.23599999999999,0.0007259639999999956,348.2202,6.508667400000149
0.2459999999999809,0.0009037499999999948,347.22659999999996,6.508667400000149
0.25499999999999545,0.0009037499999999948,349.2138,6.508667400000149
0.26499999999998636,0.0009037499999999948,348.2202,6.508667400000149
0.27499999999997726,0.0009037499999999948,346.233,2.5309457999999267
0.2839999999999918,0.0009037499999999948,348.2202,6.508667400000149
0.2939999999999827,0.0012593219999999933,350.2074,6.508667400000149
0.30299999999999727,0.0009037499999999948,348.2202,6.508667400000149
0.3120000000000118,0.001081535999999994,349.2138,8.497528200000033
0.32200000000000273,0.0005481779999999825,345.2394,6.508667400000149
0.33199999999999363,0.001081535999999994,349.2138,6.508667400000149
0.3410000000000082,0.0009037499999999948,351.20099999999996,8.497528200000033
0.36000000000001364,0.0009037499999999948,348.2202,4.519806600000038
0.37000000000000455,0.001081535999999994,348.2202,6.508667400000149
0.37999999999999545,0.0007259639999999956,347.22659999999996,8.497528200000033
0.38999999999998636,0.0009037499999999948,347.22659999999996,8.497528200000033
0.39999999999997726,0.0009037499999999948,350.2074,6.508667400000149
0.41100000000000136,0.001081535999999994,347.22659999999996,6.508667400000149
0.4200000000000159,0.001081535999999994,349.2138,6.508667400000149
0.4300000000000068,0.0007259639999999956,347.22659999999996,6.508667400000149
0.4399999999999977,0.0007259639999999956,348.2202,8.497528200000033
0.450999999999965,0.0009037499999999948,346.233,6.508667400000149
0.45999999999997954,0.0009037499999999948,349.2138,6.508667400000149
0.46999999999997044,0.001081535999999994,350.2074,6.508667400000149
0.4800000000000182,0.0009037499999999948,348.2202,6.508667400000149
0.49099999999998545,0.0009037499999999948,349.2138,6.508667400000149
0.5009999999999764,0.0009037499999999948,343.25219999999996,4.519806600000038
0.5109999999999673,0.0009037499999999948,348.2202,8.497528200000033
0.521000000000015,0.0007259639999999956,349.2138,8.497528200000033
0.5310000000000059,0.001081535999999994,350.2074,8.497528200000033
0.5409999999999968,0.0009037499999999948,347.22659999999996,4.519806600000038
0.5509999999999877,0.0009037499999999948,347.22659999999996,6.508667400000149
0.5609999999999786,0.0007259639999999956,347.22659999999996,8.497528200000033
0.5709999999999695,0.0009037499999999948,348.2202,8.497528200000033
0.5810000000000173,0.001081535999999994,348.2202,6.508667400000149
0.5910000000000082,0.001081535999999994,350.2074,6.508667400000149
0.6009999999999991,0.0009037499999999948,349.2138,8.497528200000033
0.61099999999999,0.0009037499999999948,349.2138,6.508667400000149
0.6209999999999809,0.0009037499999999948,348.2202,6.508667400000149
0.6309999999999718,0.0009037499999999948,347.22659999999996,4.519806600000038
0.6410000000000196,0.0009037499999999948,348.2202,8.497528200000033
0.6510000000000105,0.0009037499999999948,350.2074,6.508667400000149
0.6610000000000014,0.0007259639999999956,349.2138,8.497528200000033
0.6709999999999923,0.001081535999999994,348.2202,4.519806600000038
0.6809999999999832,0.0009037499999999948,345.2394,2.5309457999999267
0.6909999999999741,0.001081535999999994,350.2074,6.508667400000149
0.700999999999965,0.0012593219999999933,351.20099999999996,6.508667400000149
0.7110000000000127,0.001081535999999994,348.2202,6.508667400000149
0.7210000000000036,0.0009037499999999948,348.2202,6.508667400000149
0.7309999999999945,0.0012593219999999933,349.2138,6.508667400000149
0.7409999999999854,0.001081535999999994,349.2138,6.508667400000149
0.7509999999999764,0.0009037499999999948,350.2074,6.508667400000149
0.7609999999999673,0.001081535999999994,349.2138,6.508667400000149
0.771000000000015,0.0005481779999999825,345.2394,6.508667400000149
0.7810000000000059,0.0007259639999999956,347.22659999999996,8.497528200000033
0.7909999999999968,0.001081535999999994,349.2138,6.508667400000149
0.8009999999999877,0.0009037499999999948,348.2202,6.508667400000149
0.8120000000000118,0.001081535999999994,348.2202,4.519806600000038
0.8310000000000173,0.0009037499999999948,351.20099999999996,6.508667400000149
0.8410000000000082,0.0009037499999999948,351.20099999999996,6.508667400000149
0.8629999999999995,0.0007259639999999956,350.2074,6.508667400000149
0.8729999999999905,0.0009037499999999948,353.1882,8.497528200000033
0.882000000000005,0.0012593219999999933,352.1946,4.519806600000038
0.9010000000000105,0.001081535999999994,352.1946,6.508667400000149
0.9110000000000014,0.0009037499999999948,351.20099999999996,6.508667400000149
0.9209999999999923,0.001081535999999994,353.1882,6.508667400000149
0.9309999999999832,0.0007259639999999956,351.20099999999996,6.508667400000149
0.9409999999999741,0.0009037499999999948,351.20099999999996,6.508667400000149
0.9519999999999982,0.0009037499999999948,352.1946,4.519806600000038
0.9610000000000127,0.0012593219999999933,351.20099999999996,38.330440199999884
0.9710000000000036,0.0016148939999999917,350.2074,36.3415794
0.9979999999999905,0.001970466000000004,351.20099999999996,30.37499700000012
1.0079999999999814,0.0014371079999999925,351.20099999999996,38.330440199999884
1.016999999999996,0.001792679999999991,352.1946,36.3415794
1.0269999999999868,0.0021482519999999894,354.1818,36.3415794
1.0360000000000014,0.001970466000000004,349.2138,34.35271860000012
1.0459999999999923,0.0016148939999999917,353.1882,38.330440199999884
1.0559999999999832,0.001792679999999991,354.1818,36.3415794
1.0649999999999977,0.0014371079999999925,353.1882,40.319300999999996
1.0740000000000123,0.001792679999999991,353.1882,38.330440199999884
1.0840000000000032,0.001970466000000004,352.1946,34.35271860000012
1.093999999999994,0.0023260380000000025,354.1818,68.16335219999996
1.1030000000000086,0.0028593959999999863,353.1882,66.17449140000008
1.1329999999999814,0.0028593959999999863,349.2138,64.1856306000002
1.1429999999999723,0.0030371819999999994,352.1946,66.17449140000008
1.1619999999999777,0.002681610000000001,351.20099999999996,66.17449140000008
1.1719999999999686,0.0030371819999999994,353.1882,66.17449140000008
1.1820000000000164,0.002681610000000001,350.2074,66.17449140000008
1.1920000000000073,0.0030371819999999994,353.1882,66.17449140000008
1.2019999999999982,0.0028593959999999863,350.2074,66.17449140000008
1.211999999999989,0.0028593959999999863,352.1946,66.17449140000008
1.22199999999998,0.002681610000000001,352.1946,64.1856306000002
1.231999999999971,0.0039261119999999955,353.1882,96.00740339999993
1.2420000000000186,0.004281683999999994,353.1882,97.99626420000004
1.2679999999999723,0.004459469999999993,350.2074,94.01854260000005
1.2779999999999632,0.004281683999999994,350.2074,96.00740339999993
1.2869999999999777,0.004281683999999994,353.1882,97.99626420000004
1.2969999999999686,0.004281683999999994,352.1946,96.00740339999993
1.3059999999999832,0.004281683999999994,349.2138,94.01854260000005
1.315999999999974,0.004459469999999993,353.1882,97.99626420000004
1.3249999999999886,0.004459469999999993,353.1882,96.00740339999993
1.3349999999999795,0.004281683999999994,354.1818,97.99626420000004
1.343999999999994,0.004459469999999993,352.1946,96.00740339999993
1.353999999999985,0.004103897999999995,353.1882,96.00740339999993
1.363999999999976,0.005703972000000002,354.1818,123.85145460000012
1.3729999999999905,0.006592901999999998,350.2074,123.85145460000012
1.4029999999999632,0.006237329999999999,349.2138,123.85145460000012
1.413000000000011,0.006059544,353.1882,127.82917620000012
1.4320000000000164,0.0064151159999999985,352.1946,125.84031540000001
1.4420000000000073,0.006237329999999999,350.2074,123.85145460000012
1.4519999999999982,0.005881757999999987,351.20099999999996,125.84031540000001
1.461999999999989,0.006237329999999999,354.1818,125.84031540000001
1.47199999999998,0.006059544,350.2074,125.84031540000001
1.481999999999971,0.006059544,351.20099999999996,127.82917620000012
1.4920000000000186,0.006059544,350.2074,123.85145460000012
1.5020000000000095,0.008015189999999991,352.1946,155.6732274000001
1.5120000000000005,0.008904119999999988,352.1946,155.6732274000001
1.538000000000011,0.008370762000000004,348.2202,157.6620882000002
1.5480000000000018,0.00854854799999999,350.2074,157.6620882000002
1.5570000000000164,0.008370762000000004,351.20099999999996,155.6732274000001
1.5670000000000073,0.00854854799999999,351.20099999999996,155.6732274000001
1.5769999999999982,0.008370762000000004,352.1946,155.6732274000001
1.5860000000000127,0.008370762000000004,353.1882,157.6620882000002
1.5960000000000036,0.008370762000000004,350.2074,155.6732274000001
1.6050000000000182,0.00819297599999999,353.1882,159.65094900000008
1.615000000000009,0.00819297599999999,352.1946,155.6732274000001
1.6239999999999668,0.007837403999999992,350.2074,155.6732274000001
1.6340000000000146,0.010148621999999996,354.1818,191.47272180000004
1.6429999999999723,0.011215337999999991,352.1946,187.49500020000005
1.6730000000000018,0.011037551999999992,350.2074,185.50613939999994
1.6920000000000073,0.011393124000000004,352.1946,185.50613939999994
1.7019999999999982,0.011037551999999992,350.2074,185.50613939999994
1.7129999999999654,0.010859765999999993,351.20099999999996,187.49500020000005
1.72199999999998,0.010681979999999994,352.1946,185.50613939999994
1.731999999999971,0.010859765999999993,352.1946,187.49500020000005
1.742999999999995,0.011037551999999992,354.1818,185.50613939999994
1.752999999999986,0.010859765999999993,349.2138,185.50613939999994
1.7629999999999768,0.010504193999999994,351.20099999999996,185.50613939999994
1.7729999999999677,0.012815411999999984,348.2202,215.33905140000002
1.7830000000000155,0.014059913999999993,351.20099999999996,215.33905140000002
1.8079999999999927,0.013882127999999994,350.2074,215.33905140000002
1.8179999999999836,0.013882127999999994,352.1946,215.33905140000002
1.8269999999999982,0.013704341999999994,350.2074,217.32791220000013
1.836999999999989,0.013704341999999994,352.1946,215.33905140000002
1.84699999999998,0.014059913999999993,350.2074,213.35019060000013
1.8559999999999945,0.013704341999999994,350.2074,215.33905140000002
1.8659999999999854,0.013526555999999995,350.2074,215.33905140000002
1.875,0.013526555999999995,352.1946,217.32791220000013
1.884999999999991,0.013526555999999995,351.20099999999996,215.33905140000002
1.8940000000000055,0.013170983999999997,351.20099999999996,215.33905140000002
1.9039999999999964,0.016015559999999998,352.1946,247.1608242000002
1.9230000000000018,0.017260061999999993,351.20099999999996,247.1608242000002
1.9429999999999836,0.017082275999999993,348.2202,245.17196339999987
1.9529999999999745,0.017260061999999993,354.1818,245.17196339999987
1.9629999999999654,0.016904489999999994,351.20099999999996,247.1608242000002
1.9730000000000132,0.017082275999999993,351.20099999999996,247.1608242000002
1.983000000000004,0.017082275999999993,348.2202,243.18310259999998
1.992999999999995,0.016904489999999994,352.1946,247.1608242000002
2.002999999999986,0.016904489999999994,353.1882,249.1496850000001
2.012999999999977,0.016726703999999995,352.1946,245.17196339999987
2.0229999999999677,0.016726703999999995,353.1882,247.1608242000002
2.0369999999999777,0.016726703999999995,351.20099999999996,247.1608242000002
2.0459999999999923,0.019393493999999997,352.1946,276.99373620000006
2.055999999999983,0.020637995999999992,353.1882,276.99373620000006
2.0779999999999745,0.020282423999999993,348.2202,276.99373620000006
2.0879999999999654,0.020637995999999992,351.20099999999996,276.99373620000006
2.09699999999998,0.020637995999999992,351.20099999999996,276.99373620000006
2.106999999999971,0.020104637999999994,351.20099999999996,280.97145780000005
2.1170000000000186,0.020637995999999992,352.1946,273.01601460000006
2.1259999999999764,0.020104637999999994,352.1946,276.99373620000006
2.1359999999999673,0.020460210000000006,353.1882,276.99373620000006
2.144999999999982,0.020104637999999994,352.1946,276.99373620000006
2.1549999999999727,0.020104637999999994,353.1882,276.99373620000006
2.1639999999999873,0.019393493999999997,346.233,273.01601460000006
2.1829999999999927,0.024727074,353.1882,308.815509
2.1929999999999836,0.024904859999999987,352.1946,304.8377874
2.2129999999999654,0.024371502000000003,349.2138,306.82664820000014
2.223000000000013,0.02454928799999999,351.20099999999996,306.82664820000014
2.231999999999971,0.024371502000000003,354.1818,308.815509
2.2420000000000186,0.024371502000000003,353.1882,306.82664820000014
2.2520000000000095,0.02419371599999999,351.20099999999996,304.8377874
2.2609999999999673,0.02419371599999999,353.1882,304.8377874
2.271000000000015,0.02401592999999999,354.1818,308.815509
2.2799999999999727,0.02401592999999999,351.20099999999996,306.82664820000014
2.2899999999999636,0.02401592999999999,354.1818,308.815509
2.298999999999978,0.023482571999999993,349.2138,304.8377874
2.308999999999969,0.02703829199999999,351.20099999999996,338.6484210000001
2.3179999999999836,0.028816151999999998,352.1946,338.6484210000001
2.348000000000013,0.028638366,350.2074,336.6595602000002
2.358000000000004,0.028282793999999986,352.1946,340.6372818
2.3670000000000186,0.028282793999999986,353.1882,338.6484210000001
2.3770000000000095,0.028816151999999998,353.1882,338.6484210000001
2.3870000000000005,0.027927221999999988,349.2138,334.6706993999999
2.396000000000015,0.028105008,353.1882,338.6484210000001
2.406000000000006,0.028105008,352.1946,338.6484210000001
2.4149999999999636,0.028105008,352.1946,338.6484210000001
2.4250000000000114,0.027749436000000002,352.1946,338.6484210000001
2.444000000000017,0.03094958399999999,354.1818,368.48133299999995
2.4540000000000077,0.03326080199999999,352.1946,368.48133299999995
2.4639999999999986,0.03308301599999999,352.1946,366.49247220000007
2.483000000000004,0.032549657999999995,347.22659999999996,364.5036114000002
2.492999999999995,0.032727443999999994,353.1882,368.48133299999995
2.5020000000000095,0.032371871999999996,354.1818,370.4701938000003
2.5120000000000005,0.032371871999999996,351.20099999999996,366.49247220000007
2.5219999999999914,0.0320163,349.2138,366.49247220000007
2.531000000000006,0.0320163,351.20099999999996,368.48133299999995
2.540999999999997,0.032194086,352.1946,366.49247220000007
2.5500000000000114,0.032194086,351.20099999999996,366.49247220000007
2.5600000000000023,0.0320163,353.1882,366.49247220000007
2.569000000000017,0.031660728,353.1882,364.5036114000002
2.5790000000000077,0.035038662,350.2074,396.32538420000014
2.5879999999999654,0.03699430799999999,353.1882,398.314245
2.617999999999995,0.03663873599999999,352.1946,394.33652340000026
2.627999999999986,0.03646094999999999,353.1882,396.32538420000014
2.6370000000000005,0.03663873599999999,354.1818,396.32538420000014
2.6469999999999914,0.03628316399999999,353.1882,396.32538420000014
2.6569999999999823,0.035927591999999994,352.1946,398.314245
2.665999999999997,0.036105377999999994,351.20099999999996,396.32538420000014
2.6759999999999877,0.035927591999999994,351.20099999999996,396.32538420000014
2.6850000000000023,0.035749805999999995,353.1882,400.30310580000014
2.7040000000000077,0.035216448,352.1946,394.33652340000026
2.7139999999999986,0.038772167999999996,351.20099999999996,426.1582962
2.7239999999999895,0.040905599999999986,354.1818,428.1471570000001
2.752999999999986,0.040194456,349.2138,424.1694354000001
2.762999999999977,0.040194456,349.2138,428.1471570000001
2.7729999999999677,0.040550028,351.20099999999996,428.1471570000001
2.7819999999999823,0.04037224199999999,352.1946,430.1360178000002
2.791999999999973,0.04001666999999999,351.20099999999996,424.1694354000001
2.8009999999999877,0.040194456,352.1946,426.1582962
2.8109999999999786,0.040194456,352.1946,428.1471570000001
2.819999999999993,0.039838884000000005,350.2074,428.1471570000001
2.829999999999984,0.04001666999999999,351.20099999999996,428.1471570000001
2.8389999999999986,0.04001666999999999,351.20099999999996,426.1582962
2.8489999999999895,0.04339460399999999,353.1882,455.9912082000001
2.8589999999999804,0.045172463999999996,352.1946,459.96892980000007
2.887999999999977,0.04446132,349.2138,455.9912082000001
2.8979999999999677,0.044639105999999984,351.20099999999996,457.98006899999996
2.9069999999999823,0.04446132,351.20099999999996,455.9912082000001
2.916999999999973,0.044283533999999986,351.20099999999996,459.96892980000007
2.926999999999964,0.044639105999999984,352.1946,455.9912082000001
2.9359999999999786,0.044639105999999984,353.1882,457.98006899999996
2.9459999999999695,0.044639105999999984,352.1946,457.98006899999996
2.954999999999984,0.04446132,352.1946,457.98006899999996
2.974999999999966,0.044105748,351.20099999999996,455.9912082000001
2.9850000000000136,0.04695032399999999,352.1946,485.82412020000015
2.9950000000000045,0.04890597000000001,353.1882,485.82412020000015
3.0229999999999677,0.048194825999999996,350.2074,483.83525940000004
3.0330000000000155,0.04801704,352.1946,485.82412020000015
3.041999999999973,0.047839254,351.20099999999996,485.82412020000015
3.051999999999964,0.047839254,353.1882,485.82412020000015
3.062000000000012,0.047305895999999986,350.2074,483.83525940000004
3.0709999999999695,0.04712811,350.2074,487.81298100000004
3.0810000000000173,0.047305895999999986,352.1946,483.83525940000004
3.089999999999975,0.047305895999999986,354.1818,485.82412020000015
3.099999999999966,0.04695032399999999,351.20099999999996,485.82412020000015
3.1089999999999804,0.04695032399999999,350.2074,483.83525940000004
3.1189999999999714,0.048372611999999995,353.1882,513.6681714000001
3.127999999999986,0.049972685999999995,350.2074,513.6681714000001
3.158999999999992,0.049617114,351.20099999999996,511.6793106
3.1680000000000064,0.04943932799999999,351.20099999999996,513.6681714000001
3.1779999999999973,0.049617114,350.2074,513.6681714000001
3.187000000000012,0.04943932799999999,352.1946,513.6681714000001
3.1970000000000027,0.04926154199999999,350.2074,513.6681714000001
3.2060000000000173,0.04943932799999999,350.2074,513.6681714000001
3.216000000000008,0.04926154199999999,349.2138,515.6570322
3.2350000000000136,0.049972685999999995,353.1882,513.6681714000001
3.2450000000000045,0.050328257999999994,352.1946,511.6793106
3.2549999999999955,0.051039402,352.1946,541.5122226000001
3.2649999999999864,0.053350619999999994,352.1946,543.5010834000002
3.2930000000000064,0.055306266,350.2074,539.5233618
3.3029999999999973,0.055661838,354.1818,543.5010834000002
3.312999999999988,0.05583962399999999,352.1946,543.5010834000002
3.3220000000000027,0.056195196,351.20099999999996,545.4899442000001
3.3319999999999936,0.056728553999999994,350.2074,539.5233618
3.341000000000008,0.056728553999999994,352.1946,541.5122226000001
3.350999999999999,0.05726191199999999,351.20099999999996,541.5122226000001
3.3600000000000136,0.05743969799999999,352.1946,541.5122226000001
3.3700000000000045,0.057617484,354.1818,543.5010834000002
3.379000000000019,0.057795269999999996,350.2074,539.5233618
3.38900000000001,0.057795269999999996,349.2138,571.3451345999999
3.3979999999999677,0.05992870199999999,352.1946,575.3228562000002
3.4289999999999736,0.060639846,350.2074,573.3339954
3.437999999999988,0.06046205999999999,352.1946,571.3451345999999
3.447999999999979,0.06028427399999999,352.1946,573.3339954
3.4569999999999936,0.059750915999999994,349.2138,575.3228562000002
3.4669999999999845,0.05992870199999999,350.2074,571.3451345999999
3.475999999999999,0.059573129999999995,351.20099999999996,575.3228562000002
3.4950000000000045,0.059573129999999995,354.1818,573.3339954
3.5049999999999955,0.059573129999999995,352.1946,573.3339954
3.5160000000000196,0.059395343999999996,352.1946,573.3339954
3.5249999999999773,0.0586842,353.1882,603.1669074000001
3.534999999999968,0.060639846,350.2074,605.1557682
3.5639999999999645,0.05992870199999999,349.2138,603.1669074000001
3.572999999999979,0.059039772,350.2074,603.1669074000001
3.58299999999997,0.058328627999999993,351.20099999999996,603.1669074000001
3.5919999999999845,0.057617484,350.2074,603.1669074000001
3.6019999999999754,0.05690633999999999,350.2074,603.1669074000001
3.61099999999999,0.056728553999999994,352.1946,605.1557682
3.620999999999981,0.05601741,352.1946,603.1669074000001
3.6299999999999955,0.055661838,350.2074,603.1669074000001
3.6399999999999864,0.055306266,353.1882,607.1446289999999
3.649000000000001,0.055128479999999994,351.20099999999996,603.1669074000001
3.658999999999992,0.053528405999999994,352.1946,636.9775410000002
3.6689999999999827,0.055306266,351.20099999999996,634.9886802000001
3.6990000000000123,0.052995047999999996,350.2074,634.9886802000001
3.70799999999997,0.051928332,352.1946,634.9886802000001
3.7180000000000177,0.05121718799999999,353.1882,634.9886802000001
3.7269999999999754,0.050506044,353.1882,634.9886802000001
3.7369999999999663,0.04979489999999999,347.22659999999996,632.9998194000002
3.755999999999972,0.048372611999999995,352.1946,634.9886802000001
3.7660000000000196,0.04801704,353.1882,636.9775410000002
3.7760000000000105,0.04712811,349.2138,636.9775410000002
3.7860000000000014,0.04659475199999999,351.20099999999996,638.9664018000001
3.7959999999999923,0.04677253799999999,355.17539999999997,636.9775410000002
3.805999999999983,0.04606139399999999,352.1946,634.9886802000001
3.879000000000019,0.042327887999999994,350.2074,660.8438706000002
3.887999999999977,0.044283533999999986,354.1818,660.8438706000002
3.8979999999999677,0.043750176,352.1946,662.8327314000001
3.9069999999999823,0.04303903199999999,351.20099999999996,664.8215921999999
3.916999999999973,0.042327887999999994,351.20099999999996,664.8215921999999
3.9359999999999786,0.041083386,354.1818,662.8327314000001
3.9459999999999695,0.039838884000000005,352.1946,666.8104530000003
3.9560000000000173,0.03930552599999999,351.20099999999996,664.8215921999999
3.966000000000008,0.03859438199999998,349.2138,660.8438706000002
3.975999999999999,0.035749805999999995,351.20099999999996,696.6433650000001
3.98599999999999,0.037172094,351.20099999999996,696.6433650000001
4.01400000000001,0.034505304,349.2138,694.6545042
4.022999999999968,0.033794160000000004,351.20099999999996,692.6656434000001
4.0330000000000155,0.03308301599999999,354.1818,696.6433650000001
4.041999999999973,0.032371871999999996,353.1882,692.6656434000001
4.051999999999964,0.031660728,351.20099999999996,690.6767826000003
4.060999999999979,0.03041622599999999,349.2138,696.6433650000001
4.0709999999999695,0.030060653999999992,352.1946,694.6545042
4.079999999999984,0.029527295999999995,352.1946,698.6322258
4.089999999999975,0.028816151999999998,349.2138,696.6433650000001
4.099999999999966,0.028816151999999998,351.20099999999996,690.6767826000003
4.1089999999999804,0.025971575999999996,352.1946,726.4762770000002
4.118999999999971,0.02721607799999999,353.1882,728.4651377999999
4.149000000000001,0.024727074,348.2202,726.4762770000002
4.1580000000000155,0.02401592999999999,350.2074,728.4651377999999
4.168000000000006,0.023304785999999994,351.20099999999996,726.4762770000002
4.187000000000012,0.022238069999999985,350.2074,726.4762770000002
4.1959999999999695,0.022060284,354.1818,724.4874162000001
4.206000000000017,0.021526925999999988,353.1882,724.4874162000001
4.216000000000008,0.02081578199999999,353.1882,726.4762770000002
4.225999999999999,0.020282423999999993,351.20099999999996,724.4874162000001
4.236999999999966,0.019749065999999996,352.1946,724.4874162000001
4.247000000000014,0.017082275999999993,352.1946,756.3091890000005
4.257000000000005,0.018326778000000002,353.1882,756.3091890000005
4.283999999999992,0.016548917999999996,352.1946,756.3091890000005
4.293000000000006,0.016015559999999998,351.20099999999996,758.2980498000002
4.302999999999997,0.015304416000000001,353.1882,758.2980498000002
4.312000000000012,0.014771058000000004,352.1946,758.2980498000002
4.322000000000003,0.014237699999999992,350.2074,754.3203282000004
4.331000000000017,0.014237699999999992,353.1882,756.3091890000005
4.341000000000008,0.013704341999999994,352.1946,756.3091890000005
4.349999999999966,0.013170983999999997,351.20099999999996,758.2980498000002
4.360000000000014,0.013170983999999997,353.1882,760.2869106000003
4.3700000000000045,0.012459839999999986,351.20099999999996,756.3091890000005
4.379000000000019,0.009081906,352.1946,788.1309618000005
4.38900000000001,0.011037551999999992,353.1882,786.1421010000004
4.418999999999983,0.009437478,351.20099999999996,784.1532402000003
4.427999999999997,0.009081906,353.1882,788.1309618000005
4.437999999999988,0.008904119999999988,353.1882,786.1421010000004
4.456999999999994,0.00819297599999999,352.1946,786.1421010000004
4.4669999999999845,0.007837403999999992,354.1818,788.1309618000005
4.476999999999975,0.007659617999999993,353.1882,788.1309618000005
4.486999999999966,0.007304045999999995,354.1818,788.1309618000005
4.497000000000014,0.006948473999999996,353.1882,790.1198226000006
4.507000000000005,0.0064151159999999985,350.2074,786.1421010000004
4.516999999999996,0.003570539999999997,353.1882,817.9638738000003
4.526999999999987,0.004992828000000005,350.2074,819.9527346000004
4.553999999999974,0.004637255999999992,351.20099999999996,815.9750130000002
4.562999999999988,0.004103897999999995,350.2074,817.9638738000003
4.572999999999979,0.004103897999999995,352.1946,821.9415954000001
4.581999999999994,0.004103897999999995,351.20099999999996,815.9750130000002
4.5919999999999845,0.0037483259999999963,352.1946,815.9750130000002
4.600999999999999,0.0037483259999999963,352.1946,817.9638738000003
4.61099999999999,0.003392753999999998,353.1882,817.9638738000003
4.6200000000000045,0.003392753999999998,353.1882,813.9861522000006
4.6299999999999955,0.0030371819999999994,353.1882,817.9638738000003
4.63900000000001,0.002503823999999988,350.2074,817.9638738000003
4.649000000000001,0.0009037499999999948,361.137,845.8079250000001
4.658999999999992,0.0012593219999999933,352.1946,847.7967858000006
4.6889999999999645,0.001081535999999994,349.2138,845.8079250000001
4.697999999999979,0.0012593219999999933,351.20099999999996,847.7967858000006
4.7169999999999845,0.001081535999999994,352.1946,851.7745074000004
4.726999999999975,0.001081535999999994,353.1882,849.7856466000003
4.736999999999966,0.001081535999999994,353.1882,849.7856466000003
4.747000000000014,0.0007259639999999956,350.2074,849.7856466000003
4.757000000000005,0.0009037499999999948,352.1946,847.7967858000006
4.766999999999996,0.0009037499999999948,353.1882,851.7745074000004
4.777999999999963,0.0005481779999999825,351.20099999999996,847.7967858000006
4.786999999999978,0.00037039200000001105,374.05379999999997,875.6408370000004
4.796999999999969,-0.00016296600000001438,370.07939999999996,879.6185586000001
4.824000000000012,-0.00016296600000001438,357.1626,879.6185586000001
4.83299999999997,-0.00016296600000001438,359.14979999999997,881.6074194000003
4.843000000000018,-0.0003407520000000136,355.17539999999997,881.6074194000003
4.851999999999975,-0.00016296600000001438,355.17539999999997,881.6074194000003
4.861999999999966,0.00019260599999999795,352.1946,877.6296978000005
4.870999999999981,-0.0003407520000000136,354.1818,879.6185586000001
4.880999999999972,-0.00016296600000001438,355.17539999999997,881.6074194000003
4.889999999999986,-0.0003407520000000136,353.1882,883.5962802000004
4.899999999999977,1.4819999999998723e-05,354.1818,879.6185586000001
4.909999999999968,-0.0003407520000000136,353.1882,877.6296978000005
4.918999999999983,1.4819999999998723e-05,386.9706,911.4403314000006
4.928999999999974,-0.0003407520000000136,382.0026,911.4403314000006
4.959000000000003,1.4819999999998723e-05,382.9962,907.4626098000003
4.978000000000009,-0.00016296600000001438,386.9706,911.4403314000006
4.9879999999999995,-0.0003407520000000136,384.9834,909.4514706000004
4.9979999999999905,-0.00016296600000001438,388.95779999999996,909.4514706000004
5.007999999999981,-0.00016296600000001438,389.9514,911.4403314000006
5.017999999999972,-0.00016296600000001438,385.977,909.4514706000004
5.027999999999963,1.4819999999998723e-05,389.9514,911.4403314000006
5.038000000000011,-0.00016296600000001438,388.95779999999996,913.4291922000002
5.048000000000002,-0.0003407520000000136,386.9706,911.4403314000006
5.057999999999993,-0.00016296600000001438,420.753,943.2621042000005
5.067999999999984,-0.0003407520000000136,418.7658,943.2621042000005
5.093999999999994,-0.00016296600000001438,418.7658,941.2732434
5.103000000000009,-0.0005185379999999989,420.753,945.2509650000006
5.1129999999999995,-0.00016296600000001438,421.7466,941.2732434
5.122000000000014,-0.0003407520000000136,421.7466,943.2621042000005
5.132000000000005,-0.0003407520000000136,419.75939999999997,939.2843826000003
5.1410000000000196,1.4819999999998723e-05,423.7338,941.2732434
5.1510000000000105,-0.00016296600000001438,423.7338,941.2732434
5.159999999999968,-0.0003407520000000136,421.7466,945.2509650000006
5.170000000000016,-0.00016296600000001438,425.721,941.2732434
5.178999999999974,-0.00016296600000001438,423.7338,939.2843826000003
5.1889999999999645,1.4819999999998723e-05,454.5354,973.0950162000004
5.20799999999997,-0.00016296600000001438,454.5354,973.0950162000004
5.228999999999985,-0.0003407520000000136,454.5354,971.1061554000003
5.2379999999999995,-0.0003407520000000136,455.529,973.0950162000004
5.2479999999999905,0.00019260599999999795,456.5226,971.1061554000003
5.257999999999981,-0.00016296600000001438,455.529,973.0950162000004
5.267999999999972,0.00019260599999999795,456.5226,967.1284338000005
5.277999999999963,-0.0003407520000000136,456.5226,975.083877
5.288000000000011,-0.00016296600000001438,456.5226,971.1061554000003
5.298000000000002,1.4819999999998723e-05,457.51619999999997,971.1061554000003
5.307999999999993,-0.00016296600000001438,458.5098,973.0950162000004
5.317999999999984,-0.0003407520000000136,455.529,973.0950162000004
5.3279999999999745,1.4819999999998723e-05,487.3242,1012.9974906000002
5.337999999999965,-0.0003407520000000136,487.3242,1014.9137370000003
5.363999999999976,-0.00016296600000001438,488.3178,1011.0812442000001
5.3729999999999905,-0.0003407520000000136,488.3178,1012.9974906000002
5.382999999999981,-0.00016296600000001438,489.3114,1012.9974906000002
5.391999999999996,-0.00016296600000001438,488.3178,1012.9974906000002
5.401999999999987,-0.0003407520000000136,487.3242,1011.0812442000001
5.411000000000001,-0.00016296600000001438,488.3178,1011.0812442000001
5.420999999999992,-0.00016296600000001438,491.29859999999996,1012.9974906000002
5.430000000000007,-0.0003407520000000136,490.305,1012.9974906000002
5.439999999999998,-0.0003407520000000136,489.3114,1012.9974906000002
5.449999999999989,-0.0005185379999999989,487.3242,1014.9137370000003
5.468000000000018,1.4819999999998723e-05,522.1002000000001,1041.7411865999998
5.478000000000009,1.4819999999998723e-05,523.0938000000001,1041.7411865999998
5.498999999999967,1.4819999999998723e-05,522.1002000000001,1037.9086938
5.5090000000000146,-0.00016296600000001438,523.0938000000001,1043.6574329999999
5.5190000000000055,1.4819999999998723e-05,522.1002000000001,1045.5736794000004
5.528999999999996,-0.00016296600000001438,523.0938000000001,1043.6574329999999
5.543999999999983,-0.0003407520000000136,521.1066000000001,1039.8249402000001
5.552999999999997,-0.0003407520000000136,524.0874,1045.5736794000004
5.562999999999988,-0.00016296600000001438,524.0874,1041.7411865999998
5.572000000000003,-0.0003407520000000136,525.081,1043.6574329999999
5.58299999999997,-0.00016296600000001438,524.0874,1041.7411865999998
5.5919999999999845,1.4819999999998723e-05,555.8826,1072.4011290000003
5.601999999999975,-0.00016296600000001438,555.8826,1074.3173754
5.6340000000000146,-0.00016296600000001438,553.8954000000001,1072.4011290000003
5.642999999999972,-0.00016296600000001438,555.8826,1072.4011290000003
5.652999999999963,1.4819999999998723e-05,556.8762,1072.4011290000003
5.661999999999978,-0.00016296600000001438,558.8634000000001,1074.3173754
5.671999999999969,-0.0003407520000000136,554.889,1068.5686362000001
5.680999999999983,0.00019260599999999795,559.8570000000001,1070.4848826000002
5.690999999999974,-0.00016296600000001438,557.8698,1076.2336218
5.699999999999989,1.4819999999998723e-05,559.8570000000001,1074.3173754
5.7099999999999795,1.4819999999998723e-05,559.8570000000001,1072.4011290000003
5.71999999999997,-0.00016296600000001438,557.8698,1068.5686362000001
5.738999999999976,-0.00016296600000001438,589.6650000000001,1103.0610714000004
5.748999999999967,-0.0003407520000000136,589.6650000000001,1104.9773178
5.7690000000000055,-0.0003407520000000136,587.6778,1101.1448249999999
5.777999999999963,-0.00016296600000001438,590.6586000000001,1103.0610714000004
5.788000000000011,-0.00016296600000001438,589.6650000000001,1104.9773178
5.796999999999969,-0.00016296600000001438,591.6522000000001,1104.9773178
5.807000000000016,-0.00016296600000001438,588.6714000000001,1101.1448249999999
5.815999999999974,-0.00016296600000001438,591.6522000000001,1104.9773178
5.825999999999965,-0.00016296600000001438,591.6522000000001,1103.0610714000004
5.8349999999999795,-0.00016296600000001438,591.6522000000001,1104.9773178
5.84499999999997,-0.00016296600000001438,591.6522000000001,1106.8935642000001
5.855000000000018,-0.0005185379999999989,589.6650000000001,1099.2285785999998
5.863999999999976,-0.0003407520000000136,622.4538,1137.5535066000002
5.873999999999967,-0.00016296600000001438,620.4666000000001,1135.6372601999997
5.903999999999996,-0.00016296600000001438,619.4730000000001,1129.8885210000003
5.913000000000011,-0.0003407520000000136,623.4474,1135.6372601999997
5.923000000000002,-0.00016296600000001438,623.4474,1135.6372601999997
5.932000000000016,-0.00016296600000001438,623.4474,1137.5535066000002
5.942000000000007,-0.00016296600000001438,621.4602000000001,1129.8885210000003
5.950999999999965,-0.0003407520000000136,622.4538,1135.6372601999997
5.961000000000013,-0.00016296600000001438,622.4538,1133.7210138
5.96999999999997,-0.0003407520000000136,623.4474,1133.7210138
5.990000000000009,-0.0003407520000000136,622.4538,1133.7210138
5.998999999999967,-0.00016296600000001438,653.2554,1162.4647098
6.0090000000000146,-0.0003407520000000136,652.2618000000001,1164.3809562000001
6.038999999999987,-0.00016296600000001438,652.2618000000001,1160.5484634000004
6.048000000000002,-0.0003407520000000136,653.2554,1162.4647098
6.057999999999993,-0.0003407520000000136,653.2554,1162.4647098
6.067000000000007,-0.0003407520000000136,654.249,1164.3809562000001
6.076999999999998,-0.0005185379999999989,650.2746000000001,1162.4647098
6.086999999999989,-0.0003407520000000136,653.2554,1162.4647098
6.096000000000004,-0.0003407520000000136,655.2426,1164.3809562000001
6.1059999999999945,-0.0003407520000000136,653.2554,1162.4647098
6.115000000000009,-0.0005185379999999989,654.249,1164.3809562000001
6.125,-0.00016296600000001438,654.249,1160.5484634000004
6.1340000000000146,-0.00016296600000001438,684.057,1195.0408986000002
6.1440000000000055,-0.0005185379999999989,686.0442,1196.9571450000003
6.173999999999978,-0.0005185379999999989,683.0634,1191.2084058
6.182999999999993,-0.0003407520000000136,685.0506,1195.0408986000002
6.192999999999984,-0.00016296600000001438,686.0442,1193.1246521999997
6.201999999999998,-0.0003407520000000136,685.0506,1193.1246521999997
6.211999999999989,-0.00016296600000001438,684.057,1189.2921594
6.22199999999998,-0.00016296600000001438,686.0442,1196.9571450000003
6.2309999999999945,1.4819999999998723e-05,686.0442,1193.1246521999997
6.240000000000009,-0.0003407520000000136,686.0442,1195.0408986000002
6.259999999999991,-0.00016296600000001438,686.0442,1191.2084058
6.269999999999982,-0.0003407520000000136,714.8586,1223.7845945999998
6.279999999999973,1.4819999999998723e-05,714.8586,1225.7008409999999
6.308999999999969,-0.00016296600000001438,714.8586,1223.7845945999998
6.353999999999985,-0.0003407520000000136,716.8458,1225.7008409999999
6.399000000000001,-0.00016296600000001438,713.865,1219.9521018
6.4080000000000155,-0.00016296600000001438,715.8522,1225.7008409999999
6.418000000000006,-0.0003407520000000136,716.8458,1225.7008409999999
6.426999999999964,1.4819999999998723e-05,715.8522,1223.7845945999998
6.437000000000012,-0.0005185379999999989,713.865,1219.9521018
6.447000000000003,-0.0003407520000000136,715.8522,1225.7008409999999
6.456000000000017,-0.0003407520000000136,715.8522,1225.7008409999999
6.466000000000008,-0.0005185379999999989,715.8522,1227.6170874
6.474999999999966,-0.0003407520000000136,715.8522,1225.7008409999999
6.485000000000014,-0.0003407520000000136,714.8586,1223.7845945999998
6.493999999999971,-0.00016296600000001438,744.6666,1254.4445370000003
6.504000000000019,-0.0003407520000000136,745.6602,1256.3607834
6.533999999999992,-0.0005185379999999989,743.6730000000001,1250.6120442000001
6.543000000000006,-0.0003407520000000136,745.6602,1254.4445370000003
6.552999999999997,-0.00016296600000001438,745.6602,1254.4445370000003
6.562000000000012,-0.00016296600000001438,745.6602,1256.3607834
6.572000000000003,1.4819999999998723e-05,743.6730000000001,1248.6957978
6.581999999999994,-0.00016296600000001438,743.6730000000001,1254.4445370000003
6.591000000000008,-0.0003407520000000136,745.6602,1258.2770298
6.610000000000014,1.4819999999998723e-05,744.6666,1252.5282906000002
6.6200000000000045,-0.00016296600000001438,743.6730000000001,1250.6120442000001
6.6299999999999955,-0.0003407520000000136,774.4746,1285.1044794000004
6.639999999999986,-0.0003407520000000136,773.4810000000001,1285.1044794000004
6.668999999999983,-0.0005185379999999989,773.4810000000001,1285.1044794000004
6.677999999999997,-0.00016296600000001438,772.4874000000001,1283.1882329999999
6.687999999999988,-0.00016296600000001438,773.4810000000001,1287.0207258
6.697000000000003,-0.0003407520000000136,773.4810000000001,1287.0207258
6.706999999999994,-0.0005185379999999989,772.4874000000001,1285.1044794000004
6.7169999999999845,-0.0003407520000000136,772.4874000000001,1283.1882329999999
6.725999999999999,-0.00016296600000001438,772.4874000000001,1285.1044794000004
6.735000000000014,-0.0003407520000000136,773.4810000000001,1283.1882329999999
6.7450000000000045,-0.0003407520000000136,772.4874000000001,1285.1044794000004
6.7549999999999955,-0.00016296600000001438,770.5002000000001,1283.1882329999999
6.76400000000001,-0.00016296600000001438,801.3018000000001,1313.8481754
6.774000000000001,1.4819999999998723e-05,800.3082,1311.9319290000003
6.803999999999974,-0.00016296600000001438,798.321,1311.9319290000003
6.812999999999988,-0.00016296600000001438,800.3082,1313.8481754
6.822999999999979,-0.00016296600000001438,800.3082,1315.7644218
6.831999999999994,-0.00016296600000001438,800.3082,1315.7644218
6.8419999999999845,-0.0005185379999999989,798.321,1311.9319290000003
6.851999999999975,-0.00016296600000001438,799.3146,1311.9319290000003
6.870999999999981,-0.00016296600000001438,799.3146,1315.7644218
6.880999999999972,1.4819999999998723e-05,798.321,1313.8481754
6.8910000000000196,-0.00016296600000001438,798.321,1310.0156826000002
6.9010000000000105,-0.00016296600000001438,828.129,1344.5081178
6.911000000000001,1.4819999999998723e-05,828.129,1344.5081178
6.9389999999999645,1.4819999999998723e-05,827.1354000000001,1340.6756249999999
6.947999999999979,-0.00016296600000001438,826.1418000000001,1344.5081178
6.95799999999997,-0.00016296600000001438,827.1354000000001,1346.4243642000001
6.9669999999999845,-0.0003407520000000136,828.129,1342.5918714000004
6.976999999999975,1.4819999999998723e-05,824.1546000000001,1338.7593785999998
6.986999999999966,-0.00016296600000001438,825.1482000000001,1346.4243642000001
6.995999999999981,-0.00016296600000001438,825.1482000000001,1348.3406106000002
7.0049999999999955,-0.0003407520000000136,825.1482000000001,1348.3406106000002
7.014999999999986,-0.0003407520000000136,824.1546000000001,1344.5081178
7.024999999999977,-0.00016296600000001438,824.1546000000001,1340.6756249999999
7.033999999999992,-0.00016296600000001438,851.9754,1375.1680601999997
7.043999999999983,-0.0003407520000000136,851.9754,1375.1680601999997
7.074000000000012,-0.0005185379999999989,848.0010000000001,1371.3355674
7.08299999999997,-0.00016296600000001438,849.9882000000001,1375.1680601999997
7.093000000000018,-0.00016296600000001438,848.9946000000001,1375.1680601999997
7.101999999999975,-0.00016296600000001438,849.9882000000001,1377.0843066000002
7.111999999999966,-0.00016296600000001438,845.0202,1371.3355674
7.130999999999972,-0.00016296600000001438,848.0010000000001,1375.1680601999997
7.1410000000000196,-0.0003407520000000136,848.0010000000001,1377.0843066000002
7.1510000000000105,-0.00016296600000001438,846.0138000000001,1375.1680601999997
7.161000000000001,1.4819999999998723e-05,845.0202,1373.2518138
7.170999999999992,1.4819999999998723e-05,844.0266,1373.2518138
7.180999999999983,-0.0003407520000000136,844.0266,1377.0843066000002
7.209000000000003,-0.00016296600000001438,839.0586000000001,1369.4193210000003
7.218000000000018,-0.0005185379999999989,842.0394000000001,1377.0843066000002
7.228000000000009,1.4819999999998723e-05,840.0522000000001,1371.3355674
7.236999999999966,-0.00016296600000001438,840.0522000000001,1375.1680601999997
7.247000000000014,-0.00016296600000001438,839.0586000000001,1371.3355674
7.257000000000005,-0.00016296600000001438,839.0586000000001,1375.1680601999997
7.2660000000000196,1.4819999999998723e-05,840.0522000000001,1373.2518138
7.2760000000000105,-0.00016296600000001438,838.065,1377.0843066000002
7.284999999999968,-0.0003407520000000136,838.065,1375.1680601999997
7.295000000000016,-0.0003407520000000136,837.0714,1371.3355674
7.303999999999974,-0.0003407520000000136,808.2570000000001,1346.4243642000001
7.3139999999999645,1.4819999999998723e-05,808.2570000000001,1346.4243642000001
7.343999999999994,-0.0005185379999999989,805.2762,1342.5918714000004
7.353000000000009,-0.0003407520000000136,806.2698,1348.3406106000002
7.3629999999999995,-0.0003407520000000136,805.2762,1348.3406106000002
7.372000000000014,-0.0003407520000000136,808.2570000000001,1348.3406106000002
7.3910000000000196,0.00019260599999999795,806.2698,1344.5081178
7.401999999999987,-0.00016296600000001438,806.2698,1346.4243642000001
7.411999999999978,-0.0003407520000000136,805.2762,1346.4243642000001
7.421999999999969,-0.00016296600000001438,805.2762,1346.4243642000001
7.432000000000016,-0.0003407520000000136,806.2698,1344.5081178
7.442000000000007,-0.00016296600000001438,774.4746,1313.8481754
7.451999999999998,1.4819999999998723e-05,772.4874000000001,1311.9319290000003
7.478999999999985,-0.0003407520000000136,772.4874000000001,1311.9319290000003
7.4879999999999995,-0.00016296600000001438,773.4810000000001,1311.9319290000003
7.4979999999999905,-0.00016296600000001438,774.4746,1315.7644218
7.507000000000005,-0.0003407520000000136,773.4810000000001,1317.6806681999997
7.516999999999996,-0.0003407520000000136,771.4938000000001,1311.9319290000003
7.526999999999987,-0.00016296600000001438,773.4810000000001,1313.8481754
7.536000000000001,-0.00016296600000001438,773.4810000000001,1315.7644218
7.545999999999992,-0.00016296600000001438,773.4810000000001,1315.7644218
7.555000000000007,-0.00016296600000001438,773.4810000000001,1313.8481754
7.564999999999998,-0.00016296600000001438,771.4938000000001,1311.9319290000003
7.574999999999989,-0.0003407520000000136,744.6666,1287.0207258
7.584000000000003,-0.0003407520000000136,743.6730000000001,1285.1044794000004
7.613999999999976,-0.0005185379999999989,741.6858000000001,1283.1882329999999
7.623999999999967,-0.00016296600000001438,744.6666,1283.1882329999999
7.632999999999981,-0.00016296600000001438,744.6666,1285.1044794000004
7.651999999999987,-0.00016296600000001438,742.6794000000001,1281.2719865999998
7.661999999999978,-0.0003407520000000136,745.6602,1283.1882329999999
7.671999999999969,-0.0003407520000000136,744.6666,1285.1044794000004
7.682000000000016,-0.0003407520000000136,745.6602,1281.2719865999998
7.692000000000007,-0.00016296600000001438,745.6602,1283.1882329999999
7.701999999999998,-0.0003407520000000136,745.6602,1283.1882329999999
7.711999999999989,-0.00016296600000001438,715.8522,1254.4445370000003
7.72199999999998,-0.0003407520000000136,717.8394000000001,1256.3607834
7.748999999999967,-0.0005185379999999989,712.8714000000001,1250.6120442000001
7.7590000000000146,-0.00016296600000001438,716.8458,1254.4445370000003
7.767999999999972,-0.00016296600000001438,716.8458,1254.4445370000003
7.776999999999987,-0.00016296600000001438,717.8394000000001,1254.4445370000003
7.786999999999978,-0.0005185379999999989,714.8586,1250.6120442000001
7.796999999999969,1.4819999999998723e-05,717.8394000000001,1250.6120442000001
7.805999999999983,-0.0003407520000000136,718.8330000000001,1256.3607834
7.815999999999974,-0.00016296600000001438,716.8458,1254.4445370000003
7.824999999999989,-0.0003407520000000136,717.8394000000001,1256.3607834
7.8349999999999795,-0.0003407520000000136,717.8394000000001,1254.4445370000003
7.843999999999994,-0.0005185379999999989,689.0250000000001,1223.7845945999998
7.853999999999985,-0.00016296600000001438,690.0186000000001,1225.7008409999999
7.8840000000000146,-0.00016296600000001438,687.0378000000001,1219.9521018
7.8940000000000055,-0.0005185379999999989,692.0058,1223.7845945999998
7.911999999999978,-0.0003407520000000136,692.0058,1227.6170874
7.923000000000002,1.4819999999998723e-05,690.0186000000001,1219.9521018
7.932000000000016,-0.00016296600000001438,692.0058,1221.8683482000001
7.942000000000007,-0.00016296600000001438,692.9994,1223.7845945999998
7.951999999999998,-0.0005185379999999989,692.9994,1225.7008409999999
7.961999999999989,-0.0005185379999999989,692.0058,1223.7845945999998
7.973000000000013,-0.00016296600000001438,691.0122,1221.8683482000001
7.983000000000004,-0.0003407520000000136,663.1914,1196.9571450000003
7.992000000000019,-0.00016296600000001438,664.1850000000001,1195.0408986000002
8.019000000000005,-0.0003407520000000136,664.1850000000001,1191.2084058
8.028999999999996,1.4819999999998723e-05,664.1850000000001,1195.0408986000002
8.038000000000011,1.4819999999998723e-05,667.1658000000001,1196.9571450000003
8.048000000000002,1.4819999999998723e-05,665.1786000000001,1193.1246521999997
8.057000000000016,-0.00016296600000001438,664.1850000000001,1193.1246521999997
8.067000000000007,-0.00016296600000001438,667.1658000000001,1198.8733914
8.075999999999965,-0.0003407520000000136,666.1722000000001,1196.9571450000003
8.086000000000013,1.4819999999998723e-05,667.1658000000001,1195.0408986000002
8.09499999999997,1.4819999999998723e-05,667.1658000000001,1193.1246521999997
8.105000000000018,-0.0005185379999999989,666.1722000000001,1195.0408986000002
8.115000000000009,-0.00016296600000001438,638.3514,1166.2972026000002
8.123999999999967,-0.00016296600000001438,638.3514,1162.4647098
8.153999999999996,-0.00016296600000001438,637.3578000000001,1160.5484634000004
8.163999999999987,-0.0005185379999999989,639.345,1164.3809562000001
8.182999999999993,-0.00016296600000001438,639.345,1162.4647098
8.192999999999984,-0.00016296600000001438,639.345,1162.4647098
8.202999999999975,-0.00016296600000001438,639.345,1162.4647098
8.212999999999965,-0.0003407520000000136,640.3386,1164.3809562000001
8.223000000000013,-0.0003407520000000136,640.3386,1164.3809562000001
8.233000000000004,-0.00016296600000001438,641.3322000000001,1162.4647098
8.242999999999995,-0.0005185379999999989,640.3386,1162.4647098
8.252999999999986,0.00019260599999999795,612.5178000000001,1133.7210138
8.262999999999977,-0.00016296600000001438,614.5050000000001,1131.8047674
8.288999999999987,-0.0005185379999999989,610.5306,1131.8047674
8.298999999999978,1.4819999999998723e-05,614.5050000000001,1131.8047674
8.307999999999993,-0.00016296600000001438,614.5050000000001,1133.7210138
8.317999999999984,-0.0005185379999999989,612.5178000000001,1133.7210138
8.326999999999998,-0.00016296600000001438,614.5050000000001,1131.8047674
8.336999999999989,-0.00016296600000001438,615.4986,1133.7210138
8.346000000000004,-0.0003407520000000136,616.4922,1135.6372601999997
8.355999999999995,-0.00016296600000001438,616.4922,1133.7210138
8.365000000000009,-0.00016296600000001438,617.4858,1133.7210138
8.375,-0.00016296600000001438,614.5050000000001,1129.8885210000003
8.384000000000015,-0.0003407520000000136,587.6778,1104.9773178
8.394000000000005,-0.0003407520000000136,588.6714000000001,1104.9773178
8.423999999999978,-0.00016296600000001438,587.6778,1101.1448249999999
8.442999999999984,-0.00016296600000001438,591.6522000000001,1104.9773178
8.452999999999975,1.4819999999998723e-05,589.6650000000001,1103.0610714000004
8.462999999999965,1.4819999999998723e-05,588.6714000000001,1101.1448249999999
8.473000000000013,-0.0003407520000000136,590.6586000000001,1104.9773178
8.483000000000004,-0.0003407520000000136,590.6586000000001,1106.8935642000001
8.492999999999995,-0.00016296600000001438,590.6586000000001,1104.9773178
8.502999999999986,-0.0003407520000000136,590.6586000000001,1103.0610714000004
8.51400000000001,-0.00016296600000001438,590.6586000000001,1101.1448249999999
8.522999999999968,-0.00016296600000001438,561.8442,1072.4011290000003
8.533000000000015,-0.0005185379999999989,561.8442,1074.3173754
8.558999999999969,-0.0003407520000000136,559.8570000000001,1070.4848826000002
8.569000000000017,-0.00016296600000001438,561.8442,1072.4011290000003
8.577999999999975,-0.0003407520000000136,563.8314,1074.3173754
8.587999999999965,1.4819999999998723e-05,564.825,1074.3173754
8.59699999999998,1.4819999999998723e-05,562.8378,1068.5686362000001
8.606999999999971,-0.0005185379999999989,564.825,1078.1498681999997
8.615999999999985,-0.00016296600000001438,564.825,1074.3173754
8.625999999999976,-0.00016296600000001438,565.8186000000001,1074.3173754
8.634999999999991,-0.00016296600000001438,565.8186000000001,1074.3173754
8.644999999999982,-0.00016296600000001438,563.8314,1072.4011290000003
8.654999999999973,-0.00016296600000001438,537.0042000000001,1045.5736794000004
8.673999999999978,-0.00016296600000001438,537.0042000000001,1043.6574329999999
8.694000000000017,0.00037039200000001105,537.0042000000001,1039.8249402000001
8.704000000000008,1.4819999999998723e-05,537.9978000000001,1043.6574329999999
8.713999999999999,1.4819999999998723e-05,537.9978000000001,1041.7411865999998
8.72399999999999,0.00019260599999999795,538.9914,1039.8249402000001
8.73399999999998,-0.00016296600000001438,537.9978000000001,1043.6574329999999
8.743999999999971,1.4819999999998723e-05,538.9914,1043.6574329999999
8.754000000000019,-0.00016296600000001438,539.985,1043.6574329999999
8.76400000000001,0.00019260599999999795,539.985,1039.8249402000001
8.774000000000001,0.00019260599999999795,539.985,1041.7411865999998
8.786999999999978,-0.00016296600000001438,511.1706,1012.9974906000002
8.796999999999969,-0.00016296600000001438,511.1706,1012.9974906000002
8.805999999999983,-0.0003407520000000136,511.1706,1014.9137370000003
8.829000000000008,1.4819999999998723e-05,513.1578000000001,1012.9974906000002
8.873999999999967,-0.0003407520000000136,516.1386,1016.8299834
8.918999999999983,-0.00016296600000001438,512.1642,1009.1649978
8.928999999999974,-0.0003407520000000136,515.145,1012.9974906000002
8.937999999999988,-0.00016296600000001438,516.1386,1012.9974906000002
8.947999999999979,-0.00016296600000001438,516.1386,1012.9974906000002
8.956999999999994,-0.00016296600000001438,514.1514,1009.1649978
8.966999999999985,1.4819999999998723e-05,516.1386,1011.0812442000001
8.975999999999999,0.00019260599999999795,518.1258,1012.9974906000002
8.98599999999999,-0.0003407520000000136,517.1322,1014.9137370000003
8.995000000000005,-0.00016296600000001438,518.1258,1016.8299834
9.004999999999995,1.4819999999998723e-05,517.1322,1012.9974906000002
9.024000000000001,-0.00016296600000001438,489.3114,975.083877
9.033999999999992,-0.0003407520000000136,488.3178,973.0950162000004
9.053999999999974,-0.0003407520000000136,490.305,973.0950162000004
9.099999999999966,-0.0003407520000000136,487.3242,969.1172946000006
9.10899999999998,-0.00016296600000001438,490.305,973.0950162000004
9.118999999999971,-0.0003407520000000136,491.29859999999996,973.0950162000004
9.127999999999986,-0.00016296600000001438,491.29859999999996,973.0950162000004
9.137999999999977,1.4819999999998723e-05,491.29859999999996,969.1172946000006
9.146999999999991,-0.0003407520000000136,493.2858,971.1061554000003
9.156999999999982,-0.00016296600000001438,492.2922,973.0950162000004
9.165999999999997,-0.0003407520000000136,492.2922,975.083877
9.175999999999988,-0.0003407520000000136,492.2922,971.1061554000003
9.185000000000002,-0.00016296600000001438,490.305,971.1061554000003
9.204000000000008,-0.00016296600000001438,465.465,943.2621042000005
9.213999999999999,-0.00016296600000001438,466.4586,941.2732434
9.23399999999998,-0.00016296600000001438,462.4842,939.2843826000003
9.243999999999971,0.00019260599999999795,465.465,939.2843826000003
9.252999999999986,-0.00016296600000001438,465.465,943.2621042000005
9.262999999999977,-0.00016296600000001438,464.4714,941.2732434
9.271999999999991,-0.00016296600000001438,463.4778,939.2843826000003
9.281999999999982,0.00019260599999999795,467.4522,937.2955218000002
9.290999999999997,-0.00016296600000001438,466.4586,941.2732434
9.300999999999988,-0.0003407520000000136,466.4586,943.2621042000005
9.310000000000002,-0.0003407520000000136,466.4586,941.2732434
9.319999999999993,-0.00016296600000001438,465.465,939.2843826000003
9.329999999999984,1.4819999999998723e-05,436.6506,909.4514706000004
9.338999999999999,-0.0003407520000000136,436.6506,911.4403314000006
9.368999999999971,-0.00016296600000001438,436.6506,907.4626098000003
9.379000000000019,-0.00016296600000001438,440.625,913.4291922000002
9.387999999999977,1.4819999999998723e-05,438.63779999999997,909.4514706000004
9.397999999999968,-0.00016296600000001438,440.625,911.4403314000006
9.406999999999982,-0.00016296600000001438,437.6442,907.4626098000003
9.416999999999973,-0.00016296600000001438,439.6314,911.4403314000006
9.425999999999988,-0.00016296600000001438,440.625,909.4514706000004
9.435999999999979,1.4819999999998723e-05,441.6186,911.4403314000006
9.454999999999984,-0.00016296600000001438,440.625,909.4514706000004
9.464999999999975,1.4819999999998723e-05,412.8042,879.6185586000001
9.474999999999966,-0.00016296600000001438,411.81059999999997,879.6185586000001
9.504000000000019,1.4819999999998723e-05,410.817,875.6408370000004
9.51400000000001,1.4819999999998723e-05,411.81059999999997,877.6296978000005
9.522999999999968,1.4819999999998723e-05,412.8042,879.6185586000001
9.533000000000015,-0.00016296600000001438,413.7978,879.6185586000001
9.541999999999973,-0.00016296600000001438,411.81059999999997,873.6519762000003
9.551999999999964,1.4819999999998723e-05,413.7978,877.6296978000005
9.560999999999979,-0.00016296600000001438,412.8042,879.6185586000001
9.57099999999997,-0.0005185379999999989,413.7978,881.6074194000003
9.579999999999984,-0.00016296600000001438,413.7978,877.6296978000005
9.589999999999975,-0.00016296600000001438,412.8042,875.6408370000004
9.599999999999966,-0.0005185379999999989,384.9834,849.7856466000003
9.60899999999998,-0.00016296600000001438,386.9706,849.7856466000003
9.63900000000001,-0.00016296600000001438,384.9834,845.8079250000001
9.649000000000001,-0.0003407520000000136,387.9642,849.7856466000003
9.658000000000015,-0.0005185379999999989,387.9642,853.7633682000005
9.668000000000006,-0.00016296600000001438,387.9642,849.7856466000003
9.676999999999964,-0.00016296600000001438,386.9706,845.8079250000001
9.687000000000012,-0.0003407520000000136,387.9642,849.7856466000003
9.69599999999997,-0.0005185379999999989,387.9642,849.7856466000003
9.714999999999975,-0.0003407520000000136,388.95779999999996,849.7856466000003
9.724999999999966,1.4819999999998723e-05,388.95779999999996,847.7967858000006
9.735000000000014,-0.00016296600000001438,360.1434,817.9638738000003
9.745000000000005,1.4819999999998723e-05,361.137,817.9638738000003
9.774000000000001,-0.0005185379999999989,360.1434,817.9638738000003
9.783999999999992,-0.00016296600000001438,362.1306,817.9638738000003
9.793000000000006,-0.00016296600000001438,363.1242,817.9638738000003
9.802999999999997,-0.0003407520000000136,362.1306,819.9527346000004
9.812000000000012,-0.0005185379999999989,364.1178,817.9638738000003
9.822000000000003,-0.00016296600000001438,364.1178,819.9527346000004
9.831000000000017,-0.0006963239999999982,364.1178,819.9527346000004
9.841000000000008,-0.00016296600000001438,364.1178,817.9638738000003
9.849999999999966,1.4819999999998723e-05,364.1178,815.9750130000002
9.860000000000014,-0.00016296600000001438,363.1242,815.9750130000002
9.870000000000005,1.4819999999998723e-05,352.1946,786.1421010000004
9.879000000000019,-0.00016296600000001438,350.2074,788.1309618000005
9.908999999999992,-0.00016296600000001438,350.2074,786.1421010000004
9.918999999999983,-0.00016296600000001438,352.1946,788.1309618000005
9.927999999999997,1.4819999999998723e-05,352.1946,786.1421010000004
9.937999999999988,1.4819999999998723e-05,352.1946,788.1309618000005
9.947000000000003,1.4819999999998723e-05,351.20099999999996,784.1532402000003
9.956999999999994,1.4819999999998723e-05,352.1946,788.1309618000005
9.966000000000008,-0.00016296600000001438,352.1946,788.1309618000005
9.98599999999999,0.00019260599999999795,354.1818,788.1309618000005
9.995999999999981,-0.0003407520000000136,355.17539999999997,788.1309618000005
10.005999999999972,0.00019260599999999795,350.2074,756.3091890000005
10.01600000000002,0.00019260599999999795,351.20099999999996,758.2980498000002
10.043999999999983,0.00019260599999999795,351.20099999999996,754.3203282000004
10.053999999999974,1.4819999999998723e-05,351.20099999999996,756.3091890000005
10.062999999999988,-0.00016296600000001438,352.1946,762.2757713999999
10.072999999999979,1.4819999999998723e-05,353.1882,758.2980498000002
10.081999999999994,-0.00016296600000001438,351.20099999999996,756.3091890000005
10.091999999999985,-0.0003407520000000136,348.2202,756.3091890000005
10.100999999999999,1.4819999999998723e-05,353.1882,756.3091890000005
10.137,0.0005481779999999825,353.1882,726.4762770000002
10.146999999999991,0.00019260599999999795,353.1882,728.4651377999999
10.178999999999974,-0.00016296600000001438,349.2138,724.4874162000001
10.188999999999965,1.4819999999998723e-05,351.20099999999996,726.4762770000002
10.197999999999979,-0.00016296600000001438,351.20099999999996,728.4651377999999
10.20799999999997,-0.00016296600000001438,352.1946,726.4762770000002
10.216999999999985,-0.00016296600000001438,350.2074,724.4874162000001
10.226999999999975,-0.00016296600000001438,351.20099999999996,726.4762770000002
10.245999999999981,-0.0003407520000000136,351.20099999999996,728.4651377999999
10.255999999999972,1.4819999999998723e-05,352.1946,726.4762770000002
10.26600000000002,-0.0003407520000000136,349.2138,726.4762770000002
10.27600000000001,0.00037039200000001105,352.1946,694.6545042
10.286000000000001,0.00019260599999999795,352.1946,692.6656434000001
10.313999999999965,-0.00016296600000001438,349.2138,694.6545042
10.324000000000012,1.4819999999998723e-05,353.1882,694.6545042
10.33299999999997,-0.0003407520000000136,351.20099999999996,696.6433650000001
10.343000000000018,-0.0003407520000000136,352.1946,694.6545042
10.353000000000009,-0.0005185379999999989,350.2074,696.6433650000001
10.361999999999966,-0.0003407520000000136,351.20099999999996,698.6322258
10.372000000000014,-0.0003407520000000136,352.1946,698.6322258
10.380999999999972,-0.0005185379999999989,351.20099999999996,696.6433650000001
10.39100000000002,-0.0003407520000000136,351.20099999999996,696.6433650000001
10.399999999999977,-0.00016296600000001438,350.2074,692.6656434000001
10.409999999999968,-0.00016296600000001438,349.2138,664.8215921999999
10.418999999999983,1.4819999999998723e-05,353.1882,664.8215921999999
10.449000000000012,-0.0003407520000000136,349.2138,664.8215921999999
10.459000000000003,1.4819999999998723e-05,354.1818,664.8215921999999
10.468000000000018,1.4819999999998723e-05,351.20099999999996,662.8327314000001
10.478000000000009,-0.0003407520000000136,351.20099999999996,664.8215921999999
10.486999999999966,1.4819999999998723e-05,351.20099999999996,664.8215921999999
10.507000000000005,-0.0003407520000000136,349.2138,664.8215921999999
10.516999999999996,0.00019260599999999795,353.1882,664.8215921999999
10.526999999999987,-0.00016296600000001438,350.2074,664.8215921999999
10.536999999999978,-0.0003407520000000136,350.2074,662.8327314000001
10.546999999999969,-0.00016296600000001438,352.1946,636.9775410000002
10.557000000000016,1.4819999999998723e-05,352.1946,636.9775410000002
10.584000000000003,-0.00016296600000001438,351.20099999999996,632.9998194000002
10.593999999999994,-0.0003407520000000136,352.1946,636.9775410000002
10.603000000000009,-0.00016296600000001438,353.1882,636.9775410000002
10.613,1.4819999999998723e-05,353.1882,636.9775410000002
10.622000000000014,1.4819999999998723e-05,351.20099999999996,634.9886802000001
10.632000000000005,-0.00016296600000001438,352.1946,634.9886802000001
10.64100000000002,1.4819999999998723e-05,352.1946,636.9775410000002
10.65100000000001,1.4819999999998723e-05,353.1882,634.9886802000001
10.659999999999968,-0.00016296600000001438,351.20099999999996,634.9886802000001
10.670000000000016,-0.0005185379999999989,349.2138,631.0109586000001
10.680000000000007,-0.00016296600000001438,351.20099999999996,605.1557682
10.688999999999965,1.4819999999998723e-05,353.1882,605.1557682
10.718999999999994,-0.0003407520000000136,350.2074,603.1669074000001
10.728999999999985,-0.0005185379999999989,351.20099999999996,609.1334898
10.738,-0.0003407520000000136,350.2074,605.1557682
10.74799999999999,1.4819999999998723e-05,353.1882,605.1557682
10.766999999999996,-0.00016296600000001438,351.20099999999996,605.1557682
10.776999999999987,-0.00016296600000001438,353.1882,603.1669074000001
10.786999999999978,-0.00016296600000001438,350.2074,605.1557682
10.796999999999969,-0.00016296600000001438,351.20099999999996,605.1557682
10.807000000000016,-0.0003407520000000136,350.2074,605.1557682
10.817000000000007,0.00019260599999999795,353.1882,571.3451345999999
10.826999999999998,1.4819999999998723e-05,354.1818,575.3228562000002
10.853999999999985,-0.00016296600000001438,351.20099999999996,571.3451345999999
10.863999999999976,-0.00016296600000001438,349.2138,573.3339954
10.87299999999999,-0.00016296600000001438,352.1946,575.3228562000002
10.882999999999981,-0.00016296600000001438,352.1946,571.3451345999999
10.891999999999996,-0.00016296600000001438,348.2202,571.3451345999999
10.901999999999987,-0.00016296600000001438,352.1946,575.3228562000002
10.911999999999978,-0.00016296600000001438,351.20099999999996,575.3228562000002
10.920999999999992,-0.00016296600000001438,352.1946,575.3228562000002
10.930000000000007,0.00019260599999999795,353.1882,571.3451345999999
10.939999999999998,-0.0003407520000000136,351.20099999999996,571.3451345999999
10.949999999999989,-0.00016296600000001438,351.20099999999996,543.5010834000002
10.959000000000003,-0.00016296600000001438,352.1946,543.5010834000002
10.988999999999976,0.00019260599999999795,352.1946,539.5233618
10.998999999999967,-0.00016296600000001438,352.1946,543.5010834000002
11.007999999999981,-0.00016296600000001438,351.20099999999996,545.4899442000001
11.027999999999963,1.4819999999998723e-05,355.17539999999997,541.5122226000001
11.036999999999978,1.4819999999998723e-05,353.1882,541.5122226000001
11.046999999999969,1.4819999999998723e-05,354.1818,543.5010834000002
11.057000000000016,-0.0003407520000000136,352.1946,545.4899442000001
11.067000000000007,1.4819999999998723e-05,351.20099999999996,541.5122226000001
11.077999999999975,1.4819999999998723e-05,352.1946,541.5122226000001
11.087999999999965,1.4819999999998723e-05,352.1946,513.6681714000001
11.09699999999998,1.4819999999998723e-05,351.20099999999996,513.6681714000001
11.123999999999967,-0.00016296600000001438,346.233,511.6793106
11.134000000000015,-0.00016296600000001438,353.1882,513.6681714000001
11.142999999999972,-0.00016296600000001438,350.2074,513.6681714000001
11.152999999999963,1.4819999999998723e-05,351.20099999999996,511.6793106
11.163000000000011,1.4819999999998723e-05,349.2138,513.6681714000001
11.171999999999969,1.4819999999998723e-05,352.1946,513.6681714000001
11.182000000000016,-0.00016296600000001438,351.20099999999996,515.6570322
11.190999999999974,-0.00016296600000001438,350.2074,513.6681714000001
11.199999999999989,-0.0003407520000000136,350.2074,515.6570322
11.20999999999998,-0.0003407520000000136,354.1818,513.6681714000001
11.21999999999997,1.4819999999998723e-05,353.1882,487.81298100000004
11.228999999999985,1.4819999999998723e-05,352.1946,487.81298100000004
11.259000000000015,1.4819999999998723e-05,351.20099999999996,485.82412020000015
11.269000000000005,1.4819999999998723e-05,353.1882,487.81298100000004
11.288000000000011,0.00019260599999999795,354.1818,485.82412020000015
11.298000000000002,1.4819999999998723e-05,349.2138,483.83525940000004
11.307999999999993,1.4819999999998723e-05,353.1882,485.82412020000015
11.317999999999984,0.00019260599999999795,354.1818,485.82412020000015
11.327999999999975,-0.00016296600000001438,353.1882,487.81298100000004
11.337999999999965,0.00019260599999999795,353.1882,485.82412020000015
11.348000000000013,0.00019260599999999795,351.20099999999996,485.82412020000015
11.358000000000004,0.00019260599999999795,350.2074,483.83525940000004
11.439999999999998,0.00037039200000001105,349.2138,455.9912082000001
11.449000000000012,0.00037039200000001105,353.1882,455.9912082000001
11.468000000000018,1.4819999999998723e-05,351.20099999999996,457.98006899999996
11.478000000000009,0.00019260599999999795,352.1946,455.9912082000001
11.488,1.4819999999998723e-05,353.1882,457.98006899999996
11.49799999999999,1.4819999999998723e-05,352.1946,455.9912082000001
11.507999999999981,1.4819999999998723e-05,351.20099999999996,457.98006899999996
11.517999999999972,0.00019260599999999795,353.1882,457.98006899999996
11.527999999999963,1.4819999999998723e-05,353.1882,454.0023474000002
11.538000000000011,1.4819999999998723e-05,352.1946,428.1471570000001
11.548000000000002,0.00037039200000001105,353.1882,430.1360178000002
11.574000000000012,1.4819999999998723e-05,347.22659999999996,424.1694354000001
11.584000000000003,1.4819999999998723e-05,351.20099999999996,426.1582962
11.593000000000018,0.00019260599999999795,351.20099999999996,426.1582962
11.603000000000009,0.00019260599999999795,352.1946,426.1582962
11.613,-0.00016296600000001438,350.2074,426.1582962
11.622000000000014,1.4819999999998723e-05,350.2074,426.1582962
11.632000000000005,0.00019260599999999795,351.20099999999996,428.1471570000001
11.64100000000002,1.4819999999998723e-05,351.20099999999996,428.1471570000001
11.65100000000001,0.00019260599999999795,353.1882,428.1471570000001
11.659999999999968,0.00037039200000001105,351.20099999999996,426.1582962
11.670000000000016,0.0005481779999999825,351.20099999999996,398.314245
11.678999999999974,0.0009037499999999948,354.1818,394.33652340000026
11.709000000000003,0.00037039200000001105,349.2138,394.33652340000026
11.728000000000009,0.00037039200000001105,353.1882,396.32538420000014
11.738,1.4819999999998723e-05,349.2138,398.314245
11.748999999999967,0.00019260599999999795,350.2074,396.32538420000014
11.759000000000015,0.0005481779999999825,353.1882,396.32538420000014
11.769000000000005,0.0005481779999999825,352.1946,396.32538420000014
11.778999999999996,0.00037039200000001105,353.1882,396.32538420000014
11.788999999999987,0.00037039200000001105,353.1882,396.32538420000014
11.798999999999978,-0.00016296600000001438,351.20099999999996,398.314245
11.808999999999969,0.001081535999999994,353.1882,366.49247220000007
11.819000000000017,0.0005481779999999825,352.1946,368.48133299999995
11.843999999999994,0.0005481779999999825,348.2202,364.5036114000002
11.853999999999985,0.00037039200000001105,352.1946,370.4701938000003
11.863,0.0005481779999999825,353.1882,366.49247220000007
11.87299999999999,0.00019260599999999795,350.2074,368.48133299999995
11.882999999999981,0.0005481779999999825,348.2202,364.5036114000002
11.891999999999996,0.0005481779999999825,353.1882,368.48133299999995
11.901999999999987,0.00037039200000001105,354.1818,370.4701938000003
11.911000000000001,0.00037039200000001105,354.1818,368.48133299999995
11.920999999999992,0.00019260599999999795,352.1946,368.48133299999995
11.930000000000007,0.00019260599999999795,350.2074,366.49247220000007
11.939999999999998,0.0014371079999999925,354.1818,338.6484210000001
11.959000000000003,0.0009037499999999948,352.1946,336.6595602000002
11.978999999999985,0.0005481779999999825,347.22659999999996,334.6706993999999
11.988999999999976,0.0007259639999999956,351.20099999999996,336.6595602000002
11.998999999999967,0.00037039200000001105,351.20099999999996,338.6484210000001
12.009000000000015,0.0005481779999999825,351.20099999999996,336.6595602000002
12.019000000000005,0.0007259639999999956,351.20099999999996,336.6595602000002
12.028999999999996,0.0005481779999999825,352.1946,336.6595602000002
12.038999999999987,0.0005481779999999825,353.1882,338.6484210000001
12.072999999999979,0.001792679999999991,351.20099999999996,308.815509
12.08299999999997,0.001081535999999994,352.1946,308.815509
12.113999999999976,0.0009037499999999948,349.2138,304.8377874
12.123999999999967,0.0009037499999999948,354.1818,308.815509
12.132999999999981,0.0009037499999999948,354.1818,308.815509
12.142999999999972,0.0009037499999999948,354.1818,308.815509
12.152999999999963,0.001081535999999994,352.1946,304.8377874
12.161999999999978,0.0009037499999999948,351.20099999999996,306.82664820000014
12.171999999999969,0.0009037499999999948,353.1882,306.82664820000014
12.180999999999983,0.0007259639999999956,353.1882,308.815509
12.190999999999974,0.0007259639999999956,353.1882,306.82664820000014
12.199999999999989,0.0005481779999999825,349.2138,302.84892660000014
12.218999999999994,0.0009037499999999948,351.20099999999996,276.99373620000006
12.228999999999985,0.0009037499999999948,351.20099999999996,276.99373620000006
12.248999999999967,0.0009037499999999948,352.1946,275.00487539999995
12.259000000000015,0.0007259639999999956,348.2202,275.00487539999995
12.267999999999972,0.0009037499999999948,353.1882,275.00487539999995
12.277999999999963,0.0009037499999999948,353.1882,276.99373620000006
12.288000000000011,0.0009037499999999948,349.2138,275.00487539999995
12.296999999999969,0.001081535999999994,352.1946,276.99373620000006
12.307000000000016,0.0009037499999999948,353.1882,276.99373620000006
12.315999999999974,0.0007259639999999956,351.20099999999996,276.99373620000006
12.325999999999965,0.001081535999999994,354.1818,276.99373620000006
12.33499999999998,0.0007259639999999956,350.2074,275.00487539999995
12.34499999999997,0.0012593219999999933,355.17539999999997,249.1496850000001
12.353999999999985,0.001081535999999994,353.1882,245.17196339999987
12.384000000000015,0.0007259639999999956,349.2138,245.17196339999987
12.394000000000005,0.0009037499999999948,352.1946,245.17196339999987
12.402999999999963,0.0007259639999999956,352.1946,247.1608242000002
12.413000000000011,0.0005481779999999825,350.2074,247.1608242000002
12.423000000000002,0.0007259639999999956,349.2138,241.1942418000001
12.432000000000016,0.0005481779999999825,351.20099999999996,245.17196339999987
12.442000000000007,0.0005481779999999825,352.1946,245.17196339999987
12.450999999999965,0.0007259639999999956,351.20099999999996,247.1608242000002
12.461000000000013,0.0005481779999999825,351.20099999999996,247.1608242000002
12.480000000000018,0.0005481779999999825,351.20099999999996,219.316773
12.490000000000009,0.0007259639999999956,352.1946,215.33905140000002
12.5,0.0005481779999999825,352.1946,215.33905140000002
12.519000000000005,0.00037039200000001105,352.1946,215.33905140000002
12.563999999999965,0.0005481779999999825,350.2074,215.33905140000002
12.574000000000012,0.0007259639999999956,351.20099999999996,213.35019060000013
12.584000000000003,0.0005481779999999825,353.1882,217.32791220000013
12.593000000000018,0.00019260599999999795,351.20099999999996,217.32791220000013
12.603000000000009,0.0007259639999999956,351.20099999999996,213.35019060000013
12.611999999999966,0.0007259639999999956,352.1946,215.33905140000002
12.622000000000014,0.00037039200000001105,353.1882,215.33905140000002
12.630999999999972,0.00037039200000001105,351.20099999999996,217.32791220000013
12.649999999999977,0.00037039200000001105,350.2074,215.33905140000002
12.659999999999968,0.0005481779999999825,350.2074,187.49500020000005
12.670000000000016,0.00037039200000001105,352.1946,187.49500020000005
12.699000000000012,0.00037039200000001105,349.2138,185.50613939999994
12.709000000000003,0.00019260599999999795,350.2074,187.49500020000005
12.718999999999994,0.0007259639999999956,354.1818,185.50613939999994
12.728000000000009,0.00037039200000001105,350.2074,185.50613939999994
12.738,0.00037039200000001105,348.2202,183.51727860000005
12.747000000000014,0.00019260599999999795,352.1946,187.49500020000005
12.757000000000005,0.00037039200000001105,353.1882,185.50613939999994
12.76600000000002,0.00037039200000001105,353.1882,187.49500020000005
12.77600000000001,0.0005481779999999825,353.1882,185.50613939999994
12.784999999999968,0.00037039200000001105,353.1882,185.50613939999994
12.795000000000016,0.0005481779999999825,352.1946,157.6620882000002
12.803999999999974,0.00037039200000001105,350.2074,155.6732274000001
12.83499999999998,0.00019260599999999795,348.2202,155.6732274000001
12.843999999999994,0.00037039200000001105,351.20099999999996,157.6620882000002
12.853999999999985,0.00037039200000001105,351.20099999999996,157.6620882000002
12.863,0.0005481779999999825,352.1946,157.6620882000002
12.87299999999999,0.0005481779999999825,352.1946,155.6732274000001
12.882000000000005,0.0005481779999999825,352.1946,155.6732274000001
12.891999999999996,0.0005481779999999825,353.1882,157.6620882000002
12.90100000000001,0.0007259639999999956,352.1946,157.6620882000002
12.920999999999992,0.00037039200000001105,349.2138,153.68436659999998
12.930999999999983,0.0005481779999999825,352.1946,125.84031540000001
12.939999999999998,0.00037039200000001105,351.20099999999996,125.84031540000001
12.968999999999994,0.00037039200000001105,349.2138,125.84031540000001
12.978999999999985,0.0007259639999999956,354.1818,127.82917620000012
12.988,0.00037039200000001105,350.2074,125.84031540000001
12.99799999999999,0.0005481779999999825,350.2074,125.84031540000001
13.007999999999981,0.0005481779999999825,350.2074,125.84031540000001
13.016999999999996,0.0007259639999999956,352.1946,125.84031540000001
13.026999999999987,0.0007259639999999956,354.1818,125.84031540000001
13.036000000000001,0.0007259639999999956,352.1946,127.82917620000012
13.045999999999992,0.0009037499999999948,353.1882,125.84031540000001
13.055000000000007,0.0007259639999999956,351.20099999999996,123.85145460000012
13.064999999999998,0.0009037499999999948,351.20099999999996,96.00740339999993
13.074000000000012,0.0005481779999999825,354.1818,96.00740339999993
13.105000000000018,0.0005481779999999825,347.22659999999996,94.01854260000005
13.113999999999976,0.0007259639999999956,351.20099999999996,97.99626420000004
13.123999999999967,0.0009037499999999948,353.1882,96.00740339999993
13.132999999999981,0.0007259639999999956,350.2074,97.99626420000004
13.142999999999972,0.0009037499999999948,350.2074,96.00740339999993
13.151999999999987,0.0009037499999999948,353.1882,96.00740339999993
13.161999999999978,0.0009037499999999948,353.1882,96.00740339999993
13.180999999999983,0.0009037499999999948,352.1946,97.99626420000004
13.190999999999974,0.0007259639999999956,350.2074,96.00740339999993
13.200999999999965,0.0009037499999999948,351.20099999999996,66.17449140000008
13.211000000000013,0.0007259639999999956,352.1946,66.17449140000008
13.240000000000009,0.0007259639999999956,350.2074,66.17449140000008
13.248999999999967,0.0009037499999999948,352.1946,66.17449140000008
13.259000000000015,0.001081535999999994,353.1882,66.17449140000008
13.267999999999972,0.0009037499999999948,351.20099999999996,66.17449140000008
13.277999999999963,0.0005481779999999825,349.2138,64.1856306000002
13.286999999999978,0.0009037499999999948,353.1882,66.17449140000008
13.296999999999969,0.0007259639999999956,351.20099999999996,68.16335219999996
13.305999999999983,0.001081535999999994,352.1946,66.17449140000008
13.315999999999974,0.001081535999999994,354.1818,66.17449140000008
13.324999999999989,0.001081535999999994,352.1946,62.196769799999856
13.33499999999998,0.0009037499999999948,352.1946,36.3415794
13.343999999999994,0.0007259639999999956,353.1882,36.3415794
13.375,0.0005481779999999825,349.2138,34.35271860000012
13.384000000000015,0.0007259639999999956,350.2074,36.3415794
13.394000000000005,0.0007259639999999956,353.1882,38.330440199999884
13.402999999999963,0.0007259639999999956,352.1946,36.3415794
13.413000000000011,0.0009037499999999948,353.1882,34.35271860000012
13.421999999999969,0.0009037499999999948,353.1882,34.35271860000012
13.440999999999974,0.0009037499999999948,352.1946,36.3415794
13.450999999999965,0.0009037499999999948,353.1882,36.3415794
13.461000000000013,0.001081535999999994,351.20099999999996,34.35271860000012
13.471000000000004,0.0007259639999999956,351.20099999999996,6.508667400000149
13.480999999999995,0.00037039200000001105,352.1946,6.508667400000149
13.509999999999991,0.0005481779999999825,348.2202,4.519806600000038
13.519000000000005,0.0009037499999999948,352.1946,4.519806600000038
13.528999999999996,0.00037039200000001105,351.20099999999996,8.497528200000033
13.538000000000011,0.00037039200000001105,351.20099999999996,8.497528200000033
13.548000000000002,0.0005481779999999825,352.1946,4.519806600000038
13.557000000000016,0.0005481779999999825,350.2074,6.508667400000149
13.567000000000007,0.0005481779999999825,353.1882,6.508667400000149
13.575999999999965,0.00037039200000001105,350.2074,6.508667400000149
13.586000000000013,0.00037039200000001105,352.1946,8.497528200000033
13.59499999999997,0.00037039200000001105,352.1946,6.508667400000149
13.605000000000018,0.00019260599999999795,350.2074,8.497528200000033
13.613999999999976,0.0009037499999999948,352.1946,4.519806600000038
13.644999999999982,0.0005481779999999825,349.2138,4.519806600000038
13.653999999999996,0.0007259639999999956,352.1946,6.508667400000149
13.663999999999987,0.0009037499999999948,353.1882,6.508667400000149
13.673000000000002,0.0005481779999999825,352.1946,8.497528200000033
13.682999999999993,0.0009037499999999948,351.20099999999996,4.519806600000038
13.701999999999998,0.0007259639999999956,353.1882,8.497528200000033
13.711999999999989,0.0005481779999999825,352.1946,8.497528200000033
13.72199999999998,0.0007259639999999956,351.20099999999996,6.508667400000149
13.731999999999971,0.0007259639999999956,351.20099999999996,6.508667400000149
13.742000000000019,0.0007259639999999956,352.1946,38.330440199999884
13.75200000000001,0.0014371079999999925,354.1818,38.330440199999884
13.779999999999973,0.001081535999999994,347.22659999999996,34.35271860000012
13.788999999999987,0.0012593219999999933,353.1882,38.330440199999884
13.798999999999978,0.0009037499999999948,352.1946,38.330440199999884
13.807999999999993,0.0012593219999999933,353.1882,36.3415794
13.817999999999984,0.001081535999999994,348.2202,36.3415794
13.826999999999998,0.001081535999999994,353.1882,36.3415794
13.836999999999989,0.001081535999999994,352.1946,38.330440199999884
13.846000000000004,0.0009037499999999948,352.1946,38.330440199999884
13.855999999999995,0.001081535999999994,351.20099999999996,38.330440199999884
13.865000000000009,0.0012593219999999933,353.1882,34.35271860000012
13.875,0.0009037499999999948,353.1882,38.330440199999884
13.95999999999998,0.0016148939999999917,351.20099999999996,64.1856306000002
13.968999999999994,0.0021482519999999894,352.1946,66.17449140000008
13.978999999999985,0.0021482519999999894,353.1882,66.17449140000008
13.988,0.001970466000000004,352.1946,68.16335219999996
13.99799999999999,0.001792679999999991,350.2074,66.17449140000008
14.007999999999981,0.001970466000000004,353.1882,66.17449140000008
14.016999999999996,0.001970466000000004,351.20099999999996,68.16335219999996
14.026999999999987,0.0016148939999999917,351.20099999999996,68.16335219999996
14.036000000000001,0.001792679999999991,352.1946,68.16335219999996
14.045999999999992,0.001792679999999991,352.1946,64.1856306000002
14.055000000000007,0.0023260380000000025,350.2074,97.99626420000004
14.064999999999998,0.0030371819999999994,353.1882,97.99626420000004
14.09499999999997,0.0028593959999999863,351.20099999999996,96.00740339999993
14.103999999999985,0.0030371819999999994,354.1818,97.99626420000004
14.113999999999976,0.0028593959999999863,351.20099999999996,96.00740339999993
14.12299999999999,0.0028593959999999863,351.20099999999996,94.01854260000005
14.141999999999996,0.002681610000000001,352.1946,97.99626420000004
14.151999999999987,0.002681610000000001,350.2074,96.00740339999993
14.161999999999978,0.0028593959999999863,352.1946,96.00740339999993
14.171999999999969,0.002681610000000001,352.1946,97.99626420000004
14.182999999999993,0.0021482519999999894,350.2074,94.01854260000005
14.192999999999984,0.003392753999999998,353.1882,125.84031540000001
14.201999999999998,0.0039261119999999955,353.1882,125.84031540000001
14.230000000000018,0.003570539999999997,346.233,123.85145460000012
14.238999999999976,0.003570539999999997,352.1946,123.85145460000012
14.248999999999967,0.0037483259999999963,351.20099999999996,125.84031540000001
14.257999999999981,0.0037483259999999963,352.1946,125.84031540000001
14.267999999999972,0.003570539999999997,351.20099999999996,121.86259380000024
14.276999999999987,0.003392753999999998,351.20099999999996,127.82917620000012
14.286999999999978,0.003570539999999997,352.1946,125.84031540000001
14.295999999999992,0.0032149679999999986,351.20099999999996,127.82917620000012
14.305999999999983,0.003392753999999998,353.1882,127.82917620000012
14.314999999999998,0.0032149679999999986,351.20099999999996,125.84031540000001
14.365000000000009,0.0039261119999999955,346.233,153.68436659999998
14.373999999999967,0.004637255999999992,351.20099999999996,157.6620882000002
14.384000000000015,0.004637255999999992,351.20099999999996,157.6620882000002
14.402999999999963,0.004992828000000005,353.1882,155.6732274000001
14.413000000000011,0.004637255999999992,353.1882,159.65094900000008
14.423000000000002,0.004637255999999992,353.1882,157.6620882000002
14.432999999999993,0.004637255999999992,353.1882,157.6620882000002
14.442999999999984,0.004637255999999992,354.1818,157.6620882000002
14.452999999999975,0.004281683999999994,351.20099999999996,157.6620882000002
14.462999999999965,0.005881757999999987,353.1882,185.50613939999994
14.473000000000013,0.0064151159999999985,353.1882,185.50613939999994
14.5,0.006059544,347.22659999999996,185.50613939999994
14.509000000000015,0.006237329999999999,352.1946,185.50613939999994
14.519000000000005,0.005881757999999987,353.1882,187.49500020000005
14.527999999999963,0.006059544,353.1882,187.49500020000005
14.538000000000011,0.005881757999999987,347.22659999999996,183.51727860000005
14.546999999999969,0.005703972000000002,354.1818,189.48386100000016
14.557000000000016,0.0055261859999999885,352.1946,187.49500020000005
14.565999999999974,0.005703972000000002,353.1882,187.49500020000005
14.575999999999965,0.0055261859999999885,352.1946,187.49500020000005
14.58499999999998,0.0055261859999999885,352.1946,183.51727860000005
14.59499999999997,0.007126259999999995,351.20099999999996,215.33905140000002
14.605000000000018,0.007481831999999994,353.1882,217.32791220000013
14.634999999999991,0.007304045999999995,349.2138,215.33905140000002
14.644000000000005,0.007304045999999995,353.1882,217.32791220000013
14.663000000000011,0.007481831999999994,352.1946,215.33905140000002
14.673000000000002,0.007304045999999995,352.1946,213.35019060000013
14.682999999999993,0.007126259999999995,352.1946,217.32791220000013
14.692999999999984,0.007304045999999995,352.1946,215.33905140000002
14.702999999999975,0.007304045999999995,352.1946,215.33905140000002
14.712999999999965,0.007304045999999995,354.1818,215.33905140000002
14.723000000000013,0.006592901999999998,352.1946,217.32791220000013
14.733000000000004,0.008015189999999991,351.20099999999996,247.1608242000002
14.742999999999995,0.009259692,352.1946,245.17196339999987
14.769999999999982,0.009081906,348.2202,243.18310259999998
14.778999999999996,0.009081906,353.1882,245.17196339999987
14.788999999999987,0.009081906,352.1946,245.17196339999987
14.798000000000002,0.008726334000000002,350.2074,245.17196339999987
14.807999999999993,0.008726334000000002,350.2074,245.17196339999987
14.817999999999984,0.00854854799999999,350.2074,247.1608242000002
14.826999999999998,0.00854854799999999,350.2074,245.17196339999987
14.836000000000013,0.00854854799999999,352.1946,247.1608242000002
14.846000000000004,0.00854854799999999,352.1946,247.1608242000002
14.855999999999995,0.008726334000000002,351.20099999999996,241.1942418000001
14.865000000000009,0.009970835999999997,352.1946,276.99373620000006
14.875,0.010859765999999993,350.2074,275.00487539999995
14.904999999999973,0.010681979999999994,346.233,275.00487539999995
14.923999999999978,0.010681979999999994,350.2074,278.98259699999994
14.933999999999969,0.010681979999999994,351.20099999999996,275.00487539999995
14.944000000000017,0.010859765999999993,352.1946,275.00487539999995
14.954000000000008,0.010681979999999994,351.20099999999996,276.99373620000006
14.963999999999999,0.010326407999999995,352.1946,276.99373620000006
14.97399999999999,0.010326407999999995,351.20099999999996,275.00487539999995
14.98399999999998,0.010148621999999996,353.1882,276.99373620000006
14.993999999999971,0.009970835999999997,353.1882,276.99373620000006
15.039999999999964,0.011748696000000003,349.2138,304.8377874
15.050000000000011,0.012637625999999999,351.20099999999996,308.815509
15.058999999999969,0.012459839999999986,351.20099999999996,310.8043697999999
15.069000000000017,0.012282054,351.20099999999996,306.82664820000014
15.079000000000008,0.012282054,348.2202,306.82664820000014
15.087999999999965,0.012637625999999999,353.1882,306.82664820000014
15.098000000000013,0.012282054,351.20099999999996,308.815509
15.106999999999971,0.012459839999999986,351.20099999999996,306.82664820000014
15.117000000000019,0.012282054,351.20099999999996,308.815509
15.125999999999976,0.012282054,350.2074,306.82664820000014
15.135999999999967,0.014059913999999993,352.1946,336.6595602000002
15.144999999999982,0.015482201999999987,349.2138,336.6595602000002
15.175000000000011,0.015126630000000002,348.2202,334.6706993999999
15.194000000000017,0.015126630000000002,350.2074,336.6595602000002
15.204000000000008,0.015126630000000002,351.20099999999996,336.6595602000002
15.213999999999999,0.014771058000000004,351.20099999999996,336.6595602000002
15.22399999999999,0.014948843999999989,353.1882,336.6595602000002
15.23399999999998,0.014771058000000004,353.1882,336.6595602000002
15.243999999999971,0.014948843999999989,354.1818,336.6595602000002
15.254000000000019,0.014771058000000004,352.1946,336.6595602000002
15.26400000000001,0.014415486000000005,351.20099999999996,336.6595602000002
15.274000000000001,0.016371131999999997,352.1946,368.48133299999995
15.283999999999992,0.01797120599999999,355.17539999999997,368.48133299999995
15.310000000000002,0.01761563399999999,352.1946,366.49247220000007
15.319000000000017,0.01761563399999999,354.1818,368.48133299999995
15.329000000000008,0.017260061999999993,349.2138,368.48133299999995
15.337999999999965,0.017082275999999993,350.2074,368.48133299999995
15.348000000000013,0.017437848000000006,351.20099999999996,364.5036114000002
15.356999999999971,0.017260061999999993,350.2074,366.49247220000007
15.367000000000019,0.016904489999999994,351.20099999999996,368.48133299999995
15.375999999999976,0.017082275999999993,351.20099999999996,366.49247220000007
15.385999999999967,0.017082275999999993,351.20099999999996,366.49247220000007
15.396000000000015,0.016726703999999995,351.20099999999996,366.49247220000007
15.404999999999973,0.018326778000000002,352.1946,398.314245
15.423999999999978,0.020282423999999993,351.20099999999996,394.33652340000026
15.444999999999993,0.019926851999999995,351.20099999999996,394.33652340000026
15.454000000000008,0.019749065999999996,351.20099999999996,398.314245
15.463999999999999,0.019571279999999996,353.1882,398.314245
15.47399999999999,0.019571279999999996,354.1818,398.314245
15.485000000000014,0.019393493999999997,351.20099999999996,396.32538420000014
15.493999999999971,0.018860135999999986,351.20099999999996,400.30310580000014
15.504000000000019,0.019215707999999984,353.1882,398.314245
15.538000000000011,0.020282423999999993,353.1882,426.1582962
15.548000000000002,0.022238069999999985,350.2074,426.1582962
15.579999999999984,0.021526925999999988,351.20099999999996,426.1582962
15.588999999999999,0.021349140000000003,352.1946,428.1471570000001
15.59899999999999,0.02117135399999999,355.17539999999997,430.1360178000002
15.608000000000004,0.02117135399999999,350.2074,426.1582962
15.617999999999995,0.02117135399999999,353.1882,424.1694354000001
15.62700000000001,0.02081578199999999,352.1946,426.1582962
15.637,0.020460210000000006,351.20099999999996,428.1471570000001
15.646000000000015,0.020282423999999993,350.2074,430.1360178000002
15.656000000000006,0.020282423999999993,351.20099999999996,428.1471570000001
15.665999999999997,0.020104637999999994,350.2074,426.1582962
15.685000000000002,0.023304785999999994,352.1946,455.9912082000001
15.694999999999993,0.022949213999999996,351.20099999999996,457.98006899999996
15.714999999999975,0.022593641999999997,348.2202,454.0023474000002
15.72399999999999,0.022238069999999985,352.1946,455.9912082000001
15.73399999999998,0.022060284,351.20099999999996,457.98006899999996
15.742999999999995,0.021882497999999986,353.1882,457.98006899999996
15.752999999999986,0.021526925999999988,350.2074,455.9912082000001
15.762999999999977,0.021526925999999988,350.2074,457.98006899999996
15.771999999999991,0.021526925999999988,351.20099999999996,457.98006899999996
15.781000000000006,0.021349140000000003,353.1882,455.9912082000001
15.790999999999997,0.02099356799999999,353.1882,457.98006899999996
15.800999999999988,0.02099356799999999,352.1946,454.0023474000002
15.810000000000002,0.021704712,354.1818,487.81298100000004
15.819999999999993,0.023126999999999995,353.1882,487.81298100000004
15.849999999999966,0.022238069999999985,352.1946,483.83525940000004
15.85899999999998,0.022060284,354.1818,487.81298100000004
15.868999999999971,0.022060284,351.20099999999996,485.82412020000015
15.877999999999986,0.022060284,352.1946,483.83525940000004
15.887999999999977,0.021526925999999988,350.2074,481.84639859999993
15.896999999999991,0.02117135399999999,351.20099999999996,487.81298100000004
15.906999999999982,0.020637995999999992,350.2074,485.82412020000015
15.915999999999997,0.020637995999999992,349.2138,485.82412020000015
15.925999999999988,0.020460210000000006,353.1882,487.81298100000004
15.944999999999993,0.020104637999999994,351.20099999999996,511.6793106
15.954999999999984,0.021882497999999986,353.1882,513.6681714000001
15.964999999999975,0.021349140000000003,353.1882,515.6570322
15.985000000000014,0.020637995999999992,349.2138,513.6681714000001
15.993999999999971,0.020460210000000006,354.1818,513.6681714000001
16.00400000000002,0.020282423999999993,352.1946,513.6681714000001
16.012999999999977,0.019926851999999995,352.1946,515.6570322
16.022999999999968,0.019749065999999996,351.20099999999996,511.6793106
16.031999999999982,0.019393493999999997,351.20099999999996,515.6570322
16.041999999999973,0.019571279999999996,353.1882,513.6681714000001
16.050999999999988,0.019037922,351.20099999999996,517.6458929999999
16.06099999999998,0.018860135999999986,351.20099999999996,513.6681714000001
16.07099999999997,0.018326778000000002,352.1946,513.6681714000001
16.079999999999984,0.017793420000000004,352.1946,545.4899442000001
16.089999999999975,0.019393493999999997,352.1946,541.5122226000001
16.120000000000005,0.019037922,349.2138,539.5233618
16.12900000000002,0.018860135999999986,353.1882,543.5010834000002
16.13900000000001,0.018860135999999986,353.1882,543.5010834000002
16.147999999999968,0.018504563999999987,353.1882,543.5010834000002
16.158000000000015,0.01868235,352.1946,539.5233618
16.168000000000006,0.018504563999999987,353.1882,543.5010834000002
16.176999999999964,0.01797120599999999,351.20099999999996,543.5010834000002
16.187000000000012,0.01814899199999999,353.1882,543.5010834000002
16.206000000000017,0.017437848000000006,351.20099999999996,539.5233618
16.216000000000008,0.016904489999999994,351.20099999999996,575.3228562000002
16.226,0.019037922,353.1882,575.3228562000002
16.254999999999995,0.019037922,348.2202,573.3339954
16.26400000000001,0.019037922,349.2138,573.3339954
16.274,0.019215707999999984,352.1946,575.3228562000002
16.283000000000015,0.019571279999999996,354.1818,575.3228562000002
16.293000000000006,0.019037922,348.2202,569.3562738
16.302999999999997,0.019571279999999996,354.1818,573.3339954
16.312000000000012,0.019393493999999997,351.20099999999996,575.3228562000002
16.322000000000003,0.019571279999999996,353.1882,575.3228562000002
16.331000000000017,0.019749065999999996,352.1946,573.3339954
16.341000000000008,0.020104637999999994,350.2074,571.3451345999999
16.349999999999966,0.019393493999999997,353.1882,609.1334898
16.360000000000014,0.021526925999999988,349.2138,605.1557682
16.389999999999986,0.022949213999999996,352.1946,607.1446289999999
16.435000000000002,0.025438218,350.2074,605.1557682
16.480000000000018,0.02721607799999999,347.22659999999996,599.1891858000001
16.488999999999976,0.02757164999999999,352.1946,605.1557682
16.498999999999967,0.02721607799999999,348.2202,605.1557682
16.50799999999998,0.027749436000000002,352.1946,605.1557682
16.517999999999972,0.028282793999999986,350.2074,603.1669074000001
16.527999999999963,0.028282793999999986,352.1946,603.1669074000001
16.536999999999978,0.028105008,350.2074,603.1669074000001
16.555999999999983,0.028105008,352.1946,603.1669074000001
16.565999999999974,0.028105008,350.2074,603.1669074000001
16.575999999999965,0.02703829199999999,353.1882,636.9775410000002
16.586000000000013,0.029349509999999995,353.1882,636.9775410000002
16.61500000000001,0.029705081999999994,351.20099999999996,632.9998194000002
16.623999999999967,0.029527295999999995,350.2074,634.9886802000001
16.634000000000015,0.029527295999999995,350.2074,634.9886802000001
16.642999999999972,0.029171723999999996,351.20099999999996,636.9775410000002
16.652999999999963,0.029349509999999995,353.1882,634.9886802000001
16.66300000000001,0.028993937999999997,353.1882,636.9775410000002
16.67199999999997,0.028816151999999998,350.2074,634.9886802000001
16.682000000000016,0.028638366,351.20099999999996,636.9775410000002
16.690999999999974,0.028638366,353.1882,636.9775410000002
16.700999999999965,0.028282793999999986,353.1882,634.9886802000001
16.70999999999998,0.026860505999999992,352.1946,664.8215921999999
16.71999999999997,0.028282793999999986,351.20099999999996,666.8104530000003
16.75,0.027927221999999988,349.2138,660.8438706000002
16.759000000000015,0.02757164999999999,350.2074,660.8438706000002
16.769000000000005,0.02739386399999999,353.1882,666.8104530000003
16.777999999999963,0.026860505999999992,351.20099999999996,666.8104530000003
16.78800000000001,0.026504933999999994,351.20099999999996,662.8327314000001
16.798000000000002,0.026504933999999994,353.1882,666.8104530000003
16.817000000000007,0.025793789999999997,351.20099999999996,662.8327314000001
16.826999999999998,0.025260431999999985,351.20099999999996,664.8215921999999
16.83699999999999,0.025082646,349.2138,662.8327314000001
16.84699999999998,0.023126999999999995,351.20099999999996,698.6322258
16.85699999999997,0.024904859999999987,352.1946,694.6545042
16.88499999999999,0.02383814399999999,348.2202,694.6545042
16.894000000000005,0.023660357999999992,352.1946,696.6433650000001
16.903999999999996,0.022949213999999996,352.1946,696.6433650000001
16.91300000000001,0.022771427999999996,353.1882,696.6433650000001
16.923000000000002,0.022593641999999997,351.20099999999996,692.6656434000001
16.932999999999993,0.021882497999999986,352.1946,694.6545042
16.942000000000007,0.021526925999999988,350.2074,694.6545042
16.951999999999998,0.021526925999999988,352.1946,694.6545042
16.961000000000013,0.02081578199999999,351.20099999999996,694.6545042
16.971000000000004,0.02081578199999999,354.1818,694.6545042
16.980000000000018,0.01814899199999999,351.20099999999996,726.4762770000002
16.99000000000001,0.019926851999999995,351.20099999999996,724.4874162000001
17.019999999999982,0.018504563999999987,351.20099999999996,724.4874162000001
17.028999999999996,0.01797120599999999,351.20099999999996,726.4762770000002
17.038999999999987,0.01761563399999999,351.20099999999996,726.4762770000002
17.048000000000002,0.017260061999999993,350.2074,726.4762770000002
17.064999999999998,0.016548917999999996,348.2202,724.4874162000001
17.074000000000012,0.016371131999999997,352.1946,726.4762770000002
17.084000000000003,0.015837773999999985,353.1882,726.4762770000002
17.093000000000018,0.015659988,351.20099999999996,726.4762770000002
17.103999999999985,0.015126630000000002,351.20099999999996,724.4874162000001
17.113,0.012637625999999999,352.1946,758.2980498000002
17.12299999999999,0.014059913999999993,352.1946,756.3091890000005
17.154999999999973,0.012993197999999997,351.20099999999996,756.3091890000005
17.163999999999987,0.012282054,352.1946,758.2980498000002
17.173999999999978,0.012282054,356.169,756.3091890000005
17.182999999999993,0.011926481999999988,353.1882,756.3091890000005
17.192999999999984,0.011037551999999992,347.22659999999996,754.3203282000004
17.202999999999975,0.011215337999999991,353.1882,756.3091890000005
17.21199999999999,0.010504193999999994,352.1946,760.2869106000003
17.22199999999998,0.010504193999999994,355.17539999999997,758.2980498000002
17.230999999999995,0.010148621999999996,351.20099999999996,754.3203282000004
17.240999999999985,0.009615263999999998,351.20099999999996,758.2980498000002
17.25,0.006770687999999997,353.1882,790.1198226000006
17.25999999999999,0.008370762000000004,351.20099999999996,790.1198226000006
17.289999999999964,0.007659617999999993,351.20099999999996,788.1309618000005
17.298999999999978,0.007304045999999995,353.1882,788.1309618000005
17.30899999999997,0.006948473999999996,353.1882,788.1309618000005
17.317999999999984,0.006948473999999996,352.1946,786.1421010000004
17.327999999999975,0.006770687999999997,354.1818,788.1309618000005
17.34699999999998,0.006059544,352.1946,790.1198226000006
17.35699999999997,0.005881757999999987,353.1882,788.1309618000005
17.36700000000002,0.0055261859999999885,351.20099999999996,788.1309618000005
17.377999999999986,0.00517061399999999,352.1946,788.1309618000005
17.387999999999977,0.0023260380000000025,356.169,819.9527346000004
17.397999999999968,0.004281683999999994,354.1818,817.9638738000003
17.42500000000001,0.003392753999999998,348.2202,817.9638738000003
17.435000000000002,0.0032149679999999986,351.20099999999996,817.9638738000003
17.444000000000017,0.0032149679999999986,353.1882,819.9527346000004
17.454000000000008,0.0032149679999999986,351.20099999999996,817.9638738000003
17.462999999999965,0.0028593959999999863,351.20099999999996,815.9750130000002
17.473000000000013,0.002681610000000001,352.1946,819.9527346000004
17.48199999999997,0.002681610000000001,353.1882,815.9750130000002
17.49200000000002,0.002681610000000001,353.1882,819.9527346000004
17.500999999999976,0.002503823999999988,350.2074,817.9638738000003
17.510999999999967,0.0023260380000000025,350.2074,813.9861522000006
17.521000000000015,0.00037039200000001105,364.1178,847.7967858000006
17.529999999999973,0.00019260599999999795,351.20099999999996,851.7745074000004
17.560000000000002,0.0009037499999999948,349.2138,847.7967858000006
17.569999999999993,0.001081535999999994,351.20099999999996,849.7856466000003
17.579000000000008,0.0007259639999999956,353.1882,851.7745074000004
17.598000000000013,0.0005481779999999825,350.2074,849.7856466000003
17.608000000000004,0.0009037499999999948,353.1882,847.7967858000006
17.617999999999995,0.0007259639999999956,351.20099999999996,847.7967858000006
17.627999999999986,0.00037039200000001105,351.20099999999996,853.7633682000005
17.637999999999977,0.0007259639999999956,352.1946,847.7967858000006
17.647999999999968,0.0005481779999999825,350.2074,845.8079250000001
17.658000000000015,0.00019260599999999795,374.05379999999997,879.6185586000001
17.668000000000006,0.00019260599999999795,374.05379999999997,881.6074194000003
17.694999999999993,-0.0003407520000000136,361.137,877.6296978000005
17.704999999999984,-0.0003407520000000136,361.137,881.6074194000003
17.714,-0.00016296600000001438,361.137,879.6185586000001
17.72399999999999,-0.00016296600000001438,360.1434,879.6185586000001
17.733000000000004,-0.0003407520000000136,358.1562,879.6185586000001
17.742999999999995,-0.00016296600000001438,358.1562,879.6185586000001
17.75200000000001,-0.00016296600000001438,360.1434,879.6185586000001
17.762,-0.0003407520000000136,356.169,879.6185586000001
17.771000000000015,-0.0003407520000000136,358.1562,881.6074194000003
17.781000000000006,-0.0003407520000000136,356.169,879.6185586000001
17.790999999999997,1.4819999999998723e-05,390.945,911.4403314000006
17.80000000000001,-0.0005185379999999989,389.9514,913.4291922000002
17.829999999999984,-0.0003407520000000136,388.95779999999996,909.4514706000004
17.839999999999975,-0.0005185379999999989,389.9514,911.4403314000006
17.84899999999999,-0.0003407520000000136,390.945,911.4403314000006
17.867999999999995,1.4819999999998723e-05,388.95779999999996,907.4626098000003
17.877999999999986,-0.00016296600000001438,392.93219999999997,911.4403314000006
17.887999999999977,1.4819999999998723e-05,393.9258,911.4403314000006
17.897999999999968,-0.00016296600000001438,393.9258,911.4403314000006
17.908000000000015,-0.00016296600000001438,393.9258,913.4291922000002
17.918999999999983,-0.00016296600000001438,394.9194,913.4291922000002
17.927999999999997,-0.0003407520000000136,422.7402,943.2621042000005
17.937999999999988,-0.00016296600000001438,424.7274,943.2621042000005
17.964999999999975,-0.0005185379999999989,421.7466,941.2732434
17.974999999999966,-0.0003407520000000136,427.7082,943.2621042000005
17.98399999999998,-0.0003407520000000136,425.721,941.2732434
17.99399999999997,1.4819999999998723e-05,426.7146,941.2732434
18.002999999999986,0.00019260599999999795,426.7146,939.2843826000003
18.012999999999977,-0.00016296600000001438,428.7018,945.2509650000006
18.02199999999999,-0.0003407520000000136,426.7146,941.2732434
18.031999999999982,-0.0003407520000000136,427.7082,941.2732434
18.040999999999997,-0.00016296600000001438,428.7018,943.2621042000005
18.050999999999988,-0.00016296600000001438,426.7146,943.2621042000005
18.06099999999998,-0.00016296600000001438,459.5034,973.0950162000004
18.069999999999993,-0.0005185379999999989,460.497,975.083877
18.099999999999966,-0.00016296600000001438,458.5098,969.1172946000006
18.110000000000014,-0.0003407520000000136,459.5034,973.0950162000004
18.12900000000002,-0.0003407520000000136,461.4906,973.0950162000004
18.13900000000001,-0.0003407520000000136,459.5034,971.1061554000003
18.149,1.4819999999998723e-05,460.497,971.1061554000003
18.158999999999992,-0.0003407520000000136,459.5034,973.0950162000004
18.168999999999983,-0.00016296600000001438,463.4778,971.1061554000003
18.178999999999974,-0.0003407520000000136,461.4906,973.0950162000004
18.192999999999984,1.4819999999998723e-05,492.2922,1011.0812442000001
18.202999999999975,-0.0003407520000000136,491.29859999999996,1012.9974906000002
18.235000000000014,-0.00016296600000001438,491.29859999999996,1009.1649978
18.245000000000005,-0.00016296600000001438,494.2794,1014.9137370000003
18.25400000000002,-0.00016296600000001438,494.2794,1012.9974906000002
18.26400000000001,1.4819999999998723e-05,496.2666,1012.9974906000002
18.272999999999968,-0.00016296600000001438,493.2858,1011.0812442000001
18.283000000000015,-0.00016296600000001438,496.2666,1014.9137370000003
18.291999999999973,-0.0003407520000000136,493.2858,1012.9974906000002
18.301999999999964,1.4819999999998723e-05,495.27299999999997,1009.1649978
18.31099999999998,-0.0003407520000000136,496.2666,1014.9137370000003
18.32099999999997,-0.0003407520000000136,494.2794,1011.0812442000001
18.331000000000017,-0.00016296600000001438,526.0746,1041.7411865999998
18.339999999999975,-0.0003407520000000136,526.0746,1043.6574329999999
18.370000000000005,-0.0003407520000000136,525.081,1039.8249402000001
18.38900000000001,-0.00016296600000001438,527.0682,1043.6574329999999
18.399,-0.0005185379999999989,528.0618000000001,1043.6574329999999
18.408999999999992,-0.0005185379999999989,528.0618000000001,1043.6574329999999
18.418999999999983,-0.0005185379999999989,528.0618000000001,1045.5736794000004
18.428999999999974,1.4819999999998723e-05,530.0490000000001,1043.6574329999999
18.438999999999965,-0.00016296600000001438,529.0554000000001,1039.8249402000001
18.449000000000012,-0.0003407520000000136,528.0618000000001,1043.6574329999999
18.459000000000003,-0.0006963239999999982,527.0682,1043.6574329999999
18.468999999999994,-0.00016296600000001438,559.8570000000001,1074.3173754
18.478999999999985,0.00019260599999999795,560.8506000000001,1074.3173754
18.504999999999995,1.4819999999998723e-05,558.8634000000001,1068.5686362000001
18.514999999999986,1.4819999999998723e-05,561.8442,1072.4011290000003
18.524,-0.0003407520000000136,560.8506000000001,1072.4011290000003
18.533999999999992,-0.00016296600000001438,561.8442,1074.3173754
18.543000000000006,-0.00016296600000001438,562.8378,1072.4011290000003
18.552999999999997,1.4819999999998723e-05,563.8314,1072.4011290000003
18.562000000000012,-0.00016296600000001438,561.8442,1072.4011290000003
18.572000000000003,-0.0003407520000000136,562.8378,1076.2336218
18.581000000000017,-0.0003407520000000136,563.8314,1076.2336218
18.591000000000008,-0.00016296600000001438,563.8314,1070.4848826000002
18.601,-0.00016296600000001438,592.6458,1104.9773178
18.61899999999997,-0.00016296600000001438,591.6522000000001,1101.1448249999999
18.639999999999986,-0.0003407520000000136,591.6522000000001,1103.0610714000004
18.649999999999977,-0.0003407520000000136,594.633,1104.9773178
18.659999999999968,-0.00016296600000001438,594.633,1103.0610714000004
18.670000000000016,-0.00016296600000001438,594.633,1103.0610714000004
18.680000000000007,-0.00016296600000001438,593.6394,1101.1448249999999
18.689999999999998,-0.0003407520000000136,594.633,1104.9773178
18.69999999999999,-0.00016296600000001438,595.6266,1103.0610714000004
18.70999999999998,-0.00016296600000001438,596.6202000000001,1101.1448249999999
18.71999999999997,-0.00016296600000001438,596.6202000000001,1104.9773178
18.730000000000018,-0.0003407520000000136,594.633,1103.0610714000004
18.74000000000001,-0.00016296600000001438,626.4282000000001,1133.7210138
18.75,-0.00016296600000001438,625.4346,1133.7210138
18.774999999999977,-0.0005185379999999989,624.441,1133.7210138
18.784999999999968,1.4819999999998723e-05,627.4218000000001,1131.8047674
18.793999999999983,-0.0003407520000000136,627.4218000000001,1133.7210138
18.803999999999974,-0.0003407520000000136,628.4154000000001,1133.7210138
18.812999999999988,-0.00016296600000001438,625.4346,1129.8885210000003
18.82299999999998,-0.0005185379999999989,627.4218000000001,1135.6372601999997
18.831999999999994,-0.0003407520000000136,628.4154000000001,1135.6372601999997
18.841999999999985,-0.0003407520000000136,627.4218000000001,1133.7210138
18.851,-0.0005185379999999989,628.4154000000001,1135.6372601999997
18.86099999999999,-0.0005185379999999989,628.4154000000001,1133.7210138
18.87099999999998,-0.00016296600000001438,657.2298000000001,1164.3809562000001
18.889999999999986,-0.00016296600000001438,658.2234000000001,1162.4647098
18.909999999999968,-0.00016296600000001438,658.2234000000001,1164.3809562000001
18.954999999999984,-0.0003407520000000136,659.2170000000001,1166.2972026000002
19.0,-0.00016296600000001438,659.2170000000001,1160.5484634000004
19.00999999999999,-0.00016296600000001438,660.2106000000001,1164.3809562000001
19.019000000000005,-0.0005185379999999989,659.2170000000001,1166.2972026000002
19.028999999999996,1.4819999999998723e-05,659.2170000000001,1162.4647098
19.03800000000001,-0.0003407520000000136,659.2170000000001,1160.5484634000004
19.048000000000002,-0.0005185379999999989,660.2106000000001,1166.2972026000002
19.057000000000016,-0.0003407520000000136,659.2170000000001,1164.3809562000001
19.067000000000007,-0.00016296600000001438,661.2042,1164.3809562000001
19.075999999999965,-0.0003407520000000136,660.2106000000001,1164.3809562000001
19.086000000000013,-0.0003407520000000136,660.2106000000001,1162.4647098
19.096000000000004,-0.00016296600000001438,692.0058,1196.9571450000003
19.105000000000018,-0.00016296600000001438,690.0186000000001,1193.1246521999997
19.13499999999999,-0.0005185379999999989,689.0250000000001,1193.1246521999997
19.144999999999982,1.4819999999998723e-05,690.0186000000001,1195.0408986000002
19.153999999999996,-0.0005185379999999989,692.0058,1196.9571450000003
19.163999999999987,-0.0006963239999999982,691.0122,1198.8733914
19.173000000000002,-0.00016296600000001438,688.0314000000001,1191.2084058
19.182999999999993,-0.00016296600000001438,691.0122,1193.1246521999997
19.192000000000007,-0.0003407520000000136,691.0122,1195.0408986000002
19.201999999999998,-0.00016296600000001438,692.0058,1196.9571450000003
19.211000000000013,-0.0003407520000000136,691.0122,1196.9571450000003
19.230999999999995,1.4819999999998723e-05,720.8202000000001,1221.8683482000001
19.24000000000001,-0.00016296600000001438,721.8138,1223.7845945999998
19.25,-0.00016296600000001438,720.8202000000001,1225.7008409999999
19.269999999999982,-0.00016296600000001438,718.8330000000001,1223.7845945999998
19.279999999999973,-0.0003407520000000136,720.8202000000001,1221.8683482000001
19.288999999999987,-0.0005185379999999989,721.8138,1227.6170874
19.298999999999978,-0.00016296600000001438,721.8138,1221.8683482000001
19.307999999999993,-0.00016296600000001438,719.8266000000001,1219.9521018
19.317999999999984,-0.00016296600000001438,720.8202000000001,1225.7008409999999
19.326999999999998,-0.0003407520000000136,720.8202000000001,1221.8683482000001
19.33699999999999,-0.0003407520000000136,721.8138,1223.7845945999998
19.346000000000004,-0.00016296600000001438,721.8138,1221.8683482000001
19.355999999999995,1.4819999999998723e-05,721.8138,1221.8683482000001
19.365999999999985,-0.00016296600000001438,749.6346000000001,1254.4445370000003
19.375,-0.0003407520000000136,750.6282000000001,1254.4445370000003
19.404999999999973,-0.00016296600000001438,749.6346000000001,1252.5282906000002
19.414999999999964,-0.0003407520000000136,749.6346000000001,1254.4445370000003
19.423999999999978,-0.00016296600000001438,750.6282000000001,1252.5282906000002
19.43399999999997,-0.0003407520000000136,750.6282000000001,1254.4445370000003
19.442999999999984,1.4819999999998723e-05,748.6410000000001,1252.5282906000002
19.452999999999975,-0.0003407520000000136,750.6282000000001,1254.4445370000003
19.46199999999999,-0.0003407520000000136,749.6346000000001,1254.4445370000003
19.47199999999998,-0.00016296600000001438,749.6346000000001,1252.5282906000002
19.490999999999985,-0.00016296600000001438,750.6282000000001,1254.4445370000003
19.500999999999976,1.4819999999998723e-05,778.4490000000001,1283.1882329999999
19.510999999999967,0.00019260599999999795,778.4490000000001,1281.2719865999998
19.539999999999964,-0.0005185379999999989,775.4682,1279.3557402000001
19.55000000000001,-0.00016296600000001438,778.4490000000001,1285.1044794000004
19.55899999999997,-0.0003407520000000136,778.4490000000001,1281.2719865999998
19.569000000000017,-0.0003407520000000136,779.4426000000001,1285.1044794000004
19.577999999999975,-0.00016296600000001438,775.4682,1279.3557402000001
19.587999999999965,1.4819999999998723e-05,776.4618,1283.1882329999999
19.59699999999998,0.00019260599999999795,776.4618,1279.3557402000001
19.60699999999997,-0.0003407520000000136,776.4618,1283.1882329999999
19.615999999999985,-0.0005185379999999989,776.4618,1285.1044794000004
19.625999999999976,-0.0003407520000000136,775.4682,1281.2719865999998
19.635999999999967,-0.0005185379999999989,806.2698,1317.6806681999997
19.644999999999982,-0.0003407520000000136,805.2762,1315.7644218
19.67500000000001,-0.0003407520000000136,802.2954000000001,1310.0156826000002
19.685000000000002,-0.0003407520000000136,804.2826000000001,1317.6806681999997
19.694000000000017,1.4819999999998723e-05,804.2826000000001,1315.7644218
19.704000000000008,-0.00016296600000001438,803.2890000000001,1315.7644218
19.712999999999965,1.4819999999998723e-05,802.2954000000001,1310.0156826000002
19.723000000000013,-0.00016296600000001438,803.2890000000001,1313.8481754
19.73199999999997,1.4819999999998723e-05,802.2954000000001,1310.0156826000002
19.750999999999976,-0.0005185379999999989,803.2890000000001,1315.7644218
19.762,-0.00016296600000001438,801.3018000000001,1310.0156826000002
19.771000000000015,-0.00016296600000001438,832.1034000000001,1346.4243642000001
19.781000000000006,1.4819999999998723e-05,830.1162,1344.5081178
19.810000000000002,-0.0003407520000000136,829.1226,1344.5081178
19.819999999999993,1.4819999999998723e-05,828.129,1342.5918714000004
19.829000000000008,-0.00016296600000001438,829.1226,1344.5081178
19.839,-0.0003407520000000136,829.1226,1346.4243642000001
19.848000000000013,-0.00016296600000001438,826.1418000000001,1340.6756249999999
19.858000000000004,-0.0003407520000000136,827.1354000000001,1344.5081178
19.86700000000002,-0.00016296600000001438,827.1354000000001,1342.5918714000004
19.87700000000001,-0.00016296600000001438,827.1354000000001,1346.4243642000001
19.885999999999967,-0.0005185379999999989,826.1418000000001,1348.3406106000002
19.896000000000015,-0.0003407520000000136,826.1418000000001,1342.5918714000004
19.906000000000006,-0.0003407520000000136,853.9626000000001,1373.2518138
19.914999999999964,1.4819999999998723e-05,852.969,1375.1680601999997
19.944999999999993,-0.00016296600000001438,849.9882000000001,1371.3355674
19.954999999999984,-0.0003407520000000136,850.9818,1373.2518138
19.964,1.4819999999998723e-05,850.9818,1373.2518138
19.97399999999999,-0.0003407520000000136,849.9882000000001,1375.1680601999997
19.983000000000004,-0.00016296600000001438,847.0074000000001,1369.4193210000003
19.992999999999995,-0.00016296600000001438,848.9946000000001,1375.1680601999997
20.00200000000001,-0.00016296600000001438,848.0010000000001,1373.2518138
20.02199999999999,-0.0003407520000000136,847.0074000000001,1377.0843066000002
20.031999999999982,-0.0006963239999999982,846.0138000000001,1375.1680601999997
20.041999999999973,-0.00016296600000001438,845.0202,1375.1680601999997
20.051999999999964,-0.0003407520000000136,845.0202,1377.0843066000002
20.079999999999984,-0.00016296600000001438,840.0522000000001,1369.4193210000003
20.089999999999975,-0.0003407520000000136,842.0394000000001,1375.1680601999997
20.09899999999999,-0.00016296600000001438,842.0394000000001,1377.0843066000002
20.10899999999998,1.4819999999998723e-05,840.0522000000001,1373.2518138
20.11899999999997,-0.0003407520000000136,838.065,1371.3355674
20.127999999999986,-0.00016296600000001438,840.0522000000001,1373.2518138
20.137999999999977,-0.0003407520000000136,839.0586000000001,1375.1680601999997
20.14699999999999,1.4819999999998723e-05,838.065,1373.2518138
20.156000000000006,-0.0003407520000000136,836.0778,1373.2518138
20.165999999999997,-0.0003407520000000136,838.065,1371.3355674
20.175999999999988,-0.00016296600000001438,807.2634,1344.5081178
20.185000000000002,-0.00016296600000001438,806.2698,1342.5918714000004
20.214999999999975,-0.0005185379999999989,804.2826000000001,1344.5081178
20.224999999999966,1.4819999999998723e-05,805.2762,1344.5081178
20.23399999999998,1.4819999999998723e-05,805.2762,1344.5081178
20.24399999999997,-0.00016296600000001438,805.2762,1342.5918714000004
20.25400000000002,-0.0003407520000000136,802.2954000000001,1340.6756249999999
20.262999999999977,-0.00016296600000001438,805.2762,1344.5081178
20.281999999999982,-0.0003407520000000136,804.2826000000001,1346.4243642000001
20.291999999999973,-0.00016296600000001438,804.2826000000001,1344.5081178
20.301999999999964,1.4819999999998723e-05,803.2890000000001,1340.6756249999999
20.312000000000012,-0.00016296600000001438,772.4874000000001,1313.8481754
20.322000000000003,-0.0003407520000000136,773.4810000000001,1315.7644218
20.349999999999966,-0.0003407520000000136,769.5066,1308.0994362000001
20.360000000000014,-0.00016296600000001438,771.4938000000001,1315.7644218
20.36899999999997,-0.00016296600000001438,772.4874000000001,1313.8481754
20.37900000000002,-0.00016296600000001438,770.5002000000001,1310.0156826000002
20.387999999999977,-0.0003407520000000136,770.5002000000001,1313.8481754
20.397999999999968,-0.00016296600000001438,772.4874000000001,1313.8481754
20.408000000000015,-0.0003407520000000136,771.4938000000001,1311.9319290000003
20.416999999999973,-0.0003407520000000136,772.4874000000001,1313.8481754
20.425999999999988,-0.0005185379999999989,772.4874000000001,1315.7644218
20.43599999999998,-0.00016296600000001438,771.4938000000001,1311.9319290000003
20.44599999999997,-0.0003407520000000136,744.6666,1285.1044794000004
20.454999999999984,-0.00016296600000001438,743.6730000000001,1285.1044794000004
20.485000000000014,-0.0003407520000000136,740.6922000000001,1281.2719865999998
20.495000000000005,-0.0003407520000000136,743.6730000000001,1285.1044794000004
20.50400000000002,-0.00016296600000001438,743.6730000000001,1283.1882329999999
20.51400000000001,-0.0003407520000000136,743.6730000000001,1285.1044794000004
20.522999999999968,-0.0003407520000000136,743.6730000000001,1279.3557402000001
20.543000000000006,0.00019260599999999795,744.6666,1283.1882329999999
20.552999999999997,1.4819999999998723e-05,744.6666,1285.1044794000004
20.562999999999988,1.4819999999998723e-05,744.6666,1283.1882329999999
20.57299999999998,-0.00016296600000001438,744.6666,1281.2719865999998
20.58299999999997,1.4819999999998723e-05,714.8586,1252.5282906000002
20.593000000000018,-0.00016296600000001438,715.8522,1254.4445370000003
20.620000000000005,-0.00016296600000001438,712.8714000000001,1250.6120442000001
20.629999999999995,-0.0003407520000000136,714.8586,1252.5282906000002
20.63900000000001,-0.00016296600000001438,715.8522,1252.5282906000002
20.649,-0.0005185379999999989,716.8458,1254.4445370000003
20.658000000000015,-0.0005185379999999989,714.8586,1250.6120442000001
20.668000000000006,-0.00016296600000001438,716.8458,1254.4445370000003
20.676999999999964,1.4819999999998723e-05,717.8394000000001,1254.4445370000003
20.687000000000012,-0.00016296600000001438,716.8458,1252.5282906000002
20.69599999999997,-0.0003407520000000136,716.8458,1254.4445370000003
20.706000000000017,-0.0003407520000000136,715.8522,1250.6120442000001
20.716000000000008,-0.00016296600000001438,688.0314000000001,1219.9521018
20.724999999999966,-0.00016296600000001438,689.0250000000001,1223.7845945999998
20.754999999999995,-0.0003407520000000136,688.0314000000001,1221.8683482000001
20.764999999999986,-0.00016296600000001438,689.0250000000001,1223.7845945999998
20.774,-0.00016296600000001438,690.0186000000001,1223.7845945999998
20.783999999999992,-0.00016296600000001438,690.0186000000001,1223.7845945999998
20.802999999999997,1.4819999999998723e-05,689.0250000000001,1223.7845945999998
20.812999999999988,-0.0003407520000000136,691.0122,1223.7845945999998
20.82299999999998,1.4819999999998723e-05,691.0122,1223.7845945999998
20.83299999999997,-0.0005185379999999989,691.0122,1225.7008409999999
20.843000000000018,-0.0003407520000000136,692.0058,1223.7845945999998
20.85300000000001,-0.00016296600000001438,663.1914,1196.9571450000003
20.863,-0.0003407520000000136,663.1914,1196.9571450000003
20.889999999999986,-0.0003407520000000136,661.2042,1193.1246521999997
20.899999999999977,-0.0003407520000000136,663.1914,1195.0408986000002
20.908999999999992,-0.0003407520000000136,664.1850000000001,1195.0408986000002
20.918999999999983,1.4819999999998723e-05,663.1914,1193.1246521999997
20.928999999999974,-0.0003407520000000136,662.1978,1193.1246521999997
20.937999999999988,-0.0005185379999999989,664.1850000000001,1195.0408986000002
20.94799999999998,-0.0005185379999999989,665.1786000000001,1196.9571450000003
20.956999999999994,-0.00016296600000001438,664.1850000000001,1193.1246521999997
20.966000000000008,-0.0005185379999999989,664.1850000000001,1195.0408986000002
20.976,-0.0003407520000000136,664.1850000000001,1191.2084058
20.98599999999999,-0.00016296600000001438,634.3770000000001,1162.4647098
20.995000000000005,-0.0003407520000000136,636.3642000000001,1164.3809562000001
21.024999999999977,-0.00016296600000001438,635.3706000000001,1160.5484634000004
21.034999999999968,-0.00016296600000001438,638.3514,1162.4647098
21.043999999999983,1.4819999999998723e-05,637.3578000000001,1164.3809562000001
21.063999999999965,1.4819999999998723e-05,637.3578000000001,1160.5484634000004
21.07299999999998,-0.00016296600000001438,637.3578000000001,1164.3809562000001
21.08299999999997,-0.0003407520000000136,637.3578000000001,1162.4647098
21.093000000000018,-0.00016296600000001438,638.3514,1164.3809562000001
21.10300000000001,-0.00016296600000001438,638.3514,1162.4647098
21.113999999999976,-0.0005185379999999989,638.3514,1162.4647098
21.123999999999967,1.4819999999998723e-05,609.537,1131.8047674
21.13299999999998,-0.0005185379999999989,610.5306,1135.6372601999997
21.159999999999968,-0.0003407520000000136,609.537,1133.7210138
21.170000000000016,-0.00016296600000001438,613.5114000000001,1133.7210138
21.178999999999974,-0.00016296600000001438,612.5178000000001,1135.6372601999997
21.188999999999965,-0.00016296600000001438,612.5178000000001,1133.7210138
21.199000000000012,-0.00016296600000001438,610.5306,1131.8047674
21.20799999999997,1.4819999999998723e-05,612.5178000000001,1131.8047674
21.218000000000018,-0.0003407520000000136,613.5114000000001,1133.7210138
21.226999999999975,-0.0003407520000000136,613.5114000000001,1135.6372601999997
21.23599999999999,-0.0005185379999999989,613.5114000000001,1133.7210138
21.24599999999998,-0.00016296600000001438,612.5178000000001,1131.8047674
21.255999999999972,-0.00016296600000001438,585.6906,1104.9773178
21.264999999999986,-0.0003407520000000136,586.6842,1106.8935642000001
21.295000000000016,-0.0005185379999999989,584.697,1104.9773178
21.305000000000007,1.4819999999998723e-05,587.6778,1103.0610714000004
21.324000000000012,0.00019260599999999795,587.6778,1103.0610714000004
21.334000000000003,1.4819999999998723e-05,587.6778,1101.1448249999999
21.343999999999994,-0.0003407520000000136,588.6714000000001,1104.9773178
21.353999999999985,-0.00016296600000001438,589.6650000000001,1104.9773178
21.363999999999976,-0.0003407520000000136,588.6714000000001,1104.9773178
21.373999999999967,1.4819999999998723e-05,589.6650000000001,1104.9773178
21.384000000000015,-0.00016296600000001438,588.6714000000001,1101.1448249999999
21.394000000000005,-0.00016296600000001438,560.8506000000001,1074.3173754
21.403999999999996,1.4819999999998723e-05,561.8442,1074.3173754
21.430000000000007,-0.0003407520000000136,559.8570000000001,1072.4011290000003
21.474999999999966,-0.0003407520000000136,561.8442,1074.3173754
21.519999999999982,-0.00016296600000001438,561.8442,1070.4848826000002
21.529999999999973,-0.00016296600000001438,565.8186000000001,1074.3173754
21.538999999999987,-0.0005185379999999989,564.825,1076.2336218
21.548999999999978,1.4819999999998723e-05,563.8314,1072.4011290000003
21.55899999999997,-0.0003407520000000136,562.8378,1072.4011290000003
21.567999999999984,-0.00016296600000001438,564.825,1070.4848826000002
21.577999999999975,-0.0003407520000000136,564.825,1072.4011290000003
21.58699999999999,-0.0003407520000000136,566.8122000000001,1074.3173754
21.596000000000004,-0.0003407520000000136,566.8122000000001,1074.3173754
21.605999999999995,1.4819999999998723e-05,567.8058000000001,1070.4848826000002
21.615999999999985,-0.0003407520000000136,537.0042000000001,1043.6574329999999
21.625,-0.0003407520000000136,537.0042000000001,1045.5736794000004
21.654999999999973,-0.0003407520000000136,536.0106000000001,1041.7411865999998
21.673999999999978,-0.00016296600000001438,537.0042000000001,1041.7411865999998
21.68399999999997,1.4819999999998723e-05,538.9914,1041.7411865999998
21.694999999999993,-0.00016296600000001438,537.9978000000001,1039.8249402000001
21.704000000000008,-0.0003407520000000136,538.9914,1045.5736794000004
21.714,-0.0003407520000000136,538.9914,1043.6574329999999
21.72399999999999,1.4819999999998723e-05,541.9722,1041.7411865999998
21.73399999999998,0.00019260599999999795,540.9786,1039.8249402000001
21.745000000000005,-0.0003407520000000136,539.985,1041.7411865999998
21.754999999999995,-0.0003407520000000136,512.1642,1012.9974906000002
21.76400000000001,-0.00016296600000001438,512.1642,1012.9974906000002
21.789999999999964,-0.0003407520000000136,511.1706,1012.9974906000002
21.80000000000001,-0.00016296600000001438,512.1642,1012.9974906000002
21.80899999999997,1.4819999999998723e-05,513.1578000000001,1012.9974906000002
21.819000000000017,-0.00016296600000001438,514.1514,1012.9974906000002
21.829000000000008,-0.00016296600000001438,512.1642,1011.0812442000001
21.837999999999965,-0.0003407520000000136,514.1514,1012.9974906000002
21.848000000000013,1.4819999999998723e-05,515.145,1012.9974906000002
21.85699999999997,-0.0003407520000000136,516.1386,1014.9137370000003
21.86700000000002,-0.00016296600000001438,515.145,1014.9137370000003
21.875999999999976,-0.0005185379999999989,514.1514,1011.0812442000001
21.885999999999967,-0.0005185379999999989,484.3434,975.083877
21.904999999999973,-0.00016296600000001438,487.3242,973.0950162000004
21.92500000000001,1.4819999999998723e-05,486.3306,969.1172946000006
21.935000000000002,-0.0003407520000000136,488.3178,975.083877
21.944999999999993,-0.00016296600000001438,489.3114,973.0950162000004
21.954999999999984,-0.00016296600000001438,488.3178,973.0950162000004
21.964999999999975,-0.00016296600000001438,487.3242,973.0950162000004
21.974999999999966,-0.00016296600000001438,489.3114,973.0950162000004
21.985000000000014,1.4819999999998723e-05,489.3114,973.0950162000004
21.995000000000005,-0.0003407520000000136,489.3114,975.083877
22.004999999999995,-0.00016296600000001438,491.29859999999996,975.083877
22.014999999999986,-0.0005185379999999989,488.3178,973.0950162000004
22.024999999999977,-0.0003407520000000136,461.4906,943.2621042000005
22.034999999999968,-0.00016296600000001438,463.4778,941.2732434
22.060000000000002,-0.0005185379999999989,463.4778,943.2621042000005
22.105999999999995,-0.0005185379999999989,461.4906,941.2732434
22.125,1.4819999999998723e-05,465.465,939.2843826000003
22.13499999999999,-0.00016296600000001438,465.465,943.2621042000005
22.144999999999982,1.4819999999998723e-05,465.465,943.2621042000005
22.154999999999973,-0.00016296600000001438,465.465,941.2732434
22.164999999999964,1.4819999999998723e-05,466.4586,939.2843826000003
22.17500000000001,-0.00016296600000001438,468.4458,943.2621042000005
22.185000000000002,-0.0005185379999999989,467.4522,945.2509650000006
22.199000000000012,1.4819999999998723e-05,437.6442,911.4403314000006
22.20799999999997,1.4819999999998723e-05,439.6314,911.4403314000006
22.218000000000018,1.4819999999998723e-05,438.63779999999997,911.4403314000006
22.24000000000001,1.4819999999998723e-05,438.63779999999997,907.4626098000003
22.25,1.4819999999998723e-05,439.6314,909.4514706000004
22.25999999999999,-0.0003407520000000136,437.6442,913.4291922000002
22.269000000000005,-0.00016296600000001438,439.6314,909.4514706000004
22.278999999999996,1.4819999999998723e-05,437.6442,907.4626098000003
22.28800000000001,-0.00016296600000001438,441.6186,909.4514706000004
22.298000000000002,-0.00016296600000001438,441.6186,911.4403314000006
22.307000000000016,-0.00016296600000001438,441.6186,913.4291922000002
22.317000000000007,-0.00016296600000001438,441.6186,913.4291922000002
22.325999999999965,1.4819999999998723e-05,440.625,905.4737490000002
22.34499999999997,-0.00016296600000001438,413.7978,881.6074194000003
22.355000000000018,-0.00016296600000001438,412.8042,879.6185586000001
22.375,1.4819999999998723e-05,412.8042,877.6296978000005
22.38499999999999,1.4819999999998723e-05,414.7914,877.6296978000005
22.394000000000005,-0.00016296600000001438,413.7978,879.6185586000001
22.403999999999996,1.4819999999998723e-05,413.7978,877.6296978000005
22.413999999999987,-0.00016296600000001438,414.7914,879.6185586000001
22.423000000000002,1.4819999999998723e-05,414.7914,879.6185586000001
22.432999999999993,-0.00016296600000001438,415.78499999999997,881.6074194000003
22.442000000000007,1.4819999999998723e-05,416.7786,879.6185586000001
22.451999999999998,-0.00016296600000001438,416.7786,879.6185586000001
22.461000000000013,1.4819999999998723e-05,415.78499999999997,877.6296978000005
22.471000000000004,-0.0003407520000000136,386.9706,851.7745074000004
22.480999999999995,-0.00016296600000001438,387.9642,847.7967858000006
22.510999999999967,1.4819999999998723e-05,387.9642,849.7856466000003
22.519999999999982,-0.00016296600000001438,389.9514,849.7856466000003
22.529999999999973,-0.00016296600000001438,389.9514,849.7856466000003
22.538999999999987,-0.0003407520000000136,389.9514,851.7745074000004
22.548999999999978,-0.00016296600000001438,388.95779999999996,847.7967858000006
22.557999999999993,-0.0003407520000000136,390.945,849.7856466000003
22.567999999999984,-0.0003407520000000136,391.9386,849.7856466000003
22.576999999999998,-0.00016296600000001438,392.93219999999997,847.7967858000006
22.58699999999999,-0.0003407520000000136,391.9386,851.7745074000004
22.605999999999995,-0.00016296600000001438,364.1178,819.9527346000004
22.615999999999985,1.4819999999998723e-05,363.1242,819.9527346000004
22.625999999999976,0.00019260599999999795,362.1306,815.9750130000002
22.646000000000015,1.4819999999998723e-05,364.1178,817.9638738000003
22.654999999999973,-0.00016296600000001438,365.1114,817.9638738000003
22.664999999999964,-0.0003407520000000136,364.1178,817.9638738000003
22.673999999999978,-0.00016296600000001438,365.1114,819.9527346000004
22.68399999999997,-0.0003407520000000136,363.1242,819.9527346000004
22.692999999999984,-0.00016296600000001438,365.1114,815.9750130000002
22.702999999999975,-0.00016296600000001438,366.10499999999996,817.9638738000003
22.71199999999999,-0.0003407520000000136,366.10499999999996,817.9638738000003
22.72199999999998,-0.0003407520000000136,366.10499999999996,817.9638738000003
22.730999999999995,-0.0003407520000000136,366.10499999999996,817.9638738000003
22.740999999999985,1.4819999999998723e-05,353.1882,788.1309618000005
22.750999999999976,-0.00016296600000001438,354.1818,790.1198226000006
22.781000000000006,-0.00016296600000001438,349.2138,788.1309618000005
22.789999999999964,-0.0003407520000000136,350.2074,790.1198226000006
22.798999999999978,-0.0005185379999999989,351.20099999999996,790.1198226000006
22.80899999999997,-0.00016296600000001438,354.1818,790.1198226000006
22.82499999999999,-0.00016296600000001438,351.20099999999996,788.1309618000005
22.83499999999998,-0.0003407520000000136,351.20099999999996,788.1309618000005
22.84499999999997,1.4819999999998723e-05,353.1882,788.1309618000005
22.853999999999985,-0.0003407520000000136,349.2138,788.1309618000005
22.863999999999976,-0.00016296600000001438,353.1882,786.1421010000004
22.873999999999967,0.00019260599999999795,353.1882,758.2980498000002
22.88299999999998,-0.00016296600000001438,351.20099999999996,760.2869106000003
22.914999999999964,1.4819999999998723e-05,348.2202,756.3091890000005
22.92500000000001,-0.0003407520000000136,354.1818,758.2980498000002
22.935000000000002,-0.0003407520000000136,351.20099999999996,758.2980498000002
22.944000000000017,-0.00016296600000001438,354.1818,758.2980498000002
22.954000000000008,1.4819999999998723e-05,349.2138,752.3314674000007
22.962999999999965,1.4819999999998723e-05,350.2074,758.2980498000002
22.973000000000013,-0.00016296600000001438,353.1882,756.3091890000005
22.98199999999997,1.4819999999998723e-05,354.1818,756.3091890000005
22.99200000000002,-0.0003407520000000136,350.2074,758.2980498000002
23.000999999999976,-0.00016296600000001438,349.2138,756.3091890000005
23.010999999999967,1.4819999999998723e-05,352.1946,726.4762770000002
23.021000000000015,1.4819999999998723e-05,352.1946,726.4762770000002
23.050999999999988,1.4819999999998723e-05,352.1946,724.4874162000001
23.060000000000002,1.4819999999998723e-05,353.1882,726.4762770000002
23.069999999999993,-0.00016296600000001438,353.1882,728.4651377999999
23.079000000000008,-0.00016296600000001438,355.17539999999997,726.4762770000002
23.089,-0.0003407520000000136,349.2138,726.4762770000002
23.098000000000013,1.4819999999998723e-05,353.1882,726.4762770000002
23.108000000000004,1.4819999999998723e-05,352.1946,724.4874162000001
23.12700000000001,-0.00016296600000001438,354.1818,728.4651377999999
23.137,-0.00016296600000001438,352.1946,724.4874162000001
23.14699999999999,0.00019260599999999795,352.1946,696.6433650000001
23.156999999999982,0.00019260599999999795,352.1946,694.6545042
23.18599999999998,-0.00016296600000001438,348.2202,690.6767826000003
23.194999999999993,-0.00016296600000001438,352.1946,694.6545042
23.204999999999984,-0.00016296600000001438,352.1946,694.6545042
23.214,1.4819999999998723e-05,354.1818,696.6433650000001
23.22399999999999,-0.0005185379999999989,351.20099999999996,694.6545042
23.233000000000004,-0.0005185379999999989,349.2138,696.6433650000001
23.242999999999995,-0.00016296600000001438,351.20099999999996,694.6545042
23.25200000000001,-0.0003407520000000136,351.20099999999996,698.6322258
23.262,-0.0003407520000000136,351.20099999999996,698.6322258
23.271000000000015,-0.0005185379999999989,350.2074,694.6545042
23.281000000000006,0.00019260599999999795,354.1818,664.8215921999999
23.289999999999964,1.4819999999998723e-05,353.1882,666.8104530000003
23.32099999999997,-0.00016296600000001438,350.2074,664.8215921999999
23.329999999999984,-0.00016296600000001438,350.2074,662.8327314000001
23.339999999999975,1.4819999999998723e-05,352.1946,662.8327314000001
23.34899999999999,-0.00016296600000001438,353.1882,666.8104530000003
23.35899999999998,-0.00016296600000001438,352.1946,662.8327314000001
23.367999999999995,-0.00016296600000001438,353.1882,666.8104530000003
23.377999999999986,-0.00016296600000001438,353.1882,662.8327314000001
23.39699999999999,1.4819999999998723e-05,352.1946,662.8327314000001
23.406999999999982,-0.0003407520000000136,350.2074,662.8327314000001
23.416999999999973,1.4819999999998723e-05,354.1818,638.9664018000001
23.426999999999964,-0.00016296600000001438,353.1882,638.9664018000001
23.456000000000017,-0.00016296600000001438,348.2202,632.9998194000002
23.464999999999975,-0.00016296600000001438,354.1818,636.9775410000002
23.474999999999966,-0.00016296600000001438,351.20099999999996,634.9886802000001
23.48399999999998,-0.00016296600000001438,353.1882,638.9664018000001
23.49399999999997,-0.00016296600000001438,351.20099999999996,632.9998194000002
23.502999999999986,-0.00016296600000001438,353.1882,636.9775410000002
23.512999999999977,1.4819999999998723e-05,354.1818,634.9886802000001
23.52199999999999,1.4819999999998723e-05,354.1818,634.9886802000001
23.531999999999982,-0.0003407520000000136,352.1946,638.9664018000001
23.540999999999997,-0.0003407520000000136,351.20099999999996,634.9886802000001
23.550999999999988,1.4819999999998723e-05,353.1882,605.1557682
23.560000000000002,1.4819999999998723e-05,352.1946,605.1557682
23.591000000000008,-0.00016296600000001438,352.1946,601.1780466
23.599999999999966,0.00019260599999999795,354.1818,603.1669074000001
23.610000000000014,-0.00016296600000001438,354.1818,607.1446289999999
23.61899999999997,1.4819999999998723e-05,354.1818,605.1557682
23.62900000000002,0.00019260599999999795,354.1818,599.1891858000001
23.637999999999977,-0.00016296600000001438,353.1882,603.1669074000001
23.658000000000015,0.00019260599999999795,352.1946,603.1669074000001
23.668000000000006,-0.00016296600000001438,354.1818,605.1557682
23.677999999999997,-0.0003407520000000136,354.1818,605.1557682
23.687999999999988,1.4819999999998723e-05,352.1946,573.3339954
23.69799999999998,1.4819999999998723e-05,354.1818,575.3228562000002
23.726,-0.00016296600000001438,348.2202,571.3451345999999
23.735000000000014,-0.00016296600000001438,353.1882,573.3339954
23.745000000000005,-0.0003407520000000136,351.20099999999996,575.3228562000002
23.75400000000002,-0.0003407520000000136,352.1946,575.3228562000002
23.76400000000001,-0.0003407520000000136,349.2138,575.3228562000002
23.772999999999968,1.4819999999998723e-05,352.1946,573.3339954
23.783000000000015,-0.00016296600000001438,354.1818,575.3228562000002
23.791999999999973,-0.00016296600000001438,353.1882,573.3339954
23.801999999999964,-0.00016296600000001438,352.1946,577.311717
23.812000000000012,1.4819999999998723e-05,353.1882,573.3339954
23.82099999999997,-0.00016296600000001438,352.1946,543.5010834000002
23.831000000000017,1.4819999999998723e-05,353.1882,543.5010834000002
23.86099999999999,-0.0003407520000000136,347.22659999999996,543.5010834000002
23.870000000000005,1.4819999999998723e-05,351.20099999999996,543.5010834000002
23.879999999999995,-0.00016296600000001438,350.2074,543.5010834000002
23.88900000000001,0.00019260599999999795,354.1818,543.5010834000002
23.899,1.4819999999998723e-05,350.2074,541.5122226000001
23.918000000000006,-0.00016296600000001438,352.1946,541.5122226000001
23.927999999999997,-0.0003407520000000136,350.2074,543.5010834000002
23.937999999999988,-0.00016296600000001438,353.1882,543.5010834000002
23.94799999999998,0.00019260599999999795,354.1818,541.5122226000001
23.95799999999997,-0.0003407520000000136,351.20099999999996,541.5122226000001
23.968000000000018,-0.00016296600000001438,350.2074,543.5010834000002
24.040999999999997,-0.00016296600000001438,351.20099999999996,511.6793106
24.05000000000001,1.4819999999998723e-05,353.1882,513.6681714000001
24.060000000000002,1.4819999999998723e-05,352.1946,513.6681714000001
24.069000000000017,0.00019260599999999795,353.1882,513.6681714000001
24.079000000000008,-0.00016296600000001438,351.20099999999996,513.6681714000001
24.098000000000013,1.4819999999998723e-05,351.20099999999996,511.6793106
24.108000000000004,1.4819999999998723e-05,352.1946,513.6681714000001
24.117999999999995,-0.00016296600000001438,351.20099999999996,515.6570322
24.127999999999986,-0.0003407520000000136,351.20099999999996,513.6681714000001
24.137999999999977,0.00019260599999999795,353.1882,485.82412020000015
24.147999999999968,0.00019260599999999795,353.1882,485.82412020000015
24.175999999999988,-0.0003407520000000136,347.22659999999996,483.83525940000004
24.185000000000002,1.4819999999998723e-05,352.1946,483.83525940000004
24.194999999999993,1.4819999999998723e-05,353.1882,485.82412020000015
24.204000000000008,1.4819999999998723e-05,353.1882,485.82412020000015
24.214,1.4819999999998723e-05,352.1946,483.83525940000004
24.223000000000013,-0.00016296600000001438,352.1946,485.82412020000015
24.233000000000004,1.4819999999998723e-05,353.1882,485.82412020000015
24.24200000000002,-0.00016296600000001438,350.2074,483.83525940000004
24.25200000000001,-0.00016296600000001438,351.20099999999996,487.81298100000004
24.260999999999967,-0.00016296600000001438,350.2074,481.84639859999993
24.271000000000015,1.4819999999998723e-05,351.20099999999996,457.98006899999996
24.281000000000006,0.00037039200000001105,353.1882,455.9912082000001
24.31099999999998,-0.00016296600000001438,350.2074,455.9912082000001
24.319999999999993,-0.00016296600000001438,351.20099999999996,459.96892980000007
24.329999999999984,1.4819999999998723e-05,353.1882,459.96892980000007
24.34899999999999,1.4819999999998723e-05,351.20099999999996,455.9912082000001
24.35899999999998,-0.00016296600000001438,352.1946,457.98006899999996
24.36899999999997,1.4819999999998723e-05,353.1882,457.98006899999996
24.37900000000002,1.4819999999998723e-05,351.20099999999996,457.98006899999996
24.38900000000001,0.00019260599999999795,352.1946,457.98006899999996
24.399,0.00019260599999999795,351.20099999999996,457.98006899999996
24.408999999999992,0.00037039200000001105,353.1882,426.1582962
24.418999999999983,0.00019260599999999795,352.1946,428.1471570000001
24.44599999999997,1.4819999999998723e-05,350.2074,426.1582962
24.454999999999984,0.00019260599999999795,354.1818,426.1582962
24.464999999999975,0.00019260599999999795,351.20099999999996,426.1582962
24.47399999999999,0.00019260599999999795,352.1946,428.1471570000001
24.48399999999998,0.0005481779999999825,351.20099999999996,424.1694354000001
24.49399999999997,-0.00016296600000001438,352.1946,428.1471570000001
24.502999999999986,0.00019260599999999795,353.1882,426.1582962
24.512,0.00019260599999999795,352.1946,428.1471570000001
24.52199999999999,0.00019260599999999795,353.1882,428.1471570000001
24.531999999999982,1.4819999999998723e-05,349.2138,426.1582962
24.540999999999997,0.0005481779999999825,354.1818,398.314245
24.550999999999988,0.0007259639999999956,353.1882,398.314245
24.581000000000017,0.00019260599999999795,349.2138,396.32538420000014
24.589999999999975,0.00037039200000001105,352.1946,396.32538420000014
24.60899999999998,0.00019260599999999795,350.2074,398.314245
24.61899999999997,0.00037039200000001105,353.1882,396.32538420000014
24.62900000000002,0.00037039200000001105,353.1882,398.314245
24.63900000000001,0.00037039200000001105,351.20099999999996,396.32538420000014
24.649,0.00037039200000001105,352.1946,396.32538420000014
24.658999999999992,0.00037039200000001105,353.1882,396.32538420000014
24.668999999999983,0.00037039200000001105,352.1946,398.314245
24.678999999999974,0.001081535999999994,353.1882,370.4701938000003
24.688999999999965,0.0009037499999999948,354.1818,368.48133299999995
24.716000000000008,0.0005481779999999825,353.1882,364.5036114000002
24.724999999999966,0.0005481779999999825,349.2138,366.49247220000007
24.735000000000014,0.00019260599999999795,352.1946,370.4701938000003
24.74399999999997,0.0007259639999999956,353.1882,364.5036114000002
24.75400000000002,0.0005481779999999825,351.20099999999996,364.5036114000002
24.762999999999977,0.0005481779999999825,351.20099999999996,366.49247220000007
24.772999999999968,0.00037039200000001105,351.20099999999996,368.48133299999995
24.781999999999982,0.00037039200000001105,353.1882,368.48133299999995
24.791999999999973,0.0005481779999999825,352.1946,366.49247220000007
24.801999999999964,0.00037039200000001105,349.2138,364.5036114000002
24.81099999999998,0.0016148939999999917,351.20099999999996,336.6595602000002
24.82099999999997,0.001081535999999994,352.1946,336.6595602000002
24.851,0.0007259639999999956,348.2202,334.6706993999999
24.860000000000014,0.0005481779999999825,352.1946,338.6484210000001
24.87900000000002,0.0005481779999999825,352.1946,338.6484210000001
24.889999999999986,0.0007259639999999956,350.2074,334.6706993999999
24.899,0.0009037499999999948,353.1882,336.6595602000002
24.909999999999968,0.0005481779999999825,350.2074,336.6595602000002
24.920000000000016,0.0005481779999999825,353.1882,338.6484210000001
24.930000000000007,0.0009037499999999948,354.1818,338.6484210000001
24.939999999999998,0.0005481779999999825,350.2074,334.6706993999999
24.94999999999999,0.001970466000000004,353.1882,306.82664820000014
24.95999999999998,0.001081535999999994,352.1946,306.82664820000014
24.98599999999999,0.0005481779999999825,351.20099999999996,308.815509
24.995000000000005,0.001081535999999994,352.1946,304.8377874
25.004999999999995,0.0007259639999999956,353.1882,308.815509
25.01400000000001,0.0009037499999999948,351.20099999999996,306.82664820000014
25.024,0.0005481779999999825,348.2202,306.82664820000014
25.033999999999992,0.0009037499999999948,353.1882,306.82664820000014
25.043000000000006,0.0007259639999999956,351.20099999999996,308.815509
25.052999999999997,0.0007259639999999956,350.2074,308.815509
25.062000000000012,0.0007259639999999956,355.17539999999997,308.815509
25.072000000000003,0.0007259639999999956,351.20099999999996,304.8377874
25.081000000000017,0.001792679999999991,352.1946,276.99373620000006
25.091000000000008,0.001081535999999994,351.20099999999996,276.99373620000006
25.12099999999998,0.0007259639999999956,351.20099999999996,275.00487539999995
25.139999999999986,0.0012593219999999933,354.1818,276.99373620000006
25.149999999999977,0.0009037499999999948,350.2074,276.99373620000006
25.159999999999968,0.0014371079999999925,353.1882,275.00487539999995
25.170000000000016,0.001081535999999994,352.1946,276.99373620000006
25.180000000000007,0.0007259639999999956,351.20099999999996,276.99373620000006
25.189999999999998,0.0007259639999999956,349.2138,276.99373620000006
25.19999999999999,0.0007259639999999956,352.1946,275.00487539999995
25.20999999999998,0.0007259639999999956,351.20099999999996,275.00487539999995
25.21999999999997,0.0012593219999999933,351.20099999999996,249.1496850000001
25.230000000000018,0.0009037499999999948,352.1946,247.1608242000002
25.255999999999972,0.0005481779999999825,348.2202,245.17196339999987
25.264999999999986,0.0009037499999999948,352.1946,247.1608242000002
25.274999999999977,0.0007259639999999956,352.1946,249.1496850000001
25.283999999999992,0.0007259639999999956,352.1946,247.1608242000002
25.293999999999983,0.0007259639999999956,350.2074,245.17196339999987
25.302999999999997,0.0007259639999999956,353.1882,247.1608242000002
25.312999999999988,0.0005481779999999825,354.1818,249.1496850000001
25.322000000000003,0.0007259639999999956,355.17539999999997,247.1608242000002
25.331999999999994,0.0007259639999999956,353.1882,247.1608242000002
25.341999999999985,0.0005481779999999825,350.2074,245.17196339999987
25.351,0.0007259639999999956,354.1818,217.32791220000013
25.370000000000005,0.0009037499999999948,353.1882,215.33905140000002
25.39100000000002,0.00037039200000001105,349.2138,215.33905140000002
25.399999999999977,0.0005481779999999825,350.2074,215.33905140000002
25.409999999999968,0.00019260599999999795,351.20099999999996,217.32791220000013
25.420000000000016,0.0005481779999999825,352.1946,215.33905140000002
25.430999999999983,0.0005481779999999825,349.2138,215.33905140000002
25.439999999999998,0.0005481779999999825,352.1946,217.32791220000013
25.44999999999999,0.0009037499999999948,352.1946,215.33905140000002
25.45999999999998,0.00037039200000001105,353.1882,215.33905140000002
25.46999999999997,0.00037039200000001105,353.1882,215.33905140000002
25.48399999999998,0.0005481779999999825,352.1946,215.33905140000002
25.49399999999997,0.00037039200000001105,351.20099999999996,187.49500020000005
25.502999999999986,0.00019260599999999795,352.1946,187.49500020000005
25.52600000000001,0.00037039200000001105,350.2074,185.50613939999994
25.534999999999968,0.00019260599999999795,350.2074,187.49500020000005
25.545000000000016,0.0005481779999999825,352.1946,185.50613939999994
25.553999999999974,0.0005481779999999825,351.20099999999996,185.50613939999994
25.563999999999965,0.00019260599999999795,351.20099999999996,185.50613939999994
25.57299999999998,0.00037039200000001105,349.2138,183.51727860000005
25.58299999999997,0.0005481779999999825,352.1946,185.50613939999994
25.591999999999985,0.00037039200000001105,350.2074,185.50613939999994
25.601999999999975,0.00019260599999999795,351.20099999999996,187.49500020000005
25.611999999999966,0.0005481779999999825,350.2074,183.51727860000005
25.630999999999972,0.00037039200000001105,351.20099999999996,157.6620882000002
25.64100000000002,0.0005481779999999825,353.1882,157.6620882000002
25.661,0.00037039200000001105,350.2074,155.6732274000001
25.670000000000016,0.0005481779999999825,353.1882,155.6732274000001
25.680000000000007,0.0005481779999999825,353.1882,157.6620882000002
25.688999999999965,0.00037039200000001105,352.1946,159.65094900000008
25.699000000000012,0.00037039200000001105,349.2138,155.6732274000001
25.709000000000003,0.00037039200000001105,352.1946,157.6620882000002
25.718000000000018,0.0007259639999999956,351.20099999999996,157.6620882000002
25.72800000000001,0.0005481779999999825,353.1882,155.6732274000001
25.736999999999966,0.0005481779999999825,354.1818,159.65094900000008
25.747000000000014,0.00019260599999999795,350.2074,153.68436659999998
25.755999999999972,0.00019260599999999795,353.1882,125.84031540000001
25.76600000000002,0.0005481779999999825,352.1946,125.84031540000001
25.795999999999992,0.00037039200000001105,350.2074,123.85145460000012
25.805000000000007,0.0007259639999999956,353.1882,125.84031540000001
25.814999999999998,0.0005481779999999825,352.1946,125.84031540000001
25.824000000000012,0.0005481779999999825,353.1882,125.84031540000001
25.834000000000003,0.00037039200000001105,346.233,123.85145460000012
25.843999999999994,0.0009037499999999948,353.1882,123.85145460000012
25.85300000000001,0.0005481779999999825,352.1946,127.82917620000012
25.863,0.0007259639999999956,352.1946,125.84031540000001
25.872000000000014,0.0005481779999999825,352.1946,127.82917620000012
25.89100000000002,0.0009037499999999948,354.1818,97.99626420000004
25.90100000000001,0.0007259639999999956,352.1946,96.00740339999993
25.911,0.0007259639999999956,352.1946,96.00740339999993
25.930999999999983,0.0007259639999999956,352.1946,96.00740339999993
25.939999999999998,0.0005481779999999825,351.20099999999996,96.00740339999993
25.94999999999999,0.0005481779999999825,349.2138,96.00740339999993
25.959000000000003,0.0009037499999999948,352.1946,96.00740339999993
25.968999999999994,0.0005481779999999825,348.2202,94.01854260000005
25.978999999999985,0.0007259639999999956,352.1946,97.99626420000004
25.988,0.0009037499999999948,351.20099999999996,94.01854260000005
25.99799999999999,0.0007259639999999956,351.20099999999996,97.99626420000004
26.007000000000005,0.0009037499999999948,352.1946,96.00740339999993
26.016999999999996,0.0007259639999999956,352.1946,97.99626420000004
26.02600000000001,0.0007259639999999956,352.1946,66.17449140000008
26.036,0.0005481779999999825,352.1946,68.16335219999996
26.065999999999974,0.0005481779999999825,349.2138,64.1856306000002
26.07499999999999,0.00037039200000001105,350.2074,66.17449140000008
26.08499999999998,0.0005481779999999825,350.2074,66.17449140000008
26.093999999999994,0.001081535999999994,352.1946,62.196769799999856
26.103999999999985,0.0007259639999999956,350.2074,66.17449140000008
26.113999999999976,0.0009037499999999948,351.20099999999996,68.16335219999996
26.12299999999999,0.001081535999999994,352.1946,66.17449140000008
26.13299999999998,0.001081535999999994,353.1882,66.17449140000008
26.151999999999987,0.0005481779999999825,353.1882,68.16335219999996
26.161999999999978,0.001081535999999994,354.1818,36.3415794
26.17199999999997,0.00037039200000001105,353.1882,38.330440199999884
26.200999999999965,0.00019260599999999795,347.22659999999996,36.3415794
26.20999999999998,0.0009037499999999948,353.1882,36.3415794
26.21999999999997,0.0005481779999999825,353.1882,36.3415794
26.228999999999985,0.0005481779999999825,350.2074,38.330440199999884
26.238999999999976,0.0007259639999999956,349.2138,34.35271860000012
26.248999999999967,0.0005481779999999825,350.2074,36.3415794
26.25799999999998,0.0007259639999999956,351.20099999999996,36.3415794
26.267999999999972,0.0007259639999999956,352.1946,36.3415794
26.276999999999987,0.0007259639999999956,351.20099999999996,36.3415794
26.286999999999978,0.0005481779999999825,349.2138,34.35271860000012
26.295999999999992,0.0005481779999999825,353.1882,4.519806600000038
26.305999999999983,0.00019260599999999795,352.1946,6.508667400000149
26.336000000000013,0.0005481779999999825,351.20099999999996,6.508667400000149
26.34499999999997,0.00037039200000001105,352.1946,6.508667400000149
26.355000000000018,0.00037039200000001105,352.1946,6.508667400000149
26.363999999999976,0.0007259639999999956,352.1946,6.508667400000149
26.373999999999967,0.0007259639999999956,353.1882,6.508667400000149
26.384000000000015,0.00037039200000001105,351.20099999999996,8.497528200000033
26.392999999999972,0.0007259639999999956,354.1818,6.508667400000149
26.411999999999978,0.0007259639999999956,352.1946,6.508667400000149
26.42199999999997,0.0007259639999999956,352.1946,6.508667400000149
26.432000000000016,0.0005481779999999825,353.1882,8.497528200000033
26.442000000000007,0.0005481779999999825,352.1946,6.508667400000149
26.471000000000004,0.0009037499999999948,352.1946,6.508667400000149
26.51600000000002,0.0007259639999999956,353.1882,6.508667400000149
26.56099999999998,0.0007259639999999956,352.1946,4.519806600000038
26.569999999999993,0.00037039200000001105,351.20099999999996,6.508667400000149
26.579999999999984,0.0007259639999999956,354.1818,6.508667400000149
26.589,0.0005481779999999825,352.1946,6.508667400000149
26.59899999999999,0.0005481779999999825,348.2202,6.508667400000149
26.60899999999998,0.0005481779999999825,353.1882,6.508667400000149
26.617999999999995,0.0007259639999999956,353.1882,6.508667400000149
26.627999999999986,0.0009037499999999948,353.1882,6.508667400000149
26.637,0.0005481779999999825,351.20099999999996,8.497528200000033
26.64699999999999,0.0005481779999999825,352.1946,6.508667400000149
26.656000000000006,0.0007259639999999956,351.20099999999996,38.330440199999884
26.665999999999997,0.001081535999999994,350.2074,40.319300999999996
26.69599999999997,0.0012593219999999933,351.20099999999996,36.3415794
26.704999999999984,0.0014371079999999925,352.1946,38.330440199999884
26.714999999999975,0.0014371079999999925,353.1882,38.330440199999884
26.72399999999999,0.0014371079999999925,352.1946,36.3415794
26.73399999999998,0.0014371079999999925,349.2138,34.35271860000012
26.74399999999997,0.0012593219999999933,352.1946,36.3415794
26.762,0.0012593219999999933,353.1882,38.330440199999884
26.77199999999999,0.0014371079999999925,352.1946,36.3415794
26.783000000000015,0.001081535999999994,351.20099999999996,36.3415794
26.793000000000006,0.001970466000000004,354.1818,68.16335219999996
26.802999999999997,0.0023260380000000025,352.1946,66.17449140000008
26.831000000000017,0.001970466000000004,351.20099999999996,66.17449140000008
26.839999999999975,0.001970466000000004,352.1946,66.17449140000008
26.849999999999966,0.001970466000000004,352.1946,66.17449140000008
26.85899999999998,0.0021482519999999894,353.1882,66.17449140000008
26.86899999999997,0.001970466000000004,350.2074,62.196769799999856
26.87900000000002,0.001792679999999991,354.1818,68.16335219999996
26.887999999999977,0.0021482519999999894,354.1818,66.17449140000008
26.897999999999968,0.001970466000000004,352.1946,68.16335219999996
26.906999999999982,0.001970466000000004,355.17539999999997,66.17449140000008
26.916999999999973,0.0016148939999999917,351.20099999999996,64.1856306000002
26.925999999999988,0.002503823999999988,351.20099999999996,97.99626420000004
26.93599999999998,0.0028593959999999863,353.1882,97.99626420000004
26.966000000000008,0.002503823999999988,347.22659999999996,94.01854260000005
26.974999999999966,0.0028593959999999863,351.20099999999996,94.01854260000005
26.985000000000014,0.002681610000000001,353.1882,99.98512500000015
26.99399999999997,0.0028593959999999863,353.1882,97.99626420000004
27.00400000000002,0.002681610000000001,347.22659999999996,94.01854260000005
27.022999999999968,0.0028593959999999863,352.1946,97.99626420000004
27.033000000000015,0.0030371819999999994,352.1946,96.00740339999993
27.043000000000006,0.002681610000000001,352.1946,97.99626420000004
27.052999999999997,0.002681610000000001,352.1946,94.01854260000005
27.062999999999988,0.003392753999999998,351.20099999999996,125.84031540000001
27.07299999999998,0.0039261119999999955,353.1882,127.82917620000012
27.101,0.0037483259999999963,348.2202,123.85145460000012
27.11099999999999,0.0037483259999999963,351.20099999999996,125.84031540000001
27.120000000000005,0.0037483259999999963,354.1818,125.84031540000001
27.12900000000002,0.004103897999999995,353.1882,125.84031540000001
27.13900000000001,0.0037483259999999963,350.2074,121.86259380000024
27.149,0.0039261119999999955,353.1882,123.85145460000012
27.158000000000015,0.0037483259999999963,353.1882,125.84031540000001
27.168000000000006,0.0039261119999999955,354.1818,125.84031540000001
27.176999999999964,0.003570539999999997,352.1946,125.84031540000001
27.187000000000012,0.003392753999999998,352.1946,125.84031540000001
27.19599999999997,0.004459469999999993,354.1818,157.6620882000002
27.206000000000017,0.00517061399999999,354.1818,155.6732274000001
27.23599999999999,0.004815041999999992,350.2074,155.6732274000001
27.245000000000005,0.00517061399999999,353.1882,155.6732274000001
27.254999999999995,0.00517061399999999,353.1882,157.6620882000002
27.26400000000001,0.004992828000000005,352.1946,155.6732274000001
27.274,0.004815041999999992,351.20099999999996,155.6732274000001
27.293000000000006,0.004637255999999992,352.1946,157.6620882000002
27.302999999999997,0.004637255999999992,351.20099999999996,157.6620882000002
27.312999999999988,0.004281683999999994,351.20099999999996,159.65094900000008
27.324000000000012,0.004281683999999994,349.2138,155.6732274000001
27.334000000000003,0.005348400000000003,351.20099999999996,187.49500020000005
27.343000000000018,0.005881757999999987,349.2138,187.49500020000005
27.37099999999998,0.006059544,351.20099999999996,185.50613939999994
27.380999999999972,0.006237329999999999,352.1946,185.50613939999994
27.389999999999986,0.006237329999999999,354.1818,185.50613939999994
27.399,0.006237329999999999,351.20099999999996,185.50613939999994
27.408999999999992,0.005881757999999987,350.2074,185.50613939999994
27.418999999999983,0.005881757999999987,353.1882,185.50613939999994
27.427999999999997,0.0064151159999999985,355.17539999999997,185.50613939999994
27.437999999999988,0.005881757999999987,352.1946,185.50613939999994
27.447000000000003,0.005881757999999987,351.20099999999996,185.50613939999994
27.456999999999994,0.005703972000000002,352.1946,183.51727860000005
27.466000000000008,0.006948473999999996,353.1882,217.32791220000013
27.476,0.007837403999999992,352.1946,215.33905140000002
27.505999999999972,0.007659617999999993,350.2074,213.35019060000013
27.51600000000002,0.007659617999999993,351.20099999999996,217.32791220000013
27.524999999999977,0.007304045999999995,352.1946,217.32791220000013
27.533999999999992,0.007659617999999993,353.1882,217.32791220000013
27.553999999999974,0.007481831999999994,354.1818,217.32791220000013
27.563999999999965,0.007481831999999994,354.1818,217.32791220000013
27.574000000000012,0.007481831999999994,354.1818,215.33905140000002
27.584000000000003,0.007304045999999995,353.1882,215.33905140000002
27.593999999999994,0.006948473999999996,352.1946,215.33905140000002
27.603999999999985,0.00854854799999999,352.1946,245.17196339999987
27.613999999999976,0.009437478,352.1946,245.17196339999987
27.64100000000002,0.008904119999999988,347.22659999999996,245.17196339999987
27.65100000000001,0.009081906,350.2074,247.1608242000002
27.659999999999968,0.009259692,351.20099999999996,245.17196339999987
27.668999999999983,0.009081906,351.20099999999996,247.1608242000002
27.678999999999974,0.009081906,350.2074,245.17196339999987
27.688999999999965,0.008726334000000002,348.2202,245.17196339999987
27.69799999999998,0.008904119999999988,351.20099999999996,247.1608242000002
27.70799999999997,0.008726334000000002,349.2138,247.1608242000002
27.716999999999985,0.008904119999999988,350.2074,247.1608242000002
27.726999999999975,0.00854854799999999,349.2138,245.17196339999987
27.73599999999999,0.010504193999999994,351.20099999999996,275.00487539999995
27.74599999999998,0.01157090999999999,353.1882,276.99373620000006
27.77600000000001,0.011215337999999991,352.1946,275.00487539999995
27.786,0.011037551999999992,353.1882,278.98259699999994
27.795000000000016,0.011037551999999992,351.20099999999996,278.98259699999994
27.813999999999965,0.011037551999999992,350.2074,275.00487539999995
27.824000000000012,0.011037551999999992,354.1818,275.00487539999995
27.834000000000003,0.010681979999999994,349.2138,278.98259699999994
27.843999999999994,0.010681979999999994,350.2074,276.99373620000006
27.853999999999985,0.010504193999999994,350.2074,278.98259699999994
27.863999999999976,0.010326407999999995,350.2074,275.00487539999995
27.873999999999967,0.012282054,353.1882,308.815509
27.884000000000015,0.013704341999999994,353.1882,306.82664820000014
27.911,0.013170983999999997,352.1946,306.82664820000014
27.920999999999992,0.013348769999999996,353.1882,306.82664820000014
27.930000000000007,0.013170983999999997,350.2074,304.8377874
27.938999999999965,0.013170983999999997,352.1946,308.815509
27.949000000000012,0.012815411999999984,351.20099999999996,306.82664820000014
27.959000000000003,0.012815411999999984,351.20099999999996,308.815509
27.968000000000018,0.013170983999999997,352.1946,308.815509
27.97800000000001,0.012637625999999999,353.1882,308.815509
27.986999999999966,0.012637625999999999,354.1818,308.815509
27.997000000000014,0.012459839999999986,350.2074,308.815509
28.04699999999997,0.013882127999999994,348.2202,334.6706993999999
28.055999999999983,0.015659988,352.1946,336.6595602000002
28.065999999999974,0.015482201999999987,350.2074,336.6595602000002
28.08499999999998,0.015482201999999987,351.20099999999996,336.6595602000002
28.09499999999997,0.015304416000000001,352.1946,336.6595602000002
28.105000000000018,0.015304416000000001,354.1818,336.6595602000002
28.11500000000001,0.015304416000000001,353.1882,336.6595602000002
28.125,0.015126630000000002,352.1946,338.6484210000001
28.13499999999999,0.014771058000000004,350.2074,338.6484210000001
28.144999999999982,0.016726703999999995,352.1946,366.49247220000007
28.154999999999973,0.018504563999999987,354.1818,368.48133299999995
28.180999999999983,0.018326778000000002,350.2074,364.5036114000002
28.190999999999974,0.01797120599999999,353.1882,368.48133299999995
28.19999999999999,0.01814899199999999,351.20099999999996,368.48133299999995
28.20999999999998,0.01814899199999999,353.1882,366.49247220000007
28.218999999999994,0.017793420000000004,350.2074,364.5036114000002
28.228999999999985,0.017793420000000004,352.1946,368.48133299999995
28.238,0.01761563399999999,352.1946,368.48133299999995
28.24799999999999,0.017437848000000006,353.1882,366.49247220000007
28.257000000000005,0.017793420000000004,354.1818,366.49247220000007
28.266999999999996,0.017082275999999993,351.20099999999996,364.5036114000002
28.276999999999987,0.018860135999999986,351.20099999999996,396.32538420000014
28.286,0.020637995999999992,351.20099999999996,398.314245
28.315999999999974,0.020282423999999993,351.20099999999996,396.32538420000014
28.33499999999998,0.019926851999999995,352.1946,398.314245
28.34499999999997,0.019926851999999995,352.1946,400.30310580000014
28.355000000000018,0.019749065999999996,353.1882,396.32538420000014
28.36500000000001,0.019749065999999996,352.1946,398.314245
28.375,0.019926851999999995,353.1882,398.314245
28.38499999999999,0.019571279999999996,353.1882,400.30310580000014
28.394999999999982,0.019393493999999997,354.1818,398.314245
28.404999999999973,0.019037922,352.1946,396.32538420000014
28.414999999999964,0.02099356799999999,352.1946,426.1582962
28.42500000000001,0.022771427999999996,352.1946,426.1582962
28.450999999999965,0.022238069999999985,349.2138,426.1582962
28.461000000000013,0.022060284,353.1882,426.1582962
28.46999999999997,0.021704712,352.1946,428.1471570000001
28.480000000000018,0.021526925999999988,350.2074,428.1471570000001
28.488999999999976,0.021349140000000003,349.2138,424.1694354000001
28.498999999999967,0.021526925999999988,350.2074,426.1582962
28.50799999999998,0.02099356799999999,350.2074,428.1471570000001
28.517999999999972,0.021349140000000003,350.2074,426.1582962
28.526999999999987,0.02117135399999999,353.1882,426.1582962
28.536999999999978,0.020637995999999992,351.20099999999996,426.1582962
28.54699999999997,0.022060284,351.20099999999996,457.98006899999996
28.555999999999983,0.02401592999999999,354.1818,457.98006899999996
28.586000000000013,0.023126999999999995,350.2074,455.9912082000001
28.596000000000004,0.023126999999999995,352.1946,457.98006899999996
28.605000000000018,0.022771427999999996,352.1946,459.96892980000007
28.61500000000001,0.022593641999999997,353.1882,457.98006899999996
28.625999999999976,0.022593641999999997,353.1882,454.0023474000002
28.63499999999999,0.022238069999999985,351.20099999999996,457.98006899999996
28.644999999999982,0.021882497999999986,349.2138,457.98006899999996
28.654999999999973,0.021882497999999986,351.20099999999996,455.9912082000001
28.678999999999974,0.022593641999999997,354.1818,485.82412020000015
28.688999999999965,0.02401592999999999,352.1946,487.81298100000004
28.721000000000004,0.022949213999999996,351.20099999999996,485.82412020000015
28.730999999999995,0.022771427999999996,352.1946,485.82412020000015
28.74000000000001,0.022593641999999997,351.20099999999996,485.82412020000015
28.75,0.022771427999999996,354.1818,485.82412020000015
28.759000000000015,0.022060284,349.2138,483.83525940000004
28.769000000000005,0.021882497999999986,353.1882,487.81298100000004
28.777999999999963,0.021704712,352.1946,485.82412020000015
28.78800000000001,0.021526925999999988,352.1946,487.81298100000004
28.79699999999997,0.02117135399999999,352.1946,485.82412020000015
28.807000000000016,0.02081578199999999,350.2074,485.82412020000015
28.817000000000007,0.02081578199999999,352.1946,513.6681714000001
28.836000000000013,0.022060284,352.1946,515.6570322
28.855999999999995,0.021704712,350.2074,511.6793106
28.865999999999985,0.02117135399999999,351.20099999999996,513.6681714000001
28.875999999999976,0.02081578199999999,352.1946,513.6681714000001
28.885999999999967,0.02081578199999999,354.1818,513.6681714000001
28.896000000000015,0.020460210000000006,349.2138,513.6681714000001
28.906000000000006,0.020104637999999994,352.1946,513.6681714000001
28.915999999999997,0.019926851999999995,350.2074,515.6570322
28.925999999999988,0.019749065999999996,353.1882,513.6681714000001
28.93599999999998,0.019393493999999997,352.1946,513.6681714000001
28.949000000000012,0.018504563999999987,350.2074,541.5122226000001
28.959000000000003,0.020460210000000006,351.20099999999996,545.4899442000001
28.968000000000018,0.020104637999999994,351.20099999999996,543.5010834000002
28.990999999999985,0.019571279999999996,351.20099999999996,545.4899442000001
29.036,0.019215707999999984,354.1818,543.5010834000002
29.081000000000017,0.01868235,348.2202,539.5233618
29.091000000000008,0.01814899199999999,352.1946,545.4899442000001
29.099999999999966,0.01814899199999999,352.1946,545.4899442000001
29.110000000000014,0.01868235,354.1818,541.5122226000001
29.11899999999997,0.01814899199999999,349.2138,539.5233618
29.12900000000002,0.018326778000000002,353.1882,545.4899442000001
29.137999999999977,0.01814899199999999,352.1946,541.5122226000001
29.147999999999968,0.01814899199999999,350.2074,543.5010834000002
29.156999999999982,0.018326778000000002,351.20099999999996,541.5122226000001
29.166999999999973,0.01761563399999999,347.22659999999996,543.5010834000002
29.18599999999998,0.020104637999999994,353.1882,573.3339954
29.19599999999997,0.020460210000000006,353.1882,571.3451345999999
29.216000000000008,0.02117135399999999,351.20099999999996,569.3562738
29.226,0.02117135399999999,353.1882,575.3228562000002
29.235000000000014,0.021349140000000003,353.1882,573.3339954
29.245000000000005,0.021526925999999988,353.1882,573.3339954
29.25400000000002,0.021704712,351.20099999999996,573.3339954
29.26400000000001,0.021882497999999986,352.1946,575.3228562000002
29.274,0.022238069999999985,354.1818,573.3339954
29.283000000000015,0.022593641999999997,352.1946,573.3339954
29.291999999999973,0.023126999999999995,350.2074,573.3339954
29.301999999999964,0.023482571999999993,350.2074,569.3562738
29.312000000000012,0.023126999999999995,352.1946,603.1669074000001
29.32099999999997,0.025793789999999997,354.1818,605.1557682
29.351,0.027927221999999988,347.22659999999996,603.1669074000001
29.36099999999999,0.028816151999999998,353.1882,605.1557682
29.370000000000005,0.029527295999999995,353.1882,603.1669074000001
29.379999999999995,0.029705081999999994,352.1946,603.1669074000001
29.38900000000001,0.03023843999999999,348.2202,599.1891858000001
29.399,0.03041622599999999,355.17539999999997,605.1557682
29.408000000000015,0.03059401199999999,353.1882,605.1557682
29.418000000000006,0.03023843999999999,351.20099999999996,605.1557682
29.437000000000012,0.03041622599999999,353.1882,605.1557682
29.447000000000003,0.029705081999999994,352.1946,634.9886802000001
29.456999999999994,0.03130515599999999,352.1946,634.9886802000001
29.48599999999999,0.03130515599999999,350.2074,634.9886802000001
29.49599999999998,0.031482942,352.1946,634.9886802000001
29.504999999999995,0.03112737,351.20099999999996,636.9775410000002
29.514999999999986,0.03094958399999999,351.20099999999996,634.9886802000001
29.524,0.03059401199999999,350.2074,632.9998194000002
29.533999999999992,0.03059401199999999,351.20099999999996,636.9775410000002
29.543000000000006,0.03023843999999999,349.2138,634.9886802000001
29.552999999999997,0.029882867999999993,352.1946,640.9552626
29.562000000000012,0.029882867999999993,351.20099999999996,636.9775410000002
29.572000000000003,0.029882867999999993,351.20099999999996,634.9886802000001
29.581999999999994,0.028105008,349.2138,666.8104530000003
29.591000000000008,0.03023843999999999,353.1882,662.8327314000001
29.62099999999998,0.029171723999999996,352.1946,664.8215921999999
29.630999999999972,0.028638366,354.1818,668.7993138000002
29.639999999999986,0.028282793999999986,352.1946,666.8104530000003
29.649999999999977,0.028282793999999986,352.1946,666.8104530000003
29.658999999999992,0.028282793999999986,353.1882,662.8327314000001
29.668999999999983,0.027927221999999988,352.1946,662.8327314000001
29.677999999999997,0.02739386399999999,349.2138,662.8327314000001
29.687999999999988,0.02703829199999999,350.2074,664.8215921999999
29.706999999999994,0.026682719999999993,352.1946,662.8327314000001
29.716999999999985,0.024727074,352.1946,696.6433650000001
29.726999999999975,0.025971575999999996,351.20099999999996,698.6322258
29.755999999999972,0.025082646,349.2138,694.6545042
29.76600000000002,0.024904859999999987,352.1946,694.6545042
29.774999999999977,0.02419371599999999,352.1946,696.6433650000001
29.784999999999968,0.023660357999999992,349.2138,694.6545042
29.793999999999983,0.023304785999999994,349.2138,692.6656434000001
29.803999999999974,0.023304785999999994,353.1882,694.6545042
29.813999999999965,0.022771427999999996,353.1882,696.6433650000001
29.82299999999998,0.022415855999999998,353.1882,694.6545042
29.831999999999994,0.022060284,354.1818,696.6433650000001
29.841999999999985,0.021704712,350.2074,692.6656434000001
29.851999999999975,0.019393493999999997,354.1818,726.4762770000002
29.86099999999999,0.020637995999999992,353.1882,728.4651377999999
29.89100000000002,0.019215707999999984,351.20099999999996,726.4762770000002
29.90100000000001,0.018860135999999986,351.20099999999996,726.4762770000002
29.909999999999968,0.018326778000000002,352.1946,726.4762770000002
29.920000000000016,0.01814899199999999,352.1946,726.4762770000002
29.928999999999974,0.017437848000000006,349.2138,724.4874162000001
29.938999999999965,0.017260061999999993,350.2074,724.4874162000001
29.94799999999998,0.016726703999999995,351.20099999999996,728.4651377999999
29.968000000000018,0.016371131999999997,351.20099999999996,726.4762770000002
29.97800000000001,0.015837773999999985,354.1818,724.4874162000001
29.988,0.013348769999999996,352.1946,756.3091890000005
29.99799999999999,0.014948843999999989,352.1946,756.3091890000005
30.02600000000001,0.013348769999999996,350.2074,756.3091890000005
30.036,0.012993197999999997,353.1882,758.2980498000002
30.045000000000016,0.012637625999999999,353.1882,756.3091890000005
30.055000000000007,0.011926481999999988,352.1946,758.2980498000002
30.064999999999998,0.011748696000000003,352.1946,756.3091890000005
30.074000000000012,0.011215337999999991,351.20099999999996,760.2869106000003
30.084000000000003,0.011215337999999991,353.1882,758.2980498000002
30.093000000000018,0.011037551999999992,352.1946,758.2980498000002
30.10300000000001,0.010681979999999994,353.1882,758.2980498000002
30.111999999999966,0.010148621999999996,351.20099999999996,756.3091890000005
30.122000000000014,0.007304045999999995,353.1882,790.1198226000006
30.130999999999972,0.008726334000000002,349.2138,786.1421010000004
30.161,0.007659617999999993,348.2202,786.1421010000004
30.170999999999992,0.007481831999999994,352.1946,786.1421010000004
30.180000000000007,0.006948473999999996,352.1946,788.1309618000005
30.189999999999998,0.006948473999999996,352.1946,788.1309618000005
30.19999999999999,0.006237329999999999,348.2202,786.1421010000004
30.209000000000003,0.006237329999999999,353.1882,790.1198226000006
30.22800000000001,0.005881757999999987,353.1882,790.1198226000006
30.238,0.005703972000000002,351.20099999999996,788.1309618000005
30.24799999999999,0.00517061399999999,350.2074,790.1198226000006
30.25799999999998,0.002503823999999988,355.17539999999997,817.9638738000003
30.267999999999972,0.004103897999999995,353.1882,819.9527346000004
30.295999999999992,0.0037483259999999963,349.2138,815.9750130000002
30.305999999999983,0.003570539999999997,351.20099999999996,817.9638738000003
30.314999999999998,0.003392753999999998,354.1818,817.9638738000003
30.32499999999999,0.003392753999999998,352.1946,815.9750130000002
30.33499999999998,0.0028593959999999863,351.20099999999996,817.9638738000003
30.343999999999994,0.0028593959999999863,353.1882,819.9527346000004
30.353999999999985,0.0030371819999999994,353.1882,815.9750130000002
30.363,0.002681610000000001,353.1882,817.9638738000003
30.37299999999999,0.002503823999999988,351.20099999999996,817.9638738000003
30.382000000000005,0.0021482519999999894,352.1946,815.9750130000002
30.391999999999996,0.00037039200000001105,364.1178,849.7856466000003
30.40100000000001,0.00037039200000001105,353.1882,851.7745074000004
30.430999999999983,0.001081535999999994,351.20099999999996,849.7856466000003
30.440999999999974,0.0009037499999999948,353.1882,851.7745074000004
30.44999999999999,0.001081535999999994,353.1882,847.7967858000006
30.45999999999998,0.0009037499999999948,352.1946,851.7745074000004
30.468999999999994,0.001081535999999994,351.20099999999996,845.8079250000001
30.488,0.0007259639999999956,354.1818,849.7856466000003
30.49799999999999,0.00037039200000001105,352.1946,849.7856466000003
30.50799999999998,0.0007259639999999956,354.1818,849.7856466000003
30.519000000000005,0.00019260599999999795,347.22659999999996,849.7856466000003
30.528999999999996,0.00019260599999999795,377.0346,879.6185586000001
30.538999999999987,-0.00016296600000001438,371.073,879.6185586000001
30.565999999999974,-0.00016296600000001438,360.1434,879.6185586000001
30.575999999999965,-0.0003407520000000136,361.137,881.6074194000003
30.58499999999998,-0.0003407520000000136,358.1562,879.6185586000001
30.59499999999997,-0.00016296600000001438,358.1562,881.6074194000003
30.603999999999985,-0.0003407520000000136,357.1626,877.6296978000005
30.613999999999976,-0.00016296600000001438,357.1626,879.6185586000001
30.623999999999967,1.4819999999998723e-05,357.1626,879.6185586000001
30.63299999999998,-0.00016296600000001438,358.1562,879.6185586000001
30.641999999999996,0.00019260599999999795,360.1434,879.6185586000001
30.651999999999987,-0.00016296600000001438,358.1562,877.6296978000005
30.661999999999978,1.4819999999998723e-05,389.9514,911.4403314000006
30.670999999999992,-0.00016296600000001438,387.9642,911.4403314000006
30.700999999999965,-0.0005185379999999989,385.977,909.4514706000004
30.711000000000013,-0.0005185379999999989,385.977,913.4291922000002
30.71999999999997,-0.00016296600000001438,390.945,909.4514706000004
30.730000000000018,-0.00016296600000001438,389.9514,909.4514706000004
30.74000000000001,1.4819999999998723e-05,391.9386,909.4514706000004
30.759000000000015,1.4819999999998723e-05,393.9258,911.4403314000006
30.769000000000005,-0.0003407520000000136,391.9386,911.4403314000006
30.778999999999996,1.4819999999998723e-05,393.9258,911.4403314000006
30.788999999999987,-0.0003407520000000136,390.945,909.4514706000004
30.798999999999978,1.4819999999998723e-05,424.7274,943.2621042000005
30.80899999999997,0.00019260599999999795,425.721,943.2621042000005
30.836000000000013,-0.0003407520000000136,421.7466,939.2843826000003
30.846000000000004,-0.00016296600000001438,424.7274,941.2732434
30.855000000000018,-0.0003407520000000136,424.7274,943.2621042000005
30.86500000000001,1.4819999999998723e-05,427.7082,943.2621042000005
30.875,1.4819999999998723e-05,424.7274,939.2843826000003
30.884000000000015,-0.00016296600000001438,424.7274,941.2732434
30.894000000000005,1.4819999999998723e-05,426.7146,941.2732434
30.902999999999963,1.4819999999998723e-05,426.7146,941.2732434
30.911999999999978,-0.00016296600000001438,425.721,941.2732434
30.92199999999997,-0.0003407520000000136,425.721,937.2955218000002
30.932000000000016,-0.00016296600000001438,457.51619999999997,975.083877
30.940999999999974,-0.00016296600000001438,457.51619999999997,973.0950162000004
30.971000000000004,-0.00016296600000001438,456.5226,971.1061554000003
30.980999999999995,-0.00016296600000001438,458.5098,973.0950162000004
30.99000000000001,-0.00016296600000001438,458.5098,973.0950162000004
31.009000000000015,-0.0003407520000000136,459.5034,973.0950162000004
31.019000000000005,-0.00016296600000001438,462.4842,973.0950162000004
31.028999999999996,1.4819999999998723e-05,460.497,971.1061554000003
31.038999999999987,-0.00016296600000001438,461.4906,973.0950162000004
31.048999999999978,-0.00016296600000001438,462.4842,973.0950162000004
31.060000000000002,0.00019260599999999795,460.497,969.1172946000006
31.069000000000017,-0.00016296600000001438,492.2922,1012.9974906000002
31.079000000000008,1.4819999999998723e-05,494.2794,1012.9974906000002
31.105999999999995,-0.00016296600000001438,490.305,1011.0812442000001
31.115999999999985,-0.00016296600000001438,492.2922,1012.9974906000002
31.125,-0.00016296600000001438,493.2858,1012.9974906000002
31.13499999999999,-0.00016296600000001438,493.2858,1012.9974906000002
31.144999999999982,1.4819999999998723e-05,491.29859999999996,1007.2487514
31.153999999999996,-0.00016296600000001438,494.2794,1012.9974906000002
31.163999999999987,1.4819999999998723e-05,496.2666,1011.0812442000001
31.173000000000002,-0.00016296600000001438,496.2666,1012.9974906000002
31.182999999999993,-0.00016296600000001438,495.27299999999997,1012.9974906000002
31.192000000000007,1.4819999999998723e-05,494.2794,1011.0812442000001
31.201999999999998,-0.00016296600000001438,524.0874,1043.6574329999999
31.211000000000013,-0.0003407520000000136,525.081,1041.7411865999998
31.240999999999985,-0.0003407520000000136,524.0874,1043.6574329999999
31.250999999999976,-0.0003407520000000136,526.0746,1045.5736794000004
31.25999999999999,-0.0003407520000000136,527.0682,1045.5736794000004
31.279999999999973,-0.0003407520000000136,526.0746,1043.6574329999999
31.289999999999964,1.4819999999998723e-05,528.0618000000001,1043.6574329999999
31.30000000000001,-0.00016296600000001438,528.0618000000001,1043.6574329999999
31.310000000000002,-0.00016296600000001438,530.0490000000001,1043.6574329999999
31.319999999999993,-0.00016296600000001438,529.0554000000001,1043.6574329999999
31.329999999999984,1.4819999999998723e-05,527.0682,1039.8249402000001
31.339999999999975,-0.0003407520000000136,559.8570000000001,1076.2336218
31.349999999999966,-0.00016296600000001438,559.8570000000001,1072.4011290000003
31.375999999999976,-0.0003407520000000136,559.8570000000001,1072.4011290000003
31.385999999999967,-0.0003407520000000136,560.8506000000001,1074.3173754
31.394999999999982,-0.00016296600000001438,558.8634000000001,1072.4011290000003
31.404999999999973,1.4819999999998723e-05,561.8442,1072.4011290000003
31.414999999999964,-0.0003407520000000136,558.8634000000001,1072.4011290000003
31.423999999999978,-0.0003407520000000136,560.8506000000001,1074.3173754
31.43399999999997,-0.0003407520000000136,561.8442,1074.3173754
31.442999999999984,-0.0003407520000000136,561.8442,1074.3173754
31.451999999999998,-0.00016296600000001438,562.8378,1074.3173754
31.46199999999999,-0.0003407520000000136,559.8570000000001,1070.4848826000002
31.47199999999998,1.4819999999998723e-05,593.6394,1103.0610714000004
31.480999999999995,-0.00016296600000001438,593.6394,1103.0610714000004
31.510999999999967,-0.0003407520000000136,591.6522000000001,1103.0610714000004
31.555999999999983,1.4819999999998723e-05,594.633,1104.9773178
31.601,-0.0003407520000000136,591.6522000000001,1103.0610714000004
31.61099999999999,-0.0003407520000000136,593.6394,1101.1448249999999
31.629999999999995,-0.00016296600000001438,595.6266,1103.0610714000004
31.639999999999986,0.00019260599999999795,593.6394,1099.2285785999998
31.649999999999977,1.4819999999998723e-05,596.6202000000001,1103.0610714000004
31.659999999999968,-0.00016296600000001438,597.6138000000001,1104.9773178
31.670000000000016,-0.0003407520000000136,597.6138000000001,1104.9773178
31.680000000000007,-0.00016296600000001438,597.6138000000001,1104.9773178
31.690999999999974,-0.00016296600000001438,597.6138000000001,1099.2285785999998
31.69999999999999,-0.0003407520000000136,627.4218000000001,1137.5535066000002
31.70999999999998,-0.00016296600000001438,627.4218000000001,1135.6372601999997
31.73599999999999,-0.00016296600000001438,624.441,1131.8047674
31.74599999999998,1.4819999999998723e-05,628.4154000000001,1133.7210138
31.754999999999995,-0.0003407520000000136,627.4218000000001,1133.7210138
31.764999999999986,-0.00016296600000001438,628.4154000000001,1135.6372601999997
31.774999999999977,-0.00016296600000001438,626.4282000000001,1131.8047674
31.783999999999992,1.4819999999998723e-05,628.4154000000001,1133.7210138
31.793999999999983,0.00019260599999999795,628.4154000000001,1131.8047674
31.802999999999997,-0.00016296600000001438,630.4026,1137.5535066000002
31.812999999999988,1.4819999999998723e-05,628.4154000000001,1129.8885210000003
31.822000000000003,-0.0005185379999999989,627.4218000000001,1135.6372601999997
31.831999999999994,-0.00016296600000001438,656.2362,1160.5484634000004
31.841000000000008,-0.0003407520000000136,658.2234000000001,1164.3809562000001
31.87099999999998,-0.00016296600000001438,656.2362,1158.6322169999999
31.89100000000002,-0.00016296600000001438,658.2234000000001,1164.3809562000001
31.90100000000001,-0.00016296600000001438,658.2234000000001,1164.3809562000001
31.911,1.4819999999998723e-05,657.2298000000001,1160.5484634000004
31.920999999999992,1.4819999999998723e-05,659.2170000000001,1162.4647098
31.930999999999983,-0.0003407520000000136,659.2170000000001,1162.4647098
31.940999999999974,-0.0003407520000000136,659.2170000000001,1164.3809562000001
31.950999999999965,-0.00016296600000001438,660.2106000000001,1164.3809562000001
31.961000000000013,-0.0003407520000000136,660.2106000000001,1162.4647098
31.971000000000004,-0.0003407520000000136,690.0186000000001,1195.0408986000002
31.980999999999995,-0.00016296600000001438,692.0058,1195.0408986000002
32.00599999999997,-0.00016296600000001438,688.0314000000001,1189.2921594
32.01600000000002,0.00019260599999999795,691.0122,1193.1246521999997
32.02600000000001,-0.00016296600000001438,691.0122,1193.1246521999997
32.03499999999997,1.4819999999998723e-05,691.0122,1195.0408986000002
32.045000000000016,-0.0003407520000000136,689.0250000000001,1191.2084058
32.053999999999974,1.4819999999998723e-05,691.0122,1196.9571450000003
32.063999999999965,1.4819999999998723e-05,691.0122,1193.1246521999997
32.07299999999998,-0.0003407520000000136,692.0058,1196.9571450000003
32.08299999999997,-0.0003407520000000136,691.0122,1196.9571450000003
32.091999999999985,-0.0003407520000000136,692.0058,1191.2084058
32.101999999999975,1.4819999999998723e-05,719.8266000000001,1223.7845945999998
32.12099999999998,-0.00016296600000001438,720.8202000000001,1223.7845945999998
32.14100000000002,1.4819999999998723e-05,721.8138,1219.9521018
32.15100000000001,1.4819999999998723e-05,719.8266000000001,1221.8683482000001
32.161,-0.00016296600000001438,721.8138,1225.7008409999999
32.17099999999999,-0.00016296600000001438,720.8202000000001,1225.7008409999999
32.18099999999998,-0.00016296600000001438,718.8330000000001,1219.9521018
32.190999999999974,-0.0003407520000000136,720.8202000000001,1223.7845945999998
32.200999999999965,1.4819999999998723e-05,720.8202000000001,1223.7845945999998
32.21100000000001,-0.0003407520000000136,720.8202000000001,1223.7845945999998
32.221000000000004,1.4819999999998723e-05,720.8202000000001,1219.9521018
32.235000000000014,-0.0003407520000000136,749.6346000000001,1252.5282906000002
32.24399999999997,-0.0003407520000000136,750.6282000000001,1256.3607834
32.25400000000002,-0.0003407520000000136,751.6218,1256.3607834
32.27699999999999,-0.0003407520000000136,748.6410000000001,1252.5282906000002
32.286,-0.00016296600000001438,749.6346000000001,1254.4445370000003
32.29599999999999,-0.00016296600000001438,749.6346000000001,1254.4445370000003
32.30500000000001,-0.00016296600000001438,750.6282000000001,1256.3607834
32.315,-0.0003407520000000136,748.6410000000001,1250.6120442000001
32.32400000000001,-0.00016296600000001438,748.6410000000001,1256.3607834
32.334,-0.00016296600000001438,749.6346000000001,1256.3607834
32.34300000000002,-0.00016296600000001438,748.6410000000001,1252.5282906000002
32.35300000000001,-0.00016296600000001438,749.6346000000001,1254.4445370000003
32.361999999999966,-0.00016296600000001438,749.6346000000001,1250.6120442000001
32.38099999999997,-0.00016296600000001438,778.4490000000001,1287.0207258
32.39100000000002,-0.00016296600000001438,778.4490000000001,1287.0207258
32.411,-0.0003407520000000136,776.4618,1281.2719865999998
32.42099999999999,-0.00016296600000001438,777.4554,1283.1882329999999
32.43099999999998,-0.0003407520000000136,778.4490000000001,1283.1882329999999
32.44,-0.00016296600000001438,776.4618,1285.1044794000004
32.44999999999999,-0.00016296600000001438,776.4618,1281.2719865999998
32.459,-0.00016296600000001438,776.4618,1283.1882329999999
32.468999999999994,-0.00016296600000001438,776.4618,1283.1882329999999
32.47800000000001,-0.00016296600000001438,776.4618,1283.1882329999999
32.488,1.4819999999998723e-05,776.4618,1283.1882329999999
32.497000000000014,-0.0003407520000000136,774.4746,1283.1882329999999
32.507000000000005,-0.00016296600000001438,805.2762,1315.7644218
32.51600000000002,-0.0003407520000000136,805.2762,1315.7644218
32.54699999999997,-0.00016296600000001438,804.2826000000001,1310.0156826000002
32.55599999999998,-0.00016296600000001438,804.2826000000001,1311.9319290000003
32.565999999999974,-0.00016296600000001438,804.2826000000001,1313.8481754
32.57499999999999,-0.00016296600000001438,804.2826000000001,1313.8481754
32.58499999999998,-0.0003407520000000136,802.2954000000001,1311.9319290000003
32.593999999999994,1.4819999999998723e-05,803.2890000000001,1311.9319290000003
32.603999999999985,-0.0003407520000000136,802.2954000000001,1313.8481754
32.613,-0.0005185379999999989,802.2954000000001,1315.7644218
32.62299999999999,-0.00016296600000001438,801.3018000000001,1313.8481754
32.641999999999996,1.4819999999998723e-05,832.1034000000001,1342.5918714000004
32.65199999999999,-0.00016296600000001438,832.1034000000001,1346.4243642000001
32.66199999999998,-0.00016296600000001438,831.1098000000001,1342.5918714000004
32.68099999999998,-0.00016296600000001438,829.1226,1342.5918714000004
32.690999999999974,1.4819999999998723e-05,829.1226,1344.5081178
32.700999999999965,-0.00016296600000001438,830.1162,1346.4243642000001
32.70999999999998,-0.00016296600000001438,828.129,1348.3406106000002
32.71999999999997,-0.00016296600000001438,826.1418000000001,1340.6756249999999
32.728999999999985,-0.0003407520000000136,828.129,1346.4243642000001
32.738999999999976,-0.00016296600000001438,827.1354000000001,1346.4243642000001
32.74799999999999,-0.0003407520000000136,826.1418000000001,1346.4243642000001
32.75799999999998,-0.00016296600000001438,826.1418000000001,1344.5081178
32.766999999999996,-0.00016296600000001438,824.1546000000001,1342.5918714000004
32.77699999999999,-0.00016296600000001438,853.9626000000001,1373.2518138
32.786,-0.00016296600000001438,852.969,1375.1680601999997
32.81700000000001,-0.00016296600000001438,850.9818,1373.2518138
32.825999999999965,-0.00016296600000001438,851.9754,1375.1680601999997
32.83600000000001,1.4819999999998723e-05,848.9946000000001,1373.2518138
32.84499999999997,-0.00016296600000001438,849.9882000000001,1373.2518138
32.85500000000002,1.4819999999998723e-05,848.9946000000001,1373.2518138
32.863999999999976,-0.0003407520000000136,848.0010000000001,1375.1680601999997
32.87399999999997,-0.0005185379999999989,848.9946000000001,1377.0843066000002
32.88299999999998,-0.0003407520000000136,848.0010000000001,1375.1680601999997
32.90199999999999,-0.0003407520000000136,845.0202,1371.3355674
32.91199999999998,1.4819999999998723e-05,844.0266,1375.1680601999997
32.92199999999997,-0.0003407520000000136,845.0202,1375.1680601999997
32.952,-0.0005185379999999989,839.0586000000001,1371.3355674
32.96100000000001,-0.0003407520000000136,841.0458000000001,1375.1680601999997
32.971000000000004,-0.00016296600000001438,842.0394000000001,1373.2518138
32.98000000000002,-0.0003407520000000136,840.0522000000001,1373.2518138
32.99000000000001,-0.0003407520000000136,838.065,1373.2518138
32.99899999999997,-0.00016296600000001438,839.0586000000001,1375.1680601999997
33.009000000000015,-0.00016296600000001438,838.065,1373.2518138
33.01799999999997,-0.00016296600000001438,837.0714,1373.2518138
33.02799999999996,-0.0005185379999999989,838.065,1375.1680601999997
33.03699999999998,-0.00016296600000001438,836.0778,1369.4193210000003
33.04699999999997,-0.0003407520000000136,809.2506000000001,1344.5081178
33.05599999999998,-0.00016296600000001438,808.2570000000001,1342.5918714000004
33.08699999999999,-0.0003407520000000136,805.2762,1342.5918714000004
33.096000000000004,-0.00016296600000001438,805.2762,1344.5081178
33.105999999999995,-0.00016296600000001438,804.2826000000001,1346.4243642000001
33.11500000000001,-0.0003407520000000136,804.2826000000001,1344.5081178
33.125,-0.00016296600000001438,803.2890000000001,1342.5918714000004
33.134000000000015,-0.0003407520000000136,805.2762,1348.3406106000002
33.144000000000005,1.4819999999998723e-05,803.2890000000001,1344.5081178
33.16300000000001,-0.00016296600000001438,803.2890000000001,1342.5918714000004
33.173,-0.00016296600000001438,804.2826000000001,1340.6756249999999
33.18299999999999,-0.00016296600000001438,772.4874000000001,1313.8481754
33.192999999999984,-0.0003407520000000136,773.4810000000001,1315.7644218
33.22199999999998,-0.0005185379999999989,769.5066,1313.8481754
33.230999999999995,-0.0003407520000000136,771.4938000000001,1315.7644218
33.240999999999985,-0.0003407520000000136,771.4938000000001,1317.6806681999997
33.25,-0.0003407520000000136,771.4938000000001,1313.8481754
33.25999999999999,-0.00016296600000001438,770.5002000000001,1311.9319290000003
33.269000000000005,-0.0003407520000000136,771.4938000000001,1311.9319290000003
33.278999999999996,-0.0003407520000000136,771.4938000000001,1315.7644218
33.28800000000001,-0.00016296600000001438,771.4938000000001,1315.7644218
33.298,-0.0003407520000000136,771.4938000000001,1315.7644218
33.307000000000016,1.4819999999998723e-05,771.4938000000001,1310.0156826000002
33.31700000000001,-0.0003407520000000136,742.6794000000001,1283.1882329999999
33.327,-0.00016296600000001438,742.6794000000001,1281.2719865999998
33.35699999999997,-0.0005185379999999989,741.6858000000001,1283.1882329999999
33.365999999999985,-0.00016296600000001438,743.6730000000001,1285.1044794000004
33.375999999999976,1.4819999999998723e-05,742.6794000000001,1283.1882329999999
33.38499999999999,-0.0003407520000000136,743.6730000000001,1285.1044794000004
33.39499999999998,1.4819999999998723e-05,741.6858000000001,1279.3557402000001
33.403999999999996,-0.00016296600000001438,743.6730000000001,1283.1882329999999
33.41399999999999,-0.00016296600000001438,744.6666,1283.1882329999999
33.43299999999999,-0.0003407520000000136,744.6666,1287.0207258
33.442999999999984,-0.00016296600000001438,743.6730000000001,1283.1882329999999
33.452999999999975,-0.0003407520000000136,714.8586,1254.4445370000003
33.462999999999965,-0.00016296600000001438,713.865,1254.4445370000003
33.49200000000002,-0.0003407520000000136,711.8778000000001,1252.5282906000002
33.500999999999976,-0.0003407520000000136,714.8586,1256.3607834
33.51099999999997,-0.0003407520000000136,714.8586,1252.5282906000002
33.51999999999998,-0.0005185379999999989,715.8522,1254.4445370000003
33.52999999999997,-0.00016296600000001438,713.865,1248.6957978
33.53899999999999,-0.0003407520000000136,716.8458,1256.3607834
33.54899999999998,-0.00016296600000001438,716.8458,1252.5282906000002
33.55799999999999,-0.00016296600000001438,715.8522,1254.4445370000003
33.567999999999984,-0.00016296600000001438,716.8458,1256.3607834
33.577,-0.0003407520000000136,714.8586,1248.6957978
33.58699999999999,-0.0005185379999999989,688.0314000000001,1227.6170874
33.596000000000004,1.4819999999998723e-05,688.0314000000001,1223.7845945999998
33.62700000000001,0.00019260599999999795,686.0442,1219.9521018
33.63599999999997,-0.0003407520000000136,688.0314000000001,1223.7845945999998
33.646000000000015,1.4819999999998723e-05,690.0186000000001,1221.8683482000001
33.65499999999997,-0.00016296600000001438,689.0250000000001,1223.7845945999998
33.664999999999964,1.4819999999998723e-05,689.0250000000001,1219.9521018
33.67399999999998,-0.00016296600000001438,690.0186000000001,1221.8683482000001
33.69400000000002,-0.00016296600000001438,690.0186000000001,1221.8683482000001
33.70400000000001,-0.00016296600000001438,691.0122,1223.7845945999998
33.714,1.4819999999998723e-05,691.0122,1223.7845945999998
33.72399999999999,-0.00016296600000001438,661.2042,1196.9571450000003
33.73399999999998,0.00019260599999999795,662.1978,1195.0408986000002
33.762,-0.0003407520000000136,659.2170000000001,1191.2084058
33.771000000000015,1.4819999999998723e-05,663.1914,1191.2084058
33.781000000000006,-0.00016296600000001438,663.1914,1193.1246521999997
33.789999999999964,-0.0003407520000000136,663.1914,1193.1246521999997
33.80000000000001,-0.00016296600000001438,661.2042,1191.2084058
33.80899999999997,-0.0003407520000000136,664.1850000000001,1195.0408986000002
33.81900000000002,-0.0003407520000000136,663.1914,1193.1246521999997
33.827999999999975,-0.0003407520000000136,665.1786000000001,1195.0408986000002
33.837999999999965,1.4819999999998723e-05,664.1850000000001,1193.1246521999997
33.84800000000001,-0.00016296600000001438,664.1850000000001,1193.1246521999997
33.85699999999997,-0.00016296600000001438,635.3706000000001,1162.4647098
33.86700000000002,-0.0003407520000000136,635.3706000000001,1164.3809562000001
33.89699999999999,-0.0005185379999999989,634.3770000000001,1158.6322169999999
33.906000000000006,-0.00016296600000001438,636.3642000000001,1162.4647098
33.916,-0.00016296600000001438,636.3642000000001,1162.4647098
33.92500000000001,-0.00016296600000001438,636.3642000000001,1162.4647098
33.935,-0.0003407520000000136,634.3770000000001,1158.6322169999999
33.95400000000001,1.4819999999998723e-05,637.3578000000001,1160.5484634000004
33.964,-0.00016296600000001438,638.3514,1162.4647098
33.97399999999999,1.4819999999998723e-05,636.3642000000001,1160.5484634000004
33.98399999999998,-0.0005185379999999989,638.3514,1162.4647098
33.99399999999997,-0.00016296600000001438,610.5306,1133.7210138
34.00400000000002,-0.00016296600000001438,610.5306,1133.7210138
34.03199999999998,-0.0003407520000000136,610.5306,1135.6372601999997
34.077,-0.0005185379999999989,613.5114000000001,1135.6372601999997
34.122000000000014,-0.0003407520000000136,611.5242000000001,1129.8885210000003
34.13099999999997,-0.00016296600000001438,614.5050000000001,1133.7210138
34.14100000000002,-0.00016296600000001438,615.4986,1131.8047674
34.14999999999998,-0.00016296600000001438,616.4922,1133.7210138
34.15999999999997,1.4819999999998723e-05,613.5114000000001,1129.8885210000003
34.170000000000016,-0.00016296600000001438,615.4986,1133.7210138
34.178999999999974,-0.0003407520000000136,615.4986,1133.7210138
34.18799999999999,-0.00016296600000001438,615.4986,1131.8047674
34.19799999999998,-0.00016296600000001438,616.4922,1131.8047674
34.20799999999997,-0.0003407520000000136,615.4986,1133.7210138
34.216999999999985,-0.00016296600000001438,587.6778,1103.0610714000004
34.226999999999975,-0.00016296600000001438,587.6778,1103.0610714000004
34.257000000000005,-0.0005185379999999989,585.6906,1099.2285785999998
34.26600000000002,-0.00016296600000001438,588.6714000000001,1103.0610714000004
34.27600000000001,-0.0003407520000000136,589.6650000000001,1103.0610714000004
34.295000000000016,-0.00016296600000001438,588.6714000000001,1101.1448249999999
34.30500000000001,-0.00016296600000001438,589.6650000000001,1101.1448249999999
34.315,-0.0003407520000000136,589.6650000000001,1104.9773178
34.32499999999999,1.4819999999998723e-05,590.6586000000001,1101.1448249999999
34.33499999999998,-0.00016296600000001438,591.6522000000001,1106.8935642000001
34.34499999999997,-0.0003407520000000136,589.6650000000001,1101.1448249999999
34.35500000000002,-0.0005185379999999989,562.8378,1076.2336218
34.36500000000001,1.4819999999998723e-05,562.8378,1074.3173754
34.391999999999996,-0.00016296600000001438,562.8378,1072.4011290000003
34.40100000000001,-0.0005185379999999989,563.8314,1076.2336218
34.411,-0.0003407520000000136,564.825,1074.3173754
34.420000000000016,-0.00016296600000001438,564.825,1074.3173754
34.43000000000001,-0.0003407520000000136,561.8442,1072.4011290000003
34.44,-0.00016296600000001438,563.8314,1072.4011290000003
34.44900000000001,-0.0005185379999999989,566.8122000000001,1078.1498681999997
34.459,-0.00016296600000001438,564.825,1074.3173754
34.46800000000002,0.00019260599999999795,565.8186000000001,1072.4011290000003
34.47800000000001,-0.0003407520000000136,562.8378,1074.3173754
34.486999999999966,-0.0003407520000000136,535.017,1043.6574329999999
34.497000000000014,-0.00016296600000001438,536.0106000000001,1041.7411865999998
34.52699999999999,-0.0005185379999999989,534.0234,1041.7411865999998
34.536,-0.00016296600000001438,537.0042000000001,1041.7411865999998
34.54599999999999,-0.0003407520000000136,537.9978000000001,1041.7411865999998
34.565,-0.00016296600000001438,538.9914,1041.7411865999998
34.57499999999999,-0.00016296600000001438,537.9978000000001,1043.6574329999999
34.58499999999998,-0.00016296600000001438,538.9914,1041.7411865999998
34.59499999999997,-0.0003407520000000136,538.9914,1045.5736794000004
34.60500000000002,1.4819999999998723e-05,539.985,1041.7411865999998
34.61500000000001,-0.00016296600000001438,537.0042000000001,1039.8249402000001
34.625,-0.00016296600000001438,511.1706,1012.9974906000002
34.63499999999999,-0.00016296600000001438,510.177,1012.9974906000002
34.66199999999998,-0.0003407520000000136,509.1834,1009.1649978
34.67099999999999,-0.00016296600000001438,511.1706,1012.9974906000002
34.68099999999998,-0.00016296600000001438,512.1642,1012.9974906000002
34.69,-0.0005185379999999989,512.1642,1014.9137370000003
34.69999999999999,1.4819999999998723e-05,510.177,1007.2487514
34.709,-0.00016296600000001438,513.1578000000001,1012.9974906000002
34.718999999999994,-0.00016296600000001438,514.1514,1012.9974906000002
34.72800000000001,-0.00016296600000001438,513.1578000000001,1012.9974906000002
34.738,-0.00016296600000001438,513.1578000000001,1012.9974906000002
34.74799999999999,-0.00016296600000001438,512.1642,1009.1649978
34.757000000000005,-0.00016296600000001438,485.337,973.0950162000004
34.766999999999996,-0.00016296600000001438,485.337,971.1061554000003
34.79699999999997,-0.0003407520000000136,483.3498,971.1061554000003
34.80599999999998,-0.0003407520000000136,486.3306,973.0950162000004
34.82499999999999,-0.00016296600000001438,486.3306,971.1061554000003
34.83600000000001,1.4819999999998723e-05,486.3306,973.0950162000004
34.84499999999997,0.00019260599999999795,488.3178,971.1061554000003
34.85500000000002,-0.00016296600000001438,486.3306,973.0950162000004
34.86500000000001,-0.00016296600000001438,487.3242,971.1061554000003
34.875,-0.00016296600000001438,487.3242,973.0950162000004
34.88599999999997,-0.00016296600000001438,488.3178,971.1061554000003
34.896000000000015,1.4819999999998723e-05,460.497,939.2843826000003
34.90499999999997,1.4819999999998723e-05,459.5034,939.2843826000003
34.932000000000016,0.00019260599999999795,459.5034,935.3066610000005
34.940999999999974,-0.00016296600000001438,461.4906,941.2732434
34.950999999999965,-0.00016296600000001438,461.4906,943.2621042000005
34.95999999999998,-0.00016296600000001438,462.4842,943.2621042000005
34.96999999999997,-0.00016296600000001438,461.4906,939.2843826000003
34.98000000000002,1.4819999999998723e-05,462.4842,941.2732434
34.988999999999976,-0.00016296600000001438,462.4842,943.2621042000005
34.99899999999997,-0.00016296600000001438,463.4778,943.2621042000005
35.00799999999998,-0.00016296600000001438,464.4714,939.2843826000003
35.01799999999997,-0.0006963239999999982,461.4906,943.2621042000005
35.02699999999999,-0.0003407520000000136,434.66339999999997,913.4291922000002
35.03699999999998,-0.0003407520000000136,434.66339999999997,913.4291922000002
35.06700000000001,1.4819999999998723e-05,435.657,911.4403314000006
35.111999999999966,-0.00016296600000001438,433.6698,907.4626098000003
35.122000000000014,-0.0003407520000000136,435.657,911.4403314000006
35.13099999999997,-0.00016296600000001438,438.63779999999997,913.4291922000002
35.14100000000002,1.4819999999998723e-05,439.6314,911.4403314000006
35.14999999999998,-0.00016296600000001438,436.6506,907.4626098000003
35.15999999999997,1.4819999999998723e-05,439.6314,911.4403314000006
35.16899999999998,-0.00016296600000001438,439.6314,913.4291922000002
35.178999999999974,-0.0005185379999999989,437.6442,915.4180530000003
35.18799999999999,1.4819999999998723e-05,439.6314,913.4291922000002
35.19799999999998,-0.0003407520000000136,438.63779999999997,907.4626098000003
35.20799999999997,-0.00016296600000001438,410.817,883.5962802000004
35.216999999999985,1.4819999999998723e-05,410.817,879.6185586000001
35.247000000000014,-0.00016296600000001438,408.8298,877.6296978000005
35.26600000000002,-0.00016296600000001438,412.8042,879.6185586000001
35.27600000000001,1.4819999999998723e-05,411.81059999999997,879.6185586000001
35.286,-0.0005185379999999989,410.817,879.6185586000001
35.29599999999999,-0.00016296600000001438,413.7978,881.6074194000003
35.30599999999998,-0.0003407520000000136,413.7978,881.6074194000003
35.315999999999974,0.00019260599999999795,414.7914,877.6296978000005
35.325999999999965,-0.00016296600000001438,412.8042,877.6296978000005
35.33600000000001,-0.0003407520000000136,413.7978,881.6074194000003
35.346000000000004,1.4819999999998723e-05,386.9706,851.7745074000004
35.355999999999995,1.4819999999998723e-05,385.977,847.7967858000006
35.382000000000005,-0.00016296600000001438,382.0026,847.7967858000006
35.39100000000002,1.4819999999998723e-05,385.977,847.7967858000006
35.40100000000001,-0.0003407520000000136,386.9706,849.7856466000003
35.40999999999997,-0.00016296600000001438,384.9834,849.7856466000003
35.420000000000016,-0.00016296600000001438,386.9706,849.7856466000003
35.428999999999974,1.4819999999998723e-05,387.9642,847.7967858000006
35.438999999999965,-0.00016296600000001438,387.9642,849.7856466000003
35.44799999999998,-0.00016296600000001438,388.95779999999996,851.7745074000004
35.45799999999997,-0.0003407520000000136,387.9642,849.7856466000003
35.46800000000002,-0.0003407520000000136,388.95779999999996,849.7856466000003
35.476999999999975,1.4819999999998723e-05,360.1434,815.9750130000002
35.49599999999998,-0.00016296600000001438,360.1434,819.9527346000004
35.516999999999996,1.4819999999998723e-05,360.1434,813.9861522000006
35.52600000000001,-0.00016296600000001438,362.1306,817.9638738000003
35.536,1.4819999999998723e-05,361.137,819.9527346000004
35.54599999999999,1.4819999999998723e-05,360.1434,817.9638738000003
35.557000000000016,-0.0003407520000000136,360.1434,817.9638738000003
35.56700000000001,-0.00016296600000001438,362.1306,819.9527346000004
35.577,-0.00016296600000001438,363.1242,819.9527346000004
35.610000000000014,-0.00016296600000001438,354.1818,790.1198226000006
35.620000000000005,-0.00016296600000001438,352.1946,788.1309618000005
35.65199999999999,-0.0005185379999999989,347.22659999999996,788.1309618000005
35.661,-0.00016296600000001438,351.20099999999996,788.1309618000005
35.67099999999999,1.4819999999998723e-05,351.20099999999996,788.1309618000005
35.68000000000001,-0.0003407520000000136,348.2202,786.1421010000004
35.69,-0.0003407520000000136,347.22659999999996,786.1421010000004
35.69999999999999,-0.0003407520000000136,352.1946,788.1309618000005
35.709,-0.00016296600000001438,350.2074,788.1309618000005
35.718999999999994,-0.00016296600000001438,352.1946,788.1309618000005
35.72800000000001,-0.00016296600000001438,351.20099999999996,786.1421010000004
35.738,-0.0008741100000000113,349.2138,784.1532402000003
35.757000000000005,1.4819999999998723e-05,353.1882,758.2980498000002
35.766999999999996,1.4819999999998723e-05,353.1882,756.3091890000005
35.78699999999998,0.00019260599999999795,350.2074,752.3314674000007
35.79599999999999,-0.0003407520000000136,351.20099999999996,758.2980498000002
35.80599999999998,1.4819999999998723e-05,353.1882,756.3091890000005
35.815,-0.00016296600000001438,348.2202,756.3091890000005
35.82499999999999,-0.0003407520000000136,352.1946,756.3091890000005
35.83499999999998,-0.00016296600000001438,354.1818,758.2980498000002
35.843999999999994,1.4819999999998723e-05,352.1946,756.3091890000005
35.853999999999985,1.4819999999998723e-05,352.1946,756.3091890000005
35.863,-0.0003407520000000136,352.1946,758.2980498000002
35.87299999999999,-0.0005185379999999989,349.2138,754.3203282000004
35.882000000000005,0.00037039200000001105,352.1946,726.4762770000002
35.891999999999996,-0.00016296600000001438,353.1882,728.4651377999999
35.92199999999997,-0.00016296600000001438,352.1946,726.4762770000002
35.93099999999998,-0.00016296600000001438,352.1946,726.4762770000002
35.940999999999974,-0.00016296600000001438,355.17539999999997,730.4539986
35.94999999999999,-0.0003407520000000136,350.2074,726.4762770000002
35.95999999999998,-0.00016296600000001438,351.20099999999996,724.4874162000001
35.96999999999997,1.4819999999998723e-05,354.1818,728.4651377999999
35.978999999999985,-0.0003407520000000136,352.1946,726.4762770000002
35.988999999999976,1.4819999999998723e-05,352.1946,726.4762770000002
35.99799999999999,1.4819999999998723e-05,353.1882,728.4651377999999
36.016999999999996,0.00037039200000001105,352.1946,696.6433650000001
36.02699999999999,0.00037039200000001105,354.1818,692.6656434000001
36.03699999999998,0.00019260599999999795,351.20099999999996,696.6433650000001
36.057000000000016,0.00019260599999999795,350.2074,690.6767826000003
36.065999999999974,1.4819999999998723e-05,354.1818,696.6433650000001
36.075999999999965,1.4819999999998723e-05,353.1882,694.6545042
36.08499999999998,-0.00016296600000001438,351.20099999999996,696.6433650000001
36.09499999999997,-0.00016296600000001438,350.2074,692.6656434000001
36.10500000000002,1.4819999999998723e-05,353.1882,694.6545042
36.113999999999976,1.4819999999998723e-05,353.1882,698.6322258
36.12399999999997,-0.00016296600000001438,352.1946,694.6545042
36.13299999999998,1.4819999999998723e-05,353.1882,694.6545042
36.14299999999997,-0.00016296600000001438,351.20099999999996,692.6656434000001
36.15199999999999,0.00019260599999999795,353.1882,666.8104530000003
36.16199999999998,-0.00016296600000001438,350.2074,664.8215921999999
36.19200000000001,-0.0003407520000000136,349.2138,662.8327314000001
36.200999999999965,-0.0003407520000000136,350.2074,662.8327314000001
36.21100000000001,-0.0003407520000000136,352.1946,664.8215921999999
36.21999999999997,-0.00016296600000001438,351.20099999999996,664.8215921999999
36.23000000000002,-0.0003407520000000136,347.22659999999996,660.8438706000002
36.24000000000001,-0.0006963239999999982,351.20099999999996,666.8104530000003
36.24899999999997,-0.00016296600000001438,352.1946,664.8215921999999
36.259000000000015,-0.0003407520000000136,351.20099999999996,664.8215921999999
36.27799999999996,-0.0003407520000000136,349.2138,664.8215921999999
36.28800000000001,0.00019260599999999795,352.1946,634.9886802000001
36.298,1.4819999999998723e-05,352.1946,636.9775410000002
36.327,-0.0003407520000000136,349.2138,632.9998194000002
36.33600000000001,-0.00016296600000001438,352.1946,636.9775410000002
36.346000000000004,1.4819999999998723e-05,354.1818,636.9775410000002
36.35500000000002,-0.0003407520000000136,351.20099999999996,636.9775410000002
36.36500000000001,-0.0003407520000000136,351.20099999999996,634.9886802000001
36.375,-0.0003407520000000136,350.2074,638.9664018000001
36.384000000000015,-0.0003407520000000136,352.1946,636.9775410000002
36.394000000000005,-0.00016296600000001438,352.1946,634.9886802000001
36.40299999999996,-0.00016296600000001438,351.20099999999996,634.9886802000001
36.41300000000001,-0.0003407520000000136,350.2074,632.9998194000002
36.42199999999997,-0.00016296600000001438,351.20099999999996,603.1669074000001
36.432000000000016,0.00019260599999999795,354.1818,605.1557682
36.46199999999999,-0.00016296600000001438,350.2074,605.1557682
36.471000000000004,1.4819999999998723e-05,353.1882,603.1669074000001
36.480999999999995,-0.0003407520000000136,349.2138,605.1557682
36.49000000000001,-0.0003407520000000136,351.20099999999996,603.1669074000001
36.5,1.4819999999998723e-05,352.1946,601.1780466
36.50999999999999,-0.00016296600000001438,353.1882,605.1557682
36.519000000000005,1.4819999999998723e-05,352.1946,605.1557682
36.53800000000001,1.4819999999998723e-05,353.1882,603.1669074000001
36.548,-0.00016296600000001438,351.20099999999996,601.1780466
36.55799999999999,-0.0003407520000000136,350.2074,607.1446289999999
36.567999999999984,1.4819999999998723e-05,353.1882,605.1557682
36.641999999999996,-0.00016296600000001438,350.2074,573.3339954
36.65199999999999,1.4819999999998723e-05,352.1946,573.3339954
36.661,-0.00016296600000001438,350.2074,573.3339954
36.67099999999999,0.00019260599999999795,354.1818,571.3451345999999
36.68000000000001,0.00019260599999999795,352.1946,571.3451345999999
36.69,1.4819999999998723e-05,353.1882,573.3339954
36.69900000000001,-0.00016296600000001438,353.1882,573.3339954
36.71800000000002,-0.0003407520000000136,350.2074,575.3228562000002
36.728999999999985,1.4819999999998723e-05,352.1946,571.3451345999999
36.738999999999976,1.4819999999998723e-05,350.2074,543.5010834000002
36.74799999999999,1.4819999999998723e-05,352.1946,543.5010834000002
36.77699999999999,-0.00016296600000001438,351.20099999999996,539.5233618
36.786,-0.0003407520000000136,352.1946,543.5010834000002
36.79599999999999,-0.00016296600000001438,351.20099999999996,543.5010834000002
36.80500000000001,-0.00016296600000001438,352.1946,545.4899442000001
36.815,1.4819999999998723e-05,353.1882,541.5122226000001
36.82499999999999,-0.0003407520000000136,352.1946,545.4899442000001
36.834,-0.00016296600000001438,352.1946,545.4899442000001
36.843999999999994,-0.00016296600000001438,351.20099999999996,543.5010834000002
36.85300000000001,-0.00016296600000001438,354.1818,545.4899442000001
36.863,-0.0005185379999999989,348.2202,543.5010834000002
36.872000000000014,-0.00016296600000001438,351.20099999999996,513.6681714000001
36.882000000000005,-0.00016296600000001438,350.2074,513.6681714000001
36.91199999999998,-0.0003407520000000136,349.2138,511.6793106
36.92199999999997,-0.00016296600000001438,353.1882,513.6681714000001
36.93099999999998,0.00019260599999999795,352.1946,513.6681714000001
36.94,1.4819999999998723e-05,353.1882,513.6681714000001
36.94999999999999,-0.00016296600000001438,351.20099999999996,513.6681714000001
36.95999999999998,1.4819999999998723e-05,353.1882,515.6570322
36.978999999999985,-0.00016296600000001438,350.2074,513.6681714000001
36.988999999999976,-0.00016296600000001438,351.20099999999996,513.6681714000001
36.99899999999997,-0.0003407520000000136,350.2074,511.6793106
37.009000000000015,-0.00016296600000001438,350.2074,485.82412020000015
37.019000000000005,1.4819999999998723e-05,351.20099999999996,485.82412020000015
37.04699999999997,-0.0003407520000000136,347.22659999999996,485.82412020000015
37.05599999999998,-0.00016296600000001438,351.20099999999996,485.82412020000015
37.065999999999974,1.4819999999998723e-05,355.17539999999997,487.81298100000004
37.07499999999999,-0.00016296600000001438,351.20099999999996,485.82412020000015
37.08499999999998,-0.00016296600000001438,349.2138,483.83525940000004
37.09499999999997,0.00019260599999999795,352.1946,487.81298100000004
37.103999999999985,1.4819999999998723e-05,354.1818,485.82412020000015
37.113999999999976,1.4819999999998723e-05,352.1946,487.81298100000004
37.12299999999999,-0.00016296600000001438,350.2074,485.82412020000015
37.13299999999998,1.4819999999998723e-05,352.1946,485.82412020000015
37.14299999999997,0.00037039200000001105,353.1882,457.98006899999996
37.15199999999999,0.00037039200000001105,351.20099999999996,455.9912082000001
37.182000000000016,-0.00016296600000001438,350.2074,455.9912082000001
37.19200000000001,0.00019260599999999795,352.1946,457.98006899999996
37.200999999999965,0.00019260599999999795,352.1946,455.9912082000001
37.21100000000001,0.00037039200000001105,353.1882,455.9912082000001
37.21999999999997,-0.00016296600000001438,351.20099999999996,455.9912082000001
37.238999999999976,1.4819999999998723e-05,354.1818,459.96892980000007
37.24899999999997,0.00019260599999999795,353.1882,455.9912082000001
37.259000000000015,1.4819999999998723e-05,352.1946,457.98006899999996
37.269000000000005,1.4819999999998723e-05,355.17539999999997,455.9912082000001
37.278999999999996,0.00037039200000001105,352.1946,428.1471570000001
37.28899999999999,0.00037039200000001105,355.17539999999997,428.1471570000001
37.31700000000001,0.00037039200000001105,353.1882,424.1694354000001
37.327,1.4819999999998723e-05,352.1946,428.1471570000001
37.33600000000001,0.00019260599999999795,354.1818,426.1582962
37.346000000000004,0.00019260599999999795,353.1882,430.1360178000002
37.35500000000002,-0.00016296600000001438,350.2074,424.1694354000001
37.36500000000001,0.00037039200000001105,352.1946,426.1582962
37.37399999999997,0.00037039200000001105,354.1818,424.1694354000001
37.384000000000015,0.00019260599999999795,352.1946,428.1471570000001
37.39299999999997,0.00037039200000001105,352.1946,426.1582962
37.40299999999996,0.00019260599999999795,351.20099999999996,428.1471570000001
37.41199999999998,0.0005481779999999825,353.1882,400.30310580000014
37.42199999999997,0.00019260599999999795,352.1946,400.30310580000014
37.452,-0.00016296600000001438,348.2202,398.314245
37.46199999999999,0.0005481779999999825,351.20099999999996,396.32538420000014
37.471000000000004,0.00037039200000001105,353.1882,398.314245
37.480999999999995,0.00019260599999999795,353.1882,400.30310580000014
37.5,0.00037039200000001105,352.1946,398.314245
37.50999999999999,1.4819999999998723e-05,350.2074,398.314245
37.51999999999998,0.00019260599999999795,351.20099999999996,398.314245
37.52999999999997,0.00037039200000001105,352.1946,398.314245
37.539999999999964,1.4819999999998723e-05,352.1946,396.32538420000014
37.55000000000001,0.001081535999999994,353.1882,366.49247220000007
37.56,0.0009037499999999948,353.1882,368.48133299999995
37.58699999999999,0.0005481779999999825,352.1946,364.5036114000002
37.59699999999998,0.0007259639999999956,353.1882,366.49247220000007
37.605999999999995,0.0005481779999999825,351.20099999999996,368.48133299999995
37.615999999999985,0.00037039200000001105,351.20099999999996,364.5036114000002
37.625,0.00037039200000001105,349.2138,364.5036114000002
37.63499999999999,0.0005481779999999825,353.1882,368.48133299999995
37.644000000000005,0.00037039200000001105,351.20099999999996,366.49247220000007
37.653999999999996,0.0005481779999999825,354.1818,366.49247220000007
37.66300000000001,0.0005481779999999825,353.1882,366.49247220000007
37.673,0.00037039200000001105,351.20099999999996,364.5036114000002
37.68299999999999,0.0012593219999999933,350.2074,336.6595602000002
37.69200000000001,0.0007259639999999956,352.1946,340.6372818
37.72199999999998,0.0007259639999999956,350.2074,334.6706993999999
37.73199999999997,0.0005481779999999825,353.1882,338.6484210000001
37.740999999999985,0.0005481779999999825,350.2074,336.6595602000002
37.75999999999999,1.4819999999998723e-05,347.22659999999996,336.6595602000002
37.76999999999998,0.0009037499999999948,351.20099999999996,336.6595602000002
37.77999999999997,0.0007259639999999956,353.1882,336.6595602000002
37.789999999999964,0.0007259639999999956,353.1882,336.6595602000002
37.80000000000001,0.0005481779999999825,353.1882,338.6484210000001
37.81,0.0005481779999999825,350.2074,334.6706993999999
37.81999999999999,0.0016148939999999917,351.20099999999996,306.82664820000014
37.829999999999984,0.0012593219999999933,353.1882,308.815509
37.85699999999997,0.0009037499999999948,349.2138,304.8377874
37.86700000000002,0.0007259639999999956,352.1946,306.82664820000014
37.875999999999976,0.00037039200000001105,348.2202,308.815509
37.88599999999997,0.0007259639999999956,352.1946,306.82664820000014
37.89499999999998,0.0007259639999999956,351.20099999999996,304.8377874
37.90499999999997,0.0009037499999999948,351.20099999999996,306.82664820000014
37.91399999999999,0.0009037499999999948,352.1946,308.815509
37.92399999999998,0.0007259639999999956,350.2074,306.82664820000014
37.93299999999999,0.0007259639999999956,352.1946,306.82664820000014
37.942999999999984,0.00037039200000001105,351.20099999999996,308.815509
37.952,0.001792679999999991,353.1882,276.99373620000006
37.96199999999999,0.001081535999999994,354.1818,278.98259699999994
37.99200000000002,0.0009037499999999948,351.20099999999996,275.00487539999995
38.00200000000001,0.0012593219999999933,353.1882,275.00487539999995
38.01999999999998,0.0009037499999999948,351.20099999999996,276.99373620000006
38.031000000000006,0.0012593219999999933,350.2074,275.00487539999995
38.039999999999964,0.001081535999999994,354.1818,276.99373620000006
38.05099999999999,0.001081535999999994,353.1882,275.00487539999995
38.06099999999998,0.0009037499999999948,354.1818,276.99373620000006
38.07099999999997,0.0007259639999999956,353.1882,278.98259699999994
38.08100000000002,0.0009037499999999948,352.1946,275.00487539999995
38.09100000000001,0.0014371079999999925,353.1882,245.17196339999987
38.101,0.0012593219999999933,353.1882,245.17196339999987
38.12700000000001,0.0007259639999999956,350.2074,247.1608242000002
38.137,0.0007259639999999956,353.1882,247.1608242000002
38.146000000000015,0.001081535999999994,353.1882,245.17196339999987
38.156000000000006,0.0009037499999999948,352.1946,247.1608242000002
38.164999999999964,0.0007259639999999956,350.2074,245.17196339999987
38.17500000000001,0.0009037499999999948,352.1946,245.17196339999987
38.18399999999997,0.0009037499999999948,354.1818,245.17196339999987
38.19400000000002,0.0005481779999999825,353.1882,247.1608242000002
38.202999999999975,0.0009037499999999948,354.1818,247.1608242000002
38.212999999999965,0.0005481779999999825,352.1946,245.17196339999987
38.22300000000001,0.0007259639999999956,352.1946,217.32791220000013
38.23199999999997,0.0007259639999999956,353.1882,215.33905140000002
38.262,0.00037039200000001105,351.20099999999996,215.33905140000002
38.27199999999999,0.0007259639999999956,352.1946,217.32791220000013
38.291,0.00019260599999999795,350.2074,217.32791220000013
38.30099999999999,0.0005481779999999825,352.1946,215.33905140000002
38.31099999999998,0.00037039200000001105,352.1946,217.32791220000013
38.32099999999997,0.0007259639999999956,353.1882,215.33905140000002
38.33100000000002,0.0007259639999999956,353.1882,215.33905140000002
38.34100000000001,0.0007259639999999956,352.1946,217.32791220000013
38.351,0.00037039200000001105,352.1946,215.33905140000002
38.36099999999999,0.00019260599999999795,350.2074,189.48386100000016
38.37099999999998,0.0005481779999999825,351.20099999999996,187.49500020000005
38.39699999999999,1.4819999999998723e-05,350.2074,185.50613939999994
38.40699999999998,1.4819999999998723e-05,348.2202,185.50613939999994
38.44200000000001,0.00037039200000001105,350.2074,185.50613939999994
38.46100000000001,0.0005481779999999825,353.1882,187.49500020000005
38.471000000000004,0.00037039200000001105,352.1946,187.49500020000005
38.480999999999995,0.00037039200000001105,351.20099999999996,185.50613939999994
38.490999999999985,0.00019260599999999795,350.2074,187.49500020000005
38.500999999999976,0.0007259639999999956,353.1882,187.49500020000005
38.51099999999997,0.0005481779999999825,351.20099999999996,187.49500020000005
38.521000000000015,0.0005481779999999825,352.1946,185.50613939999994
38.531000000000006,0.0005481779999999825,352.1946,185.50613939999994
38.541,0.0005481779999999825,352.1946,157.6620882000002
38.55099999999999,0.0005481779999999825,354.1818,157.6620882000002
38.577,0.00019260599999999795,349.2138,155.6732274000001
38.58699999999999,0.00019260599999999795,351.20099999999996,157.6620882000002
38.596000000000004,0.00019260599999999795,353.1882,159.65094900000008
38.605999999999995,0.00019260599999999795,351.20099999999996,157.6620882000002
38.61500000000001,0.00019260599999999795,348.2202,153.68436659999998
38.625,0.00037039200000001105,352.1946,157.6620882000002
38.634000000000015,0.00037039200000001105,350.2074,155.6732274000001
38.644000000000005,0.0007259639999999956,353.1882,157.6620882000002
38.65299999999996,0.00037039200000001105,353.1882,157.6620882000002
38.66300000000001,0.00037039200000001105,349.2138,153.68436659999998
38.673,0.0005481779999999825,351.20099999999996,125.84031540000001
38.690999999999974,0.0005481779999999825,352.1946,125.84031540000001
38.71199999999999,0.00037039200000001105,351.20099999999996,125.84031540000001
38.72199999999998,0.0005481779999999825,354.1818,125.84031540000001
38.73199999999997,0.0007259639999999956,352.1946,125.84031540000001
38.74200000000002,0.0007259639999999956,353.1882,127.82917620000012
38.75200000000001,0.0005481779999999825,352.1946,125.84031540000001
38.762,0.0009037499999999948,353.1882,123.85145460000012
38.77199999999999,0.0007259639999999956,354.1818,125.84031540000001
38.78199999999998,0.0005481779999999825,353.1882,125.84031540000001
38.79199999999997,0.0007259639999999956,354.1818,127.82917620000012
38.801999999999964,0.0005481779999999825,349.2138,125.84031540000001
38.81200000000001,0.0009037499999999948,354.1818,97.99626420000004
38.822,0.0009037499999999948,354.1818,97.99626420000004
38.84699999999998,0.0009037499999999948,352.1946,96.00740339999993
38.85699999999997,0.0005481779999999825,349.2138,96.00740339999993
38.865999999999985,0.0005481779999999825,352.1946,97.99626420000004
38.875999999999976,0.0009037499999999948,355.17539999999997,97.99626420000004
38.88499999999999,0.0007259639999999956,350.2074,97.99626420000004
38.89499999999998,0.0005481779999999825,351.20099999999996,97.99626420000004
38.903999999999996,0.0007259639999999956,352.1946,97.99626420000004
38.91399999999999,0.0009037499999999948,354.1818,96.00740339999993
38.923,0.0007259639999999956,351.20099999999996,97.99626420000004
38.93299999999999,0.0007259639999999956,352.1946,96.00740339999993
38.942999999999984,0.0007259639999999956,353.1882,66.17449140000008
38.96199999999999,0.0005481779999999825,352.1946,68.16335219999996
38.98199999999997,0.0007259639999999956,349.2138,66.17449140000008
38.99200000000002,0.0009037499999999948,353.1882,68.16335219999996
39.00200000000001,0.001081535999999994,354.1818,66.17449140000008
39.012,0.001081535999999994,352.1946,66.17449140000008
39.02199999999999,0.0007259639999999956,353.1882,66.17449140000008
39.03199999999998,0.0009037499999999948,351.20099999999996,66.17449140000008
39.04199999999997,0.001081535999999994,352.1946,64.1856306000002
39.051999999999964,0.0007259639999999956,352.1946,66.17449140000008
39.06200000000001,0.0005481779999999825,350.2074,66.17449140000008
39.072,0.001081535999999994,353.1882,66.17449140000008
39.081999999999994,0.0009037499999999948,351.20099999999996,66.17449140000008
39.16199999999998,0.0012593219999999933,351.20099999999996,34.35271860000012
39.17199999999997,0.00037039200000001105,353.1882,38.330440199999884
39.18099999999998,0.00037039200000001105,350.2074,36.3415794
39.190999999999974,0.0009037499999999948,352.1946,34.35271860000012
39.200999999999965,0.0005481779999999825,353.1882,36.3415794
39.20999999999998,0.0009037499999999948,351.20099999999996,36.3415794
39.21999999999997,0.0007259639999999956,355.17539999999997,38.330440199999884
39.228999999999985,0.0007259639999999956,352.1946,36.3415794
39.238999999999976,0.0007259639999999956,353.1882,38.330440199999884
39.24799999999999,0.0005481779999999825,349.2138,36.3415794
39.25799999999998,0.0007259639999999956,353.1882,6.508667400000149
39.266999999999996,0.00037039200000001105,353.1882,6.508667400000149
39.29699999999997,0.00019260599999999795,346.233,6.508667400000149
39.307000000000016,0.00037039200000001105,352.1946,8.497528200000033
39.315999999999974,0.00037039200000001105,351.20099999999996,8.497528200000033
39.325999999999965,0.00019260599999999795,349.2138,4.519806600000038
39.33499999999998,0.0005481779999999825,350.2074,4.519806600000038
39.34499999999997,0.00037039200000001105,354.1818,8.497528200000033
39.353999999999985,0.00037039200000001105,352.1946,8.497528200000033
39.363999999999976,0.0005481779999999825,353.1882,6.508667400000149
39.38299999999998,1.4819999999998723e-05,351.20099999999996,6.508667400000149
39.39299999999997,0.00019260599999999795,353.1882,8.497528200000033
39.40299999999996,0.0005481779999999825,352.1946,6.508667400000149
39.432000000000016,0.00019260599999999795,349.2138,8.497528200000033
39.44200000000001,0.0005481779999999825,350.2074,6.508667400000149
39.450999999999965,0.0005481779999999825,351.20099999999996,8.497528200000033
39.46100000000001,0.0005481779999999825,352.1946,8.497528200000033
39.46999999999997,0.00037039200000001105,350.2074,6.508667400000149
39.48000000000002,0.0007259639999999956,353.1882,6.508667400000149
39.488999999999976,0.0005481779999999825,351.20099999999996,6.508667400000149
39.49899999999997,0.0005481779999999825,352.1946,8.497528200000033
39.50799999999998,0.0007259639999999956,353.1882,6.508667400000149
39.51799999999997,0.00037039200000001105,351.20099999999996,2.5309457999999267
39.52799999999996,0.001081535999999994,353.1882,36.3415794
39.53699999999998,0.001081535999999994,354.1818,36.3415794
39.56700000000001,0.0012593219999999933,348.2202,34.35271860000012
39.577,0.0012593219999999933,355.17539999999997,38.330440199999884
39.58600000000001,0.001081535999999994,351.20099999999996,36.3415794
39.596000000000004,0.0012593219999999933,353.1882,36.3415794
39.60500000000002,0.0009037499999999948,347.22659999999996,36.3415794
39.61500000000001,0.0012593219999999933,352.1946,38.330440199999884
39.62399999999997,0.0012593219999999933,354.1818,38.330440199999884
39.634000000000015,0.0012593219999999933,352.1946,36.3415794
39.65299999999996,0.001081535999999994,352.1946,34.35271860000012
39.66300000000001,0.0016148939999999917,352.1946,66.17449140000008
39.702,0.001792679999999991,348.2202,64.1856306000002
39.71199999999999,0.001792679999999991,352.1946,68.16335219999996
39.721000000000004,0.001792679999999991,352.1946,66.17449140000008
39.730999999999995,0.0016148939999999917,352.1946,68.16335219999996
39.74000000000001,0.001792679999999991,351.20099999999996,64.1856306000002
39.75,0.001792679999999991,351.20099999999996,68.16335219999996
39.759000000000015,0.001792679999999991,351.20099999999996,66.17449140000008
39.769000000000005,0.0016148939999999917,353.1882,68.16335219999996
39.77799999999996,0.0016148939999999917,351.20099999999996,66.17449140000008
39.78800000000001,0.0016148939999999917,349.2138,64.1856306000002
39.798,0.0021482519999999894,353.1882,99.98512500000015
39.807000000000016,0.0030371819999999994,355.17539999999997,97.99626420000004
39.83699999999999,0.0028593959999999863,351.20099999999996,96.00740339999993
39.84699999999998,0.0030371819999999994,353.1882,96.00740339999993
39.855999999999995,0.002681610000000001,351.20099999999996,96.00740339999993
39.865999999999985,0.0028593959999999863,353.1882,97.99626420000004
39.875,0.002681610000000001,349.2138,96.00740339999993
39.88499999999999,0.0023260380000000025,351.20099999999996,97.99626420000004
39.89499999999998,0.002681610000000001,354.1818,97.99626420000004
39.91300000000001,0.002681610000000001,353.1882,96.00740339999993
39.92399999999998,0.002681610000000001,352.1946,94.01854260000005
39.93399999999997,0.003392753999999998,352.1946,125.84031540000001
39.94400000000002,0.0039261119999999955,352.1946,125.84031540000001
39.97199999999998,0.003392753999999998,347.22659999999996,123.85145460000012
39.98199999999997,0.0039261119999999955,352.1946,125.84031540000001
39.990999999999985,0.003392753999999998,351.20099999999996,125.84031540000001
40.000999999999976,0.003570539999999997,353.1882,127.82917620000012
40.00999999999999,0.0037483259999999963,352.1946,121.86259380000024
40.01999999999998,0.0037483259999999963,351.20099999999996,123.85145460000012
40.02999999999997,0.003570539999999997,353.1882,125.84031540000001
40.03899999999999,0.003570539999999997,352.1946,125.84031540000001
40.048,0.003570539999999997,352.1946,127.82917620000012
40.05799999999999,0.0032149679999999986,352.1946,123.85145460000012
40.067999999999984,0.004281683999999994,353.1882,157.6620882000002
40.077,0.004992828000000005,353.1882,157.6620882000002
40.10699999999997,0.004637255999999992,350.2074,157.6620882000002
40.11700000000002,0.004815041999999992,354.1818,157.6620882000002
40.125999999999976,0.00517061399999999,354.1818,155.6732274000001
40.13599999999997,0.004815041999999992,353.1882,155.6732274000001
40.146000000000015,0.004815041999999992,353.1882,155.6732274000001
40.15499999999997,0.004459469999999993,353.1882,157.6620882000002
40.17399999999998,0.004637255999999992,352.1946,155.6732274000001
40.18399999999997,0.004637255999999992,354.1818,155.6732274000001
40.19400000000002,0.004281683999999994,355.17539999999997,155.6732274000001
40.20400000000001,0.0055261859999999885,353.1882,187.49500020000005
40.214,0.006237329999999999,351.20099999999996,185.50613939999994
40.24200000000002,0.005881757999999987,350.2074,185.50613939999994
40.25200000000001,0.005881757999999987,353.1882,187.49500020000005
40.26099999999997,0.006059544,351.20099999999996,187.49500020000005
40.271000000000015,0.005881757999999987,352.1946,187.49500020000005
40.27999999999997,0.005881757999999987,350.2074,185.50613939999994
40.289999999999964,0.005703972000000002,349.2138,187.49500020000005
40.29899999999998,0.0055261859999999885,350.2074,185.50613939999994
40.30899999999997,0.005881757999999987,353.1882,183.51727860000005
40.317999999999984,0.005703972000000002,351.20099999999996,185.50613939999994
40.327999999999975,0.005703972000000002,350.2074,183.51727860000005
40.337999999999965,0.006592901999999998,352.1946,217.32791220000013
40.34699999999998,0.007659617999999993,352.1946,215.33905140000002
40.37700000000001,0.007304045999999995,350.2074,215.33905140000002
40.387,0.007481831999999994,353.1882,217.32791220000013
40.396000000000015,0.007126259999999995,352.1946,217.32791220000013
40.406000000000006,0.007304045999999995,354.1818,217.32791220000013
40.416,0.007126259999999995,353.1882,215.33905140000002
40.42500000000001,0.006770687999999997,350.2074,217.32791220000013
40.44400000000002,0.006948473999999996,350.2074,215.33905140000002
40.45400000000001,0.006948473999999996,352.1946,215.33905140000002
40.464999999999975,0.0064151159999999985,352.1946,215.33905140000002
40.474999999999966,0.008015189999999991,351.20099999999996,247.1608242000002
40.48399999999998,0.009081906,352.1946,247.1608242000002
40.512,0.009081906,351.20099999999996,247.1608242000002
40.52199999999999,0.009081906,354.1818,247.1608242000002
40.557000000000016,0.00854854799999999,349.2138,245.17196339999987
40.56700000000001,0.00854854799999999,353.1882,247.1608242000002
40.575999999999965,0.008904119999999988,354.1818,247.1608242000002
40.58600000000001,0.008726334000000002,352.1946,245.17196339999987
40.596000000000004,0.00854854799999999,352.1946,245.17196339999987
40.61500000000001,0.008370762000000004,353.1882,247.1608242000002
40.625,0.008370762000000004,354.1818,247.1608242000002
40.63499999999999,0.008370762000000004,353.1882,247.1608242000002
40.64499999999998,0.008015189999999991,350.2074,243.18310259999998
40.65499999999997,0.009970835999999997,349.2138,275.00487539999995
40.664999999999964,0.010681979999999994,353.1882,276.99373620000006
40.69200000000001,0.010148621999999996,347.22659999999996,276.99373620000006
40.702,0.010504193999999994,352.1946,276.99373620000006
40.71100000000001,0.010326407999999995,351.20099999999996,278.98259699999994
40.721000000000004,0.010326407999999995,350.2074,278.98259699999994
40.730999999999995,0.010148621999999996,350.2074,276.99373620000006
40.74000000000001,0.010326407999999995,351.20099999999996,275.00487539999995
40.75,0.010148621999999996,351.20099999999996,276.99373620000006
40.759000000000015,0.009970835999999997,350.2074,278.98259699999994
40.76799999999997,0.010326407999999995,354.1818,276.99373620000006
40.77799999999996,0.009793049999999984,349.2138,275.00487539999995
40.78800000000001,0.01157090999999999,351.20099999999996,306.82664820000014
40.79699999999997,0.012993197999999997,355.17539999999997,308.815509
40.827,0.012637625999999999,349.2138,306.82664820000014
40.83699999999999,0.012815411999999984,353.1882,306.82664820000014
40.846000000000004,0.012637625999999999,354.1818,308.815509
40.855999999999995,0.012459839999999986,352.1946,306.82664820000014
40.875,0.012282054,353.1882,308.815509
40.88499999999999,0.012282054,352.1946,308.815509
40.89499999999998,0.012459839999999986,353.1882,304.8377874
40.90499999999997,0.012104268000000001,353.1882,308.815509
40.914999999999964,0.011926481999999988,353.1882,308.815509
40.92500000000001,0.013882127999999994,353.1882,338.6484210000001
40.935,0.014948843999999989,351.20099999999996,338.6484210000001
40.96199999999999,0.014771058000000004,350.2074,336.6595602000002
40.97199999999998,0.014948843999999989,355.17539999999997,336.6595602000002
40.980999999999995,0.014948843999999989,352.1946,334.6706993999999
40.990999999999985,0.01459327199999999,355.17539999999997,340.6372818
41.000999999999976,0.014771058000000004,350.2074,334.6706993999999
41.00999999999999,0.01459327199999999,353.1882,338.6484210000001
41.01999999999998,0.014415486000000005,353.1882,340.6372818
41.028999999999996,0.014415486000000005,354.1818,338.6484210000001
41.03899999999999,0.01459327199999999,354.1818,338.6484210000001
41.048,0.013882127999999994,349.2138,334.6706993999999
41.05799999999999,0.015837773999999985,352.1946,370.4701938000003
41.06700000000001,0.017437848000000006,351.20099999999996,368.48133299999995
41.09699999999998,0.017260061999999993,349.2138,364.5036114000002
41.10699999999997,0.017260061999999993,354.1818,368.48133299999995
41.115999999999985,0.017260061999999993,352.1946,368.48133299999995
41.13599999999997,0.017082275999999993,351.20099999999996,366.49247220000007
41.14499999999998,0.016904489999999994,352.1946,368.48133299999995
41.15499999999997,0.016904489999999994,351.20099999999996,366.49247220000007
41.164999999999964,0.016726703999999995,352.1946,368.48133299999995
41.17500000000001,0.016904489999999994,353.1882,368.48133299999995
41.18599999999998,0.016548917999999996,352.1946,366.49247220000007
41.19599999999997,0.01814899199999999,353.1882,398.314245
41.20600000000002,0.019926851999999995,353.1882,398.314245
41.23199999999997,0.019393493999999997,349.2138,396.32538420000014
41.24200000000002,0.019393493999999997,353.1882,398.314245
41.250999999999976,0.019393493999999997,352.1946,398.314245
41.26099999999997,0.019037922,352.1946,400.30310580000014
41.271000000000015,0.019037922,348.2202,394.33652340000026
41.27999999999997,0.019215707999999984,353.1882,396.32538420000014
41.289999999999964,0.019037922,351.20099999999996,396.32538420000014
41.29899999999998,0.01868235,351.20099999999996,398.314245
41.30899999999997,0.019037922,353.1882,396.32538420000014
41.317999999999984,0.018504563999999987,351.20099999999996,394.33652340000026
41.327999999999975,0.020104637999999994,350.2074,428.1471570000001
41.33699999999999,0.021704712,352.1946,430.1360178000002
41.36700000000002,0.021349140000000003,349.2138,426.1582962
41.37700000000001,0.02117135399999999,350.2074,428.1471570000001
41.396000000000015,0.02081578199999999,351.20099999999996,428.1471570000001
41.406000000000006,0.020637995999999992,349.2138,426.1582962
41.416,0.02081578199999999,352.1946,428.1471570000001
41.42599999999999,0.020460210000000006,353.1882,428.1471570000001
41.43599999999998,0.020282423999999993,352.1946,426.1582962
41.44599999999997,0.020460210000000006,352.1946,426.1582962
41.45600000000002,0.020104637999999994,352.1946,424.1694354000001
41.46600000000001,0.02117135399999999,351.20099999999996,457.98006899999996
41.476,0.023126999999999995,351.20099999999996,455.9912082000001
41.50200000000001,0.022415855999999998,350.2074,454.0023474000002
41.512,0.022593641999999997,353.1882,455.9912082000001
41.521000000000015,0.022060284,351.20099999999996,459.96892980000007
41.531000000000006,0.022060284,351.20099999999996,455.9912082000001
41.541,0.021882497999999986,353.1882,457.98006899999996
41.55000000000001,0.021704712,352.1946,457.98006899999996
41.56,0.021526925999999988,352.1946,459.96892980000007
41.56900000000002,0.02117135399999999,352.1946,459.96892980000007
41.591999999999985,0.02099356799999999,353.1882,457.98006899999996
41.64100000000002,0.02081578199999999,352.1946,485.82412020000015
41.64999999999998,0.022593641999999997,354.1818,485.82412020000015
41.682000000000016,0.021704712,350.2074,481.84639859999993
41.69200000000001,0.021526925999999988,352.1946,485.82412020000015
41.700999999999965,0.021349140000000003,352.1946,487.81298100000004
41.71100000000001,0.02099356799999999,351.20099999999996,485.82412020000015
41.721000000000004,0.020637995999999992,351.20099999999996,483.83525940000004
41.73000000000002,0.020460210000000006,351.20099999999996,485.82412020000015
41.74000000000001,0.020282423999999993,351.20099999999996,485.82412020000015
41.74899999999997,0.020104637999999994,352.1946,487.81298100000004
41.759000000000015,0.020104637999999994,353.1882,487.81298100000004
41.76799999999997,0.019571279999999996,350.2074,483.83525940000004
41.77799999999996,0.019926851999999995,354.1818,511.6793106
41.78699999999998,0.021349140000000003,351.20099999999996,513.6681714000001
41.81700000000001,0.019926851999999995,347.22659999999996,513.6681714000001
41.83699999999999,0.019749065999999996,350.2074,511.6793106
41.84699999999998,0.019749065999999996,353.1882,511.6793106
41.85699999999997,0.019571279999999996,351.20099999999996,513.6681714000001
41.86700000000002,0.019215707999999984,353.1882,513.6681714000001
41.87700000000001,0.01868235,353.1882,515.6570322
41.887,0.018504563999999987,352.1946,513.6681714000001
41.89699999999999,0.018504563999999987,353.1882,515.6570322
41.90699999999998,0.018326778000000002,350.2074,509.6904498000001
41.91699999999997,0.017260061999999993,352.1946,543.5010834000002
41.926999999999964,0.019215707999999984,351.20099999999996,541.5122226000001
41.952,0.018860135999999986,348.2202,541.5122226000001
41.96199999999999,0.019037922,355.17539999999997,541.5122226000001
41.97199999999998,0.018860135999999986,355.17539999999997,543.5010834000002
41.980999999999995,0.018326778000000002,353.1882,545.4899442000001
41.990999999999985,0.018326778000000002,351.20099999999996,543.5010834000002
42.0,0.018326778000000002,354.1818,543.5010834000002
42.00999999999999,0.017793420000000004,352.1946,543.5010834000002
42.019000000000005,0.017793420000000004,353.1882,545.4899442000001
42.028999999999996,0.01797120599999999,354.1818,543.5010834000002
42.03800000000001,0.01761563399999999,350.2074,539.5233618
42.048,0.016904489999999994,352.1946,575.3228562000002
42.06700000000001,0.019215707999999984,352.1946,575.3228562000002
42.08699999999999,0.019215707999999984,350.2074,571.3451345999999
42.09699999999998,0.019215707999999984,351.20099999999996,577.311717
42.10699999999997,0.019037922,353.1882,575.3228562000002
42.11700000000002,0.019215707999999984,351.20099999999996,575.3228562000002
42.12700000000001,0.019571279999999996,351.20099999999996,571.3451345999999
42.137,0.019393493999999997,353.1882,573.3339954
42.14699999999999,0.019571279999999996,350.2074,573.3339954
42.15699999999998,0.019393493999999997,352.1946,575.3228562000002
42.16699999999997,0.019571279999999996,350.2074,573.3339954
42.176999999999964,0.019926851999999995,353.1882,573.3339954
42.18700000000001,0.019215707999999984,352.1946,603.1669074000001
42.197,0.021704712,350.2074,603.1669074000001
42.22300000000001,0.022593641999999997,350.2074,605.1557682
42.23199999999997,0.023482571999999993,352.1946,605.1557682
42.24200000000002,0.02383814399999999,351.20099999999996,603.1669074000001
42.250999999999976,0.024371502000000003,354.1818,603.1669074000001
42.26099999999997,0.024727074,349.2138,601.1780466
42.26999999999998,0.025082646,352.1946,607.1446289999999
42.27999999999997,0.025616003999999998,352.1946,605.1557682
42.28899999999999,0.026327147999999995,352.1946,603.1669074000001
42.29899999999998,0.026327147999999995,351.20099999999996,605.1557682
42.30799999999999,0.02703829199999999,350.2074,601.1780466
42.327,0.02846058,352.1946,632.9998194000002
42.33699999999999,0.028638366,353.1882,636.9775410000002
42.35699999999997,0.029349509999999995,350.2074,631.0109586000001
42.36700000000002,0.029349509999999995,352.1946,632.9998194000002
42.37700000000001,0.028993937999999997,353.1882,634.9886802000001
42.38599999999997,0.028993937999999997,352.1946,634.9886802000001
42.396000000000015,0.029171723999999996,353.1882,632.9998194000002
42.40499999999997,0.028993937999999997,352.1946,636.9775410000002
42.414999999999964,0.028638366,350.2074,636.9775410000002
42.42399999999998,0.028638366,353.1882,636.9775410000002
42.43399999999997,0.028638366,353.1882,636.9775410000002
42.442999999999984,0.028282793999999986,349.2138,632.9998194000002
42.452999999999975,0.026860505999999992,351.20099999999996,664.8215921999999
42.46199999999999,0.028282793999999986,350.2074,662.8327314000001
42.492999999999995,0.028105008,348.2202,662.8327314000001
42.50200000000001,0.028105008,354.1818,662.8327314000001
42.512,0.027749436000000002,354.1818,664.8215921999999
42.521000000000015,0.02757164999999999,351.20099999999996,664.8215921999999
42.531000000000006,0.02703829199999999,350.2074,662.8327314000001
42.539999999999964,0.02703829199999999,352.1946,664.8215921999999
42.55000000000001,0.026682719999999993,353.1882,662.8327314000001
42.55899999999997,0.026504933999999994,353.1882,662.8327314000001
42.56900000000002,0.025971575999999996,352.1946,664.8215921999999
42.587999999999965,0.023482571999999993,351.20099999999996,698.6322258
42.59800000000001,0.025616003999999998,354.1818,694.6545042
42.608000000000004,0.025260431999999985,352.1946,696.6433650000001
42.627999999999986,0.02419371599999999,347.22659999999996,694.6545042
42.637,0.02383814399999999,349.2138,696.6433650000001
42.64699999999999,0.023660357999999992,352.1946,694.6545042
42.656000000000006,0.022949213999999996,351.20099999999996,698.6322258
42.666,0.022949213999999996,352.1946,694.6545042
42.67500000000001,0.022415855999999998,350.2074,694.6545042
42.685,0.022060284,352.1946,696.6433650000001
42.69400000000002,0.021704712,352.1946,698.6322258
42.70400000000001,0.02117135399999999,352.1946,698.6322258
42.712999999999965,0.02099356799999999,352.1946,696.6433650000001
42.72300000000001,0.018860135999999986,349.2138,726.4762770000002
42.73199999999997,0.020460210000000006,354.1818,726.4762770000002
42.76299999999998,0.019037922,350.2074,724.4874162000001
42.77199999999999,0.018326778000000002,351.20099999999996,728.4651377999999
42.78199999999998,0.01814899199999999,353.1882,730.4539986
42.791,0.01761563399999999,350.2074,728.4651377999999
42.80099999999999,0.017260061999999993,350.2074,722.4985554
42.81,0.017260061999999993,353.1882,726.4762770000002
42.81999999999999,0.016726703999999995,351.20099999999996,726.4762770000002
42.82900000000001,0.016371131999999997,351.20099999999996,728.4651377999999
42.84800000000001,0.015304416000000001,350.2074,724.4874162000001
42.858000000000004,0.012815411999999984,352.1946,756.3091890000005
42.867999999999995,0.014415486000000005,353.1882,756.3091890000005
42.89799999999997,0.013348769999999996,351.20099999999996,754.3203282000004
42.90699999999998,0.012815411999999984,353.1882,756.3091890000005
42.91699999999997,0.012282054,354.1818,758.2980498000002
42.92599999999999,0.011926481999999988,351.20099999999996,758.2980498000002
42.93599999999998,0.011748696000000003,350.2074,752.3314674000007
42.94499999999999,0.011393124000000004,353.1882,758.2980498000002
42.954999999999984,0.010859765999999993,351.20099999999996,756.3091890000005
42.964,0.010681979999999994,353.1882,758.2980498000002
42.97399999999999,0.010148621999999996,355.17539999999997,760.2869106000003
42.98399999999998,0.009970835999999997,352.1946,756.3091890000005
42.992999999999995,0.006770687999999997,352.1946,790.1198226000006
43.002999999999986,0.008726334000000002,352.1946,790.1198226000006
43.033000000000015,0.007659617999999993,347.22659999999996,788.1309618000005
43.04199999999997,0.007481831999999994,354.1818,790.1198226000006
43.051999999999964,0.007126259999999995,352.1946,788.1309618000005
43.06099999999998,0.006948473999999996,351.20099999999996,788.1309618000005
43.07099999999997,0.006592901999999998,352.1946,788.1309618000005
43.079999999999984,0.006237329999999999,351.20099999999996,788.1309618000005
43.089999999999975,0.006059544,352.1946,788.1309618000005
43.09899999999999,0.006059544,352.1946,786.1421010000004
43.11899999999997,0.0055261859999999885,351.20099999999996,786.1421010000004
43.12900000000002,0.002503823999999988,354.1818,817.9638738000003
43.13900000000001,0.004281683999999994,353.1882,817.9638738000003
43.168000000000006,0.003392753999999998,349.2138,817.9638738000003
43.176999999999964,0.003570539999999997,354.1818,817.9638738000003
43.18700000000001,0.003570539999999997,351.20099999999996,817.9638738000003
43.19599999999997,0.0030371819999999994,349.2138,817.9638738000003
43.20600000000002,0.0028593959999999863,352.1946,815.9750130000002
43.214999999999975,0.0028593959999999863,352.1946,821.9415954000001
43.224999999999966,0.0028593959999999863,352.1946,819.9527346000004
43.23399999999998,0.002503823999999988,352.1946,817.9638738000003
43.24399999999997,0.002503823999999988,352.1946,817.9638738000003
43.252999999999986,0.0023260380000000025,350.2074,815.9750130000002
43.26299999999998,0.00037039200000001105,363.1242,851.7745074000004
43.27199999999999,1.4819999999998723e-05,350.2074,849.7856466000003
43.303,0.0007259639999999956,349.2138,847.7967858000006
43.31200000000001,0.001081535999999994,352.1946,849.7856466000003
43.322,0.0009037499999999948,352.1946,849.7856466000003
43.33100000000002,0.0009037499999999948,353.1882,847.7967858000006
43.34100000000001,0.0007259639999999956,351.20099999999996,849.7856466000003
43.349999999999966,0.0009037499999999948,351.20099999999996,849.7856466000003
43.360000000000014,0.0007259639999999956,351.20099999999996,847.7967858000006
43.37900000000002,0.0009037499999999948,352.1946,847.7967858000006
43.38900000000001,0.00037039200000001105,351.20099999999996,849.7856466000003
43.399,0.00019260599999999795,375.0474,877.6296978000005
43.40899999999999,-0.00016296600000001438,370.07939999999996,879.6185586000001
43.43799999999999,-0.00016296600000001438,361.137,877.6296978000005
43.447,-0.0003407520000000136,361.137,881.6074194000003
43.456999999999994,-0.00016296600000001438,359.14979999999997,877.6296978000005
43.46600000000001,-0.00016296600000001438,359.14979999999997,881.6074194000003
43.476,-0.0003407520000000136,356.169,877.6296978000005
43.485000000000014,-0.0003407520000000136,357.1626,879.6185586000001
43.495000000000005,-0.00016296600000001438,357.1626,881.6074194000003
43.50400000000002,-0.00016296600000001438,358.1562,881.6074194000003
43.51400000000001,-0.00016296600000001438,355.17539999999997,877.6296978000005
43.52299999999997,-0.0003407520000000136,357.1626,877.6296978000005
43.533000000000015,-0.00016296600000001438,386.9706,911.4403314000006
43.543000000000006,-0.0003407520000000136,387.9642,911.4403314000006
43.57299999999998,-0.0003407520000000136,386.9706,909.4514706000004
43.581999999999994,-0.00016296600000001438,388.95779999999996,909.4514706000004
43.591999999999985,-0.00016296600000001438,389.9514,911.4403314000006
43.601,-0.00016296600000001438,391.9386,911.4403314000006
43.61099999999999,-0.0003407520000000136,388.95779999999996,907.4626098000003
43.620000000000005,-0.0003407520000000136,389.9514,911.4403314000006
43.63900000000001,-0.00016296600000001438,389.9514,911.4403314000006
43.649,-0.00016296600000001438,392.93219999999997,911.4403314000006
43.65999999999997,-0.00016296600000001438,391.9386,913.4291922000002
43.670000000000016,-0.0003407520000000136,421.7466,941.2732434
43.678999999999974,-0.00016296600000001438,422.7402,943.2621042000005
43.70799999999997,-0.00016296600000001438,421.7466,941.2732434
43.716999999999985,1.4819999999998723e-05,423.7338,941.2732434
43.726999999999975,-0.0003407520000000136,423.7338,943.2621042000005
43.73599999999999,-0.0003407520000000136,424.7274,941.2732434
43.74599999999998,-0.0003407520000000136,422.7402,939.2843826000003
43.754999999999995,-0.00016296600000001438,425.721,941.2732434
43.764999999999986,1.4819999999998723e-05,426.7146,941.2732434
43.774,-0.00016296600000001438,426.7146,941.2732434
43.78399999999999,1.4819999999998723e-05,427.7082,941.2732434
43.793000000000006,1.4819999999998723e-05,428.7018,939.2843826000003
43.803,-0.00016296600000001438,456.5226,973.0950162000004
43.81299999999999,-0.0003407520000000136,456.5226,975.083877
43.84300000000002,-0.00016296600000001438,456.5226,969.1172946000006
43.851999999999975,-0.0003407520000000136,458.5098,973.0950162000004
43.861999999999966,1.4819999999998723e-05,460.497,971.1061554000003
43.87099999999998,-0.00016296600000001438,460.497,973.0950162000004
43.88099999999997,-0.00016296600000001438,458.5098,969.1172946000006
43.89999999999998,-0.00016296600000001438,459.5034,973.0950162000004
43.90999999999997,1.4819999999998723e-05,461.4906,971.1061554000003
43.920000000000016,-0.00016296600000001438,463.4778,973.0950162000004
43.93000000000001,-0.00016296600000001438,462.4842,973.0950162000004
43.94,-0.00016296600000001438,491.29859999999996,1011.0812442000001
43.94999999999999,-0.00016296600000001438,492.2922,1011.0812442000001
43.97800000000001,-0.00016296600000001438,490.305,1007.2487514
43.986999999999966,-0.0005185379999999989,492.2922,1014.9137370000003
43.997000000000014,-0.0003407520000000136,492.2922,1014.9137370000003
44.00599999999997,-0.0003407520000000136,493.2858,1014.9137370000003
44.01600000000002,1.4819999999998723e-05,493.2858,1009.1649978
44.02499999999998,-0.00016296600000001438,493.2858,1011.0812442000001
44.03499999999997,-0.00016296600000001438,495.27299999999997,1012.9974906000002
44.04399999999998,-0.00016296600000001438,495.27299999999997,1012.9974906000002
44.053999999999974,-0.00016296600000001438,495.27299999999997,1012.9974906000002
44.06299999999999,-0.00016296600000001438,496.2666,1012.9974906000002
44.07299999999998,-0.0003407520000000136,525.081,1045.5736794000004
44.08299999999997,-0.00016296600000001438,526.0746,1043.6574329999999
44.113,1.4819999999998723e-05,526.0746,1041.7411865999998
44.158000000000015,-0.0003407520000000136,527.0682,1043.6574329999999
44.202999999999975,-0.00016296600000001438,526.0746,1039.8249402000001
44.21199999999999,-0.0003407520000000136,528.0618000000001,1043.6574329999999
44.22199999999998,-0.00016296600000001438,529.0554000000001,1043.6574329999999
44.230999999999995,-0.00016296600000001438,530.0490000000001,1043.6574329999999
44.25,-0.0005185379999999989,530.0490000000001,1045.5736794000004
44.25999999999999,-0.0003407520000000136,530.0490000000001,1043.6574329999999
44.26999999999998,1.4819999999998723e-05,531.0426000000001,1041.7411865999998
44.27999999999997,-0.00016296600000001438,531.0426000000001,1043.6574329999999
44.291,-0.0005185379999999989,530.0490000000001,1041.7411865999998
44.30099999999999,-0.0003407520000000136,561.8442,1076.2336218
44.31099999999998,-0.00016296600000001438,561.8442,1074.3173754
44.337999999999965,-0.00016296600000001438,561.8442,1070.4848826000002
44.34699999999998,-0.00016296600000001438,563.8314,1072.4011290000003
44.35699999999997,-0.0003407520000000136,563.8314,1072.4011290000003
44.365999999999985,-0.0003407520000000136,563.8314,1074.3173754
44.375999999999976,-0.0005185379999999989,561.8442,1074.3173754
44.38599999999997,-0.0005185379999999989,561.8442,1074.3173754
44.39499999999998,-0.00016296600000001438,563.8314,1072.4011290000003
44.403999999999996,0.00019260599999999795,563.8314,1072.4011290000003
44.41399999999999,-0.00016296600000001438,563.8314,1074.3173754
44.42399999999998,-0.0005185379999999989,562.8378,1074.3173754
44.43299999999999,-0.0003407520000000136,594.633,1106.8935642000001
44.442999999999984,-0.00016296600000001438,595.6266,1103.0610714000004
44.47300000000001,-0.00016296600000001438,593.6394,1099.2285785999998
44.48199999999997,-0.00016296600000001438,595.6266,1103.0610714000004
44.49200000000002,-0.00016296600000001438,596.6202000000001,1103.0610714000004
44.51099999999997,-0.00016296600000001438,594.633,1103.0610714000004
44.521000000000015,-0.0003407520000000136,596.6202000000001,1103.0610714000004
44.531000000000006,1.4819999999998723e-05,596.6202000000001,1103.0610714000004
44.541,-0.00016296600000001438,595.6266,1101.1448249999999
44.55099999999999,1.4819999999998723e-05,597.6138000000001,1103.0610714000004
44.56099999999998,1.4819999999998723e-05,596.6202000000001,1101.1448249999999
44.57099999999997,-0.0003407520000000136,626.4282000000001,1135.6372601999997
44.58100000000002,1.4819999999998723e-05,628.4154000000001,1133.7210138
44.608000000000004,-0.0003407520000000136,624.441,1127.9722746000002
44.61700000000002,1.4819999999998723e-05,629.4090000000001,1133.7210138
44.62700000000001,-0.00016296600000001438,629.4090000000001,1133.7210138
44.63599999999997,-0.00016296600000001438,628.4154000000001,1133.7210138
44.646000000000015,1.4819999999998723e-05,628.4154000000001,1129.8885210000003
44.65499999999997,-0.00016296600000001438,629.4090000000001,1133.7210138
44.664999999999964,1.4819999999998723e-05,629.4090000000001,1133.7210138
44.67399999999998,1.4819999999998723e-05,630.4026,1133.7210138
44.68399999999997,1.4819999999998723e-05,628.4154000000001,1129.8885210000003
44.69400000000002,-0.0003407520000000136,629.4090000000001,1131.8047674
44.702999999999975,-0.00016296600000001438,658.2234000000001,1164.3809562000001
44.712999999999965,-0.00016296600000001438,658.2234000000001,1164.3809562000001
44.742999999999995,-0.0003407520000000136,656.2362,1160.5484634000004
44.75200000000001,-0.0003407520000000136,659.2170000000001,1162.4647098
44.771000000000015,-0.0003407520000000136,659.2170000000001,1164.3809562000001
44.781000000000006,-0.0003407520000000136,659.2170000000001,1162.4647098
44.791,-0.00016296600000001438,660.2106000000001,1164.3809562000001
44.80099999999999,1.4819999999998723e-05,660.2106000000001,1162.4647098
44.81099999999998,-0.00016296600000001438,660.2106000000001,1164.3809562000001
44.82099999999997,-0.0003407520000000136,660.2106000000001,1164.3809562000001
44.831999999999994,-0.0003407520000000136,659.2170000000001,1164.3809562000001
44.84100000000001,-0.0003407520000000136,690.0186000000001,1195.0408986000002
44.851,-0.00016296600000001438,691.0122,1193.1246521999997
44.877999999999986,-0.00016296600000001438,688.0314000000001,1191.2084058
44.887,-0.0003407520000000136,690.0186000000001,1193.1246521999997
44.89699999999999,-0.00016296600000001438,691.0122,1195.0408986000002
44.906000000000006,-0.00016296600000001438,692.0058,1193.1246521999997
44.916,0.00019260599999999795,689.0250000000001,1189.2921594
44.92599999999999,-0.0003407520000000136,692.0058,1195.0408986000002
44.935,-0.0005185379999999989,691.0122,1196.9571450000003
44.94400000000002,-0.00016296600000001438,691.0122,1193.1246521999997
44.95400000000001,-0.00016296600000001438,692.0058,1193.1246521999997
44.964,-0.0003407520000000136,687.0378000000001,1193.1246521999997
44.97300000000001,-0.0003407520000000136,719.8266000000001,1221.8683482000001
44.983000000000004,-0.0003407520000000136,721.8138,1225.7008409999999
45.01299999999998,-0.0003407520000000136,719.8266000000001,1219.9521018
45.03199999999998,-0.0003407520000000136,720.8202000000001,1225.7008409999999
45.04199999999997,1.4819999999998723e-05,719.8266000000001,1223.7845945999998
45.051999999999964,-0.0003407520000000136,719.8266000000001,1221.8683482000001
45.06200000000001,1.4819999999998723e-05,719.8266000000001,1221.8683482000001
45.072,-0.00016296600000001438,721.8138,1225.7008409999999
45.081999999999994,1.4819999999998723e-05,720.8202000000001,1223.7845945999998
45.091999999999985,-0.0003407520000000136,719.8266000000001,1223.7845945999998
45.101999999999975,-0.0003407520000000136,721.8138,1223.7845945999998
45.111999999999966,1.4819999999998723e-05,749.6346000000001,1254.4445370000003
45.122000000000014,0.00019260599999999795,750.6282000000001,1252.5282906000002
45.14799999999997,-0.00016296600000001438,748.6410000000001,1252.5282906000002
45.15699999999998,-0.0003407520000000136,750.6282000000001,1256.3607834
45.16699999999997,-0.00016296600000001438,749.6346000000001,1254.4445370000003
45.17599999999999,-0.00016296600000001438,749.6346000000001,1254.4445370000003
45.192999999999984,-0.00016296600000001438,747.6474000000001,1252.5282906000002
45.21199999999999,-0.00016296600000001438,749.6346000000001,1254.4445370000003
45.22199999999998,-0.0003407520000000136,749.6346000000001,1254.4445370000003
45.23199999999997,-0.0005185379999999989,747.6474000000001,1252.5282906000002
45.24200000000002,-0.0003407520000000136,778.4490000000001,1281.2719865999998
45.25200000000001,-0.0003407520000000136,778.4490000000001,1285.1044794000004
45.262,-0.0003407520000000136,778.4490000000001,1283.1882329999999
45.283000000000015,-0.0003407520000000136,776.4618,1283.1882329999999
45.301999999999964,-0.00016296600000001438,777.4554,1283.1882329999999
45.31200000000001,-0.00016296600000001438,776.4618,1283.1882329999999
45.322,1.4819999999998723e-05,775.4682,1281.2719865999998
45.331999999999994,1.4819999999998723e-05,776.4618,1285.1044794000004
45.341999999999985,1.4819999999998723e-05,776.4618,1283.1882329999999
45.351999999999975,-0.0003407520000000136,777.4554,1287.0207258
45.361999999999966,1.4819999999998723e-05,774.4746,1283.1882329999999
45.372000000000014,1.4819999999998723e-05,774.4746,1283.1882329999999
45.382000000000005,-0.0003407520000000136,805.2762,1315.7644218
45.391999999999996,-0.0003407520000000136,805.2762,1315.7644218
45.418000000000006,-0.0003407520000000136,802.2954000000001,1311.9319290000003
45.426999999999964,-0.00016296600000001438,804.2826000000001,1313.8481754
45.43700000000001,-0.0005185379999999989,803.2890000000001,1315.7644218
45.44599999999997,-0.00016296600000001438,802.2954000000001,1313.8481754
45.45600000000002,1.4819999999998723e-05,802.2954000000001,1311.9319290000003
45.46600000000001,1.4819999999998723e-05,803.2890000000001,1313.8481754
45.474999999999966,-0.00016296600000001438,802.2954000000001,1313.8481754
45.48399999999998,-0.00016296600000001438,802.2954000000001,1315.7644218
45.49399999999997,-0.00016296600000001438,800.3082,1313.8481754
45.50400000000002,-0.0005185379999999989,800.3082,1311.9319290000003
45.51299999999998,-0.00016296600000001438,831.1098000000001,1344.5081178
45.53199999999998,-0.0003407520000000136,831.1098000000001,1348.3406106000002
45.553,1.4819999999998723e-05,827.1354000000001,1338.7593785999998
45.56299999999999,1.4819999999998723e-05,829.1226,1344.5081178
45.57299999999998,-0.00016296600000001438,828.129,1344.5081178
45.58299999999997,-0.00016296600000001438,827.1354000000001,1342.5918714000004
45.59300000000002,-0.00016296600000001438,827.1354000000001,1342.5918714000004
45.60300000000001,-0.0005185379999999989,828.129,1346.4243642000001
45.613,-0.0003407520000000136,826.1418000000001,1346.4243642000001
45.62299999999999,-0.00016296600000001438,826.1418000000001,1346.4243642000001
45.63299999999998,-0.00016296600000001438,825.1482000000001,1344.5081178
45.646000000000015,-0.00016296600000001438,853.9626000000001,1375.1680601999997
45.656000000000006,-0.0003407520000000136,853.9626000000001,1373.2518138
45.664999999999964,-0.0003407520000000136,852.969,1377.0843066000002
45.68799999999999,-0.00016296600000001438,850.9818,1369.4193210000003
45.697,-0.0003407520000000136,851.9754,1377.0843066000002
45.706999999999994,1.4819999999998723e-05,848.9946000000001,1373.2518138
45.71600000000001,1.4819999999998723e-05,848.9946000000001,1375.1680601999997
45.726,1.4819999999998723e-05,846.0138000000001,1369.4193210000003
45.73599999999999,1.4819999999998723e-05,847.0074000000001,1371.3355674
45.745000000000005,-0.00016296600000001438,846.0138000000001,1373.2518138
45.754999999999995,-0.0003407520000000136,846.0138000000001,1373.2518138
45.76400000000001,-0.00016296600000001438,846.0138000000001,1375.1680601999997
45.774,-0.00016296600000001438,845.0202,1369.4193210000003
45.793000000000006,-0.00016296600000001438,844.0266,1375.1680601999997
45.803,-0.0003407520000000136,844.0266,1377.0843066000002
45.82299999999998,-0.0003407520000000136,841.0458000000001,1375.1680601999997
45.831999999999994,-0.0003407520000000136,841.0458000000001,1377.0843066000002
45.841999999999985,-0.00016296600000001438,841.0458000000001,1375.1680601999997
45.851,-0.0005185379999999989,840.0522000000001,1375.1680601999997
45.86099999999999,-0.0005185379999999989,838.065,1371.3355674
45.87099999999998,-0.00016296600000001438,838.065,1377.0843066000002
45.879999999999995,-0.0003407520000000136,838.065,1377.0843066000002
45.889999999999986,-0.0003407520000000136,838.065,1377.0843066000002
45.899,-0.00016296600000001438,837.0714,1373.2518138
45.90899999999999,-0.00016296600000001438,836.0778,1371.3355674
45.918000000000006,1.4819999999998723e-05,806.2698,1342.5918714000004
45.928,-0.00016296600000001438,806.2698,1344.5081178
45.95799999999997,-0.00016296600000001438,803.2890000000001,1344.5081178
45.966999999999985,-0.0005185379999999989,805.2762,1344.5081178
45.976999999999975,1.4819999999998723e-05,804.2826000000001,1342.5918714000004
45.98599999999999,-0.0003407520000000136,804.2826000000001,1346.4243642000001
45.99599999999998,1.4819999999998723e-05,801.3018000000001,1338.7593785999998
46.00599999999997,-0.00016296600000001438,803.2890000000001,1344.5081178
46.014999999999986,-0.00016296600000001438,803.2890000000001,1344.5081178
46.02499999999998,-0.00016296600000001438,804.2826000000001,1344.5081178
46.03399999999999,1.4819999999998723e-05,802.2954000000001,1342.5918714000004
46.053,-0.00016296600000001438,772.4874000000001,1311.9319290000003
46.06299999999999,-0.00016296600000001438,771.4938000000001,1311.9319290000003
46.07299999999998,-0.00016296600000001438,771.4938000000001,1313.8481754
46.09300000000002,1.4819999999998723e-05,768.513,1310.0156826000002
46.101999999999975,-0.0003407520000000136,772.4874000000001,1315.7644218
46.111999999999966,-0.0003407520000000136,771.4938000000001,1315.7644218
46.12099999999998,-0.00016296600000001438,771.4938000000001,1315.7644218
46.13099999999997,-0.00016296600000001438,767.5194,1311.9319290000003
46.14100000000002,-0.00016296600000001438,770.5002000000001,1313.8481754
46.14999999999998,-0.0003407520000000136,771.4938000000001,1313.8481754
46.15999999999997,-0.0003407520000000136,770.5002000000001,1311.9319290000003
46.16899999999998,-0.0003407520000000136,770.5002000000001,1313.8481754
46.178999999999974,-0.00016296600000001438,770.5002000000001,1310.0156826000002
46.18799999999999,-0.00016296600000001438,743.6730000000001,1285.1044794000004
46.19799999999998,1.4819999999998723e-05,742.6794000000001,1285.1044794000004
46.22800000000001,-0.00016296600000001438,739.6986,1279.3557402000001
46.236999999999966,-0.0003407520000000136,742.6794000000001,1283.1882329999999
46.247000000000014,-0.0003407520000000136,742.6794000000001,1285.1044794000004
46.25599999999997,-0.0003407520000000136,743.6730000000001,1285.1044794000004
46.26600000000002,-0.00016296600000001438,741.6858000000001,1283.1882329999999
46.27600000000001,-0.00016296600000001438,742.6794000000001,1283.1882329999999
46.28499999999997,-0.00016296600000001438,743.6730000000001,1287.0207258
46.295000000000016,-0.0003407520000000136,743.6730000000001,1285.1044794000004
46.313999999999965,-0.0003407520000000136,744.6666,1281.2719865999998
46.32400000000001,-0.0005185379999999989,713.865,1256.3607834
46.334,-0.0003407520000000136,713.865,1254.4445370000003
46.363,-0.0003407520000000136,712.8714000000001,1252.5282906000002
46.372000000000014,-0.00016296600000001438,714.8586,1256.3607834
46.382000000000005,-0.0003407520000000136,714.8586,1256.3607834
46.39100000000002,1.4819999999998723e-05,715.8522,1252.5282906000002
46.40100000000001,-0.00016296600000001438,713.865,1252.5282906000002
46.411,-0.00016296600000001438,715.8522,1256.3607834
46.420000000000016,-0.00016296600000001438,714.8586,1252.5282906000002
46.43000000000001,-0.0003407520000000136,715.8522,1254.4445370000003
46.438999999999965,-0.0003407520000000136,716.8458,1256.3607834
46.44900000000001,-0.00016296600000001438,715.8522,1252.5282906000002
46.45799999999997,-0.0003407520000000136,687.0378000000001,1225.7008409999999
46.46800000000002,0.00019260599999999795,688.0314000000001,1223.7845945999998
46.49799999999999,-0.0003407520000000136,687.0378000000001,1221.8683482000001
46.507000000000005,-0.0003407520000000136,687.0378000000001,1223.7845945999998
46.516999999999996,-0.0005185379999999989,689.0250000000001,1227.6170874
46.52600000000001,1.4819999999998723e-05,688.0314000000001,1223.7845945999998
46.536,-0.00016296600000001438,689.0250000000001,1223.7845945999998
46.54599999999999,-0.00016296600000001438,690.0186000000001,1225.7008409999999
46.55500000000001,-0.0003407520000000136,689.0250000000001,1225.7008409999999
46.57400000000001,-0.00016296600000001438,690.0186000000001,1219.9521018
46.59100000000001,-0.0005185379999999989,660.2106000000001,1193.1246521999997
46.601,-0.00016296600000001438,661.2042,1193.1246521999997
46.63299999999998,-0.0003407520000000136,661.2042,1193.1246521999997
46.678,1.4819999999998723e-05,664.1850000000001,1193.1246521999997
46.72300000000001,-0.00016296600000001438,662.1978,1191.2084058
46.73199999999997,-0.0003407520000000136,663.1914,1195.0408986000002
46.74200000000002,1.4819999999998723e-05,663.1914,1193.1246521999997
46.750999999999976,-0.00016296600000001438,666.1722000000001,1196.9571450000003
46.76099999999997,-0.00016296600000001438,661.2042,1187.3759129999999
46.771000000000015,-0.0003407520000000136,665.1786000000001,1195.0408986000002
46.77999999999997,-0.0003407520000000136,665.1786000000001,1195.0408986000002
46.789999999999964,-0.00016296600000001438,667.1658000000001,1195.0408986000002
46.79899999999998,-0.0003407520000000136,667.1658000000001,1196.9571450000003
46.80899999999997,-0.0003407520000000136,665.1786000000001,1193.1246521999997
46.817999999999984,-0.00016296600000001438,637.3578000000001,1164.3809562000001
46.827999999999975,-0.00016296600000001438,637.3578000000001,1164.3809562000001
46.858000000000004,-0.00016296600000001438,636.3642000000001,1160.5484634000004
46.86700000000002,-0.0003407520000000136,637.3578000000001,1164.3809562000001
46.87700000000001,-0.00016296600000001438,638.3514,1162.4647098
46.88599999999997,-0.00016296600000001438,638.3514,1162.4647098
46.896000000000015,-0.00016296600000001438,635.3706000000001,1160.5484634000004
46.906000000000006,-0.0005185379999999989,639.345,1168.2134489999999
46.92500000000001,-0.00016296600000001438,639.345,1162.4647098
46.935,1.4819999999998723e-05,639.345,1162.4647098
46.94499999999999,1.4819999999998723e-05,639.345,1158.6322169999999
46.954999999999984,-0.0003407520000000136,612.5178000000001,1135.6372601999997
46.964999999999975,-0.00016296600000001438,612.5178000000001,1135.6372601999997
46.992999999999995,1.4819999999998723e-05,611.5242000000001,1129.8885210000003
47.002999999999986,-0.0003407520000000136,612.5178000000001,1133.7210138
47.012,-0.00016296600000001438,612.5178000000001,1131.8047674
47.02199999999999,-0.0003407520000000136,615.4986,1135.6372601999997
47.031000000000006,-0.0003407520000000136,610.5306,1129.8885210000003
47.041,-0.00016296600000001438,612.5178000000001,1133.7210138
47.05000000000001,-0.0003407520000000136,614.5050000000001,1131.8047674
47.06,-0.00016296600000001438,614.5050000000001,1131.8047674
47.06900000000002,-0.0005185379999999989,615.4986,1135.6372601999997
47.07900000000001,-0.00016296600000001438,614.5050000000001,1131.8047674
47.087999999999965,-0.00016296600000001438,586.6842,1103.0610714000004
47.09800000000001,1.4819999999998723e-05,585.6906,1101.1448249999999
47.127999999999986,-0.00016296600000001438,586.6842,1101.1448249999999
47.13799999999998,-0.0005185379999999989,587.6778,1106.8935642000001
47.14699999999999,1.4819999999998723e-05,588.6714000000001,1101.1448249999999
47.15699999999998,-0.00016296600000001438,589.6650000000001,1104.9773178
47.166,0.00019260599999999795,586.6842,1099.2285785999998
47.185,-0.00016296600000001438,589.6650000000001,1104.9773178
47.19499999999999,-0.0003407520000000136,591.6522000000001,1104.9773178
47.204999999999984,1.4819999999998723e-05,589.6650000000001,1103.0610714000004
47.214999999999975,-0.0003407520000000136,590.6586000000001,1101.1448249999999
47.224999999999966,1.4819999999998723e-05,560.8506000000001,1072.4011290000003
47.235000000000014,-0.0003407520000000136,560.8506000000001,1074.3173754
47.26299999999998,-0.0003407520000000136,560.8506000000001,1070.4848826000002
47.27299999999997,-0.0003407520000000136,561.8442,1072.4011290000003
47.28199999999998,-0.00016296600000001438,561.8442,1072.4011290000003
47.29199999999997,-0.00016296600000001438,561.8442,1070.4848826000002
47.30099999999999,-0.0005185379999999989,559.8570000000001,1070.4848826000002
47.31099999999998,-0.0003407520000000136,563.8314,1074.3173754
47.31999999999999,-0.0003407520000000136,562.8378,1072.4011290000003
47.329999999999984,-0.00016296600000001438,564.825,1074.3173754
47.339,1.4819999999998723e-05,564.825,1072.4011290000003
47.34899999999999,-0.0003407520000000136,562.8378,1070.4848826000002
47.358000000000004,1.4819999999998723e-05,535.017,1043.6574329999999
47.367999999999995,-0.00016296600000001438,536.0106000000001,1043.6574329999999
47.39799999999997,-0.00016296600000001438,535.017,1039.8249402000001
47.408000000000015,1.4819999999998723e-05,537.0042000000001,1041.7411865999998
47.41699999999997,1.4819999999998723e-05,536.0106000000001,1043.6574329999999
47.426999999999964,-0.00016296600000001438,537.0042000000001,1043.6574329999999
47.43599999999998,1.4819999999998723e-05,535.017,1039.8249402000001
47.454999999999984,-0.00016296600000001438,537.0042000000001,1043.6574329999999
47.46600000000001,-0.00016296600000001438,537.9978000000001,1041.7411865999998
47.476,-0.00016296600000001438,538.9914,1043.6574329999999
47.48599999999999,-0.00016296600000001438,537.0042000000001,1043.6574329999999
47.49599999999998,-0.00016296600000001438,509.1834,1012.9974906000002
47.50599999999997,-0.00016296600000001438,510.177,1012.9974906000002
47.533000000000015,-0.00016296600000001438,508.1898,1011.0812442000001
47.543000000000006,-0.0003407520000000136,511.1706,1014.9137370000003
47.551999999999964,-0.0005185379999999989,512.1642,1014.9137370000003
47.56200000000001,-0.00016296600000001438,512.1642,1012.9974906000002
47.57099999999997,-0.00016296600000001438,509.1834,1009.1649978
47.58100000000002,-0.0003407520000000136,512.1642,1016.8299834
47.589999999999975,-0.00016296600000001438,512.1642,1012.9974906000002
47.599999999999966,-0.0003407520000000136,512.1642,1012.9974906000002
47.60899999999998,-0.00016296600000001438,513.1578000000001,1012.9974906000002
47.61899999999997,1.4819999999998723e-05,512.1642,1009.1649978
47.627999999999986,-0.0003407520000000136,484.3434,973.0950162000004
47.63799999999998,-0.00016296600000001438,485.337,973.0950162000004
47.668000000000006,-0.00016296600000001438,483.3498,971.1061554000003
47.678,-0.00016296600000001438,485.337,973.0950162000004
47.68700000000001,-0.00016296600000001438,485.337,975.083877
47.70600000000002,1.4819999999998723e-05,485.337,971.1061554000003
47.71600000000001,-0.0003407520000000136,485.337,973.0950162000004
47.726,-0.00016296600000001438,487.3242,973.0950162000004
47.73599999999999,1.4819999999998723e-05,488.3178,973.0950162000004
47.74599999999998,-0.0003407520000000136,486.3306,973.0950162000004
47.75599999999997,-0.00016296600000001438,485.337,971.1061554000003
47.76600000000002,-0.00016296600000001438,459.5034,943.2621042000005
47.77600000000001,-0.00016296600000001438,459.5034,943.2621042000005
47.803,-0.00016296600000001438,459.5034,943.2621042000005
47.84800000000001,-0.00016296600000001438,458.5098,939.2843826000003
47.858000000000004,1.4819999999998723e-05,462.4842,939.2843826000003
47.86700000000002,-0.00016296600000001438,463.4778,943.2621042000005
47.88599999999997,-0.0003407520000000136,461.4906,943.2621042000005
47.896000000000015,-0.00016296600000001438,463.4778,943.2621042000005
47.906000000000006,-0.00016296600000001438,462.4842,941.2732434
47.916,1.4819999999998723e-05,463.4778,943.2621042000005
47.92599999999999,-0.00016296600000001438,462.4842,941.2732434
47.93599999999998,-0.0003407520000000136,463.4778,943.2621042000005
47.94599999999997,-0.00016296600000001438,434.66339999999997,909.4514706000004
47.95600000000002,-0.00016296600000001438,434.66339999999997,911.4403314000006
47.983000000000004,1.4819999999998723e-05,433.6698,907.4626098000003
47.992999999999995,-0.0003407520000000136,435.657,911.4403314000006
48.00200000000001,-0.00016296600000001438,436.6506,911.4403314000006
48.012,-0.00016296600000001438,435.657,911.4403314000006
48.021000000000015,1.4819999999998723e-05,435.657,909.4514706000004
48.031000000000006,-0.00016296600000001438,435.657,909.4514706000004
48.039999999999964,-0.0003407520000000136,436.6506,913.4291922000002
48.05000000000001,-0.00016296600000001438,436.6506,909.4514706000004
48.05899999999997,1.4819999999998723e-05,438.63779999999997,909.4514706000004
48.06900000000002,-0.00016296600000001438,437.6442,909.4514706000004
48.07900000000001,-0.00016296600000001438,409.8234,879.6185586000001
48.087999999999965,1.4819999999998723e-05,409.8234,879.6185586000001
48.117999999999995,-0.00016296600000001438,408.8298,877.6296978000005
48.127999999999986,-0.00016296600000001438,409.8234,877.6296978000005
48.14699999999999,-0.00016296600000001438,410.817,879.6185586000001
48.15699999999998,1.4819999999998723e-05,409.8234,873.6519762000003
48.16699999999997,0.00019260599999999795,412.8042,879.6185586000001
48.176999999999964,1.4819999999998723e-05,411.81059999999997,879.6185586000001
48.18700000000001,-0.00016296600000001438,410.817,879.6185586000001
48.197,-0.00016296600000001438,413.7978,881.6074194000003
48.206999999999994,1.4819999999998723e-05,411.81059999999997,875.6408370000004
48.216999999999985,1.4819999999998723e-05,382.9962,847.7967858000006
48.226999999999975,1.4819999999998723e-05,383.9898,847.7967858000006
48.252999999999986,-0.0005185379999999989,382.9962,847.7967858000006
48.26299999999998,-0.00016296600000001438,384.9834,849.7856466000003
48.27199999999999,-0.00016296600000001438,384.9834,845.8079250000001
48.28199999999998,-0.00016296600000001438,385.977,851.7745074000004
48.291,-0.0003407520000000136,383.9898,847.7967858000006
48.30099999999999,-0.00016296600000001438,385.977,849.7856466000003
48.31,-0.00016296600000001438,385.977,849.7856466000003
48.31999999999999,-0.00016296600000001438,386.9706,849.7856466000003
48.32900000000001,-0.00016296600000001438,385.977,847.7967858000006
48.339,-0.0003407520000000136,384.9834,851.7745074000004
48.34899999999999,-0.00016296600000001438,356.169,819.9527346000004
48.358000000000004,-0.0003407520000000136,356.169,819.9527346000004
48.38799999999998,-0.0003407520000000136,355.17539999999997,815.9750130000002
48.40699999999998,-0.0003407520000000136,358.1562,817.9638738000003
48.41699999999997,-0.00016296600000001438,360.1434,819.9527346000004
48.426999999999964,1.4819999999998723e-05,358.1562,815.9750130000002
48.43700000000001,-0.0005185379999999989,360.1434,819.9527346000004
48.447,-0.0003407520000000136,360.1434,815.9750130000002
48.456999999999994,1.4819999999998723e-05,360.1434,815.9750130000002
48.466999999999985,1.4819999999998723e-05,362.1306,817.9638738000003
48.476999999999975,-0.0003407520000000136,360.1434,817.9638738000003
48.486999999999966,-0.00016296600000001438,350.2074,788.1309618000005
48.497000000000014,0.00019260599999999795,352.1946,788.1309618000005
48.52299999999997,-0.0003407520000000136,352.1946,788.1309618000005
48.533000000000015,-0.00016296600000001438,351.20099999999996,788.1309618000005
48.54199999999997,1.4819999999998723e-05,350.2074,788.1309618000005
48.551999999999964,1.4819999999998723e-05,352.1946,788.1309618000005
48.56099999999998,-0.0005185379999999989,346.233,788.1309618000005
48.57099999999997,-0.00016296600000001438,351.20099999999996,788.1309618000005
48.579999999999984,-0.00016296600000001438,352.1946,788.1309618000005
48.589999999999975,-0.0003407520000000136,350.2074,790.1198226000006
48.59899999999999,1.4819999999998723e-05,353.1882,786.1421010000004
48.60899999999998,-0.0003407520000000136,354.1818,786.1421010000004
48.61899999999997,0.00019260599999999795,352.1946,758.2980498000002
48.637,0.00019260599999999795,351.20099999999996,756.3091890000005
48.658000000000015,-0.00016296600000001438,351.20099999999996,754.3203282000004
48.668000000000006,-0.00016296600000001438,353.1882,758.2980498000002
48.676999999999964,0.00019260599999999795,354.1818,756.3091890000005
48.68700000000001,0.00019260599999999795,354.1818,756.3091890000005
48.69799999999998,-0.0005185379999999989,350.2074,756.3091890000005
48.70799999999997,-0.0003407520000000136,351.20099999999996,758.2980498000002
48.71800000000002,1.4819999999998723e-05,353.1882,756.3091890000005
48.72800000000001,1.4819999999998723e-05,353.1882,756.3091890000005
48.738,-0.0003407520000000136,350.2074,758.2980498000002
48.74799999999999,-0.00016296600000001438,353.1882,754.3203282000004
48.75799999999998,1.4819999999998723e-05,350.2074,726.4762770000002
48.76799999999997,1.4819999999998723e-05,353.1882,730.4539986
48.793000000000006,-0.0003407520000000136,349.2138,726.4762770000002
48.803,-0.0003407520000000136,353.1882,730.4539986
48.81200000000001,-0.00016296600000001438,353.1882,726.4762770000002
48.822,-0.00016296600000001438,351.20099999999996,728.4651377999999
48.83100000000002,-0.00016296600000001438,350.2074,724.4874162000001
48.84100000000001,-0.0003407520000000136,349.2138,728.4651377999999
48.849999999999966,-0.00016296600000001438,352.1946,726.4762770000002
48.860000000000014,1.4819999999998723e-05,352.1946,728.4651377999999
48.86899999999997,-0.0003407520000000136,349.2138,726.4762770000002
48.87900000000002,-0.00016296600000001438,352.1946,726.4762770000002
48.88900000000001,1.4819999999998723e-05,353.1882,696.6433650000001
48.908000000000015,1.4819999999998723e-05,353.1882,694.6545042
48.928,0.00019260599999999795,348.2202,690.6767826000003
48.93799999999999,-0.00016296600000001438,353.1882,696.6433650000001
48.94799999999998,-0.00016296600000001438,353.1882,694.6545042
48.95799999999997,-0.00016296600000001438,352.1946,696.6433650000001
48.96800000000002,-0.00016296600000001438,351.20099999999996,692.6656434000001
48.97800000000001,1.4819999999998723e-05,352.1946,696.6433650000001
48.988,1.4819999999998723e-05,350.2074,694.6545042
48.99799999999999,-0.00016296600000001438,351.20099999999996,696.6433650000001
49.00799999999998,-0.0003407520000000136,351.20099999999996,694.6545042
49.021000000000015,0.00019260599999999795,354.1818,662.8327314000001
49.031000000000006,-0.0003407520000000136,353.1882,666.8104530000003
49.039999999999964,-0.00016296600000001438,353.1882,664.8215921999999
49.06299999999999,1.4819999999998723e-05,350.2074,660.8438706000002
49.07299999999998,1.4819999999998723e-05,352.1946,664.8215921999999
49.081999999999994,-0.00016296600000001438,352.1946,664.8215921999999
49.091999999999985,-0.0003407520000000136,349.2138,668.7993138000002
49.101,-0.00016296600000001438,350.2074,664.8215921999999
49.11099999999999,-0.00016296600000001438,352.1946,662.8327314000001
49.120000000000005,-0.00016296600000001438,355.17539999999997,666.8104530000003
49.129999999999995,1.4819999999998723e-05,352.1946,660.8438706000002
49.13900000000001,1.4819999999998723e-05,352.1946,662.8327314000001
49.158000000000015,1.4819999999998723e-05,354.1818,662.8327314000001
49.168000000000006,1.4819999999998723e-05,354.1818,662.8327314000001
49.242999999999995,-0.00016296600000001438,350.2074,632.9998194000002
49.252999999999986,-0.00016296600000001438,352.1946,636.9775410000002
49.26299999999998,-0.00016296600000001438,351.20099999999996,636.9775410000002
49.27199999999999,-0.00016296600000001438,351.20099999999996,634.9886802000001
49.28199999999998,0.00019260599999999795,350.2074,632.9998194000002
49.291,1.4819999999998723e-05,353.1882,632.9998194000002
49.30099999999999,-0.00016296600000001438,350.2074,634.9886802000001
49.31,1.4819999999998723e-05,353.1882,634.9886802000001
49.31999999999999,-0.0003407520000000136,351.20099999999996,636.9775410000002
49.32900000000001,-0.00016296600000001438,351.20099999999996,632.9998194000002
49.34899999999999,0.00019260599999999795,355.17539999999997,605.1557682
49.35899999999998,1.4819999999998723e-05,352.1946,605.1557682
49.377999999999986,1.4819999999998723e-05,349.2138,599.1891858000001
49.38799999999998,-0.00016296600000001438,353.1882,605.1557682
49.39699999999999,-0.00016296600000001438,351.20099999999996,605.1557682
49.40699999999998,1.4819999999998723e-05,353.1882,603.1669074000001
49.416,-0.0003407520000000136,350.2074,605.1557682
49.42599999999999,1.4819999999998723e-05,351.20099999999996,603.1669074000001
49.435,1.4819999999998723e-05,351.20099999999996,605.1557682
49.44499999999999,1.4819999999998723e-05,352.1946,605.1557682
49.45400000000001,1.4819999999998723e-05,353.1882,603.1669074000001
49.464,-0.0005185379999999989,351.20099999999996,603.1669074000001
49.47399999999999,1.4819999999998723e-05,352.1946,575.3228562000002
49.483000000000004,1.4819999999998723e-05,352.1946,573.3339954
49.51299999999998,-0.00016296600000001438,350.2074,573.3339954
49.52299999999997,1.4819999999998723e-05,352.1946,573.3339954
49.53199999999998,-0.0003407520000000136,353.1882,573.3339954
49.54199999999997,-0.00016296600000001438,352.1946,573.3339954
49.55099999999999,1.4819999999998723e-05,351.20099999999996,571.3451345999999
49.56099999999998,-0.00016296600000001438,351.20099999999996,575.3228562000002
49.57099999999997,-0.00016296600000001438,351.20099999999996,575.3228562000002
49.579999999999984,-0.0003407520000000136,351.20099999999996,577.311717
49.59899999999999,-0.0003407520000000136,350.2074,571.3451345999999
49.60899999999998,1.4819999999998723e-05,352.1946,541.5122226000001
49.61899999999997,1.4819999999998723e-05,350.2074,541.5122226000001
49.64799999999997,-0.00016296600000001438,350.2074,541.5122226000001
49.658000000000015,-0.00016296600000001438,351.20099999999996,543.5010834000002
49.66699999999997,-0.0003407520000000136,350.2074,545.4899442000001
49.676999999999964,-0.00016296600000001438,350.2074,543.5010834000002
49.68599999999998,0.00019260599999999795,352.1946,541.5122226000001
49.69599999999997,-0.0003407520000000136,350.2074,545.4899442000001
49.70600000000002,1.4819999999998723e-05,355.17539999999997,543.5010834000002
49.714999999999975,-0.0003407520000000136,351.20099999999996,543.5010834000002
49.72399999999999,0.00019260599999999795,352.1946,541.5122226000001
49.73399999999998,-0.0005185379999999989,349.2138,539.5233618
49.74399999999997,0.00019260599999999795,351.20099999999996,513.6681714000001
49.752999999999986,0.00019260599999999795,353.1882,511.6793106
49.783000000000015,-0.0003407520000000136,349.2138,513.6681714000001
49.793000000000006,-0.00016296600000001438,352.1946,513.6681714000001
49.801999999999964,-0.00016296600000001438,353.1882,515.6570322
49.81200000000001,-0.00016296600000001438,353.1882,513.6681714000001
49.82099999999997,-0.00016296600000001438,351.20099999999996,509.6904498000001
49.83100000000002,0.00019260599999999795,351.20099999999996,513.6681714000001
49.84100000000001,0.00019260599999999795,353.1882,513.6681714000001
49.85899999999998,1.4819999999998723e-05,352.1946,513.6681714000001
49.870000000000005,-0.00016296600000001438,351.20099999999996,511.6793106
49.879999999999995,0.00019260599999999795,352.1946,487.81298100000004
49.88900000000001,1.4819999999998723e-05,353.1882,485.82412020000015
49.918000000000006,-0.00016296600000001438,348.2202,483.83525940000004
49.928,1.4819999999998723e-05,353.1882,485.82412020000015
49.93700000000001,0.00019260599999999795,353.1882,483.83525940000004
49.947,1.4819999999998723e-05,352.1946,487.81298100000004
49.95600000000002,-0.00016296600000001438,352.1946,483.83525940000004
49.96600000000001,-0.00016296600000001438,353.1882,485.82412020000015
49.976,-0.00016296600000001438,350.2074,485.82412020000015
49.985000000000014,1.4819999999998723e-05,353.1882,487.81298100000004
49.99399999999997,1.4819999999998723e-05,349.2138,483.83525940000004
50.00400000000002,-0.00016296600000001438,347.22659999999996,481.84639859999993
50.01400000000001,0.00037039200000001105,353.1882,457.98006899999996
50.02299999999997,0.00019260599999999795,352.1946,457.98006899999996
50.053,1.4819999999998723e-05,350.2074,455.9912082000001
50.06299999999999,1.4819999999998723e-05,352.1946,455.9912082000001
50.072,-0.00016296600000001438,351.20099999999996,459.96892980000007
50.081999999999994,0.00019260599999999795,352.1946,455.9912082000001
50.09100000000001,1.4819999999998723e-05,351.20099999999996,454.0023474000002
50.101,0.00019260599999999795,353.1882,457.98006899999996
50.11099999999999,0.00019260599999999795,354.1818,457.98006899999996
50.129999999999995,1.4819999999998723e-05,353.1882,455.9912082000001
50.139999999999986,1.4819999999998723e-05,352.1946,454.0023474000002
50.14999999999998,0.00019260599999999795,352.1946,428.1471570000001
50.15999999999997,0.00019260599999999795,351.20099999999996,426.1582962
50.18799999999999,0.00019260599999999795,351.20099999999996,426.1582962
50.19799999999998,1.4819999999998723e-05,353.1882,428.1471570000001
50.206999999999994,1.4819999999998723e-05,352.1946,430.1360178000002
50.216999999999985,-0.00016296600000001438,349.2138,428.1471570000001
50.226999999999975,1.4819999999998723e-05,351.20099999999996,426.1582962
50.23599999999999,-0.00016296600000001438,350.2074,428.1471570000001
50.24599999999998,1.4819999999998723e-05,350.2074,426.1582962
50.254999999999995,1.4819999999998723e-05,354.1818,428.1471570000001
50.264999999999986,1.4819999999998723e-05,350.2074,428.1471570000001
50.274,-0.00016296600000001438,348.2202,428.1471570000001
50.28399999999999,0.00037039200000001105,350.2074,398.314245
50.293000000000006,0.0005481779999999825,352.1946,398.314245
50.32299999999998,0.00019260599999999795,350.2074,396.32538420000014
50.33299999999997,0.00037039200000001105,351.20099999999996,398.314245
50.341999999999985,1.4819999999998723e-05,350.2074,396.32538420000014
50.351999999999975,1.4819999999998723e-05,351.20099999999996,398.314245
50.361999999999966,0.00037039200000001105,350.2074,394.33652340000026
50.37099999999998,0.00019260599999999795,351.20099999999996,398.314245
50.389999999999986,0.00037039200000001105,353.1882,398.314245
50.39999999999998,0.00037039200000001105,352.1946,398.314245
50.40999999999997,0.00019260599999999795,354.1818,396.32538420000014
50.420000000000016,0.001081535999999994,354.1818,366.49247220000007
50.43000000000001,0.0005481779999999825,350.2074,366.49247220000007
50.45799999999997,0.00037039200000001105,348.2202,364.5036114000002
50.46800000000002,0.00037039200000001105,350.2074,366.49247220000007
50.476999999999975,0.00037039200000001105,349.2138,364.5036114000002
50.486999999999966,0.0005481779999999825,352.1946,366.49247220000007
50.497000000000014,0.00037039200000001105,352.1946,366.49247220000007
50.50599999999997,1.4819999999998723e-05,351.20099999999996,368.48133299999995
50.51600000000002,0.00019260599999999795,350.2074,366.49247220000007
50.52499999999998,0.00037039200000001105,352.1946,366.49247220000007
50.53499999999997,1.4819999999998723e-05,352.1946,368.48133299999995
50.54399999999998,0.00037039200000001105,354.1818,366.49247220000007
50.553999999999974,0.0016148939999999917,352.1946,336.6595602000002
50.56299999999999,0.001081535999999994,351.20099999999996,336.6595602000002
50.59300000000002,0.00037039200000001105,349.2138,334.6706993999999
50.60300000000001,0.0007259639999999956,351.20099999999996,336.6595602000002
50.611999999999966,0.0007259639999999956,351.20099999999996,336.6595602000002
50.622000000000014,0.0007259639999999956,352.1946,338.6484210000001
50.632000000000005,0.0005481779999999825,351.20099999999996,334.6706993999999
50.65100000000001,0.0005481779999999825,352.1946,334.6706993999999
50.661,0.0007259639999999956,353.1882,336.6595602000002
50.67099999999999,0.0009037499999999948,352.1946,336.6595602000002
50.68099999999998,0.00037039200000001105,351.20099999999996,336.6595602000002
50.690999999999974,0.001792679999999991,351.20099999999996,306.82664820000014
50.700999999999965,0.0014371079999999925,354.1818,304.8377874
50.72800000000001,0.0007259639999999956,348.2202,304.8377874
50.738,0.0009037499999999948,353.1882,308.815509
50.747000000000014,0.001081535999999994,353.1882,308.815509
50.757000000000005,0.0007259639999999956,350.2074,306.82664820000014
50.766999999999996,0.00037039200000001105,352.1946,304.8377874
50.77600000000001,0.001081535999999994,354.1818,306.82664820000014
50.786,0.0009037499999999948,353.1882,306.82664820000014
50.795000000000016,0.0009037499999999948,352.1946,306.82664820000014
50.803999999999974,0.0009037499999999948,353.1882,306.82664820000014
50.813999999999965,0.0005481779999999825,349.2138,306.82664820000014
50.82400000000001,0.001792679999999991,352.1946,278.98259699999994
50.83299999999997,0.001081535999999994,351.20099999999996,276.99373620000006
50.863,0.0005481779999999825,346.233,275.00487539999995
50.87299999999999,0.001081535999999994,350.2074,276.99373620000006
50.882000000000005,0.0009037499999999948,353.1882,275.00487539999995
50.891999999999996,0.001081535999999994,353.1882,276.99373620000006
50.911,0.001081535999999994,352.1946,276.99373620000006
50.92099999999999,0.0007259639999999956,351.20099999999996,278.98259699999994
50.93099999999998,0.0007259639999999956,353.1882,278.98259699999994
50.940999999999974,0.001081535999999994,351.20099999999996,275.00487539999995
50.950999999999965,0.0007259639999999956,353.1882,275.00487539999995
50.96100000000001,0.0012593219999999933,350.2074,247.1608242000002
50.971000000000004,0.0007259639999999956,350.2074,247.1608242000002
50.99799999999999,0.0005481779999999825,350.2074,245.17196339999987
51.00799999999998,0.0009037499999999948,353.1882,245.17196339999987
51.016999999999996,0.001081535999999994,353.1882,245.17196339999987
51.02699999999999,0.0009037499999999948,352.1946,247.1608242000002
51.03699999999998,0.0005481779999999825,349.2138,243.18310259999998
51.04599999999999,0.0007259639999999956,352.1946,247.1608242000002
51.05599999999998,0.0005481779999999825,351.20099999999996,245.17196339999987
51.065,0.0007259639999999956,353.1882,245.17196339999987
51.07499999999999,0.0007259639999999956,352.1946,247.1608242000002
51.084,0.00037039200000001105,351.20099999999996,245.17196339999987
51.093999999999994,0.0007259639999999956,354.1818,217.32791220000013
51.10300000000001,0.0005481779999999825,353.1882,217.32791220000013
51.13299999999998,0.0005481779999999825,350.2074,215.33905140000002
51.14299999999997,0.0009037499999999948,352.1946,213.35019060000013
51.15299999999996,0.0005481779999999825,352.1946,217.32791220000013
51.17199999999997,0.0005481779999999825,351.20099999999996,213.35019060000013
51.18099999999998,0.0005481779999999825,353.1882,217.32791220000013
51.190999999999974,0.0007259639999999956,353.1882,217.32791220000013
51.202,0.0005481779999999825,352.1946,217.32791220000013
51.21199999999999,0.00037039200000001105,353.1882,217.32791220000013
51.22199999999998,0.0007259639999999956,352.1946,215.33905140000002
51.23199999999997,0.0007259639999999956,353.1882,187.49500020000005
51.24200000000002,0.0005481779999999825,353.1882,187.49500020000005
51.26799999999997,0.00037039200000001105,348.2202,183.51727860000005
51.27799999999996,0.00019260599999999795,352.1946,187.49500020000005
51.28800000000001,0.00037039200000001105,352.1946,185.50613939999994
51.29699999999997,0.0005481779999999825,352.1946,185.50613939999994
51.307000000000016,0.0007259639999999956,352.1946,185.50613939999994
51.315999999999974,0.0005481779999999825,353.1882,187.49500020000005
51.325999999999965,0.0007259639999999956,352.1946,183.51727860000005
51.33499999999998,0.00037039200000001105,351.20099999999996,187.49500020000005
51.34499999999997,0.0005481779999999825,354.1818,187.49500020000005
51.353999999999985,0.0005481779999999825,351.20099999999996,181.52841780000017
51.363999999999976,0.00037039200000001105,353.1882,159.65094900000008
51.37299999999999,0.0005481779999999825,352.1946,155.6732274000001
51.40299999999996,0.0007259639999999956,350.2074,151.6955058000001
51.41300000000001,0.0005481779999999825,354.1818,157.6620882000002
51.432000000000016,0.0005481779999999825,352.1946,157.6620882000002
51.44200000000001,0.00037039200000001105,349.2138,157.6620882000002
51.452,0.00037039200000001105,349.2138,157.6620882000002
51.46199999999999,0.00037039200000001105,351.20099999999996,157.6620882000002
51.47199999999998,0.00037039200000001105,352.1946,157.6620882000002
51.48199999999997,0.0005481779999999825,350.2074,155.6732274000001
51.49200000000002,0.00037039200000001105,350.2074,155.6732274000001
51.50200000000001,0.00019260599999999795,351.20099999999996,127.82917620000012
51.512,0.0007259639999999956,352.1946,125.84031540000001
51.53800000000001,0.0005481779999999825,349.2138,125.84031540000001
51.548,0.0005481779999999825,354.1818,125.84031540000001
51.55799999999999,0.00037039200000001105,351.20099999999996,127.82917620000012
51.56700000000001,0.00037039200000001105,353.1882,127.82917620000012
51.577,0.00037039200000001105,351.20099999999996,125.84031540000001
51.58600000000001,0.0005481779999999825,351.20099999999996,125.84031540000001
51.596000000000004,0.0007259639999999956,353.1882,125.84031540000001
51.60500000000002,0.0007259639999999956,352.1946,125.84031540000001
51.61500000000001,0.0007259639999999956,351.20099999999996,125.84031540000001
51.632000000000005,0.0009037499999999948,352.1946,96.00740339999993
51.64100000000002,0.0007259639999999956,350.2074,96.00740339999993
51.673,0.0009037499999999948,349.2138,96.00740339999993
51.71800000000002,0.0009037499999999948,352.1946,96.00740339999993
51.76299999999998,0.0007259639999999956,347.22659999999996,94.01854260000005
51.78199999999998,0.0009037499999999948,351.20099999999996,96.00740339999993
51.79199999999997,0.0009037499999999948,350.2074,96.00740339999993
51.803,0.001081535999999994,349.2138,96.00740339999993
51.81200000000001,0.001081535999999994,350.2074,96.00740339999993
51.82299999999998,0.001081535999999994,352.1946,96.00740339999993
51.83299999999997,0.0009037499999999948,353.1882,97.99626420000004
51.84300000000002,0.0012593219999999933,353.1882,97.99626420000004
51.85300000000001,0.001081535999999994,349.2138,94.01854260000005
51.863,0.001081535999999994,353.1882,66.17449140000008
51.87299999999999,0.0007259639999999956,351.20099999999996,68.16335219999996
51.899,0.0007259639999999956,351.20099999999996,64.1856306000002
51.908000000000015,0.0012593219999999933,353.1882,66.17449140000008
51.918000000000006,0.0009037499999999948,351.20099999999996,64.1856306000002
51.926999999999964,0.0009037499999999948,353.1882,68.16335219999996
51.93700000000001,0.0009037499999999948,349.2138,64.1856306000002
51.94599999999997,0.001081535999999994,352.1946,68.16335219999996
51.95600000000002,0.0007259639999999956,351.20099999999996,68.16335219999996
51.964999999999975,0.0009037499999999948,351.20099999999996,66.17449140000008
51.974999999999966,0.0005481779999999825,354.1818,70.15221300000007
51.98399999999998,0.0009037499999999948,350.2074,66.17449140000008
51.99399999999997,0.0005481779999999825,353.1882,38.330440199999884
52.01299999999998,0.0005481779999999825,352.1946,36.3415794
52.033000000000015,0.0005481779999999825,350.2074,36.3415794
52.043000000000006,0.0005481779999999825,354.1818,38.330440199999884
52.053,0.0007259639999999956,352.1946,38.330440199999884
52.06299999999999,0.0005481779999999825,356.169,40.319300999999996
52.07299999999998,0.0009037499999999948,350.2074,34.35271860000012
52.08299999999997,0.0007259639999999956,353.1882,36.3415794
52.09300000000002,0.0007259639999999956,352.1946,36.3415794
52.10300000000001,0.0009037499999999948,354.1818,36.3415794
52.113,0.001081535999999994,354.1818,36.3415794
52.12299999999999,0.0005481779999999825,348.2202,34.35271860000012
52.13299999999998,0.0009037499999999948,354.1818,6.508667400000149
52.14299999999997,0.0005481779999999825,352.1946,8.497528200000033
52.168000000000006,0.0005481779999999825,350.2074,6.508667400000149
52.178,0.00019260599999999795,351.20099999999996,6.508667400000149
52.214,0.0007259639999999956,348.2202,2.5309457999999267
52.233000000000004,0.0005481779999999825,353.1882,8.497528200000033
52.242999999999995,0.0007259639999999956,354.1818,6.508667400000149
52.252999999999986,0.0007259639999999956,351.20099999999996,4.519806600000038
52.26299999999998,0.0007259639999999956,354.1818,6.508667400000149
52.27299999999997,0.00037039200000001105,349.2138,6.508667400000149
52.283000000000015,0.0005481779999999825,351.20099999999996,6.508667400000149
52.293000000000006,0.0005481779999999825,352.1946,6.508667400000149
52.307000000000016,0.0007259639999999956,351.20099999999996,6.508667400000149
52.315999999999974,0.0005481779999999825,351.20099999999996,6.508667400000149
52.325999999999965,0.0007259639999999956,352.1946,6.508667400000149
52.34899999999999,0.0005481779999999825,349.2138,4.519806600000038
52.358000000000004,0.0005481779999999825,351.20099999999996,4.519806600000038
52.367999999999995,0.00037039200000001105,351.20099999999996,8.497528200000033
52.37700000000001,0.0005481779999999825,350.2074,8.497528200000033
52.387,0.0009037499999999948,351.20099999999996,2.5309457999999267
52.396000000000015,0.0009037499999999948,353.1882,8.497528200000033
52.406000000000006,0.0009037499999999948,354.1818,6.508667400000149
52.414999999999964,0.0007259639999999956,353.1882,6.508667400000149
52.42500000000001,0.0007259639999999956,352.1946,6.508667400000149
52.43399999999997,0.0005481779999999825,351.20099999999996,4.519806600000038
52.452999999999975,0.0012593219999999933,353.1882,38.330440199999884
52.464,0.0012593219999999933,353.1882,38.330440199999884
52.48399999999998,0.0014371079999999925,350.2074,34.35271860000012
52.492999999999995,0.0014371079999999925,352.1946,38.330440199999884
52.502999999999986,0.001081535999999994,352.1946,38.330440199999884
52.512,0.0012593219999999933,352.1946,36.3415794
52.52199999999999,0.0014371079999999925,349.2138,34.35271860000012
52.531000000000006,0.0012593219999999933,350.2074,34.35271860000012
52.541,0.0009037499999999948,351.20099999999996,40.319300999999996
52.55000000000001,0.001081535999999994,350.2074,38.330440199999884
52.56,0.001081535999999994,350.2074,36.3415794
52.56900000000002,0.001081535999999994,352.1946,36.3415794
52.57900000000001,0.0014371079999999925,351.20099999999996,68.16335219999996
52.589,0.0021482519999999894,353.1882,66.17449140000008
52.61899999999997,0.001970466000000004,352.1946,66.17449140000008
52.627999999999986,0.0021482519999999894,352.1946,68.16335219999996
52.63799999999998,0.001970466000000004,352.1946,66.17449140000008
52.64699999999999,0.001792679999999991,350.2074,66.17449140000008
52.65699999999998,0.0023260380000000025,353.1882,64.1856306000002
52.666,0.001792679999999991,349.2138,68.16335219999996
52.67599999999999,0.001970466000000004,351.20099999999996,66.17449140000008
52.685,0.001792679999999991,352.1946,66.17449140000008
52.69499999999999,0.001970466000000004,352.1946,68.16335219999996
52.714,0.002503823999999988,351.20099999999996,97.99626420000004
52.72399999999999,0.0028593959999999863,353.1882,97.99626420000004
52.73399999999998,0.0028593959999999863,350.2074,96.00740339999993
52.75400000000002,0.0030371819999999994,351.20099999999996,96.00740339999993
52.76299999999998,0.0028593959999999863,350.2074,97.99626420000004
52.77299999999997,0.0030371819999999994,352.1946,96.00740339999993
52.78199999999998,0.002681610000000001,350.2074,97.99626420000004
52.79199999999997,0.002681610000000001,351.20099999999996,96.00740339999993
52.80099999999999,0.002681610000000001,352.1946,96.00740339999993
52.81099999999998,0.002681610000000001,352.1946,96.00740339999993
52.81999999999999,0.002503823999999988,350.2074,96.00740339999993
52.829999999999984,0.0028593959999999863,353.1882,97.99626420000004
52.839,0.002681610000000001,350.2074,97.99626420000004
52.84899999999999,0.003570539999999997,351.20099999999996,125.84031540000001
52.858000000000004,0.0039261119999999955,351.20099999999996,123.85145460000012
52.88900000000001,0.0037483259999999963,348.2202,125.84031540000001
52.89799999999997,0.0039261119999999955,353.1882,125.84031540000001
52.908000000000015,0.0037483259999999963,353.1882,127.82917620000012
52.91699999999997,0.0039261119999999955,351.20099999999996,123.85145460000012
52.926999999999964,0.0039261119999999955,351.20099999999996,123.85145460000012
52.93599999999998,0.003570539999999997,352.1946,125.84031540000001
52.94599999999997,0.0037483259999999963,351.20099999999996,123.85145460000012
52.954999999999984,0.003570539999999997,351.20099999999996,125.84031540000001
52.974999999999966,0.003570539999999997,351.20099999999996,123.85145460000012
52.98399999999998,0.004815041999999992,354.1818,157.6620882000002
52.99399999999997,0.004992828000000005,351.20099999999996,157.6620882000002
53.024,0.004992828000000005,352.1946,157.6620882000002
53.033000000000015,0.005348400000000003,353.1882,157.6620882000002
53.043000000000006,0.00517061399999999,354.1818,157.6620882000002
53.051999999999964,0.004815041999999992,353.1882,157.6620882000002
53.06200000000001,0.004992828000000005,353.1882,155.6732274000001
53.07099999999997,0.004459469999999993,350.2074,157.6620882000002
53.08100000000002,0.004815041999999992,352.1946,157.6620882000002
53.11700000000002,0.005881757999999987,353.1882,187.49500020000005
53.125999999999976,0.006770687999999997,352.1946,187.49500020000005
53.15899999999999,0.006237329999999999,349.2138,185.50613939999994
53.168000000000006,0.006237329999999999,352.1946,189.48386100000016
53.178,0.006059544,351.20099999999996,187.49500020000005
53.18700000000001,0.006237329999999999,351.20099999999996,185.50613939999994
53.197,0.006059544,349.2138,183.51727860000005
53.20600000000002,0.006237329999999999,353.1882,185.50613939999994
53.21600000000001,0.006237329999999999,354.1818,187.49500020000005
53.235000000000014,0.006237329999999999,354.1818,187.49500020000005
53.245000000000005,0.005881757999999987,353.1882,185.50613939999994
53.254999999999995,0.007304045999999995,352.1946,215.33905140000002
53.264999999999986,0.008015189999999991,351.20099999999996,217.32791220000013
53.29399999999998,0.008015189999999991,351.20099999999996,215.33905140000002
53.303,0.007837403999999992,351.20099999999996,217.32791220000013
53.31299999999999,0.008015189999999991,353.1882,215.33905140000002
53.322,0.007659617999999993,350.2074,215.33905140000002
53.331999999999994,0.007481831999999994,349.2138,213.35019060000013
53.34100000000001,0.007659617999999993,351.20099999999996,217.32791220000013
53.351,0.007481831999999994,352.1946,217.32791220000013
53.360000000000014,0.007659617999999993,352.1946,215.33905140000002
53.370000000000005,0.007304045999999995,351.20099999999996,217.32791220000013
53.37900000000002,0.007304045999999995,349.2138,213.35019060000013
53.38900000000001,0.008904119999999988,351.20099999999996,247.1608242000002
53.399,0.009793049999999984,353.1882,245.17196339999987
53.428999999999974,0.009437478,349.2138,245.17196339999987
53.43799999999999,0.009259692,350.2074,247.1608242000002
53.44799999999998,0.009615263999999998,352.1946,247.1608242000002
53.456999999999994,0.009615263999999998,353.1882,247.1608242000002
53.466999999999985,0.008904119999999988,347.22659999999996,243.18310259999998
53.476,0.009437478,351.20099999999996,245.17196339999987
53.48599999999999,0.009081906,352.1946,247.1608242000002
53.504999999999995,0.009437478,352.1946,245.17196339999987
53.514999999999986,0.009081906,351.20099999999996,243.18310259999998
53.52499999999998,0.010681979999999994,350.2074,275.00487539999995
53.53499999999997,0.011748696000000003,352.1946,276.99373620000006
53.563999999999965,0.01157090999999999,348.2202,275.00487539999995
53.57299999999998,0.011748696000000003,351.20099999999996,276.99373620000006
53.58299999999997,0.011748696000000003,352.1946,275.00487539999995
53.591999999999985,0.01157090999999999,353.1882,276.99373620000006
53.601999999999975,0.011215337999999991,350.2074,275.00487539999995
53.61099999999999,0.011393124000000004,350.2074,276.99373620000006
53.62099999999998,0.011215337999999991,350.2074,275.00487539999995
53.629999999999995,0.011393124000000004,351.20099999999996,276.99373620000006
53.639999999999986,0.011037551999999992,352.1946,276.99373620000006
53.649,0.011215337999999991,355.17539999999997,275.00487539999995
53.65899999999999,0.013170983999999997,353.1882,306.82664820000014
53.66899999999998,0.014059913999999993,351.20099999999996,306.82664820000014
53.69900000000001,0.014059913999999993,350.2074,304.8377874
53.70799999999997,0.014059913999999993,352.1946,308.815509
53.71800000000002,0.013882127999999994,351.20099999999996,308.815509
53.726999999999975,0.013882127999999994,352.1946,306.82664820000014
53.736999999999966,0.013882127999999994,350.2074,304.8377874
53.74599999999998,0.013526555999999995,352.1946,306.82664820000014
53.76600000000002,0.013348769999999996,352.1946,308.815509
53.77600000000001,0.013526555999999995,353.1882,308.815509
53.786,0.013170983999999997,350.2074,306.82664820000014
53.79599999999999,0.015304416000000001,353.1882,336.6595602000002
53.80599999999998,0.016904489999999994,352.1946,338.6484210000001
53.834,0.016726703999999995,349.2138,330.6929778000001
53.84300000000002,0.016548917999999996,352.1946,336.6595602000002
53.85300000000001,0.016371131999999997,352.1946,336.6595602000002
53.861999999999966,0.016193345999999983,353.1882,338.6484210000001
53.872000000000014,0.016371131999999997,349.2138,332.6818386
53.882000000000005,0.016015559999999998,353.1882,338.6484210000001
53.89100000000002,0.016015559999999998,352.1946,338.6484210000001
53.90100000000001,0.016193345999999983,353.1882,336.6595602000002
53.90999999999997,0.016015559999999998,353.1882,336.6595602000002
53.920000000000016,0.015659988,351.20099999999996,334.6706993999999
53.928999999999974,0.01761563399999999,352.1946,368.48133299999995
53.938999999999965,0.019037922,351.20099999999996,368.48133299999995
53.968999999999994,0.019037922,348.2202,366.49247220000007
53.97800000000001,0.018860135999999986,353.1882,366.49247220000007
53.988,0.018860135999999986,351.20099999999996,368.48133299999995
53.997000000000014,0.019037922,353.1882,368.48133299999995
54.007000000000005,0.01868235,349.2138,364.5036114000002
54.02600000000001,0.018504563999999987,354.1818,368.48133299999995
54.036,0.01868235,354.1818,366.49247220000007
54.04599999999999,0.018504563999999987,351.20099999999996,364.5036114000002
54.05599999999998,0.01814899199999999,353.1882,366.49247220000007
54.065999999999974,0.020104637999999994,353.1882,398.314245
54.075999999999965,0.022060284,352.1946,396.32538420000014
54.103999999999985,0.02117135399999999,351.20099999999996,396.32538420000014
54.113,0.02117135399999999,350.2074,398.314245
54.12299999999999,0.02099356799999999,352.1946,398.314245
54.132000000000005,0.021349140000000003,352.1946,396.32538420000014
54.141999999999996,0.020460210000000006,348.2202,394.33652340000026
54.15100000000001,0.02081578199999999,351.20099999999996,398.314245
54.161,0.02099356799999999,352.1946,394.33652340000026
54.170000000000016,0.020637995999999992,351.20099999999996,396.32538420000014
54.18000000000001,0.020460210000000006,354.1818,400.30310580000014
54.19,0.020637995999999992,352.1946,396.32538420000014
54.19900000000001,0.020460210000000006,353.1882,398.314245
54.28399999999999,0.02099356799999999,350.2074,426.1582962
54.29399999999998,0.022771427999999996,355.17539999999997,428.1471570000001
54.303,0.022593641999999997,354.1818,430.1360178000002
54.31200000000001,0.022238069999999985,351.20099999999996,430.1360178000002
54.322,0.022238069999999985,348.2202,426.1582962
54.331999999999994,0.022060284,350.2074,428.1471570000001
54.34100000000001,0.022060284,352.1946,426.1582962
54.351,0.021704712,351.20099999999996,430.1360178000002
54.360000000000014,0.021882497999999986,351.20099999999996,428.1471570000001
54.370000000000005,0.021526925999999988,353.1882,426.1582962
54.37900000000002,0.022949213999999996,351.20099999999996,455.9912082000001
54.38900000000001,0.024727074,352.1946,457.98006899999996
54.41899999999998,0.02401592999999999,350.2074,454.0023474000002
54.428,0.02383814399999999,351.20099999999996,457.98006899999996
54.43799999999999,0.02383814399999999,355.17539999999997,457.98006899999996
54.456999999999994,0.023482571999999993,352.1946,452.0134866000001
54.466999999999985,0.022949213999999996,351.20099999999996,459.96892980000007
54.476999999999975,0.023126999999999995,352.1946,455.9912082000001
54.486999999999966,0.022949213999999996,352.1946,455.9912082000001
54.497000000000014,0.022771427999999996,352.1946,455.9912082000001
54.507000000000005,0.022415855999999998,351.20099999999996,454.0023474000002
54.516999999999996,0.023482571999999993,352.1946,485.82412020000015
54.52699999999999,0.024727074,350.2074,487.81298100000004
54.553999999999974,0.02383814399999999,349.2138,485.82412020000015
54.56299999999999,0.023660357999999992,352.1946,487.81298100000004
54.57299999999998,0.023660357999999992,352.1946,485.82412020000015
54.581999999999994,0.023304785999999994,351.20099999999996,485.82412020000015
54.591999999999985,0.022949213999999996,351.20099999999996,483.83525940000004
54.601999999999975,0.022949213999999996,353.1882,485.82412020000015
54.61099999999999,0.022415855999999998,351.20099999999996,485.82412020000015
54.62099999999998,0.022593641999999997,354.1818,485.82412020000015
54.629999999999995,0.022060284,351.20099999999996,485.82412020000015
54.639999999999986,0.021882497999999986,349.2138,481.84639859999993
54.649,0.021704712,353.1882,513.6681714000001
54.65899999999999,0.023482571999999993,353.1882,511.6793106
54.688999999999965,0.022238069999999985,351.20099999999996,511.6793106
54.69799999999998,0.022415855999999998,354.1818,513.6681714000001
54.70799999999997,0.021882497999999986,353.1882,513.6681714000001
54.726999999999975,0.021526925999999988,351.20099999999996,509.6904498000001
54.736999999999966,0.02099356799999999,352.1946,511.6793106
54.747000000000014,0.02081578199999999,354.1818,515.6570322
54.757000000000005,0.020460210000000006,351.20099999999996,513.6681714000001
54.766999999999996,0.020460210000000006,352.1946,511.6793106
54.77699999999999,0.020104637999999994,351.20099999999996,511.6793106
54.78699999999998,0.019215707999999984,352.1946,543.5010834000002
54.79699999999997,0.02117135399999999,353.1882,543.5010834000002
54.82400000000001,0.02081578199999999,349.2138,539.5233618
54.83299999999997,0.02081578199999999,351.20099999999996,541.5122226000001
54.84300000000002,0.020282423999999993,352.1946,541.5122226000001
54.851999999999975,0.020282423999999993,351.20099999999996,543.5010834000002
54.861999999999966,0.020460210000000006,351.20099999999996,539.5233618
54.872000000000014,0.019571279999999996,349.2138,541.5122226000001
54.88099999999997,0.019749065999999996,352.1946,545.4899442000001
54.89100000000002,0.019749065999999996,353.1882,543.5010834000002
54.89999999999998,0.019393493999999997,353.1882,543.5010834000002
54.90999999999997,0.019393493999999997,351.20099999999996,541.5122226000001
54.91899999999998,0.01868235,352.1946,573.3339954
54.928999999999974,0.02099356799999999,351.20099999999996,575.3228562000002
54.959,0.02117135399999999,350.2074,573.3339954
54.96800000000002,0.021349140000000003,352.1946,573.3339954
54.988,0.021526925999999988,352.1946,573.3339954
54.99799999999999,0.021882497999999986,352.1946,571.3451345999999
55.00799999999998,0.021882497999999986,351.20099999999996,573.3339954
55.01799999999997,0.021882497999999986,351.20099999999996,575.3228562000002
55.02799999999996,0.022238069999999985,352.1946,575.3228562000002
55.03800000000001,0.022771427999999996,352.1946,571.3451345999999
55.048,0.022771427999999996,350.2074,573.3339954
55.05799999999999,0.022238069999999985,351.20099999999996,605.1557682
55.067999999999984,0.025082646,353.1882,605.1557682
55.093999999999994,0.026860505999999992,348.2202,601.1780466
55.10300000000001,0.027749436000000002,350.2074,603.1669074000001
55.113,0.02846058,353.1882,603.1669074000001
55.122000000000014,0.028993937999999997,353.1882,603.1669074000001
55.132000000000005,0.029705081999999994,355.17539999999997,603.1669074000001
55.141999999999996,0.030060653999999992,352.1946,603.1669074000001
55.15100000000001,0.030060653999999992,352.1946,603.1669074000001
55.18799999999999,0.029705081999999994,353.1882,634.9886802000001
55.197,0.031482942,353.1882,638.9664018000001
55.228999999999985,0.031660728,351.20099999999996,634.9886802000001
55.24799999999999,0.031838514,353.1882,634.9886802000001
55.25799999999998,0.03130515599999999,351.20099999999996,636.9775410000002
55.26799999999997,0.03094958399999999,349.2138,636.9775410000002
55.27799999999996,0.03094958399999999,353.1882,638.9664018000001
55.28800000000001,0.030771798000000003,350.2074,632.9998194000002
55.298,0.03041622599999999,351.20099999999996,636.9775410000002
55.30799999999999,0.03023843999999999,350.2074,634.9886802000001
55.322,0.028638366,351.20099999999996,664.8215921999999
55.331999999999994,0.03023843999999999,352.1946,662.8327314000001
55.363999999999976,0.029527295999999995,351.20099999999996,664.8215921999999
55.37299999999999,0.029349509999999995,353.1882,664.8215921999999
55.38299999999998,0.029171723999999996,353.1882,666.8104530000003
55.391999999999996,0.028638366,353.1882,666.8104530000003
55.40199999999999,0.028638366,352.1946,660.8438706000002
55.41199999999998,0.02846058,354.1818,664.8215921999999
55.42099999999999,0.027927221999999988,354.1818,662.8327314000001
55.43099999999998,0.02739386399999999,351.20099999999996,664.8215921999999
55.44,0.02721607799999999,351.20099999999996,664.8215921999999
55.44999999999999,0.026682719999999993,349.2138,664.8215921999999
55.459,0.025082646,354.1818,696.6433650000001
55.47800000000001,0.026327147999999995,353.1882,696.6433650000001
55.49899999999997,0.025260431999999985,350.2074,694.6545042
55.50799999999998,0.024904859999999987,353.1882,696.6433650000001
55.51799999999997,0.024371502000000003,351.20099999999996,696.6433650000001
55.52799999999996,0.02401592999999999,354.1818,696.6433650000001
55.53899999999999,0.023660357999999992,351.20099999999996,694.6545042
55.548,0.023304785999999994,353.1882,696.6433650000001
55.55799999999999,0.022771427999999996,352.1946,696.6433650000001
55.567999999999984,0.022593641999999997,353.1882,696.6433650000001
55.57900000000001,0.022060284,353.1882,696.6433650000001
55.591999999999985,0.021882497999999986,353.1882,698.6322258
55.601999999999975,0.019037922,352.1946,728.4651377999999
55.61099999999999,0.02099356799999999,355.17539999999997,728.4651377999999
55.634000000000015,0.019571279999999996,349.2138,728.4651377999999
55.64299999999997,0.019571279999999996,352.1946,728.4651377999999
55.65299999999996,0.018860135999999986,351.20099999999996,728.4651377999999
55.66199999999998,0.018504563999999987,352.1946,728.4651377999999
55.67199999999997,0.01797120599999999,349.2138,724.4874162000001
55.682000000000016,0.017793420000000004,352.1946,726.4762770000002
55.690999999999974,0.017082275999999993,351.20099999999996,728.4651377999999
55.700999999999965,0.016904489999999994,352.1946,726.4762770000002
55.70999999999998,0.016371131999999997,352.1946,732.4428594000005
55.71999999999997,0.016193345999999983,352.1946,726.4762770000002
55.738999999999976,0.014771058000000004,351.20099999999996,758.2980498000002
55.74899999999997,0.01459327199999999,350.2074,756.3091890000005
55.769000000000005,0.013704341999999994,350.2074,756.3091890000005
55.77799999999996,0.013348769999999996,354.1818,756.3091890000005
55.78800000000001,0.012637625999999999,354.1818,758.2980498000002
55.79699999999997,0.012637625999999999,353.1882,756.3091890000005
55.807000000000016,0.011926481999999988,350.2074,756.3091890000005
55.81700000000001,0.012104268000000001,352.1946,756.3091890000005
55.825999999999965,0.011393124000000004,352.1946,758.2980498000002
55.83600000000001,0.011037551999999992,352.1946,756.3091890000005
55.84499999999997,0.010504193999999994,351.20099999999996,756.3091890000005
55.85500000000002,0.010504193999999994,352.1946,752.3314674000007
55.863999999999976,0.007304045999999995,352.1946,786.1421010000004
55.87399999999997,0.008726334000000002,349.2138,788.1309618000005
55.903999999999996,0.007837403999999992,348.2202,788.1309618000005
55.91300000000001,0.007659617999999993,354.1818,790.1198226000006
55.923,0.007126259999999995,352.1946,790.1198226000006
55.932000000000016,0.007126259999999995,351.20099999999996,788.1309618000005
55.94200000000001,0.006770687999999997,348.2202,788.1309618000005
55.952,0.006592901999999998,353.1882,790.1198226000006
55.96100000000001,0.006237329999999999,353.1882,788.1309618000005
55.971000000000004,0.005881757999999987,353.1882,790.1198226000006
55.98000000000002,0.005881757999999987,351.20099999999996,788.1309618000005
55.99899999999997,0.002681610000000001,356.169,819.9527346000004
56.009000000000015,0.004459469999999993,354.1818,817.9638738000003
56.019000000000005,0.004459469999999993,355.17539999999997,819.9527346000004
56.03899999999999,0.003570539999999997,349.2138,817.9638738000003
56.048,0.003570539999999997,351.20099999999996,817.9638738000003
56.05799999999999,0.003392753999999998,352.1946,817.9638738000003
56.06700000000001,0.0032149679999999986,352.1946,819.9527346000004
56.077,0.0032149679999999986,352.1946,813.9861522000006
56.08699999999999,0.002681610000000001,350.2074,819.9527346000004
56.096000000000004,0.002681610000000001,354.1818,819.9527346000004
56.105999999999995,0.002681610000000001,352.1946,819.9527346000004
56.11500000000001,0.002681610000000001,350.2074,817.9638738000003
56.125,0.0021482519999999894,352.1946,813.9861522000006
56.13499999999999,0.00019260599999999795,363.1242,853.7633682000005
56.144000000000005,0.0005481779999999825,352.1946,849.7856466000003
56.17399999999998,0.001081535999999994,351.20099999999996,847.7967858000006
56.18299999999999,0.001081535999999994,351.20099999999996,849.7856466000003
56.192999999999984,0.001081535999999994,352.1946,849.7856466000003
56.202,0.0005481779999999825,349.2138,849.7856466000003
56.21199999999999,0.0007259639999999956,352.1946,849.7856466000003
56.22199999999998,0.0009037499999999948,352.1946,847.7967858000006
56.230999999999995,0.0007259639999999956,353.1882,847.7967858000006
56.240999999999985,0.0005481779999999825,351.20099999999996,851.7745074000004
56.25999999999999,0.0005481779999999825,352.1946,845.8079250000001
56.26999999999998,-0.00016296600000001438,376.041,881.6074194000003
56.27999999999997,-0.00016296600000001438,370.07939999999996,879.6185586000001
56.30899999999997,-0.0003407520000000136,359.14979999999997,879.6185586000001
56.317999999999984,-0.00016296600000001438,360.1434,881.6074194000003
56.327999999999975,-0.00016296600000001438,360.1434,879.6185586000001
56.33699999999999,1.4819999999998723e-05,360.1434,879.6185586000001
56.34699999999998,-0.0003407520000000136,356.169,879.6185586000001
56.35699999999997,-0.00016296600000001438,357.1626,879.6185586000001
56.365999999999985,-0.0003407520000000136,357.1626,881.6074194000003
56.375999999999976,1.4819999999998723e-05,359.14979999999997,881.6074194000003
56.38499999999999,1.4819999999998723e-05,359.14979999999997,879.6185586000001
56.39499999999998,-0.00016296600000001438,358.1562,879.6185586000001
56.403999999999996,-0.00016296600000001438,386.9706,909.4514706000004
56.41399999999999,-0.0003407520000000136,391.9386,915.4180530000003
56.44400000000002,-0.0003407520000000136,385.977,907.4626098000003
56.45400000000001,-0.00016296600000001438,387.9642,911.4403314000006
56.462999999999965,-0.00016296600000001438,388.95779999999996,911.4403314000006
56.47199999999998,1.4819999999998723e-05,390.945,911.4403314000006
56.48199999999997,1.4819999999998723e-05,390.945,907.4626098000003
56.49200000000002,-0.0005185379999999989,389.9514,913.4291922000002
56.500999999999976,-0.0003407520000000136,390.945,911.4403314000006
56.51999999999998,-0.00016296600000001438,392.93219999999997,911.4403314000006
56.52999999999997,-0.00016296600000001438,391.9386,909.4514706000004
56.539999999999964,1.4819999999998723e-05,423.7338,941.2732434
56.55000000000001,1.4819999999998723e-05,424.7274,941.2732434
56.57900000000001,-0.00016296600000001438,419.75939999999997,939.2843826000003
56.587999999999965,-0.0003407520000000136,425.721,943.2621042000005
56.59800000000001,-0.00016296600000001438,424.7274,941.2732434
56.60699999999997,-0.00016296600000001438,424.7274,943.2621042000005
56.61700000000002,-0.00016296600000001438,421.7466,939.2843826000003
56.62700000000001,-0.00016296600000001438,427.7082,945.2509650000006
56.63599999999997,-0.0003407520000000136,426.7146,943.2621042000005
56.646000000000015,-0.00016296600000001438,430.68899999999996,943.2621042000005
56.65499999999997,-0.00016296600000001438,427.7082,943.2621042000005
56.664999999999964,-0.00016296600000001438,425.721,939.2843826000003
56.67500000000001,-0.00016296600000001438,456.5226,971.1061554000003
56.68399999999997,-0.0003407520000000136,457.51619999999997,973.0950162000004
56.714,-0.0005185379999999989,457.51619999999997,973.0950162000004
56.759000000000015,-0.0003407520000000136,459.5034,973.0950162000004
56.803999999999974,-0.00016296600000001438,459.5034,971.1061554000003
56.813999999999965,1.4819999999998723e-05,463.4778,973.0950162000004
56.82299999999998,-0.0003407520000000136,463.4778,975.083877
56.83299999999997,-0.0003407520000000136,463.4778,973.0950162000004
56.841999999999985,-0.0003407520000000136,461.4906,971.1061554000003
56.851999999999975,-0.00016296600000001438,463.4778,973.0950162000004
56.87099999999998,-0.0003407520000000136,463.4778,975.083877
56.88099999999997,-0.0003407520000000136,463.4778,973.0950162000004
56.89699999999999,-0.00016296600000001438,494.2794,1011.0812442000001
56.90699999999998,-0.00016296600000001438,493.2858,1011.0812442000001
56.938999999999965,-0.00016296600000001438,494.2794,1009.1649978
56.94900000000001,1.4819999999998723e-05,496.2666,1011.0812442000001
56.95799999999997,-0.0003407520000000136,496.2666,1012.9974906000002
56.966999999999985,-0.0003407520000000136,495.27299999999997,1012.9974906000002
56.976999999999975,1.4819999999998723e-05,494.2794,1011.0812442000001
56.986999999999966,-0.00016296600000001438,497.2602,1014.9137370000003
56.99599999999998,1.4819999999998723e-05,497.2602,1011.0812442000001
57.00599999999997,-0.00016296600000001438,497.2602,1011.0812442000001
57.014999999999986,-0.0005185379999999989,497.2602,1014.9137370000003
57.02499999999998,-0.0003407520000000136,497.2602,1012.9974906000002
57.03499999999997,-0.0003407520000000136,529.0554000000001,1047.4899258
57.04399999999998,-0.00016296600000001438,527.0682,1041.7411865999998
57.07400000000001,-0.0003407520000000136,528.0618000000001,1041.7411865999998
57.084,1.4819999999998723e-05,531.0426000000001,1045.5736794000004
57.09300000000002,1.4819999999998723e-05,532.0362,1043.6574329999999
57.10300000000001,-0.00016296600000001438,531.0426000000001,1043.6574329999999
57.111999999999966,1.4819999999998723e-05,528.0618000000001,1041.7411865999998
57.122000000000014,-0.00016296600000001438,530.0490000000001,1041.7411865999998
57.14100000000002,-0.00016296600000001438,532.0362,1045.5736794000004
57.15100000000001,-0.0003407520000000136,531.0426000000001,1043.6574329999999
57.161,-0.00016296600000001438,531.0426000000001,1043.6574329999999
57.17099999999999,-0.00016296600000001438,561.8442,1072.4011290000003
57.18099999999998,1.4819999999998723e-05,562.8378,1072.4011290000003
57.209,1.4819999999998723e-05,560.8506000000001,1068.5686362000001
57.218999999999994,1.4819999999998723e-05,562.8378,1072.4011290000003
57.22800000000001,-0.0003407520000000136,561.8442,1074.3173754
57.238,-0.00016296600000001438,563.8314,1074.3173754
57.247000000000014,1.4819999999998723e-05,561.8442,1070.4848826000002
57.257000000000005,-0.00016296600000001438,564.825,1074.3173754
57.26600000000002,-0.00016296600000001438,563.8314,1072.4011290000003
57.27600000000001,0.00019260599999999795,564.825,1072.4011290000003
57.28499999999997,-0.0003407520000000136,564.825,1076.2336218
57.295000000000016,-0.00016296600000001438,563.8314,1070.4848826000002
57.30500000000001,-0.00016296600000001438,594.633,1103.0610714000004
57.313999999999965,-0.0003407520000000136,594.633,1103.0610714000004
57.343999999999994,-0.0003407520000000136,593.6394,1103.0610714000004
57.353999999999985,-0.0003407520000000136,595.6266,1104.9773178
57.363,1.4819999999998723e-05,595.6266,1103.0610714000004
57.372000000000014,-0.00016296600000001438,596.6202000000001,1104.9773178
57.38900000000001,-0.00016296600000001438,594.633,1101.1448249999999
57.399,-0.0003407520000000136,596.6202000000001,1104.9773178
57.408000000000015,-0.00016296600000001438,595.6266,1106.8935642000001
57.418000000000006,1.4819999999998723e-05,597.6138000000001,1104.9773178
57.428,-0.0006963239999999982,595.6266,1103.0610714000004
57.43700000000001,-0.00016296600000001438,625.4346,1133.7210138
57.447,-0.0003407520000000136,627.4218000000001,1133.7210138
57.478999999999985,-0.0003407520000000136,625.4346,1129.8885210000003
57.488999999999976,-0.00016296600000001438,628.4154000000001,1133.7210138
57.49799999999999,-0.0005185379999999989,626.4282000000001,1133.7210138
57.50799999999998,-0.0005185379999999989,627.4218000000001,1137.5535066000002
57.516999999999996,1.4819999999998723e-05,626.4282000000001,1131.8047674
57.52699999999999,-0.0005185379999999989,628.4154000000001,1135.6372601999997
57.536,1.4819999999998723e-05,627.4218000000001,1131.8047674
57.54599999999999,-0.00016296600000001438,628.4154000000001,1131.8047674
57.55500000000001,-0.00016296600000001438,629.4090000000001,1135.6372601999997
57.565,-0.0003407520000000136,628.4154000000001,1129.8885210000003
57.57499999999999,1.4819999999998723e-05,656.2362,1162.4647098
57.584,-0.00016296600000001438,658.2234000000001,1164.3809562000001
57.613999999999976,-0.0003407520000000136,656.2362,1162.4647098
57.62399999999997,-0.0003407520000000136,658.2234000000001,1162.4647098
57.63299999999998,-0.0003407520000000136,658.2234000000001,1162.4647098
57.64299999999997,0.00019260599999999795,659.2170000000001,1164.3809562000001
57.66199999999998,-0.00016296600000001438,659.2170000000001,1162.4647098
57.67199999999997,-0.00016296600000001438,659.2170000000001,1162.4647098
57.682000000000016,-0.0003407520000000136,659.2170000000001,1164.3809562000001
57.69200000000001,-0.00016296600000001438,659.2170000000001,1162.4647098
57.702,-0.0003407520000000136,659.2170000000001,1164.3809562000001
57.71199999999999,-0.00016296600000001438,690.0186000000001,1195.0408986000002
57.72199999999998,-0.00016296600000001438,689.0250000000001,1196.9571450000003
57.74899999999997,-0.0003407520000000136,688.0314000000001,1193.1246521999997
57.759000000000015,1.4819999999998723e-05,690.0186000000001,1193.1246521999997
57.76799999999997,-0.00016296600000001438,690.0186000000001,1191.2084058
57.77799999999996,-0.00016296600000001438,690.0186000000001,1193.1246521999997
57.78699999999998,-0.0003407520000000136,690.0186000000001,1195.0408986000002
57.79699999999997,-0.00016296600000001438,690.0186000000001,1198.8733914
57.80599999999998,-0.00016296600000001438,692.0058,1195.0408986000002
57.815999999999974,-0.0003407520000000136,690.0186000000001,1195.0408986000002
57.82499999999999,-0.0003407520000000136,691.0122,1195.0408986000002
57.83499999999998,-0.0003407520000000136,691.0122,1193.1246521999997
57.84499999999997,-0.00016296600000001438,718.8330000000001,1223.7845945999998
57.853999999999985,-0.0003407520000000136,719.8266000000001,1223.7845945999998
57.884000000000015,-0.0003407520000000136,716.8458,1221.8683482000001
57.894000000000005,-0.00016296600000001438,719.8266000000001,1221.8683482000001
57.90299999999996,-0.0003407520000000136,720.8202000000001,1223.7845945999998
57.92199999999997,-0.0005185379999999989,717.8394000000001,1221.8683482000001
57.932000000000016,-0.00016296600000001438,720.8202000000001,1223.7845945999998
57.94200000000001,-0.00016296600000001438,719.8266000000001,1225.7008409999999
57.952,-0.0003407520000000136,719.8266000000001,1225.7008409999999
57.96199999999999,-0.0003407520000000136,720.8202000000001,1227.6170874
57.97300000000001,-0.0006963239999999982,718.8330000000001,1219.9521018
57.983000000000004,-0.00016296600000001438,749.6346000000001,1254.4445370000003
57.99200000000002,1.4819999999998723e-05,748.6410000000001,1254.4445370000003
58.019000000000005,-0.00016296600000001438,747.6474000000001,1250.6120442000001
58.028999999999996,-0.0003407520000000136,750.6282000000001,1256.3607834
58.03800000000001,-0.00016296600000001438,748.6410000000001,1252.5282906000002
58.048,1.4819999999998723e-05,748.6410000000001,1252.5282906000002
58.057000000000016,1.4819999999998723e-05,746.6538,1250.6120442000001
58.06700000000001,-0.00016296600000001438,747.6474000000001,1252.5282906000002
58.075999999999965,-0.0003407520000000136,749.6346000000001,1254.4445370000003
58.08600000000001,-0.0003407520000000136,748.6410000000001,1256.3607834
58.09499999999997,-0.0003407520000000136,748.6410000000001,1256.3607834
58.10500000000002,-0.0005185379999999989,749.6346000000001,1256.3607834
58.11500000000001,-0.00016296600000001438,777.4554,1283.1882329999999
58.12399999999997,-0.0003407520000000136,778.4490000000001,1287.0207258
58.153999999999996,-0.0003407520000000136,775.4682,1281.2719865999998
58.16399999999999,1.4819999999998723e-05,777.4554,1283.1882329999999
58.18299999999999,-0.00016296600000001438,777.4554,1285.1044794000004
58.192999999999984,-0.00016296600000001438,775.4682,1281.2719865999998
58.202999999999975,-0.00016296600000001438,776.4618,1285.1044794000004
58.212999999999965,-0.0003407520000000136,776.4618,1287.0207258
58.22300000000001,-0.0003407520000000136,775.4682,1285.1044794000004
58.233000000000004,-0.00016296600000001438,776.4618,1287.0207258
58.242999999999995,-0.00016296600000001438,774.4746,1281.2719865999998
58.252999999999986,-0.0003407520000000136,805.2762,1317.6806681999997
58.26299999999998,1.4819999999998723e-05,803.2890000000001,1313.8481754
58.28899999999999,-0.0003407520000000136,801.3018000000001,1311.9319290000003
58.29899999999998,-0.0003407520000000136,804.2826000000001,1317.6806681999997
58.30799999999999,0.00019260599999999795,803.2890000000001,1311.9319290000003
58.317999999999984,1.4819999999998723e-05,802.2954000000001,1315.7644218
58.327,-0.0003407520000000136,800.3082,1308.0994362000001
58.33699999999999,1.4819999999998723e-05,801.3018000000001,1313.8481754
58.34699999999998,-0.0003407520000000136,803.2890000000001,1315.7644218
58.355999999999995,-0.00016296600000001438,802.2954000000001,1317.6806681999997
58.36500000000001,-0.0003407520000000136,801.3018000000001,1315.7644218
58.375,1.4819999999998723e-05,802.2954000000001,1311.9319290000003
58.38499999999999,-0.00016296600000001438,830.1162,1348.3406106000002
58.394000000000005,-0.0003407520000000136,832.1034000000001,1346.4243642000001
58.42399999999998,-0.00016296600000001438,827.1354000000001,1342.5918714000004
58.442999999999984,1.4819999999998723e-05,828.129,1346.4243642000001
58.452999999999975,-0.0003407520000000136,828.129,1346.4243642000001
58.462999999999965,-0.00016296600000001438,826.1418000000001,1344.5081178
58.47300000000001,-0.0005185379999999989,827.1354000000001,1348.3406106000002
58.483000000000004,-0.0003407520000000136,825.1482000000001,1344.5081178
58.492999999999995,-0.00016296600000001438,825.1482000000001,1346.4243642000001
58.502999999999986,-0.0003407520000000136,824.1546000000001,1346.4243642000001
58.51299999999998,-0.0003407520000000136,824.1546000000001,1346.4243642000001
58.52299999999997,-0.0003407520000000136,852.969,1375.1680601999997
58.533000000000015,-0.00016296600000001438,851.9754,1373.2518138
58.55899999999997,-0.0003407520000000136,849.9882000000001,1373.2518138
58.56900000000002,-0.00016296600000001438,850.9818,1375.1680601999997
58.577999999999975,-0.0003407520000000136,849.9882000000001,1377.0843066000002
58.587999999999965,-0.0003407520000000136,849.9882000000001,1375.1680601999997
58.59699999999998,-0.0005185379999999989,847.0074000000001,1373.2518138
58.60699999999997,-0.0006963239999999982,848.9946000000001,1377.0843066000002
58.615999999999985,-0.00016296600000001438,846.0138000000001,1375.1680601999997
58.625999999999976,-0.00016296600000001438,846.0138000000001,1375.1680601999997
58.63499999999999,-0.0005185379999999989,845.0202,1377.0843066000002
58.64499999999998,-0.0003407520000000136,845.0202,1373.2518138
58.65499999999997,-0.0003407520000000136,845.0202,1377.0843066000002
58.673,-0.0003407520000000136,843.033,1375.1680601999997
58.69400000000002,-0.0003407520000000136,839.0586000000001,1373.2518138
58.712999999999965,-0.0003407520000000136,840.0522000000001,1377.0843066000002
58.72399999999999,-0.0005185379999999989,840.0522000000001,1377.0843066000002
58.73399999999998,-0.0003407520000000136,839.0586000000001,1377.0843066000002
58.74399999999997,-0.00016296600000001438,838.065,1377.0843066000002
58.75400000000002,-0.0003407520000000136,838.065,1377.0843066000002
58.76400000000001,-0.0003407520000000136,838.065,1379.0005530000003
58.774,-0.00016296600000001438,836.0778,1377.0843066000002
58.78399999999999,-0.0003407520000000136,835.0842,1371.3355674
58.79399999999998,-0.0003407520000000136,806.2698,1346.4243642000001
58.803999999999974,-0.0003407520000000136,806.2698,1344.5081178
58.82900000000001,-0.00016296600000001438,802.2954000000001,1340.6756249999999
58.839,-0.00016296600000001438,804.2826000000001,1346.4243642000001
58.84800000000001,-0.0003407520000000136,803.2890000000001,1346.4243642000001
58.858000000000004,-0.0003407520000000136,804.2826000000001,1348.3406106000002
58.86700000000002,-0.00016296600000001438,802.2954000000001,1344.5081178
58.87700000000001,-0.0003407520000000136,804.2826000000001,1344.5081178
58.88599999999997,-0.00016296600000001438,802.2954000000001,1344.5081178
58.896000000000015,-0.0003407520000000136,804.2826000000001,1346.4243642000001
58.90499999999997,-0.00016296600000001438,803.2890000000001,1348.3406106000002
58.914999999999964,-0.0005185379999999989,801.3018000000001,1342.5918714000004
58.92500000000001,-0.0003407520000000136,771.4938000000001,1313.8481754
58.94400000000002,-0.00016296600000001438,770.5002000000001,1313.8481754
58.964,-0.00016296600000001438,769.5066,1310.0156826000002
58.97399999999999,-0.00016296600000001438,769.5066,1311.9319290000003
58.98399999999998,-0.0005185379999999989,771.4938000000001,1317.6806681999997
58.99399999999997,-0.0003407520000000136,771.4938000000001,1313.8481754
59.00400000000002,1.4819999999998723e-05,769.5066,1310.0156826000002
59.01400000000001,-0.00016296600000001438,770.5002000000001,1315.7644218
59.024,-0.00016296600000001438,769.5066,1311.9319290000003
59.03399999999999,-0.0003407520000000136,770.5002000000001,1313.8481754
59.04399999999998,1.4819999999998723e-05,770.5002000000001,1313.8481754
59.05799999999999,-0.0003407520000000136,741.6858000000001,1285.1044794000004
59.06700000000001,-0.0003407520000000136,741.6858000000001,1283.1882329999999
59.075999999999965,-0.00016296600000001438,741.6858000000001,1283.1882329999999
59.09899999999999,-0.0005185379999999989,740.6922000000001,1285.1044794000004
59.10899999999998,-0.00016296600000001438,742.6794000000001,1283.1882329999999
59.117999999999995,-0.00016296600000001438,742.6794000000001,1287.0207258
59.127999999999986,-0.00016296600000001438,741.6858000000001,1285.1044794000004
59.137,-0.00016296600000001438,740.6922000000001,1283.1882329999999
59.14699999999999,0.00019260599999999795,741.6858000000001,1283.1882329999999
59.156000000000006,1.4819999999998723e-05,743.6730000000001,1285.1044794000004
59.166,-0.0003407520000000136,742.6794000000001,1285.1044794000004
59.17500000000001,-0.00016296600000001438,743.6730000000001,1283.1882329999999
59.185,-0.0003407520000000136,742.6794000000001,1285.1044794000004
59.20400000000001,1.4819999999998723e-05,712.8714000000001,1254.4445370000003
59.214,-0.00016296600000001438,713.865,1254.4445370000003
59.23399999999998,-0.00016296600000001438,713.865,1252.5282906000002
59.278999999999996,-0.0003407520000000136,714.8586,1254.4445370000003
59.32400000000001,-0.00016296600000001438,714.8586,1250.6120442000001
59.334,-0.00016296600000001438,716.8458,1254.4445370000003
59.34300000000002,1.4819999999998723e-05,715.8522,1254.4445370000003
59.35300000000001,-0.0006963239999999982,716.8458,1256.3607834
59.363,-0.00016296600000001438,715.8522,1252.5282906000002
59.372000000000014,1.4819999999998723e-05,716.8458,1252.5282906000002
59.382000000000005,-0.00016296600000001438,716.8458,1254.4445370000003
59.39100000000002,-0.0003407520000000136,716.8458,1258.2770298
59.39999999999998,-0.0003407520000000136,717.8394000000001,1252.5282906000002
59.40999999999997,-0.0003407520000000136,717.8394000000001,1252.5282906000002
59.420000000000016,-0.0003407520000000136,688.0314000000001,1221.8683482000001
59.428999999999974,-0.0005185379999999989,688.0314000000001,1223.7845945999998
59.459,-0.0003407520000000136,688.0314000000001,1221.8683482000001
59.468999999999994,0.00019260599999999795,690.0186000000001,1223.7845945999998
59.47800000000001,-0.00016296600000001438,690.0186000000001,1223.7845945999998
59.488,1.4819999999998723e-05,690.0186000000001,1223.7845945999998
59.497000000000014,-0.00016296600000001438,689.0250000000001,1219.9521018
59.507000000000005,-0.0003407520000000136,691.0122,1223.7845945999998
59.516999999999996,-0.00016296600000001438,691.0122,1223.7845945999998
59.52600000000001,0.00019260599999999795,690.0186000000001,1221.8683482000001
59.545000000000016,-0.00016296600000001438,691.0122,1221.8683482000001
59.55500000000001,-0.00016296600000001438,662.1978,1195.0408986000002
59.565,-0.00016296600000001438,663.1914,1195.0408986000002
59.593999999999994,-0.0005185379999999989,661.2042,1193.1246521999997
59.603999999999985,-0.00016296600000001438,663.1914,1195.0408986000002
59.613,-0.0003407520000000136,663.1914,1193.1246521999997
59.62299999999999,-0.0003407520000000136,665.1786000000001,1195.0408986000002
59.63299999999998,1.4819999999998723e-05,661.2042,1191.2084058
59.641999999999996,1.4819999999998723e-05,664.1850000000001,1195.0408986000002
59.65199999999999,-0.00016296600000001438,664.1850000000001,1193.1246521999997
59.661,-0.0003407520000000136,663.1914,1195.0408986000002
59.670000000000016,-0.0003407520000000136,665.1786000000001,1196.9571450000003
59.68000000000001,0.00019260599999999795,663.1914,1189.2921594
59.69,-0.00016296600000001438,635.3706000000001,1164.3809562000001
59.69900000000001,-0.0003407520000000136,635.3706000000001,1164.3809562000001
59.728999999999985,-0.00016296600000001438,635.3706000000001,1164.3809562000001
59.738999999999976,-0.00016296600000001438,636.3642000000001,1162.4647098
59.74799999999999,1.4819999999998723e-05,636.3642000000001,1162.4647098
59.75799999999998,-0.00016296600000001438,638.3514,1164.3809562000001
59.76799999999997,-0.00016296600000001438,636.3642000000001,1158.6322169999999
59.77699999999999,-0.00016296600000001438,638.3514,1162.4647098
59.78699999999998,-0.00016296600000001438,638.3514,1162.4647098
59.79599999999999,-0.00016296600000001438,638.3514,1162.4647098
59.815,-0.0003407520000000136,639.345,1162.4647098
59.82499999999999,-0.0003407520000000136,610.5306,1133.7210138
59.83499999999998,-0.00016296600000001438,610.5306,1133.7210138
59.863999999999976,-0.00016296600000001438,609.537,1131.8047674
59.87399999999997,-0.00016296600000001438,612.5178000000001,1135.6372601999997
59.88299999999998,-0.00016296600000001438,612.5178000000001,1133.7210138
59.89299999999997,-0.0003407520000000136,612.5178000000001,1133.7210138
59.90299999999996,-0.00016296600000001438,611.5242000000001,1131.8047674
59.91199999999998,-0.00016296600000001438,612.5178000000001,1131.8047674
59.92199999999997,-0.0003407520000000136,612.5178000000001,1133.7210138
59.93099999999998,-0.00016296600000001438,613.5114000000001,1135.6372601999997
59.94,-0.0005185379999999989,614.5050000000001,1137.5535066000002
59.94999999999999,-0.0003407520000000136,611.5242000000001,1133.7210138
59.95999999999998,-0.0003407520000000136,584.697,1104.9773178
59.968999999999994,-0.00016296600000001438,585.6906,1106.8935642000001
59.99899999999997,-0.0003407520000000136,584.697,1104.9773178
60.009000000000015,-0.0003407520000000136,585.6906,1103.0610714000004
60.01799999999997,-0.0003407520000000136,585.6906,1104.9773178
60.02799999999996,-0.00016296600000001438,587.6778,1103.0610714000004
60.04399999999998,-0.0003407520000000136,585.6906,1103.0610714000004
60.053999999999974,-0.00016296600000001438,588.6714000000001,1103.0610714000004
60.06299999999999,-0.00016296600000001438,587.6778,1101.1448249999999
60.07299999999998,0.00019260599999999795,589.6650000000001,1103.0610714000004
60.08299999999997,-0.00016296600000001438,586.6842,1101.1448249999999
60.09300000000002,-0.00016296600000001438,558.8634000000001,1072.4011290000003
60.101999999999975,-0.0003407520000000136,559.8570000000001,1074.3173754
60.134000000000015,-0.00016296600000001438,557.8698,1068.5686362000001
60.144000000000005,-0.00016296600000001438,560.8506000000001,1074.3173754
60.15299999999996,-0.00016296600000001438,561.8442,1074.3173754
60.16300000000001,-0.0003407520000000136,561.8442,1076.2336218
60.173,-0.0005185379999999989,557.8698,1070.4848826000002
60.182000000000016,-0.00016296600000001438,561.8442,1072.4011290000003
60.19200000000001,-0.00016296600000001438,561.8442,1074.3173754
60.200999999999965,-0.0003407520000000136,561.8442,1072.4011290000003
60.21100000000001,-0.00016296600000001438,562.8378,1072.4011290000003
60.21999999999997,-0.0003407520000000136,562.8378,1070.4848826000002
60.23000000000002,-0.0003407520000000136,532.0362,1043.6574329999999
60.238999999999976,-0.00016296600000001438,534.0234,1045.5736794000004
60.269000000000005,1.4819999999998723e-05,532.0362,1039.8249402000001
60.278999999999996,-0.0003407520000000136,534.0234,1045.5736794000004
60.28800000000001,-0.0005185379999999989,536.0106000000001,1045.5736794000004
60.298,-0.0003407520000000136,533.0298,1043.6574329999999
60.30799999999999,-0.00016296600000001438,534.0234,1041.7411865999998
60.31700000000001,1.4819999999998723e-05,534.0234,1041.7411865999998
60.33600000000001,1.4819999999998723e-05,535.017,1043.6574329999999
60.346000000000004,-0.00016296600000001438,537.0042000000001,1043.6574329999999
60.355999999999995,-0.0003407520000000136,537.0042000000001,1043.6574329999999
60.365999999999985,-0.00016296600000001438,508.1898,1014.9137370000003
60.375999999999976,-0.00016296600000001438,508.1898,1014.9137370000003
60.403999999999996,-0.00016296600000001438,508.1898,1014.9137370000003
60.41399999999999,-0.0003407520000000136,509.1834,1014.9137370000003
60.423,-0.00016296600000001438,510.177,1012.9974906000002
60.43299999999999,-0.0003407520000000136,508.1898,1012.9974906000002
60.442999999999984,-0.00016296600000001438,510.177,1011.0812442000001
60.452,-0.0005185379999999989,511.1706,1016.8299834
60.46199999999999,-0.00016296600000001438,511.1706,1014.9137370000003
60.471000000000004,-0.0003407520000000136,511.1706,1016.8299834
60.480999999999995,-0.00016296600000001438,511.1706,1014.9137370000003
60.49000000000001,-0.0005185379999999989,510.177,1012.9974906000002
60.5,-0.00016296600000001438,482.3562,969.1172946000006
60.509000000000015,1.4819999999998723e-05,483.3498,971.1061554000003
60.53899999999999,-0.0003407520000000136,478.3818,971.1061554000003
60.54899999999998,-0.00016296600000001438,484.3434,973.0950162000004
60.55799999999999,-0.00016296600000001438,483.3498,971.1061554000003
60.567999999999984,-0.0005185379999999989,483.3498,975.083877
60.577999999999975,-0.00016296600000001438,483.3498,971.1061554000003
60.59699999999998,-0.0003407520000000136,485.337,973.0950162000004
60.60699999999997,1.4819999999998723e-05,484.3434,973.0950162000004
60.61700000000002,-0.0003407520000000136,484.3434,973.0950162000004
60.62700000000001,-0.0003407520000000136,484.3434,969.1172946000006
60.637,-0.00016296600000001438,458.5098,943.2621042000005
60.64699999999999,1.4819999999998723e-05,457.51619999999997,939.2843826000003
60.67399999999998,-0.0003407520000000136,456.5226,939.2843826000003
60.68399999999997,-0.0003407520000000136,458.5098,943.2621042000005
60.692999999999984,-0.0003407520000000136,457.51619999999997,941.2732434
60.702999999999975,-0.0003407520000000136,459.5034,941.2732434
60.712999999999965,1.4819999999998723e-05,457.51619999999997,939.2843826000003
60.72199999999998,1.4819999999998723e-05,459.5034,941.2732434
60.73199999999997,-0.00016296600000001438,460.497,943.2621042000005
60.740999999999985,-0.00016296600000001438,460.497,941.2732434
60.750999999999976,-0.0003407520000000136,459.5034,943.2621042000005
60.75999999999999,-0.00016296600000001438,458.5098,939.2843826000003
60.76999999999998,-0.0003407520000000136,430.68899999999996,911.4403314000006
60.778999999999996,-0.00016296600000001438,431.6826,911.4403314000006
60.80899999999997,-0.0003407520000000136,429.6954,909.4514706000004
60.81900000000002,1.4819999999998723e-05,431.6826,911.4403314000006
60.827999999999975,1.4819999999998723e-05,432.6762,909.4514706000004
60.837999999999965,1.4819999999998723e-05,433.6698,907.4626098000003
60.85699999999997,-0.00016296600000001438,433.6698,911.4403314000006
60.86700000000002,-0.0005185379999999989,433.6698,913.4291922000002
60.87700000000001,-0.00016296600000001438,434.66339999999997,911.4403314000006
60.887,-0.0003407520000000136,432.6762,909.4514706000004
60.89699999999999,-0.0003407520000000136,433.6698,909.4514706000004
60.90699999999998,-0.00016296600000001438,405.849,879.6185586000001
60.91699999999997,-0.00016296600000001438,405.849,879.6185586000001
60.94400000000002,-0.0003407520000000136,405.849,877.6296978000005
60.95400000000001,-0.0003407520000000136,406.8426,879.6185586000001
60.962999999999965,1.4819999999998723e-05,408.8298,881.6074194000003
60.97300000000001,1.4819999999998723e-05,407.83619999999996,881.6074194000003
60.983000000000004,0.00037039200000001105,407.83619999999996,875.6408370000004
60.99200000000002,-0.00016296600000001438,409.8234,879.6185586000001
61.00200000000001,1.4819999999998723e-05,409.8234,877.6296978000005
61.01099999999997,-0.00016296600000001438,408.8298,879.6185586000001
61.021000000000015,1.4819999999998723e-05,410.817,881.6074194000003
61.02999999999997,-0.00016296600000001438,407.83619999999996,877.6296978000005
61.039999999999964,-0.00016296600000001438,381.009,851.7745074000004
61.04899999999998,1.4819999999998723e-05,381.009,849.7856466000003
61.07900000000001,-0.0003407520000000136,378.02819999999997,847.7967858000006
61.089,-0.0003407520000000136,382.0026,849.7856466000003
61.09899999999999,-0.0005185379999999989,381.009,849.7856466000003
61.117999999999995,-0.00016296600000001438,382.0026,847.7967858000006
61.12700000000001,-0.00016296600000001438,382.0026,849.7856466000003
61.137,-0.00016296600000001438,383.9898,851.7745074000004
61.14699999999999,-0.00016296600000001438,383.9898,849.7856466000003
61.15699999999998,-0.0005185379999999989,383.9898,851.7745074000004
61.168000000000006,-0.00016296600000001438,382.0026,847.7967858000006
61.178,-0.0005185379999999989,351.20099999999996,817.9638738000003
61.18700000000001,1.4819999999998723e-05,354.1818,817.9638738000003
61.214,-0.00016296600000001438,350.2074,815.9750130000002
61.22399999999999,-0.00016296600000001438,355.17539999999997,817.9638738000003
61.23399999999998,-0.00016296600000001438,355.17539999999997,817.9638738000003
61.242999999999995,-0.00016296600000001438,354.1818,817.9638738000003
61.252999999999986,-0.0003407520000000136,352.1946,813.9861522000006
61.262,-0.0005185379999999989,354.1818,821.9415954000001
61.27199999999999,-0.00016296600000001438,355.17539999999997,819.9527346000004
61.281000000000006,-0.0003407520000000136,356.169,819.9527346000004
61.291,-0.0003407520000000136,357.1626,819.9527346000004
61.30000000000001,-0.0005185379999999989,354.1818,819.9527346000004
61.31,-0.00016296600000001438,354.1818,788.1309618000005
61.31900000000002,-0.00016296600000001438,353.1882,788.1309618000005
61.34899999999999,-0.00016296600000001438,349.2138,786.1421010000004
61.35899999999998,-0.0003407520000000136,351.20099999999996,792.1086834000002
61.36899999999997,-0.0003407520000000136,350.2074,790.1198226000006
61.38799999999998,-0.0005185379999999989,350.2074,786.1421010000004
61.39799999999997,-0.0003407520000000136,351.20099999999996,788.1309618000005
61.408000000000015,-0.00016296600000001438,351.20099999999996,790.1198226000006
61.418000000000006,-0.00016296600000001438,352.1946,790.1198226000006
61.428,-0.0005185379999999989,350.2074,792.1086834000002
61.43799999999999,-0.0003407520000000136,350.2074,786.1421010000004
61.44799999999998,0.00037039200000001105,352.1946,756.3091890000005
61.45799999999997,0.00019260599999999795,351.20099999999996,758.2980498000002
61.48399999999998,-0.0003407520000000136,349.2138,758.2980498000002
61.49399999999997,-0.00016296600000001438,352.1946,762.2757713999999
61.502999999999986,-0.00016296600000001438,353.1882,758.2980498000002
61.51299999999998,1.4819999999998723e-05,352.1946,760.2869106000003
61.52999999999997,1.4819999999998723e-05,349.2138,754.3203282000004
61.53899999999999,-0.00016296600000001438,352.1946,758.2980498000002
61.55799999999999,1.4819999999998723e-05,353.1882,758.2980498000002
61.567999999999984,-0.0005185379999999989,350.2074,758.2980498000002
61.577999999999975,0.00037039200000001105,353.1882,728.4651377999999
61.587999999999965,0.00019260599999999795,352.1946,728.4651377999999
61.59800000000001,-0.00016296600000001438,351.20099999999996,730.4539986
61.620000000000005,0.00019260599999999795,350.2074,726.4762770000002
61.62900000000002,-0.00016296600000001438,351.20099999999996,728.4651377999999
61.64799999999997,1.4819999999998723e-05,353.1882,728.4651377999999
61.658000000000015,-0.0003407520000000136,348.2202,726.4762770000002
61.668000000000006,-0.00016296600000001438,354.1818,728.4651377999999
61.678,1.4819999999998723e-05,353.1882,728.4651377999999
61.68799999999999,-0.0003407520000000136,350.2074,728.4651377999999
61.69799999999998,-0.00016296600000001438,351.20099999999996,726.4762770000002
61.70799999999997,-0.00016296600000001438,353.1882,722.4985554
61.71800000000002,0.00037039200000001105,355.17539999999997,694.6545042
61.72800000000001,0.00019260599999999795,354.1818,694.6545042
61.75400000000002,1.4819999999998723e-05,354.1818,696.6433650000001
61.79899999999998,1.4819999999998723e-05,351.20099999999996,692.6656434000001
61.84499999999997,-0.00016296600000001438,349.2138,692.6656434000001
61.853999999999985,-0.0003407520000000136,349.2138,694.6545042
61.863999999999976,-0.0003407520000000136,351.20099999999996,698.6322258
61.87299999999999,-0.0003407520000000136,350.2074,696.6433650000001
61.88299999999998,1.4819999999998723e-05,351.20099999999996,692.6656434000001
61.891999999999996,-0.0005185379999999989,352.1946,698.6322258
61.90199999999999,-0.00016296600000001438,352.1946,694.6545042
61.911,1.4819999999998723e-05,353.1882,696.6433650000001
61.92099999999999,-0.00016296600000001438,351.20099999999996,696.6433650000001
61.93000000000001,-0.0003407520000000136,351.20099999999996,694.6545042
61.94,1.4819999999998723e-05,351.20099999999996,664.8215921999999
61.959,-0.00016296600000001438,351.20099999999996,666.8104530000003
61.978999999999985,-0.00016296600000001438,348.2202,660.8438706000002
61.99899999999997,0.00019260599999999795,353.1882,662.8327314000001
62.009000000000015,0.00019260599999999795,354.1818,664.8215921999999
62.019000000000005,-0.00016296600000001438,348.2202,660.8438706000002
62.028999999999996,1.4819999999998723e-05,352.1946,662.8327314000001
62.03899999999999,1.4819999999998723e-05,350.2074,660.8438706000002
62.04899999999998,-0.00016296600000001438,351.20099999999996,664.8215921999999
62.05899999999997,-0.00016296600000001438,352.1946,664.8215921999999
62.06900000000002,-0.00016296600000001438,351.20099999999996,664.8215921999999
62.07900000000001,1.4819999999998723e-05,352.1946,636.9775410000002
62.089,0.00019260599999999795,351.20099999999996,634.9886802000001
62.11500000000001,-0.00016296600000001438,349.2138,632.9998194000002
62.12399999999997,-0.00016296600000001438,351.20099999999996,634.9886802000001
62.134000000000015,-0.00016296600000001438,352.1946,636.9775410000002
62.14299999999997,-0.00016296600000001438,352.1946,634.9886802000001
62.15299999999996,1.4819999999998723e-05,349.2138,631.0109586000001
62.16199999999998,-0.00016296600000001438,351.20099999999996,634.9886802000001
62.17199999999997,-0.00016296600000001438,350.2074,634.9886802000001
62.18099999999998,-0.0003407520000000136,351.20099999999996,636.9775410000002
62.190999999999974,-0.00016296600000001438,352.1946,634.9886802000001
62.19999999999999,-0.0003407520000000136,348.2202,634.9886802000001
62.20999999999998,-0.00016296600000001438,352.1946,607.1446289999999
62.25,-0.0003407520000000136,350.2074,601.1780466
62.269000000000005,1.4819999999998723e-05,353.1882,603.1669074000001
62.278999999999996,-0.0003407520000000136,351.20099999999996,607.1446289999999
62.28899999999999,-0.00016296600000001438,350.2074,603.1669074000001
62.29899999999998,-0.00016296600000001438,351.20099999999996,603.1669074000001
62.30899999999997,1.4819999999998723e-05,353.1882,603.1669074000001
62.31900000000002,1.4819999999998723e-05,353.1882,607.1446289999999
62.32900000000001,-0.00016296600000001438,351.20099999999996,605.1557682
62.34300000000002,-0.00016296600000001438,351.20099999999996,573.3339954
62.351999999999975,-0.00016296600000001438,351.20099999999996,571.3451345999999
62.361999999999966,1.4819999999998723e-05,353.1882,573.3339954
62.38499999999999,1.4819999999998723e-05,351.20099999999996,571.3451345999999
62.394000000000005,-0.00016296600000001438,355.17539999999997,575.3228562000002
62.403999999999996,-0.00016296600000001438,354.1818,575.3228562000002
62.41300000000001,1.4819999999998723e-05,351.20099999999996,575.3228562000002
62.423,-0.0003407520000000136,351.20099999999996,571.3451345999999
62.432000000000016,-0.00016296600000001438,353.1882,575.3228562000002
62.44200000000001,1.4819999999998723e-05,353.1882,573.3339954
62.450999999999965,-0.00016296600000001438,352.1946,573.3339954
62.46100000000001,-0.00016296600000001438,352.1946,575.3228562000002
62.46999999999997,-0.00016296600000001438,349.2138,571.3451345999999
62.49000000000001,0.00019260599999999795,353.1882,543.5010834000002
62.5,1.4819999999998723e-05,353.1882,541.5122226000001
62.51999999999998,-0.00016296600000001438,349.2138,541.5122226000001
62.528999999999996,-0.00016296600000001438,352.1946,541.5122226000001
62.53899999999999,-0.00016296600000001438,350.2074,541.5122226000001
62.548,1.4819999999998723e-05,351.20099999999996,543.5010834000002
62.55799999999999,1.4819999999998723e-05,352.1946,541.5122226000001
62.56700000000001,1.4819999999998723e-05,353.1882,541.5122226000001
62.577,0.00019260599999999795,353.1882,541.5122226000001
62.58600000000001,-0.00016296600000001438,351.20099999999996,543.5010834000002
62.596000000000004,0.00019260599999999795,353.1882,541.5122226000001
62.60500000000002,-0.0005185379999999989,348.2202,541.5122226000001
62.61500000000001,1.4819999999998723e-05,353.1882,513.6681714000001
62.625,1.4819999999998723e-05,353.1882,515.6570322
62.65499999999997,-0.00016296600000001438,348.2202,511.6793106
62.66399999999999,-0.0003407520000000136,352.1946,513.6681714000001
62.67399999999998,-0.0005185379999999989,349.2138,513.6681714000001
62.68299999999999,-0.00016296600000001438,352.1946,515.6570322
62.692999999999984,-0.00016296600000001438,352.1946,509.6904498000001
62.702,-0.00016296600000001438,351.20099999999996,513.6681714000001
62.71199999999999,0.00019260599999999795,353.1882,511.6793106
62.721000000000004,-0.00016296600000001438,353.1882,511.6793106
62.730999999999995,-0.00016296600000001438,353.1882,513.6681714000001
62.75,1.4819999999998723e-05,351.20099999999996,485.82412020000015
62.75999999999999,1.4819999999998723e-05,353.1882,485.82412020000015
62.76999999999998,-0.00016296600000001438,351.20099999999996,485.82412020000015
62.789999999999964,-0.00016296600000001438,352.1946,483.83525940000004
62.79899999999998,-0.0003407520000000136,352.1946,487.81298100000004
62.80899999999997,1.4819999999998723e-05,351.20099999999996,485.82412020000015
62.817999999999984,-0.00016296600000001438,351.20099999999996,485.82412020000015
62.827999999999975,1.4819999999998723e-05,351.20099999999996,485.82412020000015
62.83699999999999,-0.00016296600000001438,351.20099999999996,483.83525940000004
62.84699999999998,-0.00016296600000001438,351.20099999999996,485.82412020000015
62.855999999999995,-0.00016296600000001438,351.20099999999996,485.82412020000015
62.865999999999985,1.4819999999998723e-05,352.1946,485.82412020000015
62.875,1.4819999999998723e-05,352.1946,483.83525940000004
62.88499999999999,1.4819999999998723e-05,352.1946,457.98006899999996
62.89499999999998,0.00037039200000001105,353.1882,455.9912082000001
62.92500000000001,0.00019260599999999795,351.20099999999996,454.0023474000002
62.93399999999997,0.00019260599999999795,353.1882,454.0023474000002
62.94400000000002,0.00019260599999999795,354.1818,455.9912082000001
62.952999999999975,1.4819999999998723e-05,352.1946,457.98006899999996
62.962999999999965,1.4819999999998723e-05,352.1946,454.0023474000002
62.97199999999998,1.4819999999998723e-05,352.1946,455.9912082000001
62.98199999999997,0.00019260599999999795,349.2138,455.9912082000001
62.990999999999985,-0.00016296600000001438,351.20099999999996,457.98006899999996
63.01099999999997,1.4819999999998723e-05,350.2074,455.9912082000001
63.021000000000015,0.0005481779999999825,354.1818,428.1471570000001
63.02999999999997,0.00019260599999999795,350.2074,426.1582962
63.06,0.00019260599999999795,348.2202,424.1694354000001
63.06900000000002,1.4819999999998723e-05,353.1882,428.1471570000001
63.07900000000001,1.4819999999998723e-05,350.2074,426.1582962
63.087999999999965,0.00019260599999999795,351.20099999999996,424.1694354000001
63.09800000000001,1.4819999999998723e-05,351.20099999999996,428.1471570000001
63.10699999999997,1.4819999999998723e-05,349.2138,428.1471570000001
63.11700000000002,-0.00016296600000001438,352.1946,430.1360178000002
63.125999999999976,0.00019260599999999795,351.20099999999996,426.1582962
63.15299999999996,0.0005481779999999825,349.2138,396.32538420000014
63.16199999999998,0.00019260599999999795,353.1882,400.30310580000014
63.19499999999999,0.00019260599999999795,349.2138,396.32538420000014
63.20400000000001,0.00019260599999999795,352.1946,398.314245
63.214,1.4819999999998723e-05,351.20099999999996,400.30310580000014
63.22300000000001,0.00037039200000001105,352.1946,396.32538420000014
63.233000000000004,0.00037039200000001105,353.1882,396.32538420000014
63.24200000000002,1.4819999999998723e-05,353.1882,400.30310580000014
63.25200000000001,0.00019260599999999795,351.20099999999996,396.32538420000014
63.271000000000015,0.0005481779999999825,354.1818,398.314245
63.281000000000006,0.00019260599999999795,352.1946,396.32538420000014
63.291,0.0007259639999999956,350.2074,368.48133299999995
63.30099999999999,0.0007259639999999956,353.1882,368.48133299999995
63.329999999999984,0.00037039200000001105,346.233,362.51475060000007
63.339,0.00037039200000001105,351.20099999999996,368.48133299999995
63.34899999999999,0.0007259639999999956,351.20099999999996,364.5036114000002
63.358000000000004,0.0005481779999999825,351.20099999999996,366.49247220000007
63.367999999999995,0.00019260599999999795,349.2138,368.48133299999995
63.37700000000001,0.00037039200000001105,351.20099999999996,368.48133299999995
63.387,0.00037039200000001105,352.1946,368.48133299999995
63.423,0.0014371079999999925,351.20099999999996,336.6595602000002
63.432000000000016,0.0009037499999999948,352.1946,336.6595602000002
63.464999999999975,0.0007259639999999956,351.20099999999996,334.6706993999999
63.47399999999999,0.0007259639999999956,350.2074,336.6595602000002
63.48399999999998,0.0005481779999999825,352.1946,338.6484210000001
63.492999999999995,0.00037039200000001105,351.20099999999996,338.6484210000001
63.502999999999986,0.0009037499999999948,350.2074,332.6818386
63.512,0.0005481779999999825,351.20099999999996,338.6484210000001
63.52199999999999,0.0005481779999999825,351.20099999999996,336.6595602000002
63.541,0.00037039200000001105,351.20099999999996,338.6484210000001
63.55099999999999,0.0005481779999999825,352.1946,336.6595602000002
63.56099999999998,0.0016148939999999917,349.2138,306.82664820000014
63.57099999999997,0.0012593219999999933,355.17539999999997,308.815509
63.599999999999966,0.0009037499999999948,351.20099999999996,304.8377874
63.60899999999998,0.0007259639999999956,351.20099999999996,308.815509
63.61899999999997,0.0007259639999999956,350.2074,306.82664820000014
63.627999999999986,0.0007259639999999956,352.1946,306.82664820000014
63.63799999999998,0.0007259639999999956,349.2138,302.84892660000014
63.64699999999999,0.0007259639999999956,353.1882,310.8043697999999
63.65699999999998,0.0005481779999999825,349.2138,304.8377874
63.666,0.0007259639999999956,351.20099999999996,306.82664820000014
63.67599999999999,0.0005481779999999825,350.2074,306.82664820000014
63.68599999999998,0.0007259639999999956,349.2138,302.84892660000014
63.69499999999999,0.001792679999999991,354.1818,276.99373620000006
63.704999999999984,0.0009037499999999948,353.1882,278.98259699999994
63.735000000000014,0.0009037499999999948,349.2138,275.00487539999995
63.74399999999997,0.0007259639999999956,353.1882,278.98259699999994
63.75400000000002,0.0005481779999999825,353.1882,278.98259699999994
63.76299999999998,0.0007259639999999956,352.1946,278.98259699999994
63.77299999999997,0.0009037499999999948,350.2074,275.00487539999995
63.78199999999998,0.0005481779999999825,350.2074,278.98259699999994
63.801999999999964,0.0007259639999999956,351.20099999999996,278.98259699999994
63.81200000000001,0.0009037499999999948,353.1882,276.99373620000006
63.822,0.0009037499999999948,352.1946,275.00487539999995
63.831999999999994,0.0012593219999999933,354.1818,247.1608242000002
63.841999999999985,0.0009037499999999948,353.1882,245.17196339999987
63.870000000000005,0.0007259639999999956,349.2138,243.18310259999998
63.87900000000002,0.0009037499999999948,353.1882,245.17196339999987
63.88900000000001,0.0007259639999999956,351.20099999999996,247.1608242000002
63.89799999999997,0.0007259639999999956,351.20099999999996,247.1608242000002
63.908000000000015,0.0007259639999999956,349.2138,245.17196339999987
63.918000000000006,0.0005481779999999825,351.20099999999996,245.17196339999987
63.926999999999964,0.0007259639999999956,352.1946,245.17196339999987
63.93700000000001,0.0009037499999999948,353.1882,245.17196339999987
63.94599999999997,0.00037039200000001105,351.20099999999996,247.1608242000002
63.95600000000002,0.0007259639999999956,349.2138,245.17196339999987
63.964999999999975,0.0007259639999999956,352.1946,215.33905140000002
63.974999999999966,0.0005481779999999825,350.2074,217.32791220000013
64.005,0.0005481779999999825,349.2138,213.35019060000013
64.01400000000001,0.0005481779999999825,352.1946,215.33905140000002
64.024,0.00019260599999999795,350.2074,215.33905140000002
64.03300000000002,0.00019260599999999795,351.20099999999996,215.33905140000002
64.043,0.00037039200000001105,349.2138,215.33905140000002
64.06200000000001,0.0005481779999999825,353.1882,215.33905140000002
64.072,0.0005481779999999825,352.1946,215.33905140000002
64.082,0.00037039200000001105,352.1946,217.32791220000013
64.09199999999998,0.00037039200000001105,353.1882,213.35019060000013
64.10199999999998,0.0005481779999999825,351.20099999999996,187.49500020000005
64.11199999999997,0.00019260599999999795,351.20099999999996,187.49500020000005
64.13999999999999,0.00037039200000001105,350.2074,185.50613939999994
64.149,0.0005481779999999825,352.1946,187.49500020000005
64.15899999999999,1.4819999999998723e-05,352.1946,187.49500020000005
64.168,0.00019260599999999795,353.1882,187.49500020000005
64.178,0.00019260599999999795,349.2138,187.49500020000005
64.18700000000001,0.00037039200000001105,351.20099999999996,185.50613939999994
64.197,0.00037039200000001105,351.20099999999996,187.49500020000005
64.20600000000002,0.0005481779999999825,352.1946,187.49500020000005
64.21600000000001,0.00019260599999999795,348.2202,185.50613939999994
64.226,0.00019260599999999795,349.2138,185.50613939999994
64.23500000000001,0.0007259639999999956,352.1946,155.6732274000001
64.245,0.00037039200000001105,352.1946,157.6620882000002
64.27499999999998,0.00019260599999999795,352.1946,157.6620882000002
64.32,0.0005481779999999825,352.1946,157.6620882000002
64.36500000000001,0.00037039200000001105,349.2138,155.6732274000001
64.37399999999997,0.0005481779999999825,352.1946,155.6732274000001
64.38400000000001,0.0005481779999999825,353.1882,157.6620882000002
64.40299999999996,0.0007259639999999956,352.1946,153.68436659999998
64.41300000000001,0.00037039200000001105,351.20099999999996,157.6620882000002
64.423,0.0009037499999999948,352.1946,157.6620882000002
64.43299999999999,0.00037039200000001105,348.2202,157.6620882000002
64.44299999999998,0.0007259639999999956,354.1818,155.6732274000001
64.45299999999997,0.0005481779999999825,350.2074,153.68436659999998
64.46299999999997,0.0005481779999999825,353.1882,125.84031540000001
64.47300000000001,0.0005481779999999825,351.20099999999996,125.84031540000001
64.5,0.0005481779999999825,351.20099999999996,125.84031540000001
64.50900000000001,0.0009037499999999948,355.17539999999997,127.82917620000012
64.519,0.0005481779999999825,352.1946,127.82917620000012
64.52799999999996,0.0009037499999999948,351.20099999999996,125.84031540000001
64.53800000000001,0.0009037499999999948,350.2074,125.84031540000001
64.548,0.0009037499999999948,352.1946,125.84031540000001
64.55700000000002,0.0009037499999999948,353.1882,127.82917620000012
64.56700000000001,0.0007259639999999956,350.2074,125.84031540000001
64.57599999999996,0.001081535999999994,354.1818,125.84031540000001
64.58600000000001,0.0007259639999999956,349.2138,123.85145460000012
64.59499999999997,0.0009037499999999948,352.1946,97.99626420000004
64.60500000000002,0.0009037499999999948,353.1882,97.99626420000004
64.63499999999999,0.0007259639999999956,347.22659999999996,96.00740339999993
64.644,0.0007259639999999956,351.20099999999996,96.00740339999993
64.654,0.001081535999999994,352.1946,96.00740339999993
64.673,0.001081535999999994,352.1946,94.01854260000005
64.68299999999999,0.001081535999999994,353.1882,96.00740339999993
64.69299999999998,0.0009037499999999948,352.1946,97.99626420000004
64.70299999999997,0.001081535999999994,351.20099999999996,96.00740339999993
64.71299999999997,0.0012593219999999933,354.1818,96.00740339999993
64.72300000000001,0.0007259639999999956,347.22659999999996,94.01854260000005
64.733,0.0007259639999999956,351.20099999999996,68.16335219999996
64.743,0.0009037499999999948,352.1946,66.17449140000008
64.76999999999998,0.0007259639999999956,349.2138,64.1856306000002
64.779,0.0009037499999999948,349.2138,68.16335219999996
64.78899999999999,0.0009037499999999948,353.1882,68.16335219999996
64.798,0.0009037499999999948,352.1946,68.16335219999996
64.80799999999999,0.0009037499999999948,350.2074,62.196769799999856
64.81799999999998,0.0007259639999999956,352.1946,66.17449140000008
64.827,0.001081535999999994,352.1946,66.17449140000008
64.83699999999999,0.001081535999999994,354.1818,66.17449140000008
64.846,0.0009037499999999948,352.1946,68.16335219999996
64.856,0.0009037499999999948,352.1946,64.1856306000002
64.86500000000001,0.0009037499999999948,350.2074,38.330440199999884
64.875,0.00037039200000001105,350.2074,38.330440199999884
64.90499999999997,0.0005481779999999825,350.2074,36.3415794
64.91399999999999,0.0005481779999999825,352.1946,36.3415794
64.93299999999999,0.0005481779999999825,351.20099999999996,36.3415794
64.94400000000002,0.0007259639999999956,348.2202,36.3415794
64.95299999999997,0.0009037499999999948,352.1946,36.3415794
64.96299999999997,0.0009037499999999948,353.1882,36.3415794
64.97399999999999,0.0009037499999999948,354.1818,36.3415794
64.983,0.0007259639999999956,352.1946,38.330440199999884
64.99399999999997,0.0005481779999999825,352.1946,34.35271860000012
65.00400000000002,0.0007259639999999956,352.1946,8.497528200000033
65.01400000000001,0.0005481779999999825,351.20099999999996,6.508667400000149
65.03999999999996,0.00019260599999999795,347.22659999999996,4.519806600000038
65.04899999999998,0.00019260599999999795,350.2074,8.497528200000033
65.05899999999997,0.0005481779999999825,350.2074,6.508667400000149
65.06799999999998,0.0007259639999999956,353.1882,6.508667400000149
65.07799999999997,0.0005481779999999825,350.2074,6.508667400000149
65.08799999999997,0.0005481779999999825,352.1946,6.508667400000149
65.09699999999998,0.0005481779999999825,351.20099999999996,6.508667400000149
65.10699999999997,0.0007259639999999956,353.1882,6.508667400000149
65.11599999999999,0.0009037499999999948,354.1818,6.508667400000149
65.12599999999998,0.0005481779999999825,350.2074,2.5309457999999267
65.13499999999999,0.00037039200000001105,351.20099999999996,8.497528200000033
65.14499999999998,0.0005481779999999825,351.20099999999996,6.508667400000149
65.17500000000001,0.0005481779999999825,349.2138,4.519806600000038
65.19400000000002,0.0005481779999999825,352.1946,8.497528200000033
65.20400000000001,0.00037039200000001105,351.20099999999996,8.497528200000033
65.214,0.0005481779999999825,349.2138,6.508667400000149
65.22399999999999,0.0007259639999999956,352.1946,6.508667400000149
65.23399999999998,0.00037039200000001105,352.1946,6.508667400000149
65.24399999999997,0.0007259639999999956,352.1946,8.497528200000033
65.25400000000002,0.0005481779999999825,350.2074,6.508667400000149
65.26400000000001,0.0005481779999999825,354.1818,6.508667400000149
65.274,0.0009037499999999948,351.20099999999996,36.3415794
65.28399999999999,0.0012593219999999933,353.1882,38.330440199999884
65.31,0.0007259639999999956,349.2138,36.3415794
65.31900000000002,0.0012593219999999933,352.1946,38.330440199999884
65.32900000000001,0.0012593219999999933,353.1882,36.3415794
65.33799999999997,0.0012593219999999933,351.20099999999996,36.3415794
65.34800000000001,0.001081535999999994,351.20099999999996,36.3415794
65.358,0.0012593219999999933,350.2074,36.3415794
65.36700000000002,0.0012593219999999933,352.1946,38.330440199999884
65.37700000000001,0.0012593219999999933,351.20099999999996,36.3415794
65.38599999999997,0.0009037499999999948,352.1946,38.330440199999884
65.40299999999996,0.0014371079999999925,351.20099999999996,66.17449140000008
65.41300000000001,0.0021482519999999894,352.1946,68.16335219999996
65.445,0.001792679999999991,349.2138,64.1856306000002
65.45400000000001,0.0021482519999999894,352.1946,66.17449140000008
65.464,0.001792679999999991,352.1946,68.16335219999996
65.47399999999999,0.001970466000000004,353.1882,66.17449140000008
65.48500000000001,0.0021482519999999894,351.20099999999996,62.196769799999856
65.49399999999997,0.001970466000000004,351.20099999999996,66.17449140000008
65.50400000000002,0.0021482519999999894,353.1882,64.1856306000002
65.51400000000001,0.001792679999999991,352.1946,66.17449140000008
65.524,0.001970466000000004,353.1882,66.17449140000008
65.53499999999997,0.0016148939999999917,352.1946,66.17449140000008
65.54500000000002,0.0023260380000000025,351.20099999999996,96.00740339999993
65.55399999999997,0.0028593959999999863,351.20099999999996,97.99626420000004
65.57999999999998,0.002681610000000001,349.2138,96.00740339999993
65.589,0.002681610000000001,353.1882,99.98512500000015
65.59899999999999,0.0028593959999999863,352.1946,96.00740339999993
65.608,0.0030371819999999994,353.1882,96.00740339999993
65.618,0.002681610000000001,350.2074,94.01854260000005
65.62799999999999,0.0028593959999999863,355.17539999999997,97.99626420000004
65.637,0.0028593959999999863,354.1818,97.99626420000004
65.64699999999999,0.002503823999999988,351.20099999999996,97.99626420000004
65.656,0.002681610000000001,352.1946,96.00740339999993
65.666,0.0021482519999999894,354.1818,96.00740339999993
65.67500000000001,0.003392753999999998,351.20099999999996,125.84031540000001
65.695,0.0039261119999999955,351.20099999999996,123.85145460000012
65.71499999999997,0.004103897999999995,352.1946,123.85145460000012
65.72499999999997,0.0037483259999999963,349.2138,125.84031540000001
65.73500000000001,0.0037483259999999963,353.1882,125.84031540000001
65.745,0.0037483259999999963,353.1882,125.84031540000001
65.755,0.003570539999999997,352.1946,121.86259380000024
65.76499999999999,0.003392753999999998,351.20099999999996,127.82917620000012
65.77499999999998,0.0037483259999999963,352.1946,125.84031540000001
65.78499999999997,0.003570539999999997,352.1946,125.84031540000001
65.79500000000002,0.003570539999999997,353.1882,125.84031540000001
65.80799999999999,0.004281683999999994,353.1882,157.6620882000002
65.81799999999998,0.00517061399999999,351.20099999999996,155.6732274000001
65.827,0.004637255999999992,350.2074,157.6620882000002
65.84999999999997,0.004992828000000005,351.20099999999996,155.6732274000001
65.85899999999998,0.004992828000000005,352.1946,157.6620882000002
65.86899999999997,0.004815041999999992,350.2074,155.6732274000001
65.87799999999999,0.004637255999999992,351.20099999999996,159.65094900000008
65.88799999999998,0.004637255999999992,349.2138,155.6732274000001
65.89799999999997,0.004815041999999992,353.1882,157.6620882000002
65.90699999999998,0.004459469999999993,352.1946,157.6620882000002
65.91699999999997,0.004459469999999993,354.1818,157.6620882000002
65.92599999999999,0.004815041999999992,352.1946,155.6732274000001
65.93599999999998,0.0039261119999999955,349.2138,155.6732274000001
65.95499999999998,0.0064151159999999985,353.1882,187.49500020000005
65.96499999999997,0.0064151159999999985,353.1882,185.50613939999994
65.98500000000001,0.006059544,348.2202,185.50613939999994
65.99399999999997,0.005881757999999987,351.20099999999996,189.48386100000016
66.00400000000002,0.006059544,354.1818,187.49500020000005
66.01299999999998,0.006059544,353.1882,187.49500020000005
66.02299999999997,0.005881757999999987,349.2138,183.51727860000005
66.03300000000002,0.005703972000000002,352.1946,187.49500020000005
66.04199999999997,0.005881757999999987,353.1882,185.50613939999994
66.05199999999996,0.005881757999999987,352.1946,187.49500020000005
66.06099999999998,0.005703972000000002,353.1882,187.49500020000005
66.07099999999997,0.005881757999999987,349.2138,181.52841780000017
66.07999999999998,0.007126259999999995,354.1818,217.32791220000013
66.08999999999997,0.007837403999999992,351.20099999999996,217.32791220000013
66.12,0.007481831999999994,350.2074,217.32791220000013
66.16499999999996,0.007304045999999995,350.2074,215.33905140000002
66.17399999999998,0.007304045999999995,351.20099999999996,217.32791220000013
66.18399999999997,0.007304045999999995,352.1946,213.35019060000013
66.19299999999998,0.007126259999999995,352.1946,217.32791220000013
66.20299999999997,0.007126259999999995,351.20099999999996,215.33905140000002
66.21299999999997,0.007126259999999995,354.1818,217.32791220000013
66.22199999999998,0.007126259999999995,352.1946,215.33905140000002
66.23199999999997,0.007126259999999995,352.1946,215.33905140000002
66.24099999999999,0.007126259999999995,352.1946,215.33905140000002
66.25099999999998,0.006770687999999997,351.20099999999996,213.35019060000013
66.25999999999999,0.008015189999999991,351.20099999999996,247.1608242000002
66.26999999999998,0.008904119999999988,353.1882,247.1608242000002
66.30000000000001,0.008904119999999988,349.2138,243.18310259999998
66.31,0.008904119999999988,350.2074,245.17196339999987
66.31900000000002,0.009081906,352.1946,245.17196339999987
66.32799999999997,0.008726334000000002,353.1882,245.17196339999987
66.33799999999997,0.009081906,351.20099999999996,241.1942418000001
66.34800000000001,0.00854854799999999,353.1882,247.1608242000002
66.35699999999997,0.00854854799999999,350.2074,245.17196339999987
66.36700000000002,0.008904119999999988,354.1818,245.17196339999987
66.38599999999997,0.008370762000000004,351.20099999999996,243.18310259999998
66.39600000000002,0.009970835999999997,351.20099999999996,276.99373620000006
66.406,0.010859765999999993,349.2138,276.99373620000006
66.435,0.011037551999999992,351.20099999999996,276.99373620000006
66.44400000000002,0.010859765999999993,351.20099999999996,276.99373620000006
66.48000000000002,0.010326407999999995,348.2202,275.00487539999995
66.49000000000001,0.010148621999999996,353.1882,280.97145780000005
66.49899999999997,0.010148621999999996,350.2074,276.99373620000006
66.50799999999998,0.010326407999999995,351.20099999999996,276.99373620000006
66.51799999999997,0.010504193999999994,352.1946,275.00487539999995
66.52799999999996,0.009970835999999997,351.20099999999996,278.98259699999994
66.53699999999998,0.010148621999999996,354.1818,276.99373620000006
66.55599999999998,0.009793049999999984,351.20099999999996,276.99373620000006
66.56599999999997,0.009793049999999984,351.20099999999996,275.00487539999995
66.57599999999996,0.011393124000000004,352.1946,308.815509
66.58600000000001,0.012637625999999999,353.1882,306.82664820000014
66.61500000000001,0.012637625999999999,351.20099999999996,304.8377874
66.62399999999997,0.012459839999999986,354.1818,306.82664820000014
66.63400000000001,0.012637625999999999,351.20099999999996,306.82664820000014
66.64299999999997,0.012637625999999999,353.1882,306.82664820000014
66.65299999999996,0.012459839999999986,352.1946,306.82664820000014
66.66300000000001,0.012459839999999986,352.1946,306.82664820000014
66.67199999999997,0.012104268000000001,354.1818,308.815509
66.68200000000002,0.011926481999999988,350.2074,306.82664820000014
66.69099999999997,0.012104268000000001,350.2074,306.82664820000014
66.70099999999996,0.011748696000000003,351.20099999999996,306.82664820000014
66.70999999999998,0.013704341999999994,351.20099999999996,336.6595602000002
66.71999999999997,0.014771058000000004,349.2138,338.6484210000001
66.75,0.014771058000000004,350.2074,336.6595602000002
66.75999999999999,0.014948843999999989,354.1818,336.6595602000002
66.769,0.01459327199999999,352.1946,338.6484210000001
66.779,0.014771058000000004,353.1882,336.6595602000002
66.78800000000001,0.014771058000000004,355.17539999999997,336.6595602000002
66.798,0.014771058000000004,354.1818,336.6595602000002
66.81599999999997,0.01459327199999999,351.20099999999996,334.6706993999999
66.83999999999997,0.014415486000000005,353.1882,336.6595602000002
66.88799999999998,0.015837773999999985,352.1946,366.49247220000007
66.89799999999997,0.016904489999999994,352.1946,368.48133299999995
66.93,0.016904489999999994,348.2202,366.49247220000007
66.94,0.017260061999999993,353.1882,366.49247220000007
66.94900000000001,0.017082275999999993,352.1946,366.49247220000007
66.959,0.016726703999999995,351.20099999999996,368.48133299999995
66.96800000000002,0.016904489999999994,352.1946,364.5036114000002
66.97800000000001,0.016548917999999996,353.1882,368.48133299999995
66.99700000000001,0.016548917999999996,354.1818,368.48133299999995
67.007,0.016371131999999997,352.1946,368.48133299999995
67.017,0.016193345999999983,350.2074,364.5036114000002
67.02699999999999,0.01797120599999999,353.1882,398.314245
67.03699999999998,0.019393493999999997,355.17539999999997,400.30310580000014
67.065,0.019571279999999996,350.2074,394.33652340000026
67.07499999999999,0.019037922,352.1946,400.30310580000014
67.084,0.019215707999999984,352.1946,396.32538420000014
67.094,0.019037922,352.1946,396.32538420000014
67.10300000000001,0.01868235,348.2202,394.33652340000026
67.113,0.018504563999999987,351.20099999999996,398.314245
67.12200000000001,0.018504563999999987,351.20099999999996,398.314245
67.132,0.018504563999999987,351.20099999999996,398.314245
67.14100000000002,0.01868235,353.1882,398.314245
67.15100000000001,0.018504563999999987,352.1946,396.32538420000014
67.161,0.019926851999999995,352.1946,426.1582962
67.17000000000002,0.021349140000000003,352.1946,428.1471570000001
67.19999999999999,0.02099356799999999,349.2138,426.1582962
67.20999999999998,0.02081578199999999,353.1882,428.1471570000001
67.219,0.02099356799999999,351.20099999999996,426.1582962
67.22899999999998,0.020637995999999992,351.20099999999996,428.1471570000001
67.238,0.020637995999999992,350.2074,424.1694354000001
67.24799999999999,0.020282423999999993,352.1946,428.1471570000001
67.267,0.020104637999999994,353.1882,428.1471570000001
67.27699999999999,0.019926851999999995,351.20099999999996,428.1471570000001
67.28699999999998,0.019926851999999995,352.1946,424.1694354000001
67.29699999999997,0.02099356799999999,352.1946,457.98006899999996
67.30700000000002,0.022949213999999996,353.1882,457.98006899999996
67.33499999999998,0.022238069999999985,352.1946,454.0023474000002
67.34499999999997,0.022238069999999985,354.1818,457.98006899999996
67.35399999999998,0.022238069999999985,353.1882,454.0023474000002
67.36399999999998,0.021704712,353.1882,457.98006899999996
67.37299999999999,0.021526925999999988,349.2138,455.9912082000001
67.38299999999998,0.021526925999999988,352.1946,455.9912082000001
67.392,0.021349140000000003,353.1882,457.98006899999996
67.40199999999999,0.021349140000000003,353.1882,455.9912082000001
67.411,0.02081578199999999,352.1946,457.98006899999996
67.42099999999999,0.020637995999999992,352.1946,454.0023474000002
67.43099999999998,0.021349140000000003,351.20099999999996,485.82412020000015
67.44,0.022771427999999996,348.2202,485.82412020000015
67.46999999999997,0.021882497999999986,348.2202,483.83525940000004
67.48000000000002,0.022060284,351.20099999999996,483.83525940000004
67.48899999999998,0.021526925999999988,351.20099999999996,487.81298100000004
67.49899999999997,0.021526925999999988,352.1946,483.83525940000004
67.50799999999998,0.021349140000000003,350.2074,483.83525940000004
67.52799999999996,0.020460210000000006,352.1946,487.81298100000004
67.53800000000001,0.020637995999999992,354.1818,485.82412020000015
67.548,0.020104637999999994,351.20099999999996,485.82412020000015
67.55799999999999,0.020104637999999994,350.2074,483.83525940000004
67.56799999999998,0.019749065999999996,352.1946,515.6570322
67.57799999999997,0.021526925999999988,353.1882,513.6681714000001
67.60500000000002,0.020637995999999992,353.1882,515.6570322
67.64999999999998,0.019393493999999997,347.22659999999996,513.6681714000001
67.65999999999997,0.019037922,351.20099999999996,513.6681714000001
67.66899999999998,0.019037922,353.1882,513.6681714000001
67.67899999999997,0.018504563999999987,353.1882,513.6681714000001
67.69799999999998,0.018504563999999987,353.1882,511.6793106
67.70799999999997,0.01797120599999999,354.1818,513.6681714000001
67.71800000000002,0.017793420000000004,351.20099999999996,511.6793106
67.72800000000001,0.017793420000000004,353.1882,513.6681714000001
67.738,0.017260061999999993,353.1882,511.6793106
67.74799999999999,0.016904489999999994,352.1946,541.5122226000001
67.75799999999998,0.01868235,350.2074,543.5010834000002
67.78499999999997,0.018504563999999987,351.20099999999996,541.5122226000001
67.79500000000002,0.018504563999999987,352.1946,541.5122226000001
67.80399999999997,0.017793420000000004,350.2074,543.5010834000002
67.81399999999996,0.01797120599999999,351.20099999999996,541.5122226000001
67.82299999999998,0.01761563399999999,350.2074,543.5010834000002
67.83299999999997,0.017793420000000004,351.20099999999996,543.5010834000002
67.84199999999998,0.017793420000000004,353.1882,541.5122226000001
67.85199999999998,0.01761563399999999,352.1946,543.5010834000002
67.86099999999999,0.01761563399999999,354.1818,543.5010834000002
67.87099999999998,0.017260061999999993,350.2074,541.5122226000001
67.88099999999997,0.016371131999999997,350.2074,575.3228562000002
67.88999999999999,0.019037922,352.1946,573.3339954
67.92000000000002,0.019215707999999984,350.2074,573.3339954
67.93,0.019215707999999984,354.1818,573.3339954
67.93899999999996,0.019393493999999997,354.1818,575.3228562000002
67.95799999999997,0.019037922,348.2202,571.3451345999999
67.96800000000002,0.019393493999999997,351.20099999999996,575.3228562000002
67.97800000000001,0.019393493999999997,351.20099999999996,571.3451345999999
67.988,0.019571279999999996,351.20099999999996,575.3228562000002
67.99799999999999,0.019926851999999995,353.1882,573.3339954
68.00900000000001,0.019926851999999995,348.2202,569.3562738
68.019,0.019037922,350.2074,607.1446289999999
68.02799999999996,0.021882497999999986,352.1946,605.1557682
68.055,0.023126999999999995,350.2074,603.1669074000001
68.065,0.023660357999999992,351.20099999999996,605.1557682
68.07400000000001,0.02383814399999999,349.2138,605.1557682
68.084,0.024727074,354.1818,603.1669074000001
68.09300000000002,0.025082646,350.2074,601.1780466
68.10300000000001,0.025438218,350.2074,605.1557682
68.11199999999997,0.025971575999999996,351.20099999999996,605.1557682
68.12200000000001,0.026504933999999994,351.20099999999996,605.1557682
68.13099999999997,0.026860505999999992,353.1882,605.1557682
68.14100000000002,0.02721607799999999,352.1946,605.1557682
68.19099999999997,0.02703829199999999,349.2138,632.9998194000002
68.19999999999999,0.029171723999999996,350.2074,634.9886802000001
68.20999999999998,0.029349509999999995,353.1882,638.9664018000001
68.22899999999998,0.030060653999999992,349.2138,634.9886802000001
68.23899999999998,0.029882867999999993,351.20099999999996,634.9886802000001
68.24899999999997,0.029882867999999993,351.20099999999996,634.9886802000001
68.25900000000001,0.029527295999999995,352.1946,636.9775410000002
68.269,0.029527295999999995,350.2074,634.9886802000001
68.279,0.029527295999999995,350.2074,632.9998194000002
68.28899999999999,0.027749436000000002,353.1882,664.8215921999999
68.29899999999998,0.029349509999999995,352.1946,664.8215921999999
68.32499999999999,0.028993937999999997,349.2138,660.8438706000002
68.33499999999998,0.028638366,353.1882,664.8215921999999
68.344,0.028282793999999986,351.20099999999996,664.8215921999999
68.35399999999998,0.027927221999999988,353.1882,666.8104530000003
68.363,0.02757164999999999,350.2074,658.8550098000001
68.37299999999999,0.02739386399999999,351.20099999999996,664.8215921999999
68.382,0.026860505999999992,351.20099999999996,666.8104530000003
68.392,0.026504933999999994,351.20099999999996,666.8104530000003
68.40100000000001,0.026327147999999995,351.20099999999996,666.8104530000003
68.411,0.026149361999999995,348.2202,664.8215921999999
68.42099999999999,0.02401592999999999,350.2074,696.6433650000001
68.43,0.025793789999999997,350.2074,694.6545042
68.45999999999998,0.024727074,349.2138,692.6656434000001
68.47899999999998,0.02419371599999999,354.1818,694.6545042
68.48899999999998,0.023482571999999993,353.1882,696.6433650000001
68.49899999999997,0.023126999999999995,351.20099999999996,692.6656434000001
68.50900000000001,0.022949213999999996,352.1946,694.6545042
68.519,0.022593641999999997,354.1818,694.6545042
68.529,0.021882497999999986,353.1882,694.6545042
68.53899999999999,0.021704712,351.20099999999996,696.6433650000001
68.54899999999998,0.021526925999999988,352.1946,694.6545042
68.55899999999997,0.018860135999999986,350.2074,726.4762770000002
68.56900000000002,0.020282423999999993,352.1946,728.4651377999999
68.59499999999997,0.019393493999999997,350.2074,724.4874162000001
68.60500000000002,0.018860135999999986,352.1946,726.4762770000002
68.61399999999998,0.018504563999999987,353.1882,728.4651377999999
68.62399999999997,0.01814899199999999,352.1946,728.4651377999999
68.63299999999998,0.01761563399999999,351.20099999999996,722.4985554
68.64299999999997,0.016904489999999994,353.1882,730.4539986
68.65199999999999,0.016904489999999994,352.1946,728.4651377999999
68.66199999999998,0.016548917999999996,354.1818,726.4762770000002
68.67099999999999,0.016371131999999997,353.1882,726.4762770000002
68.68099999999998,0.015837773999999985,352.1946,726.4762770000002
68.69099999999997,0.012993197999999997,352.1946,760.2869106000003
68.69999999999999,0.01459327199999999,351.20099999999996,758.2980498000002
68.73000000000002,0.013170983999999997,349.2138,756.3091890000005
68.75,0.012459839999999986,353.1882,758.2980498000002
68.75999999999999,0.011926481999999988,352.1946,758.2980498000002
68.76999999999998,0.011926481999999988,352.1946,756.3091890000005
68.77999999999997,0.011215337999999991,350.2074,758.2980498000002
68.78999999999996,0.011215337999999991,351.20099999999996,756.3091890000005
68.80000000000001,0.010681979999999994,353.1882,758.2980498000002
68.81,0.010504193999999994,352.1946,756.3091890000005
68.82,0.010504193999999994,351.20099999999996,754.3203282000004
68.82999999999998,0.006948473999999996,353.1882,790.1198226000006
68.83999999999997,0.008904119999999988,353.1882,788.1309618000005
68.86500000000001,0.00819297599999999,352.1946,784.1532402000003
68.875,0.007659617999999993,353.1882,790.1198226000006
68.88400000000001,0.007481831999999994,351.20099999999996,786.1421010000004
68.894,0.007304045999999995,353.1882,786.1421010000004
68.90999999999997,0.006592901999999998,349.2138,788.1309618000005
68.92000000000002,0.0064151159999999985,352.1946,788.1309618000005
68.93,0.0064151159999999985,354.1818,788.1309618000005
68.94,0.005881757999999987,354.1818,790.1198226000006
68.94999999999999,0.0055261859999999885,354.1818,788.1309618000005
68.95999999999998,0.002681610000000001,355.17539999999997,817.9638738000003
68.96999999999997,0.004637255999999992,353.1882,817.9638738000003
69.0,0.0039261119999999955,350.2074,815.9750130000002
69.00999999999999,0.003392753999999998,352.1946,819.9527346000004
69.01999999999998,0.003570539999999997,354.1818,819.9527346000004
69.02999999999997,0.0030371819999999994,351.20099999999996,817.9638738000003
69.03999999999996,0.0030371819999999994,352.1946,815.9750130000002
69.05000000000001,0.0028593959999999863,349.2138,815.9750130000002
69.06,0.002681610000000001,352.1946,819.9527346000004
69.07,0.0028593959999999863,355.17539999999997,815.9750130000002
69.07999999999998,0.002503823999999988,353.1882,819.9527346000004
69.094,0.00019260599999999795,363.1242,849.7856466000003
69.10300000000001,0.00037039200000001105,354.1818,849.7856466000003
69.11199999999997,0.0014371079999999925,354.1818,847.7967858000006
69.13499999999999,0.0009037499999999948,347.22659999999996,845.8079250000001
69.14499999999998,0.0009037499999999948,351.20099999999996,851.7745074000004
69.154,0.0007259639999999956,349.2138,851.7745074000004
69.16399999999999,0.0009037499999999948,351.20099999999996,851.7745074000004
69.173,0.0009037499999999948,350.2074,847.7967858000006
69.18299999999999,0.0009037499999999948,354.1818,851.7745074000004
69.19200000000001,0.0007259639999999956,353.1882,851.7745074000004
69.202,0.0009037499999999948,353.1882,849.7856466000003
69.21100000000001,0.0005481779999999825,351.20099999999996,849.7856466000003
69.221,0.00037039200000001105,352.1946,849.7856466000003
69.24000000000001,-0.00016296600000001438,370.07939999999996,877.6296978000005
69.25,-0.0005185379999999989,367.0986,881.6074194000003
69.26999999999998,1.4819999999998723e-05,364.1178,879.6185586000001
69.31599999999997,-0.0003407520000000136,359.14979999999997,881.6074194000003
69.36000000000001,-0.00016296600000001438,358.1562,881.6074194000003
69.40499999999997,0.00019260599999999795,357.1626,875.6408370000004
69.41499999999996,-0.00016296600000001438,359.14979999999997,879.6185586000001
69.42399999999998,-0.00016296600000001438,359.14979999999997,879.6185586000001
69.43399999999997,1.4819999999998723e-05,361.137,877.6296978000005
69.44400000000002,-0.0003407520000000136,361.137,879.6185586000001
69.45400000000001,-0.00016296600000001438,391.9386,911.4403314000006
69.46299999999997,-0.0003407520000000136,392.93219999999997,913.4291922000002
69.495,-0.0005185379999999989,388.95779999999996,909.4514706000004
69.505,-0.0003407520000000136,392.93219999999997,911.4403314000006
69.51400000000001,-0.00016296600000001438,393.9258,909.4514706000004
69.524,1.4819999999998723e-05,396.90659999999997,907.4626098000003
69.53300000000002,-0.0003407520000000136,393.9258,909.4514706000004
69.543,-0.00016296600000001438,395.913,911.4403314000006
69.55199999999996,-0.00016296600000001438,394.9194,911.4403314000006
69.56200000000001,1.4819999999998723e-05,397.9002,913.4291922000002
69.58100000000002,-0.00016296600000001438,397.9002,909.4514706000004
69.59100000000001,-0.0005185379999999989,425.721,945.2509650000006
69.601,-0.0003407520000000136,426.7146,943.2621042000005
69.63,-0.00016296600000001438,425.721,939.2843826000003
69.63999999999999,-0.00016296600000001438,428.7018,943.2621042000005
69.649,-0.00016296600000001438,427.7082,939.2843826000003
69.65899999999999,-0.0003407520000000136,428.7018,941.2732434
69.66899999999998,-0.0003407520000000136,426.7146,939.2843826000003
69.678,-0.0003407520000000136,429.6954,943.2621042000005
69.68799999999999,-0.00016296600000001438,430.68899999999996,941.2732434
69.697,-0.0005185379999999989,429.6954,945.2509650000006
69.707,-0.0003407520000000136,431.6826,945.2509650000006
69.71600000000001,-0.00016296600000001438,430.68899999999996,939.2843826000003
69.726,1.4819999999998723e-05,461.4906,969.1172946000006
69.73500000000001,1.4819999999998723e-05,461.4906,971.1061554000003
69.76499999999999,-0.0003407520000000136,460.497,969.1172946000006
69.77499999999998,-0.00016296600000001438,462.4842,973.0950162000004
69.78399999999999,-0.00016296600000001438,461.4906,971.1061554000003
69.79399999999998,-0.00016296600000001438,462.4842,973.0950162000004
69.80399999999997,1.4819999999998723e-05,462.4842,971.1061554000003
69.81299999999999,0.00019260599999999795,466.4586,973.0950162000004
69.82299999999998,1.4819999999998723e-05,465.465,971.1061554000003
69.832,-0.00016296600000001438,464.4714,973.0950162000004
69.85199999999998,-0.00016296600000001438,463.4778,971.1061554000003
69.86099999999999,-0.0003407520000000136,495.27299999999997,1014.9137370000003
69.87099999999998,1.4819999999998723e-05,495.27299999999997,1012.9974906000002
69.89999999999998,-0.0006963239999999982,494.2794,1014.9137370000003
69.90999999999997,-0.00016296600000001438,495.27299999999997,1012.9974906000002
69.91899999999998,-0.0003407520000000136,497.2602,1012.9974906000002
69.92899999999997,-0.0003407520000000136,497.2602,1012.9974906000002
69.93899999999996,-0.0003407520000000136,497.2602,1012.9974906000002
69.94799999999998,-0.00016296600000001438,497.2602,1012.9974906000002
69.95799999999997,-0.00016296600000001438,497.2602,1012.9974906000002
69.96699999999998,-0.00016296600000001438,496.2666,1012.9974906000002
69.976,-0.00016296600000001438,499.24739999999997,1012.9974906000002
69.98599999999999,-0.0005185379999999989,496.2666,1011.0812442000001
69.99599999999998,-0.00016296600000001438,529.0554000000001,1045.5736794000004
70.005,-0.0003407520000000136,528.0618000000001,1043.6574329999999
70.03499999999997,-0.00016296600000001438,527.0682,1041.7411865999998
70.04500000000002,-0.0003407520000000136,530.0490000000001,1045.5736794000004
70.05399999999997,-0.00016296600000001438,529.0554000000001,1043.6574329999999
70.06399999999996,-0.00016296600000001438,529.0554000000001,1043.6574329999999
70.07400000000001,-0.00016296600000001438,529.0554000000001,1037.9086938
70.08299999999997,-0.0003407520000000136,530.0490000000001,1043.6574329999999
70.09300000000002,-0.0003407520000000136,531.0426000000001,1045.5736794000004
70.11199999999997,1.4819999999998723e-05,534.0234,1043.6574329999999
70.12200000000001,-0.00016296600000001438,532.0362,1041.7411865999998
70.132,1.4819999999998723e-05,561.8442,1072.4011290000003
70.142,-0.0003407520000000136,561.8442,1076.2336218
70.17000000000002,-0.00016296600000001438,560.8506000000001,1070.4848826000002
70.18,-0.0003407520000000136,561.8442,1076.2336218
70.18899999999996,-0.0003407520000000136,562.8378,1074.3173754
70.19900000000001,-0.00016296600000001438,562.8378,1074.3173754
70.209,-0.00016296600000001438,561.8442,1072.4011290000003
70.21800000000002,-0.00016296600000001438,563.8314,1072.4011290000003
70.22800000000001,-0.0003407520000000136,563.8314,1074.3173754
70.23699999999997,-0.00016296600000001438,565.8186000000001,1074.3173754
70.24700000000001,-0.0003407520000000136,564.825,1074.3173754
70.25599999999997,-0.0005185379999999989,562.8378,1072.4011290000003
70.26600000000002,-0.00016296600000001438,594.633,1101.1448249999999
70.27499999999998,-0.0005185379999999989,594.633,1106.8935642000001
70.305,-0.0003407520000000136,593.6394,1101.1448249999999
70.315,-0.00016296600000001438,597.6138000000001,1104.9773178
70.32400000000001,-0.0003407520000000136,595.6266,1104.9773178
70.334,-0.00016296600000001438,597.6138000000001,1106.8935642000001
70.344,-0.0003407520000000136,594.633,1103.0610714000004
70.35300000000001,-0.0005185379999999989,596.6202000000001,1104.9773178
70.37200000000001,-0.00016296600000001438,597.6138000000001,1103.0610714000004
70.382,1.4819999999998723e-05,597.6138000000001,1104.9773178
70.392,-0.0005185379999999989,595.6266,1103.0610714000004
70.40199999999999,-0.0005185379999999989,628.4154000000001,1137.5535066000002
70.41199999999998,-0.00016296600000001438,627.4218000000001,1133.7210138
70.44,-0.00016296600000001438,626.4282000000001,1131.8047674
70.44999999999999,-0.0003407520000000136,628.4154000000001,1135.6372601999997
70.459,1.4819999999998723e-05,629.4090000000001,1135.6372601999997
70.469,-0.00016296600000001438,627.4218000000001,1135.6372601999997
70.47899999999998,-0.00016296600000001438,626.4282000000001,1129.8885210000003
70.488,-0.0003407520000000136,629.4090000000001,1133.7210138
70.49799999999999,0.00019260599999999795,628.4154000000001,1131.8047674
70.507,-0.00016296600000001438,629.4090000000001,1135.6372601999997
70.517,-0.00016296600000001438,630.4026,1133.7210138
70.52600000000001,-0.0003407520000000136,628.4154000000001,1131.8047674
70.536,1.4819999999998723e-05,658.2234000000001,1160.5484634000004
70.54500000000002,-0.0005185379999999989,658.2234000000001,1164.3809562000001
70.57499999999999,-0.00016296600000001438,655.2426,1160.5484634000004
70.58499999999998,-0.00016296600000001438,657.2298000000001,1162.4647098
70.594,1.4819999999998723e-05,657.2298000000001,1160.5484634000004
70.60399999999998,1.4819999999998723e-05,659.2170000000001,1162.4647098
70.61399999999998,-0.0003407520000000136,655.2426,1158.6322169999999
70.63299999999998,1.4819999999998723e-05,659.2170000000001,1162.4647098
70.64299999999997,-0.00016296600000001438,660.2106000000001,1162.4647098
70.65299999999996,-0.0003407520000000136,660.2106000000001,1166.2972026000002
70.66300000000001,-0.0005185379999999989,657.2298000000001,1158.6322169999999
70.673,-0.00016296600000001438,691.0122,1193.1246521999997
70.68299999999999,-0.00016296600000001438,691.0122,1196.9571450000003
70.70999999999998,-0.0005185379999999989,690.0186000000001,1193.1246521999997
70.71999999999997,-0.00016296600000001438,690.0186000000001,1195.0408986000002
70.72899999999998,-0.0005185379999999989,690.0186000000001,1195.0408986000002
70.73899999999998,-0.00016296600000001438,691.0122,1193.1246521999997
70.74899999999997,-0.0003407520000000136,689.0250000000001,1191.2084058
70.75799999999998,-0.00016296600000001438,692.0058,1198.8733914
70.76799999999997,-0.00016296600000001438,690.0186000000001,1196.9571450000003
70.77699999999999,-0.0006963239999999982,692.0058,1198.8733914
70.78699999999998,-0.00016296600000001438,692.0058,1195.0408986000002
70.79599999999999,-0.00016296600000001438,691.0122,1191.2084058
70.80599999999998,-0.00016296600000001438,719.8266000000001,1225.7008409999999
70.815,-0.00016296600000001438,720.8202000000001,1221.8683482000001
70.84499999999997,-0.00016296600000001438,717.8394000000001,1219.9521018
70.85500000000002,-0.0003407520000000136,720.8202000000001,1225.7008409999999
70.86500000000001,-0.0003407520000000136,718.8330000000001,1225.7008409999999
70.87399999999997,1.4819999999998723e-05,719.8266000000001,1219.9521018
70.88400000000001,-0.00016296600000001438,718.8330000000001,1219.9521018
70.90299999999996,-0.00016296600000001438,720.8202000000001,1221.8683482000001
70.91300000000001,-0.00016296600000001438,719.8266000000001,1223.7845945999998
70.923,-0.0003407520000000136,719.8266000000001,1225.7008409999999
70.93299999999999,-0.00016296600000001438,719.8266000000001,1221.8683482000001
70.94299999999998,1.4819999999998723e-05,750.6282000000001,1256.3607834
70.95299999999997,-0.00016296600000001438,749.6346000000001,1254.4445370000003
70.981,-0.0003407520000000136,749.6346000000001,1254.4445370000003
70.99000000000001,-0.0003407520000000136,750.6282000000001,1256.3607834
71.0,-0.00016296600000001438,749.6346000000001,1254.4445370000003
71.00900000000001,-0.0003407520000000136,750.6282000000001,1254.4445370000003
71.019,1.4819999999998723e-05,746.6538,1248.6957978
71.02799999999996,-0.00016296600000001438,748.6410000000001,1254.4445370000003
71.03800000000001,-0.00016296600000001438,748.6410000000001,1254.4445370000003
71.04699999999997,-0.0003407520000000136,749.6346000000001,1254.4445370000003
71.05700000000002,-0.00016296600000001438,749.6346000000001,1256.3607834
71.06599999999997,-0.0006963239999999982,747.6474000000001,1248.6957978
71.07599999999996,-0.0003407520000000136,778.4490000000001,1288.9369722000001
71.08499999999998,-0.0003407520000000136,777.4554,1285.1044794000004
71.11500000000001,-0.0003407520000000136,775.4682,1283.1882329999999
71.125,-0.00016296600000001438,777.4554,1283.1882329999999
71.13499999999999,-0.0003407520000000136,777.4554,1283.1882329999999
71.154,-0.0003407520000000136,776.4618,1283.1882329999999
71.16300000000001,-0.00016296600000001438,777.4554,1287.0207258
71.173,-0.0003407520000000136,776.4618,1285.1044794000004
71.18299999999999,1.4819999999998723e-05,775.4682,1283.1882329999999
71.19299999999998,-0.0003407520000000136,775.4682,1283.1882329999999
71.20400000000001,1.4819999999998723e-05,774.4746,1281.2719865999998
71.214,1.4819999999998723e-05,805.2762,1313.8481754
71.22300000000001,-0.00016296600000001438,805.2762,1313.8481754
71.25099999999998,-0.0003407520000000136,802.2954000000001,1310.0156826000002
71.25999999999999,-0.00016296600000001438,804.2826000000001,1313.8481754
71.26999999999998,-0.00016296600000001438,804.2826000000001,1319.5969146000002
71.279,-0.0005185379999999989,803.2890000000001,1315.7644218
71.28899999999999,-0.00016296600000001438,802.2954000000001,1313.8481754
71.298,-0.0003407520000000136,803.2890000000001,1315.7644218
71.30799999999999,-0.00016296600000001438,801.3018000000001,1313.8481754
71.344,1.4819999999998723e-05,830.1162,1346.4243642000001
71.35399999999998,1.4819999999998723e-05,830.1162,1346.4243642000001
71.38599999999997,-0.0003407520000000136,826.1418000000001,1342.5918714000004
71.39499999999998,-0.00016296600000001438,827.1354000000001,1342.5918714000004
71.40499999999997,0.00019260599999999795,827.1354000000001,1342.5918714000004
71.42399999999998,0.00019260599999999795,824.1546000000001,1338.7593785999998
71.43399999999997,1.4819999999998723e-05,827.1354000000001,1342.5918714000004
71.44400000000002,-0.00016296600000001438,826.1418000000001,1344.5081178
71.45400000000001,-0.0003407520000000136,826.1418000000001,1344.5081178
71.464,-0.0003407520000000136,825.1482000000001,1346.4243642000001
71.47399999999999,-0.0005185379999999989,823.1610000000001,1340.6756249999999
71.48399999999998,-0.0003407520000000136,852.969,1375.1680601999997
71.49399999999997,-0.00016296600000001438,852.969,1377.0843066000002
71.52100000000002,-0.0005185379999999989,848.9946000000001,1373.2518138
71.52999999999997,-0.0003407520000000136,850.9818,1373.2518138
71.53999999999996,-0.0003407520000000136,849.9882000000001,1375.1680601999997
71.54899999999998,-0.0003407520000000136,848.9946000000001,1377.0843066000002
71.55899999999997,-0.00016296600000001438,846.0138000000001,1373.2518138
71.56799999999998,-0.0003407520000000136,848.0010000000001,1377.0843066000002
71.57799999999997,1.4819999999998723e-05,847.0074000000001,1373.2518138
71.58699999999999,1.4819999999998723e-05,846.0138000000001,1375.1680601999997
71.59699999999998,-0.00016296600000001438,846.0138000000001,1377.0843066000002
71.606,-0.0003407520000000136,844.0266,1377.0843066000002
71.61599999999999,-0.00016296600000001438,844.0266,1371.3355674
71.625,-0.00016296600000001438,844.0266,1377.0843066000002
71.656,-0.0005185379999999989,839.0586000000001,1375.1680601999997
71.66499999999996,-0.0003407520000000136,841.0458000000001,1375.1680601999997
71.68399999999997,-0.0005185379999999989,841.0458000000001,1375.1680601999997
71.69400000000002,-0.00016296600000001438,836.0778,1373.2518138
71.70400000000001,-0.00016296600000001438,838.065,1377.0843066000002
71.714,-0.00016296600000001438,838.065,1379.0005530000003
71.72399999999999,-0.00016296600000001438,838.065,1377.0843066000002
71.73399999999998,-0.00016296600000001438,836.0778,1375.1680601999997
71.745,-0.0005185379999999989,835.0842,1371.3355674
71.75400000000002,-0.0003407520000000136,807.2634,1346.4243642000001
71.76400000000001,-0.0003407520000000136,806.2698,1346.4243642000001
71.791,-0.0005185379999999989,803.2890000000001,1344.5081178
71.80000000000001,-0.0005185379999999989,805.2762,1348.3406106000002
71.81,-0.0003407520000000136,803.2890000000001,1346.4243642000001
71.81900000000002,-0.0003407520000000136,805.2762,1346.4243642000001
71.82900000000001,-0.00016296600000001438,802.2954000000001,1340.6756249999999
71.83799999999997,-0.00016296600000001438,803.2890000000001,1346.4243642000001
71.84800000000001,-0.0003407520000000136,803.2890000000001,1344.5081178
71.88,-0.0005185379999999989,802.2954000000001,1348.3406106000002
71.92899999999997,-0.0003407520000000136,770.5002000000001,1315.7644218
71.93799999999999,-0.0003407520000000136,769.5066,1315.7644218
71.971,-0.0003407520000000136,766.5258000000001,1310.0156826000002
71.98000000000002,-0.00016296600000001438,768.513,1315.7644218
71.99000000000001,-0.00016296600000001438,770.5002000000001,1313.8481754
71.99899999999997,-0.0003407520000000136,770.5002000000001,1315.7644218
72.00900000000001,-0.0003407520000000136,766.5258000000001,1310.0156826000002
72.01799999999997,-0.0003407520000000136,768.513,1315.7644218
72.02799999999996,-0.0003407520000000136,770.5002000000001,1311.9319290000003
72.03699999999998,-0.0003407520000000136,769.5066,1315.7644218
72.04699999999997,-0.0003407520000000136,769.5066,1311.9319290000003
72.05599999999998,-0.0005185379999999989,768.513,1313.8481754
72.06599999999997,-0.0003407520000000136,741.6858000000001,1283.1882329999999
72.08499999999998,-0.0003407520000000136,740.6922000000001,1283.1882329999999
72.106,-0.00016296600000001438,737.7114,1279.3557402000001
72.11500000000001,-0.00016296600000001438,740.6922000000001,1285.1044794000004
72.125,-0.0003407520000000136,741.6858000000001,1285.1044794000004
72.13499999999999,-0.0003407520000000136,741.6858000000001,1285.1044794000004
72.14499999999998,-0.0003407520000000136,739.6986,1279.3557402000001
72.15499999999997,1.4819999999998723e-05,741.6858000000001,1283.1882329999999
72.16499999999996,1.4819999999998723e-05,742.6794000000001,1285.1044794000004
72.17500000000001,-0.0003407520000000136,741.6858000000001,1285.1044794000004
72.185,-0.0003407520000000136,742.6794000000001,1283.1882329999999
72.195,-0.0003407520000000136,741.6858000000001,1283.1882329999999
72.20499999999998,-0.0003407520000000136,712.8714000000001,1254.4445370000003
72.21499999999997,-0.00016296600000001438,712.8714000000001,1256.3607834
72.24099999999999,1.4819999999998723e-05,711.8778000000001,1250.6120442000001
72.25,-0.0003407520000000136,713.865,1252.5282906000002
72.286,-0.00016296600000001438,710.8842000000001,1248.6957978
72.305,1.4819999999998723e-05,713.865,1252.5282906000002
72.315,-0.00016296600000001438,714.8586,1254.4445370000003
72.32499999999999,0.00019260599999999795,712.8714000000001,1250.6120442000001
72.33499999999998,-0.0003407520000000136,713.865,1256.3607834
72.34499999999997,-0.0003407520000000136,714.8586,1256.3607834
72.35500000000002,-0.00016296600000001438,714.8586,1254.4445370000003
72.36500000000001,1.4819999999998723e-05,715.8522,1254.4445370000003
72.37900000000002,-0.00016296600000001438,687.0378000000001,1225.7008409999999
72.38799999999998,-0.0003407520000000136,688.0314000000001,1223.7845945999998
72.39799999999997,-0.00016296600000001438,687.0378000000001,1225.7008409999999
72.42099999999999,-0.00016296600000001438,685.0506,1219.9521018
72.43,-0.00016296600000001438,688.0314000000001,1223.7845945999998
72.44,-0.00016296600000001438,687.0378000000001,1223.7845945999998
72.44900000000001,-0.0005185379999999989,689.0250000000001,1223.7845945999998
72.459,1.4819999999998723e-05,688.0314000000001,1219.9521018
72.46800000000002,-0.0005185379999999989,688.0314000000001,1221.8683482000001
72.47800000000001,-0.00016296600000001438,688.0314000000001,1219.9521018
72.48699999999997,-0.0003407520000000136,688.0314000000001,1221.8683482000001
72.49700000000001,-0.00016296600000001438,689.0250000000001,1221.8683482000001
72.50599999999997,-0.0005185379999999989,688.0314000000001,1219.9521018
72.52600000000001,-0.00016296600000001438,660.2106000000001,1193.1246521999997
72.536,-0.0003407520000000136,661.2042,1195.0408986000002
72.55599999999998,-0.0003407520000000136,659.2170000000001,1195.0408986000002
72.565,-0.0003407520000000136,662.1978,1195.0408986000002
72.57499999999999,-0.00016296600000001438,661.2042,1193.1246521999997
72.584,-0.00016296600000001438,662.1978,1196.9571450000003
72.594,-0.00016296600000001438,661.2042,1193.1246521999997
72.60300000000001,-0.0005185379999999989,662.1978,1193.1246521999997
72.613,-0.0005185379999999989,662.1978,1195.0408986000002
72.62200000000001,-0.00016296600000001438,662.1978,1195.0408986000002
72.632,0.00019260599999999795,663.1914,1193.1246521999997
72.642,-0.0003407520000000136,664.1850000000001,1191.2084058
72.65100000000001,-0.00016296600000001438,634.3770000000001,1164.3809562000001
72.661,-0.00016296600000001438,633.3834,1160.5484634000004
72.69099999999997,-0.0003407520000000136,633.3834,1162.4647098
72.69999999999999,-0.0003407520000000136,635.3706000000001,1162.4647098
72.70999999999998,-0.00016296600000001438,636.3642000000001,1162.4647098
72.719,-0.0003407520000000136,635.3706000000001,1164.3809562000001
72.72899999999998,-0.0003407520000000136,634.3770000000001,1160.5484634000004
72.738,-0.0003407520000000136,637.3578000000001,1164.3809562000001
72.74799999999999,-0.00016296600000001438,637.3578000000001,1162.4647098
72.757,-0.00016296600000001438,635.3706000000001,1164.3809562000001
72.767,-0.0003407520000000136,636.3642000000001,1164.3809562000001
72.786,0.00019260599999999795,608.5434,1131.8047674
72.79599999999999,1.4819999999998723e-05,608.5434,1131.8047674
72.80599999999998,-0.00016296600000001438,609.537,1135.6372601999997
72.82599999999996,-0.0003407520000000136,607.5498,1133.7210138
72.83499999999998,-0.0003407520000000136,609.537,1133.7210138
72.84499999999997,1.4819999999998723e-05,610.5306,1129.8885210000003
72.85399999999998,-0.0005185379999999989,610.5306,1135.6372601999997
72.86399999999998,-0.00016296600000001438,608.5434,1131.8047674
72.87299999999999,-0.0003407520000000136,610.5306,1135.6372601999997
72.88299999999998,-0.00016296600000001438,611.5242000000001,1133.7210138
72.892,1.4819999999998723e-05,611.5242000000001,1133.7210138
72.90199999999999,-0.0003407520000000136,611.5242000000001,1133.7210138
72.91199999999998,-0.00016296600000001438,613.5114000000001,1131.8047674
72.92099999999999,1.4819999999998723e-05,581.7162000000001,1101.1448249999999
72.93099999999998,-0.00016296600000001438,583.7034000000001,1104.9773178
72.96100000000001,-0.0005185379999999989,583.7034000000001,1101.1448249999999
72.96999999999997,-0.0003407520000000136,584.697,1103.0610714000004
72.98000000000002,-0.0003407520000000136,584.697,1104.9773178
72.98899999999998,-0.0005185379999999989,583.7034000000001,1103.0610714000004
72.99899999999997,-0.00016296600000001438,585.6906,1101.1448249999999
73.00799999999998,-0.0003407520000000136,584.697,1104.9773178
73.01799999999997,-0.0003407520000000136,587.6778,1108.8098106000002
73.02699999999999,-0.00016296600000001438,587.6778,1103.0610714000004
73.04699999999997,1.4819999999998723e-05,587.6778,1103.0610714000004
73.05700000000002,-0.00016296600000001438,558.8634000000001,1074.3173754
73.096,-0.00016296600000001438,559.8570000000001,1072.4011290000003
73.10500000000002,1.4819999999998723e-05,559.8570000000001,1072.4011290000003
73.11500000000001,-0.0003407520000000136,559.8570000000001,1074.3173754
73.12399999999997,-0.0003407520000000136,558.8634000000001,1076.2336218
73.13400000000001,-0.0003407520000000136,557.8698,1072.4011290000003
73.14299999999997,-0.0003407520000000136,560.8506000000001,1076.2336218
73.15299999999996,-0.00016296600000001438,560.8506000000001,1072.4011290000003
73.16199999999998,-0.0005185379999999989,560.8506000000001,1074.3173754
73.17199999999997,-0.00016296600000001438,560.8506000000001,1072.4011290000003
73.18200000000002,-0.0003407520000000136,560.8506000000001,1074.3173754
73.19099999999997,-0.0003407520000000136,532.0362,1045.5736794000004
73.20099999999996,-0.00016296600000001438,531.0426000000001,1039.8249402000001
73.231,-0.0005185379999999989,530.0490000000001,1041.7411865999998
73.24000000000001,-0.00016296600000001438,533.0298,1043.6574329999999
73.25,1.4819999999998723e-05,534.0234,1043.6574329999999
73.25900000000001,-0.0003407520000000136,535.017,1045.5736794000004
73.269,1.4819999999998723e-05,535.017,1039.8249402000001
73.27799999999996,-0.00016296600000001438,536.0106000000001,1043.6574329999999
73.28800000000001,-0.00016296600000001438,535.017,1041.7411865999998
73.30700000000002,-0.0003407520000000136,536.0106000000001,1045.5736794000004
73.31700000000001,-0.0003407520000000136,535.017,1043.6574329999999
73.327,-0.0003407520000000136,508.1898,1016.8299834
73.33699999999999,-0.0005185379999999989,507.1962,1014.9137370000003
73.36599999999999,-0.0003407520000000136,507.1962,1014.9137370000003
73.375,1.4819999999998723e-05,509.1834,1011.0812442000001
73.38499999999999,-0.00016296600000001438,508.1898,1012.9974906000002
73.394,1.4819999999998723e-05,510.177,1012.9974906000002
73.404,-0.00016296600000001438,510.177,1011.0812442000001
73.41300000000001,-0.00016296600000001438,508.1898,1014.9137370000003
73.423,-0.0005185379999999989,509.1834,1014.9137370000003
73.43200000000002,-0.00016296600000001438,511.1706,1014.9137370000003
73.44200000000001,-0.00016296600000001438,509.1834,1012.9974906000002
73.452,-0.00016296600000001438,508.1898,1009.1649978
73.46100000000001,-0.0003407520000000136,481.3626,975.083877
73.471,-0.00016296600000001438,481.3626,973.0950162000004
73.50099999999998,-0.0003407520000000136,480.36899999999997,971.1061554000003
73.50999999999999,-0.00016296600000001438,482.3562,973.0950162000004
73.51999999999998,-0.00016296600000001438,482.3562,973.0950162000004
73.529,-0.00016296600000001438,482.3562,973.0950162000004
73.53899999999999,-0.0003407520000000136,481.3626,969.1172946000006
73.548,-0.00016296600000001438,483.3498,973.0950162000004
73.55799999999999,-0.0003407520000000136,483.3498,973.0950162000004
73.577,-0.00016296600000001438,485.337,971.1061554000003
73.58699999999999,-0.0005185379999999989,483.3498,971.1061554000003
73.59699999999998,1.4819999999998723e-05,457.51619999999997,939.2843826000003
73.60699999999997,1.4819999999998723e-05,457.51619999999997,941.2732434
73.63599999999997,-0.00016296600000001438,456.5226,941.2732434
73.64499999999998,-0.00016296600000001438,456.5226,941.2732434
73.65499999999997,-0.0003407520000000136,455.529,939.2843826000003
73.66399999999999,-0.0005185379999999989,457.51619999999997,941.2732434
73.67399999999998,-0.00016296600000001438,458.5098,939.2843826000003
73.68299999999999,-0.0003407520000000136,458.5098,943.2621042000005
73.69299999999998,-0.00016296600000001438,458.5098,941.2732434
73.702,-0.0003407520000000136,459.5034,943.2621042000005
73.71199999999999,1.4819999999998723e-05,459.5034,939.2843826000003
73.72199999999998,-0.00016296600000001438,457.51619999999997,935.3066610000005
73.731,-0.0003407520000000136,429.6954,911.4403314000006
73.74099999999999,-0.00016296600000001438,430.68899999999996,911.4403314000006
73.77100000000002,-0.0003407520000000136,429.6954,909.4514706000004
73.77999999999997,-0.0003407520000000136,432.6762,911.4403314000006
73.78999999999996,-0.0003407520000000136,431.6826,911.4403314000006
73.79899999999998,-0.00016296600000001438,433.6698,913.4291922000002
73.80899999999997,-0.00016296600000001438,431.6826,909.4514706000004
73.81900000000002,-0.0005185379999999989,431.6826,909.4514706000004
73.83799999999997,-0.00016296600000001438,432.6762,911.4403314000006
73.84800000000001,1.4819999999998723e-05,431.6826,909.4514706000004
73.858,-0.0003407520000000136,431.6826,913.4291922000002
73.868,-0.0003407520000000136,402.8682,879.6185586000001
73.87799999999999,1.4819999999998723e-05,405.849,879.6185586000001
73.906,-0.00016296600000001438,404.8554,877.6296978000005
73.91499999999996,1.4819999999998723e-05,405.849,879.6185586000001
73.92500000000001,-0.00016296600000001438,406.8426,879.6185586000001
73.93399999999997,-0.0003407520000000136,407.83619999999996,883.5962802000004
73.94400000000002,-0.0006963239999999982,404.8554,881.6074194000003
73.95400000000001,-0.0003407520000000136,406.8426,879.6185586000001
73.96299999999997,-0.00016296600000001438,408.8298,879.6185586000001
73.97300000000001,-0.0006963239999999982,406.8426,881.6074194000003
73.98199999999997,1.4819999999998723e-05,407.83619999999996,879.6185586000001
73.99200000000002,-0.0003407520000000136,407.83619999999996,879.6185586000001
74.00099999999998,1.4819999999998723e-05,381.009,849.7856466000003
74.01099999999997,-0.0005185379999999989,379.0218,851.7745074000004
74.041,1.4819999999998723e-05,380.0154,847.7967858000006
74.08600000000001,-0.00016296600000001438,382.0026,847.7967858000006
74.096,-0.00016296600000001438,382.0026,849.7856466000003
74.10500000000002,-0.00016296600000001438,382.9962,847.7967858000006
74.11500000000001,-0.00016296600000001438,382.9962,849.7856466000003
74.12399999999997,-0.00016296600000001438,380.0154,843.8190642000004
74.13400000000001,-0.0003407520000000136,382.0026,849.7856466000003
74.14299999999997,-0.00016296600000001438,383.9898,851.7745074000004
74.15299999999996,-0.0003407520000000136,382.9962,849.7856466000003
74.16199999999998,-0.00016296600000001438,383.9898,849.7856466000003
74.17199999999997,-0.00016296600000001438,383.9898,849.7856466000003
74.18200000000002,-0.0003407520000000136,352.1946,817.9638738000003
74.19099999999997,-0.00016296600000001438,354.1818,819.9527346000004
74.221,-0.0003407520000000136,352.1946,817.9638738000003
74.23000000000002,-0.00016296600000001438,354.1818,817.9638738000003
74.24000000000001,-0.00016296600000001438,356.169,819.9527346000004
74.24899999999997,-0.00016296600000001438,355.17539999999997,819.9527346000004
74.26799999999997,-0.00016296600000001438,357.1626,819.9527346000004
74.27799999999996,1.4819999999998723e-05,357.1626,817.9638738000003
74.28800000000001,-0.0003407520000000136,357.1626,819.9527346000004
74.298,1.4819999999998723e-05,359.14979999999997,817.9638738000003
74.30899999999997,-0.00016296600000001438,357.1626,815.9750130000002
74.31900000000002,1.4819999999998723e-05,353.1882,788.1309618000005
74.32799999999997,-0.00016296600000001438,351.20099999999996,788.1309618000005
74.356,-0.00016296600000001438,351.20099999999996,788.1309618000005
74.40100000000001,-0.00016296600000001438,350.2074,790.1198226000006
74.44599999999997,0.00019260599999999795,352.1946,782.1643794000001
74.45600000000002,-0.0003407520000000136,353.1882,788.1309618000005
74.46499999999997,-0.00016296600000001438,352.1946,788.1309618000005
74.47499999999997,-0.0003407520000000136,352.1946,790.1198226000006
74.48399999999998,-0.00016296600000001438,351.20099999999996,788.1309618000005
74.49399999999997,-0.0003407520000000136,349.2138,788.1309618000005
74.50299999999999,-0.0003407520000000136,350.2074,788.1309618000005
74.51299999999998,-0.0003407520000000136,352.1946,790.1198226000006
74.52199999999999,-0.00016296600000001438,353.1882,788.1309618000005
74.53199999999998,-0.0003407520000000136,351.20099999999996,790.1198226000006
74.54199999999997,1.4819999999998723e-05,351.20099999999996,758.2980498000002
74.55099999999999,-0.00016296600000001438,351.20099999999996,760.2869106000003
74.58100000000002,-0.00016296600000001438,349.2138,756.3091890000005
74.58999999999997,-0.0003407520000000136,353.1882,758.2980498000002
74.59999999999997,-0.0003407520000000136,351.20099999999996,758.2980498000002
74.61899999999997,-0.00016296600000001438,350.2074,760.2869106000003
74.62900000000002,-0.00016296600000001438,352.1946,756.3091890000005
74.63900000000001,1.4819999999998723e-05,353.1882,758.2980498000002
74.649,-0.0003407520000000136,352.1946,758.2980498000002
74.65899999999999,-0.0003407520000000136,353.1882,760.2869106000003
74.66899999999998,1.4819999999998723e-05,350.2074,754.3203282000004
74.67899999999997,0.00019260599999999795,352.1946,726.4762770000002
74.68899999999996,0.00019260599999999795,353.1882,726.4762770000002
74.71600000000001,-0.0003407520000000136,350.2074,724.4874162000001
74.72499999999997,-0.00016296600000001438,352.1946,726.4762770000002
74.73500000000001,-0.00016296600000001438,353.1882,728.4651377999999
74.74399999999997,-0.0003407520000000136,351.20099999999996,730.4539986
74.75400000000002,1.4819999999998723e-05,348.2202,722.4985554
74.76400000000001,1.4819999999998723e-05,352.1946,726.4762770000002
74.77299999999997,-0.00016296600000001438,353.1882,728.4651377999999
74.78300000000002,0.00019260599999999795,353.1882,726.4762770000002
74.79199999999997,-0.00016296600000001438,352.1946,728.4651377999999
74.80199999999996,1.4819999999998723e-05,352.1946,722.4985554
74.81099999999998,1.4819999999998723e-05,353.1882,696.6433650000001
74.82099999999997,1.4819999999998723e-05,349.2138,696.6433650000001
74.851,-0.00016296600000001438,349.2138,694.6545042
74.86000000000001,1.4819999999998723e-05,352.1946,696.6433650000001
74.87900000000002,-0.00016296600000001438,352.1946,696.6433650000001
74.88999999999999,-0.00016296600000001438,350.2074,696.6433650000001
74.899,-0.00016296600000001438,353.1882,696.6433650000001
74.90899999999999,1.4819999999998723e-05,354.1818,694.6545042
74.91899999999998,1.4819999999998723e-05,353.1882,694.6545042
74.92899999999997,1.4819999999998723e-05,356.169,696.6433650000001
74.94,-0.0005185379999999989,349.2138,696.6433650000001
74.94999999999999,0.00019260599999999795,353.1882,664.8215921999999
74.959,0.00019260599999999795,354.1818,662.8327314000001
74.98599999999999,1.4819999999998723e-05,350.2074,660.8438706000002
74.995,1.4819999999998723e-05,353.1882,664.8215921999999
75.005,-0.00016296600000001438,352.1946,664.8215921999999
75.01400000000001,1.4819999999998723e-05,352.1946,664.8215921999999
75.024,-0.00016296600000001438,352.1946,662.8327314000001
75.03399999999999,-0.00016296600000001438,353.1882,666.8104530000003
75.043,1.4819999999998723e-05,355.17539999999997,664.8215921999999
75.053,-0.00016296600000001438,352.1946,664.8215921999999
75.06200000000001,-0.00016296600000001438,353.1882,664.8215921999999
75.072,-0.0005185379999999989,352.1946,660.8438706000002
75.08100000000002,0.00037039200000001105,353.1882,634.9886802000001
75.09100000000001,-0.00016296600000001438,350.2074,636.9775410000002
75.12099999999998,-0.0003407520000000136,348.2202,634.9886802000001
75.13999999999999,-0.00016296600000001438,353.1882,636.9775410000002
75.14999999999998,-0.00016296600000001438,353.1882,634.9886802000001
75.15999999999997,1.4819999999998723e-05,351.20099999999996,632.9998194000002
75.17000000000002,-0.00016296600000001438,352.1946,636.9775410000002
75.18,-0.0003407520000000136,349.2138,636.9775410000002
75.19,1.4819999999998723e-05,351.20099999999996,632.9998194000002
75.19999999999999,1.4819999999998723e-05,352.1946,634.9886802000001
75.20999999999998,-0.00016296600000001438,351.20099999999996,634.9886802000001
75.21999999999997,1.4819999999998723e-05,353.1882,607.1446289999999
75.23000000000002,1.4819999999998723e-05,352.1946,605.1557682
75.25599999999997,-0.00016296600000001438,350.2074,603.1669074000001
75.26499999999999,-0.0003407520000000136,348.2202,603.1669074000001
75.27499999999998,1.4819999999998723e-05,353.1882,601.1780466
75.28399999999999,-0.0003407520000000136,349.2138,605.1557682
75.29399999999998,-0.0003407520000000136,349.2138,603.1669074000001
75.30399999999997,-0.0003407520000000136,351.20099999999996,605.1557682
75.31299999999999,-0.00016296600000001438,352.1946,605.1557682
75.32299999999998,1.4819999999998723e-05,353.1882,603.1669074000001
75.332,-0.0003407520000000136,353.1882,605.1557682
75.34199999999998,-0.0005185379999999989,350.2074,605.1557682
75.351,-0.00016296600000001438,352.1946,575.3228562000002
75.37,0.00037039200000001105,354.1818,573.3339954
75.39100000000002,-0.00016296600000001438,347.22659999999996,571.3451345999999
75.40999999999997,-0.00016296600000001438,352.1946,573.3339954
75.42000000000002,-0.00016296600000001438,353.1882,573.3339954
75.43,1.4819999999998723e-05,350.2074,571.3451345999999
75.44,-0.00016296600000001438,352.1946,573.3339954
75.44999999999999,-0.00016296600000001438,351.20099999999996,573.3339954
75.45999999999998,-0.00016296600000001438,352.1946,573.3339954
75.46999999999997,1.4819999999998723e-05,353.1882,571.3451345999999
75.48000000000002,-0.00016296600000001438,350.2074,571.3451345999999
75.49000000000001,-0.00016296600000001438,351.20099999999996,543.5010834000002
75.5,1.4819999999998723e-05,354.1818,543.5010834000002
75.52600000000001,-0.0003407520000000136,350.2074,541.5122226000001
75.53499999999997,0.00019260599999999795,351.20099999999996,541.5122226000001
75.54500000000002,-0.00016296600000001438,352.1946,543.5010834000002
75.55399999999997,1.4819999999998723e-05,351.20099999999996,543.5010834000002
75.56399999999996,-0.0003407520000000136,350.2074,541.5122226000001
75.57400000000001,1.4819999999998723e-05,353.1882,543.5010834000002
75.58299999999997,0.00019260599999999795,353.1882,543.5010834000002
75.59300000000002,-0.00016296600000001438,354.1818,543.5010834000002
75.60199999999998,-0.00016296600000001438,351.20099999999996,541.5122226000001
75.61199999999997,-0.0003407520000000136,352.1946,541.5122226000001
75.62099999999998,-0.00016296600000001438,352.1946,515.6570322
75.64100000000002,0.00037039200000001105,354.1818,513.6681714000001
75.661,1.4819999999998723e-05,352.1946,513.6681714000001
75.67099999999999,0.00019260599999999795,353.1882,513.6681714000001
75.68099999999998,1.4819999999998723e-05,353.1882,513.6681714000001
75.69099999999997,1.4819999999998723e-05,352.1946,513.6681714000001
75.70099999999996,0.00019260599999999795,353.1882,511.6793106
75.71100000000001,1.4819999999998723e-05,352.1946,511.6793106
75.721,1.4819999999998723e-05,353.1882,513.6681714000001
75.731,1.4819999999998723e-05,353.1882,513.6681714000001
75.74099999999999,-0.00016296600000001438,352.1946,511.6793106
75.75400000000002,1.4819999999998723e-05,351.20099999999996,485.82412020000015
75.76400000000001,1.4819999999998723e-05,350.2074,485.82412020000015
75.77299999999997,1.4819999999998723e-05,353.1882,485.82412020000015
75.79599999999999,-0.0003407520000000136,349.2138,483.83525940000004
75.80599999999998,1.4819999999998723e-05,352.1946,487.81298100000004
75.815,-0.00016296600000001438,349.2138,485.82412020000015
75.82400000000001,-0.00016296600000001438,352.1946,487.81298100000004
75.834,1.4819999999998723e-05,349.2138,483.83525940000004
75.844,1.4819999999998723e-05,353.1882,485.82412020000015
75.85300000000001,1.4819999999998723e-05,354.1818,485.82412020000015
75.863,1.4819999999998723e-05,353.1882,485.82412020000015
75.87200000000001,1.4819999999998723e-05,354.1818,487.81298100000004
75.882,-0.0003407520000000136,348.2202,485.82412020000015
75.90100000000001,0.00019260599999999795,351.20099999999996,457.98006899999996
75.911,0.00019260599999999795,354.1818,457.98006899999996
75.93099999999998,0.00019260599999999795,349.2138,454.0023474000002
75.94,1.4819999999998723e-05,354.1818,457.98006899999996
75.94999999999999,-0.00016296600000001438,351.20099999999996,457.98006899999996
75.959,1.4819999999998723e-05,352.1946,457.98006899999996
75.969,1.4819999999998723e-05,348.2202,454.0023474000002
75.97899999999998,0.00019260599999999795,352.1946,457.98006899999996
75.988,-0.00016296600000001438,352.1946,457.98006899999996
75.99799999999999,1.4819999999998723e-05,353.1882,457.98006899999996
76.007,-0.00016296600000001438,352.1946,457.98006899999996
76.017,1.4819999999998723e-05,352.1946,455.9912082000001
76.02600000000001,-0.0003407520000000136,347.22659999999996,426.1582962
76.036,1.4819999999998723e-05,351.20099999999996,430.1360178000002
76.06599999999997,1.4819999999998723e-05,351.20099999999996,428.1471570000001
76.11099999999999,1.4819999999998723e-05,349.2138,424.1694354000001
76.12099999999998,0.00019260599999999795,353.1882,428.1471570000001
76.13099999999997,1.4819999999998723e-05,351.20099999999996,428.1471570000001
76.14100000000002,0.00019260599999999795,352.1946,428.1471570000001
76.15199999999999,1.4819999999998723e-05,348.2202,426.1582962
76.161,1.4819999999998723e-05,352.1946,428.1471570000001
76.17099999999999,-0.00016296600000001438,352.1946,428.1471570000001
76.18099999999998,0.00019260599999999795,352.1946,426.1582962
76.195,0.00019260599999999795,349.2138,426.1582962
76.20400000000001,0.00019260599999999795,351.20099999999996,398.314245
76.214,0.00037039200000001105,352.1946,400.30310580000014
76.24599999999998,0.00019260599999999795,351.20099999999996,398.314245
76.25599999999997,0.00019260599999999795,352.1946,396.32538420000014
76.26499999999999,0.00037039200000001105,354.1818,398.314245
76.27499999999998,0.00037039200000001105,353.1882,396.32538420000014
76.28399999999999,0.00037039200000001105,349.2138,396.32538420000014
76.29399999999998,0.00019260599999999795,350.2074,396.32538420000014
76.303,0.00019260599999999795,350.2074,398.314245
76.31299999999999,0.00019260599999999795,353.1882,400.30310580000014
76.332,0.00019260599999999795,353.1882,398.314245
76.34199999999998,0.001081535999999994,354.1818,366.49247220000007
76.35199999999998,0.0009037499999999948,352.1946,366.49247220000007
76.38099999999997,0.0005481779999999825,347.22659999999996,366.49247220000007
76.39100000000002,0.0005481779999999825,351.20099999999996,366.49247220000007
76.39999999999998,0.0005481779999999825,351.20099999999996,368.48133299999995
76.40899999999999,0.0005481779999999825,353.1882,368.48133299999995
76.41899999999998,0.0005481779999999825,352.1946,364.5036114000002
76.42899999999997,0.0005481779999999825,353.1882,366.49247220000007
76.43799999999999,0.0005481779999999825,352.1946,366.49247220000007
76.47499999999997,0.0014371079999999925,351.20099999999996,336.6595602000002
76.48399999999998,0.001081535999999994,351.20099999999996,336.6595602000002
76.51600000000002,0.0005481779999999825,352.1946,336.6595602000002
76.56200000000001,0.0009037499999999948,351.20099999999996,334.6706993999999
76.57099999999997,0.0007259639999999956,353.1882,336.6595602000002
76.58100000000002,0.0009037499999999948,352.1946,336.6595602000002
76.58999999999997,0.0007259639999999956,352.1946,336.6595602000002
76.59999999999997,0.00037039200000001105,348.2202,336.6595602000002
76.60899999999998,0.0007259639999999956,353.1882,336.6595602000002
76.61899999999997,0.0005481779999999825,351.20099999999996,334.6706993999999
76.62799999999999,0.00037039200000001105,351.20099999999996,336.6595602000002
76.63799999999998,0.00037039200000001105,350.2074,338.6484210000001
76.64699999999999,0.0005481779999999825,353.1882,336.6595602000002
76.697,0.001792679999999991,349.2138,304.8377874
76.70600000000002,0.001081535999999994,351.20099999999996,306.82664820000014
76.71600000000001,0.0005481779999999825,350.2074,310.8043697999999
76.72499999999997,0.0009037499999999948,352.1946,306.82664820000014
76.73500000000001,0.0007259639999999956,350.2074,306.82664820000014
76.74399999999997,0.0009037499999999948,350.2074,306.82664820000014
76.75400000000002,0.0009037499999999948,352.1946,306.82664820000014
76.96699999999998,0.0007259639999999956,351.20099999999996,306.82664820000014
77.05599999999998,0.0014371079999999925,352.1946,276.99373620000006
77.06599999999997,0.0005481779999999825,352.1946,280.97145780000005
77.07499999999999,0.0005481779999999825,352.1946,276.99373620000006
77.08499999999998,0.0007259639999999956,352.1946,276.99373620000006
77.09499999999997,0.0007259639999999956,352.1946,276.99373620000006
77.10399999999998,0.0009037499999999948,352.1946,278.98259699999994
77.12299999999999,0.0009037499999999948,353.1882,276.99373620000006
77.14999999999998,0.001081535999999994,350.2074,245.17196339999987
77.15899999999999,0.0007259639999999956,351.20099999999996,249.1496850000001
77.19099999999997,0.0007259639999999956,349.2138,243.18310259999998
77.20099999999996,0.0005481779999999825,351.20099999999996,247.1608242000002
77.20999999999998,0.001081535999999994,354.1818,245.17196339999987
77.21999999999997,0.0009037499999999948,351.20099999999996,245.17196339999987
77.22899999999998,0.0005481779999999825,349.2138,247.1608242000002
77.23899999999998,0.0005481779999999825,350.2074,247.1608242000002
77.24799999999999,0.0007259639999999956,352.1946,245.17196339999987
77.25799999999998,0.00037039200000001105,351.20099999999996,249.1496850000001
77.267,0.0009037499999999948,353.1882,245.17196339999987
77.27699999999999,0.0007259639999999956,351.20099999999996,241.1942418000001
77.28699999999998,0.001081535999999994,353.1882,215.33905140000002
77.29599999999999,0.0007259639999999956,351.20099999999996,217.32791220000013
77.32599999999996,0.0007259639999999956,351.20099999999996,213.35019060000013
77.33600000000001,0.0005481779999999825,353.1882,217.32791220000013
77.34499999999997,0.0007259639999999956,354.1818,217.32791220000013
77.35500000000002,0.00037039200000001105,350.2074,217.32791220000013
77.36399999999998,0.0005481779999999825,353.1882,213.35019060000013
77.38299999999998,0.0005481779999999825,351.20099999999996,215.33905140000002
77.39299999999997,0.0007259639999999956,354.1818,215.33905140000002
77.40299999999996,0.0007259639999999956,352.1946,215.33905140000002
77.41399999999999,0.0005481779999999825,352.1946,215.33905140000002
77.42399999999998,0.0009037499999999948,352.1946,185.50613939999994
77.46199999999999,0.0007259639999999956,350.2074,183.51727860000005
77.471,0.00019260599999999795,352.1946,185.50613939999994
77.481,0.00037039200000001105,351.20099999999996,187.49500020000005
77.49000000000001,0.0005481779999999825,351.20099999999996,187.49500020000005
77.5,0.0007259639999999956,351.20099999999996,185.50613939999994
77.50900000000001,0.0005481779999999825,352.1946,187.49500020000005
77.519,0.0005481779999999825,352.1946,185.50613939999994
77.52799999999996,0.00037039200000001105,351.20099999999996,187.49500020000005
77.53800000000001,0.0005481779999999825,350.2074,187.49500020000005
77.54699999999997,0.0005481779999999825,350.2074,185.50613939999994
77.55700000000002,0.00037039200000001105,350.2074,157.6620882000002
77.56599999999997,0.00037039200000001105,351.20099999999996,157.6620882000002
77.596,0.00037039200000001105,350.2074,155.6732274000001
77.606,0.00037039200000001105,354.1818,159.65094900000008
77.61500000000001,0.00037039200000001105,352.1946,157.6620882000002
77.625,0.0005481779999999825,354.1818,157.6620882000002
77.644,0.0005481779999999825,352.1946,157.6620882000002
77.654,0.0007259639999999956,353.1882,155.6732274000001
77.66399999999999,0.0007259639999999956,353.1882,157.6620882000002
77.67399999999998,0.0009037499999999948,352.1946,155.6732274000001
77.68399999999997,0.0005481779999999825,351.20099999999996,155.6732274000001
77.69400000000002,0.0005481779999999825,350.2074,123.85145460000012
77.73199999999997,0.0007259639999999956,350.2074,121.86259380000024
77.74099999999999,0.0005481779999999825,352.1946,125.84031540000001
77.75099999999998,0.0009037499999999948,354.1818,125.84031540000001
77.75999999999999,0.0007259639999999956,353.1882,127.82917620000012
77.76999999999998,0.0009037499999999948,348.2202,121.86259380000024
77.779,0.0007259639999999956,352.1946,125.84031540000001
77.78899999999999,0.0005481779999999825,350.2074,125.84031540000001
77.798,0.0005481779999999825,351.20099999999996,125.84031540000001
77.80799999999999,0.0005481779999999825,352.1946,127.82917620000012
77.81799999999998,0.0009037499999999948,351.20099999999996,125.84031540000001
77.827,0.0009037499999999948,353.1882,96.00740339999993
77.83699999999999,0.0009037499999999948,352.1946,96.00740339999993
77.86599999999999,0.0009037499999999948,349.2138,94.01854260000005
77.87599999999998,0.0009037499999999948,352.1946,96.00740339999993
77.88499999999999,0.0007259639999999956,350.2074,96.00740339999993
77.904,0.0009037499999999948,349.2138,94.01854260000005
77.91399999999999,0.001081535999999994,353.1882,97.99626420000004
77.92399999999998,0.001081535999999994,353.1882,96.00740339999993
77.93399999999997,0.0009037499999999948,351.20099999999996,96.00740339999993
77.94400000000002,0.0007259639999999956,353.1882,97.99626420000004
77.95499999999998,0.0009037499999999948,351.20099999999996,94.01854260000005
77.964,0.0007259639999999956,350.2074,66.17449140000008
77.97399999999999,0.00037039200000001105,352.1946,66.17449140000008
78.00099999999998,0.0009037499999999948,348.2202,64.1856306000002
78.01099999999997,0.0009037499999999948,351.20099999999996,66.17449140000008
78.01999999999998,0.001081535999999994,352.1946,64.1856306000002
78.02999999999997,0.0007259639999999956,350.2074,68.16335219999996
78.03899999999999,0.0009037499999999948,350.2074,64.1856306000002
78.04899999999998,0.0009037499999999948,352.1946,66.17449140000008
78.05799999999999,0.0009037499999999948,350.2074,66.17449140000008
78.06799999999998,0.0009037499999999948,349.2138,66.17449140000008
78.077,0.0009037499999999948,352.1946,64.1856306000002
78.08699999999999,0.0009037499999999948,352.1946,64.1856306000002
78.09699999999998,0.00037039200000001105,351.20099999999996,38.330440199999884
78.106,0.0005481779999999825,351.20099999999996,38.330440199999884
78.13599999999997,0.0005481779999999825,349.2138,34.35271860000012
78.14600000000002,0.00019260599999999795,350.2074,36.3415794
78.16499999999996,0.0007259639999999956,353.1882,36.3415794
78.17500000000001,0.0009037499999999948,353.1882,36.3415794
78.185,0.0009037499999999948,351.20099999999996,36.3415794
78.195,0.0007259639999999956,353.1882,38.330440199999884
78.20499999999998,0.00037039200000001105,352.1946,38.330440199999884
78.21499999999997,0.0007259639999999956,352.1946,36.3415794
78.22499999999997,0.0007259639999999956,350.2074,34.35271860000012
78.23500000000001,0.0005481779999999825,351.20099999999996,6.508667400000149
78.245,0.0005481779999999825,353.1882,4.519806600000038
78.27100000000002,0.00037039200000001105,349.2138,6.508667400000149
78.281,0.0005481779999999825,351.20099999999996,4.519806600000038
78.28999999999996,0.00037039200000001105,351.20099999999996,6.508667400000149
78.30000000000001,0.0007259639999999956,352.1946,6.508667400000149
78.30899999999997,0.00037039200000001105,347.22659999999996,4.519806600000038
78.31900000000002,0.00037039200000001105,350.2074,6.508667400000149
78.32799999999997,0.0005481779999999825,352.1946,8.497528200000033
78.33799999999997,0.0007259639999999956,352.1946,6.508667400000149
78.34699999999998,0.0005481779999999825,350.2074,6.508667400000149
78.35699999999997,0.00037039200000001105,352.1946,4.519806600000038
78.36700000000002,0.00037039200000001105,352.1946,6.508667400000149
78.37599999999998,0.0005481779999999825,352.1946,6.508667400000149
78.39499999999998,0.0007259639999999956,352.1946,6.508667400000149
78.40499999999997,0.0007259639999999956,349.2138,4.519806600000038
78.41499999999996,0.0007259639999999956,351.20099999999996,6.508667400000149
78.42500000000001,0.0005481779999999825,353.1882,8.497528200000033
78.435,0.0009037499999999948,354.1818,6.508667400000149
78.445,0.00019260599999999795,350.2074,4.519806600000038
78.45499999999998,0.0009037499999999948,353.1882,6.508667400000149
78.46499999999997,0.0005481779999999825,353.1882,8.497528200000033
78.47499999999997,0.0005481779999999825,352.1946,8.497528200000033
78.48500000000001,0.0009037499999999948,353.1882,6.508667400000149
78.495,0.0005481779999999825,350.2074,6.508667400000149
78.505,0.0005481779999999825,351.20099999999996,8.497528200000033
78.51499999999999,0.0005481779999999825,353.1882,8.497528200000033
78.52499999999998,0.0005481779999999825,352.1946,8.497528200000033
78.53499999999997,0.0005481779999999825,350.2074,6.508667400000149
78.54500000000002,0.0005481779999999825,351.20099999999996,8.497528200000033
78.555,0.0007259639999999956,353.1882,6.508667400000149
78.565,0.0007259639999999956,353.1882,6.508667400000149
78.57499999999999,0.0007259639999999956,352.1946,8.497528200000033
78.58499999999998,0.0005481779999999825,349.2138,2.5309457999999267
78.59499999999997,0.0007259639999999956,352.1946,6.508667400000149
78.60500000000002,0.0007259639999999956,351.20099999999996,6.508667400000149
78.61500000000001,0.0009037499999999948,353.1882,6.508667400000149
78.62599999999998,0.0007259639999999956,353.1882,6.508667400000149
78.63499999999999,0.0007259639999999956,350.2074,6.508667400000149
78.64499999999998,0.0007259639999999956,353.1882,8.497528200000033
78.65499999999997,0.0007259639999999956,352.1946,6.508667400000149
78.66499999999996,0.0005481779999999825,352.1946,8.497528200000033
78.67599999999999,0.0007259639999999956,350.2074,4.519806600000038
78.685,0.0005481779999999825,353.1882,8.497528200000033
78.695,0.0005481779999999825,352.1946,8.497528200000033
78.70499999999998,0.001081535999999994,354.1818,6.508667400000149
78.71600000000001,0.0007259639999999956,352.1946,6.508667400000149
78.72499999999997,0.0007259639999999956,353.1882,6.508667400000149
78.73500000000001,0.0009037499999999948,352.1946,4.519806600000038
78.74599999999998,0.0009037499999999948,353.1882,6.508667400000149
78.75599999999997,0.0009037499999999948,353.1882,6.508667400000149
78.76600000000002,0.0007259639999999956,351.20099999999996,6.508667400000149
78.77600000000001,0.0007259639999999956,350.2074,6.508667400000149
78.786,0.0009037499999999948,353.1882,6.508667400000149
78.79599999999999,0.0005481779999999825,351.20099999999996,6.508667400000149
78.80599999999998,0.0007259639999999956,351.20099999999996,6.508667400000149
78.81599999999997,0.0007259639999999956,352.1946,6.508667400000149
78.82599999999996,0.0009037499999999948,352.1946,6.508667400000149
78.83600000000001,0.001081535999999994,353.1882,6.508667400000149
78.846,0.0007259639999999956,350.2074,6.508667400000149
78.856,0.0009037499999999948,349.2138,4.519806600000038
78.86599999999999,0.0005481779999999825,351.20099999999996,8.497528200000033
78.87599999999998,0.0009037499999999948,352.1946,8.497528200000033
78.90100000000001,0.001081535999999994,353.1882,4.519806600000038
78.911,0.0007259639999999956,349.2138,6.508667400000149
78.92000000000002,0.0009037499999999948,352.1946,6.508667400000149
78.93,0.0007259639999999956,354.1818,8.497528200000033
78.93899999999996,0.0007259639999999956,350.2074,6.508667400000149
78.94900000000001,0.0009037499999999948,353.1882,8.497528200000033
78.95799999999997,0.0007259639999999956,352.1946,8.497528200000033
78.96800000000002,0.0007259639999999956,353.1882,6.508667400000149
78.97699999999998,0.0007259639999999956,351.20099999999996,8.497528200000033
78.98699999999997,0.0007259639999999956,346.233,2.5309457999999267
79.00599999999997,0.0007259639999999956,352.1946,6.508667400000149
79.01600000000002,0.0007259639999999956,354.1818,6.508667400000149
79.02600000000001,0.0009037499999999948,353.1882,8.497528200000033
79.036,0.0007259639999999956,350.2074,6.508667400000149
79.04599999999999,0.0009037499999999948,351.20099999999996,6.508667400000149
79.05599999999998,0.00037039200000001105,351.20099999999996,8.497528200000033
79.06599999999997,0.0007259639999999956,352.1946,6.508667400000149
79.07599999999996,0.00019260599999999795,350.2074,8.497528200000033
79.08600000000001,0.0009037499999999948,350.2074,6.508667400000149
79.096,0.0007259639999999956,350.2074,6.508667400000149
79.106,0.0009037499999999948,350.2074,6.508667400000149
79.11599999999999,0.0005481779999999825,350.2074,6.508667400000149
79.12599999999998,0.001081535999999994,349.2138,4.519806600000038
79.13599999999997,0.0007259639999999956,352.1946,6.508667400000149
79.14600000000002,0.0007259639999999956,351.20099999999996,8.497528200000033
79.156,0.0009037499999999948,351.20099999999996,6.508667400000149
79.166,0.0005481779999999825,350.2074,6.508667400000149
79.17599999999999,0.0007259639999999956,350.2074,8.497528200000033
79.18599999999998,0.0007259639999999956,352.1946,8.497528200000033
79.19599999999997,0.0009037499999999948,350.2074,6.508667400000149
79.20600000000002,0.001081535999999994,354.1818,8.497528200000033
79.21600000000001,0.0009037499999999948,350.2074,4.519806600000038
79.226,0.0009037499999999948,352.1946,6.508667400000149
79.23599999999999,0.0005481779999999825,351.20099999999996,8.497528200000033
79.24599999999998,0.0007259639999999956,351.20099999999996,8.497528200000033
79.257,0.0009037499999999948,350.2074,2.5309457999999267
79.26600000000002,0.001081535999999994,353.1882,6.508667400000149
79.27600000000001,0.0007259639999999956,351.20099999999996,8.497528200000033
79.286,0.0007259639999999956,352.1946,6.508667400000149
79.29599999999999,0.0009037499999999948,353.1882,6.508667400000149
79.30700000000002,0.0007259639999999956,352.1946,6.508667400000149
79.31599999999997,0.0009037499999999948,352.1946,8.497528200000033
79.32599999999996,0.001081535999999994,355.17539999999997,6.508667400000149
79.33600000000001,0.0007259639999999956,351.20099999999996,6.508667400000149
79.34699999999998,0.001081535999999994,348.2202,2.5309457999999267
79.356,0.0007259639999999956,351.20099999999996,6.508667400000149
79.36700000000002,0.0009037499999999948,350.2074,4.519806600000038
79.37700000000001,0.0009037499999999948,352.1946,8.497528200000033
79.387,0.0007259639999999956,349.2138,6.508667400000149
79.39699999999999,0.0007259639999999956,351.20099999999996,6.508667400000149
79.40699999999998,0.0005481779999999825,351.20099999999996,8.497528200000033
79.41699999999997,0.001081535999999994,352.1946,6.508667400000149
79.42699999999996,0.001081535999999994,354.1818,6.508667400000149
79.43700000000001,0.001081535999999994,349.2138,6.508667400000149
79.447,0.0009037499999999948,352.1946,8.497528200000033
79.457,0.001081535999999994,351.20099999999996,6.508667400000149
79.48599999999999,0.0007259639999999956,350.2074,8.497528200000033
79.531,0.0009037499999999948,350.2074,6.508667400000149
79.541,0.0009037499999999948,350.2074,8.497528200000033
79.55000000000001,0.0007259639999999956,351.20099999999996,6.508667400000149
79.56,0.0009037499999999948,350.2074,4.519806600000038
79.57,0.001081535999999994,350.2074,4.519806600000038
79.57900000000001,0.0007259639999999956,352.1946,8.497528200000033
79.589,0.0009037499999999948,352.1946,8.497528200000033
79.59800000000001,0.001081535999999994,352.1946,6.508667400000149
79.61700000000002,0.0009037499999999948,349.2138,4.519806600000038
79.62700000000001,0.0007259639999999956,351.20099999999996,8.497528200000033
79.637,0.001081535999999994,352.1946,6.508667400000149
79.64699999999999,0.001081535999999994,353.1882,6.508667400000149
79.65699999999998,0.0009037499999999948,351.20099999999996,6.508667400000149
79.66699999999997,0.0007259639999999956,350.2074,8.497528200000033
79.67699999999996,0.0007259639999999956,351.20099999999996,8.497528200000033
79.68700000000001,0.0009037499999999948,352.1946,8.497528200000033
79.697,0.001081535999999994,353.1882,6.508667400000149
79.707,0.0009037499999999948,350.2074,4.519806600000038
79.71699999999998,0.001081535999999994,354.1818,6.508667400000149
79.72699999999998,0.0009037499999999948,353.1882,6.508667400000149
79.73699999999997,0.0012593219999999933,356.169,6.508667400000149
79.74700000000001,0.0009037499999999948,352.1946,6.508667400000149
79.757,0.0007259639999999956,348.2202,8.497528200000033
79.767,0.001081535999999994,351.20099999999996,4.519806600000038
79.77699999999999,0.0009037499999999948,350.2074,4.519806600000038
79.78699999999998,0.0007259639999999956,351.20099999999996,8.497528200000033
79.79699999999997,0.001081535999999994,353.1882,4.519806600000038
79.80700000000002,0.0009037499999999948,352.1946,6.508667400000149
79.81700000000001,0.0005481779999999825,352.1946,8.497528200000033
79.827,0.0009037499999999948,351.20099999999996,6.508667400000149
79.83699999999999,0.0009037499999999948,351.20099999999996,6.508667400000149
79.84699999999998,0.0007259639999999956,353.1882,6.508667400000149
79.85699999999997,0.001081535999999994,352.1946,6.508667400000149
79.86700000000002,0.0007259639999999956,351.20099999999996,8.497528200000033
79.87700000000001,0.0009037499999999948,352.1946,8.497528200000033
79.88799999999998,0.0009037499999999948,349.2138,4.519806600000038
79.89699999999999,0.001081535999999994,352.1946,6.508667400000149
79.90699999999998,0.0007259639999999956,352.1946,8.497528200000033
79.91699999999997,0.0009037499999999948,352.1946,6.508667400000149
79.92699999999996,0.0009037499999999948,352.1946,4.519806600000038
79.93799999999999,0.0007259639999999956,349.2138,8.497528200000033
79.947,0.0007259639999999956,351.20099999999996,8.497528200000033
79.957,0.0007259639999999956,353.1882,8.497528200000033
79.96699999999998,0.001081535999999994,353.1882,6.508667400000149
79.97800000000001,0.0009037499999999948,352.1946,8.497528200000033
79.98699999999997,0.0009037499999999948,350.2074,6.508667400000149
79.99799999999999,0.0007259639999999956,352.1946,8.497528200000033
80.00799999999998,0.001081535999999994,353.1882,6.508667400000149
80.01799999999997,0.001081535999999994,354.1818,4.519806600000038
80.02799999999996,0.0009037499999999948,351.20099999999996,8.497528200000033
80.03800000000001,0.0009037499999999948,352.1946,8.497528200000033
80.048,0.0009037499999999948,354.1818,8.497528200000033
80.05799999999999,0.001081535999999994,353.1882,6.508667400000149
80.06799999999998,0.0005481779999999825,348.2202,6.508667400000149
80.07799999999997,0.0007259639999999956,351.20099999999996,8.497528200000033
80.08799999999997,0.0007259639999999956,353.1882,8.497528200000033
80.09800000000001,0.0009037499999999948,353.1882,6.508667400000149
80.108,0.001081535999999994,352.1946,6.508667400000149
80.118,0.0009037499999999948,349.2138,6.508667400000149
80.12799999999999,0.0009037499999999948,352.1946,8.497528200000033
80.13799999999998,0.0007259639999999956,351.20099999999996,8.497528200000033
80.14799999999997,0.0009037499999999948,354.1818,8.497528200000033
80.15800000000002,0.001081535999999994,352.1946,4.519806600000038
80.168,0.0009037499999999948,351.20099999999996,6.508667400000149
80.178,0.0009037499999999948,351.20099999999996,8.497528200000033
80.18799999999999,0.0009037499999999948,353.1882,6.508667400000149
80.19799999999998,0.001081535999999994,353.1882,4.519806600000038
80.20799999999997,0.0009037499999999948,353.1882,8.497528200000033
80.21800000000002,0.0012593219999999933,352.1946,6.508667400000149
80.22800000000001,0.0009037499999999948,352.1946,8.497528200000033
80.238,0.0009037499999999948,352.1946,8.497528200000033
80.24799999999999,0.001081535999999994,350.2074,4.519806600000038
80.25799999999998,0.0007259639999999956,351.20099999999996,8.497528200000033
80.26799999999997,0.0007259639999999956,350.2074,8.497528200000033
80.27799999999996,0.0007259639999999956,351.20099999999996,8.497528200000033
80.28800000000001,0.0007259639999999956,349.2138,4.519806600000038
80.298,0.001081535999999994,355.17539999999997,6.508667400000149
80.30799999999999,0.001081535999999994,353.1882,6.508667400000149
80.31799999999998,0.001081535999999994,355.17539999999997,6.508667400000149
80.32799999999997,0.0009037499999999948,354.1818,8.497528200000033
80.33799999999997,0.001081535999999994,354.1818,4.519806600000038
80.34800000000001,0.0009037499999999948,354.1818,8.497528200000033
80.358,0.0012593219999999933,353.1882,6.508667400000149
80.368,0.001081535999999994,352.1946,8.497528200000033
80.37799999999999,0.0009037499999999948,351.20099999999996,4.519806600000038
80.38799999999998,0.0009037499999999948,353.1882,6.508667400000149
80.39799999999997,0.0009037499999999948,350.2074,6.508667400000149
80.40800000000002,0.0009037499999999948,351.20099999999996,6.508667400000149
80.418,0.0009037499999999948,352.1946,8.497528200000033
80.43099999999998,0.001081535999999994,347.22659999999996,4.519806600000038
80.44099999999997,0.0009037499999999948,353.1882,6.508667400000149
80.45099999999996,0.0007259639999999956,352.1946,8.497528200000033
80.45999999999998,0.0007259639999999956,351.20099999999996,8.497528200000033
80.46999999999997,0.001081535999999994,352.1946,4.519806600000038
80.47899999999998,0.0009037499999999948,352.1946,8.497528200000033
80.49799999999999,0.001081535999999994,352.1946,6.508667400000149
80.50799999999998,0.001081535999999994,352.1946,6.508667400000149
80.519,0.0009037499999999948,352.1946,4.519806600000038
80.52799999999996,0.001081535999999994,353.1882,6.508667400000149
80.53800000000001,0.001081535999999994,353.1882,6.508667400000149
80.548,0.0009037499999999948,353.1882,6.508667400000149
80.55899999999997,0.0007259639999999956,348.2202,2.5309457999999267
80.56799999999998,0.0009037499999999948,351.20099999999996,6.508667400000149
80.57799999999997,0.0009037499999999948,353.1882,6.508667400000149
80.58799999999997,0.0007259639999999956,350.2074,6.508667400000149
80.59800000000001,0.0007259639999999956,352.1946,8.497528200000033
80.60899999999998,0.0007259639999999956,348.2202,4.519806600000038
80.61899999999997,0.001081535999999994,354.1818,6.508667400000149
80.62900000000002,0.001081535999999994,355.17539999999997,8.497528200000033
80.63900000000001,0.001081535999999994,352.1946,6.508667400000149
80.649,0.0007259639999999956,350.2074,4.519806600000038
80.65899999999999,0.0009037499999999948,353.1882,8.497528200000033
80.66899999999998,0.0009037499999999948,352.1946,6.508667400000149
80.67899999999997,0.0009037499999999948,352.1946,8.497528200000033
80.68899999999996,0.0009037499999999948,353.1882,6.508667400000149
80.69900000000001,0.001081535999999994,348.2202,4.519806600000038
80.709,0.001081535999999994,351.20099999999996,6.508667400000149
80.719,0.0007259639999999956,352.1946,8.497528200000033
80.72899999999998,0.0007259639999999956,351.20099999999996,8.497528200000033
80.73899999999998,0.0009037499999999948,351.20099999999996,4.519806600000038
80.74899999999997,0.0007259639999999956,350.2074,6.508667400000149
80.75900000000001,0.0009037499999999948,351.20099999999996,8.497528200000033
80.769,0.0007259639999999956,351.20099999999996,6.508667400000149
80.779,0.0009037499999999948,353.1882,8.497528200000033
80.78899999999999,0.0012593219999999933,349.2138,4.519806600000038
80.79899999999998,0.0009037499999999948,348.2202,6.508667400000149
80.80899999999997,0.001081535999999994,351.20099999999996,6.508667400000149
80.81900000000002,0.0009037499999999948,353.1882,8.497528200000033
80.82900000000001,0.0012593219999999933,353.1882,4.519806600000038
80.839,0.001081535999999994,352.1946,8.497528200000033
80.84899999999999,0.0007259639999999956,351.20099999999996,8.497528200000033
80.85899999999998,0.0009037499999999948,352.1946,6.508667400000149
80.86899999999997,0.0007259639999999956,352.1946,8.497528200000033
80.87900000000002,0.0005481779999999825,349.2138,8.497528200000033
80.88900000000001,0.0009037499999999948,351.20099999999996,6.508667400000149
80.899,0.0009037499999999948,353.1882,6.508667400000149
80.90899999999999,0.001081535999999994,354.1818,6.508667400000149
80.91899999999998,0.0009037499999999948,348.2202,4.519806600000038
80.92899999999997,0.001081535999999994,353.1882,6.508667400000149
80.93899999999996,0.0012593219999999933,354.1818,6.508667400000149
80.94900000000001,0.0007259639999999956,352.1946,8.497528200000033
80.959,0.0007259639999999956,351.20099999999996,8.497528200000033
80.969,0.001081535999999994,349.2138,2.5309457999999267
80.97899999999998,0.0009037499999999948,352.1946,6.508667400000149
80.98899999999998,0.001081535999999994,354.1818,6.508667400000149
80.99899999999997,0.001081535999999994,352.1946,4.519806600000038
81.00900000000001,0.0007259639999999956,352.1946,4.519806600000038
81.019,0.0007259639999999956,352.1946,8.497528200000033
81.029,0.001081535999999994,352.1946,6.508667400000149
81.03899999999999,0.0007259639999999956,351.20099999999996,8.497528200000033
81.04899999999998,0.001081535999999994,352.1946,6.508667400000149
81.05899999999997,0.0009037499999999948,350.2074,2.5309457999999267
81.06900000000002,0.0009037499999999948,351.20099999999996,6.508667400000149
81.07900000000001,0.001081535999999994,353.1882,6.508667400000149
81.089,0.001081535999999994,353.1882,6.508667400000149
81.09899999999999,0.0009037499999999948,351.20099999999996,6.508667400000149
81.10899999999998,0.0009037499999999948,353.1882,8.497528200000033
81.11899999999997,0.001081535999999994,354.1818,8.497528200000033
81.12900000000002,0.001081535999999994,354.1818,8.497528200000033
81.13900000000001,0.0009037499999999948,353.1882,8.497528200000033
81.149,0.001081535999999994,353.1882,6.508667400000149
81.15899999999999,0.0007259639999999956,351.20099999999996,8.497528200000033
81.197,0.001081535999999994,352.1946,4.519806600000038
81.20600000000002,0.001081535999999994,352.1946,6.508667400000149
81.21600000000001,0.0007259639999999956,354.1818,8.497528200000033
81.22499999999997,0.0009037499999999948,352.1946,6.508667400000149
81.23500000000001,0.0009037499999999948,349.2138,4.519806600000038
81.245,0.0009037499999999948,351.20099999999996,8.497528200000033
81.25400000000002,0.001081535999999994,354.1818,8.497528200000033
81.26400000000001,0.001081535999999994,351.20099999999996,6.508667400000149
81.27299999999997,0.0007259639999999956,349.2138,6.508667400000149
81.28300000000002,0.001081535999999994,352.1946,4.519806600000038
81.29199999999997,0.0005481779999999825,351.20099999999996,8.497528200000033
81.30199999999996,0.0009037499999999948,351.20099999999996,6.508667400000149
81.31099999999998,0.0009037499999999948,352.1946,10.486389000000145
81.32099999999997,0.0005481779999999825,349.2138,8.497528200000033
81.32999999999998,0.0009037499999999948,350.2074,4.519806600000038
81.34999999999997,0.001081535999999994,352.1946,6.508667400000149
81.36000000000001,0.0009037499999999948,352.1946,8.497528200000033
81.37,0.0009037499999999948,350.2074,4.519806600000038
81.38,0.001081535999999994,352.1946,6.508667400000149
81.38999999999999,0.0009037499999999948,354.1818,8.497528200000033
81.39999999999998,0.001081535999999994,354.1818,6.508667400000149
81.40999999999997,0.0009037499999999948,353.1882,8.497528200000033
81.42000000000002,0.001081535999999994,350.2074,6.508667400000149
81.43,0.0007259639999999956,351.20099999999996,8.497528200000033
81.44,0.0009037499999999948,352.1946,8.497528200000033
81.46699999999998,0.001081535999999994,348.2202,4.519806600000038
81.47699999999998,0.0007259639999999956,353.1882,6.508667400000149
81.48599999999999,0.0005481779999999825,350.2074,8.497528200000033
81.495,0.0007259639999999956,351.20099999999996,6.508667400000149
81.505,0.001081535999999994,348.2202,4.519806600000038
81.51499999999999,0.0009037499999999948,353.1882,8.497528200000033
81.524,0.0009037499999999948,352.1946,6.508667400000149
81.53399999999999,0.0012593219999999933,353.1882,6.508667400000149
81.543,0.0009037499999999948,352.1946,8.497528200000033
81.553,0.0009037499999999948,351.20099999999996,4.519806600000038
81.56200000000001,0.0009037499999999948,352.1946,6.508667400000149
81.572,0.0007259639999999956,351.20099999999996,8.497528200000033
81.58100000000002,0.0009037499999999948,353.1882,6.508667400000149
81.59100000000001,0.001081535999999994,353.1882,8.497528200000033
81.61000000000001,0.0009037499999999948,350.2074,6.508667400000149
81.62,0.0007259639999999956,351.20099999999996,8.497528200000033
81.63,0.0007259639999999956,353.1882,8.497528200000033
81.63999999999999,0.0009037499999999948,352.1946,4.519806600000038
81.64999999999998,0.0012593219999999933,354.1818,6.508667400000149
81.65999999999997,0.0014371079999999925,355.17539999999997,6.508667400000149
81.67000000000002,0.0012593219999999933,355.17539999999997,6.508667400000149
81.68,0.0009037499999999948,353.1882,6.508667400000149
81.69,0.0009037499999999948,348.2202,4.519806600000038
81.69999999999999,0.0009037499999999948,355.17539999999997,8.497528200000033
81.70999999999998,0.0009037499999999948,356.169,8.497528200000033
81.71999999999997,0.0009037499999999948,354.1818,8.497528200000033
81.731,0.0007259639999999956,351.20099999999996,4.519806600000038
81.74000000000001,0.0009037499999999948,353.1882,6.508667400000149
81.75,0.0009037499999999948,352.1946,8.497528200000033
81.75999999999999,0.0007259639999999956,352.1946,8.497528200000033
81.76999999999998,0.0009037499999999948,351.20099999999996,6.508667400000149
81.781,0.001081535999999994,352.1946,4.519806600000038
81.78999999999996,0.001081535999999994,353.1882,8.497528200000033
81.80000000000001,0.0012593219999999933,352.1946,6.508667400000149
81.81,0.0012593219999999933,353.1882,6.508667400000149
81.82099999999997,0.001081535999999994,348.2202,4.519806600000038
81.82999999999998,0.0009037499999999948,351.20099999999996,6.508667400000149
81.83999999999997,0.0009037499999999948,351.20099999999996,8.497528200000033
81.84999999999997,0.0009037499999999948,353.1882,6.508667400000149
81.86000000000001,0.001081535999999994,353.1882,6.508667400000149
81.87099999999998,0.001081535999999994,352.1946,4.519806600000038
81.88099999999997,0.001081535999999994,352.1946,6.508667400000149
81.89100000000002,0.0009037499999999948,354.1818,8.497528200000033
81.90100000000001,0.001081535999999994,351.20099999999996,6.508667400000149
81.911,0.0009037499999999948,349.2138,2.5309457999999267
81.92099999999999,0.0009037499999999948,351.20099999999996,8.497528200000033
81.93099999999998,0.001081535999999994,353.1882,6.508667400000149
81.94099999999997,0.0009037499999999948,354.1818,8.497528200000033
81.95099999999996,0.0007259639999999956,350.2074,8.497528200000033
81.96100000000001,0.001081535999999994,353.1882,8.497528200000033
81.971,0.001081535999999994,353.1882,8.497528200000033
82.00599999999997,0.001081535999999994,353.1882,8.497528200000033
