Time (s),Channel 1 (mA),Channel 2 (mV),Channel 3 (mV)
0.0,1.4819999999998723e-05,165.39780000000002,605.1557682
0.05000000000001137,0.00037039200000001105,166.3914,601.1780466
0.10099999999999909,-0.0003407520000000136,164.4042,605.1557682
0.15100000000001046,1.4819999999998723e-05,166.3914,603.1669074000001
0.20000000000004547,0.00019260599999999795,165.39780000000002,603.1669074000001
0.25,0.00019260599999999795,166.3914,603.1669074000001
0.30000000000001137,-0.00016296600000001438,165.39780000000002,603.1669074000001
0.3509999999999991,0.00037039200000001105,165.39780000000002,603.1669074000001
0.40100000000001046,0.00019260599999999795,165.39780000000002,601.1780466
0.45100000000002183,1.4819999999998723e-05,165.39780000000002,603.1669074000001
0.5010000000000332,1.4819999999998723e-05,165.39780000000002,605.1557682
0.5510000000000446,1.4819999999998723e-05,166.3914,601.1780466
0.6009999999999991,1.4819999999998723e-05,164.4042,601.1780466
0.6510000000000105,0.00019260599999999795,165.39780000000002,603.1669074000001
0.7010000000000218,0.00019260599999999795,165.39780000000002,603.1669074000001
0.7510000000000332,0.00019260599999999795,165.39780000000002,603.1669074000001
0.8010000000000446,0.00037039200000001105,165.39780000000002,603.1669074000001
0.8509999999999991,1.4819999999998723e-05,165.39780000000002,603.1669074000001
0.9010000000000105,-0.00016296600000001438,164.4042,603.1669074000001
0.9510000000000218,0.00019260599999999795,165.39780000000002,603.1669074000001
1.0010000000000332,-0.0003407520000000136,163.41060000000002,603.1669074000001
1.0510000000000446,0.00019260599999999795,164.4042,603.1669074000001
1.100999999999999,1.4819999999998723e-05,166.3914,603.1669074000001
1.1510000000000105,0.00037039200000001105,166.3914,603.1669074000001
1.2010000000000218,0.00037039200000001105,167.38500000000002,601.1780466
1.2510000000000332,1.4819999999998723e-05,166.3914,605.1557682
1.3010000000000446,1.4819999999998723e-05,164.4042,605.1557682
1.350999999999999,0.00037039200000001105,166.3914,603.1669074000001
1.4010000000000105,0.00037039200000001105,167.38500000000002,603.1669074000001
1.4510000000000218,1.4819999999998723e-05,165.39780000000002,603.1669074000001
1.5010000000000332,0.00019260599999999795,164.4042,603.1669074000001
1.5510000000000446,-0.00016296600000001438,166.3914,605.1557682
1.600999999999999,0.0005481779999999825,166.3914,601.1780466
1.6510000000000105,0.00019260599999999795,163.41060000000002,601.1780466
1.7010000000000218,0.00037039200000001105,164.4042,601.1780466
1.7510000000000332,-0.00016296600000001438,164.4042,605.1557682
1.8010000000000446,1.4819999999998723e-05,164.4042,603.1669074000001
1.850999999999999,0.00019260599999999795,163.41060000000002,601.1780466
1.9010000000000105,0.00019260599999999795,167.38500000000002,603.1669074000001
1.9510000000000218,0.00019260599999999795,164.4042,599.1891858000001
2.001000000000033,1.4819999999998723e-05,164.4042,605.1557682
2.0510000000000446,-0.00016296600000001438,163.41060000000002,603.1669074000001
2.100999999999999,0.00019260599999999795,166.3914,603.1669074000001
2.1510000000000105,-0.00016296600000001438,165.39780000000002,605.1557682
2.201000000000022,1.4819999999998723e-05,166.3914,601.1780466
2.251000000000033,1.4819999999998723e-05,166.3914,605.1557682
2.3010000000000446,0.00037039200000001105,166.3914,603.1669074000001
2.350999999999999,-0.00016296600000001438,162.417,601.1780466
2.4010000000000105,0.00019260599999999795,167.38500000000002,603.1669074000001
2.451000000000022,0.00019260599999999795,166.3914,603.1669074000001
2.501000000000033,1.4819999999998723e-05,167.38500000000002,605.1557682
2.5510000000000446,1.4819999999998723e-05,164.4042,603.1669074000001
2.600999999999999,0.00019260599999999795,166.3914,603.1669074000001
2.6510000000000105,-0.00016296600000001438,166.3914,603.1669074000001
2.701000000000022,1.4819999999998723e-05,165.39780000000002,603.1669074000001
2.751000000000033,1.4819999999998723e-05,165.39780000000002,601.1780466
2.8010000000000446,0.00037039200000001105,168.3786,603.1669074000001
2.850999999999999,0.00019260599999999795,166.3914,603.1669074000001
2.9010000000000105,1.4819999999998723e-05,165.39780000000002,603.1669074000001
2.951000000000022,0.00037039200000001105,167.38500000000002,601.1780466
3.001000000000033,0.00037039200000001105,167.38500000000002,603.1669074000001
3.0510000000000446,0.00037039200000001105,166.3914,601.1780466
3.100999999999999,0.00019260599999999795,166.3914,603.1669074000001
3.1510000000000105,0.00019260599999999795,167.38500000000002,603.1669074000001
3.201000000000022,0.00019260599999999795,167.38500000000002,603.1669074000001
3.2520000000000095,1.4819999999998723e-05,165.39780000000002,605.1557682
3.302000000000021,1.4819999999998723e-05,165.39780000000002,605.1557682
3.350999999999999,0.00037039200000001105,166.3914,603.1669074000001
3.4010000000000105,0.00037039200000001105,167.38500000000002,601.1780466
3.451999999999998,0.00037039200000001105,166.3914,601.1780466
3.5020000000000095,1.4819999999998723e-05,166.3914,601.1780466
3.552000000000021,0.00037039200000001105,167.38500000000002,603.1669074000001
3.6020000000000323,0.00019260599999999795,166.3914,603.1669074000001
3.6520000000000437,0.0005481779999999825,167.38500000000002,601.1780466
3.701999999999998,-0.00016296600000001438,164.4042,603.1669074000001
3.7520000000000095,1.4819999999998723e-05,168.3786,605.1557682
3.802000000000021,1.4819999999998723e-05,166.3914,603.1669074000001
3.8520000000000323,0.00019260599999999795,165.39780000000002,603.1669074000001
3.9020000000000437,1.4819999999998723e-05,166.3914,605.1557682
3.951999999999998,0.00019260599999999795,165.39780000000002,601.1780466
4.0020000000000095,1.4819999999998723e-05,166.3914,605.1557682
4.052000000000021,1.4819999999998723e-05,163.41060000000002,603.1669074000001
4.102000000000032,0.00019260599999999795,164.4042,601.1780466
4.152000000000044,0.00019260599999999795,166.3914,603.1669074000001
4.201999999999998,1.4819999999998723e-05,165.39780000000002,603.1669074000001
4.2520000000000095,0.00019260599999999795,166.3914,603.1669074000001
4.302000000000021,0.00019260599999999795,165.39780000000002,603.1669074000001
4.352000000000032,0.00037039200000001105,166.3914,603.1669074000001
4.402000000000044,1.4819999999998723e-05,166.3914,605.1557682
4.451999999999998,0.00037039200000001105,165.39780000000002,599.1891858000001
4.5020000000000095,0.00019260599999999795,166.3914,605.1557682
4.552000000000021,0.00019260599999999795,166.3914,603.1669074000001
4.602000000000032,1.4819999999998723e-05,164.4042,603.1669074000001
4.652000000000044,0.00019260599999999795,165.39780000000002,603.1669074000001
4.701999999999998,0.00037039200000001105,165.39780000000002,601.1780466
4.7520000000000095,0.00019260599999999795,166.3914,603.1669074000001
4.802000000000021,1.4819999999998723e-05,164.4042,603.1669074000001
4.852000000000032,0.00037039200000001105,166.3914,601.1780466
4.902000000000044,1.4819999999998723e-05,164.4042,603.1669074000001
4.951999999999998,0.00037039200000001105,165.39780000000002,601.1780466
5.0020000000000095,-0.00016296600000001438,165.39780000000002,601.1780466
5.052000000000021,0.00019260599999999795,165.39780000000002,603.1669074000001
5.102000000000032,1.4819999999998723e-05,165.39780000000002,605.1557682
5.152000000000044,0.00037039200000001105,167.38500000000002,603.1669074000001
5.201999999999998,1.4819999999998723e-05,165.39780000000002,603.1669074000001
5.2520000000000095,1.4819999999998723e-05,166.3914,605.1557682
5.302000000000021,0.00019260599999999795,166.3914,605.1557682
5.352000000000032,0.00037039200000001105,167.38500000000002,603.1669074000001
5.402000000000044,1.4819999999998723e-05,165.39780000000002,601.1780466
5.451999999999998,0.00019260599999999795,166.3914,603.1669074000001
5.5020000000000095,1.4819999999998723e-05,165.39780000000002,601.1780466
5.552000000000021,1.4819999999998723e-05,165.39780000000002,603.1669074000001
5.602000000000032,-0.0003407520000000136,165.39780000000002,603.1669074000001
5.652000000000044,1.4819999999998723e-05,166.3914,603.1669074000001
5.701999999999998,0.00037039200000001105,166.3914,601.1780466
5.7520000000000095,1.4819999999998723e-05,168.3786,605.1557682
5.802000000000021,-0.00016296600000001438,165.39780000000002,605.1557682
5.852000000000032,0.00019260599999999795,166.3914,603.1669074000001
5.902000000000044,0.00019260599999999795,166.3914,605.1557682
5.951999999999998,0.00019260599999999795,165.39780000000002,603.1669074000001
6.0020000000000095,1.4819999999998723e-05,166.3914,605.1557682
6.052000000000021,-0.00016296600000001438,165.39780000000002,605.1557682
6.102000000000032,-0.00016296600000001438,165.39780000000002,605.1557682
6.152000000000044,1.4819999999998723e-05,165.39780000000002,603.1669074000001
6.201999999999998,1.4819999999998723e-05,166.3914,605.1557682
6.2520000000000095,0.00019260599999999795,165.39780000000002,603.1669074000001
6.302000000000021,1.4819999999998723e-05,165.39780000000002,601.1780466
6.353000000000009,0.00019260599999999795,166.3914,603.1669074000001
6.40300000000002,-0.00016296600000001438,165.39780000000002,603.1669074000001
6.451999999999998,1.4819999999998723e-05,165.39780000000002,603.1669074000001
6.5020000000000095,1.4819999999998723e-05,164.4042,603.1669074000001
6.552000000000021,0.00019260599999999795,165.39780000000002,603.1669074000001
6.603000000000009,-0.00016296600000001438,164.4042,603.1669074000001
6.65300000000002,-0.00016296600000001438,166.3914,605.1557682
6.703000000000031,0.00019260599999999795,167.38500000000002,603.1669074000001
6.753000000000043,-0.00016296600000001438,165.39780000000002,603.1669074000001
6.802999999999997,0.00019260599999999795,165.39780000000002,603.1669074000001
6.853000000000009,0.00037039200000001105,166.3914,603.1669074000001
6.90300000000002,1.4819999999998723e-05,167.38500000000002,605.1557682
6.953000000000031,0.00019260599999999795,165.39780000000002,603.1669074000001
7.003000000000043,1.4819999999998723e-05,166.3914,603.1669074000001
7.052999999999997,1.4819999999998723e-05,165.39780000000002,603.1669074000001
7.1030000000000655,0.00019260599999999795,166.3914,603.1669074000001
7.15300000000002,0.00019260599999999795,163.41060000000002,599.1891858000001
7.2029999999999745,0.00037039200000001105,167.38500000000002,601.1780466
7.253000000000043,1.4819999999998723e-05,165.39780000000002,599.1891858000001
7.302999999999997,1.4819999999998723e-05,165.39780000000002,603.1669074000001
7.3530000000000655,0.00037039200000001105,166.3914,603.1669074000001
7.40300000000002,0.00037039200000001105,167.38500000000002,603.1669074000001
7.4529999999999745,0.00019260599999999795,165.39780000000002,603.1669074000001
7.503000000000043,0.00019260599999999795,167.38500000000002,603.1669074000001
7.552999999999997,1.4819999999998723e-05,168.3786,605.1557682
7.6030000000000655,0.00037039200000001105,167.38500000000002,601.1780466
7.65300000000002,1.4819999999998723e-05,167.38500000000002,605.1557682
7.7029999999999745,1.4819999999998723e-05,166.3914,605.1557682
7.753000000000043,-0.0003407520000000136,163.41060000000002,603.1669074000001
7.802999999999997,0.00019260599999999795,167.38500000000002,603.1669074000001
7.8530000000000655,-0.00016296600000001438,166.3914,603.1669074000001
7.90300000000002,1.4819999999998723e-05,167.38500000000002,603.1669074000001
7.9529999999999745,0.00019260599999999795,166.3914,605.1557682
8.003000000000043,0.00037039200000001105,167.38500000000002,603.1669074000001
8.052999999999997,-0.00016296600000001438,167.38500000000002,605.1557682
8.103000000000065,0.00019260599999999795,166.3914,603.1669074000001
8.15300000000002,-0.0003407520000000136,164.4042,603.1669074000001
8.202999999999975,0.00037039200000001105,166.3914,601.1780466
8.253000000000043,-0.00016296600000001438,166.3914,605.1557682
8.302999999999997,0.00019260599999999795,165.39780000000002,603.1669074000001
8.353000000000065,0.00037039200000001105,166.3914,603.1669074000001
8.40300000000002,0.00019260599999999795,165.39780000000002,603.1669074000001
8.452999999999975,1.4819999999998723e-05,166.3914,603.1669074000001
8.503000000000043,0.00019260599999999795,166.3914,603.1669074000001
8.552999999999997,1.4819999999998723e-05,167.38500000000002,603.1669074000001
8.603000000000065,0.00019260599999999795,166.3914,605.1557682
8.65300000000002,1.4819999999998723e-05,165.39780000000002,605.1557682
8.702999999999975,1.4819999999998723e-05,163.41060000000002,603.1669074000001
8.753000000000043,0.00019260599999999795,166.3914,603.1669074000001
8.802999999999997,1.4819999999998723e-05,164.4042,605.1557682
8.853000000000065,0.00019260599999999795,165.39780000000002,601.1780466
8.90300000000002,1.4819999999998723e-05,165.39780000000002,603.1669074000001
8.952999999999975,0.00019260599999999795,166.3914,601.1780466
9.003000000000043,1.4819999999998723e-05,165.39780000000002,603.1669074000001
9.052999999999997,1.4819999999998723e-05,165.39780000000002,605.1557682
9.104000000000042,-0.00016296600000001438,163.41060000000002,603.1669074000001
9.15300000000002,0.00037039200000001105,166.3914,601.1780466
9.202999999999975,1.4819999999998723e-05,165.39780000000002,603.1669074000001
9.253000000000043,0.00019260599999999795,165.39780000000002,603.1669074000001
9.302999999999997,0.00019260599999999795,166.3914,603.1669074000001
9.353000000000065,0.00037039200000001105,166.3914,601.1780466
9.40300000000002,1.4819999999998723e-05,165.39780000000002,603.1669074000001
9.452999999999975,0.00019260599999999795,165.39780000000002,603.1669074000001
9.504000000000019,0.00019260599999999795,166.3914,603.1669074000001
9.553999999999974,0.00019260599999999795,167.38500000000002,603.1669074000001
9.603000000000065,0.00019260599999999795,165.39780000000002,603.1669074000001
9.65300000000002,1.4819999999998723e-05,167.38500000000002,603.1669074000001
9.704000000000065,0.00019260599999999795,166.3914,603.1669074000001
9.754000000000019,0.00019260599999999795,166.3914,603.1669074000001
9.803999999999974,0.00019260599999999795,163.41060000000002,603.1669074000001
9.854000000000042,0.00019260599999999795,166.3914,603.1669074000001
9.903999999999996,0.00019260599999999795,167.38500000000002,603.1669074000001
9.954000000000065,0.00019260599999999795,163.41060000000002,601.1780466
10.004000000000019,1.4819999999998723e-05,166.3914,603.1669074000001
10.053999999999974,0.00019260599999999795,167.38500000000002,603.1669074000001
10.104000000000042,0.00019260599999999795,165.39780000000002,603.1669074000001
10.153999999999996,1.4819999999998723e-05,165.39780000000002,603.1669074000001
10.204000000000065,0.00019260599999999795,166.3914,601.1780466
10.254000000000019,-0.00016296600000001438,165.39780000000002,603.1669074000001
10.303999999999974,0.00019260599999999795,166.3914,603.1669074000001
10.354000000000042,1.4819999999998723e-05,164.4042,603.1669074000001
10.403999999999996,0.00019260599999999795,165.39780000000002,603.1669074000001
10.454000000000065,0.00019260599999999795,166.3914,603.1669074000001
10.504000000000019,0.00037039200000001105,165.39780000000002,603.1669074000001
10.553999999999974,1.4819999999998723e-05,165.39780000000002,603.1669074000001
10.604000000000042,0.00019260599999999795,165.39780000000002,605.1557682
10.653999999999996,0.00019260599999999795,164.4042,603.1669074000001
10.704000000000065,1.4819999999998723e-05,165.39780000000002,605.1557682
10.754000000000019,0.00019260599999999795,165.39780000000002,603.1669074000001
10.803999999999974,0.00019260599999999795,166.3914,603.1669074000001
10.854000000000042,0.00037039200000001105,165.39780000000002,601.1780466
10.903999999999996,0.00019260599999999795,164.4042,599.1891858000001
10.954000000000065,0.00037039200000001105,167.38500000000002,601.1780466
11.004000000000019,1.4819999999998723e-05,166.3914,603.1669074000001
11.053999999999974,0.00019260599999999795,165.39780000000002,601.1780466
11.104000000000042,0.00019260599999999795,166.3914,601.1780466
11.153999999999996,-0.00016296600000001438,164.4042,603.1669074000001
11.204000000000065,0.00019260599999999795,167.38500000000002,603.1669074000001
11.254000000000019,-0.00016296600000001438,165.39780000000002,603.1669074000001
11.303999999999974,0.00019260599999999795,166.3914,605.1557682
11.354000000000042,0.00019260599999999795,166.3914,603.1669074000001
11.403999999999996,1.4819999999998723e-05,164.4042,605.1557682
11.454000000000065,1.4819999999998723e-05,166.3914,605.1557682
11.504000000000019,1.4819999999998723e-05,165.39780000000002,603.1669074000001
11.553999999999974,0.00037039200000001105,166.3914,603.1669074000001
11.604000000000042,1.4819999999998723e-05,166.3914,605.1557682
11.653999999999996,1.4819999999998723e-05,166.3914,605.1557682
11.704000000000065,0.00019260599999999795,164.4042,603.1669074000001
11.754000000000019,0.00037039200000001105,167.38500000000002,605.1557682
11.803999999999974,1.4819999999998723e-05,166.3914,603.1669074000001
11.854000000000042,0.00019260599999999795,165.39780000000002,603.1669074000001
11.903999999999996,1.4819999999998723e-05,167.38500000000002,605.1557682
11.954000000000065,0.00019260599999999795,166.3914,601.1780466
12.004000000000019,0.00037039200000001105,167.38500000000002,603.1669074000001
12.053999999999974,0.00037039200000001105,167.38500000000002,601.1780466
12.104000000000042,0.00019260599999999795,167.38500000000002,603.1669074000001
12.153999999999996,0.00019260599999999795,166.3914,603.1669074000001
12.205000000000041,0.00019260599999999795,166.3914,603.1669074000001
12.254000000000019,0.00019260599999999795,165.39780000000002,601.1780466
12.303999999999974,-0.00016296600000001438,164.4042,605.1557682
12.354000000000042,0.00037039200000001105,165.39780000000002,601.1780466
12.403999999999996,-0.00016296600000001438,168.3786,605.1557682
12.454000000000065,1.4819999999998723e-05,165.39780000000002,605.1557682
12.504000000000019,1.4819999999998723e-05,165.39780000000002,603.1669074000001
12.553999999999974,0.00037039200000001105,167.38500000000002,601.1780466
12.604000000000042,-0.00016296600000001438,164.4042,603.1669074000001
12.654999999999973,0.00019260599999999795,167.38500000000002,603.1669074000001
12.705000000000041,1.4819999999998723e-05,165.39780000000002,601.1780466
12.754000000000019,0.00019260599999999795,167.38500000000002,603.1669074000001
12.803999999999974,0.00037039200000001105,167.38500000000002,603.1669074000001
12.855000000000018,1.4819999999998723e-05,166.3914,605.1557682
12.904999999999973,1.4819999999998723e-05,166.3914,605.1557682
12.955000000000041,-0.00016296600000001438,166.3914,605.1557682
13.004999999999995,0.00037039200000001105,166.3914,603.1669074000001
13.055000000000064,1.4819999999998723e-05,165.39780000000002,601.1780466
13.105000000000018,0.00019260599999999795,165.39780000000002,605.1557682
13.154999999999973,1.4819999999998723e-05,165.39780000000002,601.1780466
13.205000000000041,1.4819999999998723e-05,166.3914,601.1780466
13.254999999999995,0.00019260599999999795,168.3786,603.1669074000001
13.305000000000064,0.00037039200000001105,166.3914,601.1780466
13.355000000000018,0.00019260599999999795,167.38500000000002,603.1669074000001
13.404999999999973,0.0005481779999999825,166.3914,599.1891858000001
13.455000000000041,-0.00016296600000001438,166.3914,605.1557682
13.504999999999995,0.00019260599999999795,165.39780000000002,603.1669074000001
13.555000000000064,1.4819999999998723e-05,165.39780000000002,603.1669074000001
13.605000000000018,0.00037039200000001105,165.39780000000002,603.1669074000001
13.654999999999973,0.00019260599999999795,166.3914,603.1669074000001
13.705000000000041,0.00019260599999999795,165.39780000000002,601.1780466
13.754999999999995,0.00037039200000001105,166.3914,603.1669074000001
13.805000000000064,0.00019260599999999795,166.3914,603.1669074000001
13.855000000000018,0.00037039200000001105,165.39780000000002,603.1669074000001
13.904999999999973,0.00019260599999999795,165.39780000000002,603.1669074000001
13.955000000000041,1.4819999999998723e-05,166.3914,605.1557682
14.004999999999995,0.00037039200000001105,165.39780000000002,603.1669074000001
14.055000000000064,0.00019260599999999795,165.39780000000002,601.1780466
14.105000000000018,0.00019260599999999795,165.39780000000002,603.1669074000001
14.154999999999973,1.4819999999998723e-05,165.39780000000002,605.1557682
14.205000000000041,0.00019260599999999795,166.3914,603.1669074000001
14.254999999999995,1.4819999999998723e-05,165.39780000000002,603.1669074000001
14.305000000000064,0.00019260599999999795,167.38500000000002,603.1669074000001
14.355000000000018,-0.00016296600000001438,165.39780000000002,605.1557682
14.404999999999973,0.0005481779999999825,167.38500000000002,601.1780466
14.455000000000041,0.00019260599999999795,165.39780000000002,603.1669074000001
14.504999999999995,-0.00016296600000001438,163.41060000000002,603.1669074000001
14.555000000000064,-0.00016296600000001438,164.4042,605.1557682
14.605000000000018,0.00019260599999999795,166.3914,603.1669074000001
14.654999999999973,0.00019260599999999795,165.39780000000002,603.1669074000001
14.705000000000041,0.00037039200000001105,167.38500000000002,603.1669074000001
14.754999999999995,0.00037039200000001105,165.39780000000002,603.1669074000001
14.805000000000064,0.00019260599999999795,166.3914,603.1669074000001
14.855000000000018,0.00019260599999999795,165.39780000000002,603.1669074000001
14.904999999999973,1.4819999999998723e-05,167.38500000000002,603.1669074000001
14.955000000000041,1.4819999999998723e-05,165.39780000000002,603.1669074000001
15.004999999999995,-0.00016296600000001438,166.3914,605.1557682
15.055000000000064,0.00019260599999999795,166.3914,603.1669074000001
15.105000000000018,0.00019260599999999795,166.3914,603.1669074000001
15.154999999999973,1.4819999999998723e-05,166.3914,603.1669074000001
15.205000000000041,1.4819999999998723e-05,167.38500000000002,605.1557682
15.254999999999995,1.4819999999998723e-05,165.39780000000002,603.1669074000001
15.305000000000064,0.00019260599999999795,164.4042,601.1780466
15.355000000000018,0.00019260599999999795,166.3914,601.1780466
15.404999999999973,-0.00016296600000001438,165.39780000000002,603.1669074000001
15.455000000000041,0.00019260599999999795,166.3914,603.1669074000001
15.504999999999995,1.4819999999998723e-05,165.39780000000002,603.1669074000001
15.555000000000064,1.4819999999998723e-05,166.3914,603.1669074000001
15.605000000000018,0.00019260599999999795,166.3914,603.1669074000001
15.654999999999973,1.4819999999998723e-05,165.39780000000002,603.1669074000001
15.705000000000041,0.00019260599999999795,166.3914,603.1669074000001
15.754999999999995,0.00019260599999999795,166.3914,605.1557682
15.80600000000004,1.4819999999998723e-05,165.39780000000002,603.1669074000001
15.855999999999995,0.00019260599999999795,165.39780000000002,603.1669074000001
15.904999999999973,0.00019260599999999795,166.3914,603.1669074000001
15.956000000000017,1.4819999999998723e-05,165.39780000000002,603.1669074000001
16.005999999999972,0.00037039200000001105,167.38500000000002,603.1669074000001
16.05600000000004,1.4819999999998723e-05,164.4042,603.1669074000001
16.105999999999995,0.00019260599999999795,166.3914,605.1557682
16.156000000000063,0.00019260599999999795,165.39780000000002,601.1780466
16.206000000000017,0.00037039200000001105,167.38500000000002,603.1669074000001
16.255999999999972,1.4819999999998723e-05,166.3914,603.1669074000001
16.30600000000004,0.00037039200000001105,164.4042,603.1669074000001
16.355999999999995,1.4819999999998723e-05,166.3914,603.1669074000001
16.406000000000063,0.00019260599999999795,167.38500000000002,603.1669074000001
16.456000000000017,-0.00016296600000001438,165.39780000000002,603.1669074000001
16.505999999999972,0.00019260599999999795,166.3914,603.1669074000001
16.55600000000004,1.4819999999998723e-05,166.3914,603.1669074000001
16.605999999999995,0.00037039200000001105,167.38500000000002,605.1557682
16.656000000000063,1.4819999999998723e-05,167.38500000000002,605.1557682
16.706000000000017,-0.00016296600000001438,167.38500000000002,605.1557682
16.755999999999972,1.4819999999998723e-05,165.39780000000002,603.1669074000001
16.80600000000004,1.4819999999998723e-05,166.3914,605.1557682
16.855999999999995,1.4819999999998723e-05,166.3914,603.1669074000001
16.906000000000063,0.00019260599999999795,166.3914,603.1669074000001
16.956000000000017,0.00037039200000001105,167.38500000000002,603.1669074000001
17.005999999999972,1.4819999999998723e-05,167.38500000000002,605.1557682
17.05600000000004,0.00019260599999999795,165.39780000000002,601.1780466
17.105999999999995,1.4819999999998723e-05,168.3786,605.1557682
17.156000000000063,0.00037039200000001105,167.38500000000002,603.1669074000001
17.206000000000017,0.00037039200000001105,167.38500000000002,601.1780466
17.255999999999972,1.4819999999998723e-05,165.39780000000002,605.1557682
17.30600000000004,0.00019260599999999795,166.3914,601.1780466
17.355999999999995,0.00019260599999999795,166.3914,603.1669074000001
17.406000000000063,0.00037039200000001105,166.3914,603.1669074000001
17.456000000000017,0.00019260599999999795,165.39780000000002,601.1780466
17.505999999999972,0.00019260599999999795,166.3914,603.1669074000001
17.55600000000004,0.00019260599999999795,166.3914,603.1669074000001
17.605999999999995,0.00019260599999999795,168.3786,603.1669074000001
17.656000000000063,1.4819999999998723e-05,164.4042,601.1780466
17.706000000000017,1.4819999999998723e-05,167.38500000000002,605.1557682
17.755999999999972,-0.00016296600000001438,167.38500000000002,605.1557682
17.80600000000004,0.00019260599999999795,164.4042,601.1780466
17.855999999999995,0.00037039200000001105,166.3914,601.1780466
17.906000000000063,1.4819999999998723e-05,165.39780000000002,603.1669074000001
17.956000000000017,-0.00016296600000001438,165.39780000000002,605.1557682
18.005999999999972,0.00037039200000001105,165.39780000000002,601.1780466
18.05600000000004,0.00019260599999999795,164.4042,603.1669074000001
18.105999999999995,0.00019260599999999795,165.39780000000002,601.1780466
18.156000000000063,-0.00016296600000001438,165.39780000000002,605.1557682
18.206000000000017,0.00037039200000001105,166.3914,601.1780466
18.255999999999972,-0.0003407520000000136,164.4042,603.1669074000001
18.30600000000004,0.00019260599999999795,166.3914,603.1669074000001
18.355999999999995,0.00019260599999999795,164.4042,603.1669074000001
18.406000000000063,0.00019260599999999795,164.4042,603.1669074000001
18.456000000000017,-0.00016296600000001438,165.39780000000002,605.1557682
18.505999999999972,0.00037039200000001105,166.3914,603.1669074000001
18.55600000000004,1.4819999999998723e-05,165.39780000000002,603.1669074000001
18.605999999999995,1.4819999999998723e-05,165.39780000000002,605.1557682
18.656000000000063,0.0005481779999999825,167.38500000000002,601.1780466
18.706000000000017,0.00037039200000001105,167.38500000000002,603.1669074000001
18.755999999999972,1.4819999999998723e-05,166.3914,603.1669074000001
18.80600000000004,0.00037039200000001105,166.3914,603.1669074000001
18.855999999999995,-0.00016296600000001438,165.39780000000002,605.1557682
18.906000000000063,-0.00016296600000001438,165.39780000000002,605.1557682
18.956999999999994,0.00019260599999999795,165.39780000000002,603.1669074000001
19.007000000000062,1.4819999999998723e-05,164.4042,603.1669074000001
19.05600000000004,0.00037039200000001105,167.38500000000002,601.1780466
19.10699999999997,0.00037039200000001105,167.38500000000002,603.1669074000001
19.15700000000004,0.00019260599999999795,165.39780000000002,601.1780466
19.206999999999994,1.4819999999998723e-05,165.39780000000002,603.1669074000001
19.257000000000062,0.00037039200000001105,167.38500000000002,603.1669074000001
19.307000000000016,0.00037039200000001105,166.3914,601.1780466
19.35699999999997,0.00019260599999999795,167.38500000000002,603.1669074000001
19.40700000000004,0.00037039200000001105,164.4042,601.1780466
19.456999999999994,1.4819999999998723e-05,165.39780000000002,603.1669074000001
19.507000000000062,0.00019260599999999795,166.3914,603.1669074000001
19.557000000000016,0.00019260599999999795,164.4042,601.1780466
19.60699999999997,0.00019260599999999795,165.39780000000002,603.1669074000001
19.65700000000004,0.00019260599999999795,166.3914,603.1669074000001
19.706999999999994,-0.00016296600000001438,165.39780000000002,603.1669074000001
19.757000000000062,-0.00016296600000001438,165.39780000000002,603.1669074000001
19.807000000000016,1.4819999999998723e-05,166.3914,603.1669074000001
19.85699999999997,0.00019260599999999795,166.3914,603.1669074000001
19.90700000000004,0.00037039200000001105,167.38500000000002,601.1780466
19.956999999999994,0.00019260599999999795,166.3914,605.1557682
20.007000000000062,1.4819999999998723e-05,166.3914,603.1669074000001
20.057000000000016,1.4819999999998723e-05,164.4042,603.1669074000001
20.10699999999997,-0.00016296600000001438,164.4042,603.1669074000001
20.15700000000004,1.4819999999998723e-05,165.39780000000002,603.1669074000001
20.206999999999994,1.4819999999998723e-05,166.3914,603.1669074000001
20.257000000000062,1.4819999999998723e-05,166.3914,605.1557682
20.307000000000016,1.4819999999998723e-05,165.39780000000002,603.1669074000001
20.35699999999997,1.4819999999998723e-05,164.4042,605.1557682
20.40700000000004,1.4819999999998723e-05,166.3914,603.1669074000001
20.456999999999994,1.4819999999998723e-05,165.39780000000002,605.1557682
20.507000000000062,0.00019260599999999795,166.3914,605.1557682
20.557000000000016,0.00019260599999999795,165.39780000000002,603.1669074000001
20.60699999999997,-0.00016296600000001438,165.39780000000002,605.1557682
20.65700000000004,-0.00016296600000001438,164.4042,605.1557682
20.706999999999994,0.00037039200000001105,166.3914,599.1891858000001
20.757000000000062,-0.0005185379999999989,162.417,605.1557682
20.807000000000016,0.00037039200000001105,166.3914,603.1669074000001
20.85699999999997,0.00019260599999999795,166.3914,603.1669074000001
20.90700000000004,-0.00016296600000001438,165.39780000000002,605.1557682
20.956999999999994,1.4819999999998723e-05,164.4042,605.1557682
21.007000000000062,0.00037039200000001105,166.3914,603.1669074000001
21.057000000000016,1.4819999999998723e-05,165.39780000000002,605.1557682
21.10699999999997,0.00037039200000001105,166.3914,603.1669074000001
21.15700000000004,1.4819999999998723e-05,165.39780000000002,605.1557682
21.206999999999994,0.00037039200000001105,165.39780000000002,603.1669074000001
21.257000000000062,0.00019260599999999795,166.3914,603.1669074000001
21.307000000000016,1.4819999999998723e-05,166.3914,605.1557682
21.35699999999997,1.4819999999998723e-05,166.3914,603.1669074000001
21.40700000000004,0.00037039200000001105,165.39780000000002,603.1669074000001
21.456999999999994,0.00019260599999999795,167.38500000000002,603.1669074000001
21.507000000000062,-0.0003407520000000136,164.4042,605.1557682
21.557000000000016,0.00019260599999999795,166.3914,603.1669074000001
21.60699999999997,-0.00016296600000001438,165.39780000000002,603.1669074000001
21.658000000000015,1.4819999999998723e-05,165.39780000000002,603.1669074000001
21.70799999999997,0.00019260599999999795,164.4042,603.1669074000001
21.757000000000062,0.00019260599999999795,164.4042,601.1780466
21.807000000000016,0.00019260599999999795,166.3914,603.1669074000001
21.85699999999997,0.00019260599999999795,167.38500000000002,603.1669074000001
21.90700000000004,0.00019260599999999795,165.39780000000002,603.1669074000001
21.956999999999994,0.00037039200000001105,166.3914,601.1780466
22.007000000000062,-0.00016296600000001438,164.4042,605.1557682
22.057000000000016,1.4819999999998723e-05,165.39780000000002,603.1669074000001
22.10800000000006,0.00019260599999999795,162.417,599.1891858000001
22.158000000000015,0.00019260599999999795,166.3914,603.1669074000001
22.20799999999997,-0.00016296600000001438,166.3914,605.1557682
22.258000000000038,-0.00016296600000001438,166.3914,607.1446289999999
22.307999999999993,1.4819999999998723e-05,165.39780000000002,603.1669074000001
22.35800000000006,-0.00016296600000001438,165.39780000000002,605.1557682
22.408000000000015,-0.0003407520000000136,163.41060000000002,605.1557682
22.45799999999997,0.00037039200000001105,166.3914,601.1780466
22.508000000000038,0.00019260599999999795,164.4042,601.1780466
22.557999999999993,0.00037039200000001105,166.3914,603.1669074000001
22.60800000000006,1.4819999999998723e-05,166.3914,605.1557682
22.658000000000015,1.4819999999998723e-05,166.3914,605.1557682
22.70799999999997,0.00019260599999999795,166.3914,605.1557682
22.758000000000038,-0.00016296600000001438,163.41060000000002,603.1669074000001
22.807999999999993,1.4819999999998723e-05,164.4042,603.1669074000001
22.85800000000006,0.00037039200000001105,167.38500000000002,601.1780466
22.908000000000015,0.00019260599999999795,166.3914,603.1669074000001
22.95799999999997,1.4819999999998723e-05,164.4042,603.1669074000001
23.008000000000038,0.00019260599999999795,164.4042,603.1669074000001
23.057999999999993,-0.00016296600000001438,165.39780000000002,603.1669074000001
23.10800000000006,1.4819999999998723e-05,166.3914,605.1557682
23.158000000000015,1.4819999999998723e-05,167.38500000000002,603.1669074000001
23.20799999999997,0.00037039200000001105,167.38500000000002,603.1669074000001
23.258000000000038,1.4819999999998723e-05,168.3786,605.1557682
23.307999999999993,0.00019260599999999795,166.3914,603.1669074000001
23.35800000000006,1.4819999999998723e-05,164.4042,603.1669074000001
23.408000000000015,0.00037039200000001105,166.3914,601.1780466
23.45799999999997,1.4819999999998723e-05,165.39780000000002,603.1669074000001
23.508000000000038,0.00019260599999999795,165.39780000000002,603.1669074000001
23.557999999999993,-0.00016296600000001438,165.39780000000002,605.1557682
23.60800000000006,0.00037039200000001105,165.39780000000002,603.1669074000001
23.658000000000015,0.00037039200000001105,166.3914,601.1780466
23.70799999999997,0.00019260599999999795,167.38500000000002,603.1669074000001
23.758000000000038,1.4819999999998723e-05,166.3914,605.1557682
23.807999999999993,1.4819999999998723e-05,166.3914,603.1669074000001
23.85800000000006,1.4819999999998723e-05,164.4042,603.1669074000001
23.908000000000015,0.00019260599999999795,167.38500000000002,601.1780466
23.95799999999997,1.4819999999998723e-05,163.41060000000002,605.1557682
24.008000000000038,0.00019260599999999795,165.39780000000002,603.1669074000001
24.057999999999993,0.00019260599999999795,166.3914,603.1669074000001
24.10800000000006,0.00019260599999999795,166.3914,603.1669074000001
24.158000000000015,0.00019260599999999795,166.3914,603.1669074000001
24.20799999999997,0.00019260599999999795,165.39780000000002,601.1780466
24.258000000000038,0.00019260599999999795,167.38500000000002,603.1669074000001
24.307999999999993,1.4819999999998723e-05,164.4042,603.1669074000001
24.35800000000006,1.4819999999998723e-05,167.38500000000002,607.1446289999999
24.408000000000015,1.4819999999998723e-05,164.4042,601.1780466
24.45799999999997,1.4819999999998723e-05,166.3914,603.1669074000001
24.508000000000038,1.4819999999998723e-05,165.39780000000002,605.1557682
24.557999999999993,0.00019260599999999795,166.3914,603.1669074000001
24.60800000000006,-0.00016296600000001438,165.39780000000002,603.1669074000001
24.658000000000015,0.00019260599999999795,165.39780000000002,603.1669074000001
24.70799999999997,1.4819999999998723e-05,165.39780000000002,603.1669074000001
24.758000000000038,0.00019260599999999795,165.39780000000002,603.1669074000001
24.80899999999997,-0.00016296600000001438,165.39780000000002,601.1780466
24.85800000000006,0.00019260599999999795,167.38500000000002,603.1669074000001
24.908000000000015,-0.00016296600000001438,164.4042,603.1669074000001
24.95799999999997,0.00019260599999999795,167.38500000000002,605.1557682
25.008000000000038,1.4819999999998723e-05,164.4042,603.1669074000001
25.057999999999993,0.00019260599999999795,165.39780000000002,603.1669074000001
25.10800000000006,-0.00016296600000001438,164.4042,603.1669074000001
25.158000000000015,-0.00016296600000001438,165.39780000000002,603.1669074000001
25.20799999999997,0.00019260599999999795,166.3914,603.1669074000001
25.259000000000015,0.00037039200000001105,167.38500000000002,603.1669074000001
25.307999999999993,1.4819999999998723e-05,165.39780000000002,603.1669074000001
25.359000000000037,-0.00016296600000001438,165.39780000000002,605.1557682
25.408999999999992,1.4819999999998723e-05,166.3914,603.1669074000001
25.45900000000006,0.00019260599999999795,166.3914,605.1557682
25.509000000000015,0.00037039200000001105,166.3914,601.1780466
25.55899999999997,1.4819999999998723e-05,164.4042,601.1780466
25.609000000000037,1.4819999999998723e-05,165.39780000000002,605.1557682
25.658999999999992,1.4819999999998723e-05,166.3914,605.1557682
25.70900000000006,0.00037039200000001105,166.3914,603.1669074000001
25.759000000000015,1.4819999999998723e-05,166.3914,605.1557682
25.80899999999997,0.00019260599999999795,165.39780000000002,603.1669074000001
25.859000000000037,0.0005481779999999825,166.3914,601.1780466
25.908999999999992,1.4819999999998723e-05,166.3914,603.1669074000001
25.95900000000006,0.00037039200000001105,164.4042,603.1669074000001
26.009000000000015,1.4819999999998723e-05,165.39780000000002,603.1669074000001
26.05899999999997,1.4819999999998723e-05,165.39780000000002,605.1557682
26.109000000000037,-0.00016296600000001438,167.38500000000002,607.1446289999999
26.158999999999992,1.4819999999998723e-05,165.39780000000002,603.1669074000001
26.20900000000006,0.00019260599999999795,166.3914,605.1557682
26.259000000000015,0.00037039200000001105,166.3914,601.1780466
26.30899999999997,0.00019260599999999795,166.3914,605.1557682
26.359000000000037,1.4819999999998723e-05,165.39780000000002,607.1446289999999
26.408999999999992,0.00019260599999999795,165.39780000000002,603.1669074000001
26.45900000000006,0.00019260599999999795,165.39780000000002,603.1669074000001
26.509000000000015,0.00019260599999999795,165.39780000000002,601.1780466
26.55899999999997,0.00019260599999999795,166.3914,603.1669074000001
26.609000000000037,1.4819999999998723e-05,165.39780000000002,603.1669074000001
26.658999999999992,0.00019260599999999795,166.3914,601.1780466
26.70900000000006,-0.00016296600000001438,164.4042,605.1557682
26.759000000000015,0.00019260599999999795,167.38500000000002,603.1669074000001
26.80899999999997,0.00019260599999999795,167.38500000000002,603.1669074000001
26.859000000000037,0.00037039200000001105,165.39780000000002,601.1780466
26.908999999999992,0.00019260599999999795,166.3914,603.1669074000001
26.95900000000006,1.4819999999998723e-05,166.3914,603.1669074000001
27.009000000000015,0.00019260599999999795,167.38500000000002,603.1669074000001
27.05899999999997,1.4819999999998723e-05,166.3914,603.1669074000001
27.109000000000037,0.00019260599999999795,166.3914,605.1557682
27.158999999999992,1.4819999999998723e-05,167.38500000000002,603.1669074000001
27.20900000000006,1.4819999999998723e-05,167.38500000000002,603.1669074000001
27.259000000000015,1.4819999999998723e-05,168.3786,603.1669074000001
27.30899999999997,1.4819999999998723e-05,166.3914,605.1557682
27.359000000000037,1.4819999999998723e-05,166.3914,601.1780466
27.408999999999992,1.4819999999998723e-05,166.3914,603.1669074000001
27.45900000000006,1.4819999999998723e-05,165.39780000000002,603.1669074000001
27.509000000000015,0.0005481779999999825,167.38500000000002,601.1780466
27.55899999999997,0.00037039200000001105,166.3914,601.1780466
27.609000000000037,0.00037039200000001105,166.3914,601.1780466
27.658999999999992,0.00019260599999999795,166.3914,605.1557682
27.70900000000006,1.4819999999998723e-05,165.39780000000002,603.1669074000001
27.759000000000015,0.00019260599999999795,166.3914,603.1669074000001
27.80899999999997,0.00019260599999999795,167.38500000000002,603.1669074000001
27.859000000000037,0.00037039200000001105,166.3914,601.1780466
27.908999999999992,0.00037039200000001105,166.3914,601.1780466
27.95900000000006,1.4819999999998723e-05,165.39780000000002,603.1669074000001
28.009000000000015,1.4819999999998723e-05,166.3914,605.1557682
28.05899999999997,1.4819999999998723e-05,166.3914,605.1557682
28.109000000000037,1.4819999999998723e-05,165.39780000000002,603.1669074000001
28.158999999999992,0.00037039200000001105,166.3914,603.1669074000001
28.20900000000006,0.00019260599999999795,165.39780000000002,601.1780466
28.259000000000015,0.00019260599999999795,167.38500000000002,605.1557682
28.30899999999997,0.00019260599999999795,167.38500000000002,603.1669074000001
28.360000000000014,1.4819999999998723e-05,166.3914,605.1557682
28.409999999999968,0.0007259639999999956,165.39780000000002,599.1891858000001
28.46199999999999,0.0007259639999999956,184.27620000000002,603.1669074000001
28.50999999999999,0.0007259639999999956,294.56579999999997,605.1557682
28.56000000000006,0.00037039200000001105,386.9706,601.1780466
28.610000000000014,0.00019260599999999795,349.2138,601.1780466
28.659999999999968,1.4819999999998723e-05,334.3098,603.1669074000001
28.710000000000036,-0.00016296600000001438,319.4058,603.1669074000001
28.75999999999999,0.00019260599999999795,309.46979999999996,603.1669074000001
28.81000000000006,0.00019260599999999795,298.54019999999997,603.1669074000001
28.860000000000014,0.00037039200000001105,313.44419999999997,605.1557682
28.91300000000001,0.00037039200000001105,433.6698,605.1557682
28.960000000000036,0.00019260599999999795,393.9258,603.1669074000001
29.00999999999999,0.00019260599999999795,374.05379999999997,601.1780466
29.06000000000006,0.00037039200000001105,357.1626,601.1780466
29.110000000000014,1.4819999999998723e-05,342.2586,603.1669074000001
29.159999999999968,0.00019260599999999795,332.32259999999997,601.1780466
29.210000000000036,0.00037039200000001105,318.4122,601.1780466
29.25999999999999,0.00037039200000001105,307.4826,599.1891858000001
29.31000000000006,0.00019260599999999795,295.5594,605.1557682
29.360000000000014,1.4819999999998723e-05,280.6554,605.1557682
29.409999999999968,1.4819999999998723e-05,266.745,603.1669074000001
29.460000000000036,1.4819999999998723e-05,252.83460000000002,603.1669074000001
29.50999999999999,0.00019260599999999795,239.9178,603.1669074000001
29.56000000000006,1.4819999999998723e-05,226.00740000000002,601.1780466
29.610000000000014,-0.00016296600000001438,213.09060000000002,603.1669074000001
29.659999999999968,0.00037039200000001105,202.161,603.1669074000001
29.710000000000036,1.4819999999998723e-05,190.23780000000002,603.1669074000001
29.75999999999999,1.4819999999998723e-05,180.30180000000001,603.1669074000001
29.81000000000006,0.00019260599999999795,173.3466,603.1669074000001
29.860000000000014,-0.00016296600000001438,164.4042,605.1557682
29.909999999999968,1.4819999999998723e-05,158.4426,605.1557682
29.960000000000036,1.4819999999998723e-05,152.481,601.1780466
30.00999999999999,0.00037039200000001105,148.50660000000002,603.1669074000001
30.06000000000006,-0.00016296600000001438,144.53220000000002,605.1557682
30.110000000000014,0.00019260599999999795,141.5514,603.1669074000001
30.159999999999968,-0.0003407520000000136,136.5834,603.1669074000001
30.210000000000036,0.00019260599999999795,136.5834,603.1669074000001
30.25999999999999,0.00019260599999999795,133.6026,603.1669074000001
30.31000000000006,1.4819999999998723e-05,134.5962,605.1557682
30.360000000000014,0.00019260599999999795,132.609,603.1669074000001
30.409999999999968,1.4819999999998723e-05,131.6154,603.1669074000001
30.460000000000036,1.4819999999998723e-05,131.6154,603.1669074000001
30.50999999999999,0.00019260599999999795,131.6154,603.1669074000001
30.56000000000006,1.4819999999998723e-05,130.6218,603.1669074000001
30.610000000000014,-0.00016296600000001438,131.6154,603.1669074000001
30.659999999999968,1.4819999999998723e-05,132.609,605.1557682
30.710000000000036,1.4819999999998723e-05,134.5962,603.1669074000001
30.75999999999999,0.00019260599999999795,134.5962,603.1669074000001
30.81000000000006,0.00019260599999999795,136.5834,605.1557682
30.860000000000014,1.4819999999998723e-05,136.5834,603.1669074000001
30.909999999999968,1.4819999999998723e-05,139.5642,603.1669074000001
30.960000000000036,-0.0003407520000000136,138.5706,603.1669074000001
31.00999999999999,0.00037039200000001105,142.54500000000002,603.1669074000001
31.06000000000006,1.4819999999998723e-05,142.54500000000002,601.1780466
31.110000000000014,0.00019260599999999795,144.53220000000002,603.1669074000001
31.159999999999968,0.00019260599999999795,147.513,603.1669074000001
31.210000000000036,1.4819999999998723e-05,147.513,603.1669074000001
31.25999999999999,0.00037039200000001105,150.49380000000002,601.1780466
31.31000000000006,-0.00016296600000001438,151.4874,605.1557682
31.360000000000014,0.00037039200000001105,154.4682,603.1669074000001
31.409999999999968,1.4819999999998723e-05,154.4682,603.1669074000001
31.460000000000036,0.00019260599999999795,155.4618,601.1780466
31.510999999999967,1.4819999999998723e-05,157.449,605.1557682
31.561000000000035,1.4819999999998723e-05,159.4362,603.1669074000001
31.61099999999999,0.00019260599999999795,159.4362,603.1669074000001
31.661000000000058,0.00019260599999999795,163.41060000000002,603.1669074000001
31.711000000000013,0.00019260599999999795,163.41060000000002,603.1669074000001
31.760999999999967,1.4819999999998723e-05,164.4042,605.1557682
31.811000000000035,1.4819999999998723e-05,164.4042,603.1669074000001
31.86099999999999,0.00019260599999999795,166.3914,603.1669074000001
31.911000000000058,0.00019260599999999795,167.38500000000002,603.1669074000001
31.961000000000013,1.4819999999998723e-05,168.3786,605.1557682
32.01099999999997,1.4819999999998723e-05,170.3658,601.1780466
32.061000000000035,1.4819999999998723e-05,172.353,605.1557682
32.11099999999999,0.00019260599999999795,172.353,603.1669074000001
32.16100000000006,1.4819999999998723e-05,173.3466,603.1669074000001
32.21100000000001,0.00019260599999999795,171.35940000000002,601.1780466
32.26099999999997,0.00019260599999999795,173.3466,603.1669074000001
32.311000000000035,0.00019260599999999795,174.3402,603.1669074000001
32.36099999999999,0.00019260599999999795,175.3338,603.1669074000001
32.41100000000006,-0.00016296600000001438,173.3466,601.1780466
32.46100000000001,1.4819999999998723e-05,174.3402,603.1669074000001
32.51099999999997,1.4819999999998723e-05,176.3274,605.1557682
32.561000000000035,0.00019260599999999795,175.3338,603.1669074000001
32.61099999999999,1.4819999999998723e-05,176.3274,605.1557682
32.66100000000006,0.00019260599999999795,175.3338,603.1669074000001
32.71100000000001,1.4819999999998723e-05,175.3338,603.1669074000001
32.76099999999997,1.4819999999998723e-05,176.3274,605.1557682
32.811000000000035,1.4819999999998723e-05,176.3274,605.1557682
32.86099999999999,0.00019260599999999795,175.3338,603.1669074000001
32.91100000000006,-0.00016296600000001438,172.353,605.1557682
32.96100000000001,1.4819999999998723e-05,174.3402,605.1557682
33.01099999999997,0.00037039200000001105,175.3338,603.1669074000001
33.061000000000035,0.00019260599999999795,173.3466,601.1780466
33.11099999999999,0.00019260599999999795,174.3402,601.1780466
33.16100000000006,0.00019260599999999795,172.353,603.1669074000001
33.21100000000001,1.4819999999998723e-05,174.3402,603.1669074000001
33.26099999999997,-0.00016296600000001438,172.353,603.1669074000001
33.311000000000035,-0.00016296600000001438,171.35940000000002,605.1557682
33.36099999999999,0.00019260599999999795,172.353,601.1780466
33.41100000000006,1.4819999999998723e-05,171.35940000000002,603.1669074000001
33.46100000000001,1.4819999999998723e-05,171.35940000000002,603.1669074000001
33.51099999999997,0.00019260599999999795,171.35940000000002,605.1557682
33.561000000000035,0.00019260599999999795,170.3658,603.1669074000001
33.61099999999999,0.00019260599999999795,170.3658,603.1669074000001
33.66100000000006,-0.00016296600000001438,167.38500000000002,605.1557682
33.71100000000001,0.00019260599999999795,167.38500000000002,601.1780466
33.76099999999997,0.00037039200000001105,165.39780000000002,599.1891858000001
33.811000000000035,1.4819999999998723e-05,166.3914,603.1669074000001
33.86099999999999,0.00019260599999999795,168.3786,603.1669074000001
33.91100000000006,1.4819999999998723e-05,166.3914,603.1669074000001
33.96100000000001,-0.00016296600000001438,165.39780000000002,607.1446289999999
34.01099999999997,1.4819999999998723e-05,164.4042,603.1669074000001
34.061000000000035,1.4819999999998723e-05,165.39780000000002,605.1557682
34.11099999999999,0.00019260599999999795,166.3914,607.1446289999999
34.16100000000006,-0.0003407520000000136,163.41060000000002,607.1446289999999
34.21199999999999,0.00019260599999999795,166.3914,605.1557682
34.26200000000006,0.00019260599999999795,162.417,601.1780466
34.311000000000035,1.4819999999998723e-05,162.417,603.1669074000001
34.36099999999999,1.4819999999998723e-05,162.417,605.1557682
34.41100000000006,1.4819999999998723e-05,162.417,603.1669074000001
34.46100000000001,-0.0003407520000000136,162.417,605.1557682
34.51099999999997,1.4819999999998723e-05,161.42340000000002,605.1557682
34.561000000000035,1.4819999999998723e-05,162.417,603.1669074000001
34.61099999999999,0.00019260599999999795,160.4298,603.1669074000001
34.662000000000035,0.00037039200000001105,162.417,603.1669074000001
34.71199999999999,1.4819999999998723e-05,161.42340000000002,605.1557682
34.76200000000006,1.4819999999998723e-05,162.417,603.1669074000001
34.81200000000001,0.00019260599999999795,161.42340000000002,601.1780466
34.861999999999966,0.00019260599999999795,160.4298,603.1669074000001
34.912000000000035,1.4819999999998723e-05,161.42340000000002,605.1557682
34.96199999999999,1.4819999999998723e-05,160.4298,601.1780466
35.01200000000006,0.00019260599999999795,160.4298,599.1891858000001
35.06200000000001,0.00019260599999999795,162.417,603.1669074000001
35.111999999999966,-0.0003407520000000136,160.4298,603.1669074000001
35.162000000000035,0.00019260599999999795,161.42340000000002,603.1669074000001
35.21199999999999,1.4819999999998723e-05,161.42340000000002,603.1669074000001
35.26200000000006,1.4819999999998723e-05,161.42340000000002,605.1557682
35.31200000000001,1.4819999999998723e-05,161.42340000000002,605.1557682
35.361999999999966,-0.00016296600000001438,162.417,605.1557682
35.412000000000035,0.00019260599999999795,163.41060000000002,603.1669074000001
35.46199999999999,0.00037039200000001105,163.41060000000002,601.1780466
35.51200000000006,0.00019260599999999795,162.417,601.1780466
35.56200000000001,0.00037039200000001105,164.4042,603.1669074000001
35.611999999999966,1.4819999999998723e-05,162.417,603.1669074000001
35.662000000000035,1.4819999999998723e-05,162.417,601.1780466
35.71199999999999,-0.00016296600000001438,162.417,605.1557682
35.76200000000006,1.4819999999998723e-05,162.417,603.1669074000001
35.81200000000001,0.00019260599999999795,163.41060000000002,601.1780466
35.861999999999966,1.4819999999998723e-05,164.4042,603.1669074000001
35.912000000000035,0.00019260599999999795,163.41060000000002,603.1669074000001
35.96199999999999,1.4819999999998723e-05,165.39780000000002,603.1669074000001
36.01200000000006,0.00019260599999999795,164.4042,601.1780466
36.06200000000001,-0.00016296600000001438,163.41060000000002,601.1780466
36.111999999999966,0.00019260599999999795,164.4042,603.1669074000001
36.162000000000035,-0.00016296600000001438,163.41060000000002,603.1669074000001
36.21199999999999,-0.00016296600000001438,164.4042,603.1669074000001
36.26200000000006,1.4819999999998723e-05,164.4042,603.1669074000001
36.31200000000001,1.4819999999998723e-05,165.39780000000002,605.1557682
36.361999999999966,0.00019260599999999795,166.3914,603.1669074000001
36.412000000000035,0.00019260599999999795,165.39780000000002,603.1669074000001
36.46199999999999,-0.0005185379999999989,164.4042,603.1669074000001
36.51200000000006,1.4819999999998723e-05,163.41060000000002,601.1780466
36.56200000000001,0.00037039200000001105,168.3786,601.1780466
36.611999999999966,0.00019260599999999795,167.38500000000002,603.1669074000001
36.662000000000035,0.00037039200000001105,165.39780000000002,601.1780466
36.71199999999999,1.4819999999998723e-05,166.3914,603.1669074000001
36.76200000000006,0.00019260599999999795,167.38500000000002,603.1669074000001
36.81200000000001,1.4819999999998723e-05,167.38500000000002,603.1669074000001
36.861999999999966,0.00019260599999999795,166.3914,601.1780466
36.912000000000035,0.00037039200000001105,167.38500000000002,603.1669074000001
36.96199999999999,0.00019260599999999795,166.3914,601.1780466
37.01200000000006,1.4819999999998723e-05,168.3786,605.1557682
37.06200000000001,0.00019260599999999795,169.37220000000002,603.1669074000001
37.111999999999966,1.4819999999998723e-05,165.39780000000002,603.1669074000001
37.162000000000035,0.00019260599999999795,168.3786,603.1669074000001
37.21199999999999,1.4819999999998723e-05,166.3914,603.1669074000001
37.26200000000006,-0.00016296600000001438,168.3786,605.1557682
37.31200000000001,1.4819999999998723e-05,167.38500000000002,603.1669074000001
37.363000000000056,0.00019260599999999795,166.3914,603.1669074000001
37.41300000000001,0.00019260599999999795,165.39780000000002,601.1780466
37.46199999999999,-0.00016296600000001438,166.3914,605.1557682
37.51200000000006,-0.00016296600000001438,166.3914,603.1669074000001
37.56200000000001,-0.00016296600000001438,165.39780000000002,605.1557682
37.611999999999966,0.00019260599999999795,169.37220000000002,605.1557682
37.662000000000035,0.00019260599999999795,166.3914,601.1780466
37.71199999999999,1.4819999999998723e-05,166.3914,603.1669074000001
37.76200000000006,0.00019260599999999795,168.3786,605.1557682
37.81299999999999,0.00019260599999999795,166.3914,603.1669074000001
37.863000000000056,-0.00016296600000001438,167.38500000000002,605.1557682
37.91300000000001,0.00037039200000001105,166.3914,601.1780466
37.962999999999965,0.00019260599999999795,168.3786,603.1669074000001
38.013000000000034,0.00019260599999999795,167.38500000000002,603.1669074000001
38.06299999999999,-0.00016296600000001438,164.4042,603.1669074000001
38.113000000000056,0.00019260599999999795,166.3914,603.1669074000001
38.16300000000001,1.4819999999998723e-05,166.3914,603.1669074000001
38.212999999999965,0.00019260599999999795,167.38500000000002,603.1669074000001
38.263000000000034,-0.00016296600000001438,167.38500000000002,605.1557682
38.31299999999999,0.00037039200000001105,166.3914,601.1780466
38.363000000000056,1.4819999999998723e-05,163.41060000000002,603.1669074000001
38.41300000000001,0.00019260599999999795,166.3914,603.1669074000001
38.462999999999965,0.00019260599999999795,166.3914,603.1669074000001
38.513000000000034,1.4819999999998723e-05,165.39780000000002,603.1669074000001
38.56299999999999,0.00019260599999999795,167.38500000000002,603.1669074000001
38.613000000000056,0.00019260599999999795,166.3914,603.1669074000001
38.66300000000001,1.4819999999998723e-05,165.39780000000002,601.1780466
38.712999999999965,0.00019260599999999795,165.39780000000002,603.1669074000001
38.763000000000034,1.4819999999998723e-05,162.417,599.1891858000001
38.81299999999999,-0.00016296600000001438,163.41060000000002,605.1557682
38.863000000000056,-0.00016296600000001438,164.4042,605.1557682
38.91300000000001,0.00037039200000001105,166.3914,603.1669074000001
38.962999999999965,1.4819999999998723e-05,164.4042,603.1669074000001
39.013000000000034,0.0005481779999999825,167.38500000000002,603.1669074000001
39.06299999999999,1.4819999999998723e-05,163.41060000000002,603.1669074000001
39.113000000000056,1.4819999999998723e-05,166.3914,605.1557682
39.16300000000001,1.4819999999998723e-05,164.4042,603.1669074000001
39.212999999999965,1.4819999999998723e-05,167.38500000000002,605.1557682
39.263000000000034,0.00037039200000001105,165.39780000000002,601.1780466
39.31299999999999,0.00019260599999999795,165.39780000000002,605.1557682
39.363000000000056,0.00019260599999999795,165.39780000000002,603.1669074000001
39.41300000000001,1.4819999999998723e-05,166.3914,605.1557682
39.462999999999965,0.00019260599999999795,165.39780000000002,601.1780466
39.513000000000034,1.4819999999998723e-05,165.39780000000002,605.1557682
39.56299999999999,1.4819999999998723e-05,164.4042,603.1669074000001
39.613000000000056,0.00037039200000001105,165.39780000000002,603.1669074000001
39.66300000000001,-0.0003407520000000136,163.41060000000002,603.1669074000001
39.712999999999965,1.4819999999998723e-05,165.39780000000002,605.1557682
39.763000000000034,0.00019260599999999795,165.39780000000002,603.1669074000001
39.81299999999999,1.4819999999998723e-05,165.39780000000002,605.1557682
39.863000000000056,0.00019260599999999795,166.3914,603.1669074000001
39.91300000000001,1.4819999999998723e-05,167.38500000000002,605.1557682
39.962999999999965,0.00019260599999999795,166.3914,603.1669074000001
40.013000000000034,1.4819999999998723e-05,166.3914,605.1557682
40.06299999999999,0.00037039200000001105,167.38500000000002,605.1557682
40.113000000000056,0.00037039200000001105,164.4042,603.1669074000001
40.16300000000001,1.4819999999998723e-05,164.4042,603.1669074000001
40.212999999999965,0.00019260599999999795,166.3914,605.1557682
40.263000000000034,0.00019260599999999795,167.38500000000002,603.1669074000001
40.31299999999999,-0.00016296600000001438,165.39780000000002,607.1446289999999
40.363000000000056,1.4819999999998723e-05,163.41060000000002,603.1669074000001
40.41300000000001,0.00019260599999999795,166.3914,603.1669074000001
40.462999999999965,-0.00016296600000001438,164.4042,603.1669074000001
40.51400000000001,-0.00016296600000001438,165.39780000000002,605.1557682
40.563999999999965,-0.0003407520000000136,163.41060000000002,603.1669074000001
40.613000000000056,1.4819999999998723e-05,166.3914,605.1557682
40.66300000000001,0.00019260599999999795,165.39780000000002,603.1669074000001
40.712999999999965,0.00019260599999999795,165.39780000000002,603.1669074000001
40.763000000000034,1.4819999999998723e-05,165.39780000000002,605.1557682
40.81299999999999,1.4819999999998723e-05,166.3914,605.1557682
40.863000000000056,1.4819999999998723e-05,165.39780000000002,603.1669074000001
40.91300000000001,-0.00016296600000001438,165.39780000000002,605.1557682
40.964000000000055,0.00019260599999999795,167.38500000000002,603.1669074000001
41.01400000000001,-0.00016296600000001438,165.39780000000002,605.1557682
41.063999999999965,0.00019260599999999795,165.39780000000002,603.1669074000001
41.11400000000003,0.00037039200000001105,165.39780000000002,603.1669074000001
41.16399999999999,0.00037039200000001105,166.3914,603.1669074000001
41.214000000000055,-0.00016296600000001438,165.39780000000002,605.1557682
41.26400000000001,1.4819999999998723e-05,166.3914,605.1557682
41.313999999999965,0.00019260599999999795,166.3914,603.1669074000001
41.36400000000003,0.00019260599999999795,165.39780000000002,601.1780466
41.41399999999999,1.4819999999998723e-05,165.39780000000002,603.1669074000001
41.464000000000055,1.4819999999998723e-05,165.39780000000002,603.1669074000001
41.51400000000001,1.4819999999998723e-05,165.39780000000002,605.1557682
41.563999999999965,0.00019260599999999795,165.39780000000002,605.1557682
41.61400000000003,-0.00016296600000001438,164.4042,605.1557682
41.66399999999999,-0.00016296600000001438,164.4042,607.1446289999999
41.714000000000055,0.00019260599999999795,166.3914,601.1780466
41.76400000000001,-0.00016296600000001438,166.3914,605.1557682
41.813999999999965,-0.00016296600000001438,165.39780000000002,605.1557682
41.86400000000003,-0.00016296600000001438,164.4042,603.1669074000001
41.91399999999999,1.4819999999998723e-05,165.39780000000002,601.1780466
41.964000000000055,-0.00016296600000001438,165.39780000000002,603.1669074000001
42.01400000000001,1.4819999999998723e-05,166.3914,603.1669074000001
42.063999999999965,1.4819999999998723e-05,168.3786,607.1446289999999
42.11400000000003,1.4819999999998723e-05,165.39780000000002,605.1557682
42.16399999999999,0.00037039200000001105,166.3914,603.1669074000001
42.214000000000055,0.00019260599999999795,166.3914,603.1669074000001
42.26400000000001,0.00019260599999999795,166.3914,603.1669074000001
42.313999999999965,0.00019260599999999795,165.39780000000002,605.1557682
42.36400000000003,-0.00016296600000001438,164.4042,603.1669074000001
42.41399999999999,-0.00016296600000001438,165.39780000000002,607.1446289999999
42.464000000000055,0.00037039200000001105,165.39780000000002,603.1669074000001
42.51400000000001,1.4819999999998723e-05,165.39780000000002,605.1557682
42.563999999999965,1.4819999999998723e-05,164.4042,603.1669074000001
42.61400000000003,0.00037039200000001105,166.3914,601.1780466
42.66399999999999,-0.00016296600000001438,164.4042,603.1669074000001
42.714000000000055,0.00019260599999999795,163.41060000000002,603.1669074000001
42.76400000000001,0.00019260599999999795,165.39780000000002,603.1669074000001
42.813999999999965,-0.0003407520000000136,163.41060000000002,607.1446289999999
42.86400000000003,0.00019260599999999795,165.39780000000002,601.1780466
42.91399999999999,0.00019260599999999795,164.4042,603.1669074000001
42.964000000000055,1.4819999999998723e-05,163.41060000000002,601.1780466
43.01400000000001,0.00037039200000001105,166.3914,603.1669074000001
43.063999999999965,1.4819999999998723e-05,165.39780000000002,603.1669074000001
43.11400000000003,0.00037039200000001105,165.39780000000002,603.1669074000001
43.16399999999999,0.00019260599999999795,164.4042,603.1669074000001
43.214000000000055,0.00037039200000001105,164.4042,601.1780466
43.26400000000001,0.00019260599999999795,164.4042,601.1780466
43.313999999999965,1.4819999999998723e-05,166.3914,603.1669074000001
43.36400000000003,0.00037039200000001105,166.3914,601.1780466
43.41399999999999,1.4819999999998723e-05,163.41060000000002,605.1557682
43.464000000000055,0.00037039200000001105,165.39780000000002,603.1669074000001
43.51400000000001,1.4819999999998723e-05,165.39780000000002,603.1669074000001
43.563999999999965,1.4819999999998723e-05,164.4042,603.1669074000001
43.61400000000003,1.4819999999998723e-05,165.39780000000002,603.1669074000001
43.66500000000008,0.00019260599999999795,166.3914,603.1669074000001
43.71500000000003,-0.00016296600000001438,165.39780000000002,603.1669074000001
43.76400000000001,1.4819999999998723e-05,165.39780000000002,605.1557682
43.813999999999965,1.4819999999998723e-05,164.4042,603.1669074000001
43.86400000000003,0.00019260599999999795,166.3914,603.1669074000001
43.91399999999999,-0.0003407520000000136,166.3914,605.1557682
43.964000000000055,0.00019260599999999795,166.3914,605.1557682
44.01400000000001,1.4819999999998723e-05,166.3914,603.1669074000001
44.063999999999965,1.4819999999998723e-05,164.4042,605.1557682
44.11500000000001,1.4819999999998723e-05,166.3914,605.1557682
44.16500000000008,1.4819999999998723e-05,164.4042,605.1557682
44.21500000000003,-0.00016296600000001438,164.4042,605.1557682
44.264999999999986,0.00019260599999999795,167.38500000000002,603.1669074000001
44.315000000000055,0.00037039200000001105,166.3914,601.1780466
44.36500000000001,1.4819999999998723e-05,165.39780000000002,603.1669074000001
44.41500000000008,1.4819999999998723e-05,167.38500000000002,603.1669074000001
44.46500000000003,-0.00016296600000001438,165.39780000000002,603.1669074000001
44.514999999999986,-0.00016296600000001438,165.39780000000002,605.1557682
44.565000000000055,-0.00016296600000001438,165.39780000000002,603.1669074000001
44.61500000000001,-0.00016296600000001438,165.39780000000002,603.1669074000001
44.66500000000008,-0.00016296600000001438,166.3914,603.1669074000001
44.71500000000003,0.00019260599999999795,165.39780000000002,603.1669074000001
44.764999999999986,1.4819999999998723e-05,168.3786,605.1557682
44.815000000000055,1.4819999999998723e-05,166.3914,603.1669074000001
44.86500000000001,0.0005481779999999825,167.38500000000002,601.1780466
44.91500000000008,-0.00016296600000001438,165.39780000000002,605.1557682
44.96500000000003,0.00019260599999999795,167.38500000000002,603.1669074000001
45.014999999999986,1.4819999999998723e-05,165.39780000000002,603.1669074000001
45.065000000000055,0.00019260599999999795,166.3914,603.1669074000001
45.11500000000001,0.00019260599999999795,165.39780000000002,603.1669074000001
45.16500000000008,1.4819999999998723e-05,165.39780000000002,603.1669074000001
45.21500000000003,0.00019260599999999795,166.3914,601.1780466
45.264999999999986,1.4819999999998723e-05,166.3914,607.1446289999999
45.315000000000055,0.00037039200000001105,165.39780000000002,601.1780466
45.36500000000001,1.4819999999998723e-05,165.39780000000002,605.1557682
45.41500000000008,0.00019260599999999795,165.39780000000002,603.1669074000001
45.46500000000003,1.4819999999998723e-05,164.4042,603.1669074000001
45.514999999999986,0.00019260599999999795,164.4042,605.1557682
45.565000000000055,1.4819999999998723e-05,165.39780000000002,603.1669074000001
45.61500000000001,1.4819999999998723e-05,164.4042,605.1557682
45.66500000000008,0.00019260599999999795,165.39780000000002,605.1557682
45.71500000000003,0.00019260599999999795,166.3914,605.1557682
45.764999999999986,0.00037039200000001105,166.3914,601.1780466
45.815000000000055,0.00037039200000001105,165.39780000000002,603.1669074000001
45.86500000000001,0.00019260599999999795,166.3914,601.1780466
45.91500000000008,0.00019260599999999795,166.3914,603.1669074000001
45.96500000000003,0.00019260599999999795,163.41060000000002,601.1780466
46.014999999999986,0.00019260599999999795,166.3914,603.1669074000001
46.065000000000055,0.00019260599999999795,166.3914,603.1669074000001
46.11500000000001,0.00019260599999999795,165.39780000000002,603.1669074000001
46.16500000000008,1.4819999999998723e-05,166.3914,605.1557682
46.21500000000003,1.4819999999998723e-05,166.3914,603.1669074000001
46.264999999999986,0.00019260599999999795,165.39780000000002,605.1557682
46.315000000000055,0.00037039200000001105,166.3914,603.1669074000001
46.36500000000001,1.4819999999998723e-05,166.3914,601.1780466
46.41500000000008,0.00037039200000001105,165.39780000000002,601.1780466
46.46500000000003,0.00019260599999999795,166.3914,603.1669074000001
46.514999999999986,1.4819999999998723e-05,165.39780000000002,605.1557682
46.565000000000055,1.4819999999998723e-05,166.3914,605.1557682
46.61500000000001,0.00019260599999999795,165.39780000000002,603.1669074000001
46.66500000000008,0.00019260599999999795,165.39780000000002,601.1780466
46.71500000000003,0.00019260599999999795,166.3914,603.1669074000001
46.764999999999986,0.00019260599999999795,166.3914,603.1669074000001
46.81600000000003,0.00019260599999999795,166.3914,605.1557682
46.865999999999985,0.00019260599999999795,163.41060000000002,601.1780466
46.91500000000008,0.00019260599999999795,167.38500000000002,603.1669074000001
46.96500000000003,1.4819999999998723e-05,164.4042,603.1669074000001
47.014999999999986,1.4819999999998723e-05,165.39780000000002,605.1557682
47.065000000000055,1.4819999999998723e-05,164.4042,603.1669074000001
47.11500000000001,-0.00016296600000001438,166.3914,605.1557682
47.16500000000008,0.00019260599999999795,166.3914,605.1557682
47.21600000000001,1.4819999999998723e-05,167.38500000000002,605.1557682
47.266000000000076,0.00019260599999999795,166.3914,603.1669074000001
47.31600000000003,-0.00016296600000001438,164.4042,603.1669074000001
47.365999999999985,1.4819999999998723e-05,165.39780000000002,603.1669074000001
47.416000000000054,1.4819999999998723e-05,167.38500000000002,603.1669074000001
47.46600000000001,0.00019260599999999795,166.3914,603.1669074000001
47.516000000000076,0.00037039200000001105,167.38500000000002,603.1669074000001
47.56600000000003,0.00019260599999999795,165.39780000000002,603.1669074000001
47.615999999999985,1.4819999999998723e-05,166.3914,603.1669074000001
47.666000000000054,1.4819999999998723e-05,164.4042,605.1557682
47.71600000000001,0.00037039200000001105,166.3914,603.1669074000001
47.766000000000076,-0.00016296600000001438,165.39780000000002,603.1669074000001
47.81600000000003,0.00019260599999999795,166.3914,603.1669074000001
47.865999999999985,1.4819999999998723e-05,166.3914,603.1669074000001
47.916000000000054,0.00019260599999999795,166.3914,603.1669074000001
47.96600000000001,0.00037039200000001105,166.3914,603.1669074000001
48.016000000000076,0.00037039200000001105,164.4042,601.1780466
48.06600000000003,0.00019260599999999795,165.39780000000002,603.1669074000001
48.115999999999985,0.00019260599999999795,165.39780000000002,601.1780466
48.166000000000054,1.4819999999998723e-05,165.39780000000002,605.1557682
48.21600000000001,0.00019260599999999795,165.39780000000002,601.1780466
48.266000000000076,0.00019260599999999795,165.39780000000002,603.1669074000001
48.31600000000003,0.00019260599999999795,165.39780000000002,601.1780466
48.365999999999985,1.4819999999998723e-05,166.3914,603.1669074000001
48.416000000000054,0.00019260599999999795,166.3914,603.1669074000001
48.46600000000001,-0.00016296600000001438,165.39780000000002,605.1557682
48.516000000000076,0.00019260599999999795,165.39780000000002,603.1669074000001
48.56600000000003,0.00037039200000001105,166.3914,601.1780466
48.615999999999985,0.00019260599999999795,166.3914,603.1669074000001
48.666000000000054,0.00019260599999999795,165.39780000000002,601.1780466
48.71600000000001,1.4819999999998723e-05,165.39780000000002,601.1780466
48.766000000000076,0.00019260599999999795,166.3914,603.1669074000001
48.81600000000003,0.00019260599999999795,166.3914,603.1669074000001
48.865999999999985,1.4819999999998723e-05,166.3914,603.1669074000001
48.916000000000054,0.00037039200000001105,166.3914,601.1780466
48.96600000000001,0.00019260599999999795,165.39780000000002,603.1669074000001
49.016000000000076,-0.00016296600000001438,164.4042,605.1557682
49.06600000000003,1.4819999999998723e-05,165.39780000000002,601.1780466
49.115999999999985,0.00019260599999999795,167.38500000000002,605.1557682
49.166000000000054,-0.00016296600000001438,166.3914,603.1669074000001
49.21600000000001,0.00019260599999999795,165.39780000000002,603.1669074000001
49.266000000000076,0.00019260599999999795,167.38500000000002,603.1669074000001
49.31600000000003,1.4819999999998723e-05,166.3914,603.1669074000001
49.365999999999985,0.00019260599999999795,165.39780000000002,601.1780466
49.416000000000054,1.4819999999998723e-05,163.41060000000002,603.1669074000001
49.46600000000001,-0.00016296600000001438,166.3914,605.1557682
49.516000000000076,1.4819999999998723e-05,166.3914,605.1557682
49.56600000000003,0.00037039200000001105,166.3914,601.1780466
49.615999999999985,0.00019260599999999795,167.38500000000002,603.1669074000001
49.666000000000054,0.00019260599999999795,167.38500000000002,603.1669074000001
49.71600000000001,-0.00016296600000001438,166.3914,607.1446289999999
49.766000000000076,1.4819999999998723e-05,164.4042,603.1669074000001
49.81600000000003,0.00019260599999999795,166.3914,603.1669074000001
49.865999999999985,0.00019260599999999795,166.3914,601.1780466
49.916000000000054,0.00019260599999999795,166.3914,605.1557682
49.966999999999985,-0.00016296600000001438,165.39780000000002,605.1557682
50.016000000000076,1.4819999999998723e-05,164.4042,605.1557682
50.06600000000003,0.00037039200000001105,166.3914,603.1669074000001
50.115999999999985,0.00019260599999999795,165.39780000000002,603.1669074000001
50.166000000000054,0.00019260599999999795,165.39780000000002,603.1669074000001
50.21600000000001,1.4819999999998723e-05,164.4042,603.1669074000001
50.266000000000076,0.00019260599999999795,166.3914,603.1669074000001
50.31600000000003,0.00037039200000001105,165.39780000000002,603.1669074000001
50.367000000000075,0.00019260599999999795,166.3914,601.1780466
50.41700000000003,0.00037039200000001105,165.39780000000002,601.1780466
50.466999999999985,1.4819999999998723e-05,166.3914,603.1669074000001
50.51700000000005,-0.00016296600000001438,166.3914,605.1557682
50.56700000000001,1.4819999999998723e-05,165.39780000000002,601.1780466
50.617000000000075,1.4819999999998723e-05,165.39780000000002,605.1557682
50.66700000000003,0.00019260599999999795,166.3914,601.1780466
50.716999999999985,-0.00016296600000001438,164.4042,605.1557682
50.76700000000005,1.4819999999998723e-05,166.3914,605.1557682
50.81700000000001,1.4819999999998723e-05,165.39780000000002,601.1780466
50.867000000000075,1.4819999999998723e-05,167.38500000000002,603.1669074000001
50.91700000000003,1.4819999999998723e-05,164.4042,605.1557682
50.966999999999985,0.00019260599999999795,167.38500000000002,603.1669074000001
51.01700000000005,1.4819999999998723e-05,165.39780000000002,601.1780466
51.06700000000001,1.4819999999998723e-05,164.4042,601.1780466
51.117000000000075,0.00019260599999999795,165.39780000000002,603.1669074000001
51.16700000000003,1.4819999999998723e-05,166.3914,603.1669074000001
51.216999999999985,0.00019260599999999795,165.39780000000002,603.1669074000001
51.26700000000005,0.00037039200000001105,167.38500000000002,601.1780466
51.31700000000001,0.00019260599999999795,165.39780000000002,605.1557682
51.367000000000075,1.4819999999998723e-05,166.3914,605.1557682
51.41700000000003,-0.00016296600000001438,165.39780000000002,605.1557682
51.466999999999985,1.4819999999998723e-05,165.39780000000002,605.1557682
51.51700000000005,1.4819999999998723e-05,165.39780000000002,603.1669074000001
51.56700000000001,0.00019260599999999795,166.3914,603.1669074000001
51.617000000000075,-0.00016296600000001438,166.3914,603.1669074000001
51.66700000000003,0.00019260599999999795,168.3786,603.1669074000001
51.716999999999985,-0.00016296600000001438,165.39780000000002,601.1780466
51.76700000000005,1.4819999999998723e-05,165.39780000000002,605.1557682
51.81700000000001,0.00019260599999999795,164.4042,603.1669074000001
51.867000000000075,0.00019260599999999795,167.38500000000002,603.1669074000001
51.91700000000003,1.4819999999998723e-05,167.38500000000002,605.1557682
51.966999999999985,1.4819999999998723e-05,164.4042,603.1669074000001
52.01700000000005,1.4819999999998723e-05,166.3914,605.1557682
52.06700000000001,1.4819999999998723e-05,166.3914,603.1669074000001
52.117000000000075,-0.0003407520000000136,166.3914,607.1446289999999
52.16700000000003,1.4819999999998723e-05,165.39780000000002,605.1557682
52.216999999999985,0.00019260599999999795,166.3914,601.1780466
52.26700000000005,0.00019260599999999795,167.38500000000002,603.1669074000001
52.31700000000001,0.00019260599999999795,165.39780000000002,601.1780466
52.367000000000075,1.4819999999998723e-05,166.3914,605.1557682
52.41700000000003,-0.00016296600000001438,165.39780000000002,603.1669074000001
52.466999999999985,1.4819999999998723e-05,165.39780000000002,603.1669074000001
52.51700000000005,1.4819999999998723e-05,165.39780000000002,603.1669074000001
52.56700000000001,0.00019260599999999795,165.39780000000002,601.1780466
52.617000000000075,-0.0003407520000000136,165.39780000000002,605.1557682
52.66700000000003,-0.0003407520000000136,164.4042,605.1557682
52.716999999999985,0.00037039200000001105,168.3786,601.1780466
52.76700000000005,-0.00016296600000001438,166.3914,605.1557682
52.81700000000001,-0.00016296600000001438,166.3914,603.1669074000001
52.867000000000075,1.4819999999998723e-05,166.3914,605.1557682
52.91700000000003,0.00019260599999999795,166.3914,603.1669074000001
52.966999999999985,1.4819999999998723e-05,164.4042,603.1669074000001
53.01700000000005,1.4819999999998723e-05,166.3914,603.1669074000001
53.067999999999984,1.4819999999998723e-05,165.39780000000002,605.1557682
53.11800000000005,1.4819999999998723e-05,165.39780000000002,603.1669074000001
53.16700000000003,1.4819999999998723e-05,165.39780000000002,605.1557682
53.216999999999985,1.4819999999998723e-05,166.3914,603.1669074000001
53.26700000000005,0.00019260599999999795,168.3786,605.1557682
53.31700000000001,1.4819999999998723e-05,166.3914,603.1669074000001
53.367000000000075,-0.00016296600000001438,165.39780000000002,605.1557682
53.41700000000003,0.00019260599999999795,166.3914,603.1669074000001
53.468000000000075,0.00019260599999999795,164.4042,603.1669074000001
53.51800000000003,0.00037039200000001105,164.4042,603.1669074000001
53.567999999999984,-0.00016296600000001438,166.3914,605.1557682
53.61800000000005,-0.0003407520000000136,164.4042,605.1557682
53.668000000000006,1.4819999999998723e-05,165.39780000000002,605.1557682
53.718000000000075,1.4819999999998723e-05,165.39780000000002,603.1669074000001
53.76800000000003,1.4819999999998723e-05,164.4042,605.1557682
53.817999999999984,1.4819999999998723e-05,165.39780000000002,603.1669074000001
53.86800000000005,0.00019260599999999795,167.38500000000002,603.1669074000001
53.918000000000006,1.4819999999998723e-05,166.3914,605.1557682
53.968000000000075,0.00019260599999999795,168.3786,605.1557682
54.01800000000003,1.4819999999998723e-05,163.41060000000002,603.1669074000001
54.067999999999984,1.4819999999998723e-05,166.3914,603.1669074000001
54.11800000000005,1.4819999999998723e-05,167.38500000000002,603.1669074000001
54.168000000000006,1.4819999999998723e-05,165.39780000000002,603.1669074000001
54.218000000000075,0.00019260599999999795,166.3914,603.1669074000001
54.26800000000003,1.4819999999998723e-05,164.4042,605.1557682
54.317999999999984,0.00019260599999999795,166.3914,605.1557682
54.36800000000005,1.4819999999998723e-05,165.39780000000002,605.1557682
54.418000000000006,0.00019260599999999795,165.39780000000002,601.1780466
54.468000000000075,1.4819999999998723e-05,164.4042,603.1669074000001
54.51800000000003,1.4819999999998723e-05,164.4042,605.1557682
54.567999999999984,0.00019260599999999795,167.38500000000002,603.1669074000001
54.61800000000005,0.00037039200000001105,166.3914,601.1780466
54.668000000000006,0.00019260599999999795,164.4042,603.1669074000001
54.718000000000075,0.00019260599999999795,165.39780000000002,603.1669074000001
54.76800000000003,0.00037039200000001105,165.39780000000002,601.1780466
54.817999999999984,0.00019260599999999795,165.39780000000002,603.1669074000001
54.86800000000005,-0.0006963239999999982,162.417,605.1557682
54.918000000000006,0.00019260599999999795,167.38500000000002,603.1669074000001
54.968000000000075,0.00037039200000001105,166.3914,603.1669074000001
55.01800000000003,0.00019260599999999795,166.3914,603.1669074000001
55.067999999999984,-0.00016296600000001438,163.41060000000002,603.1669074000001
55.11800000000005,0.00019260599999999795,164.4042,603.1669074000001
55.168000000000006,-0.0003407520000000136,166.3914,607.1446289999999
55.218000000000075,0.00019260599999999795,167.38500000000002,605.1557682
55.26800000000003,1.4819999999998723e-05,165.39780000000002,605.1557682
55.317999999999984,1.4819999999998723e-05,165.39780000000002,601.1780466
55.36800000000005,0.00019260599999999795,166.3914,603.1669074000001
55.418000000000006,0.00019260599999999795,166.3914,603.1669074000001
55.468000000000075,1.4819999999998723e-05,165.39780000000002,603.1669074000001
55.51800000000003,0.00019260599999999795,165.39780000000002,603.1669074000001
55.567999999999984,-0.00016296600000001438,165.39780000000002,603.1669074000001
55.61800000000005,0.00019260599999999795,165.39780000000002,601.1780466
55.668000000000006,0.00019260599999999795,166.3914,603.1669074000001
55.718000000000075,0.00019260599999999795,165.39780000000002,603.1669074000001
55.76800000000003,0.00019260599999999795,166.3914,601.1780466
55.817999999999984,-0.00016296600000001438,164.4042,603.1669074000001
55.86800000000005,0.00019260599999999795,165.39780000000002,603.1669074000001
55.918000000000006,-0.00016296600000001438,165.39780000000002,607.1446289999999
55.968000000000075,1.4819999999998723e-05,166.3914,603.1669074000001
56.01800000000003,0.00019260599999999795,166.3914,603.1669074000001
56.067999999999984,1.4819999999998723e-05,167.38500000000002,605.1557682
56.11800000000005,-0.00016296600000001438,166.3914,607.1446289999999
56.168000000000006,0.00019260599999999795,166.3914,603.1669074000001
56.21900000000005,-0.00016296600000001438,165.39780000000002,605.1557682
56.269000000000005,-0.00016296600000001438,163.41060000000002,601.1780466
56.317999999999984,0.00019260599999999795,166.3914,603.1669074000001
56.36800000000005,0.00019260599999999795,167.38500000000002,603.1669074000001
56.418000000000006,0.00037039200000001105,166.3914,603.1669074000001
56.468000000000075,1.4819999999998723e-05,165.39780000000002,603.1669074000001
56.51800000000003,1.4819999999998723e-05,165.39780000000002,605.1557682
56.567999999999984,1.4819999999998723e-05,165.39780000000002,603.1669074000001
56.61900000000003,1.4819999999998723e-05,166.3914,603.1669074000001
56.66899999999998,-0.00016296600000001438,164.4042,603.1669074000001
56.71900000000005,1.4819999999998723e-05,165.39780000000002,603.1669074000001
56.769000000000005,0.00037039200000001105,167.38500000000002,603.1669074000001
56.819000000000074,-0.00016296600000001438,165.39780000000002,603.1669074000001
56.86900000000003,0.00019260599999999795,165.39780000000002,601.1780466
56.91899999999998,0.00019260599999999795,165.39780000000002,603.1669074000001
56.96900000000005,1.4819999999998723e-05,164.4042,603.1669074000001
57.019000000000005,1.4819999999998723e-05,166.3914,605.1557682
57.069000000000074,-0.00016296600000001438,164.4042,603.1669074000001
57.11900000000003,1.4819999999998723e-05,167.38500000000002,607.1446289999999
57.16899999999998,-0.0003407520000000136,163.41060000000002,603.1669074000001
57.21900000000005,1.4819999999998723e-05,166.3914,603.1669074000001
57.269000000000005,0.00019260599999999795,167.38500000000002,603.1669074000001
57.319000000000074,1.4819999999998723e-05,167.38500000000002,603.1669074000001
57.36900000000003,0.00019260599999999795,166.3914,603.1669074000001
57.41899999999998,0.00019260599999999795,166.3914,601.1780466
57.46900000000005,1.4819999999998723e-05,166.3914,603.1669074000001
57.519000000000005,0.00019260599999999795,166.3914,605.1557682
57.569000000000074,1.4819999999998723e-05,165.39780000000002,603.1669074000001
57.61900000000003,0.00019260599999999795,166.3914,603.1669074000001
57.66899999999998,1.4819999999998723e-05,166.3914,605.1557682
57.71900000000005,-0.00016296600000001438,166.3914,605.1557682
57.769000000000005,1.4819999999998723e-05,166.3914,603.1669074000001
57.819000000000074,0.00019260599999999795,166.3914,603.1669074000001
57.86900000000003,-0.0003407520000000136,166.3914,605.1557682
57.91899999999998,1.4819999999998723e-05,168.3786,605.1557682
57.96900000000005,1.4819999999998723e-05,166.3914,603.1669074000001
58.019000000000005,1.4819999999998723e-05,165.39780000000002,603.1669074000001
58.069000000000074,0.00019260599999999795,166.3914,603.1669074000001
58.11900000000003,0.0007259639999999956,167.38500000000002,599.1891858000001
58.16899999999998,1.4819999999998723e-05,166.3914,603.1669074000001
58.21900000000005,0.00019260599999999795,166.3914,603.1669074000001
58.269000000000005,1.4819999999998723e-05,165.39780000000002,603.1669074000001
58.319000000000074,1.4819999999998723e-05,165.39780000000002,603.1669074000001
58.36900000000003,-0.00016296600000001438,165.39780000000002,601.1780466
58.41899999999998,0.00019260599999999795,166.3914,603.1669074000001
58.46900000000005,0.00019260599999999795,166.3914,605.1557682
58.519000000000005,-0.0003407520000000136,164.4042,605.1557682
58.569000000000074,1.4819999999998723e-05,166.3914,605.1557682
58.61900000000003,0.00019260599999999795,166.3914,603.1669074000001
58.66899999999998,-0.00016296600000001438,165.39780000000002,603.1669074000001
58.71900000000005,1.4819999999998723e-05,167.38500000000002,605.1557682
58.769000000000005,0.00019260599999999795,167.38500000000002,601.1780466
58.819000000000074,1.4819999999998723e-05,165.39780000000002,603.1669074000001
58.86900000000003,0.00019260599999999795,166.3914,603.1669074000001
58.91899999999998,0.00019260599999999795,165.39780000000002,603.1669074000001
58.96900000000005,1.4819999999998723e-05,163.41060000000002,603.1669074000001
59.019000000000005,0.00019260599999999795,166.3914,603.1669074000001
59.069000000000074,-0.00016296600000001438,165.39780000000002,603.1669074000001
59.11900000000003,0.00019260599999999795,165.39780000000002,605.1557682
59.16899999999998,-0.0003407520000000136,165.39780000000002,603.1669074000001
59.21900000000005,1.4819999999998723e-05,165.39780000000002,603.1669074000001
59.269000000000005,-0.00016296600000001438,164.4042,605.1557682
59.319000000000074,0.00037039200000001105,167.38500000000002,603.1669074000001
59.370000000000005,1.4819999999998723e-05,165.39780000000002,603.1669074000001
59.42000000000007,0.00019260599999999795,165.39780000000002,601.1780466
59.46900000000005,1.4819999999998723e-05,164.4042,601.1780466
59.519000000000005,1.4819999999998723e-05,165.39780000000002,603.1669074000001
59.569000000000074,0.00037039200000001105,165.39780000000002,603.1669074000001
59.61900000000003,1.4819999999998723e-05,164.4042,603.1669074000001
59.66899999999998,0.00019260599999999795,165.39780000000002,603.1669074000001
59.72000000000003,1.4819999999998723e-05,165.39780000000002,603.1669074000001
59.76999999999998,0.00019260599999999795,166.3914,605.1557682
59.82000000000005,1.4819999999998723e-05,165.39780000000002,603.1669074000001
59.870000000000005,1.4819999999998723e-05,163.41060000000002,603.1669074000001
59.92000000000007,0.00019260599999999795,165.39780000000002,603.1669074000001
59.97000000000003,1.4819999999998723e-05,166.3914,603.1669074000001
60.01999999999998,-0.00016296600000001438,165.39780000000002,605.1557682
60.07000000000005,1.4819999999998723e-05,165.39780000000002,603.1669074000001
60.120000000000005,1.4819999999998723e-05,165.39780000000002,605.1557682
60.17000000000007,0.00037039200000001105,166.3914,601.1780466
60.22000000000003,1.4819999999998723e-05,166.3914,603.1669074000001
60.26999999999998,-0.0003407520000000136,163.41060000000002,605.1557682
60.32000000000005,1.4819999999998723e-05,165.39780000000002,603.1669074000001
60.370000000000005,0.00019260599999999795,167.38500000000002,603.1669074000001
60.42000000000007,1.4819999999998723e-05,165.39780000000002,601.1780466
60.47000000000003,0.00037039200000001105,166.3914,603.1669074000001
60.51999999999998,0.00019260599999999795,166.3914,601.1780466
60.57000000000005,0.00019260599999999795,166.3914,603.1669074000001
60.620000000000005,0.00019260599999999795,165.39780000000002,601.1780466
60.67000000000007,1.4819999999998723e-05,165.39780000000002,601.1780466
60.72000000000003,1.4819999999998723e-05,164.4042,605.1557682
60.76999999999998,1.4819999999998723e-05,166.3914,605.1557682
60.82000000000005,0.00019260599999999795,166.3914,603.1669074000001
60.870000000000005,0.00019260599999999795,166.3914,603.1669074000001
60.92000000000007,1.4819999999998723e-05,165.39780000000002,603.1669074000001
60.97000000000003,0.00037039200000001105,165.39780000000002,603.1669074000001
61.01999999999998,0.00037039200000001105,166.3914,601.1780466
61.07000000000005,1.4819999999998723e-05,164.4042,603.1669074000001
61.120000000000005,1.4819999999998723e-05,165.39780000000002,605.1557682
61.17000000000007,0.00019260599999999795,167.38500000000002,603.1669074000001
61.22000000000003,1.4819999999998723e-05,165.39780000000002,603.1669074000001
61.26999999999998,0.00019260599999999795,167.38500000000002,603.1669074000001
61.32000000000005,0.00037039200000001105,166.3914,601.1780466
61.370000000000005,0.00019260599999999795,166.3914,601.1780466
61.42000000000007,0.00019260599999999795,164.4042,601.1780466
61.47000000000003,0.00019260599999999795,167.38500000000002,603.1669074000001
61.51999999999998,1.4819999999998723e-05,165.39780000000002,603.1669074000001
61.57000000000005,0.00019260599999999795,167.38500000000002,603.1669074000001
61.620000000000005,1.4819999999998723e-05,165.39780000000002,603.1669074000001
61.67000000000007,0.00019260599999999795,165.39780000000002,599.1891858000001
61.72000000000003,0.00019260599999999795,166.3914,603.1669074000001
61.76999999999998,0.00019260599999999795,165.39780000000002,601.1780466
61.82000000000005,0.00019260599999999795,167.38500000000002,605.1557682
61.870000000000005,0.00019260599999999795,164.4042,603.1669074000001
61.92000000000007,0.00037039200000001105,165.39780000000002,601.1780466
61.97000000000003,0.00019260599999999795,166.3914,601.1780466
62.01999999999998,0.00019260599999999795,166.3914,603.1669074000001
62.07000000000005,0.00019260599999999795,165.39780000000002,603.1669074000001
62.120000000000005,0.00019260599999999795,165.39780000000002,603.1669074000001
62.17000000000007,1.4819999999998723e-05,167.38500000000002,607.1446289999999
62.22000000000003,0.00037039200000001105,164.4042,601.1780466
62.26999999999998,0.00019260599999999795,166.3914,603.1669074000001
62.32000000000005,-0.00016296600000001438,166.3914,605.1557682
62.370000000000005,0.00019260599999999795,166.3914,603.1669074000001
62.42000000000007,1.4819999999998723e-05,165.39780000000002,603.1669074000001
62.47000000000003,1.4819999999998723e-05,166.3914,603.1669074000001
62.52100000000007,1.4819999999998723e-05,165.39780000000002,605.1557682
62.571000000000026,-0.0003407520000000136,163.41060000000002,605.1557682
62.620000000000005,-0.00016296600000001438,165.39780000000002,603.1669074000001
62.67000000000007,1.4819999999998723e-05,165.39780000000002,605.1557682
62.72000000000003,1.4819999999998723e-05,165.39780000000002,603.1669074000001
62.76999999999998,0.00019260599999999795,165.39780000000002,603.1669074000001
62.82000000000005,-0.00016296600000001438,164.4042,605.1557682
62.87099999999998,1.4819999999998723e-05,164.4042,603.1669074000001
62.92100000000005,1.4819999999998723e-05,166.3914,603.1669074000001
62.971000000000004,0.00019260599999999795,165.39780000000002,603.1669074000001
63.02100000000007,0.00019260599999999795,165.39780000000002,603.1669074000001
63.071000000000026,0.00019260599999999795,164.4042,603.1669074000001
63.12099999999998,-0.0003407520000000136,165.39780000000002,605.1557682
63.17100000000005,-0.00016296600000001438,165.39780000000002,605.1557682
63.221000000000004,0.00037039200000001105,167.38500000000002,603.1669074000001
63.27100000000007,1.4819999999998723e-05,166.3914,603.1669074000001
63.321000000000026,1.4819999999998723e-05,166.3914,605.1557682
63.37099999999998,1.4819999999998723e-05,166.3914,605.1557682
63.42100000000005,0.00019260599999999795,165.39780000000002,603.1669074000001
63.471000000000004,0.00019260599999999795,165.39780000000002,603.1669074000001
63.52100000000007,0.00037039200000001105,166.3914,601.1780466
63.571000000000026,-0.00016296600000001438,165.39780000000002,603.1669074000001
63.62099999999998,0.0005481779999999825,166.3914,601.1780466
63.67100000000005,1.4819999999998723e-05,167.38500000000002,603.1669074000001
63.721000000000004,0.00019260599999999795,166.3914,603.1669074000001
63.77100000000007,0.00019260599999999795,164.4042,603.1669074000001
63.821000000000026,1.4819999999998723e-05,164.4042,603.1669074000001
63.87099999999998,0.00019260599999999795,166.3914,603.1669074000001
63.92100000000005,1.4819999999998723e-05,167.38500000000002,603.1669074000001
63.971000000000004,1.4819999999998723e-05,168.3786,605.1557682
64.02100000000007,1.4819999999998723e-05,167.38500000000002,605.1557682
64.07100000000003,-0.00016296600000001438,165.39780000000002,605.1557682
64.12099999999998,0.00019260599999999795,167.38500000000002,603.1669074000001
64.17100000000005,1.4819999999998723e-05,165.39780000000002,603.1669074000001
64.221,-0.00016296600000001438,165.39780000000002,605.1557682
64.27100000000007,0.00019260599999999795,166.3914,603.1669074000001
64.32100000000003,0.00037039200000001105,166.3914,601.1780466
64.37099999999998,1.4819999999998723e-05,164.4042,601.1780466
64.42100000000005,0.00019260599999999795,166.3914,603.1669074000001
64.471,-0.00016296600000001438,165.39780000000002,605.1557682
64.52100000000007,1.4819999999998723e-05,165.39780000000002,603.1669074000001
64.57100000000003,0.00019260599999999795,165.39780000000002,603.1669074000001
64.62099999999998,0.00019260599999999795,166.3914,601.1780466
64.67100000000005,-0.00016296600000001438,165.39780000000002,603.1669074000001
64.721,0.00019260599999999795,165.39780000000002,603.1669074000001
64.77100000000007,0.00019260599999999795,166.3914,601.1780466
64.82100000000003,-0.00016296600000001438,166.3914,605.1557682
64.87099999999998,1.4819999999998723e-05,165.39780000000002,605.1557682
64.92100000000005,0.00019260599999999795,165.39780000000002,601.1780466
64.971,1.4819999999998723e-05,165.39780000000002,603.1669074000001
65.02100000000007,1.4819999999998723e-05,166.3914,605.1557682
65.07100000000003,0.00019260599999999795,166.3914,605.1557682
65.12099999999998,0.00019260599999999795,166.3914,605.1557682
65.17100000000005,1.4819999999998723e-05,165.39780000000002,603.1669074000001
65.221,1.4819999999998723e-05,165.39780000000002,605.1557682
65.27100000000007,-0.00016296600000001438,166.3914,605.1557682
65.32100000000003,-0.00016296600000001438,163.41060000000002,605.1557682
65.37099999999998,0.00019260599999999795,167.38500000000002,605.1557682
65.42100000000005,1.4819999999998723e-05,165.39780000000002,603.1669074000001
65.471,0.00019260599999999795,165.39780000000002,603.1669074000001
65.52100000000007,-0.0003407520000000136,165.39780000000002,605.1557682
65.57100000000003,-0.00016296600000001438,165.39780000000002,603.1669074000001
65.62099999999998,1.4819999999998723e-05,166.3914,603.1669074000001
65.67200000000003,-0.00016296600000001438,167.38500000000002,603.1669074000001
65.72199999999998,1.4819999999998723e-05,165.39780000000002,603.1669074000001
65.77100000000007,1.4819999999998723e-05,164.4042,601.1780466
65.82100000000003,1.4819999999998723e-05,167.38500000000002,605.1557682
65.87099999999998,1.4819999999998723e-05,167.38500000000002,603.1669074000001
65.92100000000005,0.00019260599999999795,166.3914,603.1669074000001
65.97199999999998,0.00019260599999999795,166.3914,603.1669074000001
66.02200000000005,-0.00016296600000001438,164.4042,603.1669074000001
66.072,0.00019260599999999795,167.38500000000002,603.1669074000001
66.12200000000007,1.4819999999998723e-05,166.3914,605.1557682
66.17200000000003,-0.00016296600000001438,163.41060000000002,603.1669074000001
66.22199999999998,-0.00016296600000001438,166.3914,605.1557682
66.27200000000005,1.4819999999998723e-05,166.3914,603.1669074000001
66.322,0.00019260599999999795,166.3914,603.1669074000001
66.37200000000007,-0.00016296600000001438,165.39780000000002,603.1669074000001
66.42200000000003,1.4819999999998723e-05,165.39780000000002,603.1669074000001
66.47199999999998,0.00019260599999999795,168.3786,605.1557682
66.52200000000005,0.00019260599999999795,166.3914,603.1669074000001
66.572,0.0005481779999999825,167.38500000000002,601.1780466
66.62200000000007,0.00019260599999999795,163.41060000000002,603.1669074000001
66.67200000000003,-0.00016296600000001438,165.39780000000002,605.1557682
66.72199999999998,0.00019260599999999795,164.4042,601.1780466
66.77200000000005,1.4819999999998723e-05,164.4042,603.1669074000001
66.822,0.00037039200000001105,166.3914,603.1669074000001
66.87200000000007,0.00037039200000001105,166.3914,603.1669074000001
66.92200000000003,1.4819999999998723e-05,167.38500000000002,603.1669074000001
66.97199999999998,0.00019260599999999795,165.39780000000002,603.1669074000001
67.02200000000005,1.4819999999998723e-05,164.4042,605.1557682
67.072,1.4819999999998723e-05,165.39780000000002,601.1780466
67.12200000000007,1.4819999999998723e-05,166.3914,605.1557682
67.17200000000003,0.00019260599999999795,165.39780000000002,601.1780466
67.22199999999998,0.00019260599999999795,164.4042,603.1669074000001
67.27200000000005,-0.00016296600000001438,164.4042,605.1557682
67.322,-0.00016296600000001438,166.3914,605.1557682
67.37200000000007,0.00019260599999999795,164.4042,601.1780466
67.42200000000003,1.4819999999998723e-05,165.39780000000002,603.1669074000001
67.47199999999998,0.00019260599999999795,163.41060000000002,601.1780466
67.52200000000005,-0.00016296600000001438,164.4042,605.1557682
67.572,0.0005481779999999825,165.39780000000002,599.1891858000001
67.62200000000007,1.4819999999998723e-05,166.3914,603.1669074000001
67.67200000000003,-0.00016296600000001438,164.4042,605.1557682
67.72199999999998,1.4819999999998723e-05,165.39780000000002,601.1780466
67.77200000000005,-0.00016296600000001438,166.3914,605.1557682
67.822,0.00019260599999999795,164.4042,603.1669074000001
67.87200000000007,0.00019260599999999795,164.4042,603.1669074000001
67.92200000000003,0.00037039200000001105,166.3914,603.1669074000001
67.97199999999998,1.4819999999998723e-05,166.3914,603.1669074000001
68.02200000000005,0.00037039200000001105,166.3914,603.1669074000001
68.072,0.00019260599999999795,166.3914,603.1669074000001
68.12200000000007,1.4819999999998723e-05,165.39780000000002,603.1669074000001
68.17200000000003,0.00019260599999999795,165.39780000000002,603.1669074000001
68.22199999999998,-0.00016296600000001438,165.39780000000002,603.1669074000001
68.27200000000005,1.4819999999998723e-05,167.38500000000002,603.1669074000001
68.322,0.00019260599999999795,167.38500000000002,603.1669074000001
68.37200000000007,-0.00016296600000001438,164.4042,607.1446289999999
68.42200000000003,1.4819999999998723e-05,166.3914,601.1780466
68.47199999999998,0.00019260599999999795,166.3914,603.1669074000001
68.52200000000005,0.00037039200000001105,166.3914,603.1669074000001
68.572,1.4819999999998723e-05,167.38500000000002,603.1669074000001
68.62200000000007,1.4819999999998723e-05,166.3914,605.1557682
68.67200000000003,0.00037039200000001105,167.38500000000002,601.1780466
68.72199999999998,-0.00016296600000001438,167.38500000000002,603.1669074000001
68.77200000000005,0.00019260599999999795,165.39780000000002,605.1557682
68.82299999999998,1.4819999999998723e-05,166.3914,601.1780466
68.87300000000005,0.00019260599999999795,165.39780000000002,603.1669074000001
68.92200000000003,0.00037039200000001105,167.38500000000002,601.1780466
68.97199999999998,0.00019260599999999795,166.3914,601.1780466
69.02200000000005,0.00019260599999999795,166.3914,603.1669074000001
69.072,0.00037039200000001105,167.38500000000002,603.1669074000001
69.12300000000005,0.00037039200000001105,166.3914,601.1780466
69.173,0.00019260599999999795,166.3914,603.1669074000001
69.22300000000007,0.00019260599999999795,166.3914,605.1557682
69.27300000000002,0.00019260599999999795,167.38500000000002,605.1557682
69.32299999999998,1.4819999999998723e-05,166.3914,603.1669074000001
69.37300000000005,1.4819999999998723e-05,165.39780000000002,603.1669074000001
69.423,1.4819999999998723e-05,166.3914,603.1669074000001
69.47300000000007,0.00019260599999999795,164.4042,603.1669074000001
69.52300000000002,1.4819999999998723e-05,165.39780000000002,605.1557682
69.57299999999998,0.00019260599999999795,164.4042,603.1669074000001
69.62300000000005,0.00037039200000001105,166.3914,601.1780466
69.673,0.00019260599999999795,165.39780000000002,603.1669074000001
69.72300000000007,1.4819999999998723e-05,165.39780000000002,603.1669074000001
69.77300000000002,-0.00016296600000001438,165.39780000000002,605.1557682
69.82299999999998,0.00019260599999999795,165.39780000000002,601.1780466
69.87300000000005,0.00037039200000001105,167.38500000000002,603.1669074000001
69.923,1.4819999999998723e-05,166.3914,603.1669074000001
69.97300000000007,0.00019260599999999795,167.38500000000002,601.1780466
70.02300000000002,0.00037039200000001105,166.3914,603.1669074000001
70.07299999999998,1.4819999999998723e-05,166.3914,605.1557682
70.12300000000005,0.00019260599999999795,166.3914,603.1669074000001
70.173,-0.0003407520000000136,164.4042,603.1669074000001
70.22300000000007,0.00019260599999999795,165.39780000000002,601.1780466
70.27300000000002,0.00019260599999999795,165.39780000000002,601.1780466
70.32299999999998,-0.00016296600000001438,165.39780000000002,605.1557682
70.37300000000005,0.00019260599999999795,166.3914,603.1669074000001
70.423,1.4819999999998723e-05,164.4042,605.1557682
70.47300000000007,0.00019260599999999795,167.38500000000002,603.1669074000001
70.52300000000002,1.4819999999998723e-05,166.3914,603.1669074000001
70.57299999999998,1.4819999999998723e-05,165.39780000000002,603.1669074000001
70.62300000000005,0.00019260599999999795,164.4042,601.1780466
70.673,1.4819999999998723e-05,165.39780000000002,603.1669074000001
70.72300000000007,-0.00016296600000001438,165.39780000000002,603.1669074000001
70.77300000000002,1.4819999999998723e-05,165.39780000000002,605.1557682
70.82299999999998,1.4819999999998723e-05,165.39780000000002,603.1669074000001
70.87300000000005,0.00019260599999999795,165.39780000000002,603.1669074000001
70.923,-0.00016296600000001438,166.3914,607.1446289999999
70.97300000000007,0.0005481779999999825,166.3914,601.1780466
71.02300000000002,1.4819999999998723e-05,164.4042,603.1669074000001
71.07299999999998,0.00019260599999999795,167.38500000000002,603.1669074000001
71.12300000000005,-0.00016296600000001438,165.39780000000002,603.1669074000001
71.173,-0.00016296600000001438,165.39780000000002,605.1557682
71.22300000000007,1.4819999999998723e-05,165.39780000000002,605.1557682
71.27300000000002,-0.00016296600000001438,166.3914,603.1669074000001
71.32299999999998,1.4819999999998723e-05,166.3914,605.1557682
71.37300000000005,1.4819999999998723e-05,166.3914,605.1557682
71.423,-0.00016296600000001438,166.3914,607.1446289999999
71.47300000000007,0.00037039200000001105,168.3786,605.1557682
71.52300000000002,1.4819999999998723e-05,164.4042,603.1669074000001
71.57299999999998,1.4819999999998723e-05,165.39780000000002,603.1669074000001
71.62300000000005,1.4819999999998723e-05,164.4042,603.1669074000001
71.673,0.00019260599999999795,167.38500000000002,605.1557682
71.72300000000007,1.4819999999998723e-05,164.4042,603.1669074000001
71.77300000000002,0.00019260599999999795,167.38500000000002,603.1669074000001
71.82299999999998,-0.0003407520000000136,165.39780000000002,605.1557682
71.87300000000005,1.4819999999998723e-05,166.3914,603.1669074000001
71.923,0.00019260599999999795,165.39780000000002,601.1780466
71.97400000000005,-0.00016296600000001438,164.4042,601.1780466
72.02300000000002,1.4819999999998723e-05,165.39780000000002,603.1669074000001
72.07299999999998,1.4819999999998723e-05,165.39780000000002,603.1669074000001
72.12300000000005,-0.0003407520000000136,163.41060000000002,603.1669074000001
72.173,-0.00016296600000001438,165.39780000000002,607.1446289999999
72.22400000000005,0.00019260599999999795,164.4042,601.1780466
72.274,0.00019260599999999795,166.3914,603.1669074000001
72.32400000000007,1.4819999999998723e-05,167.38500000000002,603.1669074000001
72.37400000000002,1.4819999999998723e-05,168.3786,607.1446289999999
72.42399999999998,0.00019260599999999795,167.38500000000002,603.1669074000001
72.47400000000005,0.00019260599999999795,165.39780000000002,603.1669074000001
72.524,1.4819999999998723e-05,166.3914,605.1557682
72.57400000000007,1.4819999999998723e-05,165.39780000000002,603.1669074000001
72.62400000000002,0.00019260599999999795,166.3914,603.1669074000001
72.67399999999998,1.4819999999998723e-05,166.3914,603.1669074000001
72.72400000000005,0.00019260599999999795,167.38500000000002,603.1669074000001
72.774,-0.00016296600000001438,166.3914,605.1557682
72.82400000000007,1.4819999999998723e-05,167.38500000000002,603.1669074000001
72.87400000000002,1.4819999999998723e-05,165.39780000000002,603.1669074000001
72.92399999999998,-0.00016296600000001438,166.3914,605.1557682
72.97400000000005,1.4819999999998723e-05,166.3914,605.1557682
73.024,-0.00016296600000001438,166.3914,605.1557682
73.07400000000007,-0.00016296600000001438,166.3914,605.1557682
73.12400000000002,1.4819999999998723e-05,166.3914,601.1780466
73.17399999999998,1.4819999999998723e-05,166.3914,605.1557682
73.22400000000005,-0.00016296600000001438,166.3914,607.1446289999999
73.274,1.4819999999998723e-05,165.39780000000002,603.1669074000001
73.32400000000007,0.00019260599999999795,167.38500000000002,601.1780466
73.37400000000002,0.00019260599999999795,167.38500000000002,603.1669074000001
73.42399999999998,0.00019260599999999795,166.3914,601.1780466
73.47400000000005,0.00019260599999999795,166.3914,603.1669074000001
73.524,-0.00016296600000001438,167.38500000000002,607.1446289999999
73.57400000000007,0.00019260599999999795,166.3914,601.1780466
73.62400000000002,1.4819999999998723e-05,166.3914,603.1669074000001
73.67399999999998,0.00019260599999999795,167.38500000000002,603.1669074000001
73.72400000000005,1.4819999999998723e-05,165.39780000000002,603.1669074000001
73.774,0.00019260599999999795,166.3914,605.1557682
73.82400000000007,0.00019260599999999795,166.3914,605.1557682
73.87400000000002,1.4819999999998723e-05,167.38500000000002,605.1557682
73.92399999999998,1.4819999999998723e-05,165.39780000000002,603.1669074000001
73.97400000000005,0.00019260599999999795,166.3914,605.1557682
74.024,0.00019260599999999795,166.3914,603.1669074000001
74.07400000000007,-0.00016296600000001438,165.39780000000002,603.1669074000001
74.12400000000002,1.4819999999998723e-05,166.3914,603.1669074000001
74.17399999999998,-0.00016296600000001438,165.39780000000002,605.1557682
74.22400000000005,1.4819999999998723e-05,164.4042,603.1669074000001
74.274,1.4819999999998723e-05,164.4042,603.1669074000001
74.32400000000007,0.00019260599999999795,166.3914,603.1669074000001
74.37400000000002,0.00019260599999999795,167.38500000000002,603.1669074000001
74.42399999999998,0.00037039200000001105,167.38500000000002,601.1780466
74.47400000000005,1.4819999999998723e-05,166.3914,603.1669074000001
74.524,0.00019260599999999795,166.3914,603.1669074000001
74.57400000000007,0.00019260599999999795,165.39780000000002,603.1669074000001
74.625,-0.00016296600000001438,180.30180000000001,607.1446289999999
74.67399999999998,0.0005481779999999825,301.52099999999996,603.1669074000001
74.72500000000002,-0.00016296600000001438,394.9194,605.1557682
74.774,0.00037039200000001105,356.169,603.1669074000001
74.82400000000007,1.4819999999998723e-05,338.2842,603.1669074000001
74.875,0.0005481779999999825,357.1626,605.1557682
74.92399999999998,0.0009037499999999948,516.1386,601.1780466
74.97500000000002,0.00037039200000001105,553.8954000000001,603.1669074000001
75.024,0.00019260599999999795,496.2666,601.1780466
75.07400000000007,-0.00016296600000001438,485.337,605.1557682
75.125,1.4819999999998723e-05,477.3882,603.1669074000001
75.17399999999998,1.4819999999998723e-05,470.433,603.1669074000001
75.22400000000005,1.4819999999998723e-05,466.4586,605.1557682
75.274,1.4819999999998723e-05,461.4906,603.1669074000001
75.32400000000007,-0.00016296600000001438,457.51619999999997,605.1557682
75.375,0.00019260599999999795,457.51619999999997,603.1669074000001
75.42500000000007,-0.00016296600000001438,453.54179999999997,605.1557682
75.47500000000002,1.4819999999998723e-05,449.56739999999996,605.1557682
75.52499999999998,0.00019260599999999795,445.593,603.1669074000001
75.57500000000005,0.00019260599999999795,440.625,603.1669074000001
75.625,0.00019260599999999795,436.6506,603.1669074000001
75.67500000000007,-0.00016296600000001438,428.7018,605.1557682
75.72500000000002,1.4819999999998723e-05,418.7658,603.1669074000001
75.77499999999998,1.4819999999998723e-05,409.8234,603.1669074000001
75.82500000000005,0.00019260599999999795,392.93219999999997,601.1780466
75.875,-0.00016296600000001438,366.10499999999996,603.1669074000001
75.92500000000007,-0.00016296600000001438,329.3418,605.1557682
75.97500000000002,1.4819999999998723e-05,287.6106,603.1669074000001
76.02499999999998,1.4819999999998723e-05,243.8922,603.1669074000001
76.07500000000005,1.4819999999998723e-05,205.14180000000002,603.1669074000001
76.125,0.00019260599999999795,178.3146,605.1557682
76.17500000000007,-0.00016296600000001438,155.4618,605.1557682
76.22500000000002,1.4819999999998723e-05,145.5258,603.1669074000001
76.27499999999998,0.00019260599999999795,142.54500000000002,601.1780466
76.32500000000005,1.4819999999998723e-05,140.55780000000001,603.1669074000001
76.375,-0.00016296600000001438,141.5514,607.1446289999999
76.42500000000007,1.4819999999998723e-05,143.5386,603.1669074000001
76.47500000000002,0.00019260599999999795,147.513,605.1557682
76.52499999999998,1.4819999999998723e-05,147.513,605.1557682
76.57500000000005,1.4819999999998723e-05,151.4874,605.1557682
76.625,0.00019260599999999795,153.4746,605.1557682
76.67500000000007,0.00037039200000001105,155.4618,603.1669074000001
76.72500000000002,0.00019260599999999795,158.4426,603.1669074000001
76.77499999999998,-0.00016296600000001438,159.4362,605.1557682
76.82500000000005,0.00019260599999999795,161.42340000000002,601.1780466
76.875,1.4819999999998723e-05,163.41060000000002,605.1557682
76.92500000000007,1.4819999999998723e-05,165.39780000000002,603.1669074000001
76.97500000000002,-0.00016296600000001438,165.39780000000002,603.1669074000001
77.02499999999998,-0.00016296600000001438,167.38500000000002,605.1557682
77.07500000000005,-0.00016296600000001438,168.3786,605.1557682
77.125,0.00019260599999999795,169.37220000000002,603.1669074000001
77.17500000000007,0.00019260599999999795,170.3658,605.1557682
77.22500000000002,0.00019260599999999795,171.35940000000002,603.1669074000001
77.27499999999998,-0.0003407520000000136,170.3658,607.1446289999999
77.32500000000005,0.00019260599999999795,171.35940000000002,603.1669074000001
77.375,0.00019260599999999795,171.35940000000002,603.1669074000001
77.42500000000007,1.4819999999998723e-05,170.3658,601.1780466
77.47500000000002,-0.0003407520000000136,169.37220000000002,607.1446289999999
77.52499999999998,0.00019260599999999795,170.3658,603.1669074000001
77.57500000000005,1.4819999999998723e-05,169.37220000000002,603.1669074000001
77.625,0.00037039200000001105,169.37220000000002,603.1669074000001
77.67500000000007,0.00019260599999999795,167.38500000000002,603.1669074000001
77.72500000000002,1.4819999999998723e-05,167.38500000000002,603.1669074000001
77.77499999999998,-0.00016296600000001438,167.38500000000002,601.1780466
77.82500000000005,-0.00016296600000001438,165.39780000000002,603.1669074000001
77.875,1.4819999999998723e-05,163.41060000000002,603.1669074000001
77.92500000000007,-0.00016296600000001438,162.417,603.1669074000001
77.97500000000002,1.4819999999998723e-05,161.42340000000002,603.1669074000001
78.02499999999998,-0.00016296600000001438,158.4426,605.1557682
78.07500000000005,-0.00016296600000001438,160.4298,603.1669074000001
78.125,0.00019260599999999795,159.4362,603.1669074000001
78.17500000000007,0.00019260599999999795,159.4362,605.1557682
78.226,1.4819999999998723e-05,155.4618,605.1557682
78.27600000000007,-0.00016296600000001438,153.4746,601.1780466
78.32500000000005,1.4819999999998723e-05,155.4618,603.1669074000001
78.375,0.00019260599999999795,152.481,603.1669074000001
78.42500000000007,0.00019260599999999795,152.481,601.1780466
78.476,0.00019260599999999795,150.49380000000002,603.1669074000001
78.52600000000007,1.4819999999998723e-05,150.49380000000002,603.1669074000001
78.57600000000002,0.00019260599999999795,149.5002,605.1557682
78.62599999999998,1.4819999999998723e-05,147.513,603.1669074000001
78.67600000000004,-0.00016296600000001438,143.5386,603.1669074000001
78.726,1.4819999999998723e-05,143.5386,599.1891858000001
78.77600000000007,0.00019260599999999795,142.54500000000002,601.1780466
78.82600000000002,0.00019260599999999795,141.5514,603.1669074000001
78.87599999999998,1.4819999999998723e-05,141.5514,603.1669074000001
78.92600000000004,0.00019260599999999795,140.55780000000001,603.1669074000001
78.976,-0.0003407520000000136,138.5706,605.1557682
79.02600000000007,0.00019260599999999795,140.55780000000001,605.1557682
79.07600000000002,-0.00016296600000001438,136.5834,603.1669074000001
79.12599999999998,1.4819999999998723e-05,134.5962,601.1780466
79.17600000000004,0.00019260599999999795,135.5898,601.1780466
79.226,1.4819999999998723e-05,136.5834,605.1557682
79.27600000000007,1.4819999999998723e-05,136.5834,605.1557682
79.32600000000002,0.00019260599999999795,134.5962,603.1669074000001
79.37599999999998,1.4819999999998723e-05,133.6026,603.1669074000001
79.42600000000004,1.4819999999998723e-05,133.6026,603.1669074000001
79.476,1.4819999999998723e-05,133.6026,605.1557682
79.52600000000007,0.00019260599999999795,133.6026,603.1669074000001
79.57600000000002,-0.00016296600000001438,133.6026,603.1669074000001
79.62599999999998,1.4819999999998723e-05,132.609,603.1669074000001
79.67600000000004,0.00037039200000001105,134.5962,603.1669074000001
79.726,-0.00016296600000001438,134.5962,605.1557682
79.77600000000007,0.00019260599999999795,134.5962,603.1669074000001
79.82600000000002,1.4819999999998723e-05,134.5962,603.1669074000001
79.87599999999998,1.4819999999998723e-05,136.5834,605.1557682
79.92600000000004,0.00019260599999999795,137.577,603.1669074000001
79.976,0.00019260599999999795,137.577,603.1669074000001
80.02600000000007,0.00019260599999999795,138.5706,603.1669074000001
80.07600000000002,0.00019260599999999795,139.5642,601.1780466
80.12599999999998,0.00019260599999999795,140.55780000000001,603.1669074000001
80.17600000000004,1.4819999999998723e-05,140.55780000000001,605.1557682
80.226,-0.00016296600000001438,140.55780000000001,603.1669074000001
80.27600000000007,0.00019260599999999795,142.54500000000002,605.1557682
80.32600000000002,1.4819999999998723e-05,142.54500000000002,601.1780466
80.37599999999998,0.00019260599999999795,144.53220000000002,603.1669074000001
80.42600000000004,1.4819999999998723e-05,145.5258,603.1669074000001
80.476,1.4819999999998723e-05,147.513,603.1669074000001
80.52600000000007,0.00019260599999999795,147.513,603.1669074000001
80.57600000000002,-0.00016296600000001438,148.50660000000002,605.1557682
80.62599999999998,0.00019260599999999795,149.5002,603.1669074000001
80.67600000000004,1.4819999999998723e-05,149.5002,601.1780466
80.726,0.00019260599999999795,152.481,603.1669074000001
80.77600000000007,1.4819999999998723e-05,150.49380000000002,603.1669074000001
80.82600000000002,1.4819999999998723e-05,153.4746,605.1557682
80.87599999999998,-0.00016296600000001438,153.4746,605.1557682
80.92600000000004,0.00019260599999999795,155.4618,603.1669074000001
80.976,-0.00016296600000001438,154.4682,603.1669074000001
81.02600000000007,0.00019260599999999795,157.449,605.1557682
81.07600000000002,0.00019260599999999795,157.449,603.1669074000001
81.12599999999998,0.00019260599999999795,158.4426,603.1669074000001
81.17600000000004,0.00019260599999999795,159.4362,603.1669074000001
81.226,0.00019260599999999795,158.4426,603.1669074000001
81.27600000000007,0.00019260599999999795,159.4362,603.1669074000001
81.32600000000002,1.4819999999998723e-05,160.4298,605.1557682
81.37700000000007,-0.00016296600000001438,159.4362,601.1780466
81.42700000000002,0.00019260599999999795,161.42340000000002,603.1669074000001
81.476,0.00019260599999999795,161.42340000000002,605.1557682
81.52600000000007,0.00037039200000001105,163.41060000000002,603.1669074000001
81.57600000000002,1.4819999999998723e-05,162.417,603.1669074000001
81.62700000000007,-0.00016296600000001438,162.417,605.1557682
81.67700000000002,1.4819999999998723e-05,162.417,605.1557682
81.72699999999998,0.00019260599999999795,163.41060000000002,603.1669074000001
81.77700000000004,0.00019260599999999795,163.41060000000002,601.1780466
81.827,0.00037039200000001105,166.3914,601.1780466
81.87700000000007,1.4819999999998723e-05,165.39780000000002,605.1557682
81.92700000000002,-0.0003407520000000136,164.4042,605.1557682
81.97699999999998,0.00019260599999999795,164.4042,603.1669074000001
82.02700000000004,1.4819999999998723e-05,165.39780000000002,605.1557682
82.077,-0.00016296600000001438,163.41060000000002,603.1669074000001
82.12700000000007,0.00019260599999999795,164.4042,601.1780466
82.17700000000002,1.4819999999998723e-05,165.39780000000002,603.1669074000001
82.22699999999998,0.00019260599999999795,166.3914,601.1780466
82.27700000000004,-0.00016296600000001438,164.4042,605.1557682
82.327,-0.00016296600000001438,164.4042,603.1669074000001
82.37700000000007,-0.0003407520000000136,163.41060000000002,603.1669074000001
82.42700000000002,-0.00016296600000001438,163.41060000000002,605.1557682
82.47699999999998,1.4819999999998723e-05,165.39780000000002,605.1557682
82.52700000000004,1.4819999999998723e-05,163.41060000000002,603.1669074000001
82.577,-0.00016296600000001438,163.41060000000002,605.1557682
82.62700000000007,1.4819999999998723e-05,163.41060000000002,603.1669074000001
82.67700000000002,0.00019260599999999795,164.4042,605.1557682
82.72699999999998,-0.0003407520000000136,162.417,603.1669074000001
82.77700000000004,1.4819999999998723e-05,164.4042,605.1557682
82.827,0.00019260599999999795,164.4042,603.1669074000001
82.87700000000007,1.4819999999998723e-05,163.41060000000002,605.1557682
82.92700000000002,0.00019260599999999795,163.41060000000002,603.1669074000001
82.97699999999998,1.4819999999998723e-05,164.4042,603.1669074000001
83.02700000000004,0.00019260599999999795,163.41060000000002,605.1557682
83.077,0.00037039200000001105,163.41060000000002,603.1669074000001
83.12700000000007,1.4819999999998723e-05,161.42340000000002,603.1669074000001
83.17700000000002,1.4819999999998723e-05,163.41060000000002,607.1446289999999
83.22699999999998,0.00019260599999999795,163.41060000000002,603.1669074000001
83.27700000000004,1.4819999999998723e-05,163.41060000000002,603.1669074000001
83.327,0.00019260599999999795,161.42340000000002,603.1669074000001
83.37700000000007,-0.00016296600000001438,161.42340000000002,605.1557682
83.42700000000002,-0.00016296600000001438,161.42340000000002,603.1669074000001
83.47699999999998,1.4819999999998723e-05,162.417,601.1780466
83.52700000000004,1.4819999999998723e-05,160.4298,603.1669074000001
83.577,0.00019260599999999795,161.42340000000002,603.1669074000001
83.62700000000007,1.4819999999998723e-05,162.417,605.1557682
83.67700000000002,-0.00016296600000001438,160.4298,603.1669074000001
83.72699999999998,0.00019260599999999795,160.4298,601.1780466
83.77700000000004,1.4819999999998723e-05,161.42340000000002,603.1669074000001
83.827,0.00019260599999999795,162.417,603.1669074000001
83.87700000000007,1.4819999999998723e-05,160.4298,603.1669074000001
83.92700000000002,1.4819999999998723e-05,159.4362,601.1780466
83.97699999999998,0.00019260599999999795,161.42340000000002,603.1669074000001
84.02700000000004,0.00019260599999999795,162.417,603.1669074000001
84.07799999999997,1.4819999999998723e-05,159.4362,605.1557682
84.12700000000007,0.00019260599999999795,161.42340000000002,599.1891858000001
84.17700000000002,-0.00016296600000001438,159.4362,605.1557682
84.22699999999998,-0.00016296600000001438,160.4298,605.1557682
84.27700000000004,0.00037039200000001105,162.417,601.1780466
84.327,-0.00016296600000001438,161.42340000000002,605.1557682
84.37700000000007,-0.00016296600000001438,160.4298,605.1557682
84.42700000000002,1.4819999999998723e-05,161.42340000000002,603.1669074000001
84.47699999999998,0.00037039200000001105,160.4298,603.1669074000001
84.52800000000002,0.00019260599999999795,163.41060000000002,601.1780466
84.57799999999997,1.4819999999998723e-05,160.4298,603.1669074000001
84.62700000000007,0.00019260599999999795,162.417,603.1669074000001
84.67700000000002,-0.00016296600000001438,161.42340000000002,603.1669074000001
84.72800000000007,1.4819999999998723e-05,160.4298,601.1780466
84.77800000000002,0.00019260599999999795,162.417,603.1669074000001
84.82799999999997,0.00019260599999999795,161.42340000000002,603.1669074000001
84.87800000000004,0.00019260599999999795,161.42340000000002,603.1669074000001
84.928,0.00019260599999999795,163.41060000000002,605.1557682
84.97800000000007,1.4819999999998723e-05,162.417,603.1669074000001
85.02800000000002,1.4819999999998723e-05,160.4298,603.1669074000001
85.07799999999997,0.00019260599999999795,163.41060000000002,603.1669074000001
85.12800000000004,1.4819999999998723e-05,163.41060000000002,603.1669074000001
85.178,1.4819999999998723e-05,162.417,603.1669074000001
85.22800000000007,1.4819999999998723e-05,162.417,605.1557682
85.27800000000002,1.4819999999998723e-05,163.41060000000002,603.1669074000001
85.32799999999997,-0.00016296600000001438,161.42340000000002,603.1669074000001
85.37800000000004,1.4819999999998723e-05,163.41060000000002,603.1669074000001
85.428,0.00019260599999999795,164.4042,601.1780466
85.47800000000007,-0.00016296600000001438,162.417,603.1669074000001
85.52800000000002,0.00037039200000001105,163.41060000000002,601.1780466
85.57799999999997,1.4819999999998723e-05,162.417,603.1669074000001
85.62800000000004,-0.00016296600000001438,163.41060000000002,603.1669074000001
85.678,1.4819999999998723e-05,163.41060000000002,601.1780466
85.72800000000007,0.00019260599999999795,165.39780000000002,603.1669074000001
85.77800000000002,-0.00016296600000001438,164.4042,605.1557682
85.82799999999997,0.00037039200000001105,163.41060000000002,599.1891858000001
85.87800000000004,1.4819999999998723e-05,165.39780000000002,605.1557682
85.928,0.00019260599999999795,166.3914,605.1557682
85.97800000000007,1.4819999999998723e-05,164.4042,603.1669074000001
86.02800000000002,1.4819999999998723e-05,165.39780000000002,605.1557682
86.07799999999997,-0.00016296600000001438,163.41060000000002,601.1780466
86.12800000000004,0.00037039200000001105,165.39780000000002,603.1669074000001
86.178,-0.00016296600000001438,165.39780000000002,605.1557682
86.22800000000007,1.4819999999998723e-05,165.39780000000002,603.1669074000001
86.27800000000002,1.4819999999998723e-05,165.39780000000002,605.1557682
86.32799999999997,0.00019260599999999795,166.3914,605.1557682
86.37800000000004,1.4819999999998723e-05,164.4042,605.1557682
86.428,-0.00016296600000001438,166.3914,605.1557682
86.47800000000007,0.00019260599999999795,162.417,603.1669074000001
86.52800000000002,0.00019260599999999795,165.39780000000002,605.1557682
86.57799999999997,-0.00016296600000001438,164.4042,605.1557682
86.62800000000004,1.4819999999998723e-05,165.39780000000002,605.1557682
86.678,0.00019260599999999795,165.39780000000002,603.1669074000001
86.72800000000007,1.4819999999998723e-05,165.39780000000002,605.1557682
86.77800000000002,0.00019260599999999795,165.39780000000002,603.1669074000001
86.82799999999997,0.00037039200000001105,166.3914,601.1780466
86.87800000000004,-0.00016296600000001438,163.41060000000002,605.1557682
86.928,-0.00016296600000001438,164.4042,603.1669074000001
86.97800000000007,0.00019260599999999795,162.417,603.1669074000001
87.02800000000002,-0.00016296600000001438,163.41060000000002,603.1669074000001
87.07799999999997,-0.0003407520000000136,164.4042,607.1446289999999
87.12800000000004,0.00019260599999999795,164.4042,603.1669074000001
87.178,0.00019260599999999795,165.39780000000002,601.1780466
87.22900000000004,0.00019260599999999795,165.39780000000002,603.1669074000001
87.27800000000002,1.4819999999998723e-05,163.41060000000002,601.1780466
87.32799999999997,1.4819999999998723e-05,164.4042,605.1557682
87.37800000000004,1.4819999999998723e-05,165.39780000000002,605.1557682
87.428,1.4819999999998723e-05,164.4042,605.1557682
87.47800000000007,1.4819999999998723e-05,164.4042,603.1669074000001
87.52800000000002,0.00019260599999999795,164.4042,603.1669074000001
87.57799999999997,-0.00016296600000001438,163.41060000000002,605.1557682
87.62800000000004,0.00019260599999999795,166.3914,603.1669074000001
87.67899999999997,0.00019260599999999795,164.4042,603.1669074000001
87.72900000000004,0.00019260599999999795,164.4042,603.1669074000001
87.77800000000002,1.4819999999998723e-05,165.39780000000002,603.1669074000001
87.82799999999997,1.4819999999998723e-05,165.39780000000002,605.1557682
87.87900000000002,1.4819999999998723e-05,166.3914,603.1669074000001
87.92899999999997,1.4819999999998723e-05,164.4042,605.1557682
87.97900000000004,0.00019260599999999795,164.4042,601.1780466
88.029,1.4819999999998723e-05,163.41060000000002,603.1669074000001
88.07900000000006,0.00019260599999999795,167.38500000000002,605.1557682
88.12900000000002,0.00037039200000001105,164.4042,603.1669074000001
88.17899999999997,0.00019260599999999795,165.39780000000002,603.1669074000001
88.22900000000004,1.4819999999998723e-05,164.4042,603.1669074000001
88.279,-0.00016296600000001438,165.39780000000002,607.1446289999999
88.32900000000006,1.4819999999998723e-05,163.41060000000002,603.1669074000001
88.37900000000002,1.4819999999998723e-05,164.4042,605.1557682
88.42899999999997,1.4819999999998723e-05,163.41060000000002,605.1557682
88.47900000000004,1.4819999999998723e-05,164.4042,603.1669074000001
88.529,1.4819999999998723e-05,164.4042,603.1669074000001
88.57900000000006,-0.00016296600000001438,160.4298,603.1669074000001
88.62900000000002,0.00019260599999999795,165.39780000000002,603.1669074000001
88.67899999999997,1.4819999999998723e-05,163.41060000000002,605.1557682
88.72900000000004,-0.00016296600000001438,163.41060000000002,605.1557682
88.779,0.00019260599999999795,163.41060000000002,603.1669074000001
88.82900000000006,1.4819999999998723e-05,164.4042,603.1669074000001
88.87900000000002,1.4819999999998723e-05,164.4042,605.1557682
88.92899999999997,-0.0003407520000000136,163.41060000000002,605.1557682
88.97900000000004,1.4819999999998723e-05,165.39780000000002,605.1557682
89.029,0.00037039200000001105,165.39780000000002,605.1557682
89.07900000000006,-0.0003407520000000136,163.41060000000002,605.1557682
89.12900000000002,0.0005481779999999825,165.39780000000002,601.1780466
89.17899999999997,1.4819999999998723e-05,164.4042,605.1557682
89.22900000000004,0.00037039200000001105,165.39780000000002,601.1780466
89.279,1.4819999999998723e-05,165.39780000000002,605.1557682
89.32900000000006,0.00019260599999999795,165.39780000000002,607.1446289999999
89.37900000000002,1.4819999999998723e-05,165.39780000000002,605.1557682
89.42899999999997,0.00019260599999999795,166.3914,603.1669074000001
89.47900000000004,1.4819999999998723e-05,164.4042,607.1446289999999
89.529,1.4819999999998723e-05,162.417,603.1669074000001
89.57900000000006,1.4819999999998723e-05,164.4042,603.1669074000001
89.62900000000002,1.4819999999998723e-05,166.3914,603.1669074000001
89.67899999999997,1.4819999999998723e-05,164.4042,603.1669074000001
89.72900000000004,0.00019260599999999795,164.4042,601.1780466
89.779,0.00037039200000001105,166.3914,603.1669074000001
89.82900000000006,0.00037039200000001105,166.3914,601.1780466
89.87900000000002,0.00019260599999999795,165.39780000000002,605.1557682
89.92899999999997,0.00019260599999999795,162.417,603.1669074000001
89.97900000000004,1.4819999999998723e-05,163.41060000000002,603.1669074000001
90.029,0.00019260599999999795,165.39780000000002,603.1669074000001
90.07900000000006,1.4819999999998723e-05,164.4042,603.1669074000001
90.12900000000002,1.4819999999998723e-05,164.4042,605.1557682
90.17899999999997,-0.00016296600000001438,164.4042,603.1669074000001
90.22900000000004,-0.00016296600000001438,164.4042,603.1669074000001
90.279,0.00019260599999999795,165.39780000000002,603.1669074000001
90.32900000000006,-0.00016296600000001438,164.4042,605.1557682
90.37900000000002,1.4819999999998723e-05,163.41060000000002,603.1669074000001
90.42899999999997,-0.00016296600000001438,161.42340000000002,603.1669074000001
90.47900000000004,1.4819999999998723e-05,166.3914,605.1557682
90.529,0.00019260599999999795,164.4042,603.1669074000001
90.57900000000006,1.4819999999998723e-05,165.39780000000002,605.1557682
90.62900000000002,1.4819999999998723e-05,164.4042,603.1669074000001
90.67899999999997,0.00019260599999999795,167.38500000000002,607.1446289999999
90.72900000000004,-0.00016296600000001438,164.4042,603.1669074000001
90.779,0.00019260599999999795,165.39780000000002,603.1669074000001
90.83000000000004,1.4819999999998723e-05,166.3914,603.1669074000001
90.88,0.00037039200000001105,166.3914,603.1669074000001
90.92899999999997,0.00019260599999999795,166.3914,603.1669074000001
90.98000000000002,1.4819999999998723e-05,165.39780000000002,603.1669074000001
91.02999999999997,1.4819999999998723e-05,165.39780000000002,603.1669074000001
91.08000000000004,0.00019260599999999795,166.3914,603.1669074000001
91.13,0.00019260599999999795,165.39780000000002,603.1669074000001
91.18000000000006,1.4819999999998723e-05,166.3914,603.1669074000001
91.23000000000002,0.00019260599999999795,166.3914,603.1669074000001
91.27999999999997,1.4819999999998723e-05,166.3914,603.1669074000001
91.33000000000004,-0.0003407520000000136,163.41060000000002,603.1669074000001
91.38,0.00037039200000001105,166.3914,603.1669074000001
91.43000000000006,1.4819999999998723e-05,167.38500000000002,603.1669074000001
91.48000000000002,0.00019260599999999795,164.4042,603.1669074000001
91.52999999999997,-0.00016296600000001438,163.41060000000002,603.1669074000001
91.58000000000004,0.00019260599999999795,166.3914,603.1669074000001
91.63,0.00019260599999999795,165.39780000000002,601.1780466
91.68000000000006,1.4819999999998723e-05,164.4042,605.1557682
91.73000000000002,0.00019260599999999795,165.39780000000002,601.1780466
91.77999999999997,0.00019260599999999795,165.39780000000002,603.1669074000001
91.83000000000004,0.00037039200000001105,164.4042,601.1780466
91.88,1.4819999999998723e-05,164.4042,603.1669074000001
91.93000000000006,0.00037039200000001105,165.39780000000002,601.1780466
91.98000000000002,1.4819999999998723e-05,165.39780000000002,601.1780466
92.02999999999997,0.00019260599999999795,164.4042,601.1780466
92.08000000000004,0.00019260599999999795,164.4042,601.1780466
92.13,-0.00016296600000001438,162.417,603.1669074000001
92.18000000000006,1.4819999999998723e-05,164.4042,605.1557682
92.23000000000002,-0.00016296600000001438,164.4042,603.1669074000001
92.27999999999997,0.00037039200000001105,165.39780000000002,603.1669074000001
92.33000000000004,-0.0003407520000000136,164.4042,605.1557682
92.38,0.00019260599999999795,165.39780000000002,603.1669074000001
92.43000000000006,1.4819999999998723e-05,165.39780000000002,603.1669074000001
92.48000000000002,-0.0003407520000000136,165.39780000000002,605.1557682
92.52999999999997,0.00019260599999999795,166.3914,603.1669074000001
92.58000000000004,0.00019260599999999795,164.4042,603.1669074000001
92.63,1.4819999999998723e-05,165.39780000000002,605.1557682
92.68000000000006,1.4819999999998723e-05,165.39780000000002,603.1669074000001
92.73000000000002,1.4819999999998723e-05,164.4042,603.1669074000001
92.77999999999997,1.4819999999998723e-05,165.39780000000002,603.1669074000001
92.83000000000004,-0.00016296600000001438,163.41060000000002,605.1557682
92.88,1.4819999999998723e-05,166.3914,603.1669074000001
92.93000000000006,0.0005481779999999825,166.3914,601.1780466
92.98000000000002,0.00019260599999999795,166.3914,603.1669074000001
93.02999999999997,1.4819999999998723e-05,164.4042,603.1669074000001
93.08000000000004,-0.00016296600000001438,165.39780000000002,603.1669074000001
93.13,-0.00016296600000001438,164.4042,603.1669074000001
93.18000000000006,0.00019260599999999795,164.4042,603.1669074000001
93.23000000000002,1.4819999999998723e-05,163.41060000000002,603.1669074000001
93.27999999999997,1.4819999999998723e-05,165.39780000000002,603.1669074000001
93.33000000000004,1.4819999999998723e-05,163.41060000000002,603.1669074000001
93.38,0.00019260599999999795,165.39780000000002,603.1669074000001
93.43000000000006,1.4819999999998723e-05,164.4042,603.1669074000001
93.48000000000002,-0.0003407520000000136,165.39780000000002,605.1557682
93.53100000000006,-0.00016296600000001438,163.41060000000002,601.1780466
93.58000000000004,1.4819999999998723e-05,164.4042,603.1669074000001
93.63,1.4819999999998723e-05,164.4042,603.1669074000001
93.68000000000006,0.00019260599999999795,166.3914,603.1669074000001
93.73000000000002,1.4819999999998723e-05,164.4042,601.1780466
93.77999999999997,1.4819999999998723e-05,164.4042,605.1557682
93.83000000000004,1.4819999999998723e-05,165.39780000000002,601.1780466
93.88,1.4819999999998723e-05,164.4042,601.1780466
93.93000000000006,0.00019260599999999795,165.39780000000002,603.1669074000001
93.981,-0.00016296600000001438,164.4042,607.1446289999999
94.03100000000006,1.4819999999998723e-05,165.39780000000002,603.1669074000001
94.08000000000004,1.4819999999998723e-05,164.4042,603.1669074000001
94.13099999999997,0.00037039200000001105,166.3914,601.1780466
94.18100000000004,0.00019260599999999795,164.4042,601.1780466
94.231,1.4819999999998723e-05,164.4042,605.1557682
94.28100000000006,1.4819999999998723e-05,164.4042,603.1669074000001
94.33100000000002,0.00019260599999999795,166.3914,601.1780466
94.38099999999997,1.4819999999998723e-05,165.39780000000002,605.1557682
94.43100000000004,0.00019260599999999795,166.3914,603.1669074000001
94.481,0.00019260599999999795,164.4042,603.1669074000001
94.53100000000006,-0.00016296600000001438,164.4042,605.1557682
94.58100000000002,1.4819999999998723e-05,164.4042,603.1669074000001
94.63099999999997,-0.00016296600000001438,166.3914,603.1669074000001
94.68100000000004,0.00019260599999999795,166.3914,601.1780466
94.731,1.4819999999998723e-05,165.39780000000002,603.1669074000001
94.78100000000006,1.4819999999998723e-05,163.41060000000002,601.1780466
94.83100000000002,0.00037039200000001105,166.3914,603.1669074000001
94.88099999999997,-0.00016296600000001438,163.41060000000002,603.1669074000001
94.93100000000004,1.4819999999998723e-05,164.4042,605.1557682
94.981,0.00037039200000001105,166.3914,603.1669074000001
95.03100000000006,1.4819999999998723e-05,165.39780000000002,603.1669074000001
95.08100000000002,0.00037039200000001105,166.3914,601.1780466
95.13099999999997,0.00019260599999999795,166.3914,603.1669074000001
95.18100000000004,1.4819999999998723e-05,167.38500000000002,605.1557682
95.231,0.00019260599999999795,167.38500000000002,601.1780466
95.28100000000006,0.00037039200000001105,166.3914,603.1669074000001
95.33100000000002,-0.00016296600000001438,165.39780000000002,603.1669074000001
95.38099999999997,0.00019260599999999795,167.38500000000002,603.1669074000001
95.43100000000004,1.4819999999998723e-05,165.39780000000002,603.1669074000001
95.481,0.00019260599999999795,166.3914,603.1669074000001
95.53100000000006,1.4819999999998723e-05,165.39780000000002,603.1669074000001
95.58100000000002,1.4819999999998723e-05,166.3914,605.1557682
95.63099999999997,0.00037039200000001105,166.3914,601.1780466
95.68100000000004,1.4819999999998723e-05,166.3914,605.1557682
95.731,0.00019260599999999795,167.38500000000002,603.1669074000001
95.78100000000006,-0.00016296600000001438,163.41060000000002,605.1557682
95.83100000000002,0.0005481779999999825,166.3914,601.1780466
95.88099999999997,0.00037039200000001105,166.3914,601.1780466
95.93100000000004,0.00019260599999999795,165.39780000000002,605.1557682
95.981,-0.00016296600000001438,164.4042,603.1669074000001
96.03100000000006,-0.00016296600000001438,166.3914,605.1557682
96.08100000000002,0.00037039200000001105,164.4042,599.1891858000001
96.13099999999997,0.00037039200000001105,167.38500000000002,603.1669074000001
96.18100000000004,0.00019260599999999795,165.39780000000002,601.1780466
96.231,0.00037039200000001105,165.39780000000002,601.1780466
96.28100000000006,1.4819999999998723e-05,163.41060000000002,603.1669074000001
96.33100000000002,1.4819999999998723e-05,165.39780000000002,603.1669074000001
96.38099999999997,0.00037039200000001105,163.41060000000002,601.1780466
96.43100000000004,0.00019260599999999795,165.39780000000002,603.1669074000001
96.481,0.00019260599999999795,165.39780000000002,605.1557682
96.53100000000006,0.00019260599999999795,165.39780000000002,603.1669074000001
96.58100000000002,1.4819999999998723e-05,165.39780000000002,605.1557682
96.63099999999997,0.00019260599999999795,166.3914,603.1669074000001
96.68200000000002,-0.0003407520000000136,163.41060000000002,605.1557682
96.731,1.4819999999998723e-05,164.4042,603.1669074000001
96.78100000000006,0.00019260599999999795,165.39780000000002,603.1669074000001
96.83100000000002,1.4819999999998723e-05,164.4042,603.1669074000001
96.88099999999997,1.4819999999998723e-05,167.38500000000002,605.1557682
96.93100000000004,0.00019260599999999795,164.4042,603.1669074000001
96.981,0.00019260599999999795,165.39780000000002,603.1669074000001
97.03100000000006,1.4819999999998723e-05,166.3914,603.1669074000001
97.08100000000002,0.00019260599999999795,165.39780000000002,603.1669074000001
97.13200000000006,-0.00016296600000001438,165.39780000000002,605.1557682
97.18200000000002,1.4819999999998723e-05,165.39780000000002,603.1669074000001
97.23199999999997,1.4819999999998723e-05,166.3914,605.1557682
97.28200000000004,0.00019260599999999795,165.39780000000002,601.1780466
97.332,0.00019260599999999795,165.39780000000002,605.1557682
97.38200000000006,0.00019260599999999795,165.39780000000002,605.1557682
97.43200000000002,1.4819999999998723e-05,165.39780000000002,605.1557682
97.48199999999997,0.00019260599999999795,165.39780000000002,601.1780466
97.53200000000004,0.00037039200000001105,165.39780000000002,603.1669074000001
97.582,1.4819999999998723e-05,165.39780000000002,605.1557682
97.63200000000006,1.4819999999998723e-05,164.4042,603.1669074000001
97.68200000000002,0.00019260599999999795,166.3914,603.1669074000001
97.73199999999997,0.00019260599999999795,166.3914,601.1780466
97.78200000000004,0.00037039200000001105,166.3914,601.1780466
97.832,0.00019260599999999795,166.3914,605.1557682
97.88200000000006,0.00019260599999999795,165.39780000000002,603.1669074000001
97.93200000000002,0.00019260599999999795,165.39780000000002,603.1669074000001
97.98199999999997,-0.0003407520000000136,165.39780000000002,605.1557682
98.03200000000004,-0.00016296600000001438,163.41060000000002,603.1669074000001
98.082,1.4819999999998723e-05,166.3914,605.1557682
98.13200000000006,-0.00016296600000001438,165.39780000000002,605.1557682
98.18200000000002,0.00019260599999999795,165.39780000000002,601.1780466
98.23199999999997,0.00019260599999999795,165.39780000000002,603.1669074000001
98.28200000000004,0.00037039200000001105,164.4042,601.1780466
98.332,0.00019260599999999795,165.39780000000002,601.1780466
98.38200000000006,0.00019260599999999795,166.3914,603.1669074000001
98.43200000000002,0.00019260599999999795,166.3914,603.1669074000001
98.48199999999997,0.00037039200000001105,165.39780000000002,601.1780466
98.53200000000004,-0.00016296600000001438,165.39780000000002,605.1557682
98.582,0.00019260599999999795,165.39780000000002,601.1780466
98.63200000000006,0.00019260599999999795,165.39780000000002,605.1557682
98.68200000000002,1.4819999999998723e-05,166.3914,603.1669074000001
98.73199999999997,0.00019260599999999795,165.39780000000002,601.1780466
98.78200000000004,-0.00016296600000001438,163.41060000000002,605.1557682
98.832,1.4819999999998723e-05,165.39780000000002,605.1557682
98.88200000000006,-0.00016296600000001438,165.39780000000002,605.1557682
98.93200000000002,0.00019260599999999795,164.4042,603.1669074000001
98.98199999999997,0.00019260599999999795,166.3914,603.1669074000001
99.03200000000004,0.00019260599999999795,164.4042,603.1669074000001
99.082,0.00019260599999999795,166.3914,605.1557682
99.13200000000006,0.00037039200000001105,165.39780000000002,601.1780466
99.18200000000002,1.4819999999998723e-05,166.3914,603.1669074000001
99.23199999999997,0.00037039200000001105,166.3914,601.1780466
99.28200000000004,0.00019260599999999795,166.3914,603.1669074000001
99.332,0.00019260599999999795,166.3914,605.1557682
99.38200000000006,0.00019260599999999795,166.3914,601.1780466
99.43200000000002,0.00019260599999999795,167.38500000000002,605.1557682
99.48199999999997,1.4819999999998723e-05,164.4042,603.1669074000001
99.53200000000004,1.4819999999998723e-05,164.4042,601.1780466
99.582,0.00019260599999999795,166.3914,603.1669074000001
99.63200000000006,0.00019260599999999795,166.3914,603.1669074000001
99.68200000000002,1.4819999999998723e-05,164.4042,603.1669074000001
99.73199999999997,-0.00016296600000001438,165.39780000000002,603.1669074000001
99.78300000000002,-0.00016296600000001438,165.39780000000002,605.1557682
99.832,0.00019260599999999795,163.41060000000002,601.1780466
99.88200000000006,1.4819999999998723e-05,165.39780000000002,605.1557682
99.93200000000002,-0.0003407520000000136,165.39780000000002,607.1446289999999
99.98199999999997,0.00037039200000001105,166.3914,603.1669074000001
100.03200000000004,1.4819999999998723e-05,166.3914,603.1669074000001
100.082,0.00037039200000001105,164.4042,603.1669074000001
100.13200000000006,1.4819999999998723e-05,166.3914,605.1557682
100.18200000000002,0.00019260599999999795,167.38500000000002,603.1669074000001
100.23300000000006,1.4819999999998723e-05,165.39780000000002,603.1669074000001
100.28300000000002,1.4819999999998723e-05,164.4042,601.1780466
100.332,0.00037039200000001105,166.3914,603.1669074000001
100.38300000000004,0.00037039200000001105,165.39780000000002,601.1780466
100.43299999999999,1.4819999999998723e-05,166.3914,603.1669074000001
100.48300000000006,0.00019260599999999795,165.39780000000002,603.1669074000001
100.53300000000002,0.00037039200000001105,166.3914,603.1669074000001
100.58299999999997,1.4819999999998723e-05,163.41060000000002,603.1669074000001
100.63300000000004,0.00037039200000001105,165.39780000000002,603.1669074000001
100.68299999999999,0.00019260599999999795,166.3914,603.1669074000001
100.73300000000006,0.00019260599999999795,165.39780000000002,605.1557682
100.78300000000002,0.00019260599999999795,165.39780000000002,603.1669074000001
100.83299999999997,0.00037039200000001105,167.38500000000002,603.1669074000001
100.88300000000004,1.4819999999998723e-05,165.39780000000002,603.1669074000001
100.93299999999999,0.00019260599999999795,166.3914,603.1669074000001
100.98300000000006,1.4819999999998723e-05,165.39780000000002,603.1669074000001
101.03300000000002,0.00019260599999999795,167.38500000000002,603.1669074000001
101.08299999999997,1.4819999999998723e-05,165.39780000000002,605.1557682
101.13300000000004,0.00037039200000001105,167.38500000000002,601.1780466
101.18299999999999,1.4819999999998723e-05,166.3914,605.1557682
101.23300000000006,-0.00016296600000001438,165.39780000000002,603.1669074000001
101.28300000000002,0.00019260599999999795,165.39780000000002,605.1557682
101.33299999999997,1.4819999999998723e-05,164.4042,603.1669074000001
101.38300000000004,1.4819999999998723e-05,164.4042,601.1780466
101.43299999999999,-0.0003407520000000136,165.39780000000002,607.1446289999999
101.48300000000006,-0.00016296600000001438,163.41060000000002,605.1557682
101.53300000000002,1.4819999999998723e-05,165.39780000000002,605.1557682
101.58299999999997,1.4819999999998723e-05,164.4042,603.1669074000001
101.63300000000004,0.00019260599999999795,165.39780000000002,603.1669074000001
101.68299999999999,0.00037039200000001105,165.39780000000002,603.1669074000001
101.73300000000006,1.4819999999998723e-05,165.39780000000002,605.1557682
101.78300000000002,0.00019260599999999795,165.39780000000002,603.1669074000001
101.83299999999997,1.4819999999998723e-05,166.3914,605.1557682
101.88300000000004,1.4819999999998723e-05,165.39780000000002,601.1780466
101.93299999999999,0.00037039200000001105,166.3914,601.1780466
101.98300000000006,0.00019260599999999795,165.39780000000002,603.1669074000001
102.03300000000002,1.4819999999998723e-05,165.39780000000002,603.1669074000001
102.08299999999997,0.00037039200000001105,165.39780000000002,601.1780466
102.13300000000004,0.00037039200000001105,165.39780000000002,603.1669074000001
102.18299999999999,1.4819999999998723e-05,165.39780000000002,603.1669074000001
102.23300000000006,0.00019260599999999795,165.39780000000002,603.1669074000001
102.28300000000002,1.4819999999998723e-05,163.41060000000002,603.1669074000001
102.33299999999997,0.00019260599999999795,165.39780000000002,603.1669074000001
102.38300000000004,0.00019260599999999795,165.39780000000002,603.1669074000001
102.43299999999999,1.4819999999998723e-05,164.4042,603.1669074000001
102.48300000000006,1.4819999999998723e-05,166.3914,605.1557682
102.53300000000002,0.00019260599999999795,165.39780000000002,601.1780466
102.58299999999997,0.00019260599999999795,165.39780000000002,601.1780466
102.63300000000004,0.00019260599999999795,166.3914,601.1780466
102.68299999999999,0.00019260599999999795,165.39780000000002,601.1780466
102.73300000000006,1.4819999999998723e-05,163.41060000000002,601.1780466
102.78300000000002,1.4819999999998723e-05,166.3914,605.1557682
102.83299999999997,1.4819999999998723e-05,164.4042,601.1780466
102.88300000000004,-0.00016296600000001438,166.3914,605.1557682
102.93299999999999,0.00019260599999999795,165.39780000000002,603.1669074000001
102.98300000000006,0.00037039200000001105,163.41060000000002,599.1891858000001
103.03300000000002,0.00019260599999999795,165.39780000000002,605.1557682
103.08299999999997,0.0005481779999999825,166.3914,599.1891858000001
103.13300000000004,0.00019260599999999795,167.38500000000002,603.1669074000001
103.18299999999999,0.00019260599999999795,165.39780000000002,603.1669074000001
103.23300000000006,0.00019260599999999795,165.39780000000002,603.1669074000001
103.28300000000002,0.00019260599999999795,166.3914,603.1669074000001
103.33299999999997,0.00019260599999999795,165.39780000000002,603.1669074000001
103.38400000000001,-0.00016296600000001438,164.4042,605.1557682
103.43399999999997,0.00037039200000001105,166.3914,603.1669074000001
103.48400000000004,-0.00016296600000001438,166.3914,607.1446289999999
103.53399999999999,0.00019260599999999795,167.38500000000002,605.1557682
103.58400000000006,1.4819999999998723e-05,166.3914,603.1669074000001
103.63400000000001,1.4819999999998723e-05,164.4042,605.1557682
103.68399999999997,0.00019260599999999795,164.4042,603.1669074000001
103.73400000000004,0.00019260599999999795,165.39780000000002,603.1669074000001
103.78399999999999,-0.00016296600000001438,165.39780000000002,603.1669074000001
103.83400000000006,1.4819999999998723e-05,165.39780000000002,603.1669074000001
103.88400000000001,0.00019260599999999795,165.39780000000002,601.1780466
103.93399999999997,0.00037039200000001105,165.39780000000002,603.1669074000001
103.98400000000004,1.4819999999998723e-05,164.4042,603.1669074000001
104.03399999999999,0.00019260599999999795,166.3914,605.1557682
104.08400000000006,1.4819999999998723e-05,165.39780000000002,603.1669074000001
104.13400000000001,-0.00016296600000001438,164.4042,605.1557682
104.18399999999997,0.00037039200000001105,166.3914,603.1669074000001
104.23400000000004,0.0005481779999999825,165.39780000000002,601.1780466
104.28399999999999,0.00019260599999999795,164.4042,603.1669074000001
104.33400000000006,-0.00016296600000001438,165.39780000000002,605.1557682
104.38400000000001,0.00019260599999999795,166.3914,603.1669074000001
104.43399999999997,0.00019260599999999795,166.3914,603.1669074000001
104.48400000000004,1.4819999999998723e-05,164.4042,603.1669074000001
104.53399999999999,-0.00016296600000001438,165.39780000000002,603.1669074000001
104.58400000000006,1.4819999999998723e-05,166.3914,605.1557682
104.63400000000001,0.00019260599999999795,165.39780000000002,603.1669074000001
104.68399999999997,1.4819999999998723e-05,165.39780000000002,603.1669074000001
104.73400000000004,1.4819999999998723e-05,165.39780000000002,605.1557682
104.78399999999999,0.00019260599999999795,164.4042,603.1669074000001
104.83400000000006,0.00019260599999999795,165.39780000000002,603.1669074000001
104.88400000000001,0.00019260599999999795,165.39780000000002,603.1669074000001
104.93399999999997,0.00019260599999999795,165.39780000000002,603.1669074000001
104.98400000000004,0.00037039200000001105,166.3914,603.1669074000001
105.03399999999999,0.00019260599999999795,163.41060000000002,603.1669074000001
105.08400000000006,0.00019260599999999795,165.39780000000002,605.1557682
105.13400000000001,1.4819999999998723e-05,165.39780000000002,603.1669074000001
105.18399999999997,0.00019260599999999795,164.4042,601.1780466
105.23400000000004,-0.00016296600000001438,163.41060000000002,603.1669074000001
105.28399999999999,1.4819999999998723e-05,164.4042,603.1669074000001
105.33400000000006,1.4819999999998723e-05,165.39780000000002,605.1557682
105.38400000000001,1.4819999999998723e-05,165.39780000000002,603.1669074000001
105.43399999999997,1.4819999999998723e-05,165.39780000000002,605.1557682
105.48400000000004,0.00019260599999999795,165.39780000000002,603.1669074000001
105.53399999999999,1.4819999999998723e-05,166.3914,605.1557682
105.58400000000006,0.00019260599999999795,166.3914,603.1669074000001
105.63400000000001,1.4819999999998723e-05,165.39780000000002,603.1669074000001
105.68399999999997,1.4819999999998723e-05,166.3914,605.1557682
105.73400000000004,0.00037039200000001105,166.3914,603.1669074000001
105.78399999999999,1.4819999999998723e-05,166.3914,605.1557682
105.83400000000006,1.4819999999998723e-05,165.39780000000002,603.1669074000001
105.88400000000001,0.00019260599999999795,165.39780000000002,603.1669074000001
105.93399999999997,0.00037039200000001105,166.3914,601.1780466
105.98400000000004,1.4819999999998723e-05,166.3914,605.1557682
106.03399999999999,1.4819999999998723e-05,164.4042,603.1669074000001
106.08500000000004,0.00019260599999999795,165.39780000000002,603.1669074000001
106.13499999999999,0.00019260599999999795,165.39780000000002,603.1669074000001
106.18399999999997,-0.00016296600000001438,166.3914,605.1557682
106.23400000000004,0.00019260599999999795,166.3914,603.1669074000001
106.28399999999999,1.4819999999998723e-05,164.4042,603.1669074000001
106.33400000000006,1.4819999999998723e-05,166.3914,603.1669074000001
106.38400000000001,1.4819999999998723e-05,165.39780000000002,603.1669074000001
106.43399999999997,-0.00016296600000001438,164.4042,603.1669074000001
106.48400000000004,1.4819999999998723e-05,165.39780000000002,603.1669074000001
106.53499999999997,0.00037039200000001105,168.3786,601.1780466
106.58500000000004,-0.00016296600000001438,165.39780000000002,603.1669074000001
106.63499999999999,0.00019260599999999795,165.39780000000002,603.1669074000001
106.68500000000006,1.4819999999998723e-05,167.38500000000002,603.1669074000001
106.73500000000001,-0.00016296600000001438,164.4042,605.1557682
106.78499999999997,0.00019260599999999795,167.38500000000002,603.1669074000001
106.83500000000004,1.4819999999998723e-05,165.39780000000002,603.1669074000001
106.88499999999999,-0.00016296600000001438,165.39780000000002,603.1669074000001
106.93500000000006,0.00019260599999999795,165.39780000000002,605.1557682
106.98500000000001,0.00037039200000001105,165.39780000000002,603.1669074000001
107.03499999999997,0.00037039200000001105,165.39780000000002,603.1669074000001
107.08500000000004,0.00019260599999999795,166.3914,603.1669074000001
107.13499999999999,0.00037039200000001105,166.3914,603.1669074000001
107.18500000000006,1.4819999999998723e-05,164.4042,603.1669074000001
107.23500000000001,0.00019260599999999795,165.39780000000002,603.1669074000001
107.28499999999997,-0.00016296600000001438,165.39780000000002,605.1557682
107.33500000000004,1.4819999999998723e-05,166.3914,603.1669074000001
107.38499999999999,0.00019260599999999795,165.39780000000002,603.1669074000001
107.43500000000006,0.00037039200000001105,167.38500000000002,605.1557682
107.48500000000001,-0.00016296600000001438,164.4042,603.1669074000001
107.53499999999997,1.4819999999998723e-05,166.3914,603.1669074000001
107.58500000000004,1.4819999999998723e-05,165.39780000000002,603.1669074000001
107.63499999999999,0.00019260599999999795,166.3914,603.1669074000001
107.68500000000006,0.00037039200000001105,166.3914,601.1780466
107.73500000000001,1.4819999999998723e-05,166.3914,603.1669074000001
107.78499999999997,0.00019260599999999795,164.4042,601.1780466
107.83500000000004,0.00037039200000001105,165.39780000000002,601.1780466
107.88499999999999,1.4819999999998723e-05,166.3914,603.1669074000001
107.93500000000006,1.4819999999998723e-05,164.4042,601.1780466
107.98500000000001,-0.00016296600000001438,166.3914,605.1557682
108.03499999999997,0.00019260599999999795,165.39780000000002,601.1780466
108.08500000000004,0.00019260599999999795,166.3914,603.1669074000001
108.13499999999999,1.4819999999998723e-05,165.39780000000002,603.1669074000001
108.18500000000006,1.4819999999998723e-05,165.39780000000002,601.1780466
108.23500000000001,-0.00016296600000001438,165.39780000000002,603.1669074000001
108.28499999999997,1.4819999999998723e-05,165.39780000000002,605.1557682
108.33500000000004,1.4819999999998723e-05,166.3914,605.1557682
108.38499999999999,-0.00016296600000001438,164.4042,605.1557682
108.43500000000006,0.00019260599999999795,166.3914,603.1669074000001
108.48500000000001,0.00019260599999999795,166.3914,603.1669074000001
108.53499999999997,0.00019260599999999795,165.39780000000002,601.1780466
108.58500000000004,1.4819999999998723e-05,164.4042,605.1557682
108.63499999999999,0.00019260599999999795,166.3914,603.1669074000001
108.68500000000006,1.4819999999998723e-05,163.41060000000002,603.1669074000001
108.73500000000001,0.00037039200000001105,167.38500000000002,603.1669074000001
108.78499999999997,1.4819999999998723e-05,165.39780000000002,605.1557682
108.83500000000004,-0.00016296600000001438,164.4042,605.1557682
108.88499999999999,0.00019260599999999795,166.3914,603.1669074000001
108.93500000000006,0.00019260599999999795,166.3914,601.1780466
108.98500000000001,0.00019260599999999795,166.3914,603.1669074000001
109.03499999999997,0.00019260599999999795,165.39780000000002,601.1780466
109.08500000000004,1.4819999999998723e-05,166.3914,603.1669074000001
109.13499999999999,0.00019260599999999795,165.39780000000002,603.1669074000001
109.18500000000006,1.4819999999998723e-05,165.39780000000002,603.1669074000001
109.23599999999999,0.00019260599999999795,166.3914,601.1780466
109.28600000000006,0.00019260599999999795,164.4042,605.1557682
109.33500000000004,0.00037039200000001105,166.3914,603.1669074000001
109.38499999999999,0.00019260599999999795,164.4042,599.1891858000001
109.43500000000006,0.00037039200000001105,165.39780000000002,601.1780466
109.48500000000001,1.4819999999998723e-05,166.3914,601.1780466
109.53499999999997,0.00019260599999999795,165.39780000000002,605.1557682
109.58500000000004,1.4819999999998723e-05,166.3914,603.1669074000001
109.63499999999999,0.00037039200000001105,166.3914,603.1669074000001
109.68600000000004,1.4819999999998723e-05,163.41060000000002,601.1780466
109.73599999999999,1.4819999999998723e-05,166.3914,603.1669074000001
109.78600000000006,0.00019260599999999795,167.38500000000002,601.1780466
109.83600000000001,0.00019260599999999795,164.4042,601.1780466
109.88599999999997,1.4819999999998723e-05,165.39780000000002,607.1446289999999
109.93600000000004,1.4819999999998723e-05,164.4042,603.1669074000001
109.98599999999999,0.00019260599999999795,166.3914,601.1780466
110.03600000000006,0.00019260599999999795,165.39780000000002,603.1669074000001
110.08600000000001,1.4819999999998723e-05,165.39780000000002,605.1557682
110.13599999999997,0.00019260599999999795,165.39780000000002,603.1669074000001
110.18600000000004,-0.00016296600000001438,165.39780000000002,603.1669074000001
110.23599999999999,1.4819999999998723e-05,165.39780000000002,603.1669074000001
110.28600000000006,0.00019260599999999795,166.3914,603.1669074000001
110.33600000000001,1.4819999999998723e-05,166.3914,603.1669074000001
110.38599999999997,0.00019260599999999795,163.41060000000002,601.1780466
110.43600000000004,0.00019260599999999795,165.39780000000002,603.1669074000001
110.48599999999999,-0.00016296600000001438,165.39780000000002,603.1669074000001
110.53600000000006,0.00019260599999999795,164.4042,601.1780466
110.58600000000001,0.00019260599999999795,167.38500000000002,601.1780466
110.63599999999997,1.4819999999998723e-05,164.4042,603.1669074000001
110.68600000000004,1.4819999999998723e-05,164.4042,603.1669074000001
110.73599999999999,0.00019260599999999795,166.3914,605.1557682
110.78600000000006,1.4819999999998723e-05,164.4042,603.1669074000001
110.83600000000001,-0.00016296600000001438,165.39780000000002,605.1557682
110.88599999999997,1.4819999999998723e-05,165.39780000000002,603.1669074000001
110.93600000000004,-0.00016296600000001438,165.39780000000002,605.1557682
110.98599999999999,1.4819999999998723e-05,164.4042,605.1557682
111.03600000000006,-0.00016296600000001438,164.4042,603.1669074000001
111.08600000000001,1.4819999999998723e-05,164.4042,601.1780466
111.13599999999997,1.4819999999998723e-05,165.39780000000002,603.1669074000001
111.18600000000004,1.4819999999998723e-05,165.39780000000002,603.1669074000001
111.23599999999999,0.00019260599999999795,165.39780000000002,603.1669074000001
111.28600000000006,-0.00016296600000001438,166.3914,605.1557682
111.33600000000001,1.4819999999998723e-05,165.39780000000002,605.1557682
111.38599999999997,0.00037039200000001105,166.3914,601.1780466
111.43600000000004,0.00019260599999999795,165.39780000000002,603.1669074000001
111.48599999999999,0.00019260599999999795,166.3914,603.1669074000001
111.53600000000006,0.00019260599999999795,167.38500000000002,603.1669074000001
111.58600000000001,0.00019260599999999795,165.39780000000002,603.1669074000001
111.63599999999997,0.00019260599999999795,166.3914,605.1557682
111.68600000000004,1.4819999999998723e-05,166.3914,603.1669074000001
111.73599999999999,0.00019260599999999795,166.3914,601.1780466
111.78600000000006,1.4819999999998723e-05,164.4042,607.1446289999999
111.83600000000001,1.4819999999998723e-05,165.39780000000002,603.1669074000001
111.88599999999997,-0.00016296600000001438,164.4042,605.1557682
111.93600000000004,-0.00016296600000001438,164.4042,605.1557682
111.98599999999999,-0.0003407520000000136,163.41060000000002,603.1669074000001
112.03600000000006,1.4819999999998723e-05,165.39780000000002,603.1669074000001
112.08600000000001,-0.00016296600000001438,163.41060000000002,603.1669074000001
112.13599999999997,-0.00016296600000001438,163.41060000000002,603.1669074000001
112.18600000000004,1.4819999999998723e-05,164.4042,603.1669074000001
112.23599999999999,0.00019260599999999795,166.3914,603.1669074000001
112.28600000000006,-0.00016296600000001438,163.41060000000002,603.1669074000001
112.33600000000001,0.00019260599999999795,166.3914,603.1669074000001
112.38700000000006,0.00019260599999999795,164.4042,603.1669074000001
112.43600000000004,1.4819999999998723e-05,164.4042,605.1557682
112.48599999999999,0.00019260599999999795,164.4042,603.1669074000001
112.53600000000006,0.00019260599999999795,164.4042,603.1669074000001
112.58600000000001,1.4819999999998723e-05,166.3914,603.1669074000001
112.63599999999997,0.00019260599999999795,166.3914,601.1780466
112.68600000000004,1.4819999999998723e-05,164.4042,603.1669074000001
112.73599999999999,0.00019260599999999795,166.3914,601.1780466
112.78600000000006,1.4819999999998723e-05,166.3914,603.1669074000001
112.83699999999999,1.4819999999998723e-05,166.3914,601.1780466
112.88700000000006,1.4819999999998723e-05,166.3914,603.1669074000001
112.93700000000001,0.00037039200000001105,165.39780000000002,603.1669074000001
112.98699999999997,0.00019260599999999795,168.3786,605.1557682
113.03700000000003,0.00019260599999999795,165.39780000000002,603.1669074000001
113.08699999999999,0.00019260599999999795,166.3914,605.1557682
113.13700000000006,0.00019260599999999795,166.3914,603.1669074000001
113.18700000000001,0.00019260599999999795,166.3914,601.1780466
113.23699999999997,0.00019260599999999795,165.39780000000002,601.1780466
113.28700000000003,0.00019260599999999795,165.39780000000002,603.1669074000001
113.33699999999999,1.4819999999998723e-05,165.39780000000002,603.1669074000001
113.38700000000006,-0.00016296600000001438,164.4042,605.1557682
113.43700000000001,-0.00016296600000001438,166.3914,603.1669074000001
113.48699999999997,1.4819999999998723e-05,165.39780000000002,603.1669074000001
113.53700000000003,0.00019260599999999795,164.4042,603.1669074000001
113.58699999999999,0.00019260599999999795,165.39780000000002,603.1669074000001
113.63700000000006,0.00019260599999999795,165.39780000000002,603.1669074000001
113.68700000000001,1.4819999999998723e-05,166.3914,605.1557682
113.73699999999997,-0.00016296600000001438,164.4042,603.1669074000001
113.78700000000003,1.4819999999998723e-05,164.4042,601.1780466
113.83699999999999,-0.00016296600000001438,164.4042,605.1557682
113.88700000000006,1.4819999999998723e-05,165.39780000000002,601.1780466
113.93700000000001,1.4819999999998723e-05,166.3914,603.1669074000001
113.98699999999997,1.4819999999998723e-05,164.4042,603.1669074000001
114.03700000000003,0.00019260599999999795,164.4042,601.1780466
114.08699999999999,1.4819999999998723e-05,165.39780000000002,605.1557682
114.13700000000006,-0.00016296600000001438,164.4042,603.1669074000001
114.18700000000001,1.4819999999998723e-05,166.3914,603.1669074000001
114.23699999999997,1.4819999999998723e-05,166.3914,603.1669074000001
114.28700000000003,0.00019260599999999795,166.3914,603.1669074000001
114.33699999999999,1.4819999999998723e-05,166.3914,605.1557682
114.38700000000006,1.4819999999998723e-05,165.39780000000002,603.1669074000001
114.43700000000001,0.00037039200000001105,166.3914,601.1780466
114.48699999999997,1.4819999999998723e-05,166.3914,605.1557682
114.53700000000003,1.4819999999998723e-05,166.3914,603.1669074000001
114.58699999999999,0.00037039200000001105,165.39780000000002,601.1780466
114.63700000000006,0.00019260599999999795,165.39780000000002,601.1780466
114.68700000000001,1.4819999999998723e-05,165.39780000000002,601.1780466
114.73699999999997,1.4819999999998723e-05,164.4042,603.1669074000001
114.78700000000003,1.4819999999998723e-05,163.41060000000002,603.1669074000001
114.83699999999999,0.00019260599999999795,164.4042,601.1780466
114.88700000000006,1.4819999999998723e-05,165.39780000000002,603.1669074000001
114.93700000000001,0.00037039200000001105,167.38500000000002,603.1669074000001
114.98699999999997,0.00019260599999999795,166.3914,601.1780466
115.03700000000003,0.00019260599999999795,166.3914,603.1669074000001
115.08699999999999,-0.0003407520000000136,164.4042,605.1557682
115.13700000000006,0.00019260599999999795,166.3914,605.1557682
115.18700000000001,1.4819999999998723e-05,166.3914,605.1557682
115.23699999999997,0.00037039200000001105,167.38500000000002,603.1669074000001
115.28700000000003,0.00037039200000001105,165.39780000000002,601.1780466
115.33699999999999,0.00019260599999999795,167.38500000000002,603.1669074000001
115.38700000000006,1.4819999999998723e-05,164.4042,603.1669074000001
115.43700000000001,1.4819999999998723e-05,165.39780000000002,605.1557682
115.48699999999997,0.00019260599999999795,164.4042,601.1780466
115.53800000000001,-0.00016296600000001438,164.4042,603.1669074000001
115.58799999999997,0.00019260599999999795,165.39780000000002,603.1669074000001
115.63700000000006,0.00037039200000001105,167.38500000000002,603.1669074000001
115.68700000000001,1.4819999999998723e-05,165.39780000000002,601.1780466
115.73699999999997,1.4819999999998723e-05,166.3914,603.1669074000001
115.78700000000003,0.00019260599999999795,166.3914,603.1669074000001
115.83699999999999,0.00019260599999999795,166.3914,603.1669074000001
115.88700000000006,0.00019260599999999795,166.3914,603.1669074000001
115.93700000000001,0.00019260599999999795,166.3914,603.1669074000001
115.98800000000006,0.00037039200000001105,167.38500000000002,603.1669074000001
116.03800000000001,1.4819999999998723e-05,164.4042,603.1669074000001
116.08799999999997,0.00019260599999999795,167.38500000000002,603.1669074000001
116.13800000000003,1.4819999999998723e-05,163.41060000000002,603.1669074000001
116.18799999999999,1.4819999999998723e-05,166.3914,605.1557682
116.23800000000006,0.00019260599999999795,165.39780000000002,603.1669074000001
116.28800000000001,1.4819999999998723e-05,165.39780000000002,603.1669074000001
116.33799999999997,0.00019260599999999795,165.39780000000002,603.1669074000001
116.38800000000003,0.00019260599999999795,165.39780000000002,601.1780466
116.43799999999999,-0.00016296600000001438,164.4042,605.1557682
116.48800000000006,0.00019260599999999795,164.4042,601.1780466
116.53800000000001,1.4819999999998723e-05,164.4042,605.1557682
116.58799999999997,1.4819999999998723e-05,166.3914,605.1557682
116.63800000000003,0.00037039200000001105,166.3914,601.1780466
116.68799999999999,1.4819999999998723e-05,164.4042,603.1669074000001
116.73800000000006,1.4819999999998723e-05,164.4042,605.1557682
116.78800000000001,0.00019260599999999795,165.39780000000002,603.1669074000001
116.83799999999997,-0.00016296600000001438,165.39780000000002,605.1557682
116.88800000000003,-0.00016296600000001438,166.3914,605.1557682
116.93799999999999,0.00019260599999999795,166.3914,603.1669074000001
116.98800000000006,0.00019260599999999795,165.39780000000002,603.1669074000001
117.03800000000001,1.4819999999998723e-05,166.3914,603.1669074000001
117.08799999999997,1.4819999999998723e-05,165.39780000000002,605.1557682
117.13800000000003,0.00019260599999999795,167.38500000000002,605.1557682
117.18799999999999,1.4819999999998723e-05,165.39780000000002,603.1669074000001
117.23800000000006,1.4819999999998723e-05,165.39780000000002,603.1669074000001
117.28800000000001,1.4819999999998723e-05,164.4042,603.1669074000001
117.33799999999997,-0.00016296600000001438,166.3914,605.1557682
117.38800000000003,0.00037039200000001105,166.3914,601.1780466
117.43799999999999,-0.00016296600000001438,165.39780000000002,607.1446289999999
117.48800000000006,1.4819999999998723e-05,165.39780000000002,603.1669074000001
117.53800000000001,0.00019260599999999795,167.38500000000002,603.1669074000001
117.58799999999997,1.4819999999998723e-05,166.3914,603.1669074000001
117.63800000000003,1.4819999999998723e-05,165.39780000000002,603.1669074000001
117.68799999999999,-0.00016296600000001438,166.3914,605.1557682
117.73800000000006,0.00019260599999999795,167.38500000000002,605.1557682
117.78800000000001,0.00019260599999999795,166.3914,603.1669074000001
117.83799999999997,0.00019260599999999795,166.3914,603.1669074000001
117.88800000000003,-0.0003407520000000136,163.41060000000002,605.1557682
117.93799999999999,1.4819999999998723e-05,166.3914,605.1557682
117.98800000000006,-0.00016296600000001438,166.3914,605.1557682
118.03800000000001,0.00019260599999999795,166.3914,603.1669074000001
118.08799999999997,0.00019260599999999795,165.39780000000002,603.1669074000001
118.13800000000003,0.00019260599999999795,167.38500000000002,603.1669074000001
118.18799999999999,-0.0003407520000000136,164.4042,605.1557682
118.23800000000006,1.4819999999998723e-05,164.4042,603.1669074000001
118.28800000000001,1.4819999999998723e-05,166.3914,605.1557682
118.33799999999997,-0.00016296600000001438,163.41060000000002,603.1669074000001
118.38800000000003,0.00019260599999999795,165.39780000000002,603.1669074000001
118.43799999999999,0.00019260599999999795,167.38500000000002,603.1669074000001
118.48800000000006,-0.00016296600000001438,165.39780000000002,605.1557682
118.53800000000001,0.00019260599999999795,166.3914,603.1669074000001
118.58799999999997,-0.0003407520000000136,165.39780000000002,605.1557682
118.63800000000003,0.00019260599999999795,165.39780000000002,603.1669074000001
118.68899999999996,0.00019260599999999795,166.3914,603.1669074000001
118.73800000000006,1.4819999999998723e-05,165.39780000000002,605.1557682
118.78800000000001,-0.0003407520000000136,164.4042,605.1557682
118.83799999999997,-0.00016296600000001438,166.3914,603.1669074000001
118.88800000000003,1.4819999999998723e-05,166.3914,603.1669074000001
118.93799999999999,0.00037039200000001105,166.3914,603.1669074000001
118.98800000000006,0.00019260599999999795,166.3914,605.1557682
119.03800000000001,1.4819999999998723e-05,165.39780000000002,603.1669074000001
119.08900000000006,1.4819999999998723e-05,165.39780000000002,603.1669074000001
119.13900000000001,0.00037039200000001105,168.3786,603.1669074000001
119.18899999999996,-0.00016296600000001438,166.3914,607.1446289999999
119.23900000000003,0.0005481779999999825,167.38500000000002,601.1780466
119.28899999999999,0.00037039200000001105,166.3914,603.1669074000001
119.33900000000006,1.4819999999998723e-05,165.39780000000002,603.1669074000001
119.38900000000001,-0.00016296600000001438,165.39780000000002,605.1557682
119.43899999999996,0.00019260599999999795,165.39780000000002,603.1669074000001
119.48900000000003,1.4819999999998723e-05,166.3914,603.1669074000001
119.53899999999999,1.4819999999998723e-05,165.39780000000002,603.1669074000001
119.58900000000006,1.4819999999998723e-05,165.39780000000002,603.1669074000001
119.63900000000001,0.00019260599999999795,166.3914,603.1669074000001
119.68899999999996,0.00037039200000001105,167.38500000000002,601.1780466
119.73900000000003,1.4819999999998723e-05,165.39780000000002,603.1669074000001
119.78899999999999,1.4819999999998723e-05,167.38500000000002,605.1557682
119.83900000000006,1.4819999999998723e-05,165.39780000000002,603.1669074000001
119.88900000000001,0.00019260599999999795,167.38500000000002,603.1669074000001
119.93899999999996,0.00019260599999999795,165.39780000000002,601.1780466
119.98900000000003,1.4819999999998723e-05,165.39780000000002,603.1669074000001
120.03899999999999,0.00019260599999999795,165.39780000000002,603.1669074000001
120.08900000000006,0.00019260599999999795,164.4042,601.1780466
120.13900000000001,-0.00016296600000001438,166.3914,605.1557682
120.18899999999996,0.00019260599999999795,165.39780000000002,603.1669074000001
120.23900000000003,0.00037039200000001105,165.39780000000002,601.1780466
120.28899999999999,1.4819999999998723e-05,165.39780000000002,603.1669074000001
120.33900000000006,0.00019260599999999795,165.39780000000002,603.1669074000001
120.38900000000001,0.00019260599999999795,165.39780000000002,603.1669074000001
120.43899999999996,0.00019260599999999795,167.38500000000002,601.1780466
120.48900000000003,-0.00016296600000001438,164.4042,603.1669074000001
120.53899999999999,0.00019260599999999795,164.4042,601.1780466
120.58900000000006,1.4819999999998723e-05,167.38500000000002,605.1557682
120.63900000000001,0.00019260599999999795,165.39780000000002,601.1780466
120.68899999999996,1.4819999999998723e-05,165.39780000000002,603.1669074000001
120.73900000000003,1.4819999999998723e-05,165.39780000000002,603.1669074000001
120.78899999999999,1.4819999999998723e-05,165.39780000000002,603.1669074000001
120.83900000000006,1.4819999999998723e-05,167.38500000000002,603.1669074000001
120.88900000000001,0.00019260599999999795,167.38500000000002,603.1669074000001
120.93899999999996,0.00019260599999999795,166.3914,601.1780466
120.98900000000003,0.00019260599999999795,165.39780000000002,605.1557682
121.03899999999999,1.4819999999998723e-05,166.3914,603.1669074000001
121.08900000000006,1.4819999999998723e-05,165.39780000000002,603.1669074000001
121.13900000000001,-0.00016296600000001438,165.39780000000002,605.1557682
121.18899999999996,1.4819999999998723e-05,165.39780000000002,603.1669074000001
121.23900000000003,1.4819999999998723e-05,164.4042,605.1557682
121.28899999999999,-0.00016296600000001438,165.39780000000002,603.1669074000001
121.33900000000006,0.00019260599999999795,164.4042,601.1780466
121.38900000000001,1.4819999999998723e-05,164.4042,605.1557682
121.43899999999996,0.00019260599999999795,166.3914,603.1669074000001
121.48900000000003,1.4819999999998723e-05,165.39780000000002,603.1669074000001
121.53899999999999,0.00037039200000001105,165.39780000000002,601.1780466
121.58900000000006,0.00019260599999999795,165.39780000000002,603.1669074000001
121.63900000000001,1.4819999999998723e-05,164.4042,603.1669074000001
121.68899999999996,0.00019260599999999795,166.3914,603.1669074000001
121.73900000000003,1.4819999999998723e-05,164.4042,601.1780466
121.78899999999999,1.4819999999998723e-05,164.4042,605.1557682
121.84000000000003,0.00037039200000001105,166.3914,603.1669074000001
121.88900000000001,-0.00016296600000001438,164.4042,605.1557682
121.93899999999996,0.00019260599999999795,165.39780000000002,601.1780466
121.98900000000003,1.4819999999998723e-05,164.4042,603.1669074000001
122.03899999999999,0.00019260599999999795,167.38500000000002,605.1557682
122.08900000000006,0.00019260599999999795,167.38500000000002,605.1557682
122.13900000000001,0.00037039200000001105,166.3914,601.1780466
122.18899999999996,0.00037039200000001105,165.39780000000002,603.1669074000001
122.24000000000001,-0.00016296600000001438,165.39780000000002,603.1669074000001
122.29000000000008,0.00019260599999999795,164.4042,603.1669074000001
122.34000000000003,0.00037039200000001105,166.3914,601.1780466
122.38999999999999,1.4819999999998723e-05,165.39780000000002,605.1557682
122.44000000000005,0.00019260599999999795,164.4042,601.1780466
122.49000000000001,0.00019260599999999795,166.3914,603.1669074000001
122.54000000000008,0.00019260599999999795,167.38500000000002,603.1669074000001
122.59000000000003,0.00019260599999999795,165.39780000000002,603.1669074000001
122.63999999999999,0.00019260599999999795,166.3914,603.1669074000001
122.69000000000005,1.4819999999998723e-05,163.41060000000002,603.1669074000001
122.74000000000001,-0.0003407520000000136,163.41060000000002,605.1557682
122.79000000000008,1.4819999999998723e-05,165.39780000000002,603.1669074000001
122.84000000000003,1.4819999999998723e-05,164.4042,601.1780466
122.88999999999999,0.00037039200000001105,166.3914,601.1780466
122.94000000000005,1.4819999999998723e-05,163.41060000000002,601.1780466
122.99000000000001,0.00019260599999999795,166.3914,603.1669074000001
123.04000000000008,1.4819999999998723e-05,164.4042,603.1669074000001
123.09000000000003,0.00037039200000001105,166.3914,603.1669074000001
123.13999999999999,1.4819999999998723e-05,166.3914,603.1669074000001
123.19000000000005,0.00037039200000001105,165.39780000000002,601.1780466
123.24000000000001,1.4819999999998723e-05,165.39780000000002,603.1669074000001
123.29000000000008,1.4819999999998723e-05,165.39780000000002,603.1669074000001
123.34000000000003,0.00019260599999999795,167.38500000000002,603.1669074000001
123.38999999999999,1.4819999999998723e-05,165.39780000000002,603.1669074000001
123.44000000000005,1.4819999999998723e-05,166.3914,605.1557682
123.49000000000001,1.4819999999998723e-05,165.39780000000002,603.1669074000001
123.54000000000008,0.00019260599999999795,167.38500000000002,603.1669074000001
123.59000000000003,1.4819999999998723e-05,167.38500000000002,603.1669074000001
123.63999999999999,0.00037039200000001105,166.3914,601.1780466
123.69000000000005,0.00037039200000001105,167.38500000000002,601.1780466
123.74000000000001,1.4819999999998723e-05,164.4042,601.1780466
123.79000000000008,1.4819999999998723e-05,166.3914,603.1669074000001
123.84000000000003,-0.00016296600000001438,164.4042,605.1557682
123.88999999999999,1.4819999999998723e-05,165.39780000000002,605.1557682
123.94000000000005,1.4819999999998723e-05,166.3914,603.1669074000001
123.99000000000001,0.00019260599999999795,165.39780000000002,603.1669074000001
124.04000000000008,1.4819999999998723e-05,164.4042,599.1891858000001
124.09000000000003,0.00019260599999999795,166.3914,603.1669074000001
124.13999999999999,1.4819999999998723e-05,165.39780000000002,603.1669074000001
124.19000000000005,-0.0003407520000000136,166.3914,605.1557682
124.24000000000001,0.00019260599999999795,166.3914,603.1669074000001
124.29000000000008,1.4819999999998723e-05,165.39780000000002,603.1669074000001
124.34000000000003,0.00019260599999999795,165.39780000000002,601.1780466
124.38999999999999,0.00019260599999999795,166.3914,603.1669074000001
124.44000000000005,0.00019260599999999795,166.3914,603.1669074000001
124.49000000000001,0.00019260599999999795,163.41060000000002,601.1780466
124.54000000000008,0.00019260599999999795,165.39780000000002,601.1780466
124.59000000000003,0.00037039200000001105,165.39780000000002,603.1669074000001
124.63999999999999,0.00019260599999999795,166.3914,605.1557682
124.69000000000005,0.00019260599999999795,165.39780000000002,605.1557682
124.74000000000001,-0.0003407520000000136,164.4042,605.1557682
124.79000000000008,1.4819999999998723e-05,164.4042,603.1669074000001
124.84000000000003,1.4819999999998723e-05,165.39780000000002,603.1669074000001
124.88999999999999,0.00019260599999999795,163.41060000000002,601.1780466
124.94100000000003,0.00037039200000001105,163.41060000000002,599.1891858000001
124.99099999999999,-0.00016296600000001438,162.417,601.1780466
125.04100000000005,0.00019260599999999795,165.39780000000002,605.1557682
125.09000000000003,1.4819999999998723e-05,165.39780000000002,603.1669074000001
125.13999999999999,0.00019260599999999795,165.39780000000002,603.1669074000001
125.19000000000005,0.00037039200000001105,165.39780000000002,601.1780466
125.24000000000001,0.00019260599999999795,165.39780000000002,603.1669074000001
125.29000000000008,-0.00016296600000001438,164.4042,605.1557682
125.34000000000003,0.00019260599999999795,167.38500000000002,605.1557682
125.39100000000008,-0.0003407520000000136,163.41060000000002,601.1780466
125.44100000000003,1.4819999999998723e-05,164.4042,603.1669074000001
125.49099999999999,1.4819999999998723e-05,165.39780000000002,603.1669074000001
125.54100000000005,1.4819999999998723e-05,165.39780000000002,605.1557682
125.59100000000001,0.0005481779999999825,166.3914,601.1780466
125.64100000000008,-0.00016296600000001438,165.39780000000002,603.1669074000001
125.69100000000003,0.00019260599999999795,166.3914,605.1557682
125.74099999999999,0.00019260599999999795,165.39780000000002,605.1557682
125.79100000000005,1.4819999999998723e-05,165.39780000000002,605.1557682
125.84100000000001,0.00019260599999999795,167.38500000000002,603.1669074000001
125.89100000000008,0.00019260599999999795,167.38500000000002,605.1557682
125.94100000000003,1.4819999999998723e-05,165.39780000000002,605.1557682
125.99099999999999,1.4819999999998723e-05,165.39780000000002,603.1669074000001
126.04100000000005,0.00019260599999999795,165.39780000000002,601.1780466
126.09100000000001,0.00019260599999999795,167.38500000000002,603.1669074000001
126.14100000000008,0.00019260599999999795,167.38500000000002,603.1669074000001
126.19100000000003,1.4819999999998723e-05,166.3914,603.1669074000001
126.24099999999999,0.00019260599999999795,165.39780000000002,603.1669074000001
126.29100000000005,0.00019260599999999795,167.38500000000002,603.1669074000001
126.34100000000001,1.4819999999998723e-05,162.417,601.1780466
126.39100000000008,0.00019260599999999795,167.38500000000002,603.1669074000001
126.44100000000003,-0.00016296600000001438,165.39780000000002,603.1669074000001
126.49099999999999,0.00019260599999999795,167.38500000000002,605.1557682
126.54100000000005,0.00019260599999999795,164.4042,601.1780466
126.59100000000001,1.4819999999998723e-05,167.38500000000002,605.1557682
126.64100000000008,1.4819999999998723e-05,167.38500000000002,603.1669074000001
126.69100000000003,0.00037039200000001105,168.3786,603.1669074000001
126.74099999999999,0.00019260599999999795,165.39780000000002,601.1780466
126.79100000000005,1.4819999999998723e-05,164.4042,605.1557682
126.84100000000001,1.4819999999998723e-05,165.39780000000002,603.1669074000001
126.89100000000008,1.4819999999998723e-05,164.4042,605.1557682
126.94100000000003,0.00019260599999999795,167.38500000000002,605.1557682
126.99099999999999,0.00037039200000001105,167.38500000000002,601.1780466
127.04100000000005,-0.00016296600000001438,164.4042,605.1557682
127.09100000000001,1.4819999999998723e-05,166.3914,605.1557682
127.14100000000008,0.00037039200000001105,166.3914,603.1669074000001
127.19100000000003,0.00019260599999999795,165.39780000000002,601.1780466
127.24099999999999,-0.00016296600000001438,165.39780000000002,605.1557682
127.29100000000005,-0.00016296600000001438,164.4042,603.1669074000001
127.34100000000001,1.4819999999998723e-05,167.38500000000002,605.1557682
127.39100000000008,1.4819999999998723e-05,164.4042,603.1669074000001
127.44100000000003,0.00019260599999999795,166.3914,603.1669074000001
127.49099999999999,1.4819999999998723e-05,165.39780000000002,603.1669074000001
127.54100000000005,1.4819999999998723e-05,166.3914,603.1669074000001
127.59100000000001,1.4819999999998723e-05,165.39780000000002,603.1669074000001
127.64100000000008,0.00019260599999999795,165.39780000000002,601.1780466
127.69100000000003,0.00019260599999999795,163.41060000000002,603.1669074000001
127.74099999999999,1.4819999999998723e-05,164.4042,605.1557682
127.79100000000005,-0.00016296600000001438,165.39780000000002,605.1557682
127.84100000000001,1.4819999999998723e-05,166.3914,605.1557682
127.89100000000008,1.4819999999998723e-05,165.39780000000002,605.1557682
127.94100000000003,-0.00016296600000001438,166.3914,603.1669074000001
127.99099999999999,0.00019260599999999795,165.39780000000002,601.1780466
128.04100000000005,0.00019260599999999795,165.39780000000002,605.1557682
128.09199999999998,-0.00016296600000001438,163.41060000000002,603.1669074000001
128.14200000000005,0.00019260599999999795,167.38500000000002,605.1557682
128.19100000000003,0.00019260599999999795,166.3914,603.1669074000001
128.24099999999999,1.4819999999998723e-05,165.39780000000002,605.1557682
128.29100000000005,0.00019260599999999795,164.4042,601.1780466
128.341,1.4819999999998723e-05,166.3914,605.1557682
128.39100000000008,-0.00016296600000001438,166.3914,607.1446289999999
128.44100000000003,-0.00016296600000001438,165.39780000000002,605.1557682
128.49200000000008,-0.00016296600000001438,165.39780000000002,603.1669074000001
128.54200000000003,-0.00016296600000001438,165.39780000000002,605.1557682
128.59199999999998,0.00019260599999999795,166.3914,603.1669074000001
128.64200000000005,0.00019260599999999795,164.4042,605.1557682
128.692,0.00019260599999999795,165.39780000000002,603.1669074000001
128.74200000000008,1.4819999999998723e-05,165.39780000000002,605.1557682
128.79200000000003,0.00019260599999999795,166.3914,605.1557682
128.84199999999998,0.00019260599999999795,167.38500000000002,603.1669074000001
128.89200000000005,0.00019260599999999795,167.38500000000002,601.1780466
128.942,0.0005481779999999825,166.3914,603.1669074000001
128.99200000000008,-0.00016296600000001438,165.39780000000002,605.1557682
129.04200000000003,1.4819999999998723e-05,164.4042,601.1780466
129.09199999999998,1.4819999999998723e-05,166.3914,605.1557682
129.14200000000005,-0.00016296600000001438,167.38500000000002,607.1446289999999
129.192,1.4819999999998723e-05,165.39780000000002,603.1669074000001
129.24200000000008,0.00019260599999999795,165.39780000000002,603.1669074000001
129.29200000000003,1.4819999999998723e-05,165.39780000000002,605.1557682
129.34199999999998,-0.00016296600000001438,166.3914,607.1446289999999
129.39200000000005,-0.0003407520000000136,163.41060000000002,603.1669074000001
129.442,0.00019260599999999795,167.38500000000002,603.1669074000001
129.49200000000008,1.4819999999998723e-05,164.4042,603.1669074000001
129.54200000000003,-0.00016296600000001438,164.4042,603.1669074000001
129.59199999999998,0.00019260599999999795,165.39780000000002,603.1669074000001
129.64200000000005,1.4819999999998723e-05,166.3914,603.1669074000001
129.692,0.00019260599999999795,164.4042,601.1780466
129.74200000000008,-0.00016296600000001438,165.39780000000002,605.1557682
129.79200000000003,-0.00016296600000001438,164.4042,605.1557682
129.84199999999998,0.00037039200000001105,165.39780000000002,603.1669074000001
129.89200000000005,-0.00016296600000001438,166.3914,605.1557682
129.942,1.4819999999998723e-05,165.39780000000002,605.1557682
129.99200000000008,1.4819999999998723e-05,165.39780000000002,605.1557682
130.04200000000003,0.00019260599999999795,166.3914,603.1669074000001
130.09199999999998,1.4819999999998723e-05,165.39780000000002,605.1557682
130.14200000000005,0.00019260599999999795,165.39780000000002,603.1669074000001
130.192,0.00019260599999999795,167.38500000000002,603.1669074000001
130.24200000000008,0.00019260599999999795,166.3914,603.1669074000001
130.29200000000003,-0.00016296600000001438,166.3914,605.1557682
130.34199999999998,0.00019260599999999795,166.3914,603.1669074000001
130.39200000000005,1.4819999999998723e-05,164.4042,603.1669074000001
130.442,1.4819999999998723e-05,163.41060000000002,603.1669074000001
130.49200000000008,1.4819999999998723e-05,165.39780000000002,605.1557682
130.54200000000003,1.4819999999998723e-05,166.3914,603.1669074000001
130.59199999999998,1.4819999999998723e-05,165.39780000000002,603.1669074000001
130.64200000000005,0.00019260599999999795,165.39780000000002,601.1780466
130.692,-0.00016296600000001438,164.4042,601.1780466
130.74200000000008,1.4819999999998723e-05,166.3914,603.1669074000001
130.79200000000003,1.4819999999998723e-05,166.3914,603.1669074000001
130.84199999999998,0.00019260599999999795,165.39780000000002,603.1669074000001
130.89200000000005,0.00019260599999999795,166.3914,603.1669074000001
130.942,0.00019260599999999795,165.39780000000002,603.1669074000001
130.99200000000008,1.4819999999998723e-05,165.39780000000002,603.1669074000001
131.04200000000003,1.4819999999998723e-05,165.39780000000002,603.1669074000001
131.09199999999998,0.00019260599999999795,167.38500000000002,603.1669074000001
131.14200000000005,-0.00016296600000001438,166.3914,605.1557682
131.192,0.00019260599999999795,166.3914,603.1669074000001
131.24300000000005,0.00019260599999999795,165.39780000000002,605.1557682
131.293,-0.0003407520000000136,168.3786,605.1557682
131.34199999999998,1.4819999999998723e-05,165.39780000000002,603.1669074000001
131.39200000000005,-0.00016296600000001438,165.39780000000002,605.1557682
131.442,1.4819999999998723e-05,165.39780000000002,605.1557682
131.49200000000008,1.4819999999998723e-05,165.39780000000002,603.1669074000001
131.54200000000003,0.00019260599999999795,166.3914,603.1669074000001
131.59199999999998,1.4819999999998723e-05,166.3914,603.1669074000001
131.64300000000003,1.4819999999998723e-05,166.3914,603.1669074000001
131.69299999999998,0.00019260599999999795,167.38500000000002,603.1669074000001
131.74300000000005,-0.00016296600000001438,166.3914,603.1669074000001
131.793,-0.00016296600000001438,165.39780000000002,603.1669074000001
131.84300000000007,0.00019260599999999795,166.3914,603.1669074000001
131.89300000000003,1.4819999999998723e-05,166.3914,605.1557682
131.94299999999998,0.00019260599999999795,166.3914,603.1669074000001
131.99300000000005,-0.00016296600000001438,165.39780000000002,605.1557682
132.043,0.00019260599999999795,166.3914,603.1669074000001
132.09300000000007,1.4819999999998723e-05,166.3914,603.1669074000001
132.14300000000003,0.00019260599999999795,164.4042,603.1669074000001
132.19299999999998,0.00019260599999999795,166.3914,603.1669074000001
132.24300000000005,0.00019260599999999795,167.38500000000002,603.1669074000001
132.293,-0.00016296600000001438,166.3914,605.1557682
132.34300000000007,1.4819999999998723e-05,167.38500000000002,605.1557682
132.39300000000003,1.4819999999998723e-05,164.4042,601.1780466
132.44299999999998,0.00019260599999999795,166.3914,603.1669074000001
132.49300000000005,1.4819999999998723e-05,165.39780000000002,603.1669074000001
132.543,1.4819999999998723e-05,165.39780000000002,603.1669074000001
132.59300000000007,1.4819999999998723e-05,166.3914,603.1669074000001
132.64300000000003,0.00019260599999999795,167.38500000000002,605.1557682
132.69299999999998,0.00019260599999999795,165.39780000000002,601.1780466
132.74300000000005,1.4819999999998723e-05,166.3914,603.1669074000001
132.793,1.4819999999998723e-05,164.4042,605.1557682
132.84300000000007,-0.00016296600000001438,166.3914,605.1557682
132.89300000000003,1.4819999999998723e-05,167.38500000000002,605.1557682
132.94299999999998,-0.00016296600000001438,165.39780000000002,603.1669074000001
132.99300000000005,0.00019260599999999795,166.3914,603.1669074000001
133.043,0.00019260599999999795,166.3914,605.1557682
133.09300000000007,-0.00016296600000001438,162.417,603.1669074000001
133.14300000000003,0.00019260599999999795,167.38500000000002,603.1669074000001
133.19299999999998,0.00019260599999999795,165.39780000000002,603.1669074000001
133.24300000000005,0.00019260599999999795,167.38500000000002,605.1557682
133.293,0.00019260599999999795,167.38500000000002,603.1669074000001
133.34300000000007,0.00037039200000001105,165.39780000000002,599.1891858000001
133.39300000000003,-0.0003407520000000136,165.39780000000002,605.1557682
133.44299999999998,1.4819999999998723e-05,166.3914,605.1557682
133.49300000000005,0.00019260599999999795,165.39780000000002,603.1669074000001
133.543,1.4819999999998723e-05,164.4042,601.1780466
133.59300000000007,0.00019260599999999795,166.3914,603.1669074000001
133.64300000000003,1.4819999999998723e-05,165.39780000000002,603.1669074000001
133.69299999999998,0.00019260599999999795,164.4042,603.1669074000001
133.74300000000005,1.4819999999998723e-05,165.39780000000002,605.1557682
133.793,1.4819999999998723e-05,164.4042,603.1669074000001
133.84300000000007,-0.00016296600000001438,164.4042,603.1669074000001
133.89300000000003,1.4819999999998723e-05,165.39780000000002,601.1780466
133.94299999999998,0.00019260599999999795,164.4042,603.1669074000001
133.99300000000005,0.00019260599999999795,165.39780000000002,603.1669074000001
134.043,1.4819999999998723e-05,166.3914,605.1557682
134.09300000000007,0.00019260599999999795,165.39780000000002,603.1669074000001
134.14300000000003,1.4819999999998723e-05,166.3914,605.1557682
134.19299999999998,1.4819999999998723e-05,164.4042,603.1669074000001
134.24300000000005,0.00019260599999999795,166.3914,605.1557682
134.293,1.4819999999998723e-05,166.3914,605.1557682
134.34300000000007,0.00019260599999999795,166.3914,605.1557682
134.394,-0.00016296600000001438,164.4042,605.1557682
134.44400000000007,-0.00016296600000001438,165.39780000000002,603.1669074000001
134.49300000000005,1.4819999999998723e-05,164.4042,603.1669074000001
134.543,1.4819999999998723e-05,165.39780000000002,603.1669074000001
134.59400000000005,-0.00016296600000001438,164.4042,603.1669074000001
134.64300000000003,0.00019260599999999795,166.3914,603.1669074000001
134.69400000000007,0.00019260599999999795,165.39780000000002,605.1557682
134.74400000000003,0.00019260599999999795,165.39780000000002,603.1669074000001
134.79399999999998,1.4819999999998723e-05,163.41060000000002,603.1669074000001
134.84400000000005,-0.00016296600000001438,165.39780000000002,605.1557682
134.894,0.00037039200000001105,166.3914,603.1669074000001
134.94400000000007,0.00019260599999999795,165.39780000000002,603.1669074000001
134.99400000000003,1.4819999999998723e-05,165.39780000000002,603.1669074000001
135.04399999999998,1.4819999999998723e-05,165.39780000000002,603.1669074000001
135.09400000000005,1.4819999999998723e-05,164.4042,603.1669074000001
135.144,0.00019260599999999795,166.3914,603.1669074000001
135.19400000000007,1.4819999999998723e-05,164.4042,603.1669074000001
135.24400000000003,0.00019260599999999795,166.3914,601.1780466
135.29399999999998,0.0005481779999999825,168.3786,601.1780466
135.34400000000005,-0.00016296600000001438,165.39780000000002,605.1557682
135.394,1.4819999999998723e-05,165.39780000000002,603.1669074000001
135.44400000000007,1.4819999999998723e-05,165.39780000000002,605.1557682
135.49400000000003,1.4819999999998723e-05,164.4042,603.1669074000001
135.54399999999998,1.4819999999998723e-05,167.38500000000002,603.1669074000001
135.59400000000005,-0.00016296600000001438,166.3914,603.1669074000001
135.644,0.00037039200000001105,164.4042,601.1780466
135.69400000000007,1.4819999999998723e-05,165.39780000000002,601.1780466
135.74400000000003,1.4819999999998723e-05,165.39780000000002,603.1669074000001
135.79399999999998,0.00037039200000001105,167.38500000000002,603.1669074000001
135.84400000000005,1.4819999999998723e-05,167.38500000000002,605.1557682
135.894,-0.00016296600000001438,165.39780000000002,603.1669074000001
135.94400000000007,0.00019260599999999795,166.3914,603.1669074000001
135.99400000000003,1.4819999999998723e-05,165.39780000000002,603.1669074000001
136.04399999999998,0.00019260599999999795,165.39780000000002,603.1669074000001
136.09400000000005,1.4819999999998723e-05,166.3914,603.1669074000001
136.144,-0.00016296600000001438,166.3914,603.1669074000001
136.19400000000007,-0.00016296600000001438,163.41060000000002,601.1780466
136.24400000000003,-0.00016296600000001438,164.4042,603.1669074000001
136.29399999999998,1.4819999999998723e-05,165.39780000000002,601.1780466
136.34400000000005,1.4819999999998723e-05,165.39780000000002,603.1669074000001
136.394,-0.00016296600000001438,165.39780000000002,603.1669074000001
136.44400000000007,0.00019260599999999795,165.39780000000002,601.1780466
136.49400000000003,0.00019260599999999795,167.38500000000002,603.1669074000001
136.54399999999998,1.4819999999998723e-05,166.3914,605.1557682
136.59400000000005,1.4819999999998723e-05,165.39780000000002,601.1780466
136.644,-0.00016296600000001438,166.3914,603.1669074000001
136.69400000000007,0.00019260599999999795,165.39780000000002,603.1669074000001
136.74400000000003,0.00019260599999999795,167.38500000000002,603.1669074000001
136.79399999999998,0.00019260599999999795,166.3914,603.1669074000001
136.84400000000005,-0.00016296600000001438,164.4042,603.1669074000001
136.894,1.4819999999998723e-05,165.39780000000002,605.1557682
136.94400000000007,1.4819999999998723e-05,166.3914,603.1669074000001
136.99400000000003,0.00019260599999999795,164.4042,601.1780466
137.04399999999998,-0.00016296600000001438,165.39780000000002,605.1557682
137.09500000000003,0.00019260599999999795,165.39780000000002,605.1557682
137.144,-0.00016296600000001438,163.41060000000002,603.1669074000001
137.19400000000007,1.4819999999998723e-05,165.39780000000002,603.1669074000001
137.24400000000003,0.00019260599999999795,164.4042,603.1669074000001
137.29399999999998,0.00019260599999999795,166.3914,603.1669074000001
137.34400000000005,-0.00016296600000001438,164.4042,605.1557682
137.394,0.00019260599999999795,165.39780000000002,601.1780466
137.44400000000007,1.4819999999998723e-05,165.39780000000002,601.1780466
137.49400000000003,1.4819999999998723e-05,164.4042,603.1669074000001
137.54500000000007,0.00019260599999999795,165.39780000000002,603.1669074000001
137.59500000000003,1.4819999999998723e-05,163.41060000000002,603.1669074000001
137.644,1.4819999999998723e-05,163.41060000000002,603.1669074000001
137.69400000000007,1.4819999999998723e-05,165.39780000000002,603.1669074000001
137.745,0.00037039200000001105,165.39780000000002,601.1780466
137.79399999999998,0.00037039200000001105,165.39780000000002,601.1780466
137.84500000000003,0.00019260599999999795,166.3914,603.1669074000001
137.89499999999998,0.00037039200000001105,166.3914,601.1780466
137.94500000000005,1.4819999999998723e-05,165.39780000000002,605.1557682
137.995,-0.00016296600000001438,164.4042,603.1669074000001
138.04500000000007,1.4819999999998723e-05,163.41060000000002,601.1780466
138.09500000000003,0.00037039200000001105,166.3914,603.1669074000001
138.14499999999998,1.4819999999998723e-05,166.3914,603.1669074000001
138.19500000000005,0.00019260599999999795,166.3914,603.1669074000001
138.245,-0.00016296600000001438,166.3914,603.1669074000001
138.29500000000007,1.4819999999998723e-05,165.39780000000002,605.1557682
138.34500000000003,0.00019260599999999795,166.3914,603.1669074000001
138.39499999999998,0.00037039200000001105,167.38500000000002,603.1669074000001
138.44500000000005,-0.00016296600000001438,164.4042,605.1557682
138.495,0.00019260599999999795,165.39780000000002,601.1780466
138.54500000000007,1.4819999999998723e-05,165.39780000000002,603.1669074000001
138.59500000000003,0.00019260599999999795,166.3914,603.1669074000001
138.64499999999998,1.4819999999998723e-05,166.3914,603.1669074000001
138.69500000000005,0.00019260599999999795,167.38500000000002,603.1669074000001
138.745,1.4819999999998723e-05,166.3914,603.1669074000001
138.79500000000007,1.4819999999998723e-05,167.38500000000002,603.1669074000001
138.84500000000003,0.00019260599999999795,166.3914,601.1780466
138.89499999999998,1.4819999999998723e-05,166.3914,605.1557682
138.94500000000005,0.00019260599999999795,166.3914,601.1780466
138.995,0.00019260599999999795,167.38500000000002,603.1669074000001
139.04500000000007,1.4819999999998723e-05,166.3914,603.1669074000001
139.09500000000003,-0.00016296600000001438,165.39780000000002,603.1669074000001
139.14499999999998,-0.00016296600000001438,166.3914,605.1557682
139.19500000000005,0.00019260599999999795,166.3914,603.1669074000001
139.245,1.4819999999998723e-05,165.39780000000002,603.1669074000001
139.29500000000007,1.4819999999998723e-05,166.3914,605.1557682
139.34500000000003,0.00019260599999999795,166.3914,605.1557682
139.39499999999998,-0.00016296600000001438,164.4042,603.1669074000001
139.44500000000005,0.00037039200000001105,167.38500000000002,601.1780466
139.495,0.00037039200000001105,166.3914,603.1669074000001
139.54500000000007,-0.0003407520000000136,168.3786,607.1446289999999
139.59500000000003,0.00019260599999999795,166.3914,603.1669074000001
139.64499999999998,1.4819999999998723e-05,166.3914,605.1557682
139.69500000000005,0.00019260599999999795,168.3786,603.1669074000001
139.745,0.00037039200000001105,167.38500000000002,601.1780466
139.79500000000007,1.4819999999998723e-05,164.4042,605.1557682
139.84500000000003,1.4819999999998723e-05,165.39780000000002,603.1669074000001
139.89499999999998,0.00037039200000001105,165.39780000000002,603.1669074000001
139.94500000000005,0.0005481779999999825,166.3914,601.1780466
139.995,0.00019260599999999795,166.3914,603.1669074000001
140.04500000000007,0.00019260599999999795,165.39780000000002,603.1669074000001
140.09500000000003,0.00019260599999999795,166.3914,603.1669074000001
140.14499999999998,-0.00016296600000001438,166.3914,605.1557682
140.19500000000005,0.00019260599999999795,166.3914,605.1557682
140.245,0.00019260599999999795,166.3914,603.1669074000001
140.29500000000007,1.4819999999998723e-05,165.39780000000002,603.1669074000001
140.34500000000003,-0.00016296600000001438,167.38500000000002,605.1557682
140.39499999999998,1.4819999999998723e-05,165.39780000000002,605.1557682
140.44500000000005,1.4819999999998723e-05,167.38500000000002,605.1557682
140.495,-0.00016296600000001438,165.39780000000002,603.1669074000001
140.54500000000007,-0.00016296600000001438,165.39780000000002,605.1557682
140.59500000000003,0.00019260599999999795,166.3914,603.1669074000001
140.64499999999998,-0.0003407520000000136,163.41060000000002,605.1557682
140.69600000000003,-0.00016296600000001438,165.39780000000002,607.1446289999999
140.745,0.00019260599999999795,165.39780000000002,605.1557682
140.79500000000007,-0.00016296600000001438,166.3914,603.1669074000001
140.84500000000003,1.4819999999998723e-05,165.39780000000002,601.1780466
140.89499999999998,0.00019260599999999795,165.39780000000002,603.1669074000001
140.94500000000005,1.4819999999998723e-05,164.4042,603.1669074000001
140.99599999999998,1.4819999999998723e-05,163.41060000000002,603.1669074000001
141.04600000000005,0.00019260599999999795,166.3914,603.1669074000001
141.096,0.00037039200000001105,166.3914,603.1669074000001
141.14600000000007,0.00019260599999999795,164.4042,603.1669074000001
141.19600000000003,1.4819999999998723e-05,165.39780000000002,603.1669074000001
141.24599999999998,1.4819999999998723e-05,165.39780000000002,603.1669074000001
141.29600000000005,0.00019260599999999795,165.39780000000002,603.1669074000001
141.346,1.4819999999998723e-05,164.4042,603.1669074000001
141.39600000000007,0.00019260599999999795,164.4042,603.1669074000001
141.44600000000003,0.00019260599999999795,166.3914,603.1669074000001
141.49599999999998,1.4819999999998723e-05,163.41060000000002,601.1780466
141.54600000000005,1.4819999999998723e-05,166.3914,605.1557682
141.596,0.00019260599999999795,165.39780000000002,601.1780466
141.64600000000007,0.00019260599999999795,165.39780000000002,605.1557682
141.69600000000003,0.00019260599999999795,163.41060000000002,603.1669074000001
141.74599999999998,-0.00016296600000001438,165.39780000000002,605.1557682
141.79600000000005,-0.00016296600000001438,163.41060000000002,603.1669074000001
141.846,0.00019260599999999795,165.39780000000002,603.1669074000001
141.89600000000007,1.4819999999998723e-05,166.3914,603.1669074000001
141.94600000000003,1.4819999999998723e-05,166.3914,603.1669074000001
141.99599999999998,1.4819999999998723e-05,164.4042,603.1669074000001
142.04600000000005,0.00019260599999999795,165.39780000000002,601.1780466
142.096,0.00019260599999999795,167.38500000000002,603.1669074000001
142.14600000000007,0.00019260599999999795,166.3914,601.1780466
142.19600000000003,0.00019260599999999795,164.4042,603.1669074000001
142.24599999999998,0.00019260599999999795,165.39780000000002,603.1669074000001
142.29600000000005,0.00019260599999999795,167.38500000000002,605.1557682
142.346,-0.00016296600000001438,166.3914,605.1557682
142.39600000000007,0.00019260599999999795,166.3914,603.1669074000001
142.44600000000003,0.00019260599999999795,166.3914,599.1891858000001
142.49599999999998,0.00019260599999999795,165.39780000000002,603.1669074000001
142.54600000000005,0.00019260599999999795,166.3914,603.1669074000001
142.596,0.00019260599999999795,166.3914,601.1780466
142.64600000000007,1.4819999999998723e-05,166.3914,605.1557682
142.69600000000003,1.4819999999998723e-05,165.39780000000002,603.1669074000001
142.74599999999998,0.00019260599999999795,167.38500000000002,601.1780466
142.79600000000005,0.00037039200000001105,166.3914,601.1780466
142.846,1.4819999999998723e-05,165.39780000000002,605.1557682
142.89600000000007,1.4819999999998723e-05,165.39780000000002,603.1669074000001
142.94600000000003,1.4819999999998723e-05,166.3914,605.1557682
142.99599999999998,1.4819999999998723e-05,165.39780000000002,603.1669074000001
143.04600000000005,0.00019260599999999795,166.3914,603.1669074000001
143.096,1.4819999999998723e-05,165.39780000000002,603.1669074000001
143.14600000000007,1.4819999999998723e-05,164.4042,603.1669074000001
143.19600000000003,1.4819999999998723e-05,165.39780000000002,603.1669074000001
143.24599999999998,1.4819999999998723e-05,166.3914,603.1669074000001
143.29600000000005,0.00019260599999999795,165.39780000000002,601.1780466
143.346,0.00019260599999999795,165.39780000000002,601.1780466
143.39600000000007,0.00019260599999999795,164.4042,599.1891858000001
143.44600000000003,1.4819999999998723e-05,166.3914,603.1669074000001
143.49599999999998,1.4819999999998723e-05,167.38500000000002,603.1669074000001
143.54600000000005,0.00037039200000001105,165.39780000000002,603.1669074000001
143.596,0.0005481779999999825,166.3914,601.1780466
143.64600000000007,1.4819999999998723e-05,166.3914,605.1557682
143.69600000000003,0.00019260599999999795,166.3914,605.1557682
143.74599999999998,0.00019260599999999795,165.39780000000002,603.1669074000001
143.79600000000005,-0.0003407520000000136,165.39780000000002,603.1669074000001
143.84699999999998,0.00037039200000001105,166.3914,601.1780466
143.89600000000007,1.4819999999998723e-05,164.4042,603.1669074000001
143.94600000000003,0.00019260599999999795,165.39780000000002,603.1669074000001
143.99599999999998,0.00037039200000001105,167.38500000000002,601.1780466
144.04600000000005,0.00019260599999999795,165.39780000000002,603.1669074000001
144.096,0.00037039200000001105,165.39780000000002,603.1669074000001
144.14700000000005,0.00019260599999999795,166.3914,603.1669074000001
144.197,1.4819999999998723e-05,165.39780000000002,603.1669074000001
144.24700000000007,0.00019260599999999795,165.39780000000002,601.1780466
144.29700000000003,0.00037039200000001105,166.3914,599.1891858000001
144.34699999999998,-0.00016296600000001438,164.4042,605.1557682
144.39700000000005,0.00019260599999999795,165.39780000000002,605.1557682
144.447,0.00019260599999999795,164.4042,601.1780466
144.49700000000007,1.4819999999998723e-05,166.3914,605.1557682
144.54700000000003,-0.00016296600000001438,163.41060000000002,603.1669074000001
144.59699999999998,1.4819999999998723e-05,165.39780000000002,603.1669074000001
144.64700000000005,1.4819999999998723e-05,165.39780000000002,603.1669074000001
144.697,0.0005481779999999825,182.28900000000002,601.1780466
144.74700000000007,0.00019260599999999795,300.5274,603.1669074000001
144.79700000000003,0.00037039200000001105,430.68899999999996,603.1669074000001
144.84699999999998,0.0005481779999999825,515.145,603.1669074000001
144.89700000000005,1.4819999999998723e-05,452.5482,603.1669074000001
144.947,-0.00016296600000001438,431.6826,605.1557682
144.99700000000007,0.00019260599999999795,418.7658,603.1669074000001
145.04700000000003,1.4819999999998723e-05,407.83619999999996,603.1669074000001
145.09699999999998,0.00019260599999999795,398.8938,603.1669074000001
145.14700000000005,0.00019260599999999795,388.95779999999996,603.1669074000001
145.197,-0.00016296600000001438,384.9834,605.1557682
145.24700000000007,0.0007259639999999956,401.8746,601.1780466
145.29700000000003,0.0005481779999999825,549.921,603.1669074000001
145.34699999999998,0.0009037499999999948,590.6586000000001,601.1780466
145.39700000000005,1.4819999999998723e-05,581.7162000000001,603.1669074000001
145.447,0.00019260599999999795,533.0298,603.1669074000001
145.49700000000007,1.4819999999998723e-05,507.1962,603.1669074000001
145.54700000000003,0.00019260599999999795,489.3114,605.1557682
145.59699999999998,-0.00016296600000001438,469.4394,603.1669074000001
145.64700000000005,-0.00016296600000001438,454.5354,605.1557682
145.697,0.00019260599999999795,434.66339999999997,603.1669074000001
145.74700000000007,1.4819999999998723e-05,411.81059999999997,605.1557682
145.79700000000003,1.4819999999998723e-05,378.02819999999997,603.1669074000001
145.84699999999998,0.00019260599999999795,330.3354,603.1669074000001
145.89700000000005,1.4819999999998723e-05,277.6746,603.1669074000001
145.947,0.00037039200000001105,225.0138,603.1669074000001
145.99700000000007,-0.00016296600000001438,178.3146,603.1669074000001
146.04700000000003,1.4819999999998723e-05,150.49380000000002,601.1780466
146.09699999999998,-0.0003407520000000136,137.577,599.1891858000001
146.14700000000005,0.00019260599999999795,136.5834,601.1780466
146.197,1.4819999999998723e-05,138.5706,603.1669074000001
146.24700000000007,0.00019260599999999795,141.5514,603.1669074000001
146.29700000000003,0.00019260599999999795,144.53220000000002,603.1669074000001
146.34699999999998,1.4819999999998723e-05,144.53220000000002,603.1669074000001
146.39700000000005,1.4819999999998723e-05,148.50660000000002,605.1557682
146.447,0.00037039200000001105,151.4874,601.1780466
146.49700000000007,1.4819999999998723e-05,153.4746,603.1669074000001
146.54700000000003,-0.00016296600000001438,156.4554,603.1669074000001
146.59699999999998,0.00037039200000001105,159.4362,603.1669074000001
146.64700000000005,1.4819999999998723e-05,161.42340000000002,603.1669074000001
146.697,0.00019260599999999795,162.417,601.1780466
146.74700000000007,0.00019260599999999795,165.39780000000002,605.1557682
146.79700000000003,0.00019260599999999795,165.39780000000002,603.1669074000001
146.84699999999998,0.00037039200000001105,167.38500000000002,603.1669074000001
146.89700000000005,1.4819999999998723e-05,167.38500000000002,605.1557682
146.94799999999998,1.4819999999998723e-05,168.3786,601.1780466
146.99800000000005,0.0005481779999999825,168.3786,599.1891858000001
147.04700000000003,1.4819999999998723e-05,169.37220000000002,605.1557682
147.09699999999998,0.00019260599999999795,171.35940000000002,601.1780466
147.14700000000005,1.4819999999998723e-05,169.37220000000002,603.1669074000001
147.197,0.00037039200000001105,169.37220000000002,603.1669074000001
147.24800000000005,0.00019260599999999795,169.37220000000002,603.1669074000001
147.298,0.00037039200000001105,167.38500000000002,601.1780466
147.34800000000007,1.4819999999998723e-05,167.38500000000002,605.1557682
147.39800000000002,1.4819999999998723e-05,167.38500000000002,605.1557682
147.44799999999998,-0.00016296600000001438,163.41060000000002,601.1780466
147.49800000000005,0.00019260599999999795,164.4042,603.1669074000001
147.548,1.4819999999998723e-05,162.417,603.1669074000001
147.59800000000007,1.4819999999998723e-05,162.417,605.1557682
147.64800000000002,1.4819999999998723e-05,160.4298,605.1557682
147.69799999999998,0.00019260599999999795,161.42340000000002,603.1669074000001
147.74800000000005,1.4819999999998723e-05,158.4426,601.1780466
147.798,0.00019260599999999795,158.4426,601.1780466
147.84800000000007,0.00019260599999999795,154.4682,603.1669074000001
147.89800000000002,-0.00016296600000001438,154.4682,603.1669074000001
147.94799999999998,1.4819999999998723e-05,153.4746,605.1557682
147.99800000000005,0.00019260599999999795,152.481,603.1669074000001
148.048,0.00019260599999999795,152.481,603.1669074000001
148.09800000000007,0.00037039200000001105,150.49380000000002,603.1669074000001
148.14800000000002,1.4819999999998723e-05,147.513,603.1669074000001
148.19799999999998,0.00019260599999999795,146.51940000000002,603.1669074000001
148.24800000000005,0.00019260599999999795,145.5258,605.1557682
148.298,0.00019260599999999795,143.5386,603.1669074000001
148.34800000000007,-0.00016296600000001438,142.54500000000002,603.1669074000001
148.39800000000002,0.00037039200000001105,141.5514,603.1669074000001
148.44799999999998,1.4819999999998723e-05,139.5642,603.1669074000001
148.49800000000005,0.00019260599999999795,138.5706,603.1669074000001
148.548,1.4819999999998723e-05,136.5834,601.1780466
148.59800000000007,0.00019260599999999795,137.577,601.1780466
148.64800000000002,1.4819999999998723e-05,135.5898,603.1669074000001
148.69799999999998,0.00019260599999999795,134.5962,603.1669074000001
148.74800000000005,0.00019260599999999795,133.6026,603.1669074000001
148.798,0.00019260599999999795,130.6218,601.1780466
148.84800000000007,1.4819999999998723e-05,130.6218,601.1780466
148.89800000000002,0.00037039200000001105,130.6218,601.1780466
148.94799999999998,-0.0003407520000000136,128.6346,603.1669074000001
148.99800000000005,0.00019260599999999795,128.6346,603.1669074000001
149.048,1.4819999999998723e-05,127.641,601.1780466
149.09800000000007,1.4819999999998723e-05,128.6346,605.1557682
149.14800000000002,1.4819999999998723e-05,126.6474,605.1557682
149.19799999999998,-0.0003407520000000136,124.6602,601.1780466
149.24800000000005,0.00019260599999999795,127.641,601.1780466
149.298,0.00037039200000001105,128.6346,603.1669074000001
149.34800000000007,1.4819999999998723e-05,126.6474,603.1669074000001
149.39800000000002,1.4819999999998723e-05,127.641,603.1669074000001
149.44799999999998,-0.00016296600000001438,129.6282,605.1557682
149.49800000000005,-0.00016296600000001438,128.6346,605.1557682
149.548,-0.0003407520000000136,129.6282,605.1557682
149.59800000000007,1.4819999999998723e-05,130.6218,605.1557682
149.64800000000002,0.00019260599999999795,130.6218,603.1669074000001
149.69799999999998,1.4819999999998723e-05,131.6154,603.1669074000001
149.74800000000005,0.00019260599999999795,132.609,603.1669074000001
149.798,0.00037039200000001105,134.5962,601.1780466
149.84800000000007,0.00037039200000001105,135.5898,601.1780466
149.89800000000002,1.4819999999998723e-05,134.5962,603.1669074000001
149.94799999999998,1.4819999999998723e-05,135.5898,603.1669074000001
149.99800000000005,1.4819999999998723e-05,137.577,601.1780466
150.048,0.00019260599999999795,138.5706,603.1669074000001
150.09900000000005,0.00037039200000001105,140.55780000000001,603.1669074000001
150.149,-0.00016296600000001438,140.55780000000001,601.1780466
150.19799999999998,1.4819999999998723e-05,141.5514,603.1669074000001
150.24800000000005,-0.00016296600000001438,143.5386,603.1669074000001
150.298,1.4819999999998723e-05,142.54500000000002,601.1780466
150.34800000000007,0.00037039200000001105,147.513,603.1669074000001
150.399,1.4819999999998723e-05,147.513,607.1446289999999
150.44900000000007,-0.00016296600000001438,146.51940000000002,605.1557682
150.49900000000002,1.4819999999998723e-05,148.50660000000002,605.1557682
150.54899999999998,-0.0003407520000000136,147.513,603.1669074000001
150.59900000000005,1.4819999999998723e-05,150.49380000000002,601.1780466
150.649,0.00019260599999999795,152.481,601.1780466
150.69900000000007,1.4819999999998723e-05,151.4874,603.1669074000001
150.74900000000002,-0.00016296600000001438,151.4874,603.1669074000001
150.79899999999998,-0.00016296600000001438,153.4746,603.1669074000001
150.84900000000005,0.00019260599999999795,156.4554,603.1669074000001
150.899,0.00037039200000001105,158.4426,601.1780466
150.94900000000007,1.4819999999998723e-05,158.4426,605.1557682
150.99900000000002,0.00019260599999999795,156.4554,601.1780466
151.04899999999998,0.00019260599999999795,159.4362,601.1780466
151.09900000000005,1.4819999999998723e-05,160.4298,603.1669074000001
151.149,0.00019260599999999795,160.4298,601.1780466
151.19900000000007,1.4819999999998723e-05,160.4298,603.1669074000001
151.24900000000002,-0.0003407520000000136,159.4362,603.1669074000001
151.29899999999998,-0.00016296600000001438,162.417,605.1557682
151.34900000000005,0.00019260599999999795,160.4298,601.1780466
151.399,1.4819999999998723e-05,162.417,603.1669074000001
151.44900000000007,1.4819999999998723e-05,165.39780000000002,607.1446289999999
151.49900000000002,-0.0003407520000000136,161.42340000000002,603.1669074000001
151.54899999999998,0.00019260599999999795,165.39780000000002,603.1669074000001
151.59900000000005,0.00037039200000001105,164.4042,601.1780466
151.649,0.00019260599999999795,165.39780000000002,601.1780466
151.69900000000007,0.00019260599999999795,165.39780000000002,603.1669074000001
151.74900000000002,0.00037039200000001105,164.4042,601.1780466
151.79899999999998,-0.00016296600000001438,164.4042,603.1669074000001
151.84900000000005,0.00019260599999999795,165.39780000000002,601.1780466
151.899,1.4819999999998723e-05,164.4042,603.1669074000001
151.94900000000007,0.00019260599999999795,164.4042,599.1891858000001
151.99900000000002,1.4819999999998723e-05,165.39780000000002,603.1669074000001
152.04899999999998,-0.00016296600000001438,164.4042,605.1557682
152.09900000000005,0.00019260599999999795,165.39780000000002,603.1669074000001
152.149,1.4819999999998723e-05,166.3914,603.1669074000001
152.19900000000007,-0.00016296600000001438,164.4042,603.1669074000001
152.24900000000002,0.00037039200000001105,164.4042,601.1780466
152.29899999999998,1.4819999999998723e-05,164.4042,603.1669074000001
152.34900000000005,0.00019260599999999795,164.4042,601.1780466
152.399,1.4819999999998723e-05,163.41060000000002,603.1669074000001
152.44900000000007,0.00019260599999999795,165.39780000000002,603.1669074000001
152.49900000000002,1.4819999999998723e-05,163.41060000000002,601.1780466
152.54899999999998,0.00019260599999999795,164.4042,603.1669074000001
152.59900000000005,-0.0003407520000000136,163.41060000000002,605.1557682
152.649,0.00019260599999999795,164.4042,603.1669074000001
152.69900000000007,0.00019260599999999795,164.4042,605.1557682
152.74900000000002,-0.00016296600000001438,162.417,603.1669074000001
152.79899999999998,1.4819999999998723e-05,162.417,603.1669074000001
152.84900000000005,1.4819999999998723e-05,161.42340000000002,603.1669074000001
152.899,0.00037039200000001105,161.42340000000002,603.1669074000001
152.94900000000007,1.4819999999998723e-05,161.42340000000002,601.1780466
152.99900000000002,0.00037039200000001105,162.417,601.1780466
153.04899999999998,0.00019260599999999795,163.41060000000002,603.1669074000001
153.09900000000005,0.00037039200000001105,163.41060000000002,601.1780466
153.149,1.4819999999998723e-05,160.4298,603.1669074000001
153.19900000000007,0.00019260599999999795,161.42340000000002,603.1669074000001
153.25,-0.0003407520000000136,159.4362,603.1669074000001
153.30000000000007,1.4819999999998723e-05,159.4362,599.1891858000001
153.34900000000005,0.00019260599999999795,161.42340000000002,601.1780466
153.399,0.00019260599999999795,161.42340000000002,603.1669074000001
153.44900000000007,-0.00016296600000001438,159.4362,603.1669074000001
153.5,0.00019260599999999795,160.4298,601.1780466
153.55000000000007,-0.00016296600000001438,159.4362,605.1557682
153.60000000000002,0.00019260599999999795,158.4426,601.1780466
153.64999999999998,-0.00016296600000001438,160.4298,603.1669074000001
153.70000000000005,-0.0003407520000000136,159.4362,603.1669074000001
153.75,-0.00016296600000001438,158.4426,603.1669074000001
153.80000000000007,1.4819999999998723e-05,159.4362,603.1669074000001
153.85000000000002,0.00019260599999999795,161.42340000000002,603.1669074000001
153.89999999999998,1.4819999999998723e-05,160.4298,603.1669074000001
153.95000000000005,1.4819999999998723e-05,158.4426,603.1669074000001
154.0,0.00019260599999999795,160.4298,605.1557682
154.05000000000007,1.4819999999998723e-05,160.4298,605.1557682
154.10000000000002,0.00019260599999999795,160.4298,601.1780466
154.14999999999998,0.00019260599999999795,161.42340000000002,603.1669074000001
154.20000000000005,-0.00016296600000001438,159.4362,601.1780466
154.25,1.4819999999998723e-05,161.42340000000002,605.1557682
154.30000000000007,-0.00016296600000001438,160.4298,605.1557682
154.35000000000002,1.4819999999998723e-05,158.4426,603.1669074000001
154.39999999999998,-0.00016296600000001438,159.4362,603.1669074000001
154.45000000000005,0.00037039200000001105,160.4298,601.1780466
154.5,0.00019260599999999795,160.4298,603.1669074000001
154.55000000000007,0.00037039200000001105,161.42340000000002,601.1780466
154.60000000000002,0.00019260599999999795,159.4362,603.1669074000001
154.64999999999998,0.00019260599999999795,160.4298,601.1780466
154.70000000000005,-0.00016296600000001438,162.417,605.1557682
154.75,1.4819999999998723e-05,161.42340000000002,603.1669074000001
154.80000000000007,1.4819999999998723e-05,162.417,603.1669074000001
154.85000000000002,0.00037039200000001105,162.417,601.1780466
154.89999999999998,1.4819999999998723e-05,162.417,603.1669074000001
154.95000000000005,-0.00016296600000001438,161.42340000000002,605.1557682
155.0,0.00019260599999999795,163.41060000000002,603.1669074000001
155.05000000000007,0.00019260599999999795,163.41060000000002,601.1780466
155.10000000000002,0.0005481779999999825,163.41060000000002,601.1780466
155.14999999999998,-0.00016296600000001438,162.417,605.1557682
155.20000000000005,1.4819999999998723e-05,163.41060000000002,605.1557682
155.25,1.4819999999998723e-05,162.417,603.1669074000001
155.30000000000007,1.4819999999998723e-05,163.41060000000002,605.1557682
155.35000000000002,0.00037039200000001105,164.4042,601.1780466
155.39999999999998,0.00037039200000001105,164.4042,603.1669074000001
155.45000000000005,1.4819999999998723e-05,164.4042,605.1557682
155.5,1.4819999999998723e-05,166.3914,603.1669074000001
155.55000000000007,1.4819999999998723e-05,161.42340000000002,601.1780466
155.60000000000002,0.00019260599999999795,165.39780000000002,603.1669074000001
155.64999999999998,1.4819999999998723e-05,164.4042,603.1669074000001
155.70000000000005,1.4819999999998723e-05,165.39780000000002,605.1557682
155.75,1.4819999999998723e-05,163.41060000000002,603.1669074000001
155.80000000000007,0.0005481779999999825,167.38500000000002,603.1669074000001
155.85000000000002,0.00019260599999999795,163.41060000000002,603.1669074000001
155.89999999999998,0.00019260599999999795,165.39780000000002,603.1669074000001
155.95100000000002,-0.00016296600000001438,165.39780000000002,603.1669074000001
156.0,0.00019260599999999795,163.41060000000002,601.1780466
156.05000000000007,1.4819999999998723e-05,164.4042,601.1780466
156.10000000000002,0.00019260599999999795,165.39780000000002,603.1669074000001
156.14999999999998,0.00019260599999999795,167.38500000000002,603.1669074000001
156.20000000000005,1.4819999999998723e-05,164.4042,605.1557682
156.25,1.4819999999998723e-05,163.41060000000002,603.1669074000001
156.30000000000007,0.00019260599999999795,165.39780000000002,603.1669074000001
156.35000000000002,-0.00016296600000001438,164.4042,605.1557682
156.40100000000007,0.00019260599999999795,165.39780000000002,601.1780466
156.45100000000002,-0.00016296600000001438,165.39780000000002,605.1557682
156.5,0.00019260599999999795,164.4042,603.1669074000001
156.55000000000007,0.00019260599999999795,166.3914,603.1669074000001
156.60000000000002,0.00019260599999999795,165.39780000000002,603.1669074000001
156.65100000000007,0.00019260599999999795,164.4042,603.1669074000001
156.70100000000002,0.00037039200000001105,165.39780000000002,601.1780466
156.75099999999998,0.00019260599999999795,166.3914,603.1669074000001
156.80100000000004,-0.00016296600000001438,163.41060000000002,605.1557682
156.851,0.00037039200000001105,165.39780000000002,603.1669074000001
156.90100000000007,-0.00016296600000001438,163.41060000000002,603.1669074000001
156.95100000000002,1.4819999999998723e-05,165.39780000000002,603.1669074000001
157.00099999999998,1.4819999999998723e-05,165.39780000000002,605.1557682
157.05100000000004,1.4819999999998723e-05,165.39780000000002,605.1557682
157.101,0.00019260599999999795,164.4042,603.1669074000001
157.15100000000007,0.00037039200000001105,164.4042,603.1669074000001
157.20100000000002,0.00037039200000001105,165.39780000000002,601.1780466
157.25099999999998,0.00037039200000001105,165.39780000000002,603.1669074000001
157.30100000000004,1.4819999999998723e-05,164.4042,605.1557682
157.351,1.4819999999998723e-05,163.41060000000002,603.1669074000001
157.40100000000007,0.00019260599999999795,166.3914,603.1669074000001
157.45100000000002,1.4819999999998723e-05,164.4042,603.1669074000001
157.50099999999998,-0.00016296600000001438,163.41060000000002,605.1557682
157.55100000000004,0.00019260599999999795,164.4042,603.1669074000001
157.601,1.4819999999998723e-05,164.4042,605.1557682
157.65100000000007,1.4819999999998723e-05,165.39780000000002,603.1669074000001
157.70100000000002,0.00019260599999999795,163.41060000000002,603.1669074000001
157.75099999999998,0.00019260599999999795,164.4042,603.1669074000001
157.80100000000004,-0.00016296600000001438,164.4042,605.1557682
157.851,0.0005481779999999825,165.39780000000002,601.1780466
157.90100000000007,0.00037039200000001105,164.4042,603.1669074000001
157.95100000000002,1.4819999999998723e-05,165.39780000000002,603.1669074000001
158.00099999999998,-0.00016296600000001438,163.41060000000002,605.1557682
158.05100000000004,0.00019260599999999795,163.41060000000002,603.1669074000001
158.101,0.00037039200000001105,163.41060000000002,601.1780466
158.15100000000007,0.00019260599999999795,163.41060000000002,603.1669074000001
158.20100000000002,0.00019260599999999795,165.39780000000002,605.1557682
158.25099999999998,1.4819999999998723e-05,165.39780000000002,601.1780466
158.30100000000004,0.00037039200000001105,163.41060000000002,601.1780466
158.351,1.4819999999998723e-05,163.41060000000002,603.1669074000001
158.40100000000007,1.4819999999998723e-05,164.4042,605.1557682
158.45100000000002,0.00037039200000001105,165.39780000000002,603.1669074000001
158.50099999999998,1.4819999999998723e-05,165.39780000000002,603.1669074000001
158.55100000000004,0.00019260599999999795,163.41060000000002,601.1780466
158.601,-0.00016296600000001438,165.39780000000002,605.1557682
158.65100000000007,0.00019260599999999795,163.41060000000002,601.1780466
158.70100000000002,0.00037039200000001105,165.39780000000002,601.1780466
158.75099999999998,0.00019260599999999795,164.4042,603.1669074000001
158.80100000000004,0.00019260599999999795,164.4042,603.1669074000001
158.851,1.4819999999998723e-05,166.3914,603.1669074000001
158.90100000000007,1.4819999999998723e-05,164.4042,601.1780466
158.95100000000002,0.00037039200000001105,165.39780000000002,601.1780466
159.00099999999998,1.4819999999998723e-05,164.4042,603.1669074000001
159.05100000000004,0.00037039200000001105,165.39780000000002,603.1669074000001
159.101,1.4819999999998723e-05,162.417,603.1669074000001
159.15100000000007,1.4819999999998723e-05,164.4042,607.1446289999999
159.20100000000002,0.00019260599999999795,165.39780000000002,603.1669074000001
159.25099999999998,0.00037039200000001105,164.4042,599.1891858000001
159.30100000000004,0.00019260599999999795,166.3914,605.1557682
159.351,0.00037039200000001105,166.3914,601.1780466
159.40100000000007,0.00019260599999999795,165.39780000000002,603.1669074000001
159.45100000000002,-0.00016296600000001438,164.4042,603.1669074000001
159.50099999999998,0.00019260599999999795,164.4042,603.1669074000001
159.55200000000002,1.4819999999998723e-05,164.4042,605.1557682
159.60199999999998,1.4819999999998723e-05,163.41060000000002,603.1669074000001
159.65100000000007,-0.00016296600000001438,164.4042,601.1780466
159.70100000000002,0.00037039200000001105,166.3914,603.1669074000001
159.75200000000007,0.00037039200000001105,165.39780000000002,601.1780466
159.80200000000002,0.00019260599999999795,165.39780000000002,603.1669074000001
159.85199999999998,0.00019260599999999795,165.39780000000002,599.1891858000001
159.90200000000004,0.00019260599999999795,165.39780000000002,603.1669074000001
159.952,0.00019260599999999795,165.39780000000002,601.1780466
160.00200000000007,0.00019260599999999795,165.39780000000002,603.1669074000001
160.05200000000002,0.00019260599999999795,164.4042,599.1891858000001
160.10199999999998,0.00037039200000001105,165.39780000000002,601.1780466
160.15200000000004,0.00019260599999999795,163.41060000000002,601.1780466
160.202,1.4819999999998723e-05,164.4042,603.1669074000001
160.25200000000007,0.00019260599999999795,166.3914,603.1669074000001
160.30200000000002,0.00019260599999999795,165.39780000000002,603.1669074000001
160.35199999999998,1.4819999999998723e-05,165.39780000000002,605.1557682
160.40200000000004,-0.00016296600000001438,165.39780000000002,603.1669074000001
160.452,0.00019260599999999795,165.39780000000002,603.1669074000001
160.50200000000007,0.00037039200000001105,163.41060000000002,601.1780466
160.55200000000002,0.00019260599999999795,165.39780000000002,601.1780466
160.60199999999998,1.4819999999998723e-05,165.39780000000002,603.1669074000001
160.65200000000004,1.4819999999998723e-05,165.39780000000002,603.1669074000001
160.702,0.00019260599999999795,164.4042,603.1669074000001
160.75200000000007,1.4819999999998723e-05,164.4042,603.1669074000001
160.80200000000002,0.00037039200000001105,165.39780000000002,603.1669074000001
160.85199999999998,0.00019260599999999795,167.38500000000002,603.1669074000001
160.90200000000004,0.00019260599999999795,167.38500000000002,603.1669074000001
160.952,1.4819999999998723e-05,164.4042,603.1669074000001
161.00200000000007,1.4819999999998723e-05,163.41060000000002,603.1669074000001
161.05200000000002,0.00019260599999999795,165.39780000000002,605.1557682
161.10199999999998,0.00019260599999999795,165.39780000000002,601.1780466
161.15200000000004,0.00019260599999999795,164.4042,603.1669074000001
161.202,1.4819999999998723e-05,164.4042,601.1780466
161.25200000000007,1.4819999999998723e-05,164.4042,603.1669074000001
161.30200000000002,0.00019260599999999795,166.3914,603.1669074000001
161.35199999999998,0.00019260599999999795,164.4042,601.1780466
161.40200000000004,-0.0003407520000000136,163.41060000000002,603.1669074000001
161.452,1.4819999999998723e-05,164.4042,603.1669074000001
161.50200000000007,0.00019260599999999795,164.4042,601.1780466
161.55200000000002,1.4819999999998723e-05,164.4042,603.1669074000001
161.60199999999998,0.00019260599999999795,165.39780000000002,603.1669074000001
161.65200000000004,0.00037039200000001105,167.38500000000002,601.1780466
161.702,1.4819999999998723e-05,165.39780000000002,603.1669074000001
161.75200000000007,0.00019260599999999795,164.4042,601.1780466
161.80200000000002,0.00019260599999999795,165.39780000000002,603.1669074000001
161.85199999999998,-0.00016296600000001438,165.39780000000002,605.1557682
161.90200000000004,0.00019260599999999795,165.39780000000002,605.1557682
161.952,0.00019260599999999795,164.4042,601.1780466
162.00200000000007,0.00019260599999999795,166.3914,605.1557682
162.05200000000002,1.4819999999998723e-05,164.4042,603.1669074000001
162.10199999999998,0.00019260599999999795,166.3914,601.1780466
162.15200000000004,-0.00016296600000001438,163.41060000000002,603.1669074000001
162.202,0.00019260599999999795,167.38500000000002,603.1669074000001
162.25200000000007,-0.00016296600000001438,164.4042,605.1557682
162.30200000000002,1.4819999999998723e-05,164.4042,603.1669074000001
162.35199999999998,-0.00016296600000001438,166.3914,605.1557682
162.40200000000004,0.00019260599999999795,165.39780000000002,603.1669074000001
162.452,0.00019260599999999795,163.41060000000002,601.1780466
162.50200000000007,0.0005481779999999825,166.3914,603.1669074000001
162.55200000000002,0.00037039200000001105,165.39780000000002,603.1669074000001
162.60199999999998,1.4819999999998723e-05,167.38500000000002,605.1557682
162.65200000000004,0.00037039200000001105,165.39780000000002,601.1780466
162.70299999999997,0.00019260599999999795,165.39780000000002,603.1669074000001
162.75300000000004,1.4819999999998723e-05,164.4042,603.1669074000001
162.80200000000002,0.00019260599999999795,166.3914,603.1669074000001
162.85199999999998,1.4819999999998723e-05,165.39780000000002,603.1669074000001
162.90300000000002,1.4819999999998723e-05,166.3914,605.1557682
162.95299999999997,1.4819999999998723e-05,165.39780000000002,605.1557682
163.00300000000004,-0.00016296600000001438,165.39780000000002,605.1557682
163.053,-0.00016296600000001438,165.39780000000002,605.1557682
163.10300000000007,0.00019260599999999795,163.41060000000002,603.1669074000001
163.15300000000002,-0.00016296600000001438,163.41060000000002,603.1669074000001
163.20299999999997,1.4819999999998723e-05,163.41060000000002,601.1780466
163.25300000000004,0.00037039200000001105,165.39780000000002,601.1780466
163.303,1.4819999999998723e-05,163.41060000000002,603.1669074000001
163.35300000000007,0.00037039200000001105,165.39780000000002,603.1669074000001
163.40300000000002,0.00037039200000001105,165.39780000000002,601.1780466
163.45299999999997,0.00019260599999999795,163.41060000000002,601.1780466
163.50300000000004,-0.00016296600000001438,165.39780000000002,605.1557682
163.553,-0.00016296600000001438,166.3914,605.1557682
163.60300000000007,1.4819999999998723e-05,165.39780000000002,603.1669074000001
163.65300000000002,0.00019260599999999795,164.4042,601.1780466
163.70299999999997,0.00019260599999999795,166.3914,603.1669074000001
163.75300000000004,0.00037039200000001105,166.3914,603.1669074000001
163.803,0.00019260599999999795,164.4042,603.1669074000001
163.85300000000007,0.00019260599999999795,165.39780000000002,601.1780466
163.90300000000002,-0.00016296600000001438,164.4042,603.1669074000001
163.95299999999997,0.00019260599999999795,163.41060000000002,603.1669074000001
164.00300000000004,0.00019260599999999795,165.39780000000002,603.1669074000001
164.053,0.00019260599999999795,168.3786,603.1669074000001
164.10300000000007,-0.00016296600000001438,164.4042,603.1669074000001
164.15300000000002,1.4819999999998723e-05,165.39780000000002,605.1557682
164.20299999999997,-0.00016296600000001438,166.3914,603.1669074000001
164.25300000000004,-0.00016296600000001438,165.39780000000002,605.1557682
164.303,-0.00016296600000001438,165.39780000000002,605.1557682
164.35300000000007,1.4819999999998723e-05,163.41060000000002,601.1780466
164.40300000000002,0.00037039200000001105,165.39780000000002,601.1780466
164.45299999999997,0.00019260599999999795,166.3914,605.1557682
164.50300000000004,-0.0003407520000000136,164.4042,603.1669074000001
164.553,0.00019260599999999795,167.38500000000002,603.1669074000001
164.60300000000007,-0.00016296600000001438,166.3914,603.1669074000001
164.65300000000002,0.00037039200000001105,165.39780000000002,601.1780466
164.70299999999997,1.4819999999998723e-05,165.39780000000002,605.1557682
164.75300000000004,0.00019260599999999795,165.39780000000002,603.1669074000001
164.803,1.4819999999998723e-05,164.4042,603.1669074000001
164.85300000000007,0.00019260599999999795,166.3914,603.1669074000001
164.90300000000002,-0.00016296600000001438,164.4042,607.1446289999999
164.95299999999997,1.4819999999998723e-05,165.39780000000002,603.1669074000001
165.00300000000004,0.00019260599999999795,165.39780000000002,605.1557682
165.053,-0.00016296600000001438,164.4042,605.1557682
165.10300000000007,0.00019260599999999795,166.3914,605.1557682
165.15300000000002,-0.00016296600000001438,166.3914,603.1669074000001
165.20299999999997,0.00019260599999999795,166.3914,603.1669074000001
165.25300000000004,1.4819999999998723e-05,165.39780000000002,605.1557682
165.303,1.4819999999998723e-05,165.39780000000002,603.1669074000001
165.35300000000007,0.00019260599999999795,167.38500000000002,605.1557682
165.404,0.00019260599999999795,165.39780000000002,601.1780466
165.45299999999997,-0.00016296600000001438,167.38500000000002,605.1557682
165.50300000000004,-0.00016296600000001438,165.39780000000002,605.1557682
165.553,0.00037039200000001105,166.3914,601.1780466
165.60300000000007,-0.00016296600000001438,164.4042,605.1557682
165.65300000000002,0.00019260599999999795,165.39780000000002,603.1669074000001
165.70299999999997,1.4819999999998723e-05,165.39780000000002,603.1669074000001
165.75300000000004,0.00037039200000001105,166.3914,603.1669074000001
165.803,1.4819999999998723e-05,163.41060000000002,601.1780466
165.85400000000004,0.00019260599999999795,164.4042,603.1669074000001
165.904,0.00019260599999999795,165.39780000000002,601.1780466
165.95299999999997,-0.00016296600000001438,165.39780000000002,605.1557682
166.00400000000002,-0.00016296600000001438,164.4042,603.1669074000001
166.05399999999997,1.4819999999998723e-05,164.4042,603.1669074000001
166.10400000000004,1.4819999999998723e-05,165.39780000000002,603.1669074000001
166.154,1.4819999999998723e-05,165.39780000000002,603.1669074000001
166.20400000000006,1.4819999999998723e-05,163.41060000000002,603.1669074000001
166.25400000000002,0.00019260599999999795,165.39780000000002,603.1669074000001
166.30399999999997,-0.00016296600000001438,163.41060000000002,605.1557682
166.35400000000004,1.4819999999998723e-05,164.4042,603.1669074000001
166.404,1.4819999999998723e-05,167.38500000000002,605.1557682
166.45400000000006,1.4819999999998723e-05,166.3914,603.1669074000001
166.50400000000002,1.4819999999998723e-05,165.39780000000002,603.1669074000001
166.55399999999997,0.00019260599999999795,166.3914,603.1669074000001
166.60400000000004,0.00019260599999999795,165.39780000000002,603.1669074000001
166.654,1.4819999999998723e-05,163.41060000000002,603.1669074000001
166.70400000000006,1.4819999999998723e-05,164.4042,605.1557682
166.75400000000002,0.00037039200000001105,166.3914,603.1669074000001
166.80399999999997,-0.0003407520000000136,163.41060000000002,603.1669074000001
166.85400000000004,1.4819999999998723e-05,165.39780000000002,605.1557682
166.904,0.00019260599999999795,165.39780000000002,603.1669074000001
166.95400000000006,-0.00016296600000001438,162.417,601.1780466
167.00400000000002,-0.00016296600000001438,165.39780000000002,605.1557682
167.05399999999997,0.00019260599999999795,166.3914,603.1669074000001
167.10400000000004,1.4819999999998723e-05,164.4042,605.1557682
167.154,0.00019260599999999795,165.39780000000002,601.1780466
167.20400000000006,-0.00016296600000001438,163.41060000000002,603.1669074000001
167.25400000000002,0.00037039200000001105,166.3914,605.1557682
167.30399999999997,0.00019260599999999795,165.39780000000002,603.1669074000001
167.35400000000004,-0.00016296600000001438,164.4042,603.1669074000001
167.404,0.00019260599999999795,164.4042,601.1780466
167.45400000000006,1.4819999999998723e-05,165.39780000000002,605.1557682
167.50400000000002,0.00019260599999999795,165.39780000000002,603.1669074000001
167.55399999999997,1.4819999999998723e-05,166.3914,603.1669074000001
167.60400000000004,-0.00016296600000001438,163.41060000000002,603.1669074000001
167.654,0.00019260599999999795,166.3914,603.1669074000001
167.70400000000006,0.00019260599999999795,165.39780000000002,603.1669074000001
167.75400000000002,-0.00016296600000001438,165.39780000000002,605.1557682
167.80399999999997,0.00019260599999999795,166.3914,603.1669074000001
167.85400000000004,0.00037039200000001105,166.3914,603.1669074000001
167.904,1.4819999999998723e-05,164.4042,601.1780466
167.95400000000006,0.00019260599999999795,167.38500000000002,605.1557682
168.00400000000002,-0.00016296600000001438,165.39780000000002,603.1669074000001
168.05399999999997,0.00019260599999999795,164.4042,601.1780466
168.10400000000004,1.4819999999998723e-05,165.39780000000002,603.1669074000001
168.154,1.4819999999998723e-05,166.3914,605.1557682
168.20400000000006,0.00019260599999999795,167.38500000000002,605.1557682
168.25400000000002,1.4819999999998723e-05,167.38500000000002,605.1557682
168.30399999999997,0.00019260599999999795,165.39780000000002,605.1557682
168.35400000000004,1.4819999999998723e-05,165.39780000000002,603.1669074000001
168.404,1.4819999999998723e-05,164.4042,603.1669074000001
168.45400000000006,-0.00016296600000001438,164.4042,603.1669074000001
168.50400000000002,0.00019260599999999795,165.39780000000002,605.1557682
168.55399999999997,0.00037039200000001105,166.3914,601.1780466
168.60400000000004,1.4819999999998723e-05,166.3914,603.1669074000001
168.654,0.00019260599999999795,166.3914,601.1780466
168.70400000000006,0.00019260599999999795,165.39780000000002,603.1669074000001
168.75400000000002,0.00037039200000001105,166.3914,601.1780466
168.80399999999997,0.00019260599999999795,166.3914,605.1557682
168.85400000000004,0.00019260599999999795,166.3914,601.1780466
168.904,1.4819999999998723e-05,167.38500000000002,603.1669074000001
168.95500000000004,1.4819999999998723e-05,165.39780000000002,601.1780466
169.005,1.4819999999998723e-05,164.4042,603.1669074000001
169.05399999999997,0.00019260599999999795,166.3914,603.1669074000001
169.10400000000004,0.00019260599999999795,168.3786,603.1669074000001
169.15499999999997,0.00037039200000001105,165.39780000000002,601.1780466
169.20500000000004,0.00037039200000001105,166.3914,601.1780466
169.255,0.00019260599999999795,164.4042,603.1669074000001
169.30500000000006,1.4819999999998723e-05,165.39780000000002,605.1557682
169.35500000000002,1.4819999999998723e-05,165.39780000000002,603.1669074000001
169.40499999999997,1.4819999999998723e-05,164.4042,603.1669074000001
169.45500000000004,1.4819999999998723e-05,166.3914,603.1669074000001
169.505,0.00019260599999999795,165.39780000000002,603.1669074000001
169.55500000000006,1.4819999999998723e-05,166.3914,605.1557682
169.60500000000002,0.00037039200000001105,165.39780000000002,601.1780466
169.65499999999997,0.00019260599999999795,164.4042,603.1669074000001
169.70500000000004,1.4819999999998723e-05,164.4042,603.1669074000001
169.755,0.00019260599999999795,165.39780000000002,605.1557682
169.80500000000006,0.00019260599999999795,165.39780000000002,603.1669074000001
169.85500000000002,0.00037039200000001105,165.39780000000002,603.1669074000001
169.90499999999997,0.00019260599999999795,165.39780000000002,601.1780466
169.95500000000004,-0.00016296600000001438,165.39780000000002,603.1669074000001
170.005,1.4819999999998723e-05,165.39780000000002,605.1557682
170.05500000000006,0.00019260599999999795,166.3914,603.1669074000001
170.10500000000002,1.4819999999998723e-05,165.39780000000002,605.1557682
170.15499999999997,0.00037039200000001105,165.39780000000002,601.1780466
170.20500000000004,1.4819999999998723e-05,165.39780000000002,603.1669074000001
170.255,0.00037039200000001105,167.38500000000002,603.1669074000001
170.30500000000006,-0.0003407520000000136,163.41060000000002,603.1669074000001
170.35500000000002,0.00019260599999999795,166.3914,601.1780466
170.40499999999997,0.00019260599999999795,166.3914,603.1669074000001
170.45500000000004,0.00037039200000001105,167.38500000000002,603.1669074000001
170.505,0.00019260599999999795,164.4042,603.1669074000001
170.55500000000006,1.4819999999998723e-05,165.39780000000002,605.1557682
170.60500000000002,1.4819999999998723e-05,165.39780000000002,603.1669074000001
170.65499999999997,1.4819999999998723e-05,165.39780000000002,601.1780466
170.70500000000004,0.00019260599999999795,165.39780000000002,603.1669074000001
170.755,0.00019260599999999795,166.3914,603.1669074000001
170.80500000000006,0.00037039200000001105,165.39780000000002,601.1780466
170.85500000000002,0.00019260599999999795,166.3914,603.1669074000001
170.90499999999997,1.4819999999998723e-05,166.3914,601.1780466
170.95500000000004,0.00037039200000001105,166.3914,601.1780466
171.005,0.00037039200000001105,166.3914,603.1669074000001
171.05500000000006,-0.00016296600000001438,165.39780000000002,603.1669074000001
171.10500000000002,0.00019260599999999795,166.3914,601.1780466
171.15499999999997,1.4819999999998723e-05,166.3914,603.1669074000001
171.20500000000004,0.00019260599999999795,165.39780000000002,601.1780466
171.255,0.00019260599999999795,165.39780000000002,603.1669074000001
171.30500000000006,0.00019260599999999795,166.3914,603.1669074000001
171.35500000000002,-0.00016296600000001438,165.39780000000002,603.1669074000001
171.40499999999997,0.00019260599999999795,165.39780000000002,603.1669074000001
171.45500000000004,1.4819999999998723e-05,164.4042,605.1557682
171.505,1.4819999999998723e-05,166.3914,603.1669074000001
171.55500000000006,-0.00016296600000001438,164.4042,603.1669074000001
171.60500000000002,1.4819999999998723e-05,164.4042,603.1669074000001
171.65600000000006,-0.0003407520000000136,163.41060000000002,603.1669074000001
171.70500000000004,-0.00016296600000001438,164.4042,603.1669074000001
171.755,0.00019260599999999795,165.39780000000002,603.1669074000001
171.80500000000006,0.00019260599999999795,166.3914,603.1669074000001
171.85500000000002,-0.00016296600000001438,166.3914,605.1557682
171.90499999999997,1.4819999999998723e-05,165.39780000000002,603.1669074000001
171.95500000000004,-0.0003407520000000136,164.4042,603.1669074000001
172.005,0.00019260599999999795,168.3786,605.1557682
172.05500000000006,1.4819999999998723e-05,165.39780000000002,603.1669074000001
172.106,0.00019260599999999795,163.41060000000002,601.1780466
172.15600000000006,-0.00016296600000001438,163.41060000000002,603.1669074000001
172.20500000000004,1.4819999999998723e-05,165.39780000000002,603.1669074000001
172.25599999999997,1.4819999999998723e-05,165.39780000000002,603.1669074000001
172.30600000000004,0.00019260599999999795,167.38500000000002,601.1780466
172.356,1.4819999999998723e-05,164.4042,605.1557682
172.40600000000006,0.00019260599999999795,165.39780000000002,601.1780466
172.45600000000002,0.00019260599999999795,165.39780000000002,603.1669074000001
172.50599999999997,1.4819999999998723e-05,164.4042,603.1669074000001
172.55600000000004,0.00019260599999999795,165.39780000000002,603.1669074000001
172.606,1.4819999999998723e-05,163.41060000000002,603.1669074000001
172.65600000000006,1.4819999999998723e-05,164.4042,603.1669074000001
172.70600000000002,-0.00016296600000001438,165.39780000000002,605.1557682
172.75599999999997,1.4819999999998723e-05,165.39780000000002,605.1557682
172.80600000000004,0.00019260599999999795,164.4042,601.1780466
172.856,-0.00016296600000001438,163.41060000000002,603.1669074000001
172.90600000000006,0.00019260599999999795,166.3914,603.1669074000001
172.95600000000002,1.4819999999998723e-05,166.3914,603.1669074000001
173.00599999999997,1.4819999999998723e-05,166.3914,601.1780466
173.05600000000004,0.00019260599999999795,165.39780000000002,603.1669074000001
173.106,-0.00016296600000001438,166.3914,603.1669074000001
173.15600000000006,-0.00016296600000001438,164.4042,605.1557682
173.20600000000002,0.00037039200000001105,168.3786,603.1669074000001
173.25599999999997,1.4819999999998723e-05,166.3914,605.1557682
173.30600000000004,1.4819999999998723e-05,165.39780000000002,603.1669074000001
173.356,1.4819999999998723e-05,166.3914,605.1557682
173.40600000000006,0.00019260599999999795,165.39780000000002,601.1780466
173.45600000000002,0.00019260599999999795,168.3786,603.1669074000001
173.50599999999997,1.4819999999998723e-05,165.39780000000002,603.1669074000001
173.55600000000004,0.00019260599999999795,166.3914,603.1669074000001
173.606,0.00019260599999999795,165.39780000000002,601.1780466
173.65600000000006,0.00019260599999999795,166.3914,603.1669074000001
173.70600000000002,1.4819999999998723e-05,166.3914,605.1557682
173.75599999999997,0.00037039200000001105,167.38500000000002,601.1780466
173.80600000000004,1.4819999999998723e-05,165.39780000000002,603.1669074000001
173.856,0.00019260599999999795,165.39780000000002,603.1669074000001
173.90600000000006,1.4819999999998723e-05,165.39780000000002,603.1669074000001
173.95600000000002,-0.00016296600000001438,164.4042,603.1669074000001
174.00599999999997,0.00019260599999999795,166.3914,603.1669074000001
174.05600000000004,0.00019260599999999795,164.4042,603.1669074000001
174.106,1.4819999999998723e-05,166.3914,603.1669074000001
174.15600000000006,-0.00016296600000001438,166.3914,603.1669074000001
174.20600000000002,0.00019260599999999795,166.3914,601.1780466
174.25599999999997,1.4819999999998723e-05,164.4042,605.1557682
174.30600000000004,0.00019260599999999795,166.3914,601.1780466
174.356,-0.0003407520000000136,166.3914,603.1669074000001
174.40600000000006,1.4819999999998723e-05,166.3914,603.1669074000001
174.45600000000002,1.4819999999998723e-05,167.38500000000002,603.1669074000001
174.50599999999997,1.4819999999998723e-05,164.4042,603.1669074000001
174.55600000000004,1.4819999999998723e-05,167.38500000000002,605.1557682
174.606,1.4819999999998723e-05,166.3914,603.1669074000001
174.65600000000006,0.00019260599999999795,166.3914,603.1669074000001
174.70600000000002,1.4819999999998723e-05,166.3914,605.1557682
174.75599999999997,1.4819999999998723e-05,164.4042,603.1669074000001
174.80600000000004,0.00019260599999999795,166.3914,599.1891858000001
174.856,1.4819999999998723e-05,164.4042,603.1669074000001
174.90600000000006,0.00019260599999999795,164.4042,601.1780466
174.95600000000002,0.00019260599999999795,165.39780000000002,605.1557682
175.00599999999997,1.4819999999998723e-05,165.39780000000002,603.1669074000001
175.05600000000004,1.4819999999998723e-05,166.3914,603.1669074000001
175.106,1.4819999999998723e-05,166.3914,603.1669074000001
175.15600000000006,0.00019260599999999795,166.3914,603.1669074000001
175.20600000000002,0.00019260599999999795,165.39780000000002,603.1669074000001
175.25700000000006,0.00019260599999999795,166.3914,603.1669074000001
175.30700000000002,1.4819999999998723e-05,165.39780000000002,603.1669074000001
175.356,1.4819999999998723e-05,164.4042,603.1669074000001
175.40700000000004,1.4819999999998723e-05,166.3914,605.1557682
175.457,0.00037039200000001105,166.3914,601.1780466
175.50700000000006,0.00019260599999999795,165.39780000000002,603.1669074000001
175.55700000000002,0.00019260599999999795,165.39780000000002,605.1557682
175.60699999999997,-0.00016296600000001438,164.4042,605.1557682
175.65700000000004,1.4819999999998723e-05,165.39780000000002,605.1557682
175.707,-0.0003407520000000136,164.4042,605.1557682
175.75700000000006,0.00037039200000001105,166.3914,603.1669074000001
175.80700000000002,1.4819999999998723e-05,166.3914,603.1669074000001
175.85699999999997,0.00019260599999999795,167.38500000000002,603.1669074000001
175.90700000000004,1.4819999999998723e-05,165.39780000000002,603.1669074000001
175.957,0.00037039200000001105,167.38500000000002,603.1669074000001
176.00700000000006,1.4819999999998723e-05,165.39780000000002,603.1669074000001
176.05700000000002,1.4819999999998723e-05,166.3914,605.1557682
176.10699999999997,-0.00016296600000001438,164.4042,605.1557682
176.15700000000004,1.4819999999998723e-05,165.39780000000002,603.1669074000001
176.207,-0.00016296600000001438,165.39780000000002,603.1669074000001
176.25700000000006,1.4819999999998723e-05,164.4042,603.1669074000001
176.30700000000002,0.00019260599999999795,168.3786,603.1669074000001
176.35699999999997,1.4819999999998723e-05,166.3914,603.1669074000001
176.40700000000004,1.4819999999998723e-05,167.38500000000002,605.1557682
176.457,-0.00016296600000001438,166.3914,605.1557682
176.50700000000006,1.4819999999998723e-05,165.39780000000002,605.1557682
176.55700000000002,1.4819999999998723e-05,165.39780000000002,605.1557682
176.60699999999997,0.00019260599999999795,167.38500000000002,603.1669074000001
176.65700000000004,-0.00016296600000001438,164.4042,603.1669074000001
176.707,0.00037039200000001105,165.39780000000002,601.1780466
176.75700000000006,0.00019260599999999795,165.39780000000002,601.1780466
176.80700000000002,1.4819999999998723e-05,166.3914,603.1669074000001
176.85699999999997,0.00019260599999999795,166.3914,603.1669074000001
176.90700000000004,0.00019260599999999795,167.38500000000002,603.1669074000001
176.957,1.4819999999998723e-05,165.39780000000002,603.1669074000001
177.00700000000006,0.00037039200000001105,168.3786,603.1669074000001
177.05700000000002,0.00037039200000001105,167.38500000000002,605.1557682
177.10699999999997,0.00019260599999999795,166.3914,601.1780466
177.15700000000004,1.4819999999998723e-05,166.3914,601.1780466
177.207,0.00019260599999999795,166.3914,603.1669074000001
177.25700000000006,1.4819999999998723e-05,167.38500000000002,605.1557682
177.30700000000002,0.00019260599999999795,166.3914,603.1669074000001
177.35699999999997,0.00037039200000001105,167.38500000000002,603.1669074000001
177.40700000000004,-0.00016296600000001438,165.39780000000002,605.1557682
177.457,1.4819999999998723e-05,165.39780000000002,601.1780466
177.50700000000006,1.4819999999998723e-05,165.39780000000002,601.1780466
177.55700000000002,1.4819999999998723e-05,166.3914,601.1780466
177.60699999999997,0.00019260599999999795,166.3914,603.1669074000001
177.65700000000004,-0.00016296600000001438,167.38500000000002,605.1557682
177.707,0.00019260599999999795,166.3914,603.1669074000001
177.75700000000006,0.00019260599999999795,166.3914,603.1669074000001
177.80700000000002,0.00019260599999999795,166.3914,603.1669074000001
177.85699999999997,0.0005481779999999825,167.38500000000002,601.1780466
177.90700000000004,1.4819999999998723e-05,165.39780000000002,603.1669074000001
177.95799999999997,0.00019260599999999795,167.38500000000002,605.1557682
178.00800000000004,1.4819999999998723e-05,164.4042,603.1669074000001
178.05700000000002,0.00019260599999999795,166.3914,601.1780466
178.10699999999997,1.4819999999998723e-05,165.39780000000002,605.1557682
178.15700000000004,0.00019260599999999795,164.4042,603.1669074000001
178.207,1.4819999999998723e-05,165.39780000000002,603.1669074000001
178.25700000000006,0.00019260599999999795,167.38500000000002,603.1669074000001
178.30700000000002,1.4819999999998723e-05,166.3914,605.1557682
178.35699999999997,1.4819999999998723e-05,167.38500000000002,603.1669074000001
178.40800000000002,0.00019260599999999795,166.3914,603.1669074000001
178.45799999999997,0.00019260599999999795,166.3914,601.1780466
178.50800000000004,1.4819999999998723e-05,166.3914,601.1780466
178.558,0.00037039200000001105,166.3914,603.1669074000001
178.60800000000006,0.00019260599999999795,165.39780000000002,603.1669074000001
178.65800000000002,0.00037039200000001105,167.38500000000002,603.1669074000001
178.70799999999997,1.4819999999998723e-05,166.3914,603.1669074000001
178.75800000000004,1.4819999999998723e-05,166.3914,603.1669074000001
178.808,0.00019260599999999795,165.39780000000002,603.1669074000001
178.85800000000006,0.00019260599999999795,166.3914,605.1557682
178.90800000000002,0.00019260599999999795,166.3914,603.1669074000001
178.95799999999997,-0.00016296600000001438,165.39780000000002,603.1669074000001
179.00800000000004,1.4819999999998723e-05,166.3914,605.1557682
179.058,1.4819999999998723e-05,166.3914,603.1669074000001
179.10800000000006,1.4819999999998723e-05,165.39780000000002,605.1557682
179.15800000000002,0.00019260599999999795,165.39780000000002,603.1669074000001
179.20799999999997,0.00019260599999999795,167.38500000000002,603.1669074000001
179.25800000000004,1.4819999999998723e-05,164.4042,601.1780466
179.308,0.00019260599999999795,166.3914,603.1669074000001
179.35800000000006,1.4819999999998723e-05,165.39780000000002,603.1669074000001
179.40800000000002,1.4819999999998723e-05,166.3914,603.1669074000001
179.45799999999997,1.4819999999998723e-05,164.4042,605.1557682
179.50800000000004,1.4819999999998723e-05,166.3914,605.1557682
179.558,-0.00016296600000001438,166.3914,605.1557682
179.60800000000006,-0.00016296600000001438,165.39780000000002,603.1669074000001
179.65800000000002,-0.00016296600000001438,165.39780000000002,603.1669074000001
179.70799999999997,0.00037039200000001105,165.39780000000002,601.1780466
179.75800000000004,-0.00016296600000001438,166.3914,605.1557682
179.808,1.4819999999998723e-05,166.3914,605.1557682
179.85800000000006,-0.00016296600000001438,163.41060000000002,605.1557682
179.90800000000002,0.00019260599999999795,166.3914,605.1557682
179.95799999999997,1.4819999999998723e-05,164.4042,605.1557682
180.00800000000004,0.00019260599999999795,166.3914,605.1557682
180.058,1.4819999999998723e-05,165.39780000000002,603.1669074000001
180.10800000000006,0.00019260599999999795,166.3914,605.1557682
180.15800000000002,1.4819999999998723e-05,166.3914,603.1669074000001
180.20799999999997,1.4819999999998723e-05,166.3914,603.1669074000001
180.25800000000004,1.4819999999998723e-05,165.39780000000002,603.1669074000001
180.308,1.4819999999998723e-05,164.4042,601.1780466
180.35800000000006,0.00019260599999999795,165.39780000000002,601.1780466
180.40800000000002,-0.00016296600000001438,164.4042,605.1557682
180.45799999999997,-0.00016296600000001438,166.3914,607.1446289999999
180.50800000000004,1.4819999999998723e-05,165.39780000000002,603.1669074000001
180.558,0.00019260599999999795,166.3914,603.1669074000001
180.60800000000006,1.4819999999998723e-05,164.4042,605.1557682
180.65800000000002,0.00019260599999999795,165.39780000000002,605.1557682
180.70799999999997,1.4819999999998723e-05,164.4042,605.1557682
180.75800000000004,1.4819999999998723e-05,165.39780000000002,603.1669074000001
180.808,0.00019260599999999795,166.3914,603.1669074000001
180.85800000000006,-0.00016296600000001438,166.3914,605.1557682
180.90800000000002,0.00019260599999999795,166.3914,605.1557682
180.95799999999997,-0.00016296600000001438,164.4042,607.1446289999999
181.00800000000004,0.00019260599999999795,166.3914,603.1669074000001
181.058,0.00037039200000001105,166.3914,599.1891858000001
181.10900000000004,0.00037039200000001105,167.38500000000002,603.1669074000001
181.159,-0.00016296600000001438,163.41060000000002,601.1780466
181.20799999999997,0.00019260599999999795,166.3914,603.1669074000001
181.25800000000004,0.00037039200000001105,166.3914,603.1669074000001
181.308,1.4819999999998723e-05,165.39780000000002,603.1669074000001
181.35800000000006,1.4819999999998723e-05,163.41060000000002,603.1669074000001
181.40800000000002,0.00019260599999999795,166.3914,603.1669074000001
181.45799999999997,-0.00016296600000001438,166.3914,603.1669074000001
181.50800000000004,1.4819999999998723e-05,164.4042,603.1669074000001
181.55899999999997,-0.0003407520000000136,163.41060000000002,601.1780466
181.60900000000004,-0.00016296600000001438,164.4042,603.1669074000001
181.659,-0.00016296600000001438,166.3914,605.1557682
181.70900000000006,0.00019260599999999795,166.3914,605.1557682
181.75900000000001,1.4819999999998723e-05,165.39780000000002,605.1557682
181.80899999999997,1.4819999999998723e-05,165.39780000000002,605.1557682
181.85900000000004,1.4819999999998723e-05,165.39780000000002,603.1669074000001
181.909,1.4819999999998723e-05,167.38500000000002,605.1557682
181.95900000000006,1.4819999999998723e-05,163.41060000000002,603.1669074000001
182.00900000000001,1.4819999999998723e-05,165.39780000000002,605.1557682
182.05899999999997,0.00019260599999999795,166.3914,603.1669074000001
182.10900000000004,0.00037039200000001105,165.39780000000002,603.1669074000001
182.159,0.00037039200000001105,167.38500000000002,601.1780466
182.20900000000006,1.4819999999998723e-05,165.39780000000002,605.1557682
182.25900000000001,0.00019260599999999795,165.39780000000002,601.1780466
182.30899999999997,0.00037039200000001105,166.3914,603.1669074000001
182.35900000000004,-0.00016296600000001438,165.39780000000002,603.1669074000001
182.409,1.4819999999998723e-05,166.3914,603.1669074000001
182.45900000000006,1.4819999999998723e-05,165.39780000000002,601.1780466
182.50900000000001,0.00019260599999999795,165.39780000000002,601.1780466
182.55899999999997,1.4819999999998723e-05,165.39780000000002,601.1780466
182.60900000000004,1.4819999999998723e-05,165.39780000000002,601.1780466
182.659,0.0005481779999999825,166.3914,601.1780466
182.70900000000006,0.00019260599999999795,164.4042,603.1669074000001
182.75900000000001,1.4819999999998723e-05,166.3914,605.1557682
182.80899999999997,0.00037039200000001105,166.3914,603.1669074000001
182.85900000000004,0.00019260599999999795,165.39780000000002,601.1780466
182.909,0.00019260599999999795,166.3914,601.1780466
182.95900000000006,0.00037039200000001105,165.39780000000002,601.1780466
183.00900000000001,1.4819999999998723e-05,164.4042,603.1669074000001
183.05899999999997,1.4819999999998723e-05,166.3914,605.1557682
183.10900000000004,0.00019260599999999795,166.3914,605.1557682
183.159,0.00019260599999999795,166.3914,603.1669074000001
183.20900000000006,0.00019260599999999795,167.38500000000002,601.1780466
183.25900000000001,0.00019260599999999795,166.3914,603.1669074000001
183.30899999999997,1.4819999999998723e-05,165.39780000000002,605.1557682
183.35900000000004,1.4819999999998723e-05,165.39780000000002,605.1557682
183.409,-0.00016296600000001438,164.4042,605.1557682
183.45900000000006,0.00037039200000001105,167.38500000000002,603.1669074000001
183.50900000000001,1.4819999999998723e-05,167.38500000000002,605.1557682
183.55899999999997,0.00019260599999999795,167.38500000000002,603.1669074000001
183.60900000000004,0.00037039200000001105,166.3914,601.1780466
183.659,1.4819999999998723e-05,166.3914,605.1557682
183.70900000000006,0.00019260599999999795,167.38500000000002,603.1669074000001
183.75900000000001,1.4819999999998723e-05,164.4042,605.1557682
183.80899999999997,0.00019260599999999795,168.3786,603.1669074000001
183.85900000000004,-0.00016296600000001438,165.39780000000002,603.1669074000001
183.909,0.00037039200000001105,167.38500000000002,603.1669074000001
183.95900000000006,1.4819999999998723e-05,165.39780000000002,603.1669074000001
184.00900000000001,0.00019260599999999795,167.38500000000002,605.1557682
184.05899999999997,1.4819999999998723e-05,167.38500000000002,605.1557682
184.10900000000004,1.4819999999998723e-05,165.39780000000002,605.1557682
184.159,1.4819999999998723e-05,165.39780000000002,603.1669074000001
184.20900000000006,0.00019260599999999795,168.3786,603.1669074000001
184.26,-0.0006963239999999982,164.4042,605.1557682
184.30899999999997,0.00019260599999999795,166.3914,601.1780466
184.35900000000004,0.00019260599999999795,166.3914,603.1669074000001
184.409,-0.00016296600000001438,166.3914,605.1557682
184.45900000000006,0.00019260599999999795,166.3914,603.1669074000001
184.50900000000001,0.00019260599999999795,167.38500000000002,605.1557682
184.55899999999997,-0.00016296600000001438,164.4042,601.1780466
184.60900000000004,-0.00016296600000001438,166.3914,605.1557682
184.659,0.00019260599999999795,166.3914,603.1669074000001
184.71000000000004,1.4819999999998723e-05,166.3914,603.1669074000001
184.76,-0.00016296600000001438,163.41060000000002,603.1669074000001
184.81000000000006,0.00019260599999999795,165.39780000000002,601.1780466
184.86,0.00019260599999999795,165.39780000000002,603.1669074000001
184.90999999999997,0.00037039200000001105,168.3786,603.1669074000001
184.96000000000004,1.4819999999998723e-05,166.3914,603.1669074000001
185.01,1.4819999999998723e-05,166.3914,603.1669074000001
185.06000000000006,1.4819999999998723e-05,166.3914,601.1780466
185.11,0.00037039200000001105,167.38500000000002,603.1669074000001
185.15999999999997,1.4819999999998723e-05,166.3914,605.1557682
185.21000000000004,1.4819999999998723e-05,167.38500000000002,603.1669074000001
185.26,1.4819999999998723e-05,166.3914,605.1557682
185.31000000000006,1.4819999999998723e-05,166.3914,605.1557682
185.36,-0.00016296600000001438,166.3914,603.1669074000001
185.40999999999997,-0.00016296600000001438,166.3914,605.1557682
185.46000000000004,-0.00016296600000001438,164.4042,603.1669074000001
185.51,0.00019260599999999795,165.39780000000002,603.1669074000001
185.56000000000006,-0.00016296600000001438,165.39780000000002,603.1669074000001
185.61,0.00037039200000001105,166.3914,601.1780466
185.65999999999997,1.4819999999998723e-05,168.3786,603.1669074000001
185.71000000000004,0.00019260599999999795,165.39780000000002,601.1780466
185.76,-0.00016296600000001438,165.39780000000002,603.1669074000001
185.81000000000006,0.00037039200000001105,165.39780000000002,601.1780466
185.86,0.00019260599999999795,165.39780000000002,601.1780466
185.90999999999997,1.4819999999998723e-05,166.3914,601.1780466
185.96000000000004,-0.00016296600000001438,166.3914,603.1669074000001
186.01,1.4819999999998723e-05,165.39780000000002,605.1557682
186.06000000000006,1.4819999999998723e-05,165.39780000000002,605.1557682
186.11,-0.0003407520000000136,163.41060000000002,603.1669074000001
186.15999999999997,1.4819999999998723e-05,165.39780000000002,605.1557682
186.21000000000004,-0.0003407520000000136,164.4042,603.1669074000001
186.26,-0.00016296600000001438,165.39780000000002,605.1557682
186.31000000000006,0.00019260599999999795,166.3914,603.1669074000001
186.36,0.00019260599999999795,167.38500000000002,603.1669074000001
186.40999999999997,0.00019260599999999795,166.3914,605.1557682
186.46000000000004,1.4819999999998723e-05,165.39780000000002,603.1669074000001
186.51,0.00037039200000001105,166.3914,601.1780466
186.56000000000006,-0.00016296600000001438,165.39780000000002,605.1557682
186.61,-0.00016296600000001438,164.4042,605.1557682
186.65999999999997,0.00019260599999999795,166.3914,603.1669074000001
186.71000000000004,1.4819999999998723e-05,164.4042,601.1780466
186.76,0.00037039200000001105,166.3914,601.1780466
186.81000000000006,-0.00016296600000001438,165.39780000000002,605.1557682
186.86,0.00019260599999999795,166.3914,603.1669074000001
186.90999999999997,0.00019260599999999795,165.39780000000002,605.1557682
186.96000000000004,0.00019260599999999795,164.4042,601.1780466
187.01,0.00019260599999999795,165.39780000000002,601.1780466
187.06000000000006,1.4819999999998723e-05,166.3914,605.1557682
187.11,-0.0003407520000000136,164.4042,603.1669074000001
187.15999999999997,-0.00016296600000001438,165.39780000000002,605.1557682
187.21000000000004,-0.00016296600000001438,166.3914,605.1557682
187.26,1.4819999999998723e-05,166.3914,603.1669074000001
187.31000000000006,1.4819999999998723e-05,166.3914,601.1780466
187.36,0.00037039200000001105,164.4042,599.1891858000001
187.41100000000006,1.4819999999998723e-05,164.4042,603.1669074000001
187.46000000000004,1.4819999999998723e-05,164.4042,605.1557682
187.51,1.4819999999998723e-05,165.39780000000002,603.1669074000001
187.56000000000006,-0.00016296600000001438,164.4042,603.1669074000001
187.61,0.00019260599999999795,166.3914,601.1780466
187.65999999999997,0.00019260599999999795,166.3914,603.1669074000001
187.71000000000004,1.4819999999998723e-05,165.39780000000002,603.1669074000001
187.76,0.00019260599999999795,165.39780000000002,601.1780466
187.81100000000004,0.00019260599999999795,166.3914,605.1557682
187.861,0.00037039200000001105,166.3914,603.1669074000001
187.91100000000006,-0.00016296600000001438,164.4042,603.1669074000001
187.961,1.4819999999998723e-05,165.39780000000002,603.1669074000001
188.01099999999997,-0.00016296600000001438,165.39780000000002,605.1557682
188.06100000000004,0.00019260599999999795,166.3914,603.1669074000001
188.111,0.00019260599999999795,166.3914,603.1669074000001
188.16100000000006,0.00019260599999999795,165.39780000000002,603.1669074000001
188.211,0.00019260599999999795,165.39780000000002,601.1780466
188.26099999999997,0.00019260599999999795,166.3914,605.1557682
188.31100000000004,1.4819999999998723e-05,163.41060000000002,603.1669074000001
188.361,-0.00016296600000001438,164.4042,607.1446289999999
188.41100000000006,-0.00016296600000001438,165.39780000000002,605.1557682
188.461,1.4819999999998723e-05,166.3914,605.1557682
188.51099999999997,0.00019260599999999795,166.3914,601.1780466
188.56100000000004,0.00019260599999999795,165.39780000000002,603.1669074000001
188.611,-0.00016296600000001438,164.4042,603.1669074000001
188.66100000000006,0.00019260599999999795,165.39780000000002,603.1669074000001
188.711,-0.00016296600000001438,165.39780000000002,603.1669074000001
188.76099999999997,0.00037039200000001105,166.3914,601.1780466
188.81100000000004,0.00019260599999999795,165.39780000000002,603.1669074000001
188.861,0.00019260599999999795,167.38500000000002,603.1669074000001
188.91100000000006,0.00019260599999999795,167.38500000000002,603.1669074000001
188.961,1.4819999999998723e-05,164.4042,601.1780466
189.01099999999997,0.00019260599999999795,167.38500000000002,603.1669074000001
189.06100000000004,0.00019260599999999795,166.3914,603.1669074000001
189.111,-0.0003407520000000136,165.39780000000002,605.1557682
189.16100000000006,1.4819999999998723e-05,164.4042,605.1557682
189.211,0.0005481779999999825,166.3914,601.1780466
189.26099999999997,1.4819999999998723e-05,166.3914,605.1557682
189.31100000000004,1.4819999999998723e-05,165.39780000000002,603.1669074000001
189.361,0.00037039200000001105,165.39780000000002,601.1780466
189.41100000000006,0.00019260599999999795,165.39780000000002,603.1669074000001
189.461,-0.00016296600000001438,165.39780000000002,603.1669074000001
189.51099999999997,-0.00016296600000001438,166.3914,603.1669074000001
189.56100000000004,1.4819999999998723e-05,164.4042,605.1557682
189.611,0.00037039200000001105,166.3914,601.1780466
189.66100000000006,-0.0003407520000000136,163.41060000000002,603.1669074000001
189.711,-0.00016296600000001438,165.39780000000002,605.1557682
189.76099999999997,0.00019260599999999795,166.3914,603.1669074000001
189.81100000000004,1.4819999999998723e-05,166.3914,603.1669074000001
189.861,-0.00016296600000001438,164.4042,605.1557682
189.91100000000006,1.4819999999998723e-05,165.39780000000002,601.1780466
189.961,1.4819999999998723e-05,164.4042,605.1557682
190.01099999999997,1.4819999999998723e-05,164.4042,603.1669074000001
190.06100000000004,0.00019260599999999795,165.39780000000002,603.1669074000001
190.111,0.00019260599999999795,164.4042,603.1669074000001
190.16100000000006,0.00037039200000001105,167.38500000000002,603.1669074000001
190.211,0.00019260599999999795,165.39780000000002,603.1669074000001
190.26099999999997,1.4819999999998723e-05,167.38500000000002,605.1557682
190.31100000000004,0.00019260599999999795,165.39780000000002,603.1669074000001
190.361,1.4819999999998723e-05,165.39780000000002,603.1669074000001
190.41100000000006,0.00037039200000001105,167.38500000000002,603.1669074000001
190.461,1.4819999999998723e-05,165.39780000000002,603.1669074000001
190.51099999999997,1.4819999999998723e-05,164.4042,605.1557682
190.562,1.4819999999998723e-05,165.39780000000002,601.1780466
190.611,1.4819999999998723e-05,164.4042,603.1669074000001
190.66100000000006,1.4819999999998723e-05,167.38500000000002,603.1669074000001
190.711,0.00019260599999999795,168.3786,603.1669074000001
190.76099999999997,0.00019260599999999795,165.39780000000002,601.1780466
190.81100000000004,0.00037039200000001105,166.3914,601.1780466
190.861,0.00019260599999999795,167.38500000000002,603.1669074000001
190.91100000000006,0.00019260599999999795,167.38500000000002,603.1669074000001
190.962,-0.0005185379999999989,165.39780000000002,605.1557682
191.01200000000006,0.00019260599999999795,167.38500000000002,605.1557682
191.062,1.4819999999998723e-05,165.39780000000002,603.1669074000001
191.11199999999997,0.00019260599999999795,167.38500000000002,603.1669074000001
191.16200000000003,0.00037039200000001105,165.39780000000002,603.1669074000001
191.212,1.4819999999998723e-05,165.39780000000002,605.1557682
191.26200000000006,1.4819999999998723e-05,166.3914,603.1669074000001
191.312,0.00019260599999999795,167.38500000000002,601.1780466
191.36199999999997,-0.00016296600000001438,165.39780000000002,605.1557682
191.41200000000003,-0.00016296600000001438,164.4042,605.1557682
191.462,1.4819999999998723e-05,164.4042,601.1780466
191.51200000000006,0.00019260599999999795,166.3914,603.1669074000001
191.562,-0.00016296600000001438,165.39780000000002,603.1669074000001
191.61199999999997,0.00037039200000001105,167.38500000000002,603.1669074000001
191.66200000000003,1.4819999999998723e-05,165.39780000000002,603.1669074000001
191.712,0.00019260599999999795,167.38500000000002,607.1446289999999
191.76200000000006,-0.00016296600000001438,164.4042,605.1557682
191.812,1.4819999999998723e-05,165.39780000000002,605.1557682
191.86199999999997,-0.00016296600000001438,166.3914,603.1669074000001
191.91200000000003,-0.00016296600000001438,165.39780000000002,603.1669074000001
191.962,0.00019260599999999795,165.39780000000002,603.1669074000001
192.01200000000006,1.4819999999998723e-05,166.3914,603.1669074000001
192.062,0.00019260599999999795,165.39780000000002,603.1669074000001
192.11199999999997,-0.00016296600000001438,165.39780000000002,605.1557682
192.16200000000003,1.4819999999998723e-05,165.39780000000002,603.1669074000001
192.212,-0.00016296600000001438,166.3914,605.1557682
192.26200000000006,1.4819999999998723e-05,165.39780000000002,603.1669074000001
192.312,1.4819999999998723e-05,164.4042,603.1669074000001
192.36199999999997,0.00019260599999999795,165.39780000000002,601.1780466
192.41200000000003,-0.00016296600000001438,164.4042,603.1669074000001
192.462,1.4819999999998723e-05,165.39780000000002,605.1557682
192.51200000000006,1.4819999999998723e-05,166.3914,605.1557682
192.562,0.00019260599999999795,166.3914,603.1669074000001
192.61199999999997,1.4819999999998723e-05,165.39780000000002,603.1669074000001
192.66200000000003,0.00019260599999999795,166.3914,603.1669074000001
192.712,-0.00016296600000001438,165.39780000000002,603.1669074000001
192.76200000000006,-0.0003407520000000136,165.39780000000002,603.1669074000001
192.812,-0.00016296600000001438,163.41060000000002,601.1780466
192.86199999999997,1.4819999999998723e-05,164.4042,601.1780466
192.91200000000003,0.00019260599999999795,167.38500000000002,603.1669074000001
192.962,1.4819999999998723e-05,165.39780000000002,603.1669074000001
193.01200000000006,1.4819999999998723e-05,165.39780000000002,603.1669074000001
193.062,1.4819999999998723e-05,166.3914,605.1557682
193.11199999999997,-0.00016296600000001438,165.39780000000002,605.1557682
193.16200000000003,0.00019260599999999795,165.39780000000002,605.1557682
193.212,0.00019260599999999795,167.38500000000002,605.1557682
193.26200000000006,0.00037039200000001105,166.3914,603.1669074000001
193.312,0.00037039200000001105,164.4042,601.1780466
193.36199999999997,1.4819999999998723e-05,166.3914,603.1669074000001
193.41200000000003,0.00037039200000001105,166.3914,601.1780466
193.462,1.4819999999998723e-05,164.4042,605.1557682
193.51200000000006,0.00019260599999999795,165.39780000000002,605.1557682
193.562,1.4819999999998723e-05,164.4042,603.1669074000001
193.61199999999997,-0.00016296600000001438,165.39780000000002,607.1446289999999
193.663,0.00019260599999999795,165.39780000000002,603.1669074000001
193.71299999999997,1.4819999999998723e-05,165.39780000000002,603.1669074000001
193.76200000000006,0.00019260599999999795,165.39780000000002,603.1669074000001
193.812,1.4819999999998723e-05,166.3914,605.1557682
193.86199999999997,0.00019260599999999795,168.3786,603.1669074000001
193.91200000000003,1.4819999999998723e-05,166.3914,603.1669074000001
193.962,0.00019260599999999795,167.38500000000002,603.1669074000001
194.01200000000006,1.4819999999998723e-05,164.4042,603.1669074000001
194.062,1.4819999999998723e-05,165.39780000000002,605.1557682
194.11300000000006,-0.00016296600000001438,165.39780000000002,605.1557682
194.163,-0.00016296600000001438,164.4042,603.1669074000001
194.21299999999997,0.00019260599999999795,165.39780000000002,601.1780466
194.26300000000003,0.00037039200000001105,167.38500000000002,603.1669074000001
194.313,0.00019260599999999795,167.38500000000002,603.1669074000001
194.36300000000006,1.4819999999998723e-05,165.39780000000002,603.1669074000001
194.413,0.00037039200000001105,167.38500000000002,603.1669074000001
194.46299999999997,1.4819999999998723e-05,166.3914,603.1669074000001
194.51300000000003,0.00019260599999999795,167.38500000000002,603.1669074000001
194.563,0.00037039200000001105,167.38500000000002,601.1780466
194.61300000000006,1.4819999999998723e-05,166.3914,605.1557682
194.663,0.00019260599999999795,165.39780000000002,603.1669074000001
194.71299999999997,0.00019260599999999795,167.38500000000002,603.1669074000001
194.76300000000003,0.00037039200000001105,167.38500000000002,603.1669074000001
194.813,0.00019260599999999795,167.38500000000002,605.1557682
194.86300000000006,0.00019260599999999795,166.3914,603.1669074000001
194.913,1.4819999999998723e-05,167.38500000000002,605.1557682
194.96299999999997,1.4819999999998723e-05,167.38500000000002,607.1446289999999
195.01300000000003,0.00037039200000001105,167.38500000000002,603.1669074000001
195.063,0.00019260599999999795,165.39780000000002,601.1780466
195.11300000000006,-0.00016296600000001438,165.39780000000002,603.1669074000001
195.163,0.00019260599999999795,166.3914,603.1669074000001
195.21299999999997,1.4819999999998723e-05,164.4042,603.1669074000001
195.26300000000003,0.00019260599999999795,167.38500000000002,605.1557682
195.313,1.4819999999998723e-05,164.4042,603.1669074000001
195.36300000000006,1.4819999999998723e-05,166.3914,605.1557682
195.413,-0.00016296600000001438,165.39780000000002,603.1669074000001
195.46299999999997,-0.00016296600000001438,165.39780000000002,601.1780466
195.51300000000003,1.4819999999998723e-05,167.38500000000002,605.1557682
195.563,0.00019260599999999795,166.3914,605.1557682
195.61300000000006,0.00019260599999999795,166.3914,603.1669074000001
195.663,0.00019260599999999795,166.3914,601.1780466
195.71299999999997,-0.00016296600000001438,163.41060000000002,603.1669074000001
195.76300000000003,0.00019260599999999795,167.38500000000002,603.1669074000001
195.813,0.00019260599999999795,166.3914,603.1669074000001
195.86300000000006,0.00037039200000001105,165.39780000000002,603.1669074000001
195.913,1.4819999999998723e-05,166.3914,603.1669074000001
195.96299999999997,-0.00016296600000001438,165.39780000000002,601.1780466
196.01300000000003,1.4819999999998723e-05,166.3914,603.1669074000001
196.063,-0.00016296600000001438,164.4042,603.1669074000001
196.11300000000006,0.00019260599999999795,167.38500000000002,603.1669074000001
196.163,1.4819999999998723e-05,164.4042,601.1780466
196.21299999999997,0.00037039200000001105,167.38500000000002,603.1669074000001
196.26300000000003,1.4819999999998723e-05,163.41060000000002,603.1669074000001
196.313,0.00037039200000001105,167.38500000000002,601.1780466
196.36300000000006,0.00019260599999999795,166.3914,603.1669074000001
196.413,1.4819999999998723e-05,166.3914,603.1669074000001
196.46299999999997,1.4819999999998723e-05,164.4042,601.1780466
196.51300000000003,1.4819999999998723e-05,166.3914,603.1669074000001
196.563,1.4819999999998723e-05,166.3914,605.1557682
196.61300000000006,0.00019260599999999795,166.3914,603.1669074000001
196.663,-0.00016296600000001438,166.3914,603.1669074000001
196.71299999999997,0.00037039200000001105,165.39780000000002,603.1669074000001
196.76300000000003,-0.00016296600000001438,165.39780000000002,605.1557682
196.81399999999996,0.00037039200000001105,166.3914,605.1557682
196.86300000000006,1.4819999999998723e-05,164.4042,603.1669074000001
196.913,0.00019260599999999795,164.4042,601.1780466
196.96299999999997,0.00037039200000001105,166.3914,603.1669074000001
197.01300000000003,1.4819999999998723e-05,166.3914,607.1446289999999
197.063,1.4819999999998723e-05,166.3914,603.1669074000001
197.11300000000006,0.00037039200000001105,166.3914,603.1669074000001
197.163,1.4819999999998723e-05,164.4042,603.1669074000001
197.21299999999997,0.00019260599999999795,165.39780000000002,603.1669074000001
197.264,1.4819999999998723e-05,165.39780000000002,599.1891858000001
197.31399999999996,0.00019260599999999795,165.39780000000002,601.1780466
197.36400000000003,-0.00016296600000001438,164.4042,605.1557682
197.414,0.00019260599999999795,165.39780000000002,603.1669074000001
197.46400000000006,0.00019260599999999795,165.39780000000002,603.1669074000001
197.514,0.00019260599999999795,166.3914,603.1669074000001
197.56399999999996,0.00037039200000001105,166.3914,601.1780466
197.61400000000003,1.4819999999998723e-05,165.39780000000002,603.1669074000001
197.664,1.4819999999998723e-05,165.39780000000002,603.1669074000001
197.71400000000006,-0.00016296600000001438,165.39780000000002,607.1446289999999
197.764,1.4819999999998723e-05,165.39780000000002,603.1669074000001
197.81399999999996,1.4819999999998723e-05,166.3914,603.1669074000001
197.86400000000003,1.4819999999998723e-05,164.4042,601.1780466
197.914,1.4819999999998723e-05,166.3914,603.1669074000001
197.96400000000006,0.00037039200000001105,168.3786,603.1669074000001
198.014,0.00019260599999999795,166.3914,601.1780466
198.06399999999996,1.4819999999998723e-05,166.3914,603.1669074000001
198.11400000000003,1.4819999999998723e-05,165.39780000000002,603.1669074000001
198.164,0.00019260599999999795,164.4042,603.1669074000001
198.21400000000006,1.4819999999998723e-05,165.39780000000002,603.1669074000001
198.264,0.00037039200000001105,166.3914,601.1780466
198.31399999999996,0.00019260599999999795,166.3914,603.1669074000001
198.36400000000003,1.4819999999998723e-05,166.3914,603.1669074000001
198.414,1.4819999999998723e-05,165.39780000000002,605.1557682
198.46400000000006,1.4819999999998723e-05,166.3914,603.1669074000001
198.514,-0.00016296600000001438,164.4042,603.1669074000001
198.56399999999996,1.4819999999998723e-05,165.39780000000002,605.1557682
198.61400000000003,0.00019260599999999795,165.39780000000002,603.1669074000001
198.664,0.00019260599999999795,166.3914,601.1780466
198.71400000000006,1.4819999999998723e-05,166.3914,603.1669074000001
198.764,-0.00016296600000001438,166.3914,605.1557682
198.81399999999996,-0.00016296600000001438,165.39780000000002,605.1557682
198.86400000000003,0.00019260599999999795,166.3914,603.1669074000001
198.914,1.4819999999998723e-05,165.39780000000002,603.1669074000001
198.96400000000006,1.4819999999998723e-05,167.38500000000002,603.1669074000001
199.014,1.4819999999998723e-05,165.39780000000002,603.1669074000001
199.06399999999996,1.4819999999998723e-05,167.38500000000002,605.1557682
199.11400000000003,0.00019260599999999795,165.39780000000002,603.1669074000001
199.164,1.4819999999998723e-05,165.39780000000002,605.1557682
199.21400000000006,1.4819999999998723e-05,166.3914,603.1669074000001
199.264,0.00019260599999999795,165.39780000000002,603.1669074000001
199.31399999999996,0.00037039200000001105,166.3914,601.1780466
199.36400000000003,0.00019260599999999795,167.38500000000002,603.1669074000001
199.414,0.00019260599999999795,166.3914,603.1669074000001
199.46400000000006,1.4819999999998723e-05,165.39780000000002,603.1669074000001
199.514,1.4819999999998723e-05,166.3914,603.1669074000001
199.56399999999996,0.00019260599999999795,166.3914,605.1557682
199.61400000000003,0.00019260599999999795,167.38500000000002,603.1669074000001
199.664,0.00019260599999999795,165.39780000000002,603.1669074000001
199.71400000000006,-0.00016296600000001438,166.3914,605.1557682
199.764,1.4819999999998723e-05,166.3914,603.1669074000001
199.81399999999996,0.00019260599999999795,167.38500000000002,603.1669074000001
199.86400000000003,1.4819999999998723e-05,164.4042,601.1780466
199.914,-0.00016296600000001438,164.4042,603.1669074000001
199.96500000000003,1.4819999999998723e-05,165.39780000000002,603.1669074000001
200.015,1.4819999999998723e-05,165.39780000000002,603.1669074000001
200.06399999999996,1.4819999999998723e-05,166.3914,603.1669074000001
200.11400000000003,1.4819999999998723e-05,166.3914,603.1669074000001
200.164,0.00019260599999999795,166.3914,605.1557682
200.21400000000006,1.4819999999998723e-05,165.39780000000002,603.1669074000001
200.264,0.00019260599999999795,165.39780000000002,601.1780466
200.31399999999996,1.4819999999998723e-05,166.3914,605.1557682
200.36400000000003,1.4819999999998723e-05,166.3914,603.1669074000001
200.41500000000008,0.00019260599999999795,167.38500000000002,605.1557682
200.46500000000003,0.00019260599999999795,165.39780000000002,603.1669074000001
200.515,1.4819999999998723e-05,165.39780000000002,603.1669074000001
200.56500000000005,0.00019260599999999795,166.3914,603.1669074000001
200.615,-0.00016296600000001438,165.39780000000002,605.1557682
200.66500000000008,0.00019260599999999795,164.4042,601.1780466
200.71500000000003,1.4819999999998723e-05,165.39780000000002,603.1669074000001
200.765,0.00037039200000001105,165.39780000000002,601.1780466
200.81500000000005,0.00019260599999999795,165.39780000000002,601.1780466
200.865,0.00019260599999999795,165.39780000000002,603.1669074000001
200.91500000000008,0.00019260599999999795,166.3914,603.1669074000001
200.96500000000003,-0.00016296600000001438,165.39780000000002,601.1780466
201.015,1.4819999999998723e-05,165.39780000000002,607.1446289999999
201.06500000000005,0.00037039200000001105,167.38500000000002,601.1780466
201.115,0.00037039200000001105,167.38500000000002,603.1669074000001
201.16500000000008,0.00019260599999999795,165.39780000000002,603.1669074000001
201.21500000000003,0.00019260599999999795,167.38500000000002,603.1669074000001
201.265,0.00019260599999999795,166.3914,603.1669074000001
201.31500000000005,0.00037039200000001105,166.3914,603.1669074000001
201.365,1.4819999999998723e-05,165.39780000000002,603.1669074000001
201.41500000000008,0.00019260599999999795,167.38500000000002,603.1669074000001
201.46500000000003,0.00019260599999999795,165.39780000000002,603.1669074000001
201.515,-0.00016296600000001438,165.39780000000002,607.1446289999999
201.56500000000005,1.4819999999998723e-05,166.3914,601.1780466
201.615,0.00037039200000001105,168.3786,603.1669074000001
201.66500000000008,0.00019260599999999795,165.39780000000002,603.1669074000001
201.71500000000003,1.4819999999998723e-05,167.38500000000002,605.1557682
201.765,-0.00016296600000001438,165.39780000000002,603.1669074000001
201.81500000000005,1.4819999999998723e-05,167.38500000000002,603.1669074000001
201.865,1.4819999999998723e-05,166.3914,603.1669074000001
201.91500000000008,0.00019260599999999795,166.3914,603.1669074000001
201.96500000000003,0.00019260599999999795,165.39780000000002,603.1669074000001
202.015,0.00019260599999999795,166.3914,603.1669074000001
202.06500000000005,0.00019260599999999795,164.4042,603.1669074000001
202.115,1.4819999999998723e-05,165.39780000000002,603.1669074000001
202.16500000000008,0.00019260599999999795,165.39780000000002,601.1780466
202.21500000000003,1.4819999999998723e-05,166.3914,603.1669074000001
202.265,-0.00016296600000001438,164.4042,603.1669074000001
202.31500000000005,0.00019260599999999795,166.3914,601.1780466
202.365,-0.00016296600000001438,165.39780000000002,605.1557682
202.41500000000008,0.00037039200000001105,165.39780000000002,603.1669074000001
202.46500000000003,0.00019260599999999795,166.3914,601.1780466
202.515,1.4819999999998723e-05,166.3914,603.1669074000001
202.56500000000005,1.4819999999998723e-05,166.3914,605.1557682
202.615,0.00019260599999999795,166.3914,603.1669074000001
202.66500000000008,-0.0005185379999999989,164.4042,605.1557682
202.71500000000003,1.4819999999998723e-05,166.3914,601.1780466
202.765,-0.00016296600000001438,165.39780000000002,605.1557682
202.81500000000005,1.4819999999998723e-05,165.39780000000002,603.1669074000001
202.865,-0.00016296600000001438,164.4042,603.1669074000001
202.91500000000008,1.4819999999998723e-05,166.3914,605.1557682
202.96500000000003,0.00019260599999999795,167.38500000000002,603.1669074000001
203.015,-0.00016296600000001438,165.39780000000002,607.1446289999999
203.06500000000005,-0.0003407520000000136,166.3914,605.1557682
203.11599999999999,0.00019260599999999795,166.3914,601.1780466
203.16600000000005,1.4819999999998723e-05,164.4042,599.1891858000001
203.21500000000003,0.0005481779999999825,167.38500000000002,601.1780466
203.265,0.00019260599999999795,166.3914,605.1557682
203.31500000000005,0.00019260599999999795,166.3914,605.1557682
203.365,0.00019260599999999795,165.39780000000002,603.1669074000001
203.41500000000008,0.00019260599999999795,166.3914,605.1557682
203.46500000000003,0.00019260599999999795,165.39780000000002,605.1557682
203.51600000000008,1.4819999999998723e-05,166.3914,603.1669074000001
203.56600000000003,1.4819999999998723e-05,165.39780000000002,603.1669074000001
203.61599999999999,0.00019260599999999795,165.39780000000002,603.1669074000001
203.66600000000005,0.00019260599999999795,167.38500000000002,603.1669074000001
203.716,0.00019260599999999795,165.39780000000002,601.1780466
203.76600000000008,-0.00016296600000001438,166.3914,603.1669074000001
203.81600000000003,1.4819999999998723e-05,166.3914,603.1669074000001
203.86599999999999,1.4819999999998723e-05,165.39780000000002,605.1557682
203.91600000000005,0.00019260599999999795,166.3914,603.1669074000001
203.966,-0.00016296600000001438,166.3914,605.1557682
204.01600000000008,0.00019260599999999795,164.4042,603.1669074000001
204.06600000000003,1.4819999999998723e-05,165.39780000000002,601.1780466
204.11599999999999,0.00037039200000001105,165.39780000000002,603.1669074000001
204.16600000000005,0.00019260599999999795,165.39780000000002,603.1669074000001
204.216,0.00019260599999999795,165.39780000000002,603.1669074000001
204.26600000000008,1.4819999999998723e-05,165.39780000000002,603.1669074000001
204.31600000000003,0.00019260599999999795,167.38500000000002,605.1557682
204.36599999999999,1.4819999999998723e-05,166.3914,601.1780466
204.41600000000005,0.00019260599999999795,166.3914,603.1669074000001
204.466,0.00019260599999999795,167.38500000000002,603.1669074000001
204.51600000000008,0.00019260599999999795,166.3914,603.1669074000001
204.56600000000003,-0.00016296600000001438,166.3914,605.1557682
204.61599999999999,0.00019260599999999795,166.3914,603.1669074000001
204.66600000000005,1.4819999999998723e-05,165.39780000000002,605.1557682
204.716,1.4819999999998723e-05,165.39780000000002,605.1557682
204.76600000000008,1.4819999999998723e-05,166.3914,603.1669074000001
204.81600000000003,0.00019260599999999795,166.3914,605.1557682
204.86599999999999,0.00019260599999999795,167.38500000000002,601.1780466
204.91600000000005,-0.00016296600000001438,165.39780000000002,603.1669074000001
204.966,-0.00016296600000001438,164.4042,603.1669074000001
205.01600000000008,0.00037039200000001105,168.3786,601.1780466
205.06600000000003,1.4819999999998723e-05,167.38500000000002,603.1669074000001
205.11599999999999,0.00019260599999999795,168.3786,603.1669074000001
205.16600000000005,0.00019260599999999795,167.38500000000002,603.1669074000001
205.216,0.00019260599999999795,167.38500000000002,601.1780466
205.26600000000008,1.4819999999998723e-05,167.38500000000002,605.1557682
205.31600000000003,0.00019260599999999795,168.3786,603.1669074000001
205.36599999999999,-0.00016296600000001438,164.4042,603.1669074000001
205.41600000000005,1.4819999999998723e-05,166.3914,605.1557682
205.466,1.4819999999998723e-05,166.3914,605.1557682
205.51600000000008,0.00037039200000001105,167.38500000000002,601.1780466
205.56600000000003,1.4819999999998723e-05,165.39780000000002,601.1780466
205.61599999999999,0.00019260599999999795,167.38500000000002,603.1669074000001
205.66600000000005,-0.00016296600000001438,167.38500000000002,603.1669074000001
205.716,-0.00016296600000001438,166.3914,605.1557682
205.76600000000008,0.00019260599999999795,166.3914,601.1780466
205.81600000000003,1.4819999999998723e-05,165.39780000000002,603.1669074000001
205.86599999999999,0.00019260599999999795,165.39780000000002,601.1780466
205.91600000000005,-0.00016296600000001438,166.3914,605.1557682
205.966,0.00019260599999999795,165.39780000000002,603.1669074000001
206.01600000000008,1.4819999999998723e-05,166.3914,603.1669074000001
206.06600000000003,0.00019260599999999795,165.39780000000002,603.1669074000001
206.11599999999999,1.4819999999998723e-05,166.3914,601.1780466
206.16600000000005,0.00019260599999999795,167.38500000000002,603.1669074000001
206.216,1.4819999999998723e-05,166.3914,605.1557682
206.26700000000005,1.4819999999998723e-05,165.39780000000002,605.1557682
206.317,0.00019260599999999795,165.39780000000002,603.1669074000001
206.36599999999999,0.00019260599999999795,166.3914,603.1669074000001
206.41600000000005,0.00019260599999999795,165.39780000000002,603.1669074000001
206.466,0.00019260599999999795,167.38500000000002,603.1669074000001
206.51600000000008,-0.00016296600000001438,165.39780000000002,605.1557682
206.56600000000003,0.0005481779999999825,167.38500000000002,601.1780466
206.61599999999999,1.4819999999998723e-05,166.3914,605.1557682
206.66700000000003,0.00019260599999999795,166.3914,601.1780466
206.71699999999998,1.4819999999998723e-05,166.3914,605.1557682
206.76700000000005,0.00019260599999999795,166.3914,603.1669074000001
206.817,0.00019260599999999795,167.38500000000002,605.1557682
206.86700000000008,0.00037039200000001105,168.3786,601.1780466
206.91700000000003,0.00037039200000001105,167.38500000000002,601.1780466
206.96699999999998,1.4819999999998723e-05,167.38500000000002,605.1557682
207.01700000000005,1.4819999999998723e-05,167.38500000000002,605.1557682
207.067,1.4819999999998723e-05,166.3914,603.1669074000001
207.11700000000008,-0.00016296600000001438,166.3914,603.1669074000001
207.16700000000003,-0.00016296600000001438,166.3914,603.1669074000001
207.21699999999998,0.00019260599999999795,166.3914,605.1557682
207.26700000000005,-0.00016296600000001438,165.39780000000002,605.1557682
207.317,0.00019260599999999795,166.3914,601.1780466
207.36700000000008,0.00019260599999999795,166.3914,603.1669074000001
207.41700000000003,1.4819999999998723e-05,166.3914,605.1557682
207.46699999999998,0.00019260599999999795,166.3914,603.1669074000001
207.51700000000005,1.4819999999998723e-05,167.38500000000002,605.1557682
207.567,1.4819999999998723e-05,166.3914,603.1669074000001
207.61700000000008,0.00019260599999999795,166.3914,599.1891858000001
207.66700000000003,-0.00016296600000001438,164.4042,605.1557682
207.71699999999998,0.00019260599999999795,167.38500000000002,603.1669074000001
207.76700000000005,0.00019260599999999795,165.39780000000002,605.1557682
207.817,1.4819999999998723e-05,165.39780000000002,603.1669074000001
207.86700000000008,-0.00016296600000001438,165.39780000000002,603.1669074000001
207.91700000000003,1.4819999999998723e-05,167.38500000000002,605.1557682
207.96699999999998,1.4819999999998723e-05,165.39780000000002,603.1669074000001
208.01700000000005,0.00019260599999999795,168.3786,603.1669074000001
208.067,-0.00016296600000001438,164.4042,603.1669074000001
208.11700000000008,-0.00016296600000001438,167.38500000000002,605.1557682
208.16700000000003,-0.00016296600000001438,166.3914,605.1557682
208.21699999999998,1.4819999999998723e-05,166.3914,603.1669074000001
208.26700000000005,1.4819999999998723e-05,166.3914,603.1669074000001
208.317,0.00019260599999999795,167.38500000000002,603.1669074000001
208.36700000000008,0.00019260599999999795,167.38500000000002,603.1669074000001
208.41700000000003,0.00019260599999999795,167.38500000000002,603.1669074000001
208.46699999999998,0.00019260599999999795,164.4042,603.1669074000001
208.51700000000005,-0.00016296600000001438,165.39780000000002,605.1557682
208.567,1.4819999999998723e-05,167.38500000000002,603.1669074000001
208.61700000000008,0.00019260599999999795,165.39780000000002,603.1669074000001
208.66700000000003,1.4819999999998723e-05,166.3914,605.1557682
208.71699999999998,0.00019260599999999795,166.3914,603.1669074000001
208.76700000000005,0.00037039200000001105,167.38500000000002,605.1557682
208.817,1.4819999999998723e-05,166.3914,605.1557682
208.86700000000008,0.00019260599999999795,166.3914,603.1669074000001
208.91700000000003,0.00019260599999999795,165.39780000000002,603.1669074000001
208.96699999999998,-0.00016296600000001438,165.39780000000002,603.1669074000001
209.01700000000005,-0.00016296600000001438,165.39780000000002,603.1669074000001
209.067,1.4819999999998723e-05,166.3914,605.1557682
209.11700000000008,0.00019260599999999795,167.38500000000002,605.1557682
209.16700000000003,1.4819999999998723e-05,166.3914,603.1669074000001
209.21699999999998,1.4819999999998723e-05,164.4042,603.1669074000001
209.26700000000005,1.4819999999998723e-05,166.3914,603.1669074000001
209.317,-0.0003407520000000136,164.4042,605.1557682
209.36700000000008,-0.00016296600000001438,164.4042,603.1669074000001
209.418,-0.00016296600000001438,165.39780000000002,603.1669074000001
209.46800000000007,1.4819999999998723e-05,164.4042,601.1780466
209.51700000000005,1.4819999999998723e-05,167.38500000000002,603.1669074000001
209.567,0.0005481779999999825,167.38500000000002,601.1780466
209.61700000000008,1.4819999999998723e-05,167.38500000000002,603.1669074000001
209.66700000000003,0.00019260599999999795,166.3914,603.1669074000001
209.71699999999998,1.4819999999998723e-05,165.39780000000002,605.1557682
209.76800000000003,1.4819999999998723e-05,165.39780000000002,605.1557682
209.81799999999998,0.00019260599999999795,167.38500000000002,603.1669074000001
209.86800000000005,0.00019260599999999795,165.39780000000002,605.1557682
209.918,0.00019260599999999795,166.3914,603.1669074000001
209.96800000000007,1.4819999999998723e-05,165.39780000000002,605.1557682
210.01800000000003,1.4819999999998723e-05,165.39780000000002,601.1780466
210.06799999999998,1.4819999999998723e-05,167.38500000000002,605.1557682
210.11800000000005,0.00019260599999999795,166.3914,603.1669074000001
210.168,-0.00016296600000001438,166.3914,605.1557682
210.21800000000007,0.00019260599999999795,167.38500000000002,605.1557682
210.26800000000003,-0.00016296600000001438,165.39780000000002,601.1780466
210.31799999999998,0.0005481779999999825,167.38500000000002,603.1669074000001
210.36800000000005,-0.00016296600000001438,165.39780000000002,603.1669074000001
210.418,1.4819999999998723e-05,165.39780000000002,601.1780466
210.46800000000007,-0.00016296600000001438,165.39780000000002,607.1446289999999
210.51800000000003,0.00019260599999999795,166.3914,603.1669074000001
210.56799999999998,0.00019260599999999795,168.3786,603.1669074000001
210.61800000000005,-0.00016296600000001438,167.38500000000002,605.1557682
210.668,0.00019260599999999795,166.3914,603.1669074000001
210.71800000000007,1.4819999999998723e-05,167.38500000000002,605.1557682
210.76800000000003,-0.00016296600000001438,164.4042,603.1669074000001
210.81799999999998,-0.00016296600000001438,164.4042,603.1669074000001
210.86800000000005,1.4819999999998723e-05,167.38500000000002,605.1557682
210.918,1.4819999999998723e-05,166.3914,605.1557682
210.96800000000007,0.00019260599999999795,165.39780000000002,603.1669074000001
211.01800000000003,1.4819999999998723e-05,167.38500000000002,603.1669074000001
211.06799999999998,0.00019260599999999795,166.3914,603.1669074000001
211.11800000000005,0.00019260599999999795,166.3914,603.1669074000001
211.168,-0.00016296600000001438,166.3914,603.1669074000001
211.21800000000007,0.00019260599999999795,167.38500000000002,603.1669074000001
211.26800000000003,0.00037039200000001105,168.3786,601.1780466
211.31799999999998,0.00019260599999999795,167.38500000000002,605.1557682
211.36800000000005,1.4819999999998723e-05,165.39780000000002,601.1780466
211.418,1.4819999999998723e-05,165.39780000000002,603.1669074000001
211.46800000000007,0.00037039200000001105,166.3914,601.1780466
211.51800000000003,0.00019260599999999795,166.3914,605.1557682
211.56799999999998,0.00019260599999999795,166.3914,603.1669074000001
211.61800000000005,0.00019260599999999795,166.3914,605.1557682
211.668,1.4819999999998723e-05,167.38500000000002,605.1557682
211.71800000000007,0.00019260599999999795,167.38500000000002,605.1557682
211.76800000000003,0.00019260599999999795,166.3914,603.1669074000001
211.81799999999998,1.4819999999998723e-05,166.3914,605.1557682
211.86800000000005,0.00019260599999999795,166.3914,603.1669074000001
211.918,0.0005481779999999825,167.38500000000002,601.1780466
211.96800000000007,0.00019260599999999795,167.38500000000002,605.1557682
212.01800000000003,1.4819999999998723e-05,166.3914,605.1557682
212.06799999999998,0.00019260599999999795,166.3914,603.1669074000001
212.11800000000005,0.0005481779999999825,168.3786,601.1780466
212.168,-0.00016296600000001438,165.39780000000002,605.1557682
212.21800000000007,1.4819999999998723e-05,163.41060000000002,601.1780466
212.26800000000003,-0.00016296600000001438,166.3914,605.1557682
212.31799999999998,1.4819999999998723e-05,166.3914,603.1669074000001
212.36800000000005,0.00037039200000001105,166.3914,603.1669074000001
212.418,1.4819999999998723e-05,165.39780000000002,601.1780466
212.46800000000007,1.4819999999998723e-05,165.39780000000002,603.1669074000001
212.51800000000003,0.00037039200000001105,167.38500000000002,601.1780466
212.56900000000007,1.4819999999998723e-05,166.3914,605.1557682
212.61800000000005,0.00019260599999999795,166.3914,603.1669074000001
212.668,0.00019260599999999795,166.3914,603.1669074000001
212.71800000000007,1.4819999999998723e-05,165.39780000000002,601.1780466
212.76800000000003,1.4819999999998723e-05,166.3914,603.1669074000001
212.81799999999998,0.00019260599999999795,167.38500000000002,603.1669074000001
212.86800000000005,1.4819999999998723e-05,165.39780000000002,603.1669074000001
212.91899999999998,1.4819999999998723e-05,165.39780000000002,603.1669074000001
212.96900000000005,0.00019260599999999795,168.3786,605.1557682
213.019,1.4819999999998723e-05,165.39780000000002,605.1557682
213.06900000000007,-0.00016296600000001438,164.4042,605.1557682
213.11900000000003,1.4819999999998723e-05,165.39780000000002,603.1669074000001
213.16899999999998,0.00019260599999999795,167.38500000000002,603.1669074000001
213.21900000000005,1.4819999999998723e-05,165.39780000000002,605.1557682
213.269,0.00019260599999999795,165.39780000000002,603.1669074000001
213.31900000000007,1.4819999999998723e-05,165.39780000000002,603.1669074000001
213.36900000000003,1.4819999999998723e-05,167.38500000000002,605.1557682
213.41899999999998,0.00019260599999999795,166.3914,603.1669074000001
213.46900000000005,-0.00016296600000001438,166.3914,605.1557682
213.519,1.4819999999998723e-05,164.4042,605.1557682
213.56900000000007,1.4819999999998723e-05,165.39780000000002,603.1669074000001
213.61900000000003,-0.00016296600000001438,163.41060000000002,603.1669074000001
213.66899999999998,-0.00016296600000001438,166.3914,605.1557682
213.71900000000005,1.4819999999998723e-05,165.39780000000002,603.1669074000001
213.769,1.4819999999998723e-05,165.39780000000002,603.1669074000001
213.81900000000007,-0.00016296600000001438,164.4042,603.1669074000001
213.86900000000003,0.00037039200000001105,166.3914,601.1780466
213.91899999999998,1.4819999999998723e-05,164.4042,603.1669074000001
213.96900000000005,1.4819999999998723e-05,165.39780000000002,603.1669074000001
214.019,-0.00016296600000001438,166.3914,605.1557682
214.06900000000007,1.4819999999998723e-05,166.3914,603.1669074000001
214.11900000000003,1.4819999999998723e-05,164.4042,603.1669074000001
214.16899999999998,0.00019260599999999795,166.3914,603.1669074000001
214.21900000000005,0.00019260599999999795,167.38500000000002,603.1669074000001
214.269,0.00019260599999999795,167.38500000000002,603.1669074000001
214.31900000000007,1.4819999999998723e-05,166.3914,603.1669074000001
214.36900000000003,1.4819999999998723e-05,166.3914,603.1669074000001
214.41899999999998,-0.00016296600000001438,165.39780000000002,605.1557682
214.46900000000005,-0.00016296600000001438,166.3914,607.1446289999999
214.519,-0.00016296600000001438,165.39780000000002,605.1557682
214.56900000000007,0.00037039200000001105,168.3786,603.1669074000001
214.61900000000003,0.00019260599999999795,166.3914,601.1780466
214.66899999999998,0.00037039200000001105,165.39780000000002,601.1780466
214.71900000000005,1.4819999999998723e-05,166.3914,603.1669074000001
214.769,1.4819999999998723e-05,166.3914,605.1557682
214.81900000000007,-0.00016296600000001438,164.4042,601.1780466
214.86900000000003,1.4819999999998723e-05,166.3914,603.1669074000001
214.91899999999998,1.4819999999998723e-05,166.3914,601.1780466
214.96900000000005,0.00037039200000001105,166.3914,603.1669074000001
215.019,-0.00016296600000001438,167.38500000000002,607.1446289999999
215.06900000000007,0.00019260599999999795,167.38500000000002,603.1669074000001
215.11900000000003,1.4819999999998723e-05,166.3914,603.1669074000001
215.16899999999998,1.4819999999998723e-05,164.4042,605.1557682
215.21900000000005,1.4819999999998723e-05,168.3786,605.1557682
215.269,-0.00016296600000001438,165.39780000000002,603.1669074000001
215.31900000000007,1.4819999999998723e-05,165.39780000000002,605.1557682
215.36900000000003,-0.00016296600000001438,167.38500000000002,607.1446289999999
215.41899999999998,1.4819999999998723e-05,165.39780000000002,603.1669074000001
215.46900000000005,1.4819999999998723e-05,167.38500000000002,603.1669074000001
215.519,1.4819999999998723e-05,166.3914,603.1669074000001
215.56900000000007,1.4819999999998723e-05,167.38500000000002,605.1557682
215.61900000000003,0.00037039200000001105,167.38500000000002,601.1780466
215.67000000000007,0.00019260599999999795,166.3914,605.1557682
215.72000000000003,-0.00016296600000001438,165.39780000000002,603.1669074000001
215.769,1.4819999999998723e-05,167.38500000000002,605.1557682
215.81900000000007,0.00019260599999999795,167.38500000000002,603.1669074000001
215.86900000000003,0.00019260599999999795,167.38500000000002,603.1669074000001
215.91899999999998,1.4819999999998723e-05,166.3914,605.1557682
215.96900000000005,1.4819999999998723e-05,166.3914,603.1669074000001
216.01999999999998,0.00019260599999999795,166.3914,603.1669074000001
216.07000000000005,1.4819999999998723e-05,165.39780000000002,603.1669074000001
216.12,1.4819999999998723e-05,167.38500000000002,605.1557682
216.17000000000007,0.00019260599999999795,165.39780000000002,603.1669074000001
216.22000000000003,1.4819999999998723e-05,166.3914,605.1557682
216.26999999999998,0.00019260599999999795,168.3786,605.1557682
216.32000000000005,0.00019260599999999795,165.39780000000002,603.1669074000001
216.37,1.4819999999998723e-05,166.3914,603.1669074000001
216.42000000000007,1.4819999999998723e-05,167.38500000000002,603.1669074000001
216.47000000000003,1.4819999999998723e-05,166.3914,603.1669074000001
216.51999999999998,-0.00016296600000001438,166.3914,605.1557682
216.57000000000005,0.00037039200000001105,166.3914,603.1669074000001
216.62,0.00019260599999999795,166.3914,601.1780466
216.67000000000007,1.4819999999998723e-05,166.3914,605.1557682
216.72000000000003,1.4819999999998723e-05,167.38500000000002,603.1669074000001
216.76999999999998,1.4819999999998723e-05,165.39780000000002,607.1446289999999
216.82000000000005,1.4819999999998723e-05,165.39780000000002,605.1557682
216.87,1.4819999999998723e-05,167.38500000000002,603.1669074000001
216.92000000000007,1.4819999999998723e-05,166.3914,605.1557682
216.97000000000003,0.00019260599999999795,166.3914,603.1669074000001
217.01999999999998,0.00019260599999999795,166.3914,605.1557682
217.07000000000005,1.4819999999998723e-05,165.39780000000002,603.1669074000001
217.12,1.4819999999998723e-05,165.39780000000002,605.1557682
217.17000000000007,0.00019260599999999795,165.39780000000002,601.1780466
217.22000000000003,1.4819999999998723e-05,165.39780000000002,603.1669074000001
217.26999999999998,1.4819999999998723e-05,167.38500000000002,605.1557682
217.32000000000005,0.00019260599999999795,166.3914,603.1669074000001
217.37,0.00019260599999999795,166.3914,603.1669074000001
217.42000000000007,-0.00016296600000001438,164.4042,605.1557682
217.47000000000003,-0.00016296600000001438,166.3914,605.1557682
217.51999999999998,0.00019260599999999795,167.38500000000002,603.1669074000001
217.57000000000005,-0.00016296600000001438,165.39780000000002,605.1557682
217.62,-0.00016296600000001438,166.3914,605.1557682
217.67000000000007,-0.00016296600000001438,165.39780000000002,605.1557682
217.72000000000003,-0.00016296600000001438,165.39780000000002,605.1557682
217.76999999999998,0.00019260599999999795,166.3914,603.1669074000001
217.82000000000005,0.00019260599999999795,168.3786,605.1557682
217.87,1.4819999999998723e-05,165.39780000000002,603.1669074000001
217.92000000000007,0.00019260599999999795,167.38500000000002,603.1669074000001
217.97000000000003,-0.00016296600000001438,165.39780000000002,603.1669074000001
218.01999999999998,0.00019260599999999795,167.38500000000002,605.1557682
218.07000000000005,1.4819999999998723e-05,166.3914,605.1557682
218.12,0.00019260599999999795,167.38500000000002,605.1557682
218.17000000000007,1.4819999999998723e-05,166.3914,603.1669074000001
218.22000000000003,1.4819999999998723e-05,166.3914,603.1669074000001
218.26999999999998,-0.00016296600000001438,164.4042,605.1557682
218.32000000000005,0.00019260599999999795,168.3786,603.1669074000001
218.37,-0.00016296600000001438,166.3914,605.1557682
218.42000000000007,0.00019260599999999795,166.3914,601.1780466
218.47000000000003,-0.00016296600000001438,166.3914,603.1669074000001
218.51999999999998,-0.00016296600000001438,167.38500000000002,605.1557682
218.57000000000005,1.4819999999998723e-05,165.39780000000002,603.1669074000001
218.62,1.4819999999998723e-05,167.38500000000002,603.1669074000001
218.67000000000007,1.4819999999998723e-05,166.3914,605.1557682
218.72000000000003,-0.00016296600000001438,167.38500000000002,607.1446289999999
218.76999999999998,1.4819999999998723e-05,165.39780000000002,605.1557682
218.82100000000003,1.4819999999998723e-05,167.38500000000002,605.1557682
218.87099999999998,-0.00016296600000001438,165.39780000000002,605.1557682
218.92000000000007,1.4819999999998723e-05,167.38500000000002,605.1557682
218.97000000000003,1.4819999999998723e-05,167.38500000000002,605.1557682
219.01999999999998,-0.00016296600000001438,167.38500000000002,607.1446289999999
219.07000000000005,0.00019260599999999795,166.3914,603.1669074000001
219.12,1.4819999999998723e-05,166.3914,605.1557682
219.17100000000005,0.00019260599999999795,166.3914,603.1669074000001
219.221,1.4819999999998723e-05,167.38500000000002,605.1557682
219.27100000000007,-0.00016296600000001438,167.38500000000002,605.1557682
219.32100000000003,-0.00016296600000001438,164.4042,605.1557682
219.37099999999998,1.4819999999998723e-05,166.3914,605.1557682
219.42100000000005,0.00019260599999999795,164.4042,601.1780466
219.471,1.4819999999998723e-05,167.38500000000002,603.1669074000001
219.52100000000007,0.00019260599999999795,168.3786,603.1669074000001
219.57100000000003,1.4819999999998723e-05,166.3914,603.1669074000001
219.62099999999998,0.00019260599999999795,167.38500000000002,603.1669074000001
219.67100000000005,0.00019260599999999795,167.38500000000002,603.1669074000001
219.721,0.00019260599999999795,166.3914,601.1780466
219.77100000000007,-0.00016296600000001438,164.4042,603.1669074000001
219.82100000000003,0.00019260599999999795,167.38500000000002,603.1669074000001
219.87099999999998,-0.00016296600000001438,166.3914,605.1557682
219.92100000000005,0.00019260599999999795,167.38500000000002,601.1780466
219.971,0.00037039200000001105,165.39780000000002,603.1669074000001
220.02100000000007,1.4819999999998723e-05,166.3914,605.1557682
220.07100000000003,1.4819999999998723e-05,167.38500000000002,603.1669074000001
220.12099999999998,1.4819999999998723e-05,165.39780000000002,605.1557682
220.17100000000005,0.00019260599999999795,167.38500000000002,603.1669074000001
220.221,0.00019260599999999795,166.3914,603.1669074000001
220.27100000000007,1.4819999999998723e-05,166.3914,603.1669074000001
220.32100000000003,1.4819999999998723e-05,165.39780000000002,603.1669074000001
220.37099999999998,1.4819999999998723e-05,166.3914,603.1669074000001
220.42100000000005,1.4819999999998723e-05,166.3914,605.1557682
220.471,-0.00016296600000001438,166.3914,605.1557682
220.52100000000007,-0.00016296600000001438,164.4042,603.1669074000001
220.57100000000003,1.4819999999998723e-05,165.39780000000002,603.1669074000001
220.62099999999998,0.00019260599999999795,166.3914,601.1780466
220.67100000000005,1.4819999999998723e-05,164.4042,601.1780466
220.721,1.4819999999998723e-05,166.3914,603.1669074000001
220.77100000000007,0.00037039200000001105,167.38500000000002,603.1669074000001
220.82100000000003,1.4819999999998723e-05,166.3914,605.1557682
220.87099999999998,1.4819999999998723e-05,165.39780000000002,605.1557682
220.92100000000005,1.4819999999998723e-05,166.3914,603.1669074000001
220.971,1.4819999999998723e-05,166.3914,603.1669074000001
221.02100000000007,0.00019260599999999795,166.3914,603.1669074000001
221.07100000000003,1.4819999999998723e-05,165.39780000000002,607.1446289999999
221.12099999999998,1.4819999999998723e-05,166.3914,603.1669074000001
221.17100000000005,0.00037039200000001105,166.3914,601.1780466
221.221,0.00037039200000001105,167.38500000000002,603.1669074000001
221.27100000000007,-0.00016296600000001438,165.39780000000002,605.1557682
221.32100000000003,0.00019260599999999795,166.3914,605.1557682
221.37099999999998,1.4819999999998723e-05,166.3914,603.1669074000001
221.42100000000005,1.4819999999998723e-05,166.3914,605.1557682
221.471,-0.00016296600000001438,164.4042,601.1780466
221.52100000000007,-0.00016296600000001438,165.39780000000002,603.1669074000001
221.57100000000003,1.4819999999998723e-05,164.4042,601.1780466
221.62099999999998,0.00019260599999999795,167.38500000000002,603.1669074000001
221.67100000000005,0.00019260599999999795,166.3914,603.1669074000001
221.721,-0.00016296600000001438,166.3914,605.1557682
221.77100000000007,1.4819999999998723e-05,167.38500000000002,605.1557682
221.82100000000003,1.4819999999998723e-05,165.39780000000002,603.1669074000001
221.87099999999998,1.4819999999998723e-05,167.38500000000002,605.1557682
221.92100000000005,0.00019260599999999795,167.38500000000002,605.1557682
221.97199999999998,0.00019260599999999795,166.3914,603.1669074000001
222.02200000000005,-0.0003407520000000136,165.39780000000002,605.1557682
222.07100000000003,0.00019260599999999795,166.3914,603.1669074000001
222.12099999999998,1.4819999999998723e-05,166.3914,605.1557682
222.17100000000005,1.4819999999998723e-05,166.3914,603.1669074000001
222.221,1.4819999999998723e-05,166.3914,605.1557682
222.27200000000005,1.4819999999998723e-05,166.3914,603.1669074000001
222.322,1.4819999999998723e-05,165.39780000000002,601.1780466
222.37200000000007,-0.00016296600000001438,167.38500000000002,605.1557682
222.42200000000003,0.00019260599999999795,164.4042,603.1669074000001
222.47199999999998,1.4819999999998723e-05,164.4042,601.1780466
222.52200000000005,0.00037039200000001105,165.39780000000002,599.1891858000001
222.572,1.4819999999998723e-05,168.3786,605.1557682
222.62200000000007,0.00019260599999999795,166.3914,605.1557682
222.67200000000003,0.00019260599999999795,167.38500000000002,603.1669074000001
222.72199999999998,1.4819999999998723e-05,167.38500000000002,605.1557682
222.77200000000005,-0.00016296600000001438,167.38500000000002,605.1557682
222.822,1.4819999999998723e-05,167.38500000000002,603.1669074000001
222.87200000000007,-0.00016296600000001438,168.3786,605.1557682
222.92200000000003,0.00019260599999999795,168.3786,603.1669074000001
222.97199999999998,0.00019260599999999795,166.3914,601.1780466
223.02200000000005,0.00019260599999999795,166.3914,601.1780466
223.072,-0.00016296600000001438,165.39780000000002,603.1669074000001
223.12200000000007,1.4819999999998723e-05,165.39780000000002,601.1780466
223.17200000000003,0.00019260599999999795,165.39780000000002,605.1557682
223.22199999999998,0.00019260599999999795,165.39780000000002,603.1669074000001
223.27200000000005,-0.00016296600000001438,165.39780000000002,605.1557682
223.322,0.00037039200000001105,168.3786,603.1669074000001
223.37200000000007,1.4819999999998723e-05,164.4042,605.1557682
223.42200000000003,-0.0003407520000000136,165.39780000000002,605.1557682
223.47199999999998,1.4819999999998723e-05,165.39780000000002,603.1669074000001
223.52200000000005,0.00019260599999999795,166.3914,601.1780466
223.572,-0.00016296600000001438,164.4042,601.1780466
223.62200000000007,-0.00016296600000001438,165.39780000000002,603.1669074000001
223.67200000000003,1.4819999999998723e-05,168.3786,605.1557682
223.72199999999998,-0.0003407520000000136,165.39780000000002,605.1557682
223.77200000000005,-0.00016296600000001438,164.4042,603.1669074000001
223.822,1.4819999999998723e-05,164.4042,605.1557682
223.87200000000007,1.4819999999998723e-05,164.4042,603.1669074000001
223.92200000000003,0.00037039200000001105,166.3914,601.1780466
223.97199999999998,0.00019260599999999795,166.3914,603.1669074000001
224.02200000000005,0.00037039200000001105,167.38500000000002,603.1669074000001
224.072,-0.00016296600000001438,166.3914,603.1669074000001
224.12200000000007,1.4819999999998723e-05,167.38500000000002,605.1557682
224.17200000000003,0.00019260599999999795,168.3786,603.1669074000001
224.22199999999998,0.00019260599999999795,165.39780000000002,601.1780466
224.27200000000005,0.00037039200000001105,167.38500000000002,599.1891858000001
224.322,0.00019260599999999795,166.3914,603.1669074000001
224.37200000000007,0.0005481779999999825,167.38500000000002,601.1780466
224.42200000000003,-0.00016296600000001438,166.3914,605.1557682
224.47199999999998,0.00037039200000001105,166.3914,601.1780466
224.52200000000005,-0.00016296600000001438,165.39780000000002,603.1669074000001
224.572,0.00019260599999999795,166.3914,603.1669074000001
224.62200000000007,0.00019260599999999795,166.3914,603.1669074000001
224.67200000000003,0.00019260599999999795,166.3914,603.1669074000001
224.72199999999998,-0.0003407520000000136,164.4042,605.1557682
224.77200000000005,1.4819999999998723e-05,165.39780000000002,603.1669074000001
224.822,1.4819999999998723e-05,166.3914,605.1557682
224.87200000000007,0.00019260599999999795,166.3914,603.1669074000001
224.92200000000003,1.4819999999998723e-05,166.3914,603.1669074000001
224.97199999999998,0.00037039200000001105,167.38500000000002,603.1669074000001
225.02200000000005,0.00019260599999999795,166.3914,603.1669074000001
225.072,1.4819999999998723e-05,167.38500000000002,603.1669074000001
225.12300000000005,0.00019260599999999795,167.38500000000002,603.1669074000001
225.173,0.00019260599999999795,166.3914,603.1669074000001
225.22199999999998,1.4819999999998723e-05,166.3914,603.1669074000001
225.27200000000005,0.00037039200000001105,165.39780000000002,603.1669074000001
225.322,1.4819999999998723e-05,166.3914,605.1557682
225.37200000000007,1.4819999999998723e-05,167.38500000000002,603.1669074000001
225.423,0.00019260599999999795,165.39780000000002,603.1669074000001
225.47300000000007,0.00019260599999999795,167.38500000000002,605.1557682
225.52300000000002,-0.00016296600000001438,167.38500000000002,605.1557682
225.57299999999998,0.00037039200000001105,166.3914,599.1891858000001
225.62300000000005,-0.00016296600000001438,166.3914,607.1446289999999
225.673,0.00019260599999999795,165.39780000000002,603.1669074000001
225.72300000000007,1.4819999999998723e-05,167.38500000000002,603.1669074000001
225.77300000000002,0.00019260599999999795,165.39780000000002,601.1780466
225.82299999999998,1.4819999999998723e-05,164.4042,603.1669074000001
225.87300000000005,0.00019260599999999795,166.3914,601.1780466
225.923,0.00019260599999999795,167.38500000000002,603.1669074000001
225.97300000000007,0.00019260599999999795,168.3786,603.1669074000001
226.02300000000002,0.00019260599999999795,167.38500000000002,603.1669074000001
226.07299999999998,-0.00016296600000001438,163.41060000000002,599.1891858000001
226.12300000000005,0.00037039200000001105,167.38500000000002,603.1669074000001
226.173,1.4819999999998723e-05,165.39780000000002,607.1446289999999
226.22300000000007,0.00019260599999999795,168.3786,603.1669074000001
226.27300000000002,0.00037039200000001105,166.3914,601.1780466
226.32299999999998,0.00019260599999999795,167.38500000000002,605.1557682
226.37300000000005,1.4819999999998723e-05,166.3914,603.1669074000001
226.423,0.00037039200000001105,166.3914,601.1780466
226.47300000000007,1.4819999999998723e-05,165.39780000000002,603.1669074000001
226.52300000000002,0.00019260599999999795,166.3914,603.1669074000001
226.57299999999998,0.00019260599999999795,166.3914,603.1669074000001
226.62300000000005,1.4819999999998723e-05,167.38500000000002,603.1669074000001
226.673,1.4819999999998723e-05,165.39780000000002,603.1669074000001
226.72300000000007,0.00019260599999999795,166.3914,601.1780466
226.77300000000002,1.4819999999998723e-05,166.3914,603.1669074000001
226.82299999999998,-0.00016296600000001438,164.4042,603.1669074000001
226.87300000000005,0.00037039200000001105,167.38500000000002,603.1669074000001
226.923,1.4819999999998723e-05,166.3914,605.1557682
226.97300000000007,0.00019260599999999795,167.38500000000002,601.1780466
227.02300000000002,1.4819999999998723e-05,166.3914,605.1557682
227.07299999999998,1.4819999999998723e-05,167.38500000000002,603.1669074000001
227.12300000000005,1.4819999999998723e-05,166.3914,605.1557682
227.173,0.00019260599999999795,166.3914,605.1557682
227.22300000000007,1.4819999999998723e-05,167.38500000000002,603.1669074000001
227.27300000000002,0.00019260599999999795,167.38500000000002,605.1557682
227.32299999999998,-0.00016296600000001438,167.38500000000002,605.1557682
227.37300000000005,0.00019260599999999795,167.38500000000002,605.1557682
227.423,-0.00016296600000001438,163.41060000000002,601.1780466
227.47300000000007,0.0005481779999999825,167.38500000000002,601.1780466
227.52300000000002,-0.00016296600000001438,165.39780000000002,605.1557682
227.57299999999998,1.4819999999998723e-05,165.39780000000002,603.1669074000001
227.62300000000005,0.00019260599999999795,167.38500000000002,603.1669074000001
227.673,1.4819999999998723e-05,165.39780000000002,605.1557682
227.72300000000007,0.00019260599999999795,166.3914,601.1780466
227.77300000000002,1.4819999999998723e-05,166.3914,603.1669074000001
227.82299999999998,-0.0003407520000000136,163.41060000000002,603.1669074000001
227.87300000000005,-0.00016296600000001438,165.39780000000002,603.1669074000001
227.923,0.00019260599999999795,167.38500000000002,603.1669074000001
227.97300000000007,1.4819999999998723e-05,165.39780000000002,603.1669074000001
228.02300000000002,-0.00016296600000001438,167.38500000000002,605.1557682
228.07299999999998,0.00019260599999999795,166.3914,601.1780466
228.12300000000005,1.4819999999998723e-05,166.3914,605.1557682
228.173,1.4819999999998723e-05,166.3914,603.1669074000001
228.22300000000007,0.00037039200000001105,167.38500000000002,601.1780466
228.274,1.4819999999998723e-05,167.38500000000002,603.1669074000001
228.32400000000007,0.00019260599999999795,167.38500000000002,603.1669074000001
228.37300000000005,1.4819999999998723e-05,167.38500000000002,601.1780466
228.423,-0.00016296600000001438,166.3914,603.1669074000001
228.47300000000007,0.00019260599999999795,166.3914,603.1669074000001
228.524,0.00037039200000001105,166.3914,603.1669074000001
228.57400000000007,0.00019260599999999795,166.3914,603.1669074000001
228.62400000000002,0.00019260599999999795,167.38500000000002,603.1669074000001
228.67399999999998,1.4819999999998723e-05,168.3786,603.1669074000001
228.72400000000005,0.00019260599999999795,167.38500000000002,605.1557682
228.774,-0.0003407520000000136,162.417,603.1669074000001
228.82400000000007,1.4819999999998723e-05,167.38500000000002,607.1446289999999
228.87400000000002,1.4819999999998723e-05,165.39780000000002,603.1669074000001
228.92399999999998,1.4819999999998723e-05,165.39780000000002,603.1669074000001
228.97400000000005,1.4819999999998723e-05,166.3914,603.1669074000001
229.024,0.00019260599999999795,166.3914,603.1669074000001
229.07400000000007,0.00019260599999999795,166.3914,603.1669074000001
229.12400000000002,0.00037039200000001105,168.3786,603.1669074000001
229.17399999999998,0.00019260599999999795,165.39780000000002,603.1669074000001
229.22400000000005,1.4819999999998723e-05,166.3914,601.1780466
229.274,-0.0003407520000000136,166.3914,607.1446289999999
229.32400000000007,0.00019260599999999795,167.38500000000002,603.1669074000001
229.37400000000002,0.00019260599999999795,166.3914,603.1669074000001
229.42399999999998,1.4819999999998723e-05,165.39780000000002,603.1669074000001
229.47400000000005,1.4819999999998723e-05,165.39780000000002,605.1557682
229.524,0.00037039200000001105,167.38500000000002,603.1669074000001
229.57400000000007,0.00037039200000001105,166.3914,601.1780466
229.62400000000002,0.0005481779999999825,168.3786,601.1780466
229.67399999999998,-0.00016296600000001438,165.39780000000002,605.1557682
229.72400000000005,1.4819999999998723e-05,166.3914,603.1669074000001
229.774,0.00019260599999999795,166.3914,603.1669074000001
229.82400000000007,0.00019260599999999795,165.39780000000002,601.1780466
229.87400000000002,1.4819999999998723e-05,167.38500000000002,603.1669074000001
229.92399999999998,0.00019260599999999795,166.3914,601.1780466
229.97400000000005,0.00019260599999999795,166.3914,603.1669074000001
230.024,-0.00016296600000001438,165.39780000000002,603.1669074000001
230.07400000000007,0.00037039200000001105,166.3914,603.1669074000001
230.12400000000002,1.4819999999998723e-05,164.4042,603.1669074000001
230.17399999999998,1.4819999999998723e-05,166.3914,603.1669074000001
230.22400000000005,1.4819999999998723e-05,166.3914,603.1669074000001
230.274,1.4819999999998723e-05,166.3914,605.1557682
230.32400000000007,1.4819999999998723e-05,166.3914,605.1557682
230.37400000000002,-0.00016296600000001438,164.4042,605.1557682
230.42399999999998,0.00019260599999999795,164.4042,601.1780466
230.47400000000005,-0.00016296600000001438,165.39780000000002,605.1557682
230.524,-0.00016296600000001438,166.3914,605.1557682
230.57400000000007,1.4819999999998723e-05,165.39780000000002,601.1780466
230.62400000000002,-0.00016296600000001438,164.4042,605.1557682
230.67399999999998,0.00019260599999999795,166.3914,603.1669074000001
230.72400000000005,0.00037039200000001105,166.3914,603.1669074000001
230.774,-0.00016296600000001438,165.39780000000002,605.1557682
230.82400000000007,1.4819999999998723e-05,165.39780000000002,603.1669074000001
230.87400000000002,1.4819999999998723e-05,165.39780000000002,603.1669074000001
230.92399999999998,1.4819999999998723e-05,165.39780000000002,603.1669074000001
230.97400000000005,1.4819999999998723e-05,165.39780000000002,601.1780466
231.024,0.00019260599999999795,165.39780000000002,603.1669074000001
231.07400000000007,1.4819999999998723e-05,166.3914,603.1669074000001
231.12400000000002,0.00019260599999999795,166.3914,601.1780466
231.17399999999998,0.00019260599999999795,167.38500000000002,603.1669074000001
231.22400000000005,-0.0003407520000000136,164.4042,605.1557682
231.274,-0.0003407520000000136,165.39780000000002,603.1669074000001
231.32400000000007,1.4819999999998723e-05,166.3914,603.1669074000001
231.37400000000002,-0.00016296600000001438,165.39780000000002,603.1669074000001
231.42500000000007,1.4819999999998723e-05,166.3914,603.1669074000001
231.47500000000002,0.00019260599999999795,165.39780000000002,601.1780466
231.524,0.00037039200000001105,167.38500000000002,603.1669074000001
231.57400000000007,1.4819999999998723e-05,168.3786,605.1557682
231.62400000000002,1.4819999999998723e-05,164.4042,603.1669074000001
231.67500000000007,-0.0003407520000000136,164.4042,605.1557682
231.72500000000002,0.00019260599999999795,167.38500000000002,603.1669074000001
231.77499999999998,0.00037039200000001105,166.3914,603.1669074000001
231.82500000000005,1.4819999999998723e-05,166.3914,603.1669074000001
231.875,-0.00016296600000001438,166.3914,605.1557682
231.92500000000007,-0.00016296600000001438,166.3914,603.1669074000001
231.97500000000002,1.4819999999998723e-05,165.39780000000002,603.1669074000001
232.02499999999998,0.00019260599999999795,167.38500000000002,603.1669074000001
232.07500000000005,1.4819999999998723e-05,165.39780000000002,603.1669074000001
232.125,0.00019260599999999795,166.3914,601.1780466
232.17500000000007,1.4819999999998723e-05,168.3786,605.1557682
232.22500000000002,0.00019260599999999795,167.38500000000002,603.1669074000001
232.27499999999998,1.4819999999998723e-05,168.3786,605.1557682
232.32500000000005,1.4819999999998723e-05,166.3914,601.1780466
232.375,1.4819999999998723e-05,166.3914,601.1780466
232.42500000000007,0.00019260599999999795,167.38500000000002,603.1669074000001
232.47500000000002,1.4819999999998723e-05,166.3914,603.1669074000001
232.52499999999998,0.00037039200000001105,167.38500000000002,601.1780466
232.57500000000005,1.4819999999998723e-05,164.4042,601.1780466
232.625,0.00019260599999999795,167.38500000000002,603.1669074000001
232.67500000000007,0.00019260599999999795,166.3914,601.1780466
232.72500000000002,1.4819999999998723e-05,166.3914,603.1669074000001
232.77499999999998,0.00037039200000001105,167.38500000000002,603.1669074000001
232.82500000000005,0.00019260599999999795,167.38500000000002,603.1669074000001
232.875,0.00019260599999999795,166.3914,605.1557682
232.92500000000007,-0.00016296600000001438,166.3914,605.1557682
232.97500000000002,1.4819999999998723e-05,164.4042,603.1669074000001
233.02499999999998,1.4819999999998723e-05,167.38500000000002,605.1557682
233.07500000000005,0.00019260599999999795,167.38500000000002,603.1669074000001
233.125,0.00019260599999999795,167.38500000000002,603.1669074000001
233.17500000000007,0.00037039200000001105,167.38500000000002,601.1780466
233.22500000000002,0.0005481779999999825,168.3786,601.1780466
233.27499999999998,1.4819999999998723e-05,166.3914,605.1557682
233.32500000000005,0.00037039200000001105,168.3786,603.1669074000001
233.375,0.00037039200000001105,164.4042,601.1780466
233.42500000000007,0.00037039200000001105,166.3914,603.1669074000001
233.47500000000002,0.00019260599999999795,167.38500000000002,603.1669074000001
233.52499999999998,0.00019260599999999795,167.38500000000002,603.1669074000001
233.57500000000005,0.00019260599999999795,166.3914,603.1669074000001
233.625,0.00037039200000001105,166.3914,603.1669074000001
233.67500000000007,-0.00016296600000001438,163.41060000000002,601.1780466
233.72500000000002,0.00019260599999999795,165.39780000000002,601.1780466
233.77499999999998,-0.00016296600000001438,166.3914,607.1446289999999
233.82500000000005,0.00037039200000001105,166.3914,601.1780466
233.875,1.4819999999998723e-05,166.3914,605.1557682
233.92500000000007,1.4819999999998723e-05,165.39780000000002,603.1669074000001
233.97500000000002,1.4819999999998723e-05,165.39780000000002,605.1557682
234.02499999999998,0.00019260599999999795,165.39780000000002,603.1669074000001
234.07500000000005,0.00019260599999999795,165.39780000000002,601.1780466
234.125,0.0005481779999999825,168.3786,603.1669074000001
234.17500000000007,0.00037039200000001105,166.3914,603.1669074000001
234.22500000000002,-0.00016296600000001438,164.4042,603.1669074000001
234.27499999999998,1.4819999999998723e-05,167.38500000000002,603.1669074000001
234.32500000000005,1.4819999999998723e-05,167.38500000000002,603.1669074000001
234.375,1.4819999999998723e-05,167.38500000000002,603.1669074000001
234.42500000000007,1.4819999999998723e-05,166.3914,605.1557682
234.47500000000002,1.4819999999998723e-05,167.38500000000002,603.1669074000001
234.52499999999998,1.4819999999998723e-05,165.39780000000002,603.1669074000001
234.57600000000002,1.4819999999998723e-05,167.38500000000002,607.1446289999999
234.62599999999998,0.00037039200000001105,166.3914,599.1891858000001
234.67500000000007,1.4819999999998723e-05,165.39780000000002,603.1669074000001
234.72500000000002,1.4819999999998723e-05,166.3914,603.1669074000001
234.77600000000007,0.00019260599999999795,165.39780000000002,601.1780466
234.82600000000002,1.4819999999998723e-05,165.39780000000002,603.1669074000001
234.87599999999998,1.4819999999998723e-05,166.3914,603.1669074000001
234.92600000000004,0.00019260599999999795,166.3914,601.1780466
234.976,1.4819999999998723e-05,166.3914,603.1669074000001
235.02600000000007,1.4819999999998723e-05,166.3914,601.1780466
235.07600000000002,0.00019260599999999795,165.39780000000002,603.1669074000001
235.12599999999998,1.4819999999998723e-05,167.38500000000002,605.1557682
235.17600000000004,1.4819999999998723e-05,167.38500000000002,603.1669074000001
235.226,1.4819999999998723e-05,165.39780000000002,603.1669074000001
235.27600000000007,-0.00016296600000001438,166.3914,603.1669074000001
235.32600000000002,1.4819999999998723e-05,166.3914,603.1669074000001
235.37599999999998,1.4819999999998723e-05,167.38500000000002,603.1669074000001
235.42600000000004,0.00019260599999999795,166.3914,603.1669074000001
235.476,0.00019260599999999795,167.38500000000002,605.1557682
235.52600000000007,1.4819999999998723e-05,167.38500000000002,603.1669074000001
235.57600000000002,0.00037039200000001105,167.38500000000002,601.1780466
235.62599999999998,1.4819999999998723e-05,165.39780000000002,603.1669074000001
235.67600000000004,0.00019260599999999795,167.38500000000002,605.1557682
235.726,0.00037039200000001105,167.38500000000002,603.1669074000001
235.77600000000007,0.00019260599999999795,167.38500000000002,603.1669074000001
235.82600000000002,0.00037039200000001105,166.3914,601.1780466
235.87599999999998,0.00019260599999999795,166.3914,603.1669074000001
235.92600000000004,1.4819999999998723e-05,166.3914,603.1669074000001
235.976,0.00019260599999999795,167.38500000000002,603.1669074000001
236.02600000000007,0.00019260599999999795,166.3914,603.1669074000001
236.07600000000002,-0.00016296600000001438,166.3914,603.1669074000001
236.12599999999998,1.4819999999998723e-05,167.38500000000002,605.1557682
236.17600000000004,-0.0003407520000000136,164.4042,603.1669074000001
236.226,0.00019260599999999795,168.3786,603.1669074000001
236.27600000000007,0.00019260599999999795,167.38500000000002,603.1669074000001
236.32600000000002,-0.00016296600000001438,166.3914,603.1669074000001
236.37599999999998,1.4819999999998723e-05,165.39780000000002,603.1669074000001
236.42600000000004,-0.00016296600000001438,164.4042,603.1669074000001
236.476,0.00019260599999999795,166.3914,603.1669074000001
236.52600000000007,0.00019260599999999795,166.3914,603.1669074000001
236.57600000000002,1.4819999999998723e-05,165.39780000000002,603.1669074000001
236.62599999999998,0.00019260599999999795,166.3914,603.1669074000001
236.67600000000004,0.00019260599999999795,168.3786,605.1557682
236.726,1.4819999999998723e-05,165.39780000000002,601.1780466
236.77600000000007,-0.00016296600000001438,164.4042,605.1557682
236.82600000000002,1.4819999999998723e-05,166.3914,603.1669074000001
236.87599999999998,0.00037039200000001105,166.3914,603.1669074000001
236.92600000000004,0.00019260599999999795,166.3914,601.1780466
236.976,0.00019260599999999795,166.3914,603.1669074000001
237.02600000000007,1.4819999999998723e-05,165.39780000000002,603.1669074000001
237.07600000000002,0.00019260599999999795,166.3914,601.1780466
237.12599999999998,0.00019260599999999795,165.39780000000002,603.1669074000001
237.17600000000004,0.00019260599999999795,165.39780000000002,603.1669074000001
237.226,-0.00016296600000001438,166.3914,605.1557682
237.27600000000007,1.4819999999998723e-05,165.39780000000002,603.1669074000001
237.32600000000002,0.00037039200000001105,168.3786,603.1669074000001
237.37599999999998,0.00037039200000001105,167.38500000000002,603.1669074000001
237.42600000000004,1.4819999999998723e-05,164.4042,603.1669074000001
237.476,0.00019260599999999795,167.38500000000002,603.1669074000001
237.52600000000007,1.4819999999998723e-05,165.39780000000002,603.1669074000001
237.57600000000002,0.00019260599999999795,166.3914,603.1669074000001
237.62599999999998,-0.00016296600000001438,166.3914,605.1557682
237.67700000000002,1.4819999999998723e-05,166.3914,603.1669074000001
237.72699999999998,0.00019260599999999795,165.39780000000002,601.1780466
237.77600000000007,-0.00016296600000001438,165.39780000000002,603.1669074000001
237.82600000000002,1.4819999999998723e-05,165.39780000000002,603.1669074000001
237.87599999999998,0.00019260599999999795,166.3914,603.1669074000001
237.92700000000002,1.4819999999998723e-05,165.39780000000002,603.1669074000001
237.97699999999998,0.00019260599999999795,166.3914,603.1669074000001
238.02700000000004,1.4819999999998723e-05,166.3914,601.1780466
238.077,0.00019260599999999795,168.3786,601.1780466
238.12700000000007,-0.00016296600000001438,165.39780000000002,605.1557682
238.17700000000002,1.4819999999998723e-05,166.3914,601.1780466
238.22699999999998,1.4819999999998723e-05,167.38500000000002,605.1557682
238.27700000000004,0.00019260599999999795,165.39780000000002,603.1669074000001
238.327,1.4819999999998723e-05,167.38500000000002,603.1669074000001
238.37700000000007,1.4819999999998723e-05,165.39780000000002,601.1780466
238.42700000000002,1.4819999999998723e-05,166.3914,603.1669074000001
238.47699999999998,-0.00016296600000001438,165.39780000000002,607.1446289999999
238.52700000000004,1.4819999999998723e-05,166.3914,605.1557682
238.577,0.00019260599999999795,167.38500000000002,603.1669074000001
238.62700000000007,1.4819999999998723e-05,166.3914,601.1780466
238.67700000000002,-0.00016296600000001438,165.39780000000002,605.1557682
238.72699999999998,-0.00016296600000001438,167.38500000000002,603.1669074000001
238.77700000000004,-0.00016296600000001438,164.4042,603.1669074000001
238.827,1.4819999999998723e-05,165.39780000000002,603.1669074000001
238.87700000000007,0.00037039200000001105,168.3786,601.1780466
238.92700000000002,1.4819999999998723e-05,166.3914,603.1669074000001
238.97699999999998,1.4819999999998723e-05,165.39780000000002,603.1669074000001
239.02700000000004,0.00019260599999999795,166.3914,603.1669074000001
239.077,0.00037039200000001105,167.38500000000002,603.1669074000001
239.12700000000007,0.00019260599999999795,166.3914,603.1669074000001
239.17700000000002,0.00019260599999999795,167.38500000000002,603.1669074000001
239.22699999999998,0.00037039200000001105,166.3914,599.1891858000001
239.27700000000004,1.4819999999998723e-05,165.39780000000002,603.1669074000001
239.327,0.00019260599999999795,166.3914,601.1780466
239.37700000000007,0.0005481779999999825,166.3914,603.1669074000001
239.42700000000002,1.4819999999998723e-05,165.39780000000002,601.1780466
239.47699999999998,0.00037039200000001105,167.38500000000002,601.1780466
239.52700000000004,1.4819999999998723e-05,167.38500000000002,603.1669074000001
239.577,0.00019260599999999795,166.3914,603.1669074000001
239.62700000000007,0.00019260599999999795,165.39780000000002,601.1780466
239.67700000000002,0.00037039200000001105,167.38500000000002,603.1669074000001
239.72699999999998,0.00019260599999999795,165.39780000000002,603.1669074000001
239.77700000000004,0.00019260599999999795,166.3914,601.1780466
239.827,1.4819999999998723e-05,166.3914,603.1669074000001
239.87700000000007,0.00019260599999999795,167.38500000000002,603.1669074000001
239.92700000000002,0.00019260599999999795,164.4042,601.1780466
239.97699999999998,0.0005481779999999825,167.38500000000002,601.1780466
240.02700000000004,-0.00016296600000001438,165.39780000000002,603.1669074000001
240.077,-0.00016296600000001438,166.3914,607.1446289999999
240.12700000000007,-0.00016296600000001438,165.39780000000002,603.1669074000001
240.17700000000002,1.4819999999998723e-05,166.3914,603.1669074000001
240.22699999999998,1.4819999999998723e-05,167.38500000000002,603.1669074000001
240.27700000000004,1.4819999999998723e-05,166.3914,605.1557682
240.327,0.00019260599999999795,166.3914,603.1669074000001
240.37800000000004,0.00037039200000001105,166.3914,603.1669074000001
240.42700000000002,1.4819999999998723e-05,165.39780000000002,603.1669074000001
240.47699999999998,0.00019260599999999795,166.3914,605.1557682
240.52700000000004,0.00037039200000001105,167.38500000000002,601.1780466
240.577,0.00037039200000001105,166.3914,601.1780466
240.62700000000007,1.4819999999998723e-05,165.39780000000002,603.1669074000001
240.67700000000002,0.00019260599999999795,167.38500000000002,603.1669074000001
240.72699999999998,0.00019260599999999795,167.38500000000002,603.1669074000001
240.77700000000004,0.00037039200000001105,166.3914,601.1780466
240.82799999999997,-0.00016296600000001438,165.39780000000002,603.1669074000001
240.87800000000004,1.4819999999998723e-05,166.3914,601.1780466
240.92700000000002,1.4819999999998723e-05,165.39780000000002,603.1669074000001
240.97699999999998,0.00019260599999999795,167.38500000000002,605.1557682
241.02800000000002,0.00019260599999999795,165.39780000000002,603.1669074000001
241.07799999999997,-0.00016296600000001438,166.3914,605.1557682
241.12800000000004,0.00037039200000001105,168.3786,601.1780466
241.178,1.4819999999998723e-05,166.3914,603.1669074000001
241.22800000000007,0.00037039200000001105,166.3914,601.1780466
241.27800000000002,1.4819999999998723e-05,167.38500000000002,605.1557682
241.32799999999997,0.00019260599999999795,166.3914,603.1669074000001
241.37800000000004,1.4819999999998723e-05,166.3914,603.1669074000001
241.428,1.4819999999998723e-05,165.39780000000002,601.1780466
241.47800000000007,0.00037039200000001105,165.39780000000002,601.1780466
241.52800000000002,1.4819999999998723e-05,167.38500000000002,603.1669074000001
241.57799999999997,0.00019260599999999795,166.3914,601.1780466
241.62800000000004,1.4819999999998723e-05,167.38500000000002,603.1669074000001
241.678,1.4819999999998723e-05,166.3914,605.1557682
241.72800000000007,1.4819999999998723e-05,168.3786,603.1669074000001
241.77800000000002,0.00037039200000001105,166.3914,601.1780466
241.82799999999997,1.4819999999998723e-05,167.38500000000002,603.1669074000001
241.87800000000004,0.00037039200000001105,166.3914,603.1669074000001
241.928,0.00019260599999999795,167.38500000000002,603.1669074000001
241.97800000000007,0.00037039200000001105,168.3786,603.1669074000001
242.02800000000002,0.00037039200000001105,167.38500000000002,601.1780466
242.07799999999997,-0.00016296600000001438,166.3914,605.1557682
242.12800000000004,1.4819999999998723e-05,167.38500000000002,603.1669074000001
242.178,1.4819999999998723e-05,166.3914,603.1669074000001
242.22800000000007,1.4819999999998723e-05,167.38500000000002,599.1891858000001
242.27800000000002,0.00019260599999999795,167.38500000000002,603.1669074000001
242.32799999999997,0.00019260599999999795,166.3914,603.1669074000001
242.37800000000004,0.00019260599999999795,167.38500000000002,603.1669074000001
242.428,-0.00016296600000001438,167.38500000000002,605.1557682
242.47800000000007,0.00019260599999999795,168.3786,603.1669074000001
242.52800000000002,1.4819999999998723e-05,166.3914,603.1669074000001
242.57799999999997,0.0005481779999999825,168.3786,601.1780466
242.62800000000004,0.00019260599999999795,166.3914,601.1780466
242.678,1.4819999999998723e-05,168.3786,601.1780466
242.72800000000007,0.00019260599999999795,165.39780000000002,601.1780466
242.77800000000002,0.00019260599999999795,168.3786,605.1557682
242.82799999999997,-0.00016296600000001438,165.39780000000002,605.1557682
242.87800000000004,0.00019260599999999795,168.3786,605.1557682
242.928,0.00037039200000001105,166.3914,601.1780466
242.97800000000007,0.00037039200000001105,166.3914,601.1780466
243.02800000000002,0.00019260599999999795,168.3786,601.1780466
243.07799999999997,0.00019260599999999795,166.3914,605.1557682
243.12800000000004,-0.00016296600000001438,162.417,601.1780466
243.178,1.4819999999998723e-05,165.39780000000002,603.1669074000001
243.22800000000007,0.00019260599999999795,166.3914,603.1669074000001
243.27800000000002,0.00019260599999999795,167.38500000000002,601.1780466
243.32799999999997,-0.00016296600000001438,166.3914,605.1557682
243.37800000000004,0.00019260599999999795,165.39780000000002,603.1669074000001
243.428,1.4819999999998723e-05,168.3786,605.1557682
243.47800000000007,-0.00016296600000001438,165.39780000000002,603.1669074000001
243.52800000000002,-0.00016296600000001438,166.3914,603.1669074000001
243.57799999999997,0.00019260599999999795,166.3914,603.1669074000001
243.62800000000004,1.4819999999998723e-05,165.39780000000002,605.1557682
243.678,1.4819999999998723e-05,167.38500000000002,605.1557682
243.72800000000007,0.00019260599999999795,166.3914,605.1557682
243.77800000000002,0.00037039200000001105,165.39780000000002,603.1669074000001
243.82799999999997,0.00019260599999999795,165.39780000000002,603.1669074000001
243.87800000000004,1.4819999999998723e-05,165.39780000000002,605.1557682
243.928,1.4819999999998723e-05,166.3914,603.1669074000001
243.97900000000004,0.00019260599999999795,166.3914,605.1557682
244.029,0.00019260599999999795,165.39780000000002,601.1780466
244.07799999999997,0.00019260599999999795,165.39780000000002,601.1780466
244.12800000000004,0.00019260599999999795,167.38500000000002,603.1669074000001
244.17899999999997,1.4819999999998723e-05,166.3914,603.1669074000001
244.22900000000004,0.00037039200000001105,165.39780000000002,601.1780466
244.279,1.4819999999998723e-05,164.4042,605.1557682
244.32900000000006,0.00019260599999999795,165.39780000000002,603.1669074000001
244.37900000000002,0.00019260599999999795,166.3914,601.1780466
244.42899999999997,0.00019260599999999795,166.3914,603.1669074000001
244.47900000000004,-0.00016296600000001438,163.41060000000002,603.1669074000001
244.529,0.00019260599999999795,167.38500000000002,603.1669074000001
244.57900000000006,0.00019260599999999795,165.39780000000002,603.1669074000001
244.62900000000002,0.00019260599999999795,165.39780000000002,603.1669074000001
244.67899999999997,1.4819999999998723e-05,165.39780000000002,603.1669074000001
244.72900000000004,0.0005481779999999825,183.2826,603.1669074000001
244.779,0.0007259639999999956,301.52099999999996,603.1669074000001
244.82900000000006,-0.00016296600000001438,393.9258,605.1557682
244.88,1.4819999999998723e-05,356.169,599.1891858000001
244.92899999999997,1.4819999999998723e-05,339.2778,603.1669074000001
244.98000000000002,1.4819999999998723e-05,326.361,603.1669074000001
245.029,1.4819999999998723e-05,316.425,603.1669074000001
245.07900000000006,1.4819999999998723e-05,304.5018,603.1669074000001
245.12900000000002,0.00019260599999999795,297.5466,603.1669074000001
245.17899999999997,0.00019260599999999795,287.6106,603.1669074000001
245.22900000000004,1.4819999999998723e-05,277.6746,603.1669074000001
245.279,0.0007259639999999956,291.585,603.1669074000001
245.33000000000004,0.00037039200000001105,431.6826,603.1669074000001
245.37900000000002,0.00037039200000001105,515.145,601.1780466
245.43000000000006,1.4819999999998723e-05,454.5354,603.1669074000001
245.47900000000004,0.00019260599999999795,435.657,605.1557682
245.529,0.0005481779999999825,419.75939999999997,599.1891858000001
245.57900000000006,0.00019260599999999795,408.8298,605.1557682
245.62900000000002,-0.0003407520000000136,393.9258,605.1557682
245.67899999999997,0.00019260599999999795,385.977,603.1669074000001
245.72900000000004,1.4819999999998723e-05,376.041,605.1557682
245.779,1.4819999999998723e-05,366.10499999999996,603.1669074000001
245.82900000000006,0.00037039200000001105,354.1818,601.1780466
245.87900000000002,1.4819999999998723e-05,342.2586,601.1780466
245.92899999999997,0.00019260599999999795,329.3418,603.1669074000001
245.97900000000004,1.4819999999998723e-05,315.4314,605.1557682
246.029,1.4819999999998723e-05,298.54019999999997,601.1780466
246.07900000000006,1.4819999999998723e-05,283.6362,605.1557682
246.12900000000002,1.4819999999998723e-05,269.7258,605.1557682
246.17899999999997,1.4819999999998723e-05,253.8282,603.1669074000001
246.22900000000004,0.00019260599999999795,237.9306,603.1669074000001
246.279,0.00019260599999999795,222.03300000000002,601.1780466
246.32900000000006,0.00037039200000001105,209.11620000000002,603.1669074000001
246.37900000000002,1.4819999999998723e-05,195.2058,603.1669074000001
246.42899999999997,0.00037039200000001105,184.27620000000002,603.1669074000001
246.47900000000004,0.00019260599999999795,175.3338,603.1669074000001
246.529,-0.00016296600000001438,165.39780000000002,605.1557682
246.57900000000006,0.00019260599999999795,158.4426,605.1557682
246.62900000000002,0.00019260599999999795,152.481,603.1669074000001
246.67899999999997,0.00019260599999999795,146.51940000000002,605.1557682
246.72900000000004,0.00019260599999999795,143.5386,605.1557682
246.779,0.00019260599999999795,139.5642,603.1669074000001
246.82900000000006,1.4819999999998723e-05,137.577,603.1669074000001
246.87900000000002,0.00019260599999999795,134.5962,603.1669074000001
246.92899999999997,0.00019260599999999795,134.5962,603.1669074000001
246.97900000000004,1.4819999999998723e-05,131.6154,603.1669074000001
247.029,0.00019260599999999795,132.609,603.1669074000001
247.07900000000006,1.4819999999998723e-05,131.6154,603.1669074000001
247.13,0.00019260599999999795,132.609,603.1669074000001
247.18000000000006,-0.00016296600000001438,130.6218,603.1669074000001
247.23000000000002,1.4819999999998723e-05,132.609,603.1669074000001
247.27999999999997,0.00037039200000001105,132.609,603.1669074000001
247.33000000000004,0.00019260599999999795,133.6026,603.1669074000001
247.38,1.4819999999998723e-05,134.5962,603.1669074000001
247.43000000000006,1.4819999999998723e-05,136.5834,607.1446289999999
247.48000000000002,1.4819999999998723e-05,136.5834,603.1669074000001
247.52999999999997,0.00019260599999999795,138.5706,603.1669074000001
247.58000000000004,1.4819999999998723e-05,137.577,603.1669074000001
247.63,0.00019260599999999795,140.55780000000001,603.1669074000001
247.68000000000006,1.4819999999998723e-05,142.54500000000002,603.1669074000001
247.73000000000002,0.00019260599999999795,143.5386,605.1557682
247.77999999999997,0.00019260599999999795,145.5258,603.1669074000001
247.83000000000004,0.00019260599999999795,145.5258,605.1557682
247.88,1.4819999999998723e-05,145.5258,603.1669074000001
247.93000000000006,0.00019260599999999795,149.5002,603.1669074000001
247.98000000000002,1.4819999999998723e-05,151.4874,605.1557682
248.02999999999997,0.00019260599999999795,150.49380000000002,605.1557682
248.08000000000004,0.00019260599999999795,153.4746,605.1557682
248.13,0.00019260599999999795,153.4746,605.1557682
248.18000000000006,0.00019260599999999795,153.4746,603.1669074000001
248.23000000000002,1.4819999999998723e-05,156.4554,607.1446289999999
248.27999999999997,0.00019260599999999795,155.4618,603.1669074000001
248.33000000000004,-0.00016296600000001438,155.4618,601.1780466
248.38,0.00019260599999999795,159.4362,601.1780466
248.43000000000006,0.0005481779999999825,159.4362,601.1780466
248.48000000000002,0.00019260599999999795,160.4298,603.1669074000001
248.52999999999997,1.4819999999998723e-05,162.417,603.1669074000001
248.58000000000004,0.00037039200000001105,162.417,603.1669074000001
248.63,1.4819999999998723e-05,162.417,603.1669074000001
248.68000000000006,0.00019260599999999795,162.417,601.1780466
248.73000000000002,0.00019260599999999795,163.41060000000002,601.1780466
248.77999999999997,0.00019260599999999795,164.4042,603.1669074000001
248.83000000000004,1.4819999999998723e-05,165.39780000000002,603.1669074000001
248.88,0.00019260599999999795,166.3914,605.1557682
248.93000000000006,1.4819999999998723e-05,166.3914,605.1557682
248.98000000000002,0.00019260599999999795,165.39780000000002,599.1891858000001
249.02999999999997,1.4819999999998723e-05,166.3914,603.1669074000001
249.08000000000004,1.4819999999998723e-05,167.38500000000002,605.1557682
249.13,-0.0003407520000000136,167.38500000000002,605.1557682
249.18000000000006,0.00019260599999999795,167.38500000000002,603.1669074000001
249.23000000000002,-0.00016296600000001438,168.3786,605.1557682
249.27999999999997,1.4819999999998723e-05,168.3786,605.1557682
249.33000000000004,1.4819999999998723e-05,167.38500000000002,603.1669074000001
249.38,-0.00016296600000001438,166.3914,605.1557682
249.43000000000006,1.4819999999998723e-05,166.3914,605.1557682
249.48000000000002,0.00019260599999999795,167.38500000000002,601.1780466
249.52999999999997,0.00019260599999999795,168.3786,605.1557682
249.58000000000004,-0.00016296600000001438,168.3786,603.1669074000001
249.63,1.4819999999998723e-05,167.38500000000002,603.1669074000001
249.68000000000006,1.4819999999998723e-05,167.38500000000002,603.1669074000001
249.73000000000002,0.00019260599999999795,169.37220000000002,603.1669074000001
249.77999999999997,1.4819999999998723e-05,166.3914,603.1669074000001
249.83100000000002,1.4819999999998723e-05,167.38500000000002,605.1557682
249.88099999999997,1.4819999999998723e-05,167.38500000000002,603.1669074000001
249.93000000000006,0.00019260599999999795,166.3914,603.1669074000001
249.98000000000002,-0.00016296600000001438,166.3914,605.1557682
250.02999999999997,-0.00016296600000001438,165.39780000000002,605.1557682
250.08000000000004,1.4819999999998723e-05,165.39780000000002,605.1557682
250.13,0.00019260599999999795,165.39780000000002,605.1557682
250.18000000000006,-0.00016296600000001438,164.4042,605.1557682
250.23000000000002,0.00019260599999999795,163.41060000000002,601.1780466
250.28100000000006,1.4819999999998723e-05,164.4042,603.1669074000001
250.33100000000002,1.4819999999998723e-05,162.417,603.1669074000001
250.38,-0.00016296600000001438,163.41060000000002,605.1557682
250.43100000000004,0.0005481779999999825,164.4042,601.1780466
250.481,0.00019260599999999795,164.4042,601.1780466
250.53100000000006,1.4819999999998723e-05,162.417,603.1669074000001
250.58100000000002,0.00019260599999999795,163.41060000000002,603.1669074000001
250.63099999999997,1.4819999999998723e-05,163.41060000000002,605.1557682
250.68100000000004,1.4819999999998723e-05,162.417,603.1669074000001
250.731,1.4819999999998723e-05,161.42340000000002,605.1557682
250.78100000000006,1.4819999999998723e-05,161.42340000000002,605.1557682
250.83100000000002,-0.00016296600000001438,160.4298,605.1557682
250.88099999999997,0.00019260599999999795,162.417,605.1557682
250.93100000000004,1.4819999999998723e-05,161.42340000000002,603.1669074000001
250.981,0.00037039200000001105,161.42340000000002,603.1669074000001
251.03100000000006,-0.00016296600000001438,159.4362,605.1557682
251.08100000000002,0.00019260599999999795,160.4298,601.1780466
251.13099999999997,1.4819999999998723e-05,159.4362,603.1669074000001
251.18100000000004,1.4819999999998723e-05,159.4362,603.1669074000001
251.231,-0.0003407520000000136,161.42340000000002,607.1446289999999
251.28100000000006,1.4819999999998723e-05,159.4362,605.1557682
251.33100000000002,1.4819999999998723e-05,160.4298,603.1669074000001
251.38099999999997,0.00037039200000001105,162.417,603.1669074000001
251.43100000000004,1.4819999999998723e-05,159.4362,603.1669074000001
251.481,1.4819999999998723e-05,161.42340000000002,605.1557682
251.53100000000006,-0.0003407520000000136,159.4362,605.1557682
251.58100000000002,0.00037039200000001105,161.42340000000002,603.1669074000001
251.63099999999997,1.4819999999998723e-05,161.42340000000002,603.1669074000001
251.68100000000004,0.00019260599999999795,161.42340000000002,601.1780466
251.731,0.00019260599999999795,160.4298,601.1780466
251.78100000000006,1.4819999999998723e-05,160.4298,603.1669074000001
251.83100000000002,0.00019260599999999795,162.417,603.1669074000001
251.88099999999997,0.00019260599999999795,163.41060000000002,603.1669074000001
251.93100000000004,0.00037039200000001105,162.417,603.1669074000001
251.981,1.4819999999998723e-05,162.417,605.1557682
252.03100000000006,-0.00016296600000001438,162.417,605.1557682
252.08100000000002,1.4819999999998723e-05,163.41060000000002,605.1557682
252.13099999999997,0.00019260599999999795,162.417,605.1557682
252.18100000000004,0.00019260599999999795,163.41060000000002,601.1780466
252.231,1.4819999999998723e-05,163.41060000000002,603.1669074000001
252.28100000000006,0.00037039200000001105,163.41060000000002,601.1780466
252.33100000000002,1.4819999999998723e-05,163.41060000000002,605.1557682
252.38099999999997,1.4819999999998723e-05,163.41060000000002,603.1669074000001
252.43100000000004,0.00019260599999999795,164.4042,603.1669074000001
252.481,0.00019260599999999795,163.41060000000002,603.1669074000001
252.53100000000006,0.00019260599999999795,164.4042,603.1669074000001
252.58100000000002,-0.00016296600000001438,162.417,603.1669074000001
252.63099999999997,0.00019260599999999795,165.39780000000002,605.1557682
252.68100000000004,1.4819999999998723e-05,163.41060000000002,603.1669074000001
252.731,1.4819999999998723e-05,165.39780000000002,603.1669074000001
252.78100000000006,1.4819999999998723e-05,163.41060000000002,603.1669074000001
252.83100000000002,0.00019260599999999795,165.39780000000002,603.1669074000001
252.88099999999997,1.4819999999998723e-05,165.39780000000002,605.1557682
252.93100000000004,0.00019260599999999795,162.417,603.1669074000001
252.98199999999997,-0.00016296600000001438,165.39780000000002,607.1446289999999
253.03100000000006,1.4819999999998723e-05,165.39780000000002,605.1557682
253.08100000000002,1.4819999999998723e-05,165.39780000000002,605.1557682
253.13099999999997,1.4819999999998723e-05,165.39780000000002,603.1669074000001
253.18100000000004,1.4819999999998723e-05,164.4042,601.1780466
253.231,0.00019260599999999795,164.4042,603.1669074000001
253.28100000000006,-0.00016296600000001438,165.39780000000002,603.1669074000001
253.33100000000002,-0.00016296600000001438,164.4042,607.1446289999999
253.38099999999997,0.00019260599999999795,164.4042,603.1669074000001
253.43200000000002,0.0005481779999999825,165.39780000000002,601.1780466
253.48199999999997,1.4819999999998723e-05,165.39780000000002,603.1669074000001
253.53200000000004,0.00019260599999999795,165.39780000000002,605.1557682
253.582,0.00037039200000001105,166.3914,603.1669074000001
253.63200000000006,0.00019260599999999795,167.38500000000002,605.1557682
253.68200000000002,0.00019260599999999795,166.3914,603.1669074000001
253.73199999999997,0.00037039200000001105,166.3914,601.1780466
253.78200000000004,1.4819999999998723e-05,165.39780000000002,603.1669074000001
253.832,0.00019260599999999795,167.38500000000002,603.1669074000001
253.88200000000006,0.0005481779999999825,166.3914,601.1780466
253.93200000000002,1.4819999999998723e-05,163.41060000000002,601.1780466
253.98199999999997,1.4819999999998723e-05,166.3914,605.1557682
254.03200000000004,0.0005481779999999825,166.3914,601.1780466
254.082,1.4819999999998723e-05,166.3914,603.1669074000001
254.13200000000006,0.00019260599999999795,168.3786,603.1669074000001
254.18200000000002,1.4819999999998723e-05,164.4042,603.1669074000001
254.23199999999997,0.00019260599999999795,166.3914,603.1669074000001
254.28200000000004,1.4819999999998723e-05,164.4042,603.1669074000001
254.332,-0.00016296600000001438,166.3914,605.1557682
254.38200000000006,1.4819999999998723e-05,164.4042,603.1669074000001
254.43200000000002,0.00019260599999999795,166.3914,605.1557682
254.48199999999997,1.4819999999998723e-05,164.4042,601.1780466
254.53200000000004,1.4819999999998723e-05,164.4042,603.1669074000001
254.582,1.4819999999998723e-05,164.4042,603.1669074000001
254.63200000000006,0.00019260599999999795,165.39780000000002,601.1780466
254.68200000000002,-0.00016296600000001438,164.4042,605.1557682
254.73199999999997,0.0005481779999999825,166.3914,603.1669074000001
254.78200000000004,-0.00016296600000001438,163.41060000000002,601.1780466
254.832,1.4819999999998723e-05,164.4042,603.1669074000001
254.88200000000006,1.4819999999998723e-05,166.3914,603.1669074000001
254.93200000000002,0.00037039200000001105,165.39780000000002,603.1669074000001
254.98199999999997,0.00019260599999999795,165.39780000000002,603.1669074000001
255.03200000000004,1.4819999999998723e-05,167.38500000000002,603.1669074000001
255.082,0.00019260599999999795,165.39780000000002,601.1780466
255.13200000000006,0.00019260599999999795,165.39780000000002,603.1669074000001
255.18200000000002,0.00019260599999999795,166.3914,603.1669074000001
255.23199999999997,1.4819999999998723e-05,166.3914,603.1669074000001
255.28200000000004,0.00019260599999999795,166.3914,601.1780466
255.332,0.00019260599999999795,166.3914,601.1780466
255.38200000000006,0.00019260599999999795,166.3914,603.1669074000001
255.43200000000002,0.00037039200000001105,165.39780000000002,601.1780466
255.48199999999997,1.4819999999998723e-05,166.3914,605.1557682
255.53200000000004,0.00019260599999999795,166.3914,603.1669074000001
255.582,-0.00016296600000001438,166.3914,607.1446289999999
255.63200000000006,1.4819999999998723e-05,164.4042,603.1669074000001
255.68200000000002,1.4819999999998723e-05,165.39780000000002,605.1557682
255.73199999999997,-0.00016296600000001438,164.4042,601.1780466
255.78200000000004,0.00019260599999999795,165.39780000000002,601.1780466
255.832,-0.00016296600000001438,165.39780000000002,603.1669074000001
255.88200000000006,0.00019260599999999795,165.39780000000002,601.1780466
255.93200000000002,1.4819999999998723e-05,165.39780000000002,601.1780466
255.98199999999997,1.4819999999998723e-05,164.4042,601.1780466
256.03200000000004,0.00019260599999999795,164.4042,603.1669074000001
256.082,0.00019260599999999795,165.39780000000002,603.1669074000001
256.13300000000004,0.00019260599999999795,163.41060000000002,601.1780466
256.182,1.4819999999998723e-05,165.39780000000002,603.1669074000001
256.23199999999997,0.00019260599999999795,165.39780000000002,603.1669074000001
256.28200000000004,0.00037039200000001105,164.4042,599.1891858000001
256.332,-0.00016296600000001438,164.4042,605.1557682
256.38200000000006,0.00019260599999999795,166.3914,601.1780466
256.432,1.4819999999998723e-05,166.3914,607.1446289999999
256.48199999999997,1.4819999999998723e-05,166.3914,603.1669074000001
256.53200000000004,0.00037039200000001105,165.39780000000002,603.1669074000001
256.58299999999997,-0.00016296600000001438,165.39780000000002,605.1557682
256.63300000000004,1.4819999999998723e-05,165.39780000000002,603.1669074000001
256.683,0.00019260599999999795,166.3914,601.1780466
256.73300000000006,-0.00016296600000001438,163.41060000000002,605.1557682
256.783,0.00037039200000001105,167.38500000000002,601.1780466
256.83299999999997,-0.00016296600000001438,163.41060000000002,603.1669074000001
256.88300000000004,0.00019260599999999795,165.39780000000002,603.1669074000001
256.933,0.00019260599999999795,166.3914,603.1669074000001
256.98300000000006,0.00037039200000001105,167.38500000000002,605.1557682
257.033,0.00037039200000001105,165.39780000000002,603.1669074000001
257.08299999999997,0.00019260599999999795,163.41060000000002,603.1669074000001
257.13300000000004,0.0005481779999999825,164.4042,599.1891858000001
257.183,0.00019260599999999795,166.3914,603.1669074000001
257.23300000000006,1.4819999999998723e-05,164.4042,603.1669074000001
257.283,0.00037039200000001105,166.3914,603.1669074000001
257.33299999999997,0.00019260599999999795,166.3914,603.1669074000001
257.38300000000004,0.0005481779999999825,166.3914,599.1891858000001
257.433,1.4819999999998723e-05,166.3914,603.1669074000001
257.48300000000006,0.00019260599999999795,164.4042,603.1669074000001
257.533,1.4819999999998723e-05,165.39780000000002,603.1669074000001
257.58299999999997,0.00037039200000001105,168.3786,603.1669074000001
257.63300000000004,1.4819999999998723e-05,166.3914,603.1669074000001
257.683,1.4819999999998723e-05,166.3914,603.1669074000001
257.73300000000006,0.00019260599999999795,165.39780000000002,603.1669074000001
257.783,1.4819999999998723e-05,165.39780000000002,603.1669074000001
257.83299999999997,0.00019260599999999795,165.39780000000002,603.1669074000001
257.88300000000004,0.00037039200000001105,166.3914,601.1780466
257.933,0.00037039200000001105,168.3786,603.1669074000001
257.98300000000006,-0.00016296600000001438,165.39780000000002,605.1557682
258.033,0.00019260599999999795,166.3914,601.1780466
258.08299999999997,1.4819999999998723e-05,166.3914,603.1669074000001
258.13300000000004,1.4819999999998723e-05,166.3914,603.1669074000001
258.183,0.00019260599999999795,166.3914,603.1669074000001
258.23300000000006,0.00019260599999999795,167.38500000000002,605.1557682
258.283,-0.00016296600000001438,165.39780000000002,603.1669074000001
258.33299999999997,0.00019260599999999795,166.3914,605.1557682
258.38300000000004,-0.00016296600000001438,164.4042,605.1557682
258.433,0.00037039200000001105,168.3786,603.1669074000001
258.48300000000006,0.00019260599999999795,165.39780000000002,601.1780466
258.533,0.00037039200000001105,167.38500000000002,603.1669074000001
258.58299999999997,0.00019260599999999795,168.3786,605.1557682
258.63300000000004,0.00019260599999999795,166.3914,601.1780466
258.683,0.00019260599999999795,165.39780000000002,601.1780466
258.73300000000006,0.00019260599999999795,166.3914,603.1669074000001
258.783,0.00019260599999999795,166.3914,601.1780466
258.83299999999997,-0.00016296600000001438,165.39780000000002,603.1669074000001
258.88300000000004,1.4819999999998723e-05,165.39780000000002,603.1669074000001
258.933,0.00037039200000001105,166.3914,603.1669074000001
258.98300000000006,0.00019260599999999795,167.38500000000002,603.1669074000001
259.033,0.00019260599999999795,167.38500000000002,601.1780466
259.08299999999997,-0.00016296600000001438,165.39780000000002,603.1669074000001
259.13300000000004,1.4819999999998723e-05,166.3914,603.1669074000001
259.183,1.4819999999998723e-05,166.3914,605.1557682
259.23300000000006,0.0005481779999999825,166.3914,601.1780466
259.283,-0.00016296600000001438,165.39780000000002,601.1780466
259.33299999999997,0.00019260599999999795,166.3914,603.1669074000001
259.38300000000004,1.4819999999998723e-05,166.3914,605.1557682
259.433,0.00037039200000001105,167.38500000000002,601.1780466
259.48300000000006,0.00037039200000001105,165.39780000000002,601.1780466
259.533,0.0005481779999999825,167.38500000000002,603.1669074000001
259.58299999999997,0.00019260599999999795,166.3914,603.1669074000001
259.63300000000004,1.4819999999998723e-05,167.38500000000002,603.1669074000001
259.68399999999997,0.00037039200000001105,166.3914,603.1669074000001
259.73400000000004,0.00019260599999999795,165.39780000000002,599.1891858000001
259.784,-0.00016296600000001438,165.39780000000002,605.1557682
259.83400000000006,0.00019260599999999795,168.3786,603.1669074000001
259.884,1.4819999999998723e-05,167.38500000000002,605.1557682
259.93399999999997,1.4819999999998723e-05,167.38500000000002,603.1669074000001
259.98400000000004,0.00019260599999999795,166.3914,601.1780466
260.034,0.00019260599999999795,166.3914,603.1669074000001
260.08400000000006,0.00037039200000001105,167.38500000000002,601.1780466
260.134,1.4819999999998723e-05,166.3914,603.1669074000001
260.18399999999997,1.4819999999998723e-05,165.39780000000002,605.1557682
260.23400000000004,1.4819999999998723e-05,164.4042,603.1669074000001
260.284,0.00037039200000001105,166.3914,601.1780466
260.33400000000006,1.4819999999998723e-05,167.38500000000002,603.1669074000001
260.384,0.00019260599999999795,165.39780000000002,603.1669074000001
260.43399999999997,1.4819999999998723e-05,166.3914,603.1669074000001
260.48400000000004,1.4819999999998723e-05,166.3914,603.1669074000001
260.534,-0.00016296600000001438,167.38500000000002,605.1557682
260.58400000000006,0.00037039200000001105,167.38500000000002,601.1780466
260.634,0.00037039200000001105,165.39780000000002,601.1780466
260.68399999999997,-0.0003407520000000136,166.3914,605.1557682
260.73400000000004,1.4819999999998723e-05,165.39780000000002,601.1780466
260.784,0.00019260599999999795,165.39780000000002,603.1669074000001
260.83400000000006,0.00019260599999999795,167.38500000000002,605.1557682
260.884,0.00019260599999999795,166.3914,601.1780466
260.93399999999997,-0.00016296600000001438,166.3914,603.1669074000001
260.98400000000004,-0.00016296600000001438,165.39780000000002,603.1669074000001
261.034,0.00037039200000001105,166.3914,603.1669074000001
261.08400000000006,0.0005481779999999825,166.3914,599.1891858000001
261.134,0.00019260599999999795,167.38500000000002,603.1669074000001
261.18399999999997,0.00019260599999999795,167.38500000000002,603.1669074000001
261.23400000000004,1.4819999999998723e-05,165.39780000000002,603.1669074000001
261.284,0.00037039200000001105,167.38500000000002,601.1780466
261.33400000000006,0.00037039200000001105,168.3786,603.1669074000001
261.384,1.4819999999998723e-05,165.39780000000002,603.1669074000001
261.43399999999997,0.00037039200000001105,166.3914,601.1780466
261.48400000000004,0.00019260599999999795,165.39780000000002,601.1780466
261.534,0.00019260599999999795,165.39780000000002,603.1669074000001
261.58400000000006,0.00019260599999999795,165.39780000000002,601.1780466
261.634,0.00019260599999999795,165.39780000000002,601.1780466
261.68399999999997,0.00037039200000001105,166.3914,599.1891858000001
261.73400000000004,0.00037039200000001105,166.3914,601.1780466
261.784,0.00019260599999999795,165.39780000000002,603.1669074000001
261.83400000000006,1.4819999999998723e-05,166.3914,601.1780466
261.884,1.4819999999998723e-05,166.3914,603.1669074000001
261.93399999999997,0.00019260599999999795,167.38500000000002,601.1780466
261.98400000000004,1.4819999999998723e-05,163.41060000000002,597.200325
262.034,0.00037039200000001105,166.3914,603.1669074000001
262.08400000000006,1.4819999999998723e-05,165.39780000000002,603.1669074000001
262.134,0.00037039200000001105,167.38500000000002,603.1669074000001
262.18399999999997,-0.00016296600000001438,165.39780000000002,605.1557682
262.23400000000004,0.0005481779999999825,167.38500000000002,601.1780466
262.284,0.00019260599999999795,167.38500000000002,603.1669074000001
262.33400000000006,0.00019260599999999795,166.3914,603.1669074000001
262.384,1.4819999999998723e-05,166.3914,601.1780466
262.43500000000006,0.00019260599999999795,166.3914,603.1669074000001
262.48400000000004,0.00019260599999999795,167.38500000000002,603.1669074000001
262.534,0.00019260599999999795,165.39780000000002,601.1780466
262.58400000000006,1.4819999999998723e-05,166.3914,605.1557682
262.634,0.00019260599999999795,167.38500000000002,605.1557682
262.68399999999997,0.00019260599999999795,166.3914,603.1669074000001
262.73400000000004,0.00019260599999999795,166.3914,601.1780466
262.784,0.00019260599999999795,166.3914,603.1669074000001
262.83500000000004,0.00019260599999999795,165.39780000000002,603.1669074000001
262.885,-0.00016296600000001438,164.4042,603.1669074000001
262.93500000000006,1.4819999999998723e-05,167.38500000000002,605.1557682
262.985,0.00019260599999999795,166.3914,605.1557682
263.03499999999997,1.4819999999998723e-05,165.39780000000002,603.1669074000001
263.08500000000004,1.4819999999998723e-05,165.39780000000002,607.1446289999999
263.135,1.4819999999998723e-05,167.38500000000002,605.1557682
263.18500000000006,0.00019260599999999795,165.39780000000002,603.1669074000001
263.235,-0.00016296600000001438,164.4042,605.1557682
263.28499999999997,-0.00016296600000001438,164.4042,603.1669074000001
263.33500000000004,0.00019260599999999795,165.39780000000002,601.1780466
263.385,0.00037039200000001105,166.3914,601.1780466
263.43500000000006,0.00019260599999999795,167.38500000000002,605.1557682
263.485,1.4819999999998723e-05,166.3914,603.1669074000001
263.53499999999997,0.00019260599999999795,166.3914,601.1780466
263.58500000000004,0.00037039200000001105,167.38500000000002,603.1669074000001
263.635,1.4819999999998723e-05,166.3914,603.1669074000001
263.68500000000006,1.4819999999998723e-05,166.3914,603.1669074000001
263.735,1.4819999999998723e-05,166.3914,603.1669074000001
263.78499999999997,1.4819999999998723e-05,166.3914,605.1557682
263.83500000000004,0.00019260599999999795,166.3914,603.1669074000001
263.885,-0.00016296600000001438,166.3914,605.1557682
263.93500000000006,-0.00016296600000001438,165.39780000000002,603.1669074000001
263.985,0.00019260599999999795,165.39780000000002,601.1780466
264.03499999999997,1.4819999999998723e-05,166.3914,603.1669074000001
264.08500000000004,0.00019260599999999795,166.3914,601.1780466
264.135,0.00019260599999999795,167.38500000000002,605.1557682
264.18500000000006,1.4819999999998723e-05,166.3914,603.1669074000001
264.235,0.00019260599999999795,165.39780000000002,599.1891858000001
264.28499999999997,1.4819999999998723e-05,166.3914,603.1669074000001
264.33500000000004,0.00019260599999999795,167.38500000000002,601.1780466
264.385,1.4819999999998723e-05,166.3914,601.1780466
264.43500000000006,-0.00016296600000001438,165.39780000000002,605.1557682
264.485,-0.00016296600000001438,166.3914,605.1557682
264.53499999999997,-0.00016296600000001438,167.38500000000002,603.1669074000001
264.58500000000004,-0.00016296600000001438,165.39780000000002,603.1669074000001
264.635,-0.0003407520000000136,166.3914,605.1557682
264.68500000000006,0.00019260599999999795,167.38500000000002,601.1780466
264.735,-0.00016296600000001438,166.3914,605.1557682
264.78499999999997,1.4819999999998723e-05,167.38500000000002,603.1669074000001
264.83500000000004,0.00019260599999999795,166.3914,603.1669074000001
264.885,1.4819999999998723e-05,166.3914,603.1669074000001
264.93500000000006,0.00019260599999999795,167.38500000000002,603.1669074000001
264.985,1.4819999999998723e-05,166.3914,603.1669074000001
265.03499999999997,1.4819999999998723e-05,166.3914,605.1557682
265.08500000000004,1.4819999999998723e-05,166.3914,603.1669074000001
265.135,1.4819999999998723e-05,165.39780000000002,603.1669074000001
265.18500000000006,1.4819999999998723e-05,167.38500000000002,605.1557682
265.235,1.4819999999998723e-05,165.39780000000002,603.1669074000001
265.28499999999997,-0.00016296600000001438,168.3786,605.1557682
265.33500000000004,1.4819999999998723e-05,167.38500000000002,605.1557682
265.385,1.4819999999998723e-05,167.38500000000002,605.1557682
265.43500000000006,0.00019260599999999795,167.38500000000002,601.1780466
265.485,0.00019260599999999795,167.38500000000002,603.1669074000001
265.53600000000006,0.00019260599999999795,167.38500000000002,603.1669074000001
265.586,0.00019260599999999795,166.3914,601.1780466
265.635,-0.00016296600000001438,166.3914,603.1669074000001
265.68500000000006,0.00019260599999999795,165.39780000000002,601.1780466
265.735,1.4819999999998723e-05,163.41060000000002,601.1780466
265.78499999999997,0.00019260599999999795,166.3914,603.1669074000001
265.83500000000004,1.4819999999998723e-05,166.3914,605.1557682
265.885,1.4819999999998723e-05,166.3914,603.1669074000001
265.93500000000006,1.4819999999998723e-05,165.39780000000002,603.1669074000001
265.986,0.00037039200000001105,166.3914,603.1669074000001
266.03600000000006,0.00037039200000001105,165.39780000000002,601.1780466
266.086,1.4819999999998723e-05,166.3914,605.1557682
266.13599999999997,1.4819999999998723e-05,166.3914,603.1669074000001
266.18600000000004,0.00019260599999999795,167.38500000000002,605.1557682
266.236,0.00019260599999999795,166.3914,603.1669074000001
266.28600000000006,0.00019260599999999795,166.3914,603.1669074000001
266.336,1.4819999999998723e-05,166.3914,605.1557682
266.38599999999997,-0.00016296600000001438,166.3914,603.1669074000001
266.43600000000004,0.00019260599999999795,166.3914,603.1669074000001
266.486,0.00019260599999999795,165.39780000000002,603.1669074000001
266.53600000000006,1.4819999999998723e-05,167.38500000000002,605.1557682
266.586,0.00019260599999999795,165.39780000000002,603.1669074000001
266.63599999999997,0.00019260599999999795,165.39780000000002,605.1557682
266.68600000000004,1.4819999999998723e-05,165.39780000000002,601.1780466
266.736,1.4819999999998723e-05,166.3914,601.1780466
266.78600000000006,-0.00016296600000001438,166.3914,603.1669074000001
266.836,1.4819999999998723e-05,166.3914,603.1669074000001
266.88599999999997,0.00037039200000001105,166.3914,603.1669074000001
266.93600000000004,0.00037039200000001105,166.3914,601.1780466
266.986,1.4819999999998723e-05,166.3914,603.1669074000001
267.03600000000006,0.00019260599999999795,165.39780000000002,601.1780466
267.086,0.00019260599999999795,167.38500000000002,603.1669074000001
267.13599999999997,0.0005481779999999825,167.38500000000002,599.1891858000001
267.18600000000004,0.00019260599999999795,167.38500000000002,605.1557682
267.236,0.00037039200000001105,166.3914,601.1780466
267.28600000000006,1.4819999999998723e-05,166.3914,603.1669074000001
267.336,0.00019260599999999795,164.4042,601.1780466
267.38599999999997,0.0005481779999999825,167.38500000000002,601.1780466
267.43600000000004,0.00037039200000001105,166.3914,603.1669074000001
267.486,0.00019260599999999795,166.3914,603.1669074000001
267.53600000000006,0.00019260599999999795,167.38500000000002,603.1669074000001
267.586,-0.00016296600000001438,165.39780000000002,603.1669074000001
267.63599999999997,0.00037039200000001105,167.38500000000002,601.1780466
267.68600000000004,0.00019260599999999795,166.3914,601.1780466
267.736,1.4819999999998723e-05,166.3914,605.1557682
267.78600000000006,0.00019260599999999795,165.39780000000002,603.1669074000001
267.836,0.00037039200000001105,167.38500000000002,603.1669074000001
267.88599999999997,0.00019260599999999795,167.38500000000002,603.1669074000001
267.93600000000004,0.00037039200000001105,167.38500000000002,603.1669074000001
267.986,0.00037039200000001105,167.38500000000002,601.1780466
268.03600000000006,0.00037039200000001105,167.38500000000002,603.1669074000001
268.086,1.4819999999998723e-05,168.3786,605.1557682
268.13599999999997,1.4819999999998723e-05,167.38500000000002,603.1669074000001
268.18600000000004,0.00019260599999999795,167.38500000000002,605.1557682
268.236,1.4819999999998723e-05,166.3914,605.1557682
268.28600000000006,-0.00016296600000001438,165.39780000000002,605.1557682
268.336,1.4819999999998723e-05,166.3914,603.1669074000001
268.38599999999997,0.00019260599999999795,167.38500000000002,603.1669074000001
268.43600000000004,1.4819999999998723e-05,166.3914,603.1669074000001
268.486,1.4819999999998723e-05,167.38500000000002,603.1669074000001
268.53600000000006,0.00019260599999999795,168.3786,601.1780466
268.586,1.4819999999998723e-05,167.38500000000002,605.1557682
268.63599999999997,1.4819999999998723e-05,168.3786,605.1557682
268.687,0.00019260599999999795,166.3914,601.1780466
268.736,0.00019260599999999795,165.39780000000002,601.1780466
268.78600000000006,0.00019260599999999795,167.38500000000002,603.1669074000001
268.836,1.4819999999998723e-05,165.39780000000002,605.1557682
268.88599999999997,1.4819999999998723e-05,166.3914,603.1669074000001
268.93600000000004,0.00037039200000001105,167.38500000000002,601.1780466
268.986,1.4819999999998723e-05,167.38500000000002,603.1669074000001
269.03600000000006,1.4819999999998723e-05,167.38500000000002,603.1669074000001
269.086,0.00037039200000001105,167.38500000000002,601.1780466
269.13700000000006,1.4819999999998723e-05,165.39780000000002,603.1669074000001
269.187,0.00019260599999999795,164.4042,601.1780466
269.23699999999997,-0.00016296600000001438,168.3786,605.1557682
269.28700000000003,1.4819999999998723e-05,166.3914,603.1669074000001
269.337,1.4819999999998723e-05,167.38500000000002,605.1557682
269.38700000000006,-0.0003407520000000136,166.3914,605.1557682
269.437,0.00019260599999999795,165.39780000000002,603.1669074000001
269.48699999999997,1.4819999999998723e-05,167.38500000000002,605.1557682
269.53700000000003,0.0005481779999999825,168.3786,601.1780466
269.587,0.00019260599999999795,164.4042,601.1780466
269.63700000000006,0.00019260599999999795,165.39780000000002,601.1780466
269.687,0.00019260599999999795,167.38500000000002,603.1669074000001
269.73699999999997,0.00019260599999999795,166.3914,601.1780466
269.78700000000003,0.00019260599999999795,165.39780000000002,601.1780466
269.837,0.00019260599999999795,166.3914,603.1669074000001
269.88700000000006,0.00019260599999999795,165.39780000000002,601.1780466
269.937,0.00037039200000001105,167.38500000000002,603.1669074000001
269.98699999999997,1.4819999999998723e-05,167.38500000000002,605.1557682
270.03700000000003,-0.00016296600000001438,165.39780000000002,607.1446289999999
270.087,0.00019260599999999795,165.39780000000002,601.1780466
270.13700000000006,0.00037039200000001105,166.3914,601.1780466
270.187,0.00019260599999999795,166.3914,603.1669074000001
270.23699999999997,1.4819999999998723e-05,166.3914,603.1669074000001
270.28700000000003,1.4819999999998723e-05,166.3914,603.1669074000001
270.337,0.00019260599999999795,167.38500000000002,603.1669074000001
270.38700000000006,1.4819999999998723e-05,166.3914,603.1669074000001
270.437,0.00019260599999999795,167.38500000000002,603.1669074000001
270.48699999999997,1.4819999999998723e-05,166.3914,603.1669074000001
270.53700000000003,1.4819999999998723e-05,166.3914,603.1669074000001
270.587,0.00037039200000001105,166.3914,601.1780466
270.63700000000006,0.00019260599999999795,166.3914,603.1669074000001
270.687,0.00019260599999999795,166.3914,601.1780466
270.73699999999997,0.00019260599999999795,166.3914,601.1780466
270.78700000000003,0.00037039200000001105,167.38500000000002,601.1780466
270.837,0.00019260599999999795,167.38500000000002,603.1669074000001
270.88700000000006,1.4819999999998723e-05,166.3914,603.1669074000001
270.937,0.00037039200000001105,168.3786,603.1669074000001
270.98699999999997,0.00019260599999999795,165.39780000000002,603.1669074000001
271.03700000000003,0.00019260599999999795,166.3914,603.1669074000001
271.087,1.4819999999998723e-05,165.39780000000002,601.1780466
271.13700000000006,0.00019260599999999795,167.38500000000002,603.1669074000001
271.187,1.4819999999998723e-05,167.38500000000002,603.1669074000001
271.23699999999997,1.4819999999998723e-05,166.3914,603.1669074000001
271.28700000000003,0.00019260599999999795,166.3914,603.1669074000001
271.337,0.00019260599999999795,166.3914,601.1780466
271.38700000000006,1.4819999999998723e-05,165.39780000000002,605.1557682
271.437,0.00019260599999999795,165.39780000000002,603.1669074000001
271.48699999999997,0.00019260599999999795,168.3786,605.1557682
271.53700000000003,0.00019260599999999795,167.38500000000002,603.1669074000001
271.587,0.00037039200000001105,169.37220000000002,605.1557682
271.63700000000006,1.4819999999998723e-05,165.39780000000002,603.1669074000001
271.687,0.00037039200000001105,167.38500000000002,601.1780466
271.73699999999997,0.00037039200000001105,165.39780000000002,601.1780466
271.78700000000003,0.00019260599999999795,165.39780000000002,601.1780466
271.837,1.4819999999998723e-05,166.3914,603.1669074000001
271.88800000000003,-0.00016296600000001438,166.3914,605.1557682
271.937,0.00037039200000001105,166.3914,603.1669074000001
271.98699999999997,0.00019260599999999795,165.39780000000002,601.1780466
272.03700000000003,0.00019260599999999795,168.3786,603.1669074000001
272.087,0.00037039200000001105,166.3914,599.1891858000001
272.13700000000006,0.00019260599999999795,166.3914,603.1669074000001
272.187,0.00037039200000001105,168.3786,603.1669074000001
272.23699999999997,0.00019260599999999795,167.38500000000002,603.1669074000001
272.288,0.00019260599999999795,166.3914,603.1669074000001
272.33799999999997,-0.00016296600000001438,164.4042,603.1669074000001
272.38800000000003,0.00019260599999999795,166.3914,603.1669074000001
272.438,0.00037039200000001105,168.3786,601.1780466
272.48800000000006,1.4819999999998723e-05,166.3914,605.1557682
272.538,0.00019260599999999795,167.38500000000002,601.1780466
272.58799999999997,0.00019260599999999795,166.3914,603.1669074000001
272.63800000000003,0.00019260599999999795,168.3786,607.1446289999999
272.688,0.00019260599999999795,166.3914,603.1669074000001
272.73800000000006,0.00019260599999999795,167.38500000000002,603.1669074000001
272.788,-0.00016296600000001438,164.4042,601.1780466
272.83799999999997,0.00019260599999999795,167.38500000000002,605.1557682
272.88800000000003,1.4819999999998723e-05,166.3914,603.1669074000001
272.938,1.4819999999998723e-05,164.4042,601.1780466
272.98800000000006,-0.00016296600000001438,166.3914,603.1669074000001
273.038,0.00037039200000001105,168.3786,601.1780466
273.08799999999997,1.4819999999998723e-05,166.3914,605.1557682
273.13800000000003,1.4819999999998723e-05,167.38500000000002,605.1557682
273.188,1.4819999999998723e-05,165.39780000000002,601.1780466
273.23800000000006,0.00037039200000001105,166.3914,601.1780466
273.288,1.4819999999998723e-05,168.3786,605.1557682
273.33799999999997,0.00037039200000001105,166.3914,601.1780466
273.38800000000003,-0.00016296600000001438,165.39780000000002,603.1669074000001
273.438,0.00037039200000001105,167.38500000000002,601.1780466
273.48800000000006,1.4819999999998723e-05,165.39780000000002,601.1780466
273.538,0.00037039200000001105,166.3914,603.1669074000001
273.58799999999997,0.00019260599999999795,166.3914,603.1669074000001
273.63800000000003,-0.00016296600000001438,165.39780000000002,605.1557682
273.688,0.00019260599999999795,166.3914,603.1669074000001
273.73800000000006,1.4819999999998723e-05,167.38500000000002,605.1557682
273.788,-0.0003407520000000136,166.3914,607.1446289999999
273.83799999999997,-0.00016296600000001438,165.39780000000002,603.1669074000001
273.88800000000003,0.00037039200000001105,168.3786,603.1669074000001
273.938,1.4819999999998723e-05,166.3914,603.1669074000001
273.98800000000006,-0.00016296600000001438,166.3914,605.1557682
274.038,1.4819999999998723e-05,166.3914,605.1557682
274.08799999999997,0.00019260599999999795,166.3914,605.1557682
274.13800000000003,1.4819999999998723e-05,165.39780000000002,601.1780466
274.188,-0.00016296600000001438,166.3914,603.1669074000001
274.23800000000006,0.00019260599999999795,167.38500000000002,605.1557682
274.288,-0.00016296600000001438,165.39780000000002,605.1557682
274.33799999999997,0.00019260599999999795,165.39780000000002,601.1780466
274.38800000000003,0.0005481779999999825,167.38500000000002,601.1780466
274.438,1.4819999999998723e-05,166.3914,603.1669074000001
274.48800000000006,0.00019260599999999795,167.38500000000002,603.1669074000001
274.538,-0.0003407520000000136,163.41060000000002,601.1780466
274.58799999999997,1.4819999999998723e-05,165.39780000000002,603.1669074000001
274.63800000000003,1.4819999999998723e-05,168.3786,603.1669074000001
274.688,1.4819999999998723e-05,167.38500000000002,603.1669074000001
274.73800000000006,1.4819999999998723e-05,164.4042,603.1669074000001
274.788,1.4819999999998723e-05,166.3914,603.1669074000001
274.83799999999997,-0.0003407520000000136,166.3914,605.1557682
274.88800000000003,1.4819999999998723e-05,166.3914,603.1669074000001
274.938,-0.00016296600000001438,165.39780000000002,603.1669074000001
274.98900000000003,1.4819999999998723e-05,167.38500000000002,605.1557682
275.038,0.00019260599999999795,164.4042,601.1780466
275.08799999999997,0.00019260599999999795,167.38500000000002,605.1557682
275.13800000000003,1.4819999999998723e-05,166.3914,605.1557682
275.188,1.4819999999998723e-05,166.3914,603.1669074000001
275.23800000000006,0.00019260599999999795,166.3914,603.1669074000001
275.288,1.4819999999998723e-05,167.38500000000002,605.1557682
275.33799999999997,1.4819999999998723e-05,168.3786,603.1669074000001
275.38800000000003,-0.00016296600000001438,165.39780000000002,603.1669074000001
275.43899999999996,1.4819999999998723e-05,167.38500000000002,605.1557682
275.48900000000003,0.0005481779999999825,165.39780000000002,601.1780466
275.539,1.4819999999998723e-05,165.39780000000002,605.1557682
275.58900000000006,1.4819999999998723e-05,166.3914,605.1557682
275.639,0.00019260599999999795,167.38500000000002,603.1669074000001
275.68899999999996,-0.00016296600000001438,166.3914,605.1557682
275.73900000000003,-0.0003407520000000136,166.3914,605.1557682
275.789,0.00019260599999999795,166.3914,605.1557682
275.83900000000006,1.4819999999998723e-05,166.3914,603.1669074000001
275.889,0.00019260599999999795,166.3914,603.1669074000001
275.93899999999996,1.4819999999998723e-05,166.3914,603.1669074000001
275.98900000000003,1.4819999999998723e-05,166.3914,603.1669074000001
276.039,1.4819999999998723e-05,165.39780000000002,603.1669074000001
276.08900000000006,0.00037039200000001105,167.38500000000002,603.1669074000001
276.139,0.00019260599999999795,167.38500000000002,601.1780466
276.18899999999996,-0.00016296600000001438,166.3914,607.1446289999999
276.23900000000003,0.00019260599999999795,167.38500000000002,603.1669074000001
276.289,1.4819999999998723e-05,167.38500000000002,605.1557682
276.33900000000006,1.4819999999998723e-05,168.3786,605.1557682
276.389,1.4819999999998723e-05,166.3914,601.1780466
276.43899999999996,0.00037039200000001105,166.3914,601.1780466
276.48900000000003,0.00019260599999999795,167.38500000000002,605.1557682
276.539,-0.00016296600000001438,166.3914,603.1669074000001
276.58900000000006,0.00019260599999999795,167.38500000000002,605.1557682
276.639,1.4819999999998723e-05,166.3914,603.1669074000001
276.68899999999996,1.4819999999998723e-05,167.38500000000002,603.1669074000001
276.73900000000003,1.4819999999998723e-05,167.38500000000002,601.1780466
276.789,1.4819999999998723e-05,165.39780000000002,603.1669074000001
276.83900000000006,1.4819999999998723e-05,164.4042,605.1557682
276.889,1.4819999999998723e-05,166.3914,605.1557682
276.93899999999996,0.00037039200000001105,167.38500000000002,601.1780466
276.98900000000003,0.00019260599999999795,166.3914,605.1557682
277.039,1.4819999999998723e-05,166.3914,603.1669074000001
277.08900000000006,0.00019260599999999795,167.38500000000002,601.1780466
277.139,0.00019260599999999795,167.38500000000002,601.1780466
277.18899999999996,1.4819999999998723e-05,166.3914,603.1669074000001
277.23900000000003,-0.00016296600000001438,166.3914,603.1669074000001
277.289,1.4819999999998723e-05,165.39780000000002,603.1669074000001
277.33900000000006,-0.00016296600000001438,166.3914,605.1557682
277.389,0.00019260599999999795,167.38500000000002,603.1669074000001
277.43899999999996,1.4819999999998723e-05,167.38500000000002,603.1669074000001
277.48900000000003,1.4819999999998723e-05,164.4042,603.1669074000001
277.539,1.4819999999998723e-05,166.3914,601.1780466
277.58900000000006,0.00037039200000001105,165.39780000000002,601.1780466
277.639,0.00019260599999999795,168.3786,601.1780466
277.68899999999996,0.00019260599999999795,166.3914,601.1780466
277.73900000000003,1.4819999999998723e-05,165.39780000000002,601.1780466
277.789,0.00019260599999999795,166.3914,601.1780466
277.83900000000006,-0.00016296600000001438,165.39780000000002,605.1557682
277.889,-0.0003407520000000136,166.3914,607.1446289999999
277.93899999999996,1.4819999999998723e-05,167.38500000000002,603.1669074000001
277.98900000000003,1.4819999999998723e-05,166.3914,603.1669074000001
278.039,1.4819999999998723e-05,167.38500000000002,603.1669074000001
278.08900000000006,1.4819999999998723e-05,165.39780000000002,601.1780466
278.14,0.00019260599999999795,166.3914,601.1780466
278.18899999999996,-0.00016296600000001438,166.3914,603.1669074000001
278.23900000000003,-0.0003407520000000136,166.3914,603.1669074000001
278.289,0.00037039200000001105,167.38500000000002,603.1669074000001
278.33900000000006,0.00019260599999999795,166.3914,605.1557682
278.389,0.00019260599999999795,165.39780000000002,601.1780466
278.43899999999996,1.4819999999998723e-05,167.38500000000002,603.1669074000001
278.48900000000003,0.00019260599999999795,165.39780000000002,601.1780466
278.5400000000001,1.4819999999998723e-05,166.3914,603.1669074000001
278.59000000000003,0.00037039200000001105,167.38500000000002,601.1780466
278.64,0.00019260599999999795,168.3786,601.1780466
278.69000000000005,1.4819999999998723e-05,166.3914,601.1780466
278.74,1.4819999999998723e-05,167.38500000000002,601.1780466
278.7900000000001,1.4819999999998723e-05,165.39780000000002,601.1780466
278.84000000000003,1.4819999999998723e-05,166.3914,603.1669074000001
278.89,1.4819999999998723e-05,166.3914,603.1669074000001
278.94000000000005,0.00019260599999999795,168.3786,605.1557682
278.99,1.4819999999998723e-05,168.3786,601.1780466
279.0400000000001,-0.00016296600000001438,164.4042,601.1780466
279.09000000000003,0.00019260599999999795,167.38500000000002,601.1780466
279.14,0.00037039200000001105,167.38500000000002,603.1669074000001
279.19000000000005,1.4819999999998723e-05,167.38500000000002,605.1557682
279.24,1.4819999999998723e-05,165.39780000000002,603.1669074000001
279.2900000000001,0.00019260599999999795,167.38500000000002,603.1669074000001
279.34000000000003,1.4819999999998723e-05,167.38500000000002,603.1669074000001
279.39,0.00019260599999999795,167.38500000000002,603.1669074000001
279.44000000000005,1.4819999999998723e-05,167.38500000000002,603.1669074000001
279.49,0.00019260599999999795,165.39780000000002,601.1780466
279.5400000000001,0.00019260599999999795,166.3914,601.1780466
279.59000000000003,0.00037039200000001105,167.38500000000002,603.1669074000001
279.64,1.4819999999998723e-05,166.3914,605.1557682
279.69000000000005,1.4819999999998723e-05,166.3914,603.1669074000001
279.74,1.4819999999998723e-05,166.3914,605.1557682
279.7900000000001,0.00019260599999999795,168.3786,605.1557682
279.84000000000003,1.4819999999998723e-05,166.3914,603.1669074000001
279.89,0.00019260599999999795,165.39780000000002,605.1557682
279.94000000000005,-0.00016296600000001438,165.39780000000002,605.1557682
279.99,0.00019260599999999795,166.3914,603.1669074000001
280.0400000000001,1.4819999999998723e-05,165.39780000000002,605.1557682
280.09000000000003,1.4819999999998723e-05,166.3914,601.1780466
280.14,1.4819999999998723e-05,167.38500000000002,603.1669074000001
280.19000000000005,1.4819999999998723e-05,167.38500000000002,603.1669074000001
280.24,1.4819999999998723e-05,166.3914,603.1669074000001
280.2900000000001,1.4819999999998723e-05,166.3914,601.1780466
280.34000000000003,1.4819999999998723e-05,165.39780000000002,603.1669074000001
280.39,0.00037039200000001105,167.38500000000002,599.1891858000001
280.44000000000005,0.00019260599999999795,167.38500000000002,603.1669074000001
280.49,0.0005481779999999825,167.38500000000002,601.1780466
280.5400000000001,1.4819999999998723e-05,166.3914,603.1669074000001
280.59000000000003,1.4819999999998723e-05,165.39780000000002,603.1669074000001
280.64,-0.00016296600000001438,165.39780000000002,605.1557682
280.69000000000005,1.4819999999998723e-05,166.3914,603.1669074000001
280.74,0.00037039200000001105,166.3914,601.1780466
280.7900000000001,0.00019260599999999795,166.3914,601.1780466
280.84000000000003,0.00019260599999999795,165.39780000000002,603.1669074000001
280.89,1.4819999999998723e-05,164.4042,601.1780466
280.94000000000005,1.4819999999998723e-05,164.4042,603.1669074000001
280.99,0.00037039200000001105,168.3786,603.1669074000001
281.0400000000001,0.00019260599999999795,166.3914,601.1780466
281.09000000000003,0.00037039200000001105,167.38500000000002,603.1669074000001
281.14,-0.00016296600000001438,168.3786,607.1446289999999
281.19000000000005,-0.00016296600000001438,166.3914,603.1669074000001
281.24,-0.00016296600000001438,165.39780000000002,603.1669074000001
281.29100000000005,-0.00016296600000001438,164.4042,605.1557682
281.341,0.00019260599999999795,166.3914,601.1780466
281.39,0.00019260599999999795,166.3914,603.1669074000001
281.44000000000005,1.4819999999998723e-05,166.3914,603.1669074000001
281.49,1.4819999999998723e-05,166.3914,605.1557682
281.5400000000001,0.00019260599999999795,166.3914,601.1780466
281.59000000000003,1.4819999999998723e-05,164.4042,601.1780466
281.64,-0.00016296600000001438,166.3914,605.1557682
281.69100000000003,0.00037039200000001105,169.37220000000002,601.1780466
281.741,1.4819999999998723e-05,166.3914,603.1669074000001
281.79100000000005,-0.00016296600000001438,166.3914,603.1669074000001
281.841,0.00037039200000001105,166.3914,601.1780466
281.8910000000001,0.00019260599999999795,167.38500000000002,605.1557682
281.94100000000003,0.00019260599999999795,166.3914,603.1669074000001
281.991,0.00019260599999999795,167.38500000000002,601.1780466
282.04100000000005,1.4819999999998723e-05,165.39780000000002,605.1557682
282.091,0.00019260599999999795,166.3914,603.1669074000001
282.1410000000001,0.00019260599999999795,168.3786,603.1669074000001
282.19100000000003,0.00019260599999999795,166.3914,603.1669074000001
282.241,0.00037039200000001105,166.3914,601.1780466
282.29100000000005,0.00019260599999999795,167.38500000000002,603.1669074000001
282.341,0.00019260599999999795,167.38500000000002,603.1669074000001
282.3910000000001,1.4819999999998723e-05,166.3914,603.1669074000001
282.44100000000003,1.4819999999998723e-05,167.38500000000002,605.1557682
282.491,0.00019260599999999795,166.3914,601.1780466
282.54100000000005,0.00019260599999999795,166.3914,603.1669074000001
282.591,-0.00016296600000001438,166.3914,603.1669074000001
282.6410000000001,0.00019260599999999795,165.39780000000002,601.1780466
282.69100000000003,0.00019260599999999795,166.3914,601.1780466
282.741,1.4819999999998723e-05,166.3914,603.1669074000001
282.79100000000005,1.4819999999998723e-05,165.39780000000002,601.1780466
282.841,1.4819999999998723e-05,166.3914,605.1557682
282.8910000000001,0.00019260599999999795,165.39780000000002,603.1669074000001
282.94100000000003,-0.00016296600000001438,166.3914,603.1669074000001
282.991,0.00019260599999999795,168.3786,603.1669074000001
283.04100000000005,0.00019260599999999795,167.38500000000002,603.1669074000001
283.091,1.4819999999998723e-05,167.38500000000002,603.1669074000001
283.1410000000001,1.4819999999998723e-05,166.3914,605.1557682
283.19100000000003,0.00019260599999999795,166.3914,603.1669074000001
283.241,1.4819999999998723e-05,165.39780000000002,601.1780466
283.29100000000005,1.4819999999998723e-05,165.39780000000002,603.1669074000001
283.341,0.00019260599999999795,166.3914,605.1557682
283.3910000000001,-0.00016296600000001438,166.3914,603.1669074000001
283.44100000000003,1.4819999999998723e-05,166.3914,605.1557682
283.491,0.00019260599999999795,166.3914,603.1669074000001
283.54100000000005,-0.00016296600000001438,165.39780000000002,603.1669074000001
283.591,0.00019260599999999795,165.39780000000002,601.1780466
283.6410000000001,1.4819999999998723e-05,166.3914,603.1669074000001
283.69100000000003,0.00019260599999999795,166.3914,603.1669074000001
283.741,0.00019260599999999795,166.3914,603.1669074000001
283.79100000000005,-0.00016296600000001438,165.39780000000002,605.1557682
283.841,-0.00016296600000001438,167.38500000000002,605.1557682
283.8910000000001,0.00037039200000001105,167.38500000000002,601.1780466
283.94100000000003,0.00019260599999999795,166.3914,603.1669074000001
283.991,0.00037039200000001105,166.3914,601.1780466
284.04100000000005,0.00037039200000001105,167.38500000000002,601.1780466
284.091,1.4819999999998723e-05,166.3914,605.1557682
284.1410000000001,0.00037039200000001105,168.3786,603.1669074000001
284.19100000000003,0.00019260599999999795,166.3914,603.1669074000001
284.241,-0.00016296600000001438,165.39780000000002,603.1669074000001
284.29100000000005,1.4819999999998723e-05,165.39780000000002,601.1780466
284.341,0.00019260599999999795,167.38500000000002,603.1669074000001
284.39200000000005,0.00037039200000001105,167.38500000000002,601.1780466
284.44100000000003,0.00019260599999999795,164.4042,599.1891858000001
284.491,0.00019260599999999795,166.3914,601.1780466
284.54100000000005,0.00037039200000001105,166.3914,599.1891858000001
284.591,0.00037039200000001105,166.3914,603.1669074000001
284.6410000000001,0.00037039200000001105,167.38500000000002,601.1780466
284.69100000000003,0.00019260599999999795,166.3914,601.1780466
284.741,1.4819999999998723e-05,165.39780000000002,603.1669074000001
284.79200000000003,-0.00016296600000001438,165.39780000000002,603.1669074000001
284.842,0.00037039200000001105,166.3914,601.1780466
284.89200000000005,-0.0003407520000000136,164.4042,605.1557682
284.942,0.00019260599999999795,167.38500000000002,601.1780466
284.9920000000001,0.00037039200000001105,167.38500000000002,601.1780466
285.04200000000003,0.00037039200000001105,167.38500000000002,601.1780466
285.092,0.00019260599999999795,167.38500000000002,603.1669074000001
285.14200000000005,0.00019260599999999795,166.3914,601.1780466
285.192,0.00019260599999999795,166.3914,603.1669074000001
285.2420000000001,0.00019260599999999795,167.38500000000002,603.1669074000001
285.29200000000003,0.00019260599999999795,166.3914,601.1780466
285.342,0.00019260599999999795,167.38500000000002,601.1780466
285.39200000000005,0.00019260599999999795,167.38500000000002,603.1669074000001
285.442,0.00019260599999999795,166.3914,601.1780466
285.4920000000001,1.4819999999998723e-05,165.39780000000002,601.1780466
285.54200000000003,1.4819999999998723e-05,166.3914,603.1669074000001
285.592,0.00019260599999999795,168.3786,605.1557682
285.64200000000005,-0.00016296600000001438,166.3914,603.1669074000001
285.692,0.00019260599999999795,167.38500000000002,603.1669074000001
285.7420000000001,0.00019260599999999795,167.38500000000002,601.1780466
285.79200000000003,0.00019260599999999795,165.39780000000002,603.1669074000001
285.842,0.00019260599999999795,167.38500000000002,603.1669074000001
285.89200000000005,0.00019260599999999795,167.38500000000002,601.1780466
285.942,0.00019260599999999795,166.3914,605.1557682
285.9920000000001,1.4819999999998723e-05,167.38500000000002,605.1557682
286.04200000000003,0.00019260599999999795,166.3914,601.1780466
286.092,1.4819999999998723e-05,166.3914,603.1669074000001
286.14200000000005,0.00019260599999999795,166.3914,601.1780466
286.192,0.00019260599999999795,168.3786,603.1669074000001
286.2420000000001,1.4819999999998723e-05,167.38500000000002,603.1669074000001
286.29200000000003,1.4819999999998723e-05,166.3914,605.1557682
286.342,1.4819999999998723e-05,165.39780000000002,603.1669074000001
286.39200000000005,1.4819999999998723e-05,165.39780000000002,603.1669074000001
286.442,0.00019260599999999795,168.3786,605.1557682
286.4920000000001,-0.00016296600000001438,165.39780000000002,603.1669074000001
286.54200000000003,0.00019260599999999795,168.3786,603.1669074000001
286.592,1.4819999999998723e-05,167.38500000000002,603.1669074000001
286.64200000000005,0.00019260599999999795,165.39780000000002,601.1780466
286.692,1.4819999999998723e-05,167.38500000000002,601.1780466
286.7420000000001,0.00019260599999999795,168.3786,603.1669074000001
286.79200000000003,0.00019260599999999795,168.3786,603.1669074000001
286.842,1.4819999999998723e-05,167.38500000000002,603.1669074000001
286.89200000000005,-0.00016296600000001438,166.3914,605.1557682
286.942,0.0005481779999999825,166.3914,603.1669074000001
286.9920000000001,1.4819999999998723e-05,167.38500000000002,605.1557682
287.04200000000003,0.00019260599999999795,167.38500000000002,603.1669074000001
287.092,0.00019260599999999795,167.38500000000002,603.1669074000001
287.14200000000005,0.00037039200000001105,167.38500000000002,603.1669074000001
287.192,1.4819999999998723e-05,167.38500000000002,603.1669074000001
287.2420000000001,0.00019260599999999795,166.3914,601.1780466
287.29200000000003,1.4819999999998723e-05,168.3786,603.1669074000001
287.342,0.00019260599999999795,167.38500000000002,603.1669074000001
287.39200000000005,-0.00016296600000001438,164.4042,601.1780466
287.442,0.00019260599999999795,168.3786,603.1669074000001
287.4920000000001,1.4819999999998723e-05,167.38500000000002,603.1669074000001
287.543,0.00019260599999999795,167.38500000000002,605.1557682
287.5930000000001,1.4819999999998723e-05,167.38500000000002,603.1669074000001
287.64200000000005,-0.00016296600000001438,166.3914,605.1557682
287.692,0.00019260599999999795,166.3914,603.1669074000001
287.7420000000001,0.00019260599999999795,168.3786,603.1669074000001
287.79200000000003,1.4819999999998723e-05,167.38500000000002,603.1669074000001
287.842,-0.00016296600000001438,166.3914,605.1557682
287.89200000000005,1.4819999999998723e-05,165.39780000000002,603.1669074000001
287.943,1.4819999999998723e-05,167.38500000000002,605.1557682
287.99300000000005,1.4819999999998723e-05,167.38500000000002,605.1557682
288.043,1.4819999999998723e-05,165.39780000000002,605.1557682
288.0930000000001,0.00037039200000001105,167.38500000000002,603.1669074000001
288.14300000000003,0.00019260599999999795,167.38500000000002,601.1780466
288.193,0.00019260599999999795,166.3914,601.1780466
288.24300000000005,0.00037039200000001105,166.3914,603.1669074000001
288.293,0.00037039200000001105,167.38500000000002,603.1669074000001
288.3430000000001,0.00019260599999999795,166.3914,605.1557682
288.39300000000003,1.4819999999998723e-05,166.3914,603.1669074000001
288.443,1.4819999999998723e-05,167.38500000000002,605.1557682
288.49300000000005,-0.00016296600000001438,165.39780000000002,605.1557682
288.543,1.4819999999998723e-05,167.38500000000002,605.1557682
288.5930000000001,0.00019260599999999795,167.38500000000002,601.1780466
288.64300000000003,0.00019260599999999795,167.38500000000002,603.1669074000001
288.693,1.4819999999998723e-05,167.38500000000002,605.1557682
288.74300000000005,1.4819999999998723e-05,168.3786,603.1669074000001
288.793,0.00019260599999999795,168.3786,605.1557682
288.8430000000001,1.4819999999998723e-05,168.3786,605.1557682
288.89300000000003,0.00019260599999999795,168.3786,603.1669074000001
288.943,0.00019260599999999795,166.3914,603.1669074000001
288.99300000000005,0.00019260599999999795,166.3914,601.1780466
289.043,1.4819999999998723e-05,165.39780000000002,603.1669074000001
289.0930000000001,1.4819999999998723e-05,167.38500000000002,603.1669074000001
289.14300000000003,-0.00016296600000001438,166.3914,603.1669074000001
289.193,0.00019260599999999795,167.38500000000002,603.1669074000001
289.24300000000005,0.00019260599999999795,166.3914,605.1557682
289.293,0.00019260599999999795,166.3914,603.1669074000001
289.3430000000001,1.4819999999998723e-05,165.39780000000002,603.1669074000001
289.39300000000003,1.4819999999998723e-05,165.39780000000002,603.1669074000001
289.443,1.4819999999998723e-05,164.4042,601.1780466
289.49300000000005,1.4819999999998723e-05,167.38500000000002,603.1669074000001
289.543,1.4819999999998723e-05,166.3914,603.1669074000001
289.5930000000001,0.00019260599999999795,166.3914,603.1669074000001
289.64300000000003,1.4819999999998723e-05,166.3914,605.1557682
289.693,0.00019260599999999795,167.38500000000002,605.1557682
289.74300000000005,1.4819999999998723e-05,166.3914,603.1669074000001
289.793,1.4819999999998723e-05,165.39780000000002,603.1669074000001
289.8430000000001,-0.0003407520000000136,164.4042,605.1557682
289.89300000000003,0.00019260599999999795,166.3914,603.1669074000001
289.943,0.00019260599999999795,168.3786,603.1669074000001
289.99300000000005,0.00019260599999999795,166.3914,605.1557682
290.043,1.4819999999998723e-05,165.39780000000002,603.1669074000001
290.0930000000001,0.00019260599999999795,166.3914,603.1669074000001
290.14300000000003,1.4819999999998723e-05,168.3786,603.1669074000001
290.193,1.4819999999998723e-05,166.3914,603.1669074000001
290.24300000000005,-0.00016296600000001438,166.3914,603.1669074000001
290.293,0.00019260599999999795,168.3786,601.1780466
290.3430000000001,1.4819999999998723e-05,165.39780000000002,603.1669074000001
290.39300000000003,0.00037039200000001105,167.38500000000002,601.1780466
290.443,0.00037039200000001105,167.38500000000002,601.1780466
290.49300000000005,0.00019260599999999795,166.3914,603.1669074000001
290.543,0.00019260599999999795,166.3914,603.1669074000001
290.5930000000001,1.4819999999998723e-05,166.3914,603.1669074000001
290.64300000000003,1.4819999999998723e-05,169.37220000000002,603.1669074000001
290.6940000000001,0.00037039200000001105,167.38500000000002,603.1669074000001
290.744,0.00037039200000001105,166.3914,601.1780466
290.793,1.4819999999998723e-05,167.38500000000002,605.1557682
290.8430000000001,-0.00016296600000001438,165.39780000000002,605.1557682
290.89300000000003,0.00019260599999999795,168.3786,603.1669074000001
290.943,0.00019260599999999795,166.3914,603.1669074000001
290.99300000000005,1.4819999999998723e-05,165.39780000000002,603.1669074000001
291.044,0.00019260599999999795,168.3786,603.1669074000001
291.09400000000005,-0.00016296600000001438,166.3914,603.1669074000001
291.144,0.00037039200000001105,166.3914,601.1780466
291.1940000000001,0.00019260599999999795,167.38500000000002,601.1780466
291.244,1.4819999999998723e-05,166.3914,605.1557682
291.294,0.00019260599999999795,167.38500000000002,603.1669074000001
291.34400000000005,1.4819999999998723e-05,167.38500000000002,605.1557682
291.394,0.00019260599999999795,167.38500000000002,601.1780466
291.4440000000001,0.00019260599999999795,168.3786,603.1669074000001
291.494,0.00019260599999999795,165.39780000000002,603.1669074000001
291.544,1.4819999999998723e-05,168.3786,605.1557682
291.59400000000005,0.00019260599999999795,167.38500000000002,603.1669074000001
291.644,0.00019260599999999795,169.37220000000002,605.1557682
291.6940000000001,0.00019260599999999795,167.38500000000002,603.1669074000001
291.744,0.00037039200000001105,167.38500000000002,603.1669074000001
291.794,0.00019260599999999795,168.3786,603.1669074000001
291.84400000000005,0.00019260599999999795,167.38500000000002,603.1669074000001
291.894,0.00019260599999999795,167.38500000000002,603.1669074000001
291.9440000000001,-0.00016296600000001438,168.3786,605.1557682
291.994,0.00019260599999999795,165.39780000000002,603.1669074000001
292.044,1.4819999999998723e-05,167.38500000000002,601.1780466
292.09400000000005,0.0005481779999999825,168.3786,601.1780466
292.144,-0.00016296600000001438,164.4042,603.1669074000001
292.1940000000001,0.00019260599999999795,168.3786,603.1669074000001
292.244,0.00037039200000001105,168.3786,601.1780466
292.294,1.4819999999998723e-05,166.3914,605.1557682
292.34400000000005,1.4819999999998723e-05,165.39780000000002,601.1780466
292.394,0.00019260599999999795,167.38500000000002,603.1669074000001
292.4440000000001,1.4819999999998723e-05,166.3914,603.1669074000001
292.494,1.4819999999998723e-05,168.3786,603.1669074000001
292.544,1.4819999999998723e-05,163.41060000000002,601.1780466
292.59400000000005,0.00037039200000001105,167.38500000000002,603.1669074000001
292.644,-0.00016296600000001438,165.39780000000002,603.1669074000001
292.6940000000001,-0.00016296600000001438,165.39780000000002,603.1669074000001
292.744,1.4819999999998723e-05,166.3914,603.1669074000001
292.794,0.00019260599999999795,167.38500000000002,603.1669074000001
292.84400000000005,1.4819999999998723e-05,167.38500000000002,603.1669074000001
292.894,0.00019260599999999795,168.3786,601.1780466
292.9440000000001,1.4819999999998723e-05,164.4042,603.1669074000001
292.994,1.4819999999998723e-05,166.3914,603.1669074000001
293.044,1.4819999999998723e-05,166.3914,603.1669074000001
293.09400000000005,-0.00016296600000001438,166.3914,605.1557682
293.144,-0.00016296600000001438,165.39780000000002,603.1669074000001
293.1940000000001,1.4819999999998723e-05,165.39780000000002,603.1669074000001
293.244,1.4819999999998723e-05,166.3914,603.1669074000001
293.294,-0.00016296600000001438,165.39780000000002,605.1557682
293.34400000000005,0.00037039200000001105,168.3786,603.1669074000001
293.394,1.4819999999998723e-05,167.38500000000002,603.1669074000001
293.4440000000001,0.00019260599999999795,164.4042,603.1669074000001
293.494,0.00019260599999999795,166.3914,603.1669074000001
293.544,1.4819999999998723e-05,165.39780000000002,605.1557682
293.59400000000005,0.00019260599999999795,167.38500000000002,603.1669074000001
293.644,1.4819999999998723e-05,167.38500000000002,603.1669074000001
293.6940000000001,1.4819999999998723e-05,166.3914,603.1669074000001
293.744,1.4819999999998723e-05,167.38500000000002,605.1557682
293.794,-0.00016296600000001438,166.3914,605.1557682
293.845,-0.00016296600000001438,167.38500000000002,603.1669074000001
293.895,-0.00016296600000001438,166.3914,605.1557682
293.9440000000001,1.4819999999998723e-05,167.38500000000002,603.1669074000001
293.994,0.00037039200000001105,167.38500000000002,603.1669074000001
294.044,1.4819999999998723e-05,166.3914,603.1669074000001
294.09400000000005,0.00019260599999999795,168.3786,605.1557682
294.144,1.4819999999998723e-05,167.38500000000002,603.1669074000001
294.19500000000005,0.00019260599999999795,168.3786,603.1669074000001
294.245,0.00037039200000001105,166.3914,603.1669074000001
294.2950000000001,0.00019260599999999795,166.3914,603.1669074000001
294.345,0.00019260599999999795,165.39780000000002,601.1780466
294.395,0.00037039200000001105,167.38500000000002,603.1669074000001
294.44500000000005,0.00019260599999999795,167.38500000000002,603.1669074000001
294.495,0.00037039200000001105,167.38500000000002,603.1669074000001
294.5450000000001,0.00037039200000001105,167.38500000000002,601.1780466
294.595,0.0005481779999999825,166.3914,599.1891858000001
294.645,0.00019260599999999795,167.38500000000002,601.1780466
294.69500000000005,0.00019260599999999795,167.38500000000002,605.1557682
294.745,1.4819999999998723e-05,166.3914,603.1669074000001
294.7950000000001,0.00037039200000001105,166.3914,603.1669074000001
294.845,0.00037039200000001105,167.38500000000002,603.1669074000001
294.895,1.4819999999998723e-05,166.3914,603.1669074000001
294.94500000000005,0.00019260599999999795,166.3914,601.1780466
294.995,-0.00016296600000001438,166.3914,605.1557682
295.0450000000001,-0.00016296600000001438,165.39780000000002,605.1557682
295.095,0.00019260599999999795,166.3914,603.1669074000001
295.145,1.4819999999998723e-05,167.38500000000002,605.1557682
295.19500000000005,1.4819999999998723e-05,166.3914,603.1669074000001
295.245,1.4819999999998723e-05,166.3914,603.1669074000001
295.2950000000001,1.4819999999998723e-05,165.39780000000002,603.1669074000001
295.345,1.4819999999998723e-05,165.39780000000002,603.1669074000001
295.395,0.00019260599999999795,168.3786,605.1557682
295.44500000000005,0.00019260599999999795,167.38500000000002,603.1669074000001
295.495,-0.00016296600000001438,167.38500000000002,603.1669074000001
295.5450000000001,-0.00016296600000001438,166.3914,607.1446289999999
295.595,0.00037039200000001105,167.38500000000002,603.1669074000001
295.645,0.00019260599999999795,166.3914,603.1669074000001
295.69500000000005,0.00019260599999999795,166.3914,601.1780466
295.745,0.00037039200000001105,167.38500000000002,603.1669074000001
295.7950000000001,0.00019260599999999795,166.3914,601.1780466
295.845,0.00019260599999999795,167.38500000000002,603.1669074000001
295.895,0.0005481779999999825,167.38500000000002,603.1669074000001
295.94500000000005,1.4819999999998723e-05,166.3914,603.1669074000001
295.995,0.00019260599999999795,166.3914,601.1780466
296.0450000000001,1.4819999999998723e-05,167.38500000000002,603.1669074000001
296.095,0.00019260599999999795,167.38500000000002,603.1669074000001
296.145,0.00019260599999999795,164.4042,601.1780466
296.19500000000005,0.00019260599999999795,166.3914,603.1669074000001
296.245,1.4819999999998723e-05,166.3914,603.1669074000001
296.2950000000001,-0.00016296600000001438,167.38500000000002,605.1557682
296.345,1.4819999999998723e-05,165.39780000000002,605.1557682
296.395,0.00037039200000001105,166.3914,601.1780466
296.44500000000005,1.4819999999998723e-05,165.39780000000002,605.1557682
296.495,-0.00016296600000001438,165.39780000000002,605.1557682
296.5450000000001,0.00019260599999999795,168.3786,603.1669074000001
296.595,1.4819999999998723e-05,165.39780000000002,603.1669074000001
296.645,1.4819999999998723e-05,166.3914,603.1669074000001
296.69500000000005,0.00037039200000001105,167.38500000000002,601.1780466
296.745,0.00019260599999999795,167.38500000000002,603.1669074000001
296.7950000000001,1.4819999999998723e-05,166.3914,603.1669074000001
296.845,0.00037039200000001105,165.39780000000002,601.1780466
296.895,-0.00016296600000001438,164.4042,603.1669074000001
296.94500000000005,1.4819999999998723e-05,165.39780000000002,603.1669074000001
296.996,1.4819999999998723e-05,166.3914,601.1780466
297.04600000000005,1.4819999999998723e-05,166.3914,603.1669074000001
297.095,1.4819999999998723e-05,165.39780000000002,603.1669074000001
297.145,1.4819999999998723e-05,167.38500000000002,601.1780466
297.19500000000005,-0.00016296600000001438,165.39780000000002,603.1669074000001
297.245,-0.00016296600000001438,166.3914,605.1557682
297.29600000000005,0.00037039200000001105,168.3786,603.1669074000001
297.346,1.4819999999998723e-05,166.3914,603.1669074000001
297.3960000000001,-0.00016296600000001438,167.38500000000002,603.1669074000001
297.446,0.00019260599999999795,167.38500000000002,603.1669074000001
297.496,0.00019260599999999795,166.3914,599.1891858000001
297.54600000000005,0.00019260599999999795,166.3914,601.1780466
297.596,1.4819999999998723e-05,167.38500000000002,603.1669074000001
297.6460000000001,1.4819999999998723e-05,167.38500000000002,603.1669074000001
297.696,0.00019260599999999795,167.38500000000002,603.1669074000001
297.746,0.00019260599999999795,168.3786,603.1669074000001
297.79600000000005,0.00019260599999999795,169.37220000000002,605.1557682
297.846,-0.00016296600000001438,167.38500000000002,605.1557682
297.8960000000001,1.4819999999998723e-05,166.3914,605.1557682
297.946,0.00019260599999999795,167.38500000000002,601.1780466
297.996,0.0005481779999999825,169.37220000000002,601.1780466
298.04600000000005,0.00019260599999999795,167.38500000000002,603.1669074000001
298.096,1.4819999999998723e-05,167.38500000000002,605.1557682
298.1460000000001,1.4819999999998723e-05,167.38500000000002,605.1557682
298.196,1.4819999999998723e-05,166.3914,603.1669074000001
298.246,-0.00016296600000001438,167.38500000000002,605.1557682
298.29600000000005,1.4819999999998723e-05,166.3914,605.1557682
298.346,0.00019260599999999795,168.3786,603.1669074000001
298.3960000000001,0.00019260599999999795,164.4042,601.1780466
298.446,-0.00016296600000001438,167.38500000000002,603.1669074000001
298.496,-0.00016296600000001438,167.38500000000002,605.1557682
298.54600000000005,1.4819999999998723e-05,167.38500000000002,603.1669074000001
298.596,1.4819999999998723e-05,166.3914,605.1557682
298.6460000000001,1.4819999999998723e-05,167.38500000000002,603.1669074000001
298.696,1.4819999999998723e-05,167.38500000000002,603.1669074000001
298.746,0.00019260599999999795,166.3914,605.1557682
298.79600000000005,-0.00016296600000001438,166.3914,603.1669074000001
298.846,1.4819999999998723e-05,167.38500000000002,603.1669074000001
298.8960000000001,0.00037039200000001105,167.38500000000002,601.1780466
298.946,0.00019260599999999795,165.39780000000002,603.1669074000001
298.996,1.4819999999998723e-05,166.3914,599.1891858000001
299.04600000000005,0.00019260599999999795,164.4042,603.1669074000001
299.096,0.00019260599999999795,168.3786,603.1669074000001
299.1460000000001,1.4819999999998723e-05,167.38500000000002,603.1669074000001
299.196,-0.0003407520000000136,165.39780000000002,605.1557682
299.246,0.00019260599999999795,168.3786,605.1557682
299.29600000000005,1.4819999999998723e-05,166.3914,603.1669074000001
299.346,0.00019260599999999795,166.3914,603.1669074000001
299.3960000000001,-0.00016296600000001438,166.3914,605.1557682
299.446,-0.00016296600000001438,167.38500000000002,605.1557682
299.496,0.00019260599999999795,167.38500000000002,605.1557682
299.54600000000005,0.00037039200000001105,168.3786,601.1780466
299.596,1.4819999999998723e-05,165.39780000000002,603.1669074000001
299.6460000000001,1.4819999999998723e-05,165.39780000000002,603.1669074000001
299.696,1.4819999999998723e-05,166.3914,601.1780466
299.746,1.4819999999998723e-05,165.39780000000002,603.1669074000001
299.79600000000005,1.4819999999998723e-05,166.3914,603.1669074000001
299.846,0.00037039200000001105,168.3786,603.1669074000001
299.8960000000001,0.00019260599999999795,167.38500000000002,605.1557682
299.946,0.00019260599999999795,166.3914,603.1669074000001
299.996,0.00019260599999999795,166.3914,603.1669074000001
300.04600000000005,0.00019260599999999795,168.3786,605.1557682
300.096,0.00019260599999999795,166.3914,599.1891858000001
300.14700000000005,0.00019260599999999795,165.39780000000002,603.1669074000001
300.197,1.4819999999998723e-05,165.39780000000002,603.1669074000001
300.246,1.4819999999998723e-05,167.38500000000002,605.1557682
300.29600000000005,-0.00016296600000001438,166.3914,605.1557682
300.346,0.00019260599999999795,165.39780000000002,601.1780466
300.3960000000001,1.4819999999998723e-05,166.3914,605.1557682
300.447,0.00019260599999999795,167.38500000000002,603.1669074000001
300.49700000000007,1.4819999999998723e-05,165.39780000000002,603.1669074000001
300.547,0.00037039200000001105,168.3786,601.1780466
300.597,1.4819999999998723e-05,166.3914,605.1557682
300.64700000000005,0.00019260599999999795,167.38500000000002,603.1669074000001
300.697,1.4819999999998723e-05,166.3914,603.1669074000001
300.74700000000007,-0.00016296600000001438,167.38500000000002,603.1669074000001
300.797,0.00037039200000001105,168.3786,601.1780466
300.847,0.00019260599999999795,168.3786,603.1669074000001
300.89700000000005,1.4819999999998723e-05,167.38500000000002,605.1557682
300.947,1.4819999999998723e-05,166.3914,603.1669074000001
300.99700000000007,0.00019260599999999795,169.37220000000002,605.1557682
301.047,1.4819999999998723e-05,166.3914,601.1780466
301.097,0.00037039200000001105,166.3914,601.1780466
301.14700000000005,1.4819999999998723e-05,165.39780000000002,601.1780466
301.197,-0.00016296600000001438,166.3914,605.1557682
301.24700000000007,-0.00016296600000001438,166.3914,605.1557682
301.297,0.00019260599999999795,167.38500000000002,603.1669074000001
301.347,0.00019260599999999795,167.38500000000002,601.1780466
301.39700000000005,0.00019260599999999795,167.38500000000002,601.1780466
301.447,-0.00016296600000001438,166.3914,603.1669074000001
301.49700000000007,0.00037039200000001105,168.3786,603.1669074000001
301.547,1.4819999999998723e-05,166.3914,601.1780466
301.597,-0.00016296600000001438,167.38500000000002,605.1557682
301.64700000000005,1.4819999999998723e-05,168.3786,603.1669074000001
301.697,1.4819999999998723e-05,167.38500000000002,603.1669074000001
301.74700000000007,1.4819999999998723e-05,167.38500000000002,603.1669074000001
301.797,0.00019260599999999795,167.38500000000002,603.1669074000001
301.847,1.4819999999998723e-05,166.3914,605.1557682
301.89700000000005,1.4819999999998723e-05,168.3786,605.1557682
301.947,0.0005481779999999825,168.3786,603.1669074000001
301.99700000000007,1.4819999999998723e-05,166.3914,603.1669074000001
302.047,0.00019260599999999795,167.38500000000002,605.1557682
302.097,0.00037039200000001105,165.39780000000002,599.1891858000001
302.14700000000005,0.00019260599999999795,168.3786,605.1557682
302.197,0.00037039200000001105,165.39780000000002,601.1780466
302.24700000000007,0.00037039200000001105,168.3786,603.1669074000001
302.297,0.00019260599999999795,166.3914,603.1669074000001
302.347,-0.00016296600000001438,167.38500000000002,603.1669074000001
302.39700000000005,1.4819999999998723e-05,166.3914,603.1669074000001
302.447,0.00037039200000001105,167.38500000000002,603.1669074000001
302.49700000000007,1.4819999999998723e-05,165.39780000000002,605.1557682
302.547,1.4819999999998723e-05,168.3786,603.1669074000001
302.597,1.4819999999998723e-05,164.4042,603.1669074000001
302.64700000000005,1.4819999999998723e-05,164.4042,601.1780466
302.697,0.00019260599999999795,166.3914,601.1780466
302.74700000000007,-0.00016296600000001438,165.39780000000002,603.1669074000001
302.797,0.00019260599999999795,167.38500000000002,601.1780466
302.847,0.00019260599999999795,167.38500000000002,603.1669074000001
302.89700000000005,0.0005481779999999825,167.38500000000002,601.1780466
302.947,0.00019260599999999795,167.38500000000002,603.1669074000001
302.99700000000007,0.00037039200000001105,166.3914,601.1780466
303.047,1.4819999999998723e-05,166.3914,603.1669074000001
303.097,0.00019260599999999795,169.37220000000002,605.1557682
303.14700000000005,1.4819999999998723e-05,167.38500000000002,605.1557682
303.197,0.00019260599999999795,167.38500000000002,603.1669074000001
303.24700000000007,1.4819999999998723e-05,167.38500000000002,603.1669074000001
303.298,0.00019260599999999795,167.38500000000002,603.1669074000001
303.347,0.00019260599999999795,167.38500000000002,603.1669074000001
303.39700000000005,-0.00016296600000001438,165.39780000000002,607.1446289999999
303.447,0.00037039200000001105,166.3914,599.1891858000001
303.49700000000007,0.00019260599999999795,166.3914,601.1780466
303.548,1.4819999999998723e-05,166.3914,603.1669074000001
303.59800000000007,0.00019260599999999795,166.3914,601.1780466
303.648,0.00019260599999999795,166.3914,601.1780466
303.698,0.00019260599999999795,167.38500000000002,603.1669074000001
303.74800000000005,1.4819999999998723e-05,168.3786,605.1557682
303.798,1.4819999999998723e-05,167.38500000000002,603.1669074000001
303.84800000000007,0.00019260599999999795,165.39780000000002,601.1780466
303.898,0.00037039200000001105,169.37220000000002,601.1780466
303.948,1.4819999999998723e-05,168.3786,603.1669074000001
303.99800000000005,0.00037039200000001105,167.38500000000002,603.1669074000001
304.048,0.00019260599999999795,166.3914,605.1557682
304.09800000000007,0.00019260599999999795,167.38500000000002,603.1669074000001
304.148,1.4819999999998723e-05,168.3786,605.1557682
304.198,0.00019260599999999795,165.39780000000002,601.1780466
304.24800000000005,0.00037039200000001105,167.38500000000002,603.1669074000001
304.298,1.4819999999998723e-05,166.3914,603.1669074000001
304.34800000000007,0.00037039200000001105,168.3786,599.1891858000001
304.398,1.4819999999998723e-05,166.3914,603.1669074000001
304.448,1.4819999999998723e-05,168.3786,607.1446289999999
304.49800000000005,1.4819999999998723e-05,167.38500000000002,605.1557682
304.548,0.00019260599999999795,166.3914,599.1891858000001
304.59800000000007,0.00019260599999999795,167.38500000000002,603.1669074000001
304.648,0.00037039200000001105,167.38500000000002,603.1669074000001
304.698,0.00037039200000001105,169.37220000000002,603.1669074000001
304.74800000000005,0.00019260599999999795,168.3786,603.1669074000001
304.798,0.00037039200000001105,167.38500000000002,601.1780466
304.84800000000007,0.00019260599999999795,167.38500000000002,603.1669074000001
304.898,-0.00016296600000001438,164.4042,601.1780466
304.948,-0.00016296600000001438,166.3914,605.1557682
304.99800000000005,1.4819999999998723e-05,165.39780000000002,603.1669074000001
305.048,0.00037039200000001105,167.38500000000002,603.1669074000001
305.09800000000007,1.4819999999998723e-05,165.39780000000002,603.1669074000001
305.148,0.00019260599999999795,166.3914,601.1780466
305.198,0.00019260599999999795,165.39780000000002,603.1669074000001
305.24800000000005,0.00019260599999999795,166.3914,603.1669074000001
305.298,0.00019260599999999795,167.38500000000002,603.1669074000001
305.34800000000007,1.4819999999998723e-05,167.38500000000002,605.1557682
305.398,1.4819999999998723e-05,166.3914,605.1557682
305.448,1.4819999999998723e-05,166.3914,603.1669074000001
305.49800000000005,-0.00016296600000001438,166.3914,605.1557682
305.548,0.00019260599999999795,167.38500000000002,603.1669074000001
305.59800000000007,-0.00016296600000001438,167.38500000000002,605.1557682
305.648,0.0005481779999999825,167.38500000000002,601.1780466
305.698,0.0005481779999999825,169.37220000000002,601.1780466
305.74800000000005,0.00037039200000001105,168.3786,601.1780466
305.798,0.00019260599999999795,167.38500000000002,603.1669074000001
305.84800000000007,1.4819999999998723e-05,166.3914,601.1780466
305.898,0.00019260599999999795,166.3914,603.1669074000001
305.948,1.4819999999998723e-05,167.38500000000002,603.1669074000001
305.99800000000005,1.4819999999998723e-05,167.38500000000002,603.1669074000001
306.048,1.4819999999998723e-05,166.3914,603.1669074000001
306.09800000000007,0.00019260599999999795,168.3786,605.1557682
306.148,0.00019260599999999795,167.38500000000002,601.1780466
306.198,0.00019260599999999795,167.38500000000002,603.1669074000001
306.24800000000005,0.00019260599999999795,167.38500000000002,603.1669074000001
306.298,0.00037039200000001105,167.38500000000002,601.1780466
306.34800000000007,0.00019260599999999795,167.38500000000002,603.1669074000001
306.399,0.00019260599999999795,166.3914,605.1557682
306.44900000000007,1.4819999999998723e-05,166.3914,603.1669074000001
306.49800000000005,0.00019260599999999795,168.3786,603.1669074000001
306.548,1.4819999999998723e-05,167.38500000000002,605.1557682
306.59800000000007,0.00019260599999999795,167.38500000000002,601.1780466
306.648,0.00019260599999999795,167.38500000000002,603.1669074000001
306.69900000000007,0.00019260599999999795,166.3914,605.1557682
306.749,-0.00016296600000001438,165.39780000000002,603.1669074000001
306.799,0.00019260599999999795,168.3786,603.1669074000001
306.84900000000005,0.0005481779999999825,167.38500000000002,601.1780466
306.899,0.00019260599999999795,166.3914,601.1780466
306.94900000000007,0.00037039200000001105,166.3914,601.1780466
306.999,0.00037039200000001105,167.38500000000002,601.1780466
307.049,0.00019260599999999795,167.38500000000002,601.1780466
307.09900000000005,0.00019260599999999795,167.38500000000002,603.1669074000001
307.149,1.4819999999998723e-05,166.3914,603.1669074000001
307.19900000000007,1.4819999999998723e-05,167.38500000000002,603.1669074000001
307.249,0.00037039200000001105,166.3914,599.1891858000001
307.299,0.00019260599999999795,165.39780000000002,599.1891858000001
307.34900000000005,1.4819999999998723e-05,166.3914,603.1669074000001
307.399,1.4819999999998723e-05,164.4042,603.1669074000001
307.44900000000007,1.4819999999998723e-05,166.3914,601.1780466
307.499,0.00019260599999999795,167.38500000000002,605.1557682
307.549,0.00037039200000001105,166.3914,603.1669074000001
307.59900000000005,1.4819999999998723e-05,165.39780000000002,601.1780466
307.649,1.4819999999998723e-05,166.3914,601.1780466
307.69900000000007,1.4819999999998723e-05,165.39780000000002,603.1669074000001
307.749,1.4819999999998723e-05,168.3786,605.1557682
307.799,1.4819999999998723e-05,166.3914,603.1669074000001
307.84900000000005,-0.00016296600000001438,167.38500000000002,605.1557682
307.899,1.4819999999998723e-05,168.3786,605.1557682
307.94900000000007,0.00037039200000001105,168.3786,603.1669074000001
307.999,1.4819999999998723e-05,166.3914,601.1780466
308.049,1.4819999999998723e-05,168.3786,603.1669074000001
308.09900000000005,1.4819999999998723e-05,166.3914,603.1669074000001
308.149,1.4819999999998723e-05,166.3914,603.1669074000001
308.19900000000007,-0.00016296600000001438,166.3914,601.1780466
308.249,0.00037039200000001105,167.38500000000002,603.1669074000001
308.299,1.4819999999998723e-05,167.38500000000002,605.1557682
308.34900000000005,0.00019260599999999795,168.3786,603.1669074000001
308.399,1.4819999999998723e-05,167.38500000000002,605.1557682
308.44900000000007,0.00019260599999999795,168.3786,603.1669074000001
308.499,1.4819999999998723e-05,166.3914,603.1669074000001
308.549,0.00037039200000001105,167.38500000000002,603.1669074000001
308.59900000000005,1.4819999999998723e-05,165.39780000000002,601.1780466
308.649,0.00019260599999999795,165.39780000000002,601.1780466
308.69900000000007,1.4819999999998723e-05,166.3914,603.1669074000001
308.749,-0.00016296600000001438,167.38500000000002,605.1557682
308.799,-0.00016296600000001438,166.3914,603.1669074000001
308.84900000000005,0.00037039200000001105,168.3786,601.1780466
308.899,0.00019260599999999795,167.38500000000002,601.1780466
308.94900000000007,0.00037039200000001105,167.38500000000002,603.1669074000001
308.999,1.4819999999998723e-05,168.3786,603.1669074000001
309.049,-0.00016296600000001438,165.39780000000002,605.1557682
309.09900000000005,1.4819999999998723e-05,166.3914,603.1669074000001
309.15,-0.00016296600000001438,165.39780000000002,603.1669074000001
309.19900000000007,0.00037039200000001105,167.38500000000002,601.1780466
309.249,-0.0003407520000000136,165.39780000000002,607.1446289999999
309.299,1.4819999999998723e-05,166.3914,603.1669074000001
309.34900000000005,1.4819999999998723e-05,165.39780000000002,603.1669074000001
309.399,1.4819999999998723e-05,166.3914,605.1557682
309.44900000000007,0.00019260599999999795,167.38500000000002,603.1669074000001
309.499,0.00019260599999999795,167.38500000000002,603.1669074000001
309.55000000000007,0.00019260599999999795,166.3914,601.1780466
309.6,0.00019260599999999795,167.38500000000002,601.1780466
309.649,-0.00016296600000001438,167.38500000000002,603.1669074000001
309.69900000000007,0.0005481779999999825,168.3786,601.1780466
309.749,1.4819999999998723e-05,165.39780000000002,603.1669074000001
309.80000000000007,-0.00016296600000001438,167.38500000000002,605.1557682
309.85,-0.00016296600000001438,167.38500000000002,605.1557682
309.9,0.00019260599999999795,167.38500000000002,605.1557682
309.95000000000005,0.00019260599999999795,167.38500000000002,603.1669074000001
310.0,-0.00016296600000001438,164.4042,603.1669074000001
310.05000000000007,0.00019260599999999795,167.38500000000002,601.1780466
310.1,-0.00016296600000001438,168.3786,605.1557682
310.15,0.00019260599999999795,166.3914,603.1669074000001
310.20000000000005,0.00019260599999999795,168.3786,603.1669074000001
310.25,0.00019260599999999795,166.3914,603.1669074000001
310.30000000000007,0.00037039200000001105,168.3786,603.1669074000001
310.35,0.00037039200000001105,167.38500000000002,603.1669074000001
310.4,0.00019260599999999795,167.38500000000002,603.1669074000001
310.45000000000005,0.00019260599999999795,165.39780000000002,599.1891858000001
310.5,1.4819999999998723e-05,165.39780000000002,603.1669074000001
310.55000000000007,0.00019260599999999795,167.38500000000002,603.1669074000001
310.6,-0.00016296600000001438,166.3914,603.1669074000001
310.65,0.00019260599999999795,166.3914,601.1780466
310.70000000000005,0.00019260599999999795,165.39780000000002,601.1780466
310.75,0.00019260599999999795,168.3786,603.1669074000001
310.80000000000007,0.00019260599999999795,165.39780000000002,601.1780466
310.85,0.00037039200000001105,167.38500000000002,601.1780466
310.9,0.00037039200000001105,167.38500000000002,601.1780466
310.95000000000005,1.4819999999998723e-05,165.39780000000002,599.1891858000001
311.0,1.4819999999998723e-05,166.3914,603.1669074000001
311.05000000000007,0.00019260599999999795,167.38500000000002,603.1669074000001
311.1,1.4819999999998723e-05,165.39780000000002,603.1669074000001
311.15,0.00037039200000001105,166.3914,601.1780466
311.20000000000005,0.00019260599999999795,166.3914,603.1669074000001
311.25,1.4819999999998723e-05,166.3914,603.1669074000001
311.30000000000007,0.00019260599999999795,168.3786,603.1669074000001
311.35,-0.0003407520000000136,164.4042,603.1669074000001
311.4,0.00019260599999999795,167.38500000000002,601.1780466
311.45000000000005,1.4819999999998723e-05,164.4042,603.1669074000001
311.5,0.00019260599999999795,167.38500000000002,601.1780466
311.55000000000007,1.4819999999998723e-05,166.3914,605.1557682
311.6,0.00037039200000001105,167.38500000000002,601.1780466
311.65,0.00037039200000001105,168.3786,603.1669074000001
311.70000000000005,0.00019260599999999795,167.38500000000002,603.1669074000001
311.75,1.4819999999998723e-05,166.3914,603.1669074000001
311.80000000000007,1.4819999999998723e-05,166.3914,603.1669074000001
311.85,1.4819999999998723e-05,167.38500000000002,603.1669074000001
311.9,0.00019260599999999795,167.38500000000002,601.1780466
311.95000000000005,0.00037039200000001105,168.3786,603.1669074000001
312.0,-0.00016296600000001438,166.3914,603.1669074000001
312.05000000000007,1.4819999999998723e-05,167.38500000000002,603.1669074000001
312.1,0.00019260599999999795,167.38500000000002,603.1669074000001
312.15,0.00037039200000001105,166.3914,601.1780466
312.20000000000005,1.4819999999998723e-05,167.38500000000002,605.1557682
312.251,1.4819999999998723e-05,166.3914,605.1557682
312.30000000000007,0.00019260599999999795,167.38500000000002,603.1669074000001
312.35,0.00037039200000001105,168.3786,601.1780466
312.4,1.4819999999998723e-05,166.3914,603.1669074000001
312.45000000000005,0.00037039200000001105,168.3786,601.1780466
312.5,-0.00016296600000001438,166.3914,605.1557682
312.55000000000007,0.00019260599999999795,167.38500000000002,605.1557682
312.6,0.00019260599999999795,167.38500000000002,603.1669074000001
312.65,1.4819999999998723e-05,168.3786,605.1557682
312.701,1.4819999999998723e-05,166.3914,603.1669074000001
312.751,1.4819999999998723e-05,165.39780000000002,603.1669074000001
312.80000000000007,-0.00016296600000001438,166.3914,603.1669074000001
312.85,1.4819999999998723e-05,166.3914,601.1780466
312.9,-0.00016296600000001438,166.3914,605.1557682
312.951,1.4819999999998723e-05,165.39780000000002,603.1669074000001
313.001,0.00019260599999999795,167.38500000000002,603.1669074000001
313.05100000000004,0.00019260599999999795,168.3786,603.1669074000001
313.101,1.4819999999998723e-05,166.3914,603.1669074000001
313.15100000000007,-0.00016296600000001438,166.3914,605.1557682
313.201,1.4819999999998723e-05,168.3786,603.1669074000001
313.251,-0.00016296600000001438,166.3914,605.1557682
313.30100000000004,1.4819999999998723e-05,168.3786,605.1557682
313.351,1.4819999999998723e-05,167.38500000000002,603.1669074000001
313.40100000000007,0.00019260599999999795,167.38500000000002,603.1669074000001
313.451,1.4819999999998723e-05,167.38500000000002,603.1669074000001
313.501,1.4819999999998723e-05,165.39780000000002,603.1669074000001
313.55100000000004,0.00019260599999999795,167.38500000000002,605.1557682
313.601,1.4819999999998723e-05,166.3914,603.1669074000001
313.65100000000007,0.00019260599999999795,166.3914,601.1780466
313.701,-0.00016296600000001438,167.38500000000002,605.1557682
313.751,0.00019260599999999795,166.3914,601.1780466
313.80100000000004,0.00019260599999999795,167.38500000000002,601.1780466
313.851,0.00037039200000001105,166.3914,601.1780466
313.90100000000007,-0.00016296600000001438,167.38500000000002,605.1557682
313.951,0.00019260599999999795,165.39780000000002,603.1669074000001
314.001,0.00019260599999999795,168.3786,605.1557682
314.05100000000004,0.00037039200000001105,169.37220000000002,601.1780466
314.101,0.00019260599999999795,167.38500000000002,601.1780466
314.15100000000007,1.4819999999998723e-05,165.39780000000002,603.1669074000001
314.201,-0.00016296600000001438,165.39780000000002,603.1669074000001
314.251,-0.00016296600000001438,167.38500000000002,607.1446289999999
314.30100000000004,0.00019260599999999795,167.38500000000002,603.1669074000001
314.351,0.00019260599999999795,167.38500000000002,603.1669074000001
314.40100000000007,0.00019260599999999795,166.3914,603.1669074000001
314.451,-0.00016296600000001438,164.4042,603.1669074000001
314.501,1.4819999999998723e-05,166.3914,603.1669074000001
314.55100000000004,1.4819999999998723e-05,166.3914,603.1669074000001
314.601,1.4819999999998723e-05,167.38500000000002,605.1557682
314.65100000000007,0.00037039200000001105,168.3786,601.1780466
314.701,1.4819999999998723e-05,166.3914,603.1669074000001
314.751,0.00037039200000001105,165.39780000000002,603.1669074000001
314.80100000000004,0.00019260599999999795,167.38500000000002,603.1669074000001
314.851,-0.00016296600000001438,165.39780000000002,603.1669074000001
314.90100000000007,1.4819999999998723e-05,167.38500000000002,603.1669074000001
314.951,1.4819999999998723e-05,167.38500000000002,605.1557682
315.001,0.00019260599999999795,166.3914,603.1669074000001
315.05100000000004,1.4819999999998723e-05,167.38500000000002,605.1557682
315.101,0.00019260599999999795,166.3914,603.1669074000001
315.15100000000007,1.4819999999998723e-05,168.3786,605.1557682
315.201,1.4819999999998723e-05,167.38500000000002,603.1669074000001
315.251,0.00019260599999999795,168.3786,603.1669074000001
315.30100000000004,0.00019260599999999795,168.3786,603.1669074000001
315.351,0.00019260599999999795,168.3786,603.1669074000001
315.40100000000007,0.00019260599999999795,166.3914,603.1669074000001
315.451,1.4819999999998723e-05,164.4042,601.1780466
315.501,1.4819999999998723e-05,166.3914,603.1669074000001
315.55100000000004,0.00019260599999999795,168.3786,605.1557682
315.601,1.4819999999998723e-05,166.3914,601.1780466
315.65100000000007,1.4819999999998723e-05,166.3914,601.1780466
315.701,1.4819999999998723e-05,168.3786,603.1669074000001
315.751,1.4819999999998723e-05,166.3914,601.1780466
315.80100000000004,0.00019260599999999795,168.3786,603.1669074000001
315.852,1.4819999999998723e-05,165.39780000000002,603.1669074000001
315.90200000000004,0.00037039200000001105,168.3786,601.1780466
315.951,0.00019260599999999795,167.38500000000002,601.1780466
316.001,0.00019260599999999795,167.38500000000002,603.1669074000001
316.052,0.00019260599999999795,168.3786,603.1669074000001
316.102,0.00019260599999999795,167.38500000000002,603.1669074000001
316.15200000000004,1.4819999999998723e-05,166.3914,603.1669074000001
316.202,0.00037039200000001105,168.3786,601.1780466
316.25200000000007,1.4819999999998723e-05,166.3914,605.1557682
316.302,0.00019260599999999795,168.3786,603.1669074000001
316.352,1.4819999999998723e-05,165.39780000000002,603.1669074000001
316.40200000000004,0.00019260599999999795,167.38500000000002,601.1780466
316.452,-0.00016296600000001438,166.3914,603.1669074000001
316.50200000000007,-0.00016296600000001438,165.39780000000002,603.1669074000001
316.552,1.4819999999998723e-05,166.3914,603.1669074000001
316.602,1.4819999999998723e-05,166.3914,603.1669074000001
316.65200000000004,1.4819999999998723e-05,167.38500000000002,605.1557682
316.702,1.4819999999998723e-05,167.38500000000002,603.1669074000001
316.75200000000007,-0.00016296600000001438,164.4042,603.1669074000001
316.802,-0.00016296600000001438,165.39780000000002,603.1669074000001
316.852,0.00037039200000001105,167.38500000000002,603.1669074000001
316.90200000000004,1.4819999999998723e-05,167.38500000000002,605.1557682
316.952,-0.00016296600000001438,166.3914,605.1557682
317.00200000000007,1.4819999999998723e-05,165.39780000000002,603.1669074000001
317.052,0.00019260599999999795,166.3914,605.1557682
317.102,1.4819999999998723e-05,166.3914,603.1669074000001
317.15200000000004,0.00019260599999999795,166.3914,603.1669074000001
317.202,1.4819999999998723e-05,166.3914,605.1557682
317.25200000000007,0.00019260599999999795,165.39780000000002,601.1780466
317.302,-0.00016296600000001438,165.39780000000002,605.1557682
317.352,1.4819999999998723e-05,167.38500000000002,603.1669074000001
317.40200000000004,1.4819999999998723e-05,168.3786,603.1669074000001
317.452,1.4819999999998723e-05,166.3914,605.1557682
317.50200000000007,1.4819999999998723e-05,166.3914,603.1669074000001
317.552,0.00037039200000001105,166.3914,601.1780466
317.602,-0.00016296600000001438,166.3914,607.1446289999999
317.65200000000004,-0.00016296600000001438,167.38500000000002,603.1669074000001
317.702,-0.0003407520000000136,164.4042,603.1669074000001
317.75200000000007,0.00019260599999999795,167.38500000000002,603.1669074000001
317.802,0.00019260599999999795,167.38500000000002,603.1669074000001
317.852,0.00019260599999999795,166.3914,603.1669074000001
317.90200000000004,1.4819999999998723e-05,166.3914,603.1669074000001
317.952,1.4819999999998723e-05,166.3914,603.1669074000001
318.00200000000007,0.00019260599999999795,167.38500000000002,601.1780466
318.052,-0.00016296600000001438,166.3914,603.1669074000001
318.102,-0.00016296600000001438,165.39780000000002,603.1669074000001
318.15200000000004,0.00019260599999999795,166.3914,603.1669074000001
318.202,-0.00016296600000001438,166.3914,603.1669074000001
318.25200000000007,0.00019260599999999795,168.3786,605.1557682
318.302,0.00019260599999999795,167.38500000000002,603.1669074000001
318.352,0.00019260599999999795,166.3914,603.1669074000001
318.40200000000004,1.4819999999998723e-05,165.39780000000002,601.1780466
318.452,1.4819999999998723e-05,166.3914,605.1557682
318.50200000000007,1.4819999999998723e-05,166.3914,601.1780466
318.552,1.4819999999998723e-05,165.39780000000002,603.1669074000001
318.602,-0.00016296600000001438,167.38500000000002,603.1669074000001
318.65200000000004,0.00019260599999999795,167.38500000000002,603.1669074000001
318.702,1.4819999999998723e-05,167.38500000000002,603.1669074000001
318.75200000000007,1.4819999999998723e-05,166.3914,603.1669074000001
318.802,1.4819999999998723e-05,166.3914,605.1557682
318.852,0.00019260599999999795,167.38500000000002,603.1669074000001
318.90200000000004,0.00037039200000001105,168.3786,601.1780466
318.952,0.00037039200000001105,167.38500000000002,601.1780466
319.00300000000004,0.00037039200000001105,167.38500000000002,601.1780466
319.053,-0.0003407520000000136,164.4042,603.1669074000001
319.102,0.00019260599999999795,167.38500000000002,603.1669074000001
319.15200000000004,1.4819999999998723e-05,167.38500000000002,605.1557682
319.203,1.4819999999998723e-05,166.3914,603.1669074000001
319.25300000000004,-0.00016296600000001438,166.3914,603.1669074000001
319.303,1.4819999999998723e-05,167.38500000000002,605.1557682
319.35300000000007,-0.00016296600000001438,167.38500000000002,603.1669074000001
319.403,1.4819999999998723e-05,166.3914,603.1669074000001
319.453,-0.00016296600000001438,163.41060000000002,605.1557682
319.50300000000004,0.00019260599999999795,166.3914,603.1669074000001
319.553,1.4819999999998723e-05,167.38500000000002,605.1557682
319.60300000000007,1.4819999999998723e-05,167.38500000000002,603.1669074000001
319.653,-0.00016296600000001438,166.3914,603.1669074000001
319.703,0.00019260599999999795,167.38500000000002,603.1669074000001
319.75300000000004,1.4819999999998723e-05,165.39780000000002,605.1557682
319.803,1.4819999999998723e-05,166.3914,603.1669074000001
319.85300000000007,-0.00016296600000001438,166.3914,603.1669074000001
319.903,0.00019260599999999795,165.39780000000002,599.1891858000001
319.953,0.00019260599999999795,167.38500000000002,601.1780466
320.00300000000004,0.00037039200000001105,167.38500000000002,603.1669074000001
320.053,0.00019260599999999795,167.38500000000002,603.1669074000001
320.10300000000007,1.4819999999998723e-05,166.3914,603.1669074000001
320.153,0.00019260599999999795,166.3914,603.1669074000001
320.203,1.4819999999998723e-05,165.39780000000002,601.1780466
320.25300000000004,1.4819999999998723e-05,167.38500000000002,607.1446289999999
320.303,0.00019260599999999795,167.38500000000002,603.1669074000001
320.35300000000007,1.4819999999998723e-05,166.3914,605.1557682
320.403,0.00037039200000001105,164.4042,603.1669074000001
320.453,0.00037039200000001105,168.3786,601.1780466
320.50300000000004,0.00019260599999999795,167.38500000000002,603.1669074000001
320.553,1.4819999999998723e-05,165.39780000000002,601.1780466
320.60300000000007,1.4819999999998723e-05,164.4042,603.1669074000001
320.653,0.00037039200000001105,167.38500000000002,603.1669074000001
320.703,0.00037039200000001105,167.38500000000002,601.1780466
320.75300000000004,0.00019260599999999795,164.4042,603.1669074000001
320.803,0.0005481779999999825,167.38500000000002,599.1891858000001
320.85300000000007,1.4819999999998723e-05,166.3914,605.1557682
320.903,1.4819999999998723e-05,166.3914,603.1669074000001
320.953,0.00019260599999999795,166.3914,603.1669074000001
321.00300000000004,1.4819999999998723e-05,165.39780000000002,603.1669074000001
321.053,0.00019260599999999795,165.39780000000002,603.1669074000001
321.10300000000007,-0.00016296600000001438,167.38500000000002,603.1669074000001
321.153,0.00019260599999999795,165.39780000000002,601.1780466
321.203,1.4819999999998723e-05,166.3914,603.1669074000001
321.25300000000004,0.00019260599999999795,168.3786,601.1780466
321.303,0.00019260599999999795,165.39780000000002,603.1669074000001
321.35300000000007,1.4819999999998723e-05,167.38500000000002,603.1669074000001
321.403,0.00037039200000001105,167.38500000000002,603.1669074000001
321.453,1.4819999999998723e-05,167.38500000000002,605.1557682
321.50300000000004,1.4819999999998723e-05,165.39780000000002,605.1557682
321.553,-0.00016296600000001438,167.38500000000002,605.1557682
321.60300000000007,-0.00016296600000001438,168.3786,607.1446289999999
321.653,-0.00016296600000001438,168.3786,605.1557682
321.70400000000006,0.00037039200000001105,168.3786,603.1669074000001
321.75300000000004,1.4819999999998723e-05,168.3786,603.1669074000001
321.803,1.4819999999998723e-05,167.38500000000002,603.1669074000001
321.85300000000007,0.00019260599999999795,168.3786,601.1780466
321.903,0.00019260599999999795,167.38500000000002,603.1669074000001
321.953,-0.00016296600000001438,167.38500000000002,605.1557682
322.00300000000004,0.00019260599999999795,165.39780000000002,601.1780466
322.053,1.4819999999998723e-05,166.3914,605.1557682
322.10300000000007,0.00037039200000001105,167.38500000000002,603.1669074000001
322.154,-0.00016296600000001438,165.39780000000002,605.1557682
322.20400000000006,1.4819999999998723e-05,167.38500000000002,603.1669074000001
322.25300000000004,0.00037039200000001105,167.38500000000002,603.1669074000001
322.304,0.00037039200000001105,166.3914,603.1669074000001
322.35400000000004,-0.00016296600000001438,166.3914,603.1669074000001
322.404,0.00019260599999999795,166.3914,603.1669074000001
322.45400000000006,0.00037039200000001105,167.38500000000002,603.1669074000001
322.504,1.4819999999998723e-05,168.3786,605.1557682
322.554,0.0005481779999999825,168.3786,601.1780466
322.60400000000004,1.4819999999998723e-05,167.38500000000002,603.1669074000001
322.654,0.00019260599999999795,165.39780000000002,601.1780466
322.70400000000006,0.00019260599999999795,166.3914,603.1669074000001
322.754,-0.00016296600000001438,166.3914,603.1669074000001
322.804,0.00019260599999999795,166.3914,601.1780466
322.85400000000004,-0.00016296600000001438,166.3914,601.1780466
322.904,1.4819999999998723e-05,166.3914,603.1669074000001
322.95400000000006,0.00019260599999999795,165.39780000000002,603.1669074000001
323.004,-0.00016296600000001438,166.3914,605.1557682
323.054,-0.00016296600000001438,167.38500000000002,605.1557682
323.10400000000004,1.4819999999998723e-05,167.38500000000002,601.1780466
323.154,0.00019260599999999795,166.3914,603.1669074000001
323.20400000000006,0.00019260599999999795,167.38500000000002,603.1669074000001
323.254,0.00037039200000001105,167.38500000000002,603.1669074000001
323.304,0.00037039200000001105,168.3786,601.1780466
323.35400000000004,1.4819999999998723e-05,166.3914,603.1669074000001
323.404,0.00037039200000001105,168.3786,603.1669074000001
323.45400000000006,1.4819999999998723e-05,165.39780000000002,603.1669074000001
323.504,-0.00016296600000001438,164.4042,605.1557682
323.554,0.00019260599999999795,167.38500000000002,605.1557682
323.60400000000004,0.00037039200000001105,167.38500000000002,603.1669074000001
323.654,0.00019260599999999795,168.3786,603.1669074000001
323.70400000000006,-0.00016296600000001438,164.4042,603.1669074000001
323.754,-0.00016296600000001438,166.3914,605.1557682
323.804,-0.00016296600000001438,166.3914,605.1557682
323.85400000000004,0.00037039200000001105,169.37220000000002,603.1669074000001
323.904,1.4819999999998723e-05,165.39780000000002,601.1780466
323.95400000000006,0.00019260599999999795,167.38500000000002,603.1669074000001
324.004,-0.0003407520000000136,164.4042,605.1557682
324.054,0.00019260599999999795,167.38500000000002,603.1669074000001
324.10400000000004,0.00019260599999999795,167.38500000000002,603.1669074000001
324.154,1.4819999999998723e-05,166.3914,603.1669074000001
324.20400000000006,0.00019260599999999795,167.38500000000002,603.1669074000001
324.254,0.00019260599999999795,168.3786,601.1780466
324.304,0.00019260599999999795,166.3914,603.1669074000001
324.35400000000004,1.4819999999998723e-05,167.38500000000002,601.1780466
324.404,1.4819999999998723e-05,167.38500000000002,605.1557682
324.45400000000006,0.00019260599999999795,168.3786,601.1780466
324.504,1.4819999999998723e-05,166.3914,605.1557682
324.554,1.4819999999998723e-05,166.3914,601.1780466
324.60400000000004,0.00019260599999999795,167.38500000000002,603.1669074000001
324.654,-0.00016296600000001438,166.3914,603.1669074000001
324.70400000000006,1.4819999999998723e-05,167.38500000000002,605.1557682
324.754,0.00019260599999999795,166.3914,603.1669074000001
324.804,-0.00016296600000001438,165.39780000000002,603.1669074000001
324.855,1.4819999999998723e-05,166.3914,603.1669074000001
324.904,1.4819999999998723e-05,167.38500000000002,603.1669074000001
324.95400000000006,0.00037039200000001105,166.3914,603.1669074000001
325.004,-0.00016296600000001438,166.3914,605.1557682
325.054,-0.00016296600000001438,167.38500000000002,603.1669074000001
325.10400000000004,1.4819999999998723e-05,167.38500000000002,605.1557682
325.154,-0.00016296600000001438,166.3914,605.1557682
325.20400000000006,0.00019260599999999795,167.38500000000002,605.1557682
325.254,1.4819999999998723e-05,167.38500000000002,603.1669074000001
325.30500000000006,0.00019260599999999795,167.38500000000002,603.1669074000001
325.355,1.4819999999998723e-05,165.39780000000002,603.1669074000001
325.404,-0.00016296600000001438,166.3914,605.1557682
325.45500000000004,0.00037039200000001105,169.37220000000002,603.1669074000001
325.505,1.4819999999998723e-05,166.3914,603.1669074000001
325.55500000000006,1.4819999999998723e-05,167.38500000000002,605.1557682
325.605,0.00019260599999999795,166.3914,601.1780466
325.655,0.00019260599999999795,167.38500000000002,601.1780466
325.70500000000004,1.4819999999998723e-05,167.38500000000002,603.1669074000001
325.755,0.00037039200000001105,168.3786,603.1669074000001
325.80500000000006,0.00019260599999999795,166.3914,603.1669074000001
325.855,0.00019260599999999795,167.38500000000002,603.1669074000001
325.905,0.00037039200000001105,168.3786,603.1669074000001
325.95500000000004,-0.00016296600000001438,166.3914,603.1669074000001
326.005,0.00019260599999999795,168.3786,603.1669074000001
326.05500000000006,1.4819999999998723e-05,165.39780000000002,601.1780466
326.105,0.00037039200000001105,168.3786,603.1669074000001
326.155,0.00037039200000001105,167.38500000000002,603.1669074000001
326.20500000000004,0.00037039200000001105,168.3786,603.1669074000001
326.255,0.00037039200000001105,166.3914,601.1780466
326.30500000000006,0.00019260599999999795,166.3914,601.1780466
326.355,-0.00016296600000001438,165.39780000000002,603.1669074000001
326.405,0.00019260599999999795,166.3914,601.1780466
326.45500000000004,1.4819999999998723e-05,167.38500000000002,603.1669074000001
326.505,1.4819999999998723e-05,166.3914,603.1669074000001
326.55500000000006,0.00019260599999999795,166.3914,603.1669074000001
326.605,1.4819999999998723e-05,166.3914,601.1780466
326.655,1.4819999999998723e-05,166.3914,605.1557682
326.70500000000004,1.4819999999998723e-05,167.38500000000002,603.1669074000001
326.755,1.4819999999998723e-05,166.3914,603.1669074000001
326.80500000000006,1.4819999999998723e-05,166.3914,601.1780466
326.855,1.4819999999998723e-05,167.38500000000002,603.1669074000001
326.905,0.00019260599999999795,169.37220000000002,605.1557682
326.95500000000004,0.00019260599999999795,167.38500000000002,603.1669074000001
327.005,0.00019260599999999795,168.3786,603.1669074000001
327.05500000000006,0.00037039200000001105,168.3786,603.1669074000001
327.105,1.4819999999998723e-05,167.38500000000002,605.1557682
327.155,0.00019260599999999795,165.39780000000002,603.1669074000001
327.20500000000004,0.00019260599999999795,167.38500000000002,601.1780466
327.255,-0.00016296600000001438,166.3914,603.1669074000001
327.30500000000006,1.4819999999998723e-05,166.3914,603.1669074000001
327.355,0.00037039200000001105,168.3786,601.1780466
327.405,0.00019260599999999795,169.37220000000002,603.1669074000001
327.45500000000004,1.4819999999998723e-05,167.38500000000002,605.1557682
327.505,0.00019260599999999795,167.38500000000002,603.1669074000001
327.55500000000006,1.4819999999998723e-05,167.38500000000002,603.1669074000001
327.605,1.4819999999998723e-05,167.38500000000002,603.1669074000001
327.655,0.00019260599999999795,169.37220000000002,601.1780466
327.70500000000004,0.00019260599999999795,166.3914,601.1780466
327.755,0.00037039200000001105,166.3914,603.1669074000001
327.80500000000006,0.00019260599999999795,168.3786,601.1780466
327.855,1.4819999999998723e-05,166.3914,603.1669074000001
327.905,1.4819999999998723e-05,166.3914,605.1557682
327.95500000000004,0.00037039200000001105,167.38500000000002,603.1669074000001
328.006,-0.0005185379999999989,165.39780000000002,603.1669074000001
328.05500000000006,-0.00016296600000001438,167.38500000000002,607.1446289999999
328.105,-0.00016296600000001438,166.3914,603.1669074000001
328.155,0.00019260599999999795,168.3786,603.1669074000001
328.20500000000004,1.4819999999998723e-05,167.38500000000002,603.1669074000001
328.255,1.4819999999998723e-05,166.3914,603.1669074000001
328.30500000000006,0.00019260599999999795,165.39780000000002,601.1780466
328.355,0.00037039200000001105,169.37220000000002,603.1669074000001
328.40600000000006,0.00037039200000001105,167.38500000000002,601.1780466
328.456,1.4819999999998723e-05,166.3914,601.1780466
328.505,0.00019260599999999795,167.38500000000002,603.1669074000001
328.55600000000004,1.4819999999998723e-05,166.3914,603.1669074000001
328.606,-0.00016296600000001438,167.38500000000002,605.1557682
328.65600000000006,1.4819999999998723e-05,166.3914,603.1669074000001
328.706,-0.0003407520000000136,165.39780000000002,605.1557682
328.756,0.00019260599999999795,167.38500000000002,603.1669074000001
328.80600000000004,0.00037039200000001105,166.3914,603.1669074000001
328.856,1.4819999999998723e-05,167.38500000000002,601.1780466
328.90600000000006,1.4819999999998723e-05,167.38500000000002,603.1669074000001
328.956,1.4819999999998723e-05,168.3786,603.1669074000001
329.006,1.4819999999998723e-05,166.3914,603.1669074000001
329.05600000000004,0.00019260599999999795,167.38500000000002,603.1669074000001
329.106,-0.00016296600000001438,166.3914,605.1557682
329.15600000000006,1.4819999999998723e-05,167.38500000000002,603.1669074000001
329.206,-0.00016296600000001438,167.38500000000002,605.1557682
329.256,0.00019260599999999795,168.3786,603.1669074000001
329.30600000000004,0.0005481779999999825,167.38500000000002,601.1780466
329.356,0.00037039200000001105,167.38500000000002,601.1780466
329.40600000000006,-0.00016296600000001438,167.38500000000002,605.1557682
329.456,1.4819999999998723e-05,166.3914,605.1557682
329.506,-0.00016296600000001438,166.3914,603.1669074000001
329.55600000000004,0.00019260599999999795,167.38500000000002,603.1669074000001
329.606,0.00019260599999999795,166.3914,601.1780466
329.65600000000006,0.00019260599999999795,167.38500000000002,603.1669074000001
329.706,1.4819999999998723e-05,166.3914,603.1669074000001
329.756,0.00037039200000001105,166.3914,601.1780466
329.80600000000004,1.4819999999998723e-05,167.38500000000002,601.1780466
329.856,0.00019260599999999795,165.39780000000002,603.1669074000001
329.90600000000006,-0.00016296600000001438,166.3914,603.1669074000001
329.956,0.00019260599999999795,169.37220000000002,605.1557682
330.006,0.00019260599999999795,167.38500000000002,603.1669074000001
330.05600000000004,1.4819999999998723e-05,167.38500000000002,603.1669074000001
330.106,-0.00016296600000001438,166.3914,605.1557682
330.15600000000006,0.00019260599999999795,168.3786,603.1669074000001
330.206,0.00037039200000001105,168.3786,601.1780466
330.256,0.00019260599999999795,167.38500000000002,603.1669074000001
330.30600000000004,1.4819999999998723e-05,167.38500000000002,603.1669074000001
330.356,0.00019260599999999795,168.3786,603.1669074000001
330.40600000000006,0.00019260599999999795,168.3786,605.1557682
330.456,-0.0003407520000000136,167.38500000000002,603.1669074000001
330.506,0.00019260599999999795,168.3786,603.1669074000001
330.55600000000004,0.00037039200000001105,169.37220000000002,603.1669074000001
330.606,0.00019260599999999795,167.38500000000002,603.1669074000001
330.65600000000006,0.00019260599999999795,168.3786,603.1669074000001
330.706,0.00019260599999999795,165.39780000000002,601.1780466
330.756,0.00037039200000001105,167.38500000000002,603.1669074000001
330.80600000000004,-0.00016296600000001438,165.39780000000002,605.1557682
330.856,0.00019260599999999795,167.38500000000002,603.1669074000001
330.90600000000006,0.00019260599999999795,168.3786,605.1557682
330.956,0.00037039200000001105,168.3786,603.1669074000001
331.006,0.00037039200000001105,168.3786,601.1780466
331.05600000000004,-0.00016296600000001438,167.38500000000002,603.1669074000001
331.10699999999997,-0.0003407520000000136,164.4042,605.1557682
331.15600000000006,-0.0003407520000000136,164.4042,603.1669074000001
331.206,0.0005481779999999825,167.38500000000002,599.1891858000001
331.256,0.00019260599999999795,166.3914,603.1669074000001
331.30600000000004,0.00019260599999999795,168.3786,603.1669074000001
331.356,1.4819999999998723e-05,167.38500000000002,603.1669074000001
331.40600000000006,1.4819999999998723e-05,165.39780000000002,601.1780466
331.456,0.00019260599999999795,165.39780000000002,601.1780466
331.506,0.00019260599999999795,167.38500000000002,603.1669074000001
331.557,-0.00016296600000001438,165.39780000000002,605.1557682
331.60699999999997,1.4819999999998723e-05,166.3914,601.1780466
331.65600000000006,1.4819999999998723e-05,168.3786,605.1557682
331.707,1.4819999999998723e-05,166.3914,603.1669074000001
331.75700000000006,-0.00016296600000001438,166.3914,605.1557682
331.807,-0.00016296600000001438,165.39780000000002,603.1669074000001
331.85699999999997,0.00037039200000001105,168.3786,603.1669074000001
331.90700000000004,1.4819999999998723e-05,167.38500000000002,605.1557682
331.957,-0.00016296600000001438,168.3786,603.1669074000001
332.00700000000006,0.00019260599999999795,166.3914,603.1669074000001
332.057,1.4819999999998723e-05,166.3914,603.1669074000001
332.10699999999997,1.4819999999998723e-05,166.3914,603.1669074000001
332.15700000000004,0.00037039200000001105,168.3786,601.1780466
332.207,1.4819999999998723e-05,167.38500000000002,603.1669074000001
332.25700000000006,0.00019260599999999795,168.3786,603.1669074000001
332.307,1.4819999999998723e-05,166.3914,601.1780466
332.35699999999997,0.00037039200000001105,167.38500000000002,601.1780466
332.40700000000004,0.00037039200000001105,168.3786,601.1780466
332.457,1.4819999999998723e-05,166.3914,603.1669074000001
332.50700000000006,1.4819999999998723e-05,166.3914,603.1669074000001
332.557,0.00019260599999999795,167.38500000000002,603.1669074000001
332.60699999999997,1.4819999999998723e-05,167.38500000000002,603.1669074000001
332.65700000000004,1.4819999999998723e-05,167.38500000000002,605.1557682
332.707,-0.00016296600000001438,167.38500000000002,603.1669074000001
332.75700000000006,0.00019260599999999795,168.3786,603.1669074000001
332.807,0.00019260599999999795,169.37220000000002,603.1669074000001
332.85699999999997,0.0005481779999999825,169.37220000000002,601.1780466
332.90700000000004,1.4819999999998723e-05,168.3786,605.1557682
332.957,0.00019260599999999795,168.3786,603.1669074000001
333.00700000000006,0.00019260599999999795,167.38500000000002,603.1669074000001
333.057,0.00019260599999999795,168.3786,603.1669074000001
333.10699999999997,0.00019260599999999795,166.3914,601.1780466
333.15700000000004,0.00019260599999999795,168.3786,601.1780466
333.207,1.4819999999998723e-05,167.38500000000002,603.1669074000001
333.25700000000006,0.00037039200000001105,168.3786,603.1669074000001
333.307,1.4819999999998723e-05,169.37220000000002,601.1780466
333.35699999999997,0.00037039200000001105,168.3786,603.1669074000001
333.40700000000004,-0.00016296600000001438,166.3914,603.1669074000001
333.457,1.4819999999998723e-05,167.38500000000002,603.1669074000001
333.50700000000006,0.00019260599999999795,169.37220000000002,605.1557682
333.557,0.00019260599999999795,166.3914,601.1780466
333.60699999999997,1.4819999999998723e-05,165.39780000000002,603.1669074000001
333.65700000000004,1.4819999999998723e-05,168.3786,603.1669074000001
333.707,-0.00016296600000001438,167.38500000000002,605.1557682
333.75700000000006,-0.00016296600000001438,166.3914,603.1669074000001
333.807,1.4819999999998723e-05,164.4042,605.1557682
333.85699999999997,-0.00016296600000001438,167.38500000000002,605.1557682
333.90700000000004,-0.00016296600000001438,166.3914,603.1669074000001
333.957,1.4819999999998723e-05,167.38500000000002,605.1557682
334.00700000000006,0.00019260599999999795,166.3914,603.1669074000001
334.057,0.00019260599999999795,167.38500000000002,601.1780466
334.10699999999997,1.4819999999998723e-05,167.38500000000002,605.1557682
334.15700000000004,0.00019260599999999795,168.3786,603.1669074000001
334.207,-0.00016296600000001438,164.4042,603.1669074000001
334.25700000000006,0.00037039200000001105,167.38500000000002,603.1669074000001
334.308,-0.00016296600000001438,165.39780000000002,605.1557682
334.35699999999997,0.00037039200000001105,167.38500000000002,601.1780466
334.40700000000004,0.00037039200000001105,167.38500000000002,603.1669074000001
334.457,1.4819999999998723e-05,166.3914,603.1669074000001
334.50700000000006,1.4819999999998723e-05,167.38500000000002,603.1669074000001
334.557,1.4819999999998723e-05,168.3786,603.1669074000001
334.60699999999997,0.00019260599999999795,168.3786,603.1669074000001
334.65700000000004,0.00019260599999999795,167.38500000000002,603.1669074000001
334.70799999999997,0.0005481779999999825,166.3914,601.1780466
334.75800000000004,-0.0003407520000000136,164.4042,603.1669074000001
334.808,1.4819999999998723e-05,165.39780000000002,603.1669074000001
334.85800000000006,0.00037039200000001105,185.2698,605.1557682
334.908,0.0009037499999999948,302.5146,603.1669074000001
334.95799999999997,0.00037039200000001105,395.913,603.1669074000001
335.00800000000004,1.4819999999998723e-05,356.169,603.1669074000001
335.058,1.4819999999998723e-05,340.27139999999997,601.1780466
335.10800000000006,1.4819999999998723e-05,326.361,603.1669074000001
335.158,0.00019260599999999795,316.425,603.1669074000001
335.20799999999997,0.00019260599999999795,306.489,601.1780466
335.25800000000004,1.4819999999998723e-05,297.5466,603.1669074000001
335.308,0.00019260599999999795,289.5978,601.1780466
335.35800000000006,0.00019260599999999795,280.6554,603.1669074000001
335.408,0.00019260599999999795,268.7322,603.1669074000001
335.45799999999997,0.00019260599999999795,259.78979999999996,603.1669074000001
335.50800000000004,1.4819999999998723e-05,249.8538,603.1669074000001
335.558,0.00037039200000001105,240.91140000000001,603.1669074000001
335.60800000000006,0.00037039200000001105,230.9754,601.1780466
335.658,1.4819999999998723e-05,220.0458,603.1669074000001
335.70799999999997,1.4819999999998723e-05,209.11620000000002,605.1557682
335.75800000000004,0.00019260599999999795,200.1738,603.1669074000001
335.808,-0.00016296600000001438,193.2186,603.1669074000001
335.85800000000006,0.00019260599999999795,185.2698,603.1669074000001
335.908,-0.00016296600000001438,177.321,603.1669074000001
335.95799999999997,0.00019260599999999795,173.3466,603.1669074000001
336.00800000000004,0.0009037499999999948,182.28900000000002,601.1780466
336.06000000000006,0.0009037499999999948,286.61699999999996,601.1780466
336.10800000000006,1.4819999999998723e-05,367.0986,605.1557682
336.159,0.00037039200000001105,328.34819999999996,603.1669074000001
336.20799999999997,-0.00016296600000001438,306.489,603.1669074000001
336.25800000000004,1.4819999999998723e-05,288.6042,603.1669074000001
336.308,-0.0003407520000000136,270.7194,603.1669074000001
336.35800000000006,1.4819999999998723e-05,256.809,603.1669074000001
336.408,1.4819999999998723e-05,238.9242,603.1669074000001
336.45799999999997,0.00019260599999999795,225.0138,603.1669074000001
336.51,-0.00016296600000001438,211.10340000000002,605.1557682
336.558,0.00019260599999999795,197.193,603.1669074000001
336.60900000000004,0.00019260599999999795,182.28900000000002,603.1669074000001
336.658,0.00019260599999999795,174.3402,603.1669074000001
336.70799999999997,0.00019260599999999795,163.41060000000002,603.1669074000001
336.75800000000004,0.00019260599999999795,156.4554,603.1669074000001
336.808,1.4819999999998723e-05,150.49380000000002,603.1669074000001
336.85800000000006,0.00019260599999999795,144.53220000000002,603.1669074000001
336.908,-0.00016296600000001438,137.577,603.1669074000001
336.95799999999997,0.0005481779999999825,134.5962,601.1780466
337.00800000000004,0.00019260599999999795,129.6282,601.1780466
337.058,0.00019260599999999795,130.6218,601.1780466
337.10800000000006,1.4819999999998723e-05,129.6282,605.1557682
337.158,0.00037039200000001105,127.641,601.1780466
337.20799999999997,-0.00016296600000001438,126.6474,605.1557682
337.25800000000004,-0.00016296600000001438,124.6602,603.1669074000001
337.308,-0.00016296600000001438,124.6602,605.1557682
337.35800000000006,1.4819999999998723e-05,125.6538,605.1557682
337.409,-0.00016296600000001438,125.6538,603.1669074000001
337.45799999999997,0.00019260599999999795,129.6282,603.1669074000001
337.50800000000004,1.4819999999998723e-05,128.6346,603.1669074000001
337.558,1.4819999999998723e-05,130.6218,605.1557682
337.60800000000006,0.00037039200000001105,132.609,603.1669074000001
337.658,0.00037039200000001105,135.5898,601.1780466
337.70799999999997,0.00019260599999999795,136.5834,603.1669074000001
337.75800000000004,0.00037039200000001105,139.5642,599.1891858000001
337.808,0.00019260599999999795,140.55780000000001,603.1669074000001
337.85900000000004,0.00019260599999999795,142.54500000000002,603.1669074000001
337.909,1.4819999999998723e-05,144.53220000000002,603.1669074000001
337.95900000000006,1.4819999999998723e-05,147.513,603.1669074000001
338.009,1.4819999999998723e-05,148.50660000000002,603.1669074000001
338.05899999999997,0.00037039200000001105,150.49380000000002,601.1780466
338.10900000000004,-0.00016296600000001438,153.4746,605.1557682
338.159,0.0005481779999999825,154.4682,601.1780466
338.20900000000006,0.00019260599999999795,158.4426,603.1669074000001
338.259,0.00037039200000001105,159.4362,599.1891858000001
338.30899999999997,1.4819999999998723e-05,160.4298,603.1669074000001
338.35900000000004,1.4819999999998723e-05,162.417,603.1669074000001
338.409,-0.00016296600000001438,162.417,603.1669074000001
338.45900000000006,0.00037039200000001105,166.3914,603.1669074000001
338.509,0.00019260599999999795,169.37220000000002,605.1557682
338.55899999999997,1.4819999999998723e-05,169.37220000000002,603.1669074000001
338.60900000000004,0.00019260599999999795,171.35940000000002,603.1669074000001
338.659,1.4819999999998723e-05,173.3466,603.1669074000001
338.70900000000006,0.00037039200000001105,175.3338,601.1780466
338.759,0.00037039200000001105,177.321,603.1669074000001
338.80899999999997,0.00019260599999999795,177.321,603.1669074000001
338.85900000000004,0.00019260599999999795,178.3146,601.1780466
338.909,1.4819999999998723e-05,179.3082,603.1669074000001
338.95900000000006,0.00019260599999999795,179.3082,603.1669074000001
339.009,1.4819999999998723e-05,180.30180000000001,605.1557682
339.05899999999997,0.00019260599999999795,180.30180000000001,601.1780466
339.10900000000004,0.00037039200000001105,182.28900000000002,601.1780466
339.159,1.4819999999998723e-05,182.28900000000002,603.1669074000001
339.20900000000006,0.00019260599999999795,181.2954,601.1780466
339.259,1.4819999999998723e-05,181.2954,603.1669074000001
339.30899999999997,0.00019260599999999795,183.2826,601.1780466
339.35900000000004,1.4819999999998723e-05,182.28900000000002,603.1669074000001
339.409,0.00019260599999999795,183.2826,603.1669074000001
339.45900000000006,1.4819999999998723e-05,182.28900000000002,603.1669074000001
339.509,1.4819999999998723e-05,182.28900000000002,605.1557682
339.55899999999997,0.00019260599999999795,183.2826,603.1669074000001
339.60900000000004,0.00037039200000001105,182.28900000000002,601.1780466
339.659,0.00019260599999999795,183.2826,603.1669074000001
339.70900000000006,-0.00016296600000001438,180.30180000000001,603.1669074000001
339.759,0.00037039200000001105,181.2954,603.1669074000001
339.80899999999997,0.00019260599999999795,180.30180000000001,601.1780466
339.85900000000004,0.00019260599999999795,181.2954,603.1669074000001
339.909,1.4819999999998723e-05,179.3082,603.1669074000001
339.95900000000006,0.00019260599999999795,180.30180000000001,605.1557682
340.009,0.00019260599999999795,178.3146,601.1780466
340.05899999999997,1.4819999999998723e-05,178.3146,603.1669074000001
340.10900000000004,0.00019260599999999795,177.321,603.1669074000001
340.159,1.4819999999998723e-05,175.3338,601.1780466
340.20900000000006,0.00019260599999999795,174.3402,601.1780466
340.259,0.00037039200000001105,175.3338,601.1780466
340.30899999999997,-0.00016296600000001438,172.353,601.1780466
340.35900000000004,1.4819999999998723e-05,174.3402,605.1557682
340.409,0.00019260599999999795,171.35940000000002,601.1780466
340.45900000000006,0.00019260599999999795,171.35940000000002,601.1780466
340.509,0.00019260599999999795,170.3658,603.1669074000001
340.56000000000006,0.00019260599999999795,169.37220000000002,603.1669074000001
340.60900000000004,0.00037039200000001105,169.37220000000002,601.1780466
340.659,0.00019260599999999795,166.3914,603.1669074000001
340.70900000000006,0.00037039200000001105,167.38500000000002,599.1891858000001
340.759,0.00019260599999999795,167.38500000000002,599.1891858000001
340.80899999999997,0.00019260599999999795,166.3914,603.1669074000001
340.85900000000004,0.00019260599999999795,165.39780000000002,603.1669074000001
340.909,-0.00016296600000001438,164.4042,605.1557682
340.95900000000006,0.00037039200000001105,164.4042,601.1780466
341.01,-0.00016296600000001438,162.417,603.1669074000001
341.06000000000006,0.00019260599999999795,162.417,601.1780466
341.11,1.4819999999998723e-05,163.41060000000002,603.1669074000001
341.15999999999997,-0.00016296600000001438,161.42340000000002,603.1669074000001
341.21000000000004,-0.00016296600000001438,160.4298,605.1557682
341.26,-0.0003407520000000136,162.417,607.1446289999999
341.31000000000006,0.00037039200000001105,161.42340000000002,601.1780466
341.36,-0.00016296600000001438,159.4362,603.1669074000001
341.40999999999997,-0.00016296600000001438,161.42340000000002,605.1557682
341.46000000000004,1.4819999999998723e-05,161.42340000000002,605.1557682
341.51,1.4819999999998723e-05,160.4298,603.1669074000001
341.56000000000006,1.4819999999998723e-05,161.42340000000002,605.1557682
341.61,0.00019260599999999795,162.417,605.1557682
341.65999999999997,0.00019260599999999795,160.4298,603.1669074000001
341.71000000000004,0.00019260599999999795,160.4298,603.1669074000001
341.76,-0.00016296600000001438,161.42340000000002,605.1557682
341.81000000000006,1.4819999999998723e-05,161.42340000000002,603.1669074000001
341.86,1.4819999999998723e-05,160.4298,603.1669074000001
341.90999999999997,-0.0003407520000000136,160.4298,605.1557682
341.96000000000004,0.00019260599999999795,159.4362,603.1669074000001
342.01,1.4819999999998723e-05,160.4298,603.1669074000001
342.06000000000006,0.00037039200000001105,161.42340000000002,603.1669074000001
342.11,0.00019260599999999795,161.42340000000002,601.1780466
342.15999999999997,1.4819999999998723e-05,162.417,601.1780466
342.21000000000004,1.4819999999998723e-05,160.4298,601.1780466
342.26,1.4819999999998723e-05,161.42340000000002,603.1669074000001
342.31000000000006,0.00019260599999999795,165.39780000000002,603.1669074000001
342.36,0.00037039200000001105,162.417,601.1780466
342.40999999999997,0.00019260599999999795,164.4042,603.1669074000001
342.46000000000004,0.00037039200000001105,163.41060000000002,601.1780466
342.51,0.00019260599999999795,164.4042,603.1669074000001
342.56000000000006,0.00019260599999999795,165.39780000000002,603.1669074000001
342.61,1.4819999999998723e-05,164.4042,601.1780466
342.65999999999997,0.00019260599999999795,165.39780000000002,605.1557682
342.71000000000004,1.4819999999998723e-05,165.39780000000002,603.1669074000001
342.76,0.00019260599999999795,166.3914,601.1780466
342.81000000000006,-0.00016296600000001438,165.39780000000002,603.1669074000001
342.86,0.0005481779999999825,165.39780000000002,603.1669074000001
342.90999999999997,-0.00016296600000001438,166.3914,603.1669074000001
342.96000000000004,1.4819999999998723e-05,166.3914,603.1669074000001
343.01,0.00019260599999999795,167.38500000000002,603.1669074000001
343.06000000000006,-0.00016296600000001438,167.38500000000002,605.1557682
343.11,0.00019260599999999795,167.38500000000002,601.1780466
343.15999999999997,1.4819999999998723e-05,167.38500000000002,605.1557682
343.21000000000004,0.00019260599999999795,167.38500000000002,601.1780466
343.26,1.4819999999998723e-05,168.3786,605.1557682
343.31000000000006,-0.00016296600000001438,166.3914,601.1780466
343.36,1.4819999999998723e-05,168.3786,605.1557682
343.40999999999997,0.00037039200000001105,168.3786,601.1780466
343.46000000000004,1.4819999999998723e-05,168.3786,605.1557682
343.51,0.00019260599999999795,168.3786,603.1669074000001
343.56000000000006,1.4819999999998723e-05,167.38500000000002,605.1557682
343.61,0.00019260599999999795,167.38500000000002,603.1669074000001
343.65999999999997,-0.00016296600000001438,168.3786,603.1669074000001
343.71000000000004,1.4819999999998723e-05,168.3786,603.1669074000001
343.76,0.00019260599999999795,168.3786,603.1669074000001
343.81000000000006,0.00019260599999999795,170.3658,603.1669074000001
343.86,-0.0003407520000000136,170.3658,605.1557682
343.90999999999997,1.4819999999998723e-05,168.3786,603.1669074000001
343.96000000000004,1.4819999999998723e-05,168.3786,603.1669074000001
344.01,0.00019260599999999795,169.37220000000002,603.1669074000001
344.06000000000006,0.00019260599999999795,170.3658,603.1669074000001
344.11,0.00019260599999999795,171.35940000000002,603.1669074000001
344.16100000000006,1.4819999999998723e-05,169.37220000000002,605.1557682
344.211,-0.00016296600000001438,168.3786,605.1557682
344.26099999999997,-0.00016296600000001438,167.38500000000002,603.1669074000001
344.31100000000004,0.00019260599999999795,167.38500000000002,603.1669074000001
344.361,0.00037039200000001105,169.37220000000002,601.1780466
344.41100000000006,0.00019260599999999795,168.3786,603.1669074000001
344.461,1.4819999999998723e-05,169.37220000000002,603.1669074000001
344.51099999999997,1.4819999999998723e-05,169.37220000000002,603.1669074000001
344.56100000000004,1.4819999999998723e-05,167.38500000000002,601.1780466
344.611,0.00037039200000001105,167.38500000000002,601.1780466
344.66100000000006,0.00037039200000001105,168.3786,601.1780466
344.711,0.00019260599999999795,168.3786,603.1669074000001
344.76099999999997,0.00019260599999999795,169.37220000000002,603.1669074000001
344.81100000000004,0.00019260599999999795,168.3786,603.1669074000001
344.861,1.4819999999998723e-05,167.38500000000002,603.1669074000001
344.91100000000006,0.00019260599999999795,167.38500000000002,601.1780466
344.961,0.00019260599999999795,168.3786,603.1669074000001
345.01099999999997,0.00019260599999999795,167.38500000000002,603.1669074000001
345.06100000000004,0.00019260599999999795,166.3914,601.1780466
345.111,1.4819999999998723e-05,167.38500000000002,603.1669074000001
345.16100000000006,1.4819999999998723e-05,166.3914,603.1669074000001
345.211,1.4819999999998723e-05,167.38500000000002,603.1669074000001
345.26099999999997,-0.0003407520000000136,164.4042,605.1557682
345.31100000000004,1.4819999999998723e-05,167.38500000000002,603.1669074000001
345.361,1.4819999999998723e-05,166.3914,605.1557682
345.41100000000006,0.00037039200000001105,167.38500000000002,601.1780466
345.461,1.4819999999998723e-05,167.38500000000002,605.1557682
345.51099999999997,0.00019260599999999795,165.39780000000002,601.1780466
345.56100000000004,-0.00016296600000001438,166.3914,603.1669074000001
345.611,1.4819999999998723e-05,165.39780000000002,603.1669074000001
345.66100000000006,0.00019260599999999795,167.38500000000002,605.1557682
345.711,1.4819999999998723e-05,165.39780000000002,601.1780466
345.76099999999997,0.00019260599999999795,167.38500000000002,603.1669074000001
345.81100000000004,1.4819999999998723e-05,167.38500000000002,603.1669074000001
345.861,0.00019260599999999795,165.39780000000002,605.1557682
345.91100000000006,-0.00016296600000001438,164.4042,603.1669074000001
345.961,0.00019260599999999795,167.38500000000002,605.1557682
346.01099999999997,0.00019260599999999795,165.39780000000002,603.1669074000001
346.06100000000004,0.00019260599999999795,166.3914,603.1669074000001
346.111,1.4819999999998723e-05,165.39780000000002,603.1669074000001
346.16100000000006,-0.00016296600000001438,166.3914,603.1669074000001
346.211,1.4819999999998723e-05,165.39780000000002,603.1669074000001
346.26099999999997,1.4819999999998723e-05,164.4042,603.1669074000001
346.31100000000004,1.4819999999998723e-05,165.39780000000002,603.1669074000001
346.361,1.4819999999998723e-05,166.3914,603.1669074000001
346.41100000000006,-0.00016296600000001438,163.41060000000002,603.1669074000001
346.461,0.00019260599999999795,165.39780000000002,603.1669074000001
346.51099999999997,1.4819999999998723e-05,167.38500000000002,605.1557682
346.56100000000004,0.00037039200000001105,166.3914,603.1669074000001
346.611,0.00019260599999999795,165.39780000000002,601.1780466
346.66100000000006,0.00019260599999999795,166.3914,605.1557682
346.711,0.00019260599999999795,166.3914,603.1669074000001
346.76099999999997,1.4819999999998723e-05,165.39780000000002,605.1557682
346.81100000000004,-0.00016296600000001438,165.39780000000002,605.1557682
346.86199999999997,0.00019260599999999795,169.37220000000002,605.1557682
346.91100000000006,1.4819999999998723e-05,164.4042,603.1669074000001
346.961,0.00019260599999999795,167.38500000000002,605.1557682
347.01099999999997,1.4819999999998723e-05,166.3914,601.1780466
347.06100000000004,1.4819999999998723e-05,166.3914,605.1557682
347.111,1.4819999999998723e-05,166.3914,603.1669074000001
347.16100000000006,1.4819999999998723e-05,167.38500000000002,603.1669074000001
347.211,0.00019260599999999795,166.3914,601.1780466
347.26200000000006,1.4819999999998723e-05,165.39780000000002,605.1557682
347.312,0.00019260599999999795,168.3786,605.1557682
347.36199999999997,-0.00016296600000001438,167.38500000000002,605.1557682
347.41200000000003,0.00019260599999999795,167.38500000000002,603.1669074000001
347.462,1.4819999999998723e-05,167.38500000000002,605.1557682
347.51200000000006,1.4819999999998723e-05,167.38500000000002,603.1669074000001
347.562,0.00019260599999999795,166.3914,601.1780466
347.61199999999997,0.00037039200000001105,168.3786,603.1669074000001
347.66200000000003,1.4819999999998723e-05,168.3786,603.1669074000001
347.712,0.00019260599999999795,166.3914,601.1780466
347.76200000000006,-0.00016296600000001438,166.3914,603.1669074000001
347.812,0.00037039200000001105,165.39780000000002,601.1780466
347.86199999999997,0.00019260599999999795,167.38500000000002,603.1669074000001
347.91200000000003,1.4819999999998723e-05,166.3914,603.1669074000001
347.962,0.00019260599999999795,167.38500000000002,601.1780466
348.01200000000006,-0.00016296600000001438,167.38500000000002,605.1557682
348.062,0.00019260599999999795,168.3786,603.1669074000001
348.11199999999997,0.00019260599999999795,169.37220000000002,605.1557682
348.16200000000003,1.4819999999998723e-05,168.3786,603.1669074000001
348.212,1.4819999999998723e-05,168.3786,603.1669074000001
348.26200000000006,-0.00016296600000001438,166.3914,603.1669074000001
348.312,0.00037039200000001105,169.37220000000002,603.1669074000001
348.36199999999997,1.4819999999998723e-05,167.38500000000002,603.1669074000001
348.41200000000003,0.00037039200000001105,169.37220000000002,601.1780466
348.462,1.4819999999998723e-05,167.38500000000002,605.1557682
348.51200000000006,-0.00016296600000001438,167.38500000000002,605.1557682
348.562,1.4819999999998723e-05,167.38500000000002,603.1669074000001
348.61199999999997,0.00037039200000001105,170.3658,603.1669074000001
348.66200000000003,0.00037039200000001105,168.3786,601.1780466
348.712,1.4819999999998723e-05,167.38500000000002,605.1557682
348.76200000000006,0.00037039200000001105,169.37220000000002,601.1780466
348.812,0.00019260599999999795,166.3914,601.1780466
348.86199999999997,0.00037039200000001105,170.3658,603.1669074000001
348.91200000000003,-0.00016296600000001438,166.3914,603.1669074000001
348.962,0.00019260599999999795,167.38500000000002,601.1780466
349.01200000000006,0.00019260599999999795,166.3914,603.1669074000001
349.062,1.4819999999998723e-05,165.39780000000002,603.1669074000001
349.11199999999997,0.00019260599999999795,167.38500000000002,601.1780466
349.16200000000003,1.4819999999998723e-05,168.3786,605.1557682
349.212,1.4819999999998723e-05,166.3914,603.1669074000001
349.26200000000006,1.4819999999998723e-05,167.38500000000002,605.1557682
349.312,0.00019260599999999795,167.38500000000002,603.1669074000001
349.36199999999997,0.00019260599999999795,166.3914,601.1780466
349.41200000000003,1.4819999999998723e-05,166.3914,603.1669074000001
349.462,1.4819999999998723e-05,167.38500000000002,605.1557682
349.51200000000006,1.4819999999998723e-05,166.3914,605.1557682
349.562,0.00019260599999999795,168.3786,603.1669074000001
349.61199999999997,0.00019260599999999795,167.38500000000002,603.1669074000001
349.66200000000003,1.4819999999998723e-05,166.3914,605.1557682
349.712,1.4819999999998723e-05,167.38500000000002,603.1669074000001
349.76200000000006,0.00019260599999999795,167.38500000000002,603.1669074000001
349.812,1.4819999999998723e-05,168.3786,605.1557682
349.86199999999997,0.00019260599999999795,168.3786,603.1669074000001
349.91200000000003,-0.00016296600000001438,166.3914,605.1557682
349.962,0.00037039200000001105,168.3786,603.1669074000001
350.01300000000003,1.4819999999998723e-05,167.38500000000002,605.1557682
350.062,1.4819999999998723e-05,166.3914,605.1557682
350.11199999999997,0.00019260599999999795,167.38500000000002,601.1780466
350.16200000000003,-0.00016296600000001438,165.39780000000002,607.1446289999999
350.212,0.00019260599999999795,167.38500000000002,605.1557682
350.26200000000006,1.4819999999998723e-05,166.3914,603.1669074000001
350.312,-0.00016296600000001438,166.3914,603.1669074000001
350.36199999999997,1.4819999999998723e-05,167.38500000000002,605.1557682
350.413,0.00019260599999999795,167.38500000000002,605.1557682
350.46299999999997,-0.0003407520000000136,165.39780000000002,603.1669074000001
350.51300000000003,1.4819999999998723e-05,166.3914,603.1669074000001
350.563,1.4819999999998723e-05,165.39780000000002,603.1669074000001
350.61300000000006,1.4819999999998723e-05,166.3914,605.1557682
350.663,0.00019260599999999795,167.38500000000002,601.1780466
350.71299999999997,1.4819999999998723e-05,168.3786,603.1669074000001
350.76300000000003,0.00019260599999999795,167.38500000000002,603.1669074000001
350.813,0.00037039200000001105,167.38500000000002,601.1780466
350.86300000000006,-0.00016296600000001438,168.3786,603.1669074000001
350.913,0.00019260599999999795,168.3786,603.1669074000001
350.96299999999997,0.00037039200000001105,167.38500000000002,601.1780466
351.01300000000003,-0.00016296600000001438,166.3914,603.1669074000001
351.063,0.00019260599999999795,169.37220000000002,601.1780466
351.11300000000006,-0.0005185379999999989,167.38500000000002,607.1446289999999
351.163,1.4819999999998723e-05,165.39780000000002,605.1557682
351.21299999999997,1.4819999999998723e-05,166.3914,605.1557682
351.26300000000003,0.00019260599999999795,166.3914,603.1669074000001
351.313,0.00019260599999999795,166.3914,601.1780466
351.36300000000006,0.0005481779999999825,168.3786,601.1780466
351.413,0.00019260599999999795,166.3914,601.1780466
351.46299999999997,1.4819999999998723e-05,166.3914,603.1669074000001
351.51300000000003,1.4819999999998723e-05,167.38500000000002,605.1557682
351.563,-0.00016296600000001438,166.3914,605.1557682
351.61300000000006,0.00019260599999999795,166.3914,601.1780466
351.663,0.00037039200000001105,166.3914,603.1669074000001
351.71299999999997,0.00019260599999999795,168.3786,603.1669074000001
351.76300000000003,0.00037039200000001105,167.38500000000002,601.1780466
351.813,-0.0003407520000000136,165.39780000000002,603.1669074000001
351.86300000000006,0.00037039200000001105,167.38500000000002,603.1669074000001
351.913,0.00037039200000001105,167.38500000000002,603.1669074000001
351.96299999999997,1.4819999999998723e-05,167.38500000000002,605.1557682
352.01300000000003,1.4819999999998723e-05,165.39780000000002,603.1669074000001
352.063,0.00019260599999999795,167.38500000000002,605.1557682
352.11300000000006,-0.00016296600000001438,167.38500000000002,605.1557682
352.163,0.00019260599999999795,167.38500000000002,601.1780466
352.21299999999997,-0.00016296600000001438,166.3914,601.1780466
352.26300000000003,-0.00016296600000001438,164.4042,601.1780466
352.313,1.4819999999998723e-05,165.39780000000002,605.1557682
352.36300000000006,-0.00016296600000001438,166.3914,603.1669074000001
352.413,0.00019260599999999795,166.3914,603.1669074000001
352.46299999999997,0.00037039200000001105,167.38500000000002,601.1780466
352.51300000000003,0.00019260599999999795,168.3786,603.1669074000001
352.563,0.00019260599999999795,166.3914,601.1780466
352.61300000000006,-0.00016296600000001438,165.39780000000002,605.1557682
352.663,0.00019260599999999795,165.39780000000002,601.1780466
352.71299999999997,1.4819999999998723e-05,166.3914,601.1780466
352.76300000000003,0.00019260599999999795,166.3914,605.1557682
352.813,0.00037039200000001105,166.3914,601.1780466
352.86300000000006,0.00037039200000001105,169.37220000000002,603.1669074000001
352.913,1.4819999999998723e-05,167.38500000000002,603.1669074000001
352.96299999999997,0.00019260599999999795,168.3786,603.1669074000001
353.01300000000003,-0.00016296600000001438,166.3914,601.1780466
353.063,0.00019260599999999795,168.3786,603.1669074000001
353.11400000000003,0.00019260599999999795,167.38500000000002,603.1669074000001
353.164,-0.00016296600000001438,165.39780000000002,603.1669074000001
353.21299999999997,-0.0003407520000000136,166.3914,605.1557682
353.26300000000003,-0.00016296600000001438,166.3914,603.1669074000001
353.313,1.4819999999998723e-05,167.38500000000002,603.1669074000001
353.36300000000006,0.00019260599999999795,166.3914,603.1669074000001
353.413,0.00019260599999999795,165.39780000000002,601.1780466
353.46299999999997,0.00019260599999999795,166.3914,603.1669074000001
353.51300000000003,-0.00016296600000001438,168.3786,605.1557682
353.56399999999996,-0.00016296600000001438,166.3914,605.1557682
353.61400000000003,-0.0003407520000000136,165.39780000000002,599.1891858000001
353.664,0.00019260599999999795,168.3786,603.1669074000001
353.71400000000006,-0.00016296600000001438,166.3914,603.1669074000001
353.764,1.4819999999998723e-05,166.3914,603.1669074000001
353.81399999999996,0.00019260599999999795,166.3914,601.1780466
353.86400000000003,0.00019260599999999795,168.3786,605.1557682
353.914,0.00037039200000001105,166.3914,603.1669074000001
353.96400000000006,0.00019260599999999795,167.38500000000002,603.1669074000001
354.014,0.00019260599999999795,166.3914,601.1780466
354.06399999999996,1.4819999999998723e-05,166.3914,603.1669074000001
354.11400000000003,0.00019260599999999795,166.3914,603.1669074000001
354.164,0.00019260599999999795,168.3786,603.1669074000001
354.21400000000006,1.4819999999998723e-05,167.38500000000002,605.1557682
354.264,0.00019260599999999795,168.3786,603.1669074000001
354.31399999999996,0.00019260599999999795,167.38500000000002,601.1780466
354.36400000000003,0.00019260599999999795,168.3786,601.1780466
354.414,0.00019260599999999795,167.38500000000002,603.1669074000001
354.46400000000006,0.00019260599999999795,169.37220000000002,603.1669074000001
354.514,0.00019260599999999795,167.38500000000002,603.1669074000001
354.56399999999996,0.00019260599999999795,168.3786,603.1669074000001
354.61400000000003,1.4819999999998723e-05,166.3914,603.1669074000001
354.664,0.00019260599999999795,166.3914,601.1780466
354.71400000000006,1.4819999999998723e-05,168.3786,605.1557682
354.764,1.4819999999998723e-05,166.3914,603.1669074000001
354.81399999999996,0.00019260599999999795,167.38500000000002,603.1669074000001
354.86400000000003,-0.00016296600000001438,166.3914,605.1557682
354.914,-0.00016296600000001438,166.3914,603.1669074000001
354.96400000000006,-0.00016296600000001438,165.39780000000002,603.1669074000001
355.014,0.0005481779999999825,168.3786,601.1780466
355.06399999999996,0.00037039200000001105,167.38500000000002,601.1780466
355.11400000000003,1.4819999999998723e-05,167.38500000000002,603.1669074000001
355.164,1.4819999999998723e-05,168.3786,603.1669074000001
355.21400000000006,1.4819999999998723e-05,166.3914,603.1669074000001
355.264,1.4819999999998723e-05,166.3914,603.1669074000001
355.31399999999996,0.00019260599999999795,168.3786,603.1669074000001
355.36400000000003,1.4819999999998723e-05,167.38500000000002,603.1669074000001
355.414,-0.00016296600000001438,165.39780000000002,603.1669074000001
355.46400000000006,0.00037039200000001105,166.3914,599.1891858000001
355.514,1.4819999999998723e-05,167.38500000000002,603.1669074000001
355.56399999999996,0.00019260599999999795,167.38500000000002,603.1669074000001
355.61400000000003,0.00037039200000001105,169.37220000000002,603.1669074000001
355.664,1.4819999999998723e-05,166.3914,603.1669074000001
355.71400000000006,0.00019260599999999795,167.38500000000002,603.1669074000001
355.764,0.00019260599999999795,167.38500000000002,603.1669074000001
355.81399999999996,0.00037039200000001105,168.3786,601.1780466
355.86400000000003,1.4819999999998723e-05,165.39780000000002,603.1669074000001
355.914,0.00019260599999999795,167.38500000000002,605.1557682
355.96400000000006,0.00019260599999999795,166.3914,601.1780466
356.014,-0.00016296600000001438,166.3914,605.1557682
356.06399999999996,1.4819999999998723e-05,166.3914,603.1669074000001
356.11400000000003,1.4819999999998723e-05,166.3914,601.1780466
356.164,1.4819999999998723e-05,167.38500000000002,603.1669074000001
356.21400000000006,1.4819999999998723e-05,166.3914,605.1557682
356.265,-0.00016296600000001438,166.3914,603.1669074000001
356.31399999999996,0.00019260599999999795,166.3914,603.1669074000001
356.36400000000003,-0.00016296600000001438,166.3914,605.1557682
356.414,1.4819999999998723e-05,167.38500000000002,605.1557682
356.46400000000006,-0.00016296600000001438,168.3786,605.1557682
356.514,0.00037039200000001105,169.37220000000002,601.1780466
356.56399999999996,-0.00016296600000001438,167.38500000000002,603.1669074000001
356.61400000000003,0.00019260599999999795,167.38500000000002,603.1669074000001
356.664,1.4819999999998723e-05,167.38500000000002,601.1780466
356.71500000000003,0.00019260599999999795,168.3786,601.1780466
356.765,-0.00016296600000001438,165.39780000000002,605.1557682
356.81500000000005,-0.00016296600000001438,167.38500000000002,607.1446289999999
356.865,0.00037039200000001105,169.37220000000002,603.1669074000001
356.9150000000001,1.4819999999998723e-05,168.3786,605.1557682
356.96500000000003,0.00019260599999999795,166.3914,601.1780466
357.015,1.4819999999998723e-05,168.3786,601.1780466
357.06500000000005,-0.00016296600000001438,166.3914,605.1557682
357.115,1.4819999999998723e-05,167.38500000000002,603.1669074000001
357.1650000000001,1.4819999999998723e-05,168.3786,605.1557682
357.21500000000003,0.00019260599999999795,167.38500000000002,603.1669074000001
357.265,1.4819999999998723e-05,168.3786,605.1557682
357.31500000000005,0.00037039200000001105,168.3786,601.1780466
357.365,-0.00016296600000001438,165.39780000000002,603.1669074000001
357.4150000000001,1.4819999999998723e-05,167.38500000000002,601.1780466
357.46500000000003,-0.0003407520000000136,164.4042,605.1557682
357.515,1.4819999999998723e-05,166.3914,603.1669074000001
357.56500000000005,1.4819999999998723e-05,166.3914,605.1557682
357.615,0.00019260599999999795,166.3914,603.1669074000001
357.6650000000001,1.4819999999998723e-05,166.3914,603.1669074000001
357.71500000000003,0.00019260599999999795,168.3786,601.1780466
357.765,1.4819999999998723e-05,168.3786,605.1557682
357.81500000000005,1.4819999999998723e-05,167.38500000000002,603.1669074000001
357.865,1.4819999999998723e-05,168.3786,603.1669074000001
357.9150000000001,-0.00016296600000001438,167.38500000000002,605.1557682
357.96500000000003,0.00019260599999999795,168.3786,605.1557682
358.015,0.00019260599999999795,166.3914,601.1780466
358.06500000000005,0.00019260599999999795,168.3786,603.1669074000001
358.115,1.4819999999998723e-05,165.39780000000002,607.1446289999999
358.1650000000001,1.4819999999998723e-05,166.3914,603.1669074000001
358.21500000000003,0.00019260599999999795,167.38500000000002,603.1669074000001
358.265,1.4819999999998723e-05,165.39780000000002,603.1669074000001
358.31500000000005,-0.00016296600000001438,165.39780000000002,605.1557682
358.365,1.4819999999998723e-05,167.38500000000002,603.1669074000001
358.4150000000001,1.4819999999998723e-05,168.3786,605.1557682
358.46500000000003,1.4819999999998723e-05,168.3786,605.1557682
358.515,1.4819999999998723e-05,167.38500000000002,605.1557682
358.56500000000005,1.4819999999998723e-05,164.4042,601.1780466
358.615,1.4819999999998723e-05,166.3914,603.1669074000001
358.6650000000001,0.00019260599999999795,167.38500000000002,603.1669074000001
358.71500000000003,0.00019260599999999795,167.38500000000002,603.1669074000001
358.765,1.4819999999998723e-05,165.39780000000002,601.1780466
358.81500000000005,0.00037039200000001105,168.3786,603.1669074000001
358.865,0.00019260599999999795,167.38500000000002,601.1780466
358.9150000000001,0.00037039200000001105,167.38500000000002,601.1780466
358.96500000000003,0.00037039200000001105,168.3786,603.1669074000001
359.015,0.00019260599999999795,168.3786,601.1780466
359.06500000000005,0.00037039200000001105,165.39780000000002,601.1780466
359.115,0.00019260599999999795,167.38500000000002,601.1780466
359.1650000000001,1.4819999999998723e-05,167.38500000000002,605.1557682
359.21500000000003,0.00019260599999999795,167.38500000000002,603.1669074000001
359.265,0.00019260599999999795,167.38500000000002,603.1669074000001
359.31500000000005,0.00037039200000001105,167.38500000000002,601.1780466
359.365,1.4819999999998723e-05,167.38500000000002,603.1669074000001
359.41600000000005,0.00037039200000001105,170.3658,603.1669074000001
359.466,-0.00016296600000001438,167.38500000000002,605.1557682
359.515,1.4819999999998723e-05,168.3786,605.1557682
359.56500000000005,0.00019260599999999795,168.3786,605.1557682
359.615,-0.0003407520000000136,165.39780000000002,603.1669074000001
359.6650000000001,0.00019260599999999795,167.38500000000002,603.1669074000001
359.71500000000003,0.00019260599999999795,166.3914,601.1780466
359.765,0.00037039200000001105,168.3786,603.1669074000001
359.81600000000003,-0.00016296600000001438,167.38500000000002,603.1669074000001
359.866,0.00019260599999999795,167.38500000000002,605.1557682
359.91600000000005,-0.00016296600000001438,165.39780000000002,605.1557682
359.966,1.4819999999998723e-05,165.39780000000002,603.1669074000001
360.0160000000001,0.00019260599999999795,168.3786,605.1557682
360.06600000000003,0.00019260599999999795,167.38500000000002,605.1557682
360.116,-0.00016296600000001438,166.3914,605.1557682
360.16600000000005,0.00019260599999999795,166.3914,603.1669074000001
360.216,1.4819999999998723e-05,167.38500000000002,603.1669074000001
360.2660000000001,0.00019260599999999795,166.3914,601.1780466
360.31600000000003,-0.00016296600000001438,165.39780000000002,601.1780466
360.366,0.00019260599999999795,167.38500000000002,605.1557682
360.41600000000005,1.4819999999998723e-05,165.39780000000002,601.1780466
360.466,1.4819999999998723e-05,167.38500000000002,603.1669074000001
360.5160000000001,1.4819999999998723e-05,167.38500000000002,603.1669074000001
360.56600000000003,0.00037039200000001105,167.38500000000002,601.1780466
360.616,-0.00016296600000001438,166.3914,603.1669074000001
360.66600000000005,1.4819999999998723e-05,168.3786,605.1557682
360.716,1.4819999999998723e-05,166.3914,603.1669074000001
360.7660000000001,1.4819999999998723e-05,167.38500000000002,605.1557682
360.81600000000003,1.4819999999998723e-05,167.38500000000002,603.1669074000001
360.866,1.4819999999998723e-05,165.39780000000002,605.1557682
360.91600000000005,0.00019260599999999795,168.3786,605.1557682
360.966,1.4819999999998723e-05,166.3914,603.1669074000001
361.0160000000001,1.4819999999998723e-05,168.3786,603.1669074000001
361.06600000000003,-0.00016296600000001438,166.3914,603.1669074000001
361.116,0.00019260599999999795,167.38500000000002,603.1669074000001
361.16600000000005,0.00019260599999999795,167.38500000000002,601.1780466
361.216,1.4819999999998723e-05,168.3786,605.1557682
361.2660000000001,-0.00016296600000001438,166.3914,605.1557682
361.31600000000003,-0.00016296600000001438,166.3914,603.1669074000001
361.366,0.00019260599999999795,165.39780000000002,603.1669074000001
361.41600000000005,0.00019260599999999795,165.39780000000002,603.1669074000001
361.466,0.00019260599999999795,167.38500000000002,601.1780466
361.5160000000001,0.00019260599999999795,168.3786,605.1557682
361.56600000000003,1.4819999999998723e-05,166.3914,603.1669074000001
361.616,1.4819999999998723e-05,168.3786,605.1557682
361.66600000000005,0.00019260599999999795,168.3786,605.1557682
361.716,1.4819999999998723e-05,168.3786,605.1557682
361.7660000000001,1.4819999999998723e-05,167.38500000000002,605.1557682
361.81600000000003,0.00019260599999999795,167.38500000000002,603.1669074000001
361.866,0.00019260599999999795,168.3786,603.1669074000001
361.91600000000005,0.00019260599999999795,168.3786,601.1780466
361.966,-0.00016296600000001438,166.3914,605.1557682
362.0160000000001,-0.00016296600000001438,166.3914,605.1557682
362.06600000000003,0.00037039200000001105,168.3786,603.1669074000001
362.116,-0.00016296600000001438,168.3786,603.1669074000001
362.16600000000005,0.00019260599999999795,167.38500000000002,603.1669074000001
362.216,-0.00016296600000001438,166.3914,601.1780466
362.2660000000001,0.00019260599999999795,168.3786,603.1669074000001
362.31600000000003,1.4819999999998723e-05,166.3914,603.1669074000001
362.366,0.00019260599999999795,167.38500000000002,603.1669074000001
362.41600000000005,1.4819999999998723e-05,166.3914,605.1557682
362.466,1.4819999999998723e-05,167.38500000000002,603.1669074000001
362.5160000000001,1.4819999999998723e-05,168.3786,603.1669074000001
362.567,0.00019260599999999795,167.38500000000002,603.1669074000001
362.6170000000001,0.00019260599999999795,168.3786,603.1669074000001
362.66600000000005,0.00037039200000001105,167.38500000000002,599.1891858000001
362.716,-0.00016296600000001438,168.3786,605.1557682
362.7660000000001,0.00019260599999999795,168.3786,601.1780466
362.81600000000003,0.00019260599999999795,167.38500000000002,601.1780466
362.866,1.4819999999998723e-05,168.3786,605.1557682
362.91600000000005,0.00037039200000001105,167.38500000000002,601.1780466
362.967,0.00019260599999999795,167.38500000000002,601.1780466
363.01700000000005,1.4819999999998723e-05,166.3914,601.1780466
363.067,1.4819999999998723e-05,166.3914,605.1557682
363.1170000000001,0.00019260599999999795,168.3786,603.1669074000001
363.16700000000003,0.00019260599999999795,168.3786,603.1669074000001
363.217,1.4819999999998723e-05,168.3786,603.1669074000001
363.26700000000005,0.00019260599999999795,166.3914,603.1669074000001
363.317,0.00019260599999999795,168.3786,605.1557682
363.3670000000001,0.00019260599999999795,166.3914,603.1669074000001
363.41700000000003,1.4819999999998723e-05,168.3786,605.1557682
363.467,1.4819999999998723e-05,164.4042,603.1669074000001
363.51700000000005,1.4819999999998723e-05,166.3914,605.1557682
363.567,0.0005481779999999825,167.38500000000002,601.1780466
363.6170000000001,1.4819999999998723e-05,169.37220000000002,603.1669074000001
363.66700000000003,0.00019260599999999795,167.38500000000002,601.1780466
363.717,1.4819999999998723e-05,166.3914,603.1669074000001
363.76700000000005,0.00037039200000001105,169.37220000000002,603.1669074000001
363.817,0.00019260599999999795,168.3786,601.1780466
363.8670000000001,0.0005481779999999825,168.3786,601.1780466
363.91700000000003,0.00019260599999999795,167.38500000000002,603.1669074000001
363.967,0.00019260599999999795,166.3914,603.1669074000001
364.01700000000005,0.00019260599999999795,167.38500000000002,603.1669074000001
364.067,0.00019260599999999795,168.3786,603.1669074000001
364.1170000000001,0.00019260599999999795,166.3914,603.1669074000001
364.16700000000003,0.00019260599999999795,167.38500000000002,601.1780466
364.217,1.4819999999998723e-05,166.3914,603.1669074000001
364.26700000000005,0.00037039200000001105,168.3786,601.1780466
364.317,0.00019260599999999795,167.38500000000002,603.1669074000001
364.3670000000001,1.4819999999998723e-05,166.3914,601.1780466
364.41700000000003,-0.00016296600000001438,164.4042,605.1557682
364.467,0.00037039200000001105,168.3786,601.1780466
364.51700000000005,1.4819999999998723e-05,167.38500000000002,603.1669074000001
364.567,1.4819999999998723e-05,167.38500000000002,605.1557682
364.6170000000001,1.4819999999998723e-05,167.38500000000002,603.1669074000001
364.66700000000003,1.4819999999998723e-05,168.3786,605.1557682
364.717,1.4819999999998723e-05,167.38500000000002,603.1669074000001
364.76700000000005,-0.00016296600000001438,167.38500000000002,603.1669074000001
364.817,0.00019260599999999795,164.4042,603.1669074000001
364.8670000000001,0.00019260599999999795,165.39780000000002,601.1780466
364.91700000000003,0.00019260599999999795,168.3786,603.1669074000001
364.967,1.4819999999998723e-05,165.39780000000002,603.1669074000001
365.01700000000005,0.00019260599999999795,167.38500000000002,603.1669074000001
365.067,1.4819999999998723e-05,167.38500000000002,603.1669074000001
365.1170000000001,1.4819999999998723e-05,166.3914,605.1557682
365.16700000000003,0.00019260599999999795,168.3786,603.1669074000001
365.217,0.00019260599999999795,168.3786,603.1669074000001
365.26700000000005,1.4819999999998723e-05,167.38500000000002,603.1669074000001
365.317,0.0005481779999999825,168.3786,603.1669074000001
365.3670000000001,1.4819999999998723e-05,167.38500000000002,603.1669074000001
365.41700000000003,0.00019260599999999795,168.3786,603.1669074000001
365.467,1.4819999999998723e-05,168.3786,605.1557682
365.51700000000005,1.4819999999998723e-05,166.3914,603.1669074000001
365.567,1.4819999999998723e-05,167.38500000000002,603.1669074000001
365.6170000000001,0.00037039200000001105,167.38500000000002,601.1780466
365.66700000000003,-0.00016296600000001438,166.3914,605.1557682
365.7180000000001,0.00019260599999999795,167.38500000000002,601.1780466
365.76800000000003,-0.00016296600000001438,165.39780000000002,601.1780466
365.817,1.4819999999998723e-05,167.38500000000002,605.1557682
365.8670000000001,1.4819999999998723e-05,167.38500000000002,603.1669074000001
365.91700000000003,0.00019260599999999795,167.38500000000002,603.1669074000001
365.967,0.00019260599999999795,166.3914,603.1669074000001
366.01700000000005,0.00037039200000001105,167.38500000000002,603.1669074000001
366.068,0.00019260599999999795,167.38500000000002,603.1669074000001
366.11800000000005,1.4819999999998723e-05,167.38500000000002,605.1557682
366.168,-0.00016296600000001438,166.3914,601.1780466
366.2180000000001,0.00019260599999999795,167.38500000000002,603.1669074000001
366.26800000000003,0.00019260599999999795,167.38500000000002,601.1780466
366.318,1.4819999999998723e-05,165.39780000000002,603.1669074000001
366.36800000000005,1.4819999999998723e-05,167.38500000000002,605.1557682
366.418,0.00037039200000001105,167.38500000000002,601.1780466
366.4680000000001,1.4819999999998723e-05,167.38500000000002,605.1557682
366.51800000000003,0.00019260599999999795,167.38500000000002,601.1780466
366.568,0.00037039200000001105,167.38500000000002,601.1780466
366.61800000000005,0.00037039200000001105,168.3786,601.1780466
366.668,0.00019260599999999795,168.3786,603.1669074000001
366.7180000000001,1.4819999999998723e-05,166.3914,603.1669074000001
366.76800000000003,0.00019260599999999795,169.37220000000002,603.1669074000001
366.818,1.4819999999998723e-05,166.3914,603.1669074000001
366.86800000000005,0.00019260599999999795,168.3786,603.1669074000001
366.918,0.00019260599999999795,168.3786,605.1557682
366.9680000000001,1.4819999999998723e-05,167.38500000000002,601.1780466
367.01800000000003,-0.00016296600000001438,168.3786,605.1557682
367.068,-0.00016296600000001438,169.37220000000002,603.1669074000001
367.11800000000005,-0.00016296600000001438,166.3914,603.1669074000001
367.168,-0.00016296600000001438,165.39780000000002,605.1557682
367.2180000000001,0.00019260599999999795,167.38500000000002,601.1780466
367.26800000000003,1.4819999999998723e-05,167.38500000000002,603.1669074000001
367.318,0.00019260599999999795,168.3786,605.1557682
367.36800000000005,-0.00016296600000001438,169.37220000000002,605.1557682
367.418,1.4819999999998723e-05,168.3786,603.1669074000001
367.4680000000001,1.4819999999998723e-05,167.38500000000002,603.1669074000001
367.51800000000003,-0.00016296600000001438,165.39780000000002,603.1669074000001
367.568,1.4819999999998723e-05,167.38500000000002,605.1557682
367.61800000000005,0.00019260599999999795,169.37220000000002,603.1669074000001
367.668,1.4819999999998723e-05,168.3786,605.1557682
367.7180000000001,-0.00016296600000001438,167.38500000000002,605.1557682
367.76800000000003,1.4819999999998723e-05,166.3914,603.1669074000001
367.818,0.00019260599999999795,167.38500000000002,603.1669074000001
367.86800000000005,1.4819999999998723e-05,166.3914,603.1669074000001
367.918,0.00019260599999999795,167.38500000000002,603.1669074000001
367.9680000000001,1.4819999999998723e-05,167.38500000000002,603.1669074000001
368.01800000000003,1.4819999999998723e-05,166.3914,603.1669074000001
368.068,0.00019260599999999795,166.3914,601.1780466
368.11800000000005,1.4819999999998723e-05,166.3914,605.1557682
368.168,1.4819999999998723e-05,166.3914,605.1557682
368.2180000000001,0.00019260599999999795,166.3914,603.1669074000001
368.26800000000003,0.00019260599999999795,168.3786,603.1669074000001
368.318,1.4819999999998723e-05,167.38500000000002,605.1557682
368.36800000000005,1.4819999999998723e-05,168.3786,603.1669074000001
368.418,0.00019260599999999795,168.3786,603.1669074000001
368.4680000000001,-0.00016296600000001438,166.3914,607.1446289999999
368.51800000000003,0.00019260599999999795,168.3786,603.1669074000001
368.568,-0.00016296600000001438,167.38500000000002,605.1557682
368.61800000000005,0.00019260599999999795,167.38500000000002,605.1557682
368.668,1.4819999999998723e-05,168.3786,603.1669074000001
368.7180000000001,1.4819999999998723e-05,167.38500000000002,605.1557682
368.76800000000003,0.00037039200000001105,167.38500000000002,603.1669074000001
368.818,0.00037039200000001105,167.38500000000002,601.1780466
368.869,0.00019260599999999795,166.3914,603.1669074000001
368.919,1.4819999999998723e-05,166.3914,603.1669074000001
368.9680000000001,0.00019260599999999795,166.3914,601.1780466
369.01800000000003,0.00019260599999999795,168.3786,603.1669074000001
369.068,-0.00016296600000001438,167.38500000000002,603.1669074000001
369.11800000000005,1.4819999999998723e-05,166.3914,603.1669074000001
369.168,1.4819999999998723e-05,166.3914,603.1669074000001
369.21900000000005,0.00037039200000001105,168.3786,603.1669074000001
369.269,-0.00016296600000001438,165.39780000000002,603.1669074000001
369.3190000000001,1.4819999999998723e-05,167.38500000000002,603.1669074000001
369.369,0.00019260599999999795,168.3786,603.1669074000001
369.419,1.4819999999998723e-05,167.38500000000002,603.1669074000001
369.46900000000005,1.4819999999998723e-05,166.3914,603.1669074000001
369.519,1.4819999999998723e-05,168.3786,605.1557682
369.5690000000001,1.4819999999998723e-05,165.39780000000002,603.1669074000001
369.619,1.4819999999998723e-05,167.38500000000002,605.1557682
369.669,0.00019260599999999795,167.38500000000002,601.1780466
369.71900000000005,0.00019260599999999795,167.38500000000002,603.1669074000001
369.769,1.4819999999998723e-05,167.38500000000002,603.1669074000001
369.8190000000001,0.00019260599999999795,167.38500000000002,603.1669074000001
369.869,0.00019260599999999795,166.3914,603.1669074000001
369.919,0.00019260599999999795,167.38500000000002,603.1669074000001
369.96900000000005,1.4819999999998723e-05,166.3914,603.1669074000001
370.019,1.4819999999998723e-05,166.3914,601.1780466
370.0690000000001,0.00019260599999999795,168.3786,603.1669074000001
370.119,1.4819999999998723e-05,167.38500000000002,603.1669074000001
370.169,-0.0003407520000000136,165.39780000000002,605.1557682
370.21900000000005,-0.0003407520000000136,165.39780000000002,603.1669074000001
370.269,1.4819999999998723e-05,166.3914,603.1669074000001
370.3190000000001,0.00037039200000001105,168.3786,601.1780466
370.369,0.00019260599999999795,168.3786,603.1669074000001
370.419,1.4819999999998723e-05,166.3914,605.1557682
370.46900000000005,1.4819999999998723e-05,168.3786,605.1557682
370.519,-0.00016296600000001438,165.39780000000002,603.1669074000001
370.5690000000001,1.4819999999998723e-05,168.3786,605.1557682
370.619,-0.00016296600000001438,166.3914,603.1669074000001
370.669,0.00037039200000001105,167.38500000000002,599.1891858000001
370.71900000000005,1.4819999999998723e-05,165.39780000000002,603.1669074000001
370.769,0.00019260599999999795,168.3786,603.1669074000001
370.8190000000001,0.00037039200000001105,168.3786,601.1780466
370.869,-0.00016296600000001438,167.38500000000002,605.1557682
370.919,1.4819999999998723e-05,168.3786,603.1669074000001
370.96900000000005,1.4819999999998723e-05,167.38500000000002,603.1669074000001
371.019,-0.00016296600000001438,165.39780000000002,603.1669074000001
371.0690000000001,0.00019260599999999795,167.38500000000002,601.1780466
371.119,1.4819999999998723e-05,167.38500000000002,603.1669074000001
371.169,-0.00016296600000001438,168.3786,605.1557682
371.21900000000005,0.00037039200000001105,167.38500000000002,601.1780466
371.269,0.00037039200000001105,167.38500000000002,603.1669074000001
371.3190000000001,1.4819999999998723e-05,167.38500000000002,603.1669074000001
371.369,0.00019260599999999795,168.3786,603.1669074000001
371.419,1.4819999999998723e-05,167.38500000000002,603.1669074000001
371.46900000000005,0.00019260599999999795,168.3786,603.1669074000001
371.519,0.00019260599999999795,168.3786,603.1669074000001
371.5690000000001,0.00019260599999999795,167.38500000000002,603.1669074000001
371.619,1.4819999999998723e-05,166.3914,605.1557682
371.669,0.00019260599999999795,169.37220000000002,607.1446289999999
371.71900000000005,1.4819999999998723e-05,168.3786,605.1557682
371.769,1.4819999999998723e-05,166.3914,605.1557682
371.8190000000001,1.4819999999998723e-05,167.38500000000002,605.1557682
371.869,1.4819999999998723e-05,167.38500000000002,603.1669074000001
371.919,1.4819999999998723e-05,168.3786,603.1669074000001
371.96900000000005,1.4819999999998723e-05,167.38500000000002,603.1669074000001
372.02,0.00037039200000001105,167.38500000000002,601.1780466
372.0690000000001,1.4819999999998723e-05,168.3786,605.1557682
372.119,1.4819999999998723e-05,166.3914,603.1669074000001
372.169,0.00037039200000001105,169.37220000000002,603.1669074000001
372.21900000000005,1.4819999999998723e-05,166.3914,603.1669074000001
372.269,0.00019260599999999795,166.3914,601.1780466
372.32000000000005,1.4819999999998723e-05,167.38500000000002,603.1669074000001
372.37,1.4819999999998723e-05,166.3914,603.1669074000001
372.4200000000001,-0.00016296600000001438,166.3914,603.1669074000001
372.47,0.00019260599999999795,168.3786,601.1780466
372.52,0.00019260599999999795,167.38500000000002,603.1669074000001
372.57000000000005,0.00019260599999999795,167.38500000000002,603.1669074000001
372.62,1.4819999999998723e-05,167.38500000000002,605.1557682
372.6700000000001,0.00037039200000001105,167.38500000000002,601.1780466
372.72,0.00019260599999999795,166.3914,601.1780466
372.77,0.00037039200000001105,168.3786,603.1669074000001
372.82000000000005,1.4819999999998723e-05,166.3914,603.1669074000001
372.87,-0.00016296600000001438,167.38500000000002,605.1557682
372.9200000000001,1.4819999999998723e-05,166.3914,605.1557682
372.97,0.00019260599999999795,167.38500000000002,603.1669074000001
373.02,1.4819999999998723e-05,167.38500000000002,603.1669074000001
373.07000000000005,0.00037039200000001105,168.3786,603.1669074000001
373.12,1.4819999999998723e-05,167.38500000000002,603.1669074000001
373.1700000000001,1.4819999999998723e-05,167.38500000000002,603.1669074000001
373.22,-0.00016296600000001438,166.3914,605.1557682
373.27,0.00019260599999999795,168.3786,603.1669074000001
373.32000000000005,-0.0003407520000000136,164.4042,603.1669074000001
373.37,1.4819999999998723e-05,167.38500000000002,603.1669074000001
373.4200000000001,1.4819999999998723e-05,168.3786,603.1669074000001
373.47,1.4819999999998723e-05,167.38500000000002,603.1669074000001
373.52,1.4819999999998723e-05,167.38500000000002,603.1669074000001
373.57000000000005,0.00019260599999999795,166.3914,603.1669074000001
373.62,0.00037039200000001105,167.38500000000002,601.1780466
373.6700000000001,1.4819999999998723e-05,167.38500000000002,601.1780466
373.72,0.00037039200000001105,168.3786,601.1780466
373.77,0.00037039200000001105,168.3786,603.1669074000001
373.82000000000005,-0.00016296600000001438,166.3914,605.1557682
373.87,0.00019260599999999795,167.38500000000002,603.1669074000001
373.9200000000001,0.00037039200000001105,167.38500000000002,601.1780466
373.97,0.00019260599999999795,165.39780000000002,601.1780466
374.02,0.00019260599999999795,168.3786,603.1669074000001
374.07000000000005,0.00019260599999999795,168.3786,601.1780466
374.12,-0.00016296600000001438,165.39780000000002,605.1557682
374.1700000000001,1.4819999999998723e-05,167.38500000000002,605.1557682
374.22,-0.00016296600000001438,167.38500000000002,605.1557682
374.27,0.00037039200000001105,166.3914,601.1780466
374.32000000000005,0.00019260599999999795,167.38500000000002,603.1669074000001
374.37,1.4819999999998723e-05,166.3914,603.1669074000001
374.4200000000001,0.0005481779999999825,168.3786,601.1780466
374.47,1.4819999999998723e-05,168.3786,605.1557682
374.52,0.00019260599999999795,169.37220000000002,603.1669074000001
374.57000000000005,1.4819999999998723e-05,167.38500000000002,603.1669074000001
374.62,0.00019260599999999795,168.3786,603.1669074000001
374.6700000000001,0.00019260599999999795,169.37220000000002,601.1780466
374.72,1.4819999999998723e-05,166.3914,601.1780466
374.77,1.4819999999998723e-05,166.3914,603.1669074000001
374.82000000000005,0.00019260599999999795,169.37220000000002,603.1669074000001
374.87,1.4819999999998723e-05,168.3786,603.1669074000001
374.9200000000001,0.00019260599999999795,168.3786,605.1557682
374.97,0.00019260599999999795,169.37220000000002,603.1669074000001
375.02,0.00019260599999999795,168.3786,603.1669074000001
375.07000000000005,0.00019260599999999795,168.3786,603.1669074000001
375.121,0.00019260599999999795,167.38500000000002,603.1669074000001
375.17100000000005,0.00019260599999999795,166.3914,601.1780466
375.22,1.4819999999998723e-05,167.38500000000002,603.1669074000001
375.27,-0.00016296600000001438,167.38500000000002,605.1557682
375.32000000000005,0.00019260599999999795,168.3786,603.1669074000001
375.37,0.00019260599999999795,169.37220000000002,603.1669074000001
375.4200000000001,0.00019260599999999795,167.38500000000002,601.1780466
375.471,0.00037039200000001105,168.3786,603.1669074000001
375.5210000000001,0.00019260599999999795,167.38500000000002,603.1669074000001
375.571,0.00019260599999999795,167.38500000000002,605.1557682
375.621,0.00019260599999999795,167.38500000000002,603.1669074000001
375.67100000000005,0.00037039200000001105,166.3914,605.1557682
375.721,0.00019260599999999795,166.3914,605.1557682
375.7710000000001,0.00019260599999999795,167.38500000000002,605.1557682
375.821,1.4819999999998723e-05,167.38500000000002,603.1669074000001
375.871,0.00037039200000001105,168.3786,603.1669074000001
375.92100000000005,0.00037039200000001105,168.3786,603.1669074000001
375.971,0.00019260599999999795,169.37220000000002,605.1557682
376.0210000000001,0.00019260599999999795,166.3914,603.1669074000001
376.071,0.00037039200000001105,168.3786,603.1669074000001
376.121,-0.0003407520000000136,167.38500000000002,607.1446289999999
376.17100000000005,1.4819999999998723e-05,167.38500000000002,605.1557682
376.221,0.00019260599999999795,167.38500000000002,603.1669074000001
376.2710000000001,0.00037039200000001105,167.38500000000002,601.1780466
376.321,1.4819999999998723e-05,166.3914,605.1557682
376.371,-0.00016296600000001438,168.3786,605.1557682
376.42100000000005,0.00019260599999999795,167.38500000000002,603.1669074000001
376.471,0.00019260599999999795,167.38500000000002,603.1669074000001
376.5210000000001,0.00019260599999999795,168.3786,603.1669074000001
376.571,0.00019260599999999795,168.3786,601.1780466
376.621,1.4819999999998723e-05,167.38500000000002,603.1669074000001
376.67100000000005,1.4819999999998723e-05,167.38500000000002,605.1557682
376.721,0.00019260599999999795,168.3786,603.1669074000001
376.7710000000001,-0.00016296600000001438,165.39780000000002,603.1669074000001
376.821,1.4819999999998723e-05,168.3786,603.1669074000001
376.871,0.00019260599999999795,167.38500000000002,603.1669074000001
376.92100000000005,0.00019260599999999795,168.3786,605.1557682
376.971,-0.00016296600000001438,166.3914,603.1669074000001
377.0210000000001,0.00019260599999999795,166.3914,603.1669074000001
377.071,1.4819999999998723e-05,166.3914,603.1669074000001
377.121,1.4819999999998723e-05,166.3914,605.1557682
377.17100000000005,1.4819999999998723e-05,167.38500000000002,605.1557682
377.221,0.00019260599999999795,167.38500000000002,601.1780466
377.2710000000001,0.00019260599999999795,166.3914,603.1669074000001
377.321,-0.0003407520000000136,166.3914,605.1557682
377.371,0.00019260599999999795,168.3786,603.1669074000001
377.42100000000005,0.00019260599999999795,168.3786,603.1669074000001
377.471,-0.0003407520000000136,166.3914,605.1557682
377.5210000000001,-0.0003407520000000136,167.38500000000002,605.1557682
377.571,-0.00016296600000001438,167.38500000000002,603.1669074000001
377.621,0.0005481779999999825,169.37220000000002,601.1780466
377.67100000000005,1.4819999999998723e-05,167.38500000000002,605.1557682
377.721,0.00019260599999999795,168.3786,603.1669074000001
377.7710000000001,-0.00016296600000001438,167.38500000000002,603.1669074000001
377.821,0.00019260599999999795,168.3786,605.1557682
377.871,1.4819999999998723e-05,167.38500000000002,603.1669074000001
377.92100000000005,1.4819999999998723e-05,166.3914,601.1780466
377.971,0.00037039200000001105,168.3786,601.1780466
378.0210000000001,1.4819999999998723e-05,168.3786,605.1557682
378.071,0.00037039200000001105,167.38500000000002,603.1669074000001
378.121,1.4819999999998723e-05,166.3914,601.1780466
378.17100000000005,0.00037039200000001105,168.3786,603.1669074000001
378.221,0.00019260599999999795,167.38500000000002,603.1669074000001
378.27200000000005,0.00019260599999999795,168.3786,605.1557682
378.322,1.4819999999998723e-05,167.38500000000002,601.1780466
378.371,-0.00016296600000001438,167.38500000000002,605.1557682
378.42100000000005,-0.00016296600000001438,166.3914,603.1669074000001
378.471,0.00019260599999999795,168.3786,603.1669074000001
378.5210000000001,1.4819999999998723e-05,167.38500000000002,601.1780466
378.572,1.4819999999998723e-05,167.38500000000002,605.1557682
378.62200000000007,-0.00016296600000001438,166.3914,605.1557682
378.672,1.4819999999998723e-05,167.38500000000002,603.1669074000001
378.72400000000005,-0.0003407520000000136,166.3914,605.1557682
378.77200000000005,0.00037039200000001105,167.38500000000002,603.1669074000001
378.82400000000007,0.00037039200000001105,184.27620000000002,605.1557682
378.87200000000007,0.0007259639999999956,297.5466,601.1780466
378.922,0.00019260599999999795,391.9386,603.1669074000001
378.972,0.00019260599999999795,354.1818,603.1669074000001
379.02200000000005,0.00019260599999999795,339.2778,605.1557682
379.072,0.00019260599999999795,326.361,601.1780466
379.12200000000007,1.4819999999998723e-05,316.425,605.1557682
379.174,0.00019260599999999795,305.49539999999996,603.1669074000001
379.222,0.00019260599999999795,297.5466,601.1780466
379.274,0.00019260599999999795,287.6106,603.1669074000001
379.322,0.00019260599999999795,277.6746,603.1669074000001
379.37200000000007,1.4819999999998723e-05,267.73859999999996,603.1669074000001
379.422,0.00037039200000001105,258.7962,603.1669074000001
379.472,-0.00016296600000001438,247.8666,603.1669074000001
379.52200000000005,1.4819999999998723e-05,237.9306,605.1557682
379.572,0.00019260599999999795,227.99460000000002,603.1669074000001
379.624,0.00037039200000001105,220.0458,603.1669074000001
379.672,1.4819999999998723e-05,209.11620000000002,603.1669074000001
379.72400000000005,1.4819999999998723e-05,200.1738,605.1557682
379.77200000000005,0.00019260599999999795,192.22500000000002,603.1669074000001
379.822,1.4819999999998723e-05,184.27620000000002,603.1669074000001
379.87200000000007,-0.00016296600000001438,176.3274,605.1557682
379.922,1.4819999999998723e-05,173.3466,605.1557682
379.972,-0.00016296600000001438,167.38500000000002,605.1557682
380.02200000000005,1.4819999999998723e-05,163.41060000000002,605.1557682
380.072,0.00037039200000001105,158.4426,601.1780466
380.12200000000007,1.4819999999998723e-05,154.4682,603.1669074000001
380.172,1.4819999999998723e-05,151.4874,603.1669074000001
380.222,-0.00016296600000001438,148.50660000000002,605.1557682
380.27200000000005,1.4819999999998723e-05,146.51940000000002,605.1557682
380.322,-0.00016296600000001438,141.5514,601.1780466
380.37200000000007,0.00037039200000001105,142.54500000000002,601.1780466
380.422,-0.00016296600000001438,139.5642,605.1557682
380.472,-0.00016296600000001438,138.5706,605.1557682
380.52200000000005,1.4819999999998723e-05,138.5706,603.1669074000001
380.572,1.4819999999998723e-05,139.5642,603.1669074000001
380.62200000000007,1.4819999999998723e-05,139.5642,607.1446289999999
380.672,0.00019260599999999795,137.577,603.1669074000001
380.722,1.4819999999998723e-05,138.5706,603.1669074000001
380.77200000000005,1.4819999999998723e-05,137.577,603.1669074000001
380.822,-0.00016296600000001438,139.5642,605.1557682
380.87200000000007,0.0007259639999999956,155.4618,601.1780466
380.922,0.0007259639999999956,263.76419999999996,603.1669074000001
380.97300000000007,1.4819999999998723e-05,347.22659999999996,603.1669074000001
381.023,-0.00016296600000001438,313.44419999999997,599.1891858000001
381.072,0.00019260599999999795,296.553,603.1669074000001
381.12200000000007,1.4819999999998723e-05,279.66179999999997,603.1669074000001
381.172,0.00019260599999999795,269.7258,605.1557682
381.22300000000007,0.00019260599999999795,258.7962,603.1669074000001
381.27200000000005,0.00037039200000001105,248.86020000000002,601.1780466
381.323,1.4819999999998723e-05,237.9306,603.1669074000001
381.37200000000007,0.00037039200000001105,229.98180000000002,603.1669074000001
381.423,1.4819999999998723e-05,219.0522,603.1669074000001
381.47300000000007,1.4819999999998723e-05,209.11620000000002,599.1891858000001
381.523,0.00019260599999999795,202.161,603.1669074000001
381.573,0.00019260599999999795,193.2186,603.1669074000001
381.62200000000007,1.4819999999998723e-05,185.2698,603.1669074000001
381.673,0.00019260599999999795,180.30180000000001,605.1557682
381.72300000000007,-0.00016296600000001438,172.353,603.1669074000001
381.773,0.00037039200000001105,169.37220000000002,601.1780466
381.823,0.00019260599999999795,164.4042,603.1669074000001
381.87300000000005,1.4819999999998723e-05,156.4554,603.1669074000001
381.923,0.00019260599999999795,155.4618,601.1780466
381.97300000000007,1.4819999999998723e-05,153.4746,603.1669074000001
382.023,1.4819999999998723e-05,149.5002,605.1557682
382.073,0.00019260599999999795,149.5002,603.1669074000001
382.12300000000005,-0.0003407520000000136,143.5386,605.1557682
382.173,0.00019260599999999795,142.54500000000002,601.1780466
382.22300000000007,0.00037039200000001105,143.5386,603.1669074000001
382.273,0.00037039200000001105,143.5386,601.1780466
382.323,0.00037039200000001105,141.5514,603.1669074000001
382.37300000000005,1.4819999999998723e-05,141.5514,603.1669074000001
382.423,1.4819999999998723e-05,139.5642,605.1557682
382.47300000000007,0.00019260599999999795,140.55780000000001,603.1669074000001
382.523,0.00019260599999999795,140.55780000000001,601.1780466
382.573,0.00019260599999999795,142.54500000000002,603.1669074000001
382.62300000000005,1.4819999999998723e-05,140.55780000000001,603.1669074000001
382.673,-0.00016296600000001438,142.54500000000002,605.1557682
382.72300000000007,0.00019260599999999795,143.5386,601.1780466
382.773,0.00019260599999999795,143.5386,603.1669074000001
382.823,-0.0003407520000000136,142.54500000000002,603.1669074000001
382.87300000000005,0.00019260599999999795,145.5258,603.1669074000001
382.923,0.00019260599999999795,145.5258,603.1669074000001
382.97300000000007,0.00019260599999999795,148.50660000000002,605.1557682
383.023,1.4819999999998723e-05,149.5002,605.1557682
383.073,0.00019260599999999795,150.49380000000002,601.1780466
383.12300000000005,1.4819999999998723e-05,152.481,605.1557682
383.173,0.00037039200000001105,155.4618,603.1669074000001
383.22300000000007,-0.00016296600000001438,154.4682,603.1669074000001
383.273,0.00019260599999999795,157.449,601.1780466
383.323,-0.00016296600000001438,158.4426,603.1669074000001
383.37300000000005,1.4819999999998723e-05,159.4362,605.1557682
383.423,0.0005481779999999825,161.42340000000002,601.1780466
383.47300000000007,-0.0003407520000000136,162.417,605.1557682
383.523,0.00037039200000001105,165.39780000000002,599.1891858000001
383.573,0.00019260599999999795,165.39780000000002,603.1669074000001
383.62300000000005,1.4819999999998723e-05,165.39780000000002,603.1669074000001
383.673,1.4819999999998723e-05,169.37220000000002,603.1669074000001
383.72300000000007,-0.00016296600000001438,167.38500000000002,603.1669074000001
383.773,0.00019260599999999795,169.37220000000002,603.1669074000001
383.823,0.00019260599999999795,169.37220000000002,601.1780466
383.87300000000005,-0.00016296600000001438,170.3658,605.1557682
383.923,1.4819999999998723e-05,173.3466,603.1669074000001
383.97300000000007,0.00037039200000001105,173.3466,601.1780466
384.023,-0.00016296600000001438,173.3466,603.1669074000001
384.073,0.00019260599999999795,176.3274,605.1557682
384.124,0.00019260599999999795,176.3274,601.1780466
384.173,1.4819999999998723e-05,175.3338,603.1669074000001
384.22300000000007,0.00037039200000001105,178.3146,601.1780466
384.273,1.4819999999998723e-05,178.3146,605.1557682
384.323,0.00019260599999999795,177.321,601.1780466
384.37300000000005,0.00019260599999999795,179.3082,603.1669074000001
384.423,1.4819999999998723e-05,178.3146,603.1669074000001
384.47300000000007,0.00019260599999999795,180.30180000000001,603.1669074000001
384.523,1.4819999999998723e-05,178.3146,605.1557682
384.57400000000007,0.00019260599999999795,178.3146,605.1557682
384.624,-0.00016296600000001438,177.321,603.1669074000001
384.673,0.00019260599999999795,179.3082,603.1669074000001
384.72300000000007,-0.00016296600000001438,177.321,603.1669074000001
384.773,1.4819999999998723e-05,179.3082,603.1669074000001
384.82400000000007,-0.00016296600000001438,177.321,605.1557682
384.874,0.00019260599999999795,179.3082,605.1557682
384.924,-0.00016296600000001438,177.321,605.1557682
384.97400000000005,0.00019260599999999795,177.321,603.1669074000001
385.024,1.4819999999998723e-05,175.3338,603.1669074000001
385.07400000000007,0.00019260599999999795,177.321,603.1669074000001
385.124,-0.00016296600000001438,174.3402,603.1669074000001
385.174,1.4819999999998723e-05,176.3274,603.1669074000001
385.22400000000005,1.4819999999998723e-05,174.3402,603.1669074000001
385.274,1.4819999999998723e-05,174.3402,605.1557682
385.32400000000007,-0.00016296600000001438,173.3466,605.1557682
385.374,1.4819999999998723e-05,174.3402,603.1669074000001
385.424,0.00019260599999999795,172.353,601.1780466
385.47400000000005,0.00019260599999999795,172.353,603.1669074000001
385.524,0.00037039200000001105,171.35940000000002,603.1669074000001
385.57400000000007,0.00019260599999999795,171.35940000000002,601.1780466
385.624,0.00019260599999999795,171.35940000000002,603.1669074000001
385.674,0.00037039200000001105,171.35940000000002,603.1669074000001
385.72400000000005,0.00019260599999999795,168.3786,603.1669074000001
385.774,0.00019260599999999795,170.3658,603.1669074000001
385.82400000000007,1.4819999999998723e-05,168.3786,605.1557682
385.874,1.4819999999998723e-05,168.3786,603.1669074000001
385.924,-0.0003407520000000136,163.41060000000002,603.1669074000001
385.97400000000005,0.00037039200000001105,168.3786,605.1557682
386.024,1.4819999999998723e-05,165.39780000000002,603.1669074000001
386.07400000000007,0.0005481779999999825,166.3914,601.1780466
386.124,-0.00016296600000001438,165.39780000000002,605.1557682
386.174,-0.00016296600000001438,165.39780000000002,607.1446289999999
386.22400000000005,-0.00016296600000001438,164.4042,603.1669074000001
386.274,0.00019260599999999795,166.3914,605.1557682
386.32400000000007,1.4819999999998723e-05,162.417,603.1669074000001
386.374,0.00019260599999999795,162.417,603.1669074000001
386.424,1.4819999999998723e-05,162.417,601.1780466
386.47400000000005,0.00019260599999999795,164.4042,601.1780466
386.524,-0.00016296600000001438,162.417,605.1557682
386.57400000000007,1.4819999999998723e-05,162.417,603.1669074000001
386.624,0.00019260599999999795,161.42340000000002,603.1669074000001
386.674,-0.00016296600000001438,162.417,605.1557682
386.72400000000005,1.4819999999998723e-05,162.417,603.1669074000001
386.774,0.00019260599999999795,162.417,603.1669074000001
386.82400000000007,-0.00016296600000001438,161.42340000000002,605.1557682
386.874,1.4819999999998723e-05,161.42340000000002,601.1780466
386.924,1.4819999999998723e-05,163.41060000000002,603.1669074000001
386.97400000000005,0.00037039200000001105,163.41060000000002,601.1780466
387.024,-0.00016296600000001438,161.42340000000002,605.1557682
387.07400000000007,0.00019260599999999795,165.39780000000002,603.1669074000001
387.124,1.4819999999998723e-05,163.41060000000002,603.1669074000001
387.174,0.00019260599999999795,164.4042,603.1669074000001
387.22400000000005,1.4819999999998723e-05,163.41060000000002,605.1557682
387.274,1.4819999999998723e-05,162.417,605.1557682
387.32400000000007,1.4819999999998723e-05,162.417,603.1669074000001
387.374,0.00019260599999999795,162.417,603.1669074000001
387.424,1.4819999999998723e-05,163.41060000000002,603.1669074000001
387.47400000000005,0.00037039200000001105,165.39780000000002,601.1780466
387.524,-0.00016296600000001438,165.39780000000002,605.1557682
387.57400000000007,0.00019260599999999795,165.39780000000002,603.1669074000001
387.624,1.4819999999998723e-05,164.4042,603.1669074000001
387.674,1.4819999999998723e-05,165.39780000000002,603.1669074000001
387.725,1.4819999999998723e-05,164.4042,603.1669074000001
387.775,1.4819999999998723e-05,163.41060000000002,603.1669074000001
387.82400000000007,1.4819999999998723e-05,166.3914,605.1557682
387.874,-0.00016296600000001438,164.4042,605.1557682
387.924,1.4819999999998723e-05,167.38500000000002,605.1557682
387.975,1.4819999999998723e-05,167.38500000000002,605.1557682
388.025,-0.00016296600000001438,165.39780000000002,601.1780466
388.07500000000005,1.4819999999998723e-05,165.39780000000002,601.1780466
388.125,1.4819999999998723e-05,166.3914,601.1780466
388.17500000000007,0.00037039200000001105,168.3786,601.1780466
388.225,0.00019260599999999795,167.38500000000002,599.1891858000001
388.275,0.0005481779999999825,167.38500000000002,601.1780466
388.32500000000005,0.00019260599999999795,168.3786,601.1780466
388.375,-0.00016296600000001438,169.37220000000002,607.1446289999999
388.42500000000007,0.00037039200000001105,168.3786,601.1780466
388.475,1.4819999999998723e-05,168.3786,603.1669074000001
388.525,0.00037039200000001105,168.3786,601.1780466
388.57500000000005,1.4819999999998723e-05,169.37220000000002,605.1557682
388.625,0.00019260599999999795,168.3786,601.1780466
388.67500000000007,1.4819999999998723e-05,166.3914,601.1780466
388.725,-0.00016296600000001438,168.3786,605.1557682
388.775,1.4819999999998723e-05,168.3786,603.1669074000001
388.82500000000005,-0.00016296600000001438,168.3786,605.1557682
388.875,1.4819999999998723e-05,168.3786,605.1557682
388.92500000000007,-0.00016296600000001438,168.3786,605.1557682
388.975,0.00037039200000001105,170.3658,601.1780466
389.025,-0.00016296600000001438,167.38500000000002,601.1780466
389.07500000000005,0.00019260599999999795,168.3786,603.1669074000001
389.125,1.4819999999998723e-05,169.37220000000002,601.1780466
389.17500000000007,0.00019260599999999795,168.3786,601.1780466
389.225,1.4819999999998723e-05,169.37220000000002,605.1557682
389.275,1.4819999999998723e-05,169.37220000000002,601.1780466
389.32500000000005,0.00019260599999999795,169.37220000000002,603.1669074000001
389.375,1.4819999999998723e-05,167.38500000000002,603.1669074000001
389.42500000000007,1.4819999999998723e-05,168.3786,603.1669074000001
389.475,1.4819999999998723e-05,167.38500000000002,603.1669074000001
389.525,0.00037039200000001105,169.37220000000002,603.1669074000001
389.57500000000005,-0.00016296600000001438,168.3786,603.1669074000001
389.625,0.00019260599999999795,167.38500000000002,601.1780466
389.67500000000007,0.00037039200000001105,169.37220000000002,601.1780466
389.725,1.4819999999998723e-05,169.37220000000002,603.1669074000001
389.775,1.4819999999998723e-05,168.3786,603.1669074000001
389.82500000000005,0.00019260599999999795,168.3786,601.1780466
389.875,0.00037039200000001105,168.3786,601.1780466
389.92500000000007,1.4819999999998723e-05,169.37220000000002,603.1669074000001
389.975,0.00019260599999999795,167.38500000000002,603.1669074000001
390.025,1.4819999999998723e-05,167.38500000000002,603.1669074000001
390.07500000000005,1.4819999999998723e-05,167.38500000000002,603.1669074000001
390.125,0.00019260599999999795,168.3786,601.1780466
390.17500000000007,0.00019260599999999795,166.3914,605.1557682
390.225,1.4819999999998723e-05,166.3914,605.1557682
390.275,1.4819999999998723e-05,167.38500000000002,603.1669074000001
390.32500000000005,1.4819999999998723e-05,166.3914,603.1669074000001
390.375,1.4819999999998723e-05,166.3914,603.1669074000001
390.42500000000007,0.00037039200000001105,168.3786,603.1669074000001
390.475,0.00019260599999999795,167.38500000000002,603.1669074000001
390.525,0.00019260599999999795,168.3786,603.1669074000001
390.57500000000005,1.4819999999998723e-05,165.39780000000002,603.1669074000001
390.625,1.4819999999998723e-05,164.4042,605.1557682
390.67500000000007,1.4819999999998723e-05,166.3914,605.1557682
390.725,0.00019260599999999795,166.3914,601.1780466
390.775,-0.00016296600000001438,166.3914,605.1557682
390.82500000000005,1.4819999999998723e-05,166.3914,603.1669074000001
390.876,1.4819999999998723e-05,167.38500000000002,605.1557682
390.92600000000004,1.4819999999998723e-05,166.3914,605.1557682
390.975,0.00037039200000001105,168.3786,603.1669074000001
391.025,1.4819999999998723e-05,165.39780000000002,603.1669074000001
391.076,1.4819999999998723e-05,167.38500000000002,603.1669074000001
391.126,1.4819999999998723e-05,166.3914,603.1669074000001
391.17600000000004,0.00037039200000001105,168.3786,601.1780466
391.226,-0.00016296600000001438,166.3914,605.1557682
391.27600000000007,1.4819999999998723e-05,166.3914,603.1669074000001
391.326,-0.00016296600000001438,166.3914,605.1557682
391.376,0.00019260599999999795,166.3914,603.1669074000001
391.42600000000004,-0.00016296600000001438,164.4042,603.1669074000001
391.476,1.4819999999998723e-05,166.3914,605.1557682
391.52600000000007,0.00019260599999999795,167.38500000000002,603.1669074000001
391.576,1.4819999999998723e-05,167.38500000000002,603.1669074000001
391.626,0.00019260599999999795,167.38500000000002,603.1669074000001
391.67600000000004,0.00037039200000001105,167.38500000000002,601.1780466
391.726,0.00019260599999999795,168.3786,603.1669074000001
391.77600000000007,0.00019260599999999795,167.38500000000002,605.1557682
391.826,0.00019260599999999795,167.38500000000002,601.1780466
391.876,1.4819999999998723e-05,166.3914,605.1557682
391.92600000000004,1.4819999999998723e-05,166.3914,601.1780466
391.976,0.00019260599999999795,168.3786,601.1780466
392.02600000000007,1.4819999999998723e-05,168.3786,605.1557682
392.076,1.4819999999998723e-05,167.38500000000002,601.1780466
392.126,0.00037039200000001105,167.38500000000002,601.1780466
392.17600000000004,1.4819999999998723e-05,167.38500000000002,605.1557682
392.226,1.4819999999998723e-05,167.38500000000002,605.1557682
392.27600000000007,1.4819999999998723e-05,167.38500000000002,605.1557682
392.326,1.4819999999998723e-05,167.38500000000002,603.1669074000001
392.376,0.00019260599999999795,166.3914,601.1780466
392.42600000000004,0.00019260599999999795,169.37220000000002,603.1669074000001
392.476,1.4819999999998723e-05,169.37220000000002,603.1669074000001
392.52600000000007,1.4819999999998723e-05,168.3786,603.1669074000001
392.576,-0.00016296600000001438,165.39780000000002,601.1780466
392.626,0.00019260599999999795,167.38500000000002,601.1780466
392.67600000000004,-0.00016296600000001438,166.3914,605.1557682
392.726,1.4819999999998723e-05,167.38500000000002,603.1669074000001
392.77600000000007,0.00019260599999999795,167.38500000000002,603.1669074000001
392.826,1.4819999999998723e-05,167.38500000000002,603.1669074000001
392.876,0.00019260599999999795,168.3786,603.1669074000001
392.92600000000004,-0.00016296600000001438,166.3914,603.1669074000001
392.976,-0.00016296600000001438,166.3914,603.1669074000001
393.02600000000007,0.00019260599999999795,168.3786,603.1669074000001
393.076,0.00019260599999999795,168.3786,601.1780466
393.126,1.4819999999998723e-05,167.38500000000002,607.1446289999999
393.17600000000004,-0.00016296600000001438,165.39780000000002,603.1669074000001
393.226,0.00019260599999999795,167.38500000000002,601.1780466
393.27600000000007,1.4819999999998723e-05,167.38500000000002,603.1669074000001
393.326,0.00019260599999999795,168.3786,605.1557682
393.376,0.00019260599999999795,168.3786,603.1669074000001
393.42600000000004,1.4819999999998723e-05,167.38500000000002,603.1669074000001
393.476,-0.00016296600000001438,166.3914,605.1557682
393.52600000000007,1.4819999999998723e-05,167.38500000000002,603.1669074000001
393.576,0.00019260599999999795,168.3786,603.1669074000001
393.626,-0.00016296600000001438,166.3914,601.1780466
393.67600000000004,0.00037039200000001105,169.37220000000002,603.1669074000001
393.726,1.4819999999998723e-05,166.3914,603.1669074000001
393.77600000000007,1.4819999999998723e-05,166.3914,603.1669074000001
393.826,-0.0003407520000000136,166.3914,605.1557682
393.876,1.4819999999998723e-05,166.3914,601.1780466
393.92600000000004,0.00019260599999999795,167.38500000000002,601.1780466
393.976,1.4819999999998723e-05,167.38500000000002,603.1669074000001
394.02700000000004,1.4819999999998723e-05,168.3786,605.1557682
394.077,0.00019260599999999795,169.37220000000002,603.1669074000001
394.126,0.00019260599999999795,166.3914,605.1557682
394.17600000000004,1.4819999999998723e-05,169.37220000000002,605.1557682
394.227,1.4819999999998723e-05,168.3786,603.1669074000001
394.27700000000004,0.00019260599999999795,169.37220000000002,603.1669074000001
394.327,-0.00016296600000001438,166.3914,603.1669074000001
394.37700000000007,-0.00016296600000001438,167.38500000000002,607.1446289999999
394.427,-0.00016296600000001438,166.3914,605.1557682
394.477,0.00019260599999999795,168.3786,603.1669074000001
394.52700000000004,1.4819999999998723e-05,167.38500000000002,605.1557682
394.577,1.4819999999998723e-05,166.3914,603.1669074000001
394.62700000000007,-0.00016296600000001438,168.3786,605.1557682
394.677,-0.00016296600000001438,167.38500000000002,603.1669074000001
394.727,1.4819999999998723e-05,167.38500000000002,603.1669074000001
394.77700000000004,1.4819999999998723e-05,167.38500000000002,603.1669074000001
394.827,1.4819999999998723e-05,167.38500000000002,605.1557682
394.87700000000007,-0.00016296600000001438,166.3914,605.1557682
394.927,0.00037039200000001105,168.3786,605.1557682
394.977,0.00037039200000001105,169.37220000000002,603.1669074000001
395.02700000000004,1.4819999999998723e-05,166.3914,603.1669074000001
395.077,1.4819999999998723e-05,167.38500000000002,603.1669074000001
395.12700000000007,1.4819999999998723e-05,166.3914,603.1669074000001
395.177,0.00019260599999999795,169.37220000000002,603.1669074000001
395.227,1.4819999999998723e-05,168.3786,603.1669074000001
395.27700000000004,1.4819999999998723e-05,168.3786,605.1557682
395.327,1.4819999999998723e-05,167.38500000000002,603.1669074000001
395.37700000000007,0.00037039200000001105,169.37220000000002,603.1669074000001
395.427,1.4819999999998723e-05,165.39780000000002,603.1669074000001
395.477,0.00037039200000001105,167.38500000000002,601.1780466
395.52700000000004,1.4819999999998723e-05,166.3914,603.1669074000001
395.577,1.4819999999998723e-05,167.38500000000002,603.1669074000001
395.62700000000007,1.4819999999998723e-05,165.39780000000002,603.1669074000001
395.677,0.00019260599999999795,168.3786,603.1669074000001
395.727,0.00019260599999999795,167.38500000000002,599.1891858000001
395.77700000000004,1.4819999999998723e-05,167.38500000000002,603.1669074000001
395.827,-0.00016296600000001438,167.38500000000002,605.1557682
395.87700000000007,1.4819999999998723e-05,166.3914,603.1669074000001
395.927,0.00019260599999999795,167.38500000000002,601.1780466
395.977,0.00019260599999999795,166.3914,603.1669074000001
396.02700000000004,0.00037039200000001105,169.37220000000002,603.1669074000001
396.077,-0.00016296600000001438,166.3914,603.1669074000001
396.12700000000007,-0.00016296600000001438,167.38500000000002,607.1446289999999
396.177,0.00019260599999999795,167.38500000000002,605.1557682
396.227,0.00019260599999999795,168.3786,601.1780466
396.27700000000004,-0.00016296600000001438,165.39780000000002,601.1780466
396.327,0.00019260599999999795,167.38500000000002,603.1669074000001
396.37700000000007,1.4819999999998723e-05,167.38500000000002,603.1669074000001
396.427,1.4819999999998723e-05,167.38500000000002,603.1669074000001
396.477,1.4819999999998723e-05,165.39780000000002,603.1669074000001
396.52700000000004,-0.00016296600000001438,167.38500000000002,603.1669074000001
396.577,1.4819999999998723e-05,168.3786,603.1669074000001
396.62700000000007,0.00019260599999999795,167.38500000000002,603.1669074000001
396.677,1.4819999999998723e-05,165.39780000000002,601.1780466
396.72800000000007,1.4819999999998723e-05,167.38500000000002,603.1669074000001
396.77700000000004,0.00019260599999999795,169.37220000000002,607.1446289999999
396.827,0.00019260599999999795,169.37220000000002,603.1669074000001
396.87700000000007,-0.00016296600000001438,168.3786,605.1557682
396.927,1.4819999999998723e-05,168.3786,605.1557682
396.977,0.00019260599999999795,168.3786,603.1669074000001
397.02700000000004,1.4819999999998723e-05,167.38500000000002,603.1669074000001
397.077,0.00019260599999999795,168.3786,603.1669074000001
397.12800000000004,0.0005481779999999825,170.3658,601.1780466
397.178,0.00019260599999999795,167.38500000000002,599.1891858000001
397.22800000000007,1.4819999999998723e-05,167.38500000000002,603.1669074000001
397.27700000000004,0.00019260599999999795,167.38500000000002,603.1669074000001
397.328,0.00019260599999999795,167.38500000000002,603.1669074000001
397.37800000000004,1.4819999999998723e-05,169.37220000000002,603.1669074000001
397.428,1.4819999999998723e-05,168.3786,605.1557682
397.47800000000007,1.4819999999998723e-05,169.37220000000002,605.1557682
397.528,0.00019260599999999795,168.3786,603.1669074000001
397.578,0.00019260599999999795,168.3786,605.1557682
397.62800000000004,0.00019260599999999795,167.38500000000002,603.1669074000001
397.678,0.00019260599999999795,169.37220000000002,605.1557682
397.72800000000007,-0.0003407520000000136,167.38500000000002,605.1557682
397.778,1.4819999999998723e-05,168.3786,603.1669074000001
397.828,-0.00016296600000001438,166.3914,603.1669074000001
397.87800000000004,1.4819999999998723e-05,168.3786,603.1669074000001
397.928,0.00019260599999999795,169.37220000000002,603.1669074000001
397.97800000000007,1.4819999999998723e-05,169.37220000000002,605.1557682
398.028,0.00019260599999999795,167.38500000000002,603.1669074000001
398.078,1.4819999999998723e-05,165.39780000000002,603.1669074000001
398.12800000000004,0.00037039200000001105,168.3786,601.1780466
398.178,0.00019260599999999795,167.38500000000002,603.1669074000001
398.22800000000007,-0.00016296600000001438,167.38500000000002,603.1669074000001
398.278,0.00037039200000001105,168.3786,603.1669074000001
398.328,0.00019260599999999795,168.3786,603.1669074000001
398.37800000000004,0.00019260599999999795,168.3786,603.1669074000001
398.428,1.4819999999998723e-05,168.3786,603.1669074000001
398.47800000000007,1.4819999999998723e-05,167.38500000000002,603.1669074000001
398.528,0.00037039200000001105,167.38500000000002,599.1891858000001
398.578,0.00019260599999999795,167.38500000000002,605.1557682
398.62800000000004,-0.00016296600000001438,167.38500000000002,603.1669074000001
398.678,0.00019260599999999795,165.39780000000002,603.1669074000001
398.72800000000007,1.4819999999998723e-05,166.3914,601.1780466
398.778,0.00019260599999999795,169.37220000000002,603.1669074000001
398.828,0.00019260599999999795,168.3786,603.1669074000001
398.87800000000004,-0.00016296600000001438,165.39780000000002,601.1780466
398.928,-0.0003407520000000136,167.38500000000002,605.1557682
398.97800000000007,0.00019260599999999795,167.38500000000002,599.1891858000001
399.028,-0.00016296600000001438,166.3914,603.1669074000001
399.078,0.00037039200000001105,168.3786,603.1669074000001
399.12800000000004,1.4819999999998723e-05,165.39780000000002,603.1669074000001
399.178,1.4819999999998723e-05,167.38500000000002,603.1669074000001
399.22800000000007,1.4819999999998723e-05,166.3914,603.1669074000001
399.278,-0.00016296600000001438,166.3914,601.1780466
399.328,-0.00016296600000001438,165.39780000000002,603.1669074000001
399.37800000000004,0.00019260599999999795,167.38500000000002,603.1669074000001
399.428,0.00019260599999999795,168.3786,603.1669074000001
399.47800000000007,1.4819999999998723e-05,168.3786,605.1557682
399.528,-0.00016296600000001438,166.3914,603.1669074000001
399.578,1.4819999999998723e-05,166.3914,601.1780466
399.62800000000004,0.00019260599999999795,167.38500000000002,603.1669074000001
399.678,1.4819999999998723e-05,166.3914,601.1780466
399.72800000000007,0.00037039200000001105,167.38500000000002,601.1780466
399.778,-0.00016296600000001438,167.38500000000002,605.1557682
399.82900000000006,0.00037039200000001105,168.3786,601.1780466
399.879,-0.00016296600000001438,166.3914,603.1669074000001
399.928,1.4819999999998723e-05,167.38500000000002,605.1557682
399.97800000000007,1.4819999999998723e-05,166.3914,603.1669074000001
400.028,1.4819999999998723e-05,167.38500000000002,603.1669074000001
400.078,0.00037039200000001105,168.3786,603.1669074000001
400.12800000000004,1.4819999999998723e-05,169.37220000000002,605.1557682
400.178,1.4819999999998723e-05,167.38500000000002,603.1669074000001
400.22800000000007,0.00019260599999999795,167.38500000000002,603.1669074000001
400.279,1.4819999999998723e-05,165.39780000000002,601.1780466
400.32900000000006,-0.00016296600000001438,166.3914,603.1669074000001
400.37800000000004,0.00019260599999999795,166.3914,603.1669074000001
400.428,0.00019260599999999795,167.38500000000002,603.1669074000001
400.47900000000004,1.4819999999998723e-05,168.3786,603.1669074000001
400.529,0.00019260599999999795,168.3786,603.1669074000001
400.57900000000006,0.00037039200000001105,169.37220000000002,603.1669074000001
400.629,1.4819999999998723e-05,167.38500000000002,603.1669074000001
400.679,1.4819999999998723e-05,166.3914,605.1557682
400.72900000000004,0.00019260599999999795,167.38500000000002,601.1780466
400.779,-0.00016296600000001438,167.38500000000002,605.1557682
400.82900000000006,1.4819999999998723e-05,167.38500000000002,605.1557682
400.879,0.00019260599999999795,167.38500000000002,603.1669074000001
400.929,0.00037039200000001105,167.38500000000002,601.1780466
400.97900000000004,0.00019260599999999795,168.3786,605.1557682
401.029,1.4819999999998723e-05,166.3914,603.1669074000001
401.07900000000006,0.00019260599999999795,167.38500000000002,603.1669074000001
401.129,0.00019260599999999795,168.3786,605.1557682
401.179,0.00019260599999999795,168.3786,603.1669074000001
401.22900000000004,-0.0005185379999999989,165.39780000000002,605.1557682
401.279,-0.00016296600000001438,167.38500000000002,605.1557682
401.32900000000006,1.4819999999998723e-05,166.3914,603.1669074000001
401.379,0.00019260599999999795,167.38500000000002,605.1557682
401.429,0.00019260599999999795,167.38500000000002,605.1557682
401.47900000000004,0.00019260599999999795,167.38500000000002,601.1780466
401.529,1.4819999999998723e-05,168.3786,603.1669074000001
401.57900000000006,-0.00016296600000001438,166.3914,605.1557682
401.629,-0.00016296600000001438,165.39780000000002,603.1669074000001
401.679,1.4819999999998723e-05,168.3786,603.1669074000001
401.72900000000004,1.4819999999998723e-05,166.3914,603.1669074000001
401.779,-0.00016296600000001438,167.38500000000002,605.1557682
401.82900000000006,0.00019260599999999795,168.3786,601.1780466
401.879,1.4819999999998723e-05,168.3786,603.1669074000001
401.929,1.4819999999998723e-05,167.38500000000002,605.1557682
401.97900000000004,0.00019260599999999795,168.3786,603.1669074000001
402.029,-0.00016296600000001438,167.38500000000002,605.1557682
402.07900000000006,0.00019260599999999795,167.38500000000002,603.1669074000001
402.129,-0.00016296600000001438,167.38500000000002,603.1669074000001
402.179,1.4819999999998723e-05,168.3786,605.1557682
402.22900000000004,1.4819999999998723e-05,167.38500000000002,603.1669074000001
402.279,-0.00016296600000001438,167.38500000000002,605.1557682
402.32900000000006,1.4819999999998723e-05,168.3786,603.1669074000001
402.379,1.4819999999998723e-05,168.3786,605.1557682
402.429,1.4819999999998723e-05,166.3914,605.1557682
402.47900000000004,0.00019260599999999795,167.38500000000002,601.1780466
402.529,1.4819999999998723e-05,167.38500000000002,601.1780466
402.57900000000006,-0.0003407520000000136,168.3786,605.1557682
402.629,1.4819999999998723e-05,168.3786,605.1557682
402.679,-0.00016296600000001438,167.38500000000002,607.1446289999999
402.72900000000004,-0.00016296600000001438,166.3914,607.1446289999999
402.779,0.00019260599999999795,168.3786,603.1669074000001
402.82900000000006,0.00019260599999999795,167.38500000000002,603.1669074000001
402.879,1.4819999999998723e-05,169.37220000000002,603.1669074000001
402.929,1.4819999999998723e-05,168.3786,603.1669074000001
402.98,-0.00016296600000001438,166.3914,603.1669074000001
403.029,1.4819999999998723e-05,168.3786,603.1669074000001
403.07900000000006,1.4819999999998723e-05,168.3786,601.1780466
403.129,0.00019260599999999795,167.38500000000002,601.1780466
403.179,1.4819999999998723e-05,167.38500000000002,605.1557682
403.22900000000004,-0.00016296600000001438,165.39780000000002,605.1557682
403.279,-0.00016296600000001438,165.39780000000002,603.1669074000001
403.32900000000006,-0.00016296600000001438,166.3914,605.1557682
403.379,1.4819999999998723e-05,168.3786,605.1557682
403.43000000000006,1.4819999999998723e-05,169.37220000000002,603.1669074000001
403.48,1.4819999999998723e-05,165.39780000000002,601.1780466
403.529,0.00019260599999999795,168.3786,601.1780466
403.58000000000004,-0.00016296600000001438,168.3786,605.1557682
403.63,0.00019260599999999795,168.3786,601.1780466
403.68000000000006,1.4819999999998723e-05,167.38500000000002,605.1557682
403.73,1.4819999999998723e-05,167.38500000000002,605.1557682
403.78,-0.00016296600000001438,166.3914,603.1669074000001
403.83000000000004,0.00019260599999999795,168.3786,601.1780466
403.88,0.00019260599999999795,169.37220000000002,603.1669074000001
403.93000000000006,1.4819999999998723e-05,168.3786,603.1669074000001
403.98,-0.00016296600000001438,167.38500000000002,605.1557682
404.03,-0.0003407520000000136,166.3914,605.1557682
404.08000000000004,1.4819999999998723e-05,169.37220000000002,605.1557682
404.13,-0.00016296600000001438,166.3914,603.1669074000001
404.18000000000006,1.4819999999998723e-05,167.38500000000002,603.1669074000001
404.23,0.00019260599999999795,168.3786,603.1669074000001
404.28,1.4819999999998723e-05,167.38500000000002,607.1446289999999
404.33000000000004,-0.0003407520000000136,165.39780000000002,603.1669074000001
404.38,1.4819999999998723e-05,167.38500000000002,601.1780466
404.43000000000006,-0.00016296600000001438,167.38500000000002,605.1557682
404.48,0.00019260599999999795,169.37220000000002,603.1669074000001
404.53,0.00019260599999999795,167.38500000000002,601.1780466
404.58000000000004,1.4819999999998723e-05,165.39780000000002,603.1669074000001
404.63,0.00019260599999999795,167.38500000000002,601.1780466
404.68000000000006,1.4819999999998723e-05,167.38500000000002,603.1669074000001
404.73,1.4819999999998723e-05,166.3914,603.1669074000001
404.78,1.4819999999998723e-05,165.39780000000002,601.1780466
404.83000000000004,0.00019260599999999795,167.38500000000002,603.1669074000001
404.88,0.00037039200000001105,169.37220000000002,603.1669074000001
404.93000000000006,-0.00016296600000001438,166.3914,603.1669074000001
404.98,1.4819999999998723e-05,167.38500000000002,601.1780466
405.03,-0.00016296600000001438,168.3786,605.1557682
405.08000000000004,1.4819999999998723e-05,168.3786,605.1557682
405.13,-0.00016296600000001438,168.3786,605.1557682
405.18000000000006,0.00019260599999999795,166.3914,601.1780466
405.23,-0.00016296600000001438,166.3914,603.1669074000001
405.28,-0.00016296600000001438,165.39780000000002,601.1780466
405.33000000000004,0.00019260599999999795,167.38500000000002,601.1780466
405.38,-0.00016296600000001438,168.3786,603.1669074000001
405.43000000000006,1.4819999999998723e-05,167.38500000000002,603.1669074000001
405.48,0.00019260599999999795,168.3786,605.1557682
405.53,1.4819999999998723e-05,167.38500000000002,603.1669074000001
405.58000000000004,0.00019260599999999795,167.38500000000002,603.1669074000001
405.63,0.00019260599999999795,170.3658,605.1557682
405.68000000000006,1.4819999999998723e-05,166.3914,601.1780466
405.73,0.00019260599999999795,165.39780000000002,601.1780466
405.78,-0.00016296600000001438,166.3914,605.1557682
405.83000000000004,0.00019260599999999795,167.38500000000002,603.1669074000001
405.88,0.00019260599999999795,169.37220000000002,603.1669074000001
405.93000000000006,-0.0003407520000000136,167.38500000000002,607.1446289999999
405.98,1.4819999999998723e-05,169.37220000000002,605.1557682
406.03,1.4819999999998723e-05,167.38500000000002,605.1557682
406.08000000000004,0.00019260599999999795,168.3786,601.1780466
406.13,-0.0003407520000000136,166.3914,605.1557682
406.18000000000006,1.4819999999998723e-05,166.3914,603.1669074000001
406.23,1.4819999999998723e-05,167.38500000000002,605.1557682
406.28,1.4819999999998723e-05,167.38500000000002,605.1557682
406.33000000000004,0.00037039200000001105,168.3786,603.1669074000001
406.38,0.00019260599999999795,167.38500000000002,603.1669074000001
406.43000000000006,1.4819999999998723e-05,167.38500000000002,603.1669074000001
406.48,0.00019260599999999795,169.37220000000002,603.1669074000001
406.53,1.4819999999998723e-05,167.38500000000002,603.1669074000001
406.581,0.00019260599999999795,167.38500000000002,603.1669074000001
406.631,-0.00016296600000001438,167.38500000000002,603.1669074000001
406.68000000000006,1.4819999999998723e-05,167.38500000000002,603.1669074000001
406.731,0.00019260599999999795,168.3786,605.1557682
406.78100000000006,0.00019260599999999795,168.3786,603.1669074000001
406.831,0.00019260599999999795,168.3786,601.1780466
406.881,0.00019260599999999795,167.38500000000002,603.1669074000001
406.93100000000004,0.00019260599999999795,168.3786,601.1780466
406.981,0.00037039200000001105,168.3786,601.1780466
407.03100000000006,0.00037039200000001105,168.3786,601.1780466
407.081,-0.00016296600000001438,165.39780000000002,601.1780466
407.131,1.4819999999998723e-05,167.38500000000002,605.1557682
407.18100000000004,-0.00016296600000001438,167.38500000000002,605.1557682
407.231,1.4819999999998723e-05,167.38500000000002,605.1557682
407.28100000000006,-0.00016296600000001438,168.3786,603.1669074000001
407.331,0.00037039200000001105,167.38500000000002,603.1669074000001
407.381,1.4819999999998723e-05,166.3914,603.1669074000001
407.43100000000004,1.4819999999998723e-05,167.38500000000002,603.1669074000001
407.481,0.00019260599999999795,167.38500000000002,603.1669074000001
407.53100000000006,0.00019260599999999795,167.38500000000002,603.1669074000001
407.581,0.00019260599999999795,168.3786,603.1669074000001
407.631,1.4819999999998723e-05,167.38500000000002,603.1669074000001
407.68100000000004,1.4819999999998723e-05,168.3786,603.1669074000001
407.731,1.4819999999998723e-05,167.38500000000002,603.1669074000001
407.78100000000006,1.4819999999998723e-05,167.38500000000002,603.1669074000001
407.831,1.4819999999998723e-05,168.3786,605.1557682
407.881,-0.0003407520000000136,167.38500000000002,605.1557682
407.93100000000004,1.4819999999998723e-05,169.37220000000002,605.1557682
407.981,-0.00016296600000001438,167.38500000000002,603.1669074000001
408.03100000000006,0.00019260599999999795,168.3786,601.1780466
408.081,1.4819999999998723e-05,167.38500000000002,603.1669074000001
408.131,-0.00016296600000001438,168.3786,607.1446289999999
408.18100000000004,0.00019260599999999795,168.3786,603.1669074000001
408.231,0.00037039200000001105,167.38500000000002,603.1669074000001
408.28100000000006,0.00019260599999999795,168.3786,603.1669074000001
408.331,0.00019260599999999795,167.38500000000002,601.1780466
408.381,0.00019260599999999795,169.37220000000002,603.1669074000001
408.43100000000004,0.00019260599999999795,168.3786,601.1780466
408.481,-0.00016296600000001438,168.3786,605.1557682
408.53100000000006,0.00019260599999999795,168.3786,603.1669074000001
408.581,0.00019260599999999795,168.3786,605.1557682
408.631,0.00019260599999999795,169.37220000000002,605.1557682
408.68100000000004,1.4819999999998723e-05,167.38500000000002,603.1669074000001
408.731,1.4819999999998723e-05,168.3786,605.1557682
408.78100000000006,0.00019260599999999795,167.38500000000002,601.1780466
408.831,1.4819999999998723e-05,168.3786,601.1780466
408.881,0.00019260599999999795,167.38500000000002,603.1669074000001
408.93100000000004,0.00019260599999999795,166.3914,603.1669074000001
408.981,1.4819999999998723e-05,168.3786,603.1669074000001
409.03100000000006,-0.00016296600000001438,168.3786,603.1669074000001
409.081,0.00019260599999999795,168.3786,603.1669074000001
409.131,1.4819999999998723e-05,167.38500000000002,603.1669074000001
409.18100000000004,0.00019260599999999795,167.38500000000002,603.1669074000001
409.231,1.4819999999998723e-05,168.3786,605.1557682
409.28200000000004,-0.00016296600000001438,167.38500000000002,605.1557682
409.331,-0.0005185379999999989,164.4042,603.1669074000001
409.381,-0.00016296600000001438,168.3786,605.1557682
409.43100000000004,0.00037039200000001105,169.37220000000002,603.1669074000001
409.481,1.4819999999998723e-05,167.38500000000002,603.1669074000001
409.53100000000006,0.00019260599999999795,168.3786,601.1780466
409.581,0.00019260599999999795,166.3914,601.1780466
409.631,0.00019260599999999795,166.3914,603.1669074000001
409.68100000000004,1.4819999999998723e-05,167.38500000000002,603.1669074000001
409.73199999999997,1.4819999999998723e-05,167.38500000000002,603.1669074000001
409.78200000000004,1.4819999999998723e-05,167.38500000000002,603.1669074000001
409.832,0.00019260599999999795,167.38500000000002,603.1669074000001
409.88200000000006,1.4819999999998723e-05,169.37220000000002,605.1557682
409.932,1.4819999999998723e-05,167.38500000000002,603.1669074000001
409.98199999999997,0.00037039200000001105,169.37220000000002,601.1780466
410.03200000000004,1.4819999999998723e-05,166.3914,601.1780466
410.082,-0.00016296600000001438,169.37220000000002,603.1669074000001
410.13200000000006,1.4819999999998723e-05,167.38500000000002,603.1669074000001
410.182,-0.00016296600000001438,166.3914,605.1557682
410.23199999999997,0.00037039200000001105,167.38500000000002,601.1780466
410.28200000000004,-0.00016296600000001438,167.38500000000002,601.1780466
410.332,0.00019260599999999795,169.37220000000002,603.1669074000001
410.38200000000006,0.00037039200000001105,170.3658,601.1780466
410.432,0.00019260599999999795,168.3786,603.1669074000001
410.48199999999997,-0.00016296600000001438,169.37220000000002,603.1669074000001
410.53200000000004,-0.00016296600000001438,166.3914,605.1557682
410.582,1.4819999999998723e-05,167.38500000000002,605.1557682
410.63200000000006,0.00019260599999999795,166.3914,605.1557682
410.682,0.00019260599999999795,167.38500000000002,601.1780466
410.73199999999997,0.00037039200000001105,168.3786,603.1669074000001
410.78200000000004,0.00019260599999999795,167.38500000000002,603.1669074000001
410.832,-0.0003407520000000136,166.3914,605.1557682
410.88200000000006,-0.0003407520000000136,167.38500000000002,605.1557682
410.932,1.4819999999998723e-05,168.3786,605.1557682
410.98199999999997,0.00019260599999999795,168.3786,601.1780466
411.03200000000004,0.00019260599999999795,167.38500000000002,603.1669074000001
411.082,-0.00016296600000001438,165.39780000000002,603.1669074000001
411.13200000000006,0.00019260599999999795,168.3786,603.1669074000001
411.182,0.00019260599999999795,167.38500000000002,601.1780466
411.23199999999997,0.00019260599999999795,167.38500000000002,603.1669074000001
411.28200000000004,1.4819999999998723e-05,167.38500000000002,603.1669074000001
411.332,0.00019260599999999795,168.3786,603.1669074000001
411.38200000000006,0.00019260599999999795,167.38500000000002,603.1669074000001
411.432,0.00037039200000001105,169.37220000000002,603.1669074000001
411.48199999999997,-0.00016296600000001438,167.38500000000002,605.1557682
411.53200000000004,0.00037039200000001105,168.3786,603.1669074000001
411.582,0.00019260599999999795,166.3914,603.1669074000001
411.63200000000006,-0.00016296600000001438,168.3786,605.1557682
411.682,0.00019260599999999795,166.3914,603.1669074000001
411.73199999999997,1.4819999999998723e-05,167.38500000000002,603.1669074000001
411.78200000000004,1.4819999999998723e-05,168.3786,605.1557682
411.832,1.4819999999998723e-05,167.38500000000002,605.1557682
411.88200000000006,0.00019260599999999795,168.3786,603.1669074000001
411.932,0.00037039200000001105,168.3786,601.1780466
411.98199999999997,0.00019260599999999795,167.38500000000002,605.1557682
412.03200000000004,-0.00016296600000001438,164.4042,601.1780466
412.082,0.00019260599999999795,167.38500000000002,601.1780466
412.13200000000006,0.00019260599999999795,168.3786,601.1780466
412.182,0.00019260599999999795,168.3786,603.1669074000001
412.23199999999997,-0.00016296600000001438,166.3914,603.1669074000001
412.28200000000004,1.4819999999998723e-05,167.38500000000002,601.1780466
412.332,1.4819999999998723e-05,168.3786,605.1557682
412.38200000000006,0.00019260599999999795,167.38500000000002,603.1669074000001
412.433,0.00037039200000001105,168.3786,601.1780466
412.48199999999997,-0.00016296600000001438,166.3914,603.1669074000001
412.53200000000004,1.4819999999998723e-05,168.3786,601.1780466
412.582,1.4819999999998723e-05,168.3786,605.1557682
412.63200000000006,-0.00016296600000001438,166.3914,605.1557682
412.682,0.00019260599999999795,169.37220000000002,601.1780466
412.73199999999997,0.00019260599999999795,168.3786,603.1669074000001
412.78200000000004,0.00037039200000001105,168.3786,601.1780466
412.832,0.00037039200000001105,168.3786,601.1780466
412.88300000000004,1.4819999999998723e-05,168.3786,605.1557682
412.933,0.00019260599999999795,167.38500000000002,603.1669074000001
412.98300000000006,0.00019260599999999795,168.3786,601.1780466
413.033,-0.00016296600000001438,167.38500000000002,605.1557682
413.08299999999997,1.4819999999998723e-05,167.38500000000002,603.1669074000001
413.13300000000004,0.00019260599999999795,168.3786,603.1669074000001
413.183,0.00019260599999999795,167.38500000000002,601.1780466
413.23300000000006,0.00037039200000001105,167.38500000000002,601.1780466
413.283,0.00019260599999999795,167.38500000000002,603.1669074000001
413.33299999999997,1.4819999999998723e-05,165.39780000000002,605.1557682
413.38300000000004,1.4819999999998723e-05,166.3914,603.1669074000001
413.433,0.00019260599999999795,167.38500000000002,601.1780466
413.48300000000006,1.4819999999998723e-05,167.38500000000002,601.1780466
413.533,-0.0003407520000000136,166.3914,607.1446289999999
413.58299999999997,0.00019260599999999795,167.38500000000002,603.1669074000001
413.63300000000004,0.00019260599999999795,167.38500000000002,603.1669074000001
413.683,0.00019260599999999795,168.3786,603.1669074000001
413.73300000000006,0.00019260599999999795,168.3786,603.1669074000001
413.783,-0.0003407520000000136,164.4042,603.1669074000001
413.83299999999997,1.4819999999998723e-05,168.3786,603.1669074000001
413.88300000000004,-0.00016296600000001438,167.38500000000002,603.1669074000001
413.933,1.4819999999998723e-05,168.3786,603.1669074000001
413.98300000000006,-0.00016296600000001438,167.38500000000002,603.1669074000001
414.033,-0.00016296600000001438,166.3914,603.1669074000001
414.08299999999997,1.4819999999998723e-05,167.38500000000002,603.1669074000001
414.13300000000004,0.00019260599999999795,167.38500000000002,603.1669074000001
414.183,0.00019260599999999795,169.37220000000002,603.1669074000001
414.23300000000006,-0.00016296600000001438,167.38500000000002,605.1557682
414.283,1.4819999999998723e-05,167.38500000000002,605.1557682
414.33299999999997,1.4819999999998723e-05,166.3914,605.1557682
414.38300000000004,1.4819999999998723e-05,168.3786,603.1669074000001
414.433,0.00037039200000001105,168.3786,601.1780466
414.48300000000006,0.00019260599999999795,168.3786,603.1669074000001
414.533,0.00037039200000001105,168.3786,603.1669074000001
414.58299999999997,1.4819999999998723e-05,168.3786,605.1557682
414.63300000000004,-0.00016296600000001438,168.3786,603.1669074000001
414.683,0.00019260599999999795,168.3786,603.1669074000001
414.73300000000006,0.00019260599999999795,166.3914,601.1780466
414.783,1.4819999999998723e-05,167.38500000000002,605.1557682
414.83299999999997,0.00037039200000001105,167.38500000000002,601.1780466
414.88300000000004,0.00037039200000001105,169.37220000000002,601.1780466
414.933,0.00019260599999999795,167.38500000000002,601.1780466
414.98300000000006,1.4819999999998723e-05,168.3786,605.1557682
415.033,1.4819999999998723e-05,166.3914,601.1780466
415.08299999999997,1.4819999999998723e-05,167.38500000000002,603.1669074000001
415.13300000000004,0.00019260599999999795,168.3786,603.1669074000001
415.183,1.4819999999998723e-05,168.3786,601.1780466
415.23300000000006,0.00019260599999999795,168.3786,603.1669074000001
415.283,0.00037039200000001105,167.38500000000002,601.1780466
415.33299999999997,0.00019260599999999795,167.38500000000002,601.1780466
415.38300000000004,1.4819999999998723e-05,167.38500000000002,605.1557682
415.433,0.00019260599999999795,168.3786,603.1669074000001
415.48300000000006,1.4819999999998723e-05,167.38500000000002,605.1557682
415.533,-0.00016296600000001438,167.38500000000002,603.1669074000001
415.58400000000006,1.4819999999998723e-05,167.38500000000002,601.1780466
415.63300000000004,1.4819999999998723e-05,166.3914,603.1669074000001
415.683,1.4819999999998723e-05,167.38500000000002,603.1669074000001
415.73300000000006,0.00037039200000001105,169.37220000000002,605.1557682
415.783,0.00019260599999999795,168.3786,605.1557682
415.83299999999997,1.4819999999998723e-05,167.38500000000002,601.1780466
415.88300000000004,0.00019260599999999795,167.38500000000002,603.1669074000001
415.933,0.00019260599999999795,167.38500000000002,601.1780466
415.98300000000006,-0.0003407520000000136,167.38500000000002,605.1557682
416.034,1.4819999999998723e-05,166.3914,603.1669074000001
416.08400000000006,-0.00016296600000001438,165.39780000000002,603.1669074000001
416.134,1.4819999999998723e-05,166.3914,603.1669074000001
416.18399999999997,1.4819999999998723e-05,166.3914,601.1780466
416.23400000000004,0.00019260599999999795,166.3914,601.1780466
416.284,1.4819999999998723e-05,169.37220000000002,605.1557682
416.33400000000006,1.4819999999998723e-05,166.3914,603.1669074000001
416.384,-0.00016296600000001438,167.38500000000002,603.1669074000001
416.43399999999997,1.4819999999998723e-05,167.38500000000002,603.1669074000001
416.48400000000004,0.00019260599999999795,168.3786,605.1557682
416.534,-0.00016296600000001438,167.38500000000002,603.1669074000001
416.58400000000006,0.00019260599999999795,169.37220000000002,603.1669074000001
416.634,0.00019260599999999795,167.38500000000002,603.1669074000001
416.68399999999997,0.00019260599999999795,168.3786,603.1669074000001
416.73400000000004,1.4819999999998723e-05,166.3914,603.1669074000001
416.784,1.4819999999998723e-05,168.3786,605.1557682
416.83400000000006,1.4819999999998723e-05,165.39780000000002,603.1669074000001
416.884,0.00019260599999999795,168.3786,603.1669074000001
416.93399999999997,0.00037039200000001105,167.38500000000002,601.1780466
416.98400000000004,1.4819999999998723e-05,167.38500000000002,603.1669074000001
417.034,0.00019260599999999795,168.3786,603.1669074000001
417.08400000000006,0.00037039200000001105,168.3786,601.1780466
417.134,1.4819999999998723e-05,169.37220000000002,607.1446289999999
417.18399999999997,0.00019260599999999795,167.38500000000002,601.1780466
417.23400000000004,1.4819999999998723e-05,167.38500000000002,603.1669074000001
417.284,-0.00016296600000001438,168.3786,607.1446289999999
417.33400000000006,0.00019260599999999795,168.3786,601.1780466
417.384,0.00019260599999999795,168.3786,603.1669074000001
417.43399999999997,1.4819999999998723e-05,167.38500000000002,603.1669074000001
417.48400000000004,1.4819999999998723e-05,168.3786,603.1669074000001
417.534,1.4819999999998723e-05,167.38500000000002,603.1669074000001
417.58400000000006,-0.0003407520000000136,167.38500000000002,603.1669074000001
417.634,0.00037039200000001105,167.38500000000002,601.1780466
417.68399999999997,0.00019260599999999795,169.37220000000002,603.1669074000001
417.73400000000004,1.4819999999998723e-05,167.38500000000002,603.1669074000001
417.784,1.4819999999998723e-05,167.38500000000002,601.1780466
417.83400000000006,1.4819999999998723e-05,167.38500000000002,605.1557682
417.884,0.00019260599999999795,167.38500000000002,601.1780466
417.93399999999997,1.4819999999998723e-05,168.3786,603.1669074000001
417.98400000000004,0.00019260599999999795,167.38500000000002,603.1669074000001
418.034,0.00019260599999999795,167.38500000000002,601.1780466
418.08400000000006,0.00037039200000001105,168.3786,603.1669074000001
418.134,0.00037039200000001105,168.3786,601.1780466
418.18399999999997,1.4819999999998723e-05,168.3786,607.1446289999999
418.23400000000004,1.4819999999998723e-05,165.39780000000002,603.1669074000001
418.284,1.4819999999998723e-05,168.3786,601.1780466
418.33400000000006,0.00019260599999999795,167.38500000000002,601.1780466
418.384,-0.00016296600000001438,167.38500000000002,605.1557682
418.43399999999997,0.00019260599999999795,167.38500000000002,603.1669074000001
418.48400000000004,1.4819999999998723e-05,165.39780000000002,601.1780466
418.534,1.4819999999998723e-05,167.38500000000002,603.1669074000001
418.58400000000006,0.00019260599999999795,165.39780000000002,603.1669074000001
418.634,0.00019260599999999795,167.38500000000002,601.1780466
418.68399999999997,0.00037039200000001105,166.3914,601.1780466
418.735,1.4819999999998723e-05,166.3914,603.1669074000001
418.784,0.00037039200000001105,167.38500000000002,603.1669074000001
418.83400000000006,1.4819999999998723e-05,167.38500000000002,603.1669074000001
418.884,1.4819999999998723e-05,166.3914,603.1669074000001
418.93399999999997,1.4819999999998723e-05,167.38500000000002,605.1557682
418.98400000000004,0.00019260599999999795,168.3786,603.1669074000001
419.034,0.00037039200000001105,168.3786,601.1780466
419.08400000000006,0.00019260599999999795,167.38500000000002,605.1557682
419.135,1.4819999999998723e-05,167.38500000000002,603.1669074000001
419.18500000000006,0.00019260599999999795,169.37220000000002,603.1669074000001
419.235,-0.00016296600000001438,166.3914,603.1669074000001
419.28499999999997,0.00019260599999999795,166.3914,603.1669074000001
419.33500000000004,0.00019260599999999795,167.38500000000002,603.1669074000001
419.385,1.4819999999998723e-05,167.38500000000002,605.1557682
419.43500000000006,1.4819999999998723e-05,168.3786,603.1669074000001
419.485,0.00037039200000001105,167.38500000000002,601.1780466
419.53499999999997,0.00019260599999999795,168.3786,601.1780466
419.58500000000004,1.4819999999998723e-05,168.3786,603.1669074000001
419.635,1.4819999999998723e-05,165.39780000000002,601.1780466
419.68500000000006,1.4819999999998723e-05,168.3786,603.1669074000001
419.735,1.4819999999998723e-05,169.37220000000002,605.1557682
419.78499999999997,1.4819999999998723e-05,168.3786,605.1557682
419.83500000000004,1.4819999999998723e-05,168.3786,605.1557682
419.885,0.00037039200000001105,168.3786,603.1669074000001
419.93500000000006,0.00019260599999999795,168.3786,603.1669074000001
419.985,1.4819999999998723e-05,167.38500000000002,605.1557682
420.03499999999997,0.00019260599999999795,167.38500000000002,601.1780466
420.08500000000004,0.0005481779999999825,168.3786,603.1669074000001
420.135,-0.00016296600000001438,167.38500000000002,605.1557682
420.18500000000006,0.00019260599999999795,168.3786,603.1669074000001
420.235,0.00019260599999999795,166.3914,603.1669074000001
420.28499999999997,0.00019260599999999795,167.38500000000002,603.1669074000001
420.33500000000004,0.00019260599999999795,168.3786,603.1669074000001
420.385,0.00019260599999999795,168.3786,603.1669074000001
420.43500000000006,1.4819999999998723e-05,166.3914,603.1669074000001
420.485,0.00019260599999999795,169.37220000000002,603.1669074000001
420.53499999999997,1.4819999999998723e-05,167.38500000000002,603.1669074000001
420.58500000000004,1.4819999999998723e-05,167.38500000000002,605.1557682
420.635,0.00019260599999999795,170.3658,603.1669074000001
420.68500000000006,0.00037039200000001105,169.37220000000002,601.1780466
420.735,-0.00016296600000001438,167.38500000000002,601.1780466
420.78499999999997,0.00037039200000001105,169.37220000000002,603.1669074000001
420.83500000000004,1.4819999999998723e-05,167.38500000000002,603.1669074000001
420.885,0.00019260599999999795,167.38500000000002,603.1669074000001
420.93500000000006,0.00019260599999999795,168.3786,601.1780466
420.985,-0.0005185379999999989,165.39780000000002,603.1669074000001
421.03499999999997,1.4819999999998723e-05,168.3786,603.1669074000001
421.08500000000004,0.00037039200000001105,167.38500000000002,601.1780466
421.135,0.00019260599999999795,167.38500000000002,601.1780466
421.18500000000006,0.00037039200000001105,168.3786,601.1780466
421.235,-0.00016296600000001438,166.3914,603.1669074000001
421.28499999999997,0.00019260599999999795,168.3786,603.1669074000001
421.33500000000004,1.4819999999998723e-05,166.3914,603.1669074000001
421.385,0.00037039200000001105,167.38500000000002,599.1891858000001
421.43500000000006,0.00019260599999999795,167.38500000000002,601.1780466
421.485,0.00037039200000001105,168.3786,601.1780466
421.53499999999997,-0.00016296600000001438,167.38500000000002,607.1446289999999
421.58500000000004,-0.00016296600000001438,167.38500000000002,603.1669074000001
421.635,1.4819999999998723e-05,168.3786,603.1669074000001
421.68500000000006,1.4819999999998723e-05,168.3786,603.1669074000001
421.735,1.4819999999998723e-05,168.3786,601.1780466
421.78499999999997,0.0005481779999999825,168.3786,601.1780466
421.83500000000004,0.00037039200000001105,168.3786,603.1669074000001
421.88599999999997,0.00019260599999999795,167.38500000000002,601.1780466
421.93500000000006,1.4819999999998723e-05,167.38500000000002,601.1780466
421.985,0.00019260599999999795,167.38500000000002,603.1669074000001
422.03499999999997,0.00037039200000001105,169.37220000000002,603.1669074000001
422.08500000000004,0.00037039200000001105,166.3914,603.1669074000001
422.135,0.00019260599999999795,166.3914,601.1780466
422.18500000000006,0.0005481779999999825,169.37220000000002,601.1780466
422.235,0.00037039200000001105,169.37220000000002,601.1780466
422.28600000000006,0.00037039200000001105,167.38500000000002,603.1669074000001
422.336,-0.0003407520000000136,164.4042,603.1669074000001
422.38599999999997,0.00019260599999999795,167.38500000000002,605.1557682
422.43600000000004,0.00019260599999999795,168.3786,603.1669074000001
422.486,0.00019260599999999795,168.3786,603.1669074000001
422.53600000000006,0.00037039200000001105,166.3914,601.1780466
422.586,1.4819999999998723e-05,167.38500000000002,603.1669074000001
422.63599999999997,0.00019260599999999795,167.38500000000002,601.1780466
422.68600000000004,1.4819999999998723e-05,166.3914,603.1669074000001
422.736,1.4819999999998723e-05,166.3914,603.1669074000001
422.78600000000006,1.4819999999998723e-05,167.38500000000002,603.1669074000001
422.836,0.00037039200000001105,166.3914,601.1780466
422.88599999999997,0.00037039200000001105,168.3786,601.1780466
422.93600000000004,0.00019260599999999795,168.3786,603.1669074000001
422.986,0.00019260599999999795,167.38500000000002,603.1669074000001
423.03600000000006,0.0005481779999999825,169.37220000000002,599.1891858000001
423.086,0.00037039200000001105,169.37220000000002,603.1669074000001
423.13599999999997,1.4819999999998723e-05,167.38500000000002,603.1669074000001
423.18600000000004,-0.00016296600000001438,167.38500000000002,603.1669074000001
423.236,1.4819999999998723e-05,168.3786,605.1557682
423.28600000000006,-0.00016296600000001438,165.39780000000002,605.1557682
423.336,0.00037039200000001105,169.37220000000002,601.1780466
423.38599999999997,1.4819999999998723e-05,167.38500000000002,603.1669074000001
423.43600000000004,0.00037039200000001105,168.3786,605.1557682
423.486,-0.00016296600000001438,165.39780000000002,601.1780466
423.53600000000006,1.4819999999998723e-05,166.3914,603.1669074000001
423.586,1.4819999999998723e-05,166.3914,603.1669074000001
423.63599999999997,0.00037039200000001105,168.3786,603.1669074000001
423.68600000000004,-0.00016296600000001438,165.39780000000002,603.1669074000001
423.736,0.00019260599999999795,167.38500000000002,601.1780466
423.78600000000006,0.00019260599999999795,168.3786,603.1669074000001
423.836,1.4819999999998723e-05,167.38500000000002,603.1669074000001
423.88599999999997,0.00019260599999999795,168.3786,603.1669074000001
423.93600000000004,1.4819999999998723e-05,167.38500000000002,603.1669074000001
423.986,0.00019260599999999795,166.3914,603.1669074000001
424.03600000000006,1.4819999999998723e-05,166.3914,603.1669074000001
424.086,-0.00016296600000001438,167.38500000000002,603.1669074000001
424.13599999999997,0.00019260599999999795,167.38500000000002,601.1780466
424.18600000000004,0.00019260599999999795,167.38500000000002,603.1669074000001
424.236,0.00037039200000001105,168.3786,603.1669074000001
424.28600000000006,1.4819999999998723e-05,168.3786,603.1669074000001
424.336,1.4819999999998723e-05,168.3786,605.1557682
424.38599999999997,0.00019260599999999795,168.3786,603.1669074000001
424.43600000000004,0.00037039200000001105,169.37220000000002,601.1780466
424.486,-0.00016296600000001438,167.38500000000002,605.1557682
424.53600000000006,0.00037039200000001105,168.3786,605.1557682
424.586,1.4819999999998723e-05,167.38500000000002,605.1557682
424.63599999999997,1.4819999999998723e-05,166.3914,603.1669074000001
424.68600000000004,0.00019260599999999795,167.38500000000002,603.1669074000001
424.736,0.00019260599999999795,167.38500000000002,605.1557682
424.78600000000006,0.00019260599999999795,166.3914,603.1669074000001
424.836,-0.00016296600000001438,166.3914,605.1557682
424.88599999999997,1.4819999999998723e-05,168.3786,603.1669074000001
424.93600000000004,0.00019260599999999795,168.3786,603.1669074000001
424.98699999999997,0.00019260599999999795,168.3786,601.1780466
425.03600000000006,0.00019260599999999795,167.38500000000002,601.1780466
425.086,0.00019260599999999795,166.3914,603.1669074000001
425.13599999999997,0.00019260599999999795,168.3786,603.1669074000001
425.18600000000004,0.00019260599999999795,168.3786,603.1669074000001
425.236,1.4819999999998723e-05,168.3786,603.1669074000001
425.28600000000006,1.4819999999998723e-05,166.3914,603.1669074000001
425.336,-0.00016296600000001438,167.38500000000002,603.1669074000001
425.38599999999997,0.00037039200000001105,168.3786,601.1780466
425.437,1.4819999999998723e-05,165.39780000000002,603.1669074000001
425.48699999999997,1.4819999999998723e-05,167.38500000000002,601.1780466
425.53700000000003,1.4819999999998723e-05,168.3786,603.1669074000001
425.587,0.00019260599999999795,168.3786,603.1669074000001
425.63700000000006,-0.00016296600000001438,167.38500000000002,603.1669074000001
425.687,0.0005481779999999825,169.37220000000002,599.1891858000001
425.73699999999997,0.00019260599999999795,168.3786,603.1669074000001
425.78700000000003,0.00019260599999999795,168.3786,601.1780466
425.837,0.00037039200000001105,167.38500000000002,601.1780466
425.88700000000006,0.00037039200000001105,167.38500000000002,603.1669074000001
425.937,0.00019260599999999795,168.3786,601.1780466
425.98699999999997,1.4819999999998723e-05,168.3786,603.1669074000001
426.03700000000003,1.4819999999998723e-05,167.38500000000002,605.1557682
426.087,0.00019260599999999795,169.37220000000002,603.1669074000001
426.13700000000006,-0.00016296600000001438,167.38500000000002,603.1669074000001
426.187,-0.00016296600000001438,168.3786,603.1669074000001
426.23699999999997,1.4819999999998723e-05,165.39780000000002,603.1669074000001
426.28700000000003,0.00019260599999999795,169.37220000000002,603.1669074000001
426.337,0.00019260599999999795,167.38500000000002,603.1669074000001
426.38700000000006,-0.0005185379999999989,164.4042,601.1780466
426.437,0.00019260599999999795,168.3786,603.1669074000001
426.48699999999997,0.00019260599999999795,167.38500000000002,603.1669074000001
426.53700000000003,1.4819999999998723e-05,166.3914,603.1669074000001
426.587,-0.00016296600000001438,168.3786,603.1669074000001
426.63700000000006,-0.00016296600000001438,168.3786,605.1557682
426.687,1.4819999999998723e-05,166.3914,603.1669074000001
426.73699999999997,0.00019260599999999795,169.37220000000002,601.1780466
426.78700000000003,-0.00016296600000001438,168.3786,605.1557682
426.837,0.00019260599999999795,169.37220000000002,603.1669074000001
426.88700000000006,1.4819999999998723e-05,168.3786,603.1669074000001
426.937,0.00037039200000001105,169.37220000000002,603.1669074000001
426.98699999999997,0.00019260599999999795,168.3786,603.1669074000001
427.03700000000003,0.00019260599999999795,168.3786,603.1669074000001
427.087,0.00037039200000001105,168.3786,603.1669074000001
427.13700000000006,0.00019260599999999795,169.37220000000002,601.1780466
427.187,1.4819999999998723e-05,166.3914,605.1557682
427.23699999999997,0.00019260599999999795,168.3786,603.1669074000001
427.28700000000003,-0.00016296600000001438,167.38500000000002,605.1557682
427.337,1.4819999999998723e-05,167.38500000000002,603.1669074000001
427.38700000000006,0.00019260599999999795,168.3786,603.1669074000001
427.437,0.00019260599999999795,168.3786,601.1780466
427.48699999999997,0.00019260599999999795,169.37220000000002,605.1557682
427.53700000000003,0.00037039200000001105,168.3786,603.1669074000001
427.587,0.00019260599999999795,167.38500000000002,603.1669074000001
427.63700000000006,1.4819999999998723e-05,167.38500000000002,605.1557682
427.687,1.4819999999998723e-05,168.3786,605.1557682
427.73699999999997,0.00019260599999999795,168.3786,603.1669074000001
427.78700000000003,0.00019260599999999795,167.38500000000002,605.1557682
427.837,0.00019260599999999795,167.38500000000002,603.1669074000001
427.88700000000006,1.4819999999998723e-05,167.38500000000002,603.1669074000001
427.937,0.00019260599999999795,168.3786,605.1557682
427.98699999999997,1.4819999999998723e-05,168.3786,603.1669074000001
428.03700000000003,0.00019260599999999795,167.38500000000002,603.1669074000001
428.087,1.4819999999998723e-05,167.38500000000002,605.1557682
428.13800000000003,1.4819999999998723e-05,167.38500000000002,603.1669074000001
428.187,1.4819999999998723e-05,166.3914,603.1669074000001
428.23699999999997,1.4819999999998723e-05,167.38500000000002,605.1557682
428.28700000000003,1.4819999999998723e-05,167.38500000000002,603.1669074000001
428.337,1.4819999999998723e-05,167.38500000000002,603.1669074000001
428.38700000000006,1.4819999999998723e-05,169.37220000000002,605.1557682
428.437,0.00019260599999999795,167.38500000000002,603.1669074000001
428.48699999999997,0.00019260599999999795,167.38500000000002,603.1669074000001
428.53700000000003,0.00019260599999999795,166.3914,603.1669074000001
428.58799999999997,0.00019260599999999795,166.3914,601.1780466
428.63800000000003,0.00019260599999999795,167.38500000000002,603.1669074000001
428.688,-0.00016296600000001438,168.3786,605.1557682
428.73800000000006,0.00019260599999999795,166.3914,603.1669074000001
428.788,-0.00016296600000001438,166.3914,607.1446289999999
428.83799999999997,0.00019260599999999795,168.3786,605.1557682
428.88800000000003,-0.00016296600000001438,167.38500000000002,603.1669074000001
428.938,1.4819999999998723e-05,167.38500000000002,603.1669074000001
428.98800000000006,0.00019260599999999795,167.38500000000002,601.1780466
429.038,0.00019260599999999795,168.3786,605.1557682
429.08799999999997,1.4819999999998723e-05,166.3914,599.1891858000001
429.13800000000003,0.00019260599999999795,168.3786,605.1557682
429.188,1.4819999999998723e-05,169.37220000000002,605.1557682
429.23800000000006,0.00019260599999999795,167.38500000000002,603.1669074000001
429.288,0.00019260599999999795,168.3786,603.1669074000001
429.33799999999997,0.00019260599999999795,169.37220000000002,605.1557682
429.38800000000003,0.00019260599999999795,167.38500000000002,603.1669074000001
429.438,1.4819999999998723e-05,168.3786,603.1669074000001
429.48800000000006,1.4819999999998723e-05,167.38500000000002,601.1780466
429.538,0.00037039200000001105,168.3786,601.1780466
429.58799999999997,1.4819999999998723e-05,167.38500000000002,603.1669074000001
429.63800000000003,0.00037039200000001105,167.38500000000002,601.1780466
429.688,1.4819999999998723e-05,167.38500000000002,607.1446289999999
429.73800000000006,0.00019260599999999795,168.3786,603.1669074000001
429.788,0.0005481779999999825,168.3786,601.1780466
429.83799999999997,0.00019260599999999795,169.37220000000002,603.1669074000001
429.88800000000003,0.00019260599999999795,168.3786,603.1669074000001
429.938,0.00019260599999999795,168.3786,603.1669074000001
429.98800000000006,-0.00016296600000001438,167.38500000000002,607.1446289999999
430.038,1.4819999999998723e-05,168.3786,605.1557682
430.08799999999997,0.00019260599999999795,167.38500000000002,603.1669074000001
430.13800000000003,1.4819999999998723e-05,168.3786,603.1669074000001
430.188,1.4819999999998723e-05,168.3786,603.1669074000001
430.23800000000006,1.4819999999998723e-05,169.37220000000002,603.1669074000001
430.288,0.0005481779999999825,169.37220000000002,601.1780466
430.33799999999997,1.4819999999998723e-05,167.38500000000002,603.1669074000001
430.38800000000003,0.00037039200000001105,168.3786,603.1669074000001
430.438,-0.0003407520000000136,165.39780000000002,605.1557682
430.48800000000006,0.00037039200000001105,169.37220000000002,603.1669074000001
430.538,0.00019260599999999795,168.3786,603.1669074000001
430.58799999999997,0.00019260599999999795,168.3786,603.1669074000001
430.63800000000003,0.00019260599999999795,169.37220000000002,603.1669074000001
430.688,0.00019260599999999795,169.37220000000002,601.1780466
430.73800000000006,1.4819999999998723e-05,167.38500000000002,603.1669074000001
430.788,0.00037039200000001105,168.3786,603.1669074000001
430.83799999999997,0.00019260599999999795,169.37220000000002,603.1669074000001
430.88800000000003,0.00037039200000001105,168.3786,601.1780466
430.938,0.00019260599999999795,169.37220000000002,603.1669074000001
430.98800000000006,0.00037039200000001105,167.38500000000002,601.1780466
431.038,0.00019260599999999795,166.3914,603.1669074000001
431.08799999999997,1.4819999999998723e-05,167.38500000000002,605.1557682
431.13800000000003,0.00019260599999999795,168.3786,603.1669074000001
431.188,0.00019260599999999795,169.37220000000002,603.1669074000001
431.23800000000006,1.4819999999998723e-05,167.38500000000002,605.1557682
431.288,0.00019260599999999795,168.3786,603.1669074000001
431.33900000000006,1.4819999999998723e-05,168.3786,605.1557682
431.38800000000003,0.00019260599999999795,167.38500000000002,601.1780466
431.438,1.4819999999998723e-05,168.3786,603.1669074000001
431.48800000000006,1.4819999999998723e-05,166.3914,603.1669074000001
431.538,1.4819999999998723e-05,169.37220000000002,605.1557682
431.58799999999997,0.00019260599999999795,168.3786,603.1669074000001
431.63800000000003,0.00019260599999999795,168.3786,603.1669074000001
431.688,-0.00016296600000001438,168.3786,605.1557682
431.73900000000003,0.00019260599999999795,168.3786,603.1669074000001
431.789,0.00019260599999999795,167.38500000000002,603.1669074000001
431.83900000000006,0.00019260599999999795,168.3786,605.1557682
431.889,1.4819999999998723e-05,167.38500000000002,603.1669074000001
431.93899999999996,0.00037039200000001105,168.3786,601.1780466
431.98900000000003,0.00019260599999999795,167.38500000000002,605.1557682
432.039,1.4819999999998723e-05,168.3786,605.1557682
432.08900000000006,1.4819999999998723e-05,168.3786,603.1669074000001
432.139,0.00019260599999999795,166.3914,603.1669074000001
432.18899999999996,0.00019260599999999795,168.3786,603.1669074000001
432.23900000000003,1.4819999999998723e-05,168.3786,605.1557682
432.289,1.4819999999998723e-05,166.3914,601.1780466
432.33900000000006,0.00037039200000001105,169.37220000000002,601.1780466
432.389,0.00019260599999999795,169.37220000000002,605.1557682
432.43899999999996,-0.00016296600000001438,167.38500000000002,605.1557682
432.48900000000003,-0.00016296600000001438,165.39780000000002,603.1669074000001
432.539,1.4819999999998723e-05,169.37220000000002,605.1557682
432.58900000000006,-0.00016296600000001438,168.3786,607.1446289999999
432.639,0.00019260599999999795,167.38500000000002,605.1557682
432.68899999999996,0.00019260599999999795,168.3786,605.1557682
432.73900000000003,0.00037039200000001105,166.3914,601.1780466
432.789,0.00019260599999999795,167.38500000000002,603.1669074000001
432.83900000000006,-0.00016296600000001438,166.3914,605.1557682
432.889,0.00019260599999999795,170.3658,603.1669074000001
432.93899999999996,1.4819999999998723e-05,167.38500000000002,603.1669074000001
432.98900000000003,1.4819999999998723e-05,167.38500000000002,603.1669074000001
433.039,1.4819999999998723e-05,166.3914,603.1669074000001
433.08900000000006,-0.00016296600000001438,166.3914,607.1446289999999
433.139,-0.00016296600000001438,166.3914,603.1669074000001
433.18899999999996,1.4819999999998723e-05,167.38500000000002,601.1780466
433.23900000000003,1.4819999999998723e-05,167.38500000000002,603.1669074000001
433.289,1.4819999999998723e-05,168.3786,605.1557682
433.33900000000006,-0.0003407520000000136,167.38500000000002,607.1446289999999
433.389,0.00037039200000001105,169.37220000000002,601.1780466
433.43899999999996,1.4819999999998723e-05,166.3914,601.1780466
433.48900000000003,0.00019260599999999795,169.37220000000002,603.1669074000001
433.539,1.4819999999998723e-05,167.38500000000002,605.1557682
433.58900000000006,-0.00016296600000001438,168.3786,601.1780466
433.639,0.00019260599999999795,167.38500000000002,601.1780466
433.68899999999996,0.00037039200000001105,168.3786,601.1780466
433.73900000000003,0.00037039200000001105,170.3658,601.1780466
433.789,0.00037039200000001105,168.3786,599.1891858000001
433.83900000000006,0.00019260599999999795,167.38500000000002,605.1557682
433.889,0.00019260599999999795,168.3786,603.1669074000001
433.93899999999996,0.00019260599999999795,168.3786,603.1669074000001
433.98900000000003,-0.00016296600000001438,169.37220000000002,603.1669074000001
434.039,1.4819999999998723e-05,169.37220000000002,603.1669074000001
434.08900000000006,0.00037039200000001105,169.37220000000002,605.1557682
434.139,0.00037039200000001105,170.3658,603.1669074000001
434.18899999999996,0.00019260599999999795,167.38500000000002,601.1780466
434.23900000000003,1.4819999999998723e-05,170.3658,605.1557682
434.289,1.4819999999998723e-05,168.3786,603.1669074000001
434.33900000000006,0.00019260599999999795,168.3786,603.1669074000001
434.389,-0.00016296600000001438,168.3786,605.1557682
434.44000000000005,0.00037039200000001105,168.3786,603.1669074000001
434.49,-0.00016296600000001438,167.38500000000002,605.1557682
434.539,-0.00016296600000001438,169.37220000000002,605.1557682
434.58900000000006,-0.00016296600000001438,168.3786,605.1557682
434.639,0.00019260599999999795,169.37220000000002,603.1669074000001
434.68899999999996,1.4819999999998723e-05,168.3786,603.1669074000001
434.73900000000003,0.00019260599999999795,170.3658,601.1780466
434.789,1.4819999999998723e-05,166.3914,605.1557682
434.83900000000006,1.4819999999998723e-05,169.37220000000002,603.1669074000001
434.89,0.00019260599999999795,168.3786,603.1669074000001
434.94000000000005,1.4819999999998723e-05,166.3914,603.1669074000001
434.99,1.4819999999998723e-05,167.38500000000002,603.1669074000001
435.0400000000001,1.4819999999998723e-05,167.38500000000002,605.1557682
435.09000000000003,0.00037039200000001105,168.3786,603.1669074000001
435.14,-0.00016296600000001438,169.37220000000002,603.1669074000001
435.19000000000005,0.00019260599999999795,169.37220000000002,603.1669074000001
435.24,0.00019260599999999795,167.38500000000002,601.1780466
435.2900000000001,0.00019260599999999795,167.38500000000002,603.1669074000001
435.34000000000003,1.4819999999998723e-05,168.3786,603.1669074000001
435.39,1.4819999999998723e-05,168.3786,605.1557682
435.44000000000005,1.4819999999998723e-05,167.38500000000002,605.1557682
435.49,0.00019260599999999795,167.38500000000002,601.1780466
435.5400000000001,-0.00016296600000001438,167.38500000000002,605.1557682
435.59000000000003,0.00037039200000001105,168.3786,601.1780466
435.64,0.00037039200000001105,168.3786,601.1780466
435.69000000000005,1.4819999999998723e-05,168.3786,603.1669074000001
435.74,-0.00016296600000001438,168.3786,603.1669074000001
435.7900000000001,0.00019260599999999795,168.3786,601.1780466
435.84000000000003,-0.00016296600000001438,167.38500000000002,603.1669074000001
435.89,1.4819999999998723e-05,168.3786,603.1669074000001
435.94000000000005,-0.00016296600000001438,168.3786,603.1669074000001
435.99,0.00037039200000001105,169.37220000000002,601.1780466
436.0400000000001,0.00019260599999999795,169.37220000000002,603.1669074000001
436.09000000000003,1.4819999999998723e-05,167.38500000000002,603.1669074000001
436.14,0.00019260599999999795,166.3914,601.1780466
436.19000000000005,0.00019260599999999795,167.38500000000002,603.1669074000001
436.24,0.00019260599999999795,168.3786,605.1557682
436.2900000000001,0.00019260599999999795,167.38500000000002,601.1780466
436.34000000000003,1.4819999999998723e-05,166.3914,603.1669074000001
436.39,-0.00016296600000001438,167.38500000000002,607.1446289999999
436.44000000000005,0.00019260599999999795,167.38500000000002,603.1669074000001
436.49,0.00019260599999999795,167.38500000000002,603.1669074000001
436.5400000000001,0.00019260599999999795,167.38500000000002,603.1669074000001
436.59000000000003,1.4819999999998723e-05,167.38500000000002,605.1557682
436.64,1.4819999999998723e-05,166.3914,603.1669074000001
436.69000000000005,1.4819999999998723e-05,167.38500000000002,603.1669074000001
436.74,0.00019260599999999795,166.3914,601.1780466
436.7900000000001,0.00019260599999999795,169.37220000000002,605.1557682
436.84000000000003,1.4819999999998723e-05,167.38500000000002,603.1669074000001
436.89,0.00019260599999999795,168.3786,603.1669074000001
436.94000000000005,-0.00016296600000001438,167.38500000000002,603.1669074000001
436.99,0.00019260599999999795,168.3786,601.1780466
437.0400000000001,0.00019260599999999795,167.38500000000002,601.1780466
437.09000000000003,1.4819999999998723e-05,168.3786,603.1669074000001
437.14,0.00019260599999999795,168.3786,601.1780466
437.19000000000005,-0.0003407520000000136,166.3914,605.1557682
437.24,1.4819999999998723e-05,168.3786,603.1669074000001
437.2900000000001,-0.00016296600000001438,168.3786,605.1557682
437.34000000000003,1.4819999999998723e-05,167.38500000000002,603.1669074000001
437.39,-0.00016296600000001438,168.3786,605.1557682
437.44000000000005,1.4819999999998723e-05,168.3786,605.1557682
437.49,1.4819999999998723e-05,167.38500000000002,601.1780466
437.5400000000001,0.00019260599999999795,169.37220000000002,603.1669074000001
437.591,1.4819999999998723e-05,167.38500000000002,603.1669074000001
437.64,1.4819999999998723e-05,167.38500000000002,603.1669074000001
437.69000000000005,0.00019260599999999795,167.38500000000002,605.1557682
437.74,1.4819999999998723e-05,168.3786,603.1669074000001
437.7900000000001,-0.00016296600000001438,167.38500000000002,605.1557682
437.84000000000003,0.00019260599999999795,168.3786,603.1669074000001
437.89,-0.00016296600000001438,167.38500000000002,605.1557682
437.94000000000005,0.00019260599999999795,167.38500000000002,603.1669074000001
437.991,-0.00016296600000001438,168.3786,605.1557682
438.04100000000005,0.00019260599999999795,166.3914,603.1669074000001
438.091,0.00037039200000001105,169.37220000000002,603.1669074000001
438.1410000000001,1.4819999999998723e-05,169.37220000000002,603.1669074000001
438.19100000000003,0.00037039200000001105,168.3786,601.1780466
438.241,-0.00016296600000001438,166.3914,603.1669074000001
438.29100000000005,1.4819999999998723e-05,167.38500000000002,601.1780466
438.341,1.4819999999998723e-05,166.3914,603.1669074000001
438.3910000000001,0.00019260599999999795,166.3914,603.1669074000001
438.44100000000003,-0.0003407520000000136,169.37220000000002,605.1557682
438.491,0.00019260599999999795,169.37220000000002,603.1669074000001
438.54100000000005,-0.0003407520000000136,164.4042,605.1557682
438.591,1.4819999999998723e-05,168.3786,605.1557682
438.6410000000001,-0.00016296600000001438,168.3786,607.1446289999999
438.69100000000003,-0.00016296600000001438,167.38500000000002,603.1669074000001
438.741,0.00019260599999999795,170.3658,603.1669074000001
438.79100000000005,1.4819999999998723e-05,167.38500000000002,603.1669074000001
438.841,1.4819999999998723e-05,168.3786,603.1669074000001
438.8910000000001,0.00019260599999999795,168.3786,601.1780466
438.94100000000003,-0.00016296600000001438,168.3786,605.1557682
438.991,-0.00016296600000001438,167.38500000000002,603.1669074000001
439.04100000000005,1.4819999999998723e-05,169.37220000000002,605.1557682
439.091,1.4819999999998723e-05,168.3786,603.1669074000001
439.1410000000001,0.00019260599999999795,168.3786,603.1669074000001
439.19100000000003,0.00037039200000001105,169.37220000000002,603.1669074000001
439.241,0.00019260599999999795,167.38500000000002,603.1669074000001
439.29100000000005,0.00019260599999999795,167.38500000000002,601.1780466
439.341,0.00019260599999999795,169.37220000000002,603.1669074000001
439.3910000000001,1.4819999999998723e-05,167.38500000000002,603.1669074000001
439.44100000000003,0.00019260599999999795,168.3786,603.1669074000001
439.491,1.4819999999998723e-05,167.38500000000002,605.1557682
439.54100000000005,1.4819999999998723e-05,166.3914,603.1669074000001
439.591,0.00019260599999999795,166.3914,603.1669074000001
439.6410000000001,0.0005481779999999825,169.37220000000002,601.1780466
439.69100000000003,0.00019260599999999795,167.38500000000002,601.1780466
439.741,-0.0003407520000000136,167.38500000000002,605.1557682
439.79100000000005,0.00019260599999999795,169.37220000000002,603.1669074000001
439.841,0.00019260599999999795,169.37220000000002,603.1669074000001
439.8910000000001,1.4819999999998723e-05,167.38500000000002,603.1669074000001
439.94100000000003,0.00019260599999999795,168.3786,601.1780466
439.991,0.00019260599999999795,168.3786,603.1669074000001
440.04100000000005,0.00019260599999999795,168.3786,603.1669074000001
440.091,-0.00016296600000001438,167.38500000000002,603.1669074000001
440.1410000000001,1.4819999999998723e-05,168.3786,603.1669074000001
440.19100000000003,1.4819999999998723e-05,167.38500000000002,603.1669074000001
440.241,0.00019260599999999795,169.37220000000002,603.1669074000001
440.29100000000005,-0.00016296600000001438,168.3786,603.1669074000001
440.341,1.4819999999998723e-05,167.38500000000002,603.1669074000001
440.3910000000001,0.00019260599999999795,167.38500000000002,603.1669074000001
440.44100000000003,0.00019260599999999795,168.3786,603.1669074000001
440.491,1.4819999999998723e-05,168.3786,605.1557682
440.54100000000005,-0.00016296600000001438,168.3786,605.1557682
440.591,1.4819999999998723e-05,167.38500000000002,605.1557682
440.6410000000001,0.00019260599999999795,168.3786,605.1557682
440.69100000000003,0.00037039200000001105,169.37220000000002,601.1780466
440.7420000000001,0.00019260599999999795,166.3914,601.1780466
440.79100000000005,1.4819999999998723e-05,167.38500000000002,603.1669074000001
440.841,0.00019260599999999795,168.3786,603.1669074000001
440.8910000000001,0.00019260599999999795,167.38500000000002,603.1669074000001
440.94100000000003,1.4819999999998723e-05,168.3786,605.1557682
440.991,1.4819999999998723e-05,167.38500000000002,605.1557682
441.04100000000005,0.00019260599999999795,169.37220000000002,605.1557682
441.092,1.4819999999998723e-05,168.3786,603.1669074000001
441.14200000000005,0.00019260599999999795,169.37220000000002,603.1669074000001
441.192,1.4819999999998723e-05,167.38500000000002,605.1557682
441.2420000000001,1.4819999999998723e-05,167.38500000000002,603.1669074000001
441.29200000000003,1.4819999999998723e-05,167.38500000000002,603.1669074000001
441.342,0.00019260599999999795,169.37220000000002,603.1669074000001
441.39200000000005,1.4819999999998723e-05,166.3914,601.1780466
441.442,1.4819999999998723e-05,168.3786,603.1669074000001
441.4920000000001,1.4819999999998723e-05,168.3786,605.1557682
441.54200000000003,0.00019260599999999795,169.37220000000002,603.1669074000001
441.592,-0.0003407520000000136,166.3914,605.1557682
441.64200000000005,0.00019260599999999795,168.3786,603.1669074000001
441.692,-0.00016296600000001438,166.3914,603.1669074000001
441.7420000000001,0.00019260599999999795,168.3786,603.1669074000001
441.79200000000003,0.00019260599999999795,167.38500000000002,603.1669074000001
441.842,0.00019260599999999795,169.37220000000002,603.1669074000001
441.89200000000005,0.00019260599999999795,167.38500000000002,603.1669074000001
441.942,1.4819999999998723e-05,168.3786,603.1669074000001
441.9920000000001,1.4819999999998723e-05,167.38500000000002,603.1669074000001
442.04200000000003,1.4819999999998723e-05,167.38500000000002,603.1669074000001
442.092,-0.00016296600000001438,166.3914,603.1669074000001
442.14200000000005,-0.00016296600000001438,167.38500000000002,603.1669074000001
442.192,0.00037039200000001105,169.37220000000002,601.1780466
442.2420000000001,0.00019260599999999795,168.3786,603.1669074000001
442.29200000000003,0.00037039200000001105,167.38500000000002,603.1669074000001
442.342,0.00019260599999999795,168.3786,603.1669074000001
442.39200000000005,1.4819999999998723e-05,166.3914,603.1669074000001
442.442,0.00019260599999999795,167.38500000000002,605.1557682
442.4920000000001,-0.00016296600000001438,166.3914,603.1669074000001
442.54200000000003,1.4819999999998723e-05,167.38500000000002,603.1669074000001
442.592,1.4819999999998723e-05,168.3786,605.1557682
442.64200000000005,1.4819999999998723e-05,168.3786,603.1669074000001
442.692,-0.00016296600000001438,167.38500000000002,605.1557682
442.7420000000001,-0.00016296600000001438,167.38500000000002,605.1557682
442.79200000000003,1.4819999999998723e-05,167.38500000000002,603.1669074000001
442.842,1.4819999999998723e-05,167.38500000000002,603.1669074000001
442.89200000000005,1.4819999999998723e-05,168.3786,603.1669074000001
442.942,-0.0003407520000000136,166.3914,601.1780466
442.9920000000001,0.00019260599999999795,171.35940000000002,605.1557682
443.04200000000003,0.00019260599999999795,168.3786,603.1669074000001
443.092,1.4819999999998723e-05,168.3786,605.1557682
443.14200000000005,0.00019260599999999795,169.37220000000002,603.1669074000001
443.192,0.00019260599999999795,169.37220000000002,605.1557682
443.2420000000001,0.00019260599999999795,168.3786,603.1669074000001
443.29200000000003,0.00019260599999999795,170.3658,603.1669074000001
443.342,-0.0003407520000000136,167.38500000000002,603.1669074000001
443.39200000000005,0.00037039200000001105,168.3786,605.1557682
443.442,0.00019260599999999795,169.37220000000002,603.1669074000001
443.4920000000001,0.00019260599999999795,169.37220000000002,605.1557682
443.54200000000003,0.00037039200000001105,168.3786,601.1780466
443.592,0.00019260599999999795,168.3786,603.1669074000001
443.64200000000005,1.4819999999998723e-05,168.3786,601.1780466
443.692,-0.0003407520000000136,168.3786,605.1557682
443.7420000000001,1.4819999999998723e-05,169.37220000000002,603.1669074000001
443.79200000000003,1.4819999999998723e-05,168.3786,603.1669074000001
443.842,1.4819999999998723e-05,166.3914,601.1780466
443.89200000000005,1.4819999999998723e-05,167.38500000000002,603.1669074000001
443.942,1.4819999999998723e-05,167.38500000000002,603.1669074000001
443.9920000000001,0.00037039200000001105,168.3786,601.1780466
444.04200000000003,1.4819999999998723e-05,167.38500000000002,605.1557682
444.092,0.00019260599999999795,167.38500000000002,603.1669074000001
444.14200000000005,0.00019260599999999795,168.3786,603.1669074000001
444.192,1.4819999999998723e-05,167.38500000000002,603.1669074000001
444.24300000000005,1.4819999999998723e-05,168.3786,603.1669074000001
444.293,1.4819999999998723e-05,169.37220000000002,601.1780466
444.3430000000001,-0.00016296600000001438,168.3786,603.1669074000001
444.39300000000003,-0.0003407520000000136,168.3786,607.1446289999999
444.443,0.00019260599999999795,168.3786,603.1669074000001
444.49300000000005,0.00037039200000001105,169.37220000000002,601.1780466
444.543,1.4819999999998723e-05,168.3786,601.1780466
444.5930000000001,0.00019260599999999795,168.3786,601.1780466
444.64300000000003,1.4819999999998723e-05,167.38500000000002,603.1669074000001
444.693,-0.00016296600000001438,166.3914,605.1557682
444.74300000000005,-0.00016296600000001438,166.3914,603.1669074000001
444.793,0.00037039200000001105,168.3786,599.1891858000001
444.8430000000001,0.00037039200000001105,168.3786,603.1669074000001
444.89300000000003,-0.00016296600000001438,167.38500000000002,605.1557682
444.943,-0.00016296600000001438,166.3914,605.1557682
444.99300000000005,1.4819999999998723e-05,166.3914,605.1557682
445.043,1.4819999999998723e-05,167.38500000000002,603.1669074000001
445.0930000000001,0.00019260599999999795,167.38500000000002,603.1669074000001
445.14300000000003,0.00019260599999999795,167.38500000000002,601.1780466
445.193,-0.0003407520000000136,166.3914,603.1669074000001
445.24300000000005,-0.0003407520000000136,166.3914,603.1669074000001
445.293,1.4819999999998723e-05,167.38500000000002,603.1669074000001
445.3430000000001,0.00019260599999999795,168.3786,601.1780466
445.39300000000003,1.4819999999998723e-05,168.3786,603.1669074000001
445.443,0.00019260599999999795,168.3786,603.1669074000001
445.49300000000005,1.4819999999998723e-05,169.37220000000002,605.1557682
445.543,0.00019260599999999795,166.3914,601.1780466
445.5930000000001,0.00019260599999999795,168.3786,601.1780466
445.64300000000003,1.4819999999998723e-05,167.38500000000002,603.1669074000001
445.693,-0.00016296600000001438,167.38500000000002,605.1557682
445.74300000000005,0.00019260599999999795,168.3786,605.1557682
445.793,0.00019260599999999795,170.3658,603.1669074000001
445.8430000000001,0.00019260599999999795,168.3786,605.1557682
445.89300000000003,0.00019260599999999795,168.3786,603.1669074000001
445.943,0.00019260599999999795,168.3786,603.1669074000001
445.99300000000005,1.4819999999998723e-05,167.38500000000002,603.1669074000001
446.043,0.00019260599999999795,167.38500000000002,601.1780466
446.0930000000001,0.00019260599999999795,166.3914,601.1780466
446.14300000000003,0.00019260599999999795,168.3786,603.1669074000001
446.193,0.00019260599999999795,168.3786,603.1669074000001
446.24300000000005,0.00037039200000001105,166.3914,603.1669074000001
446.293,1.4819999999998723e-05,168.3786,603.1669074000001
446.3430000000001,0.00019260599999999795,168.3786,601.1780466
446.39300000000003,0.00019260599999999795,167.38500000000002,601.1780466
446.443,0.00019260599999999795,168.3786,601.1780466
446.49300000000005,-0.00016296600000001438,167.38500000000002,603.1669074000001
446.543,0.00019260599999999795,167.38500000000002,601.1780466
446.5930000000001,1.4819999999998723e-05,166.3914,603.1669074000001
446.64300000000003,0.00019260599999999795,167.38500000000002,601.1780466
446.693,0.00037039200000001105,169.37220000000002,603.1669074000001
446.74300000000005,1.4819999999998723e-05,167.38500000000002,603.1669074000001
446.793,-0.00016296600000001438,167.38500000000002,603.1669074000001
446.8430000000001,0.0005481779999999825,171.35940000000002,603.1669074000001
446.89300000000003,0.00019260599999999795,167.38500000000002,603.1669074000001
446.943,0.00019260599999999795,168.3786,603.1669074000001
446.994,1.4819999999998723e-05,168.3786,605.1557682
447.044,-0.00016296600000001438,167.38500000000002,603.1669074000001
447.0930000000001,0.00019260599999999795,167.38500000000002,603.1669074000001
447.14300000000003,0.00037039200000001105,169.37220000000002,601.1780466
447.193,0.00019260599999999795,168.3786,603.1669074000001
447.24300000000005,0.00019260599999999795,167.38500000000002,603.1669074000001
447.293,1.4819999999998723e-05,168.3786,605.1557682
447.34400000000005,0.00037039200000001105,169.37220000000002,603.1669074000001
447.394,0.00019260599999999795,168.3786,603.1669074000001
447.4440000000001,1.4819999999998723e-05,167.38500000000002,603.1669074000001
447.494,1.4819999999998723e-05,167.38500000000002,603.1669074000001
447.544,-0.00016296600000001438,168.3786,603.1669074000001
447.59400000000005,1.4819999999998723e-05,168.3786,603.1669074000001
447.644,0.00019260599999999795,168.3786,603.1669074000001
447.6940000000001,0.00019260599999999795,168.3786,603.1669074000001
447.744,0.00019260599999999795,168.3786,603.1669074000001
447.794,1.4819999999998723e-05,167.38500000000002,603.1669074000001
447.84400000000005,1.4819999999998723e-05,168.3786,605.1557682
447.894,1.4819999999998723e-05,169.37220000000002,605.1557682
447.9440000000001,0.00019260599999999795,168.3786,601.1780466
447.994,1.4819999999998723e-05,169.37220000000002,605.1557682
448.044,0.00019260599999999795,167.38500000000002,601.1780466
448.09400000000005,0.00019260599999999795,167.38500000000002,603.1669074000001
448.144,1.4819999999998723e-05,167.38500000000002,603.1669074000001
448.1940000000001,1.4819999999998723e-05,168.3786,603.1669074000001
448.244,0.00019260599999999795,169.37220000000002,603.1669074000001
448.294,0.00019260599999999795,169.37220000000002,605.1557682
448.34400000000005,0.00019260599999999795,168.3786,601.1780466
448.394,-0.0003407520000000136,167.38500000000002,605.1557682
448.4440000000001,0.00019260599999999795,168.3786,603.1669074000001
448.494,0.00019260599999999795,169.37220000000002,603.1669074000001
448.544,1.4819999999998723e-05,168.3786,605.1557682
448.59400000000005,1.4819999999998723e-05,168.3786,605.1557682
448.644,1.4819999999998723e-05,168.3786,603.1669074000001
448.6940000000001,0.00019260599999999795,168.3786,603.1669074000001
448.744,-0.00016296600000001438,168.3786,605.1557682
448.794,0.00019260599999999795,169.37220000000002,603.1669074000001
448.84400000000005,0.00019260599999999795,168.3786,599.1891858000001
448.894,0.00019260599999999795,168.3786,603.1669074000001
448.9440000000001,-0.00016296600000001438,167.38500000000002,603.1669074000001
448.994,-0.00016296600000001438,169.37220000000002,605.1557682
449.044,-0.00016296600000001438,167.38500000000002,603.1669074000001
449.09400000000005,-0.00016296600000001438,167.38500000000002,605.1557682
449.144,0.00019260599999999795,167.38500000000002,603.1669074000001
449.1940000000001,1.4819999999998723e-05,168.3786,603.1669074000001
449.244,0.00019260599999999795,166.3914,603.1669074000001
449.294,1.4819999999998723e-05,168.3786,603.1669074000001
449.34400000000005,1.4819999999998723e-05,168.3786,603.1669074000001
449.394,0.00019260599999999795,167.38500000000002,603.1669074000001
449.4440000000001,0.00037039200000001105,168.3786,601.1780466
449.494,-0.00016296600000001438,166.3914,603.1669074000001
449.544,0.00019260599999999795,168.3786,603.1669074000001
449.59400000000005,1.4819999999998723e-05,168.3786,603.1669074000001
449.644,1.4819999999998723e-05,168.3786,603.1669074000001
449.6940000000001,0.00019260599999999795,168.3786,603.1669074000001
449.744,1.4819999999998723e-05,166.3914,603.1669074000001
449.794,1.4819999999998723e-05,167.38500000000002,603.1669074000001
449.84400000000005,0.00037039200000001105,169.37220000000002,601.1780466
449.894,0.00037039200000001105,168.3786,603.1669074000001
449.9440000000001,0.00019260599999999795,169.37220000000002,603.1669074000001
449.994,-0.00016296600000001438,166.3914,603.1669074000001
450.044,1.4819999999998723e-05,167.38500000000002,603.1669074000001
450.09400000000005,0.00019260599999999795,168.3786,603.1669074000001
450.145,0.00019260599999999795,168.3786,603.1669074000001
450.19500000000005,0.00019260599999999795,165.39780000000002,603.1669074000001
450.244,1.4819999999998723e-05,167.38500000000002,603.1669074000001
450.294,0.00019260599999999795,168.3786,603.1669074000001
450.34400000000005,1.4819999999998723e-05,168.3786,603.1669074000001
450.394,1.4819999999998723e-05,167.38500000000002,605.1557682
450.4440000000001,-0.00016296600000001438,165.39780000000002,605.1557682
450.495,0.00019260599999999795,166.3914,603.1669074000001
450.5450000000001,1.4819999999998723e-05,167.38500000000002,603.1669074000001
450.595,0.00019260599999999795,168.3786,603.1669074000001
450.645,0.00019260599999999795,166.3914,601.1780466
450.69500000000005,0.00019260599999999795,170.3658,605.1557682
450.745,-0.00016296600000001438,166.3914,605.1557682
450.7950000000001,0.00019260599999999795,170.3658,603.1669074000001
450.845,0.00019260599999999795,168.3786,605.1557682
450.895,1.4819999999998723e-05,167.38500000000002,603.1669074000001
450.94500000000005,0.00019260599999999795,168.3786,603.1669074000001
450.995,0.00019260599999999795,168.3786,603.1669074000001
451.0450000000001,0.00019260599999999795,168.3786,603.1669074000001
451.095,1.4819999999998723e-05,167.38500000000002,603.1669074000001
451.145,0.00019260599999999795,168.3786,603.1669074000001
451.19500000000005,1.4819999999998723e-05,168.3786,601.1780466
451.245,-0.00016296600000001438,168.3786,605.1557682
451.2950000000001,-0.00016296600000001438,168.3786,603.1669074000001
451.345,0.00019260599999999795,169.37220000000002,603.1669074000001
451.395,1.4819999999998723e-05,167.38500000000002,603.1669074000001
451.44500000000005,1.4819999999998723e-05,169.37220000000002,603.1669074000001
451.495,0.00019260599999999795,167.38500000000002,605.1557682
451.5450000000001,0.0005481779999999825,168.3786,599.1891858000001
451.595,1.4819999999998723e-05,166.3914,601.1780466
451.645,1.4819999999998723e-05,169.37220000000002,605.1557682
451.69500000000005,0.00019260599999999795,170.3658,603.1669074000001
451.745,0.00019260599999999795,169.37220000000002,601.1780466
451.7950000000001,1.4819999999998723e-05,168.3786,603.1669074000001
451.845,1.4819999999998723e-05,168.3786,605.1557682
451.895,-0.00016296600000001438,168.3786,605.1557682
451.94500000000005,0.00019260599999999795,168.3786,603.1669074000001
451.995,0.00019260599999999795,169.37220000000002,603.1669074000001
452.0450000000001,0.00037039200000001105,169.37220000000002,601.1780466
452.095,0.00019260599999999795,167.38500000000002,601.1780466
452.145,1.4819999999998723e-05,167.38500000000002,603.1669074000001
452.19500000000005,-0.00016296600000001438,167.38500000000002,603.1669074000001
452.245,0.00019260599999999795,167.38500000000002,603.1669074000001
452.2950000000001,-0.00016296600000001438,167.38500000000002,605.1557682
452.345,0.00019260599999999795,167.38500000000002,599.1891858000001
452.395,-0.0003407520000000136,165.39780000000002,603.1669074000001
452.44500000000005,1.4819999999998723e-05,168.3786,603.1669074000001
452.495,0.00019260599999999795,167.38500000000002,601.1780466
452.5450000000001,1.4819999999998723e-05,168.3786,605.1557682
452.595,0.00037039200000001105,168.3786,601.1780466
452.645,0.00019260599999999795,169.37220000000002,603.1669074000001
452.69500000000005,1.4819999999998723e-05,167.38500000000002,605.1557682
452.745,0.00019260599999999795,168.3786,603.1669074000001
452.7950000000001,0.00019260599999999795,168.3786,601.1780466
452.845,0.00037039200000001105,169.37220000000002,599.1891858000001
452.895,1.4819999999998723e-05,165.39780000000002,601.1780466
452.94500000000005,1.4819999999998723e-05,168.3786,603.1669074000001
452.995,0.00037039200000001105,169.37220000000002,601.1780466
453.0450000000001,0.00019260599999999795,168.3786,603.1669074000001
453.095,0.00037039200000001105,170.3658,601.1780466
453.145,0.00037039200000001105,169.37220000000002,603.1669074000001
453.19500000000005,0.00037039200000001105,169.37220000000002,603.1669074000001
453.245,0.00037039200000001105,169.37220000000002,601.1780466
453.29600000000005,0.00019260599999999795,168.3786,603.1669074000001
453.346,0.00019260599999999795,167.38500000000002,601.1780466
453.395,0.00019260599999999795,168.3786,605.1557682
453.44500000000005,1.4819999999998723e-05,167.38500000000002,601.1780466
453.495,1.4819999999998723e-05,166.3914,601.1780466
453.5450000000001,1.4819999999998723e-05,167.38500000000002,603.1669074000001
453.596,1.4819999999998723e-05,168.3786,603.1669074000001
453.6460000000001,1.4819999999998723e-05,168.3786,603.1669074000001
453.696,0.00019260599999999795,167.38500000000002,601.1780466
453.746,1.4819999999998723e-05,166.3914,603.1669074000001
453.79600000000005,1.4819999999998723e-05,168.3786,603.1669074000001
453.846,1.4819999999998723e-05,167.38500000000002,603.1669074000001
453.8960000000001,0.00019260599999999795,168.3786,603.1669074000001
453.946,0.00019260599999999795,169.37220000000002,603.1669074000001
453.996,1.4819999999998723e-05,168.3786,603.1669074000001
454.04600000000005,1.4819999999998723e-05,167.38500000000002,603.1669074000001
454.096,-0.00016296600000001438,167.38500000000002,605.1557682
454.1460000000001,1.4819999999998723e-05,166.3914,603.1669074000001
454.196,0.00037039200000001105,169.37220000000002,603.1669074000001
454.246,1.4819999999998723e-05,166.3914,601.1780466
454.29600000000005,0.00037039200000001105,169.37220000000002,601.1780466
454.346,1.4819999999998723e-05,168.3786,605.1557682
454.3960000000001,0.0005481779999999825,167.38500000000002,601.1780466
454.446,0.00019260599999999795,170.3658,601.1780466
454.496,0.00037039200000001105,168.3786,601.1780466
454.54600000000005,0.00019260599999999795,167.38500000000002,601.1780466
454.596,0.00019260599999999795,167.38500000000002,601.1780466
454.6460000000001,0.00037039200000001105,167.38500000000002,601.1780466
454.696,-0.00016296600000001438,166.3914,603.1669074000001
454.746,1.4819999999998723e-05,168.3786,603.1669074000001
454.79600000000005,0.00037039200000001105,168.3786,601.1780466
454.846,1.4819999999998723e-05,167.38500000000002,601.1780466
454.8960000000001,1.4819999999998723e-05,166.3914,603.1669074000001
454.946,0.0005481779999999825,169.37220000000002,601.1780466
454.996,1.4819999999998723e-05,167.38500000000002,603.1669074000001
455.04600000000005,0.00037039200000001105,170.3658,603.1669074000001
455.096,-0.0003407520000000136,167.38500000000002,601.1780466
455.1460000000001,0.00019260599999999795,167.38500000000002,601.1780466
455.196,0.00019260599999999795,168.3786,603.1669074000001
455.246,0.00037039200000001105,168.3786,603.1669074000001
455.29600000000005,0.00019260599999999795,169.37220000000002,601.1780466
455.346,0.00019260599999999795,167.38500000000002,603.1669074000001
455.3960000000001,0.00019260599999999795,168.3786,603.1669074000001
455.446,0.00019260599999999795,168.3786,603.1669074000001
455.496,0.00037039200000001105,169.37220000000002,601.1780466
455.54600000000005,0.00019260599999999795,168.3786,603.1669074000001
455.596,-0.00016296600000001438,168.3786,603.1669074000001
455.6460000000001,0.00037039200000001105,167.38500000000002,601.1780466
455.696,0.00019260599999999795,168.3786,601.1780466
455.746,1.4819999999998723e-05,168.3786,605.1557682
455.79600000000005,1.4819999999998723e-05,168.3786,603.1669074000001
455.846,1.4819999999998723e-05,168.3786,605.1557682
455.8960000000001,1.4819999999998723e-05,168.3786,603.1669074000001
455.946,1.4819999999998723e-05,166.3914,603.1669074000001
455.996,0.00037039200000001105,170.3658,601.1780466
456.04600000000005,-0.0005185379999999989,165.39780000000002,603.1669074000001
456.096,0.00037039200000001105,169.37220000000002,603.1669074000001
456.1460000000001,0.00019260599999999795,168.3786,603.1669074000001
456.196,0.00019260599999999795,168.3786,603.1669074000001
456.246,-0.00016296600000001438,168.3786,603.1669074000001
456.29600000000005,1.4819999999998723e-05,168.3786,605.1557682
456.346,-0.00016296600000001438,166.3914,605.1557682
456.3960000000001,0.00037039200000001105,170.3658,601.1780466
456.447,0.00037039200000001105,169.37220000000002,603.1669074000001
456.49700000000007,0.00019260599999999795,167.38500000000002,601.1780466
456.54600000000005,0.0005481779999999825,169.37220000000002,599.1891858000001
456.596,0.00037039200000001105,169.37220000000002,603.1669074000001
456.6460000000001,1.4819999999998723e-05,167.38500000000002,603.1669074000001
456.696,0.00019260599999999795,168.3786,601.1780466
456.74700000000007,0.00037039200000001105,168.3786,603.1669074000001
456.797,0.00019260599999999795,168.3786,601.1780466
456.847,1.4819999999998723e-05,168.3786,601.1780466
456.89700000000005,0.00037039200000001105,168.3786,601.1780466
456.947,0.00019260599999999795,167.38500000000002,603.1669074000001
456.99700000000007,0.00019260599999999795,168.3786,603.1669074000001
457.047,1.4819999999998723e-05,169.37220000000002,603.1669074000001
457.097,0.00019260599999999795,168.3786,605.1557682
457.14700000000005,1.4819999999998723e-05,168.3786,601.1780466
457.197,-0.00016296600000001438,168.3786,603.1669074000001
457.24700000000007,1.4819999999998723e-05,170.3658,605.1557682
457.297,0.00037039200000001105,168.3786,601.1780466
457.347,-0.00016296600000001438,168.3786,603.1669074000001
457.39700000000005,1.4819999999998723e-05,165.39780000000002,603.1669074000001
457.447,1.4819999999998723e-05,167.38500000000002,601.1780466
457.49700000000007,1.4819999999998723e-05,169.37220000000002,603.1669074000001
457.547,1.4819999999998723e-05,168.3786,603.1669074000001
457.597,-0.00016296600000001438,167.38500000000002,605.1557682
457.64700000000005,0.00037039200000001105,169.37220000000002,601.1780466
457.697,1.4819999999998723e-05,167.38500000000002,603.1669074000001
457.74700000000007,1.4819999999998723e-05,166.3914,601.1780466
457.797,1.4819999999998723e-05,167.38500000000002,603.1669074000001
457.847,0.0005481779999999825,166.3914,601.1780466
457.89700000000005,1.4819999999998723e-05,168.3786,603.1669074000001
457.947,0.00019260599999999795,170.3658,603.1669074000001
457.99700000000007,0.00037039200000001105,167.38500000000002,603.1669074000001
458.047,1.4819999999998723e-05,168.3786,603.1669074000001
458.097,1.4819999999998723e-05,169.37220000000002,605.1557682
458.14700000000005,0.00037039200000001105,170.3658,603.1669074000001
458.197,0.00037039200000001105,168.3786,601.1780466
458.24700000000007,1.4819999999998723e-05,167.38500000000002,599.1891858000001
458.297,1.4819999999998723e-05,168.3786,603.1669074000001
458.347,0.00019260599999999795,168.3786,601.1780466
458.39700000000005,0.00019260599999999795,168.3786,603.1669074000001
458.447,-0.00016296600000001438,166.3914,603.1669074000001
