Time (s),Channel 1 (mA),Channel 2 (mV),Channel 3 (mV)
0.0,1.4819999999998723e-05,286.61699999999996,-1.4467757999998412
0.009000000000014552,-0.00016296600000001438,288.6042,2.5309457999999267
0.01900000000023283,-0.0003407520000000136,290.59139999999996,4.519806600000038
0.028999999999996362,-0.0003407520000000136,288.6042,2.5309457999999267
0.03999999999996362,1.4819999999998723e-05,289.5978,0.5420850000000428
0.04899999999997817,-0.00016296600000001438,290.59139999999996,4.519806600000038
0.05999999999994543,-0.0003407520000000136,288.6042,4.519806600000038
0.07000000000016371,-0.0005185379999999989,287.6106,4.519806600000038
0.07999999999992724,-0.0005185379999999989,289.5978,4.519806600000038
0.09000000000014552,1.4819999999998723e-05,285.6234,0.5420850000000428
0.09999999999990905,-0.0003407520000000136,289.5978,4.519806600000038
0.11000000000012733,-0.00016296600000001438,290.59139999999996,4.519806600000038
0.11999999999989086,1.4819999999998723e-05,289.5978,2.5309457999999267
0.13000000000010914,0.00019260599999999795,291.585,0.5420850000000428
0.13999999999987267,-0.00016296600000001438,288.6042,4.519806600000038
0.15000000000009095,-0.0005185379999999989,289.5978,4.519806600000038
0.15999999999985448,-0.0006963239999999982,286.61699999999996,4.519806600000038
0.17000000000007276,-0.00016296600000001438,292.5786,4.519806600000038
0.1799999999998363,0.00019260599999999795,287.6106,0.5420850000000428
0.19000000000005457,-0.00016296600000001438,291.585,4.519806600000038
0.1999999999998181,-0.00016296600000001438,290.59139999999996,6.508667400000149
0.21000000000003638,-0.0003407520000000136,290.59139999999996,4.519806600000038
0.2199999999997999,0.00037039200000001105,291.585,2.5309457999999267
0.2300000000000182,-0.0005185379999999989,289.5978,6.508667400000149
0.24000000000023647,-0.0005185379999999989,289.5978,4.519806600000038
0.25,-0.00016296600000001438,289.5978,4.519806600000038
0.2600000000002183,-0.00016296600000001438,291.585,4.519806600000038
0.2699999999999818,-0.00016296600000001438,286.61699999999996,2.5309457999999267
0.2800000000002001,-0.0003407520000000136,289.5978,4.519806600000038
0.2899999999999636,-0.00016296600000001438,292.5786,4.519806600000038
0.3000000000001819,-0.0005185379999999989,288.6042,2.5309457999999267
0.30999999999994543,-0.0003407520000000136,287.6106,0.5420850000000428
0.3200000000001637,-0.00016296600000001438,291.585,4.519806600000038
0.32999999999992724,-0.00016296600000001438,289.5978,4.519806600000038
0.3400000000001455,0.00037039200000001105,292.5786,2.5309457999999267
0.34999999999990905,-0.00016296600000001438,290.59139999999996,4.519806600000038
0.36000000000012733,-0.0003407520000000136,291.585,6.508667400000149
0.4050000000002001,1.4819999999998723e-05,286.61699999999996,0.5420850000000428
0.4149999999999636,-0.0005185379999999989,287.6106,4.519806600000038
0.4250000000001819,-0.0003407520000000136,290.59139999999996,4.519806600000038
0.43400000000019645,-0.00016296600000001438,289.5978,2.5309457999999267
0.44399999999996,-0.00016296600000001438,287.6106,4.519806600000038
0.45299999999997453,1.4819999999998723e-05,290.59139999999996,2.5309457999999267
0.4630000000001928,-0.00016296600000001438,288.6042,2.5309457999999267
0.47299999999995634,1.4819999999998723e-05,291.585,4.519806600000038
0.4819999999999709,-0.0003407520000000136,288.6042,2.5309457999999267
0.4920000000001892,1.4819999999998723e-05,290.59139999999996,2.5309457999999267
0.5019999999999527,-0.0005185379999999989,291.585,4.519806600000038
0.5109999999999673,1.4819999999998723e-05,292.5786,2.5309457999999267
0.5300000000002001,-0.00016296600000001438,291.585,2.5309457999999267
0.5399999999999636,1.4819999999998723e-05,290.59139999999996,0.5420850000000428
0.5500000000001819,1.4819999999998723e-05,290.59139999999996,4.519806600000038
0.5599999999999454,-0.0003407520000000136,289.5978,4.519806600000038
0.5700000000001637,-0.0003407520000000136,288.6042,4.519806600000038
0.581000000000131,1.4819999999998723e-05,288.6042,0.5420850000000428
0.5900000000001455,1.4819999999998723e-05,291.585,2.5309457999999267
0.599999999999909,-0.00016296600000001438,288.6042,2.5309457999999267
0.6100000000001273,-0.0003407520000000136,288.6042,2.5309457999999267
0.6199999999998909,-0.0003407520000000136,288.6042,4.519806600000038
0.6309999999998581,1.4819999999998723e-05,287.6106,0.5420850000000428
0.6399999999998727,-0.00016296600000001438,290.59139999999996,2.5309457999999267
0.650000000000091,-0.00016296600000001438,290.59139999999996,2.5309457999999267
0.6599999999998545,-0.00016296600000001438,290.59139999999996,4.519806600000038
0.6709999999998217,0.00019260599999999795,291.585,0.5420850000000428
0.6799999999998363,-0.00016296600000001438,291.585,4.519806600000038
0.6909999999998035,1.4819999999998723e-05,290.59139999999996,2.5309457999999267
0.7010000000000218,-0.0005185379999999989,290.59139999999996,6.508667400000149
0.7110000000002401,1.4819999999998723e-05,288.6042,2.5309457999999267
0.7210000000000036,-0.00016296600000001438,288.6042,2.5309457999999267
0.7310000000002219,-0.0005185379999999989,289.5978,4.519806600000038
0.7409999999999854,0.00019260599999999795,293.5722,4.519806600000038
0.7510000000002037,-0.00016296600000001438,290.59139999999996,4.519806600000038
0.7609999999999673,-0.00016296600000001438,287.6106,2.5309457999999267
0.7710000000001855,-0.0003407520000000136,288.6042,4.519806600000038
0.7809999999999491,-0.00016296600000001438,288.6042,2.5309457999999267
0.7910000000001673,-0.0003407520000000136,290.59139999999996,4.519806600000038
0.8009999999999309,1.4819999999998723e-05,290.59139999999996,4.519806600000038
0.8110000000001492,0.00019260599999999795,291.585,2.5309457999999267
0.8209999999999127,-0.00016296600000001438,288.6042,2.5309457999999267
0.831000000000131,-0.00016296600000001438,290.59139999999996,4.519806600000038
0.8409999999998945,-0.00016296600000001438,290.59139999999996,2.5309457999999267
0.8510000000001128,-0.0005185379999999989,286.61699999999996,0.5420850000000428
0.8609999999998763,-0.0003407520000000136,289.5978,4.519806600000038
0.8710000000000946,-0.00016296600000001438,291.585,4.519806600000038
0.8809999999998581,-0.00016296600000001438,289.5978,2.5309457999999267
0.8910000000000764,1.4819999999998723e-05,290.59139999999996,2.5309457999999267
0.9009999999998399,0.00019260599999999795,288.6042,0.5420850000000428
0.9110000000000582,-0.0003407520000000136,289.5978,2.5309457999999267
0.9209999999998217,-0.0005185379999999989,289.5978,4.519806600000038
0.93100000000004,-0.0003407520000000136,289.5978,4.519806600000038
0.9409999999998035,0.00019260599999999795,289.5978,0.5420850000000428
0.9510000000000218,-0.0005185379999999989,289.5978,6.508667400000149
0.9610000000002401,-0.0003407520000000136,288.6042,4.519806600000038
0.9710000000000036,-0.00016296600000001438,290.59139999999996,4.519806600000038
0.9810000000002219,-0.0003407520000000136,288.6042,4.519806600000038
0.9909999999999854,1.4819999999998723e-05,292.5786,0.5420850000000428
1.0010000000002037,-0.0003407520000000136,290.59139999999996,4.519806600000038
1.0109999999999673,1.4819999999998723e-05,290.59139999999996,4.519806600000038
1.0210000000001855,1.4819999999998723e-05,291.585,4.519806600000038
1.030999999999949,0.00019260599999999795,291.585,0.5420850000000428
1.0410000000001673,-0.0003407520000000136,291.585,4.519806600000038
1.0509999999999309,-0.0003407520000000136,290.59139999999996,4.519806600000038
1.0610000000001492,-0.0005185379999999989,287.6106,4.519806600000038
1.0709999999999127,-0.00016296600000001438,288.6042,4.519806600000038
1.081000000000131,-0.00016296600000001438,288.6042,4.519806600000038
1.0909999999998945,1.4819999999998723e-05,292.5786,2.5309457999999267
1.1010000000001128,-0.0003407520000000136,286.61699999999996,2.5309457999999267
1.1109999999998763,-0.0005185379999999989,290.59139999999996,4.519806600000038
1.1210000000000946,-0.00016296600000001438,291.585,4.519806600000038
1.1309999999998581,-0.0003407520000000136,289.5978,6.508667400000149
1.1410000000000764,-0.0005185379999999989,290.59139999999996,4.519806600000038
1.1709999999998217,1.4819999999998723e-05,285.6234,0.5420850000000428
1.18100000000004,-0.0003407520000000136,289.5978,4.519806600000038
1.1900000000000546,-0.0003407520000000136,289.5978,4.519806600000038
1.199999999999818,-0.0003407520000000136,289.5978,6.508667400000149
1.2100000000000364,1.4819999999998723e-05,288.6042,0.5420850000000428
1.219000000000051,-0.0003407520000000136,287.6106,4.519806600000038
1.2289999999998145,-0.0005185379999999989,287.6106,2.5309457999999267
1.237999999999829,-0.0005185379999999989,288.6042,6.508667400000149
1.2480000000000473,0.00019260599999999795,291.585,2.5309457999999267
1.2579999999998108,1.4819999999998723e-05,288.6042,0.5420850000000428
1.2669999999998254,-0.00016296600000001438,289.5978,4.519806600000038
1.2770000000000437,-0.00016296600000001438,289.5978,4.519806600000038
1.2860000000000582,-0.00016296600000001438,290.59139999999996,2.5309457999999267
1.2959999999998217,-0.0003407520000000136,287.6106,0.5420850000000428
1.30600000000004,-0.00016296600000001438,285.6234,2.5309457999999267
1.3150000000000546,-0.0003407520000000136,291.585,4.519806600000038
1.324999999999818,-0.0005185379999999989,289.5978,6.508667400000149
1.3350000000000364,-0.0003407520000000136,290.59139999999996,4.519806600000038
1.344000000000051,0.00019260599999999795,292.5786,0.5420850000000428
1.3539999999998145,1.4819999999998723e-05,291.585,2.5309457999999267
1.362999999999829,-0.0003407520000000136,289.5978,4.519806600000038
1.3730000000000473,-0.0003407520000000136,289.5978,4.519806600000038
1.3829999999998108,-0.0003407520000000136,290.59139999999996,4.519806600000038
1.3919999999998254,1.4819999999998723e-05,289.5978,2.5309457999999267
1.4119999999998072,-0.0005185379999999989,288.6042,4.519806600000038
1.4220000000000255,-0.00016296600000001438,289.5978,2.5309457999999267
1.431999999999789,1.4819999999998723e-05,291.585,4.519806600000038
1.4420000000000073,-0.00016296600000001438,288.6042,2.5309457999999267
1.4520000000002256,-0.00016296600000001438,290.59139999999996,4.519806600000038
1.461999999999989,-0.0005185379999999989,287.6106,4.519806600000038
1.4720000000002074,-0.0003407520000000136,290.59139999999996,2.5309457999999267
1.481999999999971,1.4819999999998723e-05,289.5978,2.5309457999999267
1.4920000000001892,-0.0003407520000000136,289.5978,4.519806600000038
1.5019999999999527,1.4819999999998723e-05,292.5786,4.519806600000038
1.512000000000171,1.4819999999998723e-05,291.585,4.519806600000038
1.5219999999999345,0.00019260599999999795,292.5786,0.5420850000000428
1.5320000000001528,1.4819999999998723e-05,290.59139999999996,2.5309457999999267
1.5419999999999163,-0.00016296600000001438,289.5978,2.5309457999999267
1.5520000000001346,-0.00016296600000001438,290.59139999999996,4.519806600000038
1.5619999999998981,-0.00016296600000001438,292.5786,4.519806600000038
1.5720000000001164,0.00019260599999999795,293.5722,0.5420850000000428
1.58199999999988,-0.0005185379999999989,289.5978,4.519806600000038
1.5920000000000982,-0.0003407520000000136,290.59139999999996,4.519806600000038
1.6019999999998618,-0.00016296600000001438,292.5786,4.519806600000038
1.61200000000008,-0.00016296600000001438,289.5978,0.5420850000000428
1.6219999999998436,-0.0003407520000000136,290.59139999999996,4.519806600000038
1.6320000000000618,-0.0003407520000000136,288.6042,4.519806600000038
1.6419999999998254,-0.0003407520000000136,291.585,4.519806600000038
1.6520000000000437,-0.0003407520000000136,288.6042,2.5309457999999267
1.6619999999998072,1.4819999999998723e-05,290.59139999999996,0.5420850000000428
1.6720000000000255,-0.00016296600000001438,288.6042,4.519806600000038
1.681999999999789,-0.0003407520000000136,290.59139999999996,4.519806600000038
1.6920000000000073,-0.0003407520000000136,289.5978,4.519806600000038
1.7100000000000364,0.00019260599999999795,288.6042,2.5309457999999267
1.7199999999998,-0.0003407520000000136,291.585,4.519806600000038
1.7300000000000182,-0.0003407520000000136,291.585,2.5309457999999267
1.7390000000000327,-0.0006963239999999982,288.6042,4.519806600000038
1.7489999999997963,0.00019260599999999795,288.6042,0.5420850000000428
1.7590000000000146,-0.0003407520000000136,290.59139999999996,4.519806600000038
1.768000000000029,-0.0003407520000000136,287.6106,4.519806600000038
1.7779999999997926,-0.00016296600000001438,290.59139999999996,2.5309457999999267
1.7869999999998072,-0.0003407520000000136,288.6042,2.5309457999999267
1.7970000000000255,1.4819999999998723e-05,288.6042,0.5420850000000428
1.806999999999789,-0.0003407520000000136,289.5978,2.5309457999999267
1.8159999999998035,-0.00016296600000001438,292.5786,4.519806600000038
1.8260000000000218,-0.0005185379999999989,288.6042,6.508667400000149
1.8350000000000364,1.4819999999998723e-05,290.59139999999996,4.519806600000038
1.8449999999998,-0.00016296600000001438,286.61699999999996,0.5420850000000428
1.8550000000000182,-0.00016296600000001438,291.585,2.5309457999999267
1.8640000000000327,-0.0003407520000000136,289.5978,4.519806600000038
1.8739999999997963,-0.0003407520000000136,288.6042,2.5309457999999267
1.8840000000000146,1.4819999999998723e-05,288.6042,2.5309457999999267
1.893000000000029,-0.0005185379999999989,285.6234,2.5309457999999267
1.9119999999998072,-0.0005185379999999989,287.6106,4.519806600000038
1.9220000000000255,-0.0005185379999999989,289.5978,4.519806600000038
1.9329999999999927,0.00019260599999999795,290.59139999999996,2.5309457999999267
1.943000000000211,-0.00016296600000001438,291.585,4.519806600000038
1.9529999999999745,-0.0003407520000000136,290.59139999999996,4.519806600000038
1.9630000000001928,-0.00016296600000001438,291.585,2.5309457999999267
1.9729999999999563,-0.00016296600000001438,286.61699999999996,0.5420850000000428
1.9830000000001746,-0.0003407520000000136,289.5978,2.5309457999999267
1.9929999999999382,-0.00016296600000001438,291.585,4.519806600000038
2.0030000000001564,-0.0005185379999999989,287.6106,4.519806600000038
2.01299999999992,-0.00016296600000001438,288.6042,2.5309457999999267
2.0230000000001382,-0.00016296600000001438,288.6042,0.5420850000000428
2.0329999999999018,-0.00016296600000001438,290.59139999999996,4.519806600000038
2.04300000000012,-0.0003407520000000136,288.6042,2.5309457999999267
2.0529999999998836,-0.0003407520000000136,288.6042,2.5309457999999267
2.063000000000102,-0.00016296600000001438,286.61699999999996,-1.4467757999998412
2.0729999999998654,-0.00016296600000001438,288.6042,2.5309457999999267
2.0830000000000837,-0.00016296600000001438,290.59139999999996,4.519806600000038
2.092999999999847,-0.00016296600000001438,290.59139999999996,4.519806600000038
2.1030000000000655,1.4819999999998723e-05,289.5978,2.5309457999999267
2.112999999999829,1.4819999999998723e-05,289.5978,0.5420850000000428
2.1230000000000473,-0.00016296600000001438,288.6042,4.519806600000038
2.132999999999811,-0.0005185379999999989,289.5978,4.519806600000038
2.143000000000029,-0.0003407520000000136,290.59139999999996,4.519806600000038
2.1529999999997926,0.00019260599999999795,287.6106,0.5420850000000428
2.163000000000011,-0.00016296600000001438,290.59139999999996,4.519806600000038
2.173000000000229,-0.0003407520000000136,287.6106,6.508667400000149
2.1829999999999927,-0.0003407520000000136,290.59139999999996,4.519806600000038
2.193000000000211,-0.0003407520000000136,289.5978,6.508667400000149
2.2029999999999745,1.4819999999998723e-05,290.59139999999996,2.5309457999999267
2.213000000000193,-0.00016296600000001438,290.59139999999996,4.519806600000038
2.2229999999999563,-0.0003407520000000136,292.5786,4.519806600000038
2.2330000000001746,-0.00016296600000001438,291.585,4.519806600000038
2.242999999999938,1.4819999999998723e-05,288.6042,0.5420850000000428
2.2530000000001564,1.4819999999998723e-05,293.5722,4.519806600000038
2.26299999999992,-0.0003407520000000136,289.5978,4.519806600000038
2.2730000000001382,-0.0003407520000000136,292.5786,4.519806600000038
2.2829999999999018,-0.0003407520000000136,290.59139999999996,4.519806600000038
2.29300000000012,0.00019260599999999795,288.6042,0.5420850000000428
2.3029999999998836,-0.0005185379999999989,289.5978,4.519806600000038
2.313000000000102,-0.0003407520000000136,289.5978,4.519806600000038
2.3229999999998654,-0.00016296600000001438,291.585,4.519806600000038
2.3330000000000837,-0.0003407520000000136,288.6042,0.5420850000000428
2.342999999999847,-0.0003407520000000136,289.5978,4.519806600000038
2.3530000000000655,-0.0005185379999999989,289.5978,4.519806600000038
2.362999999999829,-0.00016296600000001438,288.6042,2.5309457999999267
2.3730000000000473,-0.00016296600000001438,289.5978,4.519806600000038
2.382999999999811,-0.00016296600000001438,285.6234,0.5420850000000428
2.393000000000029,-0.0003407520000000136,291.585,4.519806600000038
2.4029999999997926,-0.00016296600000001438,291.585,4.519806600000038
2.413000000000011,-0.0005185379999999989,288.6042,4.519806600000038
2.423999999999978,-0.00016296600000001438,290.59139999999996,4.519806600000038
2.4329999999999927,-0.00016296600000001438,288.6042,4.519806600000038
2.443000000000211,-0.0005185379999999989,290.59139999999996,6.508667400000149
2.4529999999999745,-0.0003407520000000136,289.5978,4.519806600000038
2.463000000000193,-0.0003407520000000136,291.585,6.508667400000149
2.47400000000016,1.4819999999998723e-05,287.6106,0.5420850000000428
2.4830000000001746,1.4819999999998723e-05,292.5786,4.519806600000038
2.492999999999938,-0.0005185379999999989,288.6042,6.508667400000149
2.5030000000001564,-0.0003407520000000136,291.585,6.508667400000149
2.5140000000001237,1.4819999999998723e-05,287.6106,0.5420850000000428
2.5230000000001382,-0.00016296600000001438,289.5978,4.519806600000038
2.5329999999999018,-0.00016296600000001438,290.59139999999996,4.519806600000038
2.54300000000012,-0.0003407520000000136,288.6042,4.519806600000038
2.5529999999998836,-0.0003407520000000136,290.59139999999996,4.519806600000038
2.563999999999851,1.4819999999998723e-05,289.5978,2.5309457999999267
2.574000000000069,-0.0003407520000000136,290.59139999999996,2.5309457999999267
2.5839999999998327,-0.0005185379999999989,288.6042,4.519806600000038
2.594000000000051,-0.0003407520000000136,286.61699999999996,2.5309457999999267
2.6039999999998145,-0.00016296600000001438,288.6042,2.5309457999999267
2.6140000000000327,-0.00016296600000001438,289.5978,4.519806600000038
2.6239999999997963,-0.00016296600000001438,289.5978,4.519806600000038
2.6340000000000146,0.00019260599999999795,293.5722,4.519806600000038
2.644000000000233,-0.0003407520000000136,290.59139999999996,4.519806600000038
2.6539999999999964,1.4819999999998723e-05,287.6106,2.5309457999999267
2.6640000000002146,-0.0005185379999999989,289.5978,6.508667400000149
2.673999999999978,-0.0003407520000000136,292.5786,4.519806600000038
2.6840000000001965,-0.0003407520000000136,288.6042,2.5309457999999267
2.69399999999996,-0.00016296600000001438,291.585,2.5309457999999267
2.7040000000001783,-0.0005185379999999989,288.6042,4.519806600000038
2.713999999999942,-0.00016296600000001438,288.6042,2.5309457999999267
2.72400000000016,-0.0003407520000000136,290.59139999999996,4.519806600000038
2.7339999999999236,-0.0003407520000000136,290.59139999999996,4.519806600000038
2.744000000000142,0.00019260599999999795,293.5722,2.5309457999999267
2.7539999999999054,-0.0003407520000000136,289.5978,4.519806600000038
2.7910000000001673,-0.00016296600000001438,286.61699999999996,0.5420850000000428
2.800000000000182,-0.0003407520000000136,289.5978,4.519806600000038
2.8099999999999454,-0.00016296600000001438,290.59139999999996,4.519806600000038
2.81899999999996,-0.0003407520000000136,288.6042,2.5309457999999267
2.8290000000001783,1.4819999999998723e-05,290.59139999999996,4.519806600000038
2.838999999999942,-0.00016296600000001438,291.585,4.519806600000038
2.8479999999999563,-0.0003407520000000136,291.585,4.519806600000038
2.8580000000001746,-0.0003407520000000136,290.59139999999996,6.508667400000149
2.880999999999858,0.00019260599999999795,285.6234,-1.4467757999998412
2.8899999999998727,-0.0003407520000000136,288.6042,2.5309457999999267
2.900000000000091,-0.00016296600000001438,291.585,4.519806600000038
2.9090000000001055,-0.0003407520000000136,290.59139999999996,4.519806600000038
2.918999999999869,0.00019260599999999795,291.585,2.5309457999999267
2.9290000000000873,-0.0003407520000000136,290.59139999999996,6.508667400000149
2.938000000000102,-0.0005185379999999989,289.5978,4.519806600000038
2.9479999999998654,-0.0003407520000000136,289.5978,4.519806600000038
2.95699999999988,-0.00016296600000001438,291.585,4.519806600000038
2.9670000000000982,1.4819999999998723e-05,287.6106,0.5420850000000428
2.9769999999998618,-0.00016296600000001438,289.5978,2.5309457999999267
2.9859999999998763,-0.00016296600000001438,290.59139999999996,2.5309457999999267
2.9960000000000946,-0.0003407520000000136,289.5978,2.5309457999999267
3.005999999999858,-0.0005185379999999989,289.5978,2.5309457999999267
3.0149999999998727,1.4819999999998723e-05,284.6298,2.5309457999999267
3.0340000000001055,-0.0003407520000000136,288.6042,2.5309457999999267
3.043999999999869,-0.00016296600000001438,289.5978,4.519806600000038
3.0549999999998363,1.4819999999998723e-05,289.5978,2.5309457999999267
3.063999999999851,-0.00016296600000001438,290.59139999999996,4.519806600000038
3.074000000000069,-0.0003407520000000136,288.6042,4.519806600000038
3.0839999999998327,-0.0003407520000000136,290.59139999999996,4.519806600000038
3.094000000000051,-0.00016296600000001438,290.59139999999996,2.5309457999999267
3.105000000000018,-0.00016296600000001438,288.6042,-1.4467757999998412
3.1140000000000327,-0.0003407520000000136,290.59139999999996,4.519806600000038
3.1239999999997963,-0.00016296600000001438,290.59139999999996,4.519806600000038
3.1340000000000146,-0.00016296600000001438,292.5786,6.508667400000149
3.144999999999982,1.4819999999998723e-05,290.59139999999996,2.5309457999999267
3.1539999999999964,-0.0005185379999999989,290.59139999999996,6.508667400000149
3.1640000000002146,-0.0003407520000000136,289.5978,2.5309457999999267
3.173999999999978,-0.00016296600000001438,291.585,4.519806600000038
3.1840000000001965,-0.0006963239999999982,288.6042,4.519806600000038
3.1950000000001637,1.4819999999998723e-05,292.5786,2.5309457999999267
3.2049999999999272,-0.0003407520000000136,288.6042,2.5309457999999267
3.286000000000058,1.4819999999998723e-05,288.6042,2.5309457999999267
3.2959999999998217,-0.0003407520000000136,290.59139999999996,4.519806600000038
3.3049999999998363,-0.0003407520000000136,291.585,4.519806600000038
3.324999999999818,0.00019260599999999795,290.59139999999996,2.5309457999999267
3.3350000000000364,-0.0003407520000000136,289.5978,4.519806600000038
3.3449999999998,-0.00016296600000001438,291.585,2.5309457999999267
3.355000000000018,-0.0005185379999999989,289.5978,6.508667400000149
3.3650000000002365,-0.0003407520000000136,288.6042,4.519806600000038
3.375,-0.0003407520000000136,287.6106,2.5309457999999267
3.3850000000002183,1.4819999999998723e-05,290.59139999999996,0.5420850000000428
3.394999999999982,-0.0005185379999999989,288.6042,2.5309457999999267
3.4050000000002,-0.0003407520000000136,289.5978,4.519806600000038
3.4149999999999636,0.00019260599999999795,288.6042,0.5420850000000428
3.425000000000182,-0.0003407520000000136,290.59139999999996,4.519806600000038
3.4349999999999454,-0.00016296600000001438,290.59139999999996,4.519806600000038
3.4450000000001637,-0.0003407520000000136,292.5786,4.519806600000038
3.4549999999999272,-0.00016296600000001438,289.5978,6.508667400000149
3.4650000000001455,1.4819999999998723e-05,286.61699999999996,-1.4467757999998412
3.474999999999909,-0.0003407520000000136,289.5978,4.519806600000038
3.4850000000001273,-0.0003407520000000136,288.6042,4.519806600000038
3.494999999999891,-0.0005185379999999989,288.6042,6.508667400000149
3.505000000000109,1.4819999999998723e-05,293.5722,0.5420850000000428
3.5149999999998727,-0.00016296600000001438,290.59139999999996,2.5309457999999267
3.525000000000091,-0.0003407520000000136,289.5978,4.519806600000038
3.5349999999998545,-0.0003407520000000136,287.6106,2.5309457999999267
3.5450000000000728,-0.0003407520000000136,289.5978,4.519806600000038
3.5549999999998363,1.4819999999998723e-05,288.6042,2.5309457999999267
3.5650000000000546,-0.0005185379999999989,290.59139999999996,6.508667400000149
3.574999999999818,-0.0003407520000000136,289.5978,4.519806600000038
3.5850000000000364,-0.0005185379999999989,290.59139999999996,6.508667400000149
3.5949999999998,0.00019260599999999795,289.5978,2.5309457999999267
3.605000000000018,-0.0005185379999999989,288.6042,6.508667400000149
3.6150000000002365,-0.0005185379999999989,291.585,6.508667400000149
3.625,-0.0003407520000000136,290.59139999999996,4.519806600000038
3.6350000000002183,-0.0005185379999999989,288.6042,4.519806600000038
3.644999999999982,-0.0005185379999999989,284.6298,4.519806600000038
3.6550000000002,1.4819999999998723e-05,292.5786,4.519806600000038
3.6649999999999636,-0.0003407520000000136,293.5722,6.508667400000149
3.675000000000182,-0.00016296600000001438,290.59139999999996,4.519806600000038
3.686000000000149,0.00019260599999999795,287.6106,0.5420850000000428
3.6950000000001637,-0.0003407520000000136,288.6042,4.519806600000038
3.7049999999999272,-0.0003407520000000136,289.5978,4.519806600000038
3.7150000000001455,-0.00016296600000001438,289.5978,2.5309457999999267
3.724999999999909,-0.0003407520000000136,289.5978,4.519806600000038
3.7359999999998763,1.4819999999998723e-05,287.6106,2.5309457999999267
3.744999999999891,-0.0003407520000000136,290.59139999999996,4.519806600000038
3.755000000000109,-0.0003407520000000136,291.585,4.519806600000038
3.7649999999998727,-0.00016296600000001438,292.5786,6.508667400000149
3.77599999999984,1.4819999999998723e-05,291.585,2.5309457999999267
3.7849999999998545,-0.0003407520000000136,287.6106,4.519806600000038
3.7950000000000728,-0.00016296600000001438,290.59139999999996,4.519806600000038
3.8049999999998363,-0.0003407520000000136,288.6042,4.519806600000038
3.8159999999998035,-0.0005185379999999989,289.5978,2.5309457999999267
3.826000000000022,0.00019260599999999795,290.59139999999996,2.5309457999999267
3.83600000000024,-0.00016296600000001438,289.5978,4.519806600000038
3.8460000000000036,-0.0005185379999999989,289.5978,4.519806600000038
3.856000000000222,1.4819999999998723e-05,289.5978,4.519806600000038
3.8659999999999854,1.4819999999998723e-05,291.585,0.5420850000000428
3.8760000000002037,-0.00016296600000001438,290.59139999999996,4.519806600000038
3.8859999999999673,-0.00016296600000001438,290.59139999999996,2.5309457999999267
3.8960000000001855,-0.0003407520000000136,288.6042,6.508667400000149
3.905999999999949,-0.0005185379999999989,288.6042,4.519806600000038
3.9160000000001673,-0.00016296600000001438,287.6106,0.5420850000000428
3.925999999999931,-0.0003407520000000136,288.6042,4.519806600000038
3.936000000000149,-0.0003407520000000136,289.5978,4.519806600000038
3.9459999999999127,-0.0003407520000000136,290.59139999999996,4.519806600000038
3.956000000000131,0.00019260599999999795,289.5978,0.5420850000000428
3.9659999999998945,1.4819999999998723e-05,291.585,4.519806600000038
3.9760000000001128,-0.00016296600000001438,290.59139999999996,2.5309457999999267
3.9859999999998763,-0.00016296600000001438,289.5978,2.5309457999999267
3.9960000000000946,-0.00016296600000001438,288.6042,4.519806600000038
4.005999999999858,1.4819999999998723e-05,286.61699999999996,0.5420850000000428
4.016000000000076,-0.0003407520000000136,290.59139999999996,4.519806600000038
4.02599999999984,-0.0003407520000000136,290.59139999999996,4.519806600000038
4.036000000000058,-0.0005185379999999989,287.6106,4.519806600000038
4.045999999999822,0.00037039200000001105,290.59139999999996,0.5420850000000428
4.05600000000004,-0.00016296600000001438,291.585,4.519806600000038
4.0659999999998035,-0.0003407520000000136,288.6042,4.519806600000038
4.076000000000022,-0.0003407520000000136,292.5786,4.519806600000038
4.08600000000024,-0.00016296600000001438,290.59139999999996,2.5309457999999267
4.096000000000004,-0.0003407520000000136,287.6106,0.5420850000000428
4.106000000000222,-0.00016296600000001438,289.5978,4.519806600000038
4.1159999999999854,1.4819999999998723e-05,290.59139999999996,4.519806600000038
4.126000000000204,-0.0003407520000000136,289.5978,2.5309457999999267
4.135999999999967,0.00019260599999999795,292.5786,2.5309457999999267
4.1460000000001855,-0.0005185379999999989,289.5978,6.508667400000149
4.155999999999949,-0.00016296600000001438,289.5978,2.5309457999999267
4.166000000000167,-0.0003407520000000136,288.6042,4.519806600000038
4.175999999999931,-0.00016296600000001438,291.585,2.5309457999999267
4.186000000000149,1.4819999999998723e-05,289.5978,0.5420850000000428
4.195999999999913,-0.00016296600000001438,287.6106,2.5309457999999267
4.206000000000131,1.4819999999998723e-05,293.5722,2.5309457999999267
4.2159999999998945,-0.00016296600000001438,289.5978,2.5309457999999267
4.226000000000113,-0.00016296600000001438,286.61699999999996,2.5309457999999267
4.235999999999876,-0.0005185379999999989,289.5978,4.519806600000038
4.246000000000095,-0.0003407520000000136,288.6042,4.519806600000038
4.255999999999858,1.4819999999998723e-05,292.5786,4.519806600000038
4.266000000000076,-0.0003407520000000136,289.5978,4.519806600000038
4.27599999999984,-0.00016296600000001438,287.6106,2.5309457999999267
4.286000000000058,-0.00016296600000001438,291.585,4.519806600000038
4.295999999999822,-0.0003407520000000136,291.585,4.519806600000038
4.30600000000004,-0.0003407520000000136,289.5978,2.5309457999999267
4.317000000000007,1.4819999999998723e-05,291.585,0.5420850000000428
4.326000000000022,-0.00016296600000001438,289.5978,6.508667400000149
4.33600000000024,-0.00016296600000001438,288.6042,4.519806600000038
4.346000000000004,-0.0005185379999999989,287.6106,4.519806600000038
4.356000000000222,-0.0006963239999999982,288.6042,4.519806600000038
4.367000000000189,0.00019260599999999795,287.6106,2.5309457999999267
4.376000000000204,-0.0003407520000000136,289.5978,4.519806600000038
4.385999999999967,-0.0003407520000000136,290.59139999999996,6.508667400000149
4.3960000000001855,-0.00016296600000001438,291.585,2.5309457999999267
4.407000000000153,0.00019260599999999795,288.6042,2.5309457999999267
4.416000000000167,-0.0003407520000000136,289.5978,4.519806600000038
4.425999999999931,-0.0003407520000000136,290.59139999999996,4.519806600000038
4.436000000000149,-0.0003407520000000136,289.5978,4.519806600000038
4.447000000000116,-0.00016296600000001438,289.5978,4.519806600000038
4.45699999999988,1.4819999999998723e-05,288.6042,2.5309457999999267
4.467000000000098,1.4819999999998723e-05,292.5786,4.519806600000038
4.476999999999862,-0.0003407520000000136,288.6042,4.519806600000038
4.48700000000008,1.4819999999998723e-05,290.59139999999996,4.519806600000038
4.496999999999844,-0.00016296600000001438,283.6362,2.5309457999999267
4.507000000000062,-0.0003407520000000136,288.6042,2.5309457999999267
4.516999999999825,-0.0003407520000000136,289.5978,4.519806600000038
4.527000000000044,-0.0003407520000000136,290.59139999999996,4.519806600000038
4.536999999999807,-0.0003407520000000136,288.6042,0.5420850000000428
4.5470000000000255,-0.0003407520000000136,285.6234,2.5309457999999267
4.556999999999789,-0.00016296600000001438,289.5978,2.5309457999999267
4.567000000000007,-0.00016296600000001438,290.59139999999996,4.519806600000038
4.5770000000002256,-0.0003407520000000136,289.5978,2.5309457999999267
4.586999999999989,-0.0003407520000000136,286.61699999999996,0.5420850000000428
4.597000000000207,-0.0005185379999999989,288.6042,6.508667400000149
4.606999999999971,-0.0005185379999999989,289.5978,4.519806600000038
4.617000000000189,-0.00016296600000001438,290.59139999999996,2.5309457999999267
4.626999999999953,-0.00016296600000001438,289.5978,0.5420850000000428
4.637000000000171,-0.00016296600000001438,287.6106,2.5309457999999267
4.6469999999999345,-0.0006963239999999982,286.61699999999996,4.519806600000038
4.657000000000153,-0.0003407520000000136,287.6106,2.5309457999999267
4.666999999999916,-0.00016296600000001438,289.5978,4.519806600000038
4.677000000000135,-0.00016296600000001438,289.5978,0.5420850000000428
4.686999999999898,-0.0003407520000000136,290.59139999999996,6.508667400000149
4.697000000000116,-0.0005185379999999989,286.61699999999996,2.5309457999999267
4.70699999999988,-0.0003407520000000136,288.6042,2.5309457999999267
4.717000000000098,-0.00016296600000001438,287.6106,2.5309457999999267
4.726999999999862,1.4819999999998723e-05,289.5978,4.519806600000038
4.73700000000008,-0.00016296600000001438,291.585,4.519806600000038
4.746999999999844,-0.0003407520000000136,289.5978,4.519806600000038
4.757000000000062,-0.00016296600000001438,288.6042,2.5309457999999267
4.7710000000001855,-0.00016296600000001438,287.6106,0.5420850000000428
4.780999999999949,-0.0003407520000000136,289.5978,2.5309457999999267
4.791000000000167,-0.00016296600000001438,290.59139999999996,4.519806600000038
4.800000000000182,-0.0003407520000000136,290.59139999999996,4.519806600000038
4.809999999999945,-0.0005185379999999989,285.6234,0.5420850000000428
4.820000000000164,-0.0003407520000000136,291.585,4.519806600000038
4.829000000000178,-0.0005185379999999989,288.6042,6.508667400000149
4.838999999999942,-0.0003407520000000136,289.5978,2.5309457999999267
4.847999999999956,-0.0005185379999999989,290.59139999999996,4.519806600000038
4.860999999999876,0.00019260599999999795,289.5978,0.5420850000000428
4.871000000000095,-0.0006963239999999982,290.59139999999996,4.519806600000038
4.880999999999858,-0.00016296600000001438,290.59139999999996,4.519806600000038
4.889999999999873,-0.0003407520000000136,289.5978,2.5309457999999267
4.900000000000091,-0.00016296600000001438,287.6106,0.5420850000000428
4.9099999999998545,-0.0003407520000000136,288.6042,2.5309457999999267
4.918999999999869,-0.0003407520000000136,288.6042,4.519806600000038
4.929000000000087,-0.0003407520000000136,290.59139999999996,6.508667400000149
4.938000000000102,-0.0005185379999999989,290.59139999999996,6.508667400000149
4.947999999999865,-0.00016296600000001438,289.5978,2.5309457999999267
4.967000000000098,-0.0003407520000000136,289.5978,4.519806600000038
4.996000000000095,0.00019260599999999795,289.5978,0.5420850000000428
5.005999999999858,-0.0005185379999999989,286.61699999999996,4.519806600000038
5.016000000000076,-0.0003407520000000136,289.5978,4.519806600000038
5.025000000000091,-0.0003407520000000136,291.585,4.519806600000038
5.0349999999998545,1.4819999999998723e-05,290.59139999999996,0.5420850000000428
5.045000000000073,-0.00016296600000001438,291.585,4.519806600000038
5.054000000000087,-0.0003407520000000136,290.59139999999996,4.519806600000038
5.063999999999851,-0.0006963239999999982,289.5978,4.519806600000038
5.072999999999865,-0.0003407520000000136,289.5978,2.5309457999999267
5.083000000000084,0.00037039200000001105,290.59139999999996,0.5420850000000428
5.092999999999847,-0.00016296600000001438,289.5978,2.5309457999999267
5.101999999999862,-0.0005185379999999989,289.5978,4.519806600000038
5.11200000000008,-0.0003407520000000136,290.59139999999996,6.508667400000149
5.121000000000095,-0.0003407520000000136,291.585,4.519806600000038
5.130999999999858,1.4819999999998723e-05,289.5978,2.5309457999999267
5.141000000000076,-0.0003407520000000136,286.61699999999996,2.5309457999999267
5.150000000000091,-0.0003407520000000136,289.5978,2.5309457999999267
5.1599999999998545,-0.0003407520000000136,288.6042,4.519806600000038
5.170000000000073,-0.00016296600000001438,289.5978,0.5420850000000428
5.179000000000087,-0.0005185379999999989,290.59139999999996,6.508667400000149
5.188999999999851,-0.00016296600000001438,291.585,2.5309457999999267
5.208000000000084,-0.0003407520000000136,288.6042,4.519806600000038
5.217999999999847,0.00037039200000001105,289.5978,0.5420850000000428
5.2280000000000655,-0.00016296600000001438,288.6042,4.519806600000038
5.237999999999829,-0.00016296600000001438,291.585,2.5309457999999267
5.248000000000047,1.4819999999998723e-05,291.585,4.519806600000038
5.257999999999811,1.4819999999998723e-05,289.5978,0.5420850000000428
5.268000000000029,-0.00016296600000001438,290.59139999999996,2.5309457999999267
5.277999999999793,-0.00016296600000001438,289.5978,4.519806600000038
5.288000000000011,-0.0005185379999999989,288.6042,6.508667400000149
5.298000000000229,1.4819999999998723e-05,292.5786,4.519806600000038
5.307999999999993,-0.00016296600000001438,288.6042,2.5309457999999267
5.318000000000211,-0.00016296600000001438,290.59139999999996,4.519806600000038
5.3279999999999745,-0.00016296600000001438,289.5978,2.5309457999999267
5.338000000000193,-0.0003407520000000136,290.59139999999996,4.519806600000038
5.347999999999956,-0.00016296600000001438,291.585,2.5309457999999267
5.358000000000175,-0.00016296600000001438,290.59139999999996,4.519806600000038
5.367999999999938,-0.0003407520000000136,289.5978,4.519806600000038
5.378000000000156,-0.0003407520000000136,289.5978,4.519806600000038
5.38799999999992,-0.00016296600000001438,292.5786,4.519806600000038
5.398000000000138,-0.00016296600000001438,287.6106,0.5420850000000428
5.407999999999902,-0.0005185379999999989,287.6106,4.519806600000038
5.41800000000012,-0.0005185379999999989,289.5978,4.519806600000038
5.427999999999884,-0.00016296600000001438,290.59139999999996,4.519806600000038
5.438000000000102,0.00037039200000001105,291.585,2.5309457999999267
5.447999999999865,-0.0003407520000000136,290.59139999999996,4.519806600000038
5.458000000000084,-0.00016296600000001438,290.59139999999996,4.519806600000038
5.467999999999847,-0.00016296600000001438,291.585,4.519806600000038
5.4780000000000655,-0.0005185379999999989,288.6042,4.519806600000038
5.487999999999829,1.4819999999998723e-05,287.6106,2.5309457999999267
5.498000000000047,-0.0003407520000000136,288.6042,2.5309457999999267
5.507999999999811,-0.00016296600000001438,289.5978,2.5309457999999267
5.518000000000029,-0.00016296600000001438,290.59139999999996,6.508667400000149
5.527999999999793,1.4819999999998723e-05,289.5978,2.5309457999999267
5.538000000000011,-0.00016296600000001438,289.5978,2.5309457999999267
5.548000000000229,-0.0005185379999999989,289.5978,6.508667400000149
5.557999999999993,-0.00016296600000001438,290.59139999999996,4.519806600000038
5.58199999999988,-0.00016296600000001438,287.6106,0.5420850000000428
5.5909999999998945,-0.00016296600000001438,290.59139999999996,4.519806600000038
5.601000000000113,-0.0003407520000000136,289.5978,4.519806600000038
5.610000000000127,-0.00016296600000001438,290.59139999999996,4.519806600000038
5.619999999999891,-0.0005185379999999989,285.6234,0.5420850000000428
5.630000000000109,-0.0005185379999999989,289.5978,6.508667400000149
5.639000000000124,-0.00016296600000001438,290.59139999999996,6.508667400000149
5.657999999999902,-0.0003407520000000136,290.59139999999996,4.519806600000038
5.668999999999869,-0.0003407520000000136,283.6362,0.5420850000000428
5.677999999999884,-0.0003407520000000136,290.59139999999996,4.519806600000038
5.688000000000102,-0.0003407520000000136,290.59139999999996,4.519806600000038
5.699000000000069,-0.0003407520000000136,291.585,4.519806600000038
5.708999999999833,-0.0006963239999999982,285.6234,0.5420850000000428
5.719000000000051,-0.00016296600000001438,292.5786,4.519806600000038
5.7289999999998145,1.4819999999998723e-05,289.5978,2.5309457999999267
5.739000000000033,-0.0003407520000000136,290.59139999999996,4.519806600000038
5.748999999999796,-0.0006963239999999982,288.6042,6.508667400000149
5.7590000000000146,0.00019260599999999795,287.6106,0.5420850000000428
5.769000000000233,-0.0003407520000000136,290.59139999999996,6.508667400000149
5.778999999999996,-0.0003407520000000136,291.585,4.519806600000038
5.789000000000215,-0.0003407520000000136,291.585,6.508667400000149
5.798999999999978,1.4819999999998723e-05,288.6042,0.5420850000000428
5.8090000000001965,-0.00016296600000001438,291.585,4.519806600000038
5.81899999999996,-0.00016296600000001438,292.5786,4.519806600000038
5.829000000000178,-0.0005185379999999989,288.6042,4.519806600000038
5.838999999999942,-0.0006963239999999982,289.5978,4.519806600000038
5.84900000000016,1.4819999999998723e-05,289.5978,0.5420850000000428
5.858999999999924,-0.0003407520000000136,290.59139999999996,4.519806600000038
5.869000000000142,-0.0005185379999999989,288.6042,4.519806600000038
5.878999999999905,-0.0003407520000000136,290.59139999999996,4.519806600000038
5.8960000000001855,1.4819999999998723e-05,285.6234,0.5420850000000428
5.9050000000002,-0.0003407520000000136,289.5978,2.5309457999999267
5.914999999999964,-0.00016296600000001438,289.5978,2.5309457999999267
5.925000000000182,-0.00016296600000001438,287.6106,2.5309457999999267
5.9340000000001965,-0.00016296600000001438,288.6042,0.5420850000000428
5.94399999999996,-0.0003407520000000136,289.5978,4.519806600000038
5.954000000000178,-0.00016296600000001438,288.6042,2.5309457999999267
5.963000000000193,-0.00016296600000001438,291.585,2.5309457999999267
5.972999999999956,-0.00016296600000001438,290.59139999999996,4.519806600000038
5.983000000000175,1.4819999999998723e-05,289.5978,2.5309457999999267
5.992000000000189,-0.0005185379999999989,289.5978,4.519806600000038
6.001999999999953,-0.0005185379999999989,289.5978,4.519806600000038
6.010999999999967,-0.0003407520000000136,289.5978,4.519806600000038
6.0210000000001855,-0.00016296600000001438,289.5978,4.519806600000038
6.030999999999949,0.00019260599999999795,289.5978,0.5420850000000428
6.039999999999964,-0.0005185379999999989,289.5978,4.519806600000038
6.0590000000001965,-0.00016296600000001438,287.6106,4.519806600000038
6.06899999999996,-0.00016296600000001438,290.59139999999996,0.5420850000000428
6.079000000000178,-0.0005185379999999989,289.5978,4.519806600000038
6.088999999999942,-0.0003407520000000136,289.5978,4.519806600000038
6.09900000000016,-0.0003407520000000136,291.585,6.508667400000149
6.121000000000095,1.4819999999998723e-05,289.5978,0.5420850000000428
6.130999999999858,-0.00016296600000001438,287.6106,2.5309457999999267
6.139999999999873,-0.0003407520000000136,288.6042,4.519806600000038
6.1590000000001055,-0.00016296600000001438,290.59139999999996,4.519806600000038
6.168999999999869,-0.0003407520000000136,291.585,4.519806600000038
6.179000000000087,-0.0003407520000000136,290.59139999999996,4.519806600000038
6.188999999999851,-0.00016296600000001438,292.5786,4.519806600000038
6.21100000000024,0.00037039200000001105,288.6042,-1.4467757999998412
6.221000000000004,-0.00016296600000001438,288.6042,2.5309457999999267
6.230000000000018,-0.0003407520000000136,290.59139999999996,6.508667400000149
6.25,-0.00016296600000001438,290.59139999999996,2.5309457999999267
6.2590000000000146,-0.0005185379999999989,289.5978,6.508667400000149
6.269000000000233,-0.00016296600000001438,293.5722,4.519806600000038
6.278999999999996,-0.0003407520000000136,290.59139999999996,4.519806600000038
6.289000000000215,-0.0003407520000000136,289.5978,4.519806600000038
6.300000000000182,0.00019260599999999795,288.6042,0.5420850000000428
6.3090000000001965,-0.00016296600000001438,292.5786,4.519806600000038
6.320000000000164,-0.00016296600000001438,288.6042,4.519806600000038
6.329999999999927,-0.00016296600000001438,291.585,4.519806600000038
6.3400000000001455,1.4819999999998723e-05,290.59139999999996,2.5309457999999267
6.349999999999909,-0.0003407520000000136,290.59139999999996,4.519806600000038
6.360000000000127,-0.00016296600000001438,289.5978,4.519806600000038
6.369999999999891,-0.0005185379999999989,289.5978,4.519806600000038
6.380000000000109,-0.00016296600000001438,289.5978,2.5309457999999267
6.389999999999873,0.00037039200000001105,290.59139999999996,2.5309457999999267
6.400000000000091,-0.0003407520000000136,290.59139999999996,2.5309457999999267
6.4099999999998545,-0.00016296600000001438,289.5978,4.519806600000038
6.420000000000073,-0.00016296600000001438,290.59139999999996,2.5309457999999267
6.429999999999836,1.4819999999998723e-05,288.6042,0.5420850000000428
6.440000000000055,1.4819999999998723e-05,292.5786,4.519806600000038
6.449999999999818,-0.0003407520000000136,291.585,4.519806600000038
6.460000000000036,-0.0005185379999999989,289.5978,6.508667400000149
6.4699999999998,-0.0005185379999999989,289.5978,4.519806600000038
6.480000000000018,-0.00016296600000001438,287.6106,2.5309457999999267
6.4900000000002365,-0.0003407520000000136,291.585,4.519806600000038
6.5,-0.0005185379999999989,288.6042,4.519806600000038
6.510000000000218,-0.0003407520000000136,288.6042,2.5309457999999267
6.519999999999982,0.00019260599999999795,289.5978,0.5420850000000428
6.5300000000002,-0.0003407520000000136,291.585,4.519806600000038
6.539999999999964,-0.0005185379999999989,290.59139999999996,4.519806600000038
6.550000000000182,-0.00016296600000001438,291.585,2.5309457999999267
6.559999999999945,-0.0005185379999999989,288.6042,4.519806600000038
6.570000000000164,-0.00016296600000001438,285.6234,0.5420850000000428
6.579999999999927,-0.00016296600000001438,290.59139999999996,4.519806600000038
6.5900000000001455,-0.0005185379999999989,291.585,6.508667400000149
6.599999999999909,-0.0005185379999999989,289.5978,6.508667400000149
6.610000000000127,1.4819999999998723e-05,287.6106,2.5309457999999267
6.619999999999891,-0.00016296600000001438,292.5786,4.519806600000038
6.630000000000109,-0.00016296600000001438,289.5978,4.519806600000038
6.639999999999873,-0.0005185379999999989,290.59139999999996,4.519806600000038
6.650000000000091,-0.0003407520000000136,290.59139999999996,4.519806600000038
6.6599999999998545,1.4819999999998723e-05,285.6234,2.5309457999999267
6.670000000000073,-0.0003407520000000136,289.5978,4.519806600000038
6.679999999999836,1.4819999999998723e-05,290.59139999999996,2.5309457999999267
6.690000000000055,-0.0005185379999999989,289.5978,4.519806600000038
6.699999999999818,1.4819999999998723e-05,288.6042,0.5420850000000428
6.710000000000036,-0.0003407520000000136,289.5978,4.519806600000038
6.7199999999998,-0.0003407520000000136,290.59139999999996,4.519806600000038
6.730000000000018,1.4819999999998723e-05,292.5786,4.519806600000038
6.7400000000002365,-0.00016296600000001438,290.59139999999996,2.5309457999999267
6.75,0.00019260599999999795,290.59139999999996,0.5420850000000428
6.760000000000218,1.4819999999998723e-05,292.5786,4.519806600000038
6.769999999999982,-0.0003407520000000136,289.5978,4.519806600000038
6.7800000000002,-0.0003407520000000136,290.59139999999996,2.5309457999999267
6.791000000000167,1.4819999999998723e-05,288.6042,0.5420850000000428
6.800000000000182,-0.0003407520000000136,290.59139999999996,4.519806600000038
6.809999999999945,-0.00016296600000001438,290.59139999999996,4.519806600000038
6.820000000000164,-0.00016296600000001438,287.6106,2.5309457999999267
6.829999999999927,-0.00016296600000001438,289.5978,4.519806600000038
6.8409999999998945,-0.00016296600000001438,285.6234,2.5309457999999267
6.849999999999909,-0.0003407520000000136,288.6042,4.519806600000038
6.860000000000127,-0.00016296600000001438,289.5978,4.519806600000038
6.869999999999891,-0.0003407520000000136,289.5978,4.519806600000038
6.880999999999858,-0.00016296600000001438,287.6106,0.5420850000000428
6.889999999999873,-0.0003407520000000136,289.5978,6.508667400000149
6.900000000000091,-0.0005185379999999989,286.61699999999996,2.5309457999999267
6.9099999999998545,-0.0003407520000000136,290.59139999999996,2.5309457999999267
6.920000000000073,-0.0005185379999999989,290.59139999999996,4.519806600000038
6.93100000000004,1.4819999999998723e-05,287.6106,0.5420850000000428
6.940000000000055,-0.0003407520000000136,290.59139999999996,4.519806600000038
6.951000000000022,-0.0003407520000000136,289.5978,4.519806600000038
6.96100000000024,-0.0003407520000000136,289.5978,4.519806600000038
6.971000000000004,-0.00016296600000001438,287.6106,2.5309457999999267
6.981000000000222,-0.0005185379999999989,290.59139999999996,8.497528200000033
6.9909999999999854,-0.00016296600000001438,289.5978,2.5309457999999267
7.001000000000204,-0.0003407520000000136,290.59139999999996,4.519806600000038
7.010999999999967,-0.0003407520000000136,290.59139999999996,4.519806600000038
7.0210000000001855,0.00037039200000001105,288.6042,-1.4467757999998412
7.030999999999949,-0.0003407520000000136,289.5978,2.5309457999999267
7.041000000000167,-0.00016296600000001438,289.5978,4.519806600000038
7.050999999999931,-0.0003407520000000136,288.6042,4.519806600000038
7.061000000000149,-0.0005185379999999989,285.6234,0.5420850000000428
7.070999999999913,-0.0003407520000000136,289.5978,4.519806600000038
7.081000000000131,1.4819999999998723e-05,291.585,4.519806600000038
7.0909999999998945,-0.00016296600000001438,291.585,4.519806600000038
7.101000000000113,-0.00016296600000001438,292.5786,4.519806600000038
7.110999999999876,-0.00016296600000001438,286.61699999999996,2.5309457999999267
7.121000000000095,-0.0006963239999999982,288.6042,4.519806600000038
7.130999999999858,-0.0003407520000000136,291.585,4.519806600000038
7.141000000000076,-0.00016296600000001438,290.59139999999996,4.519806600000038
7.15099999999984,0.00019260599999999795,289.5978,0.5420850000000428
7.161000000000058,-0.0003407520000000136,290.59139999999996,6.508667400000149
7.170999999999822,-0.0003407520000000136,290.59139999999996,4.519806600000038
7.18100000000004,-0.00016296600000001438,290.59139999999996,4.519806600000038
7.1909999999998035,-0.0005185379999999989,289.5978,4.519806600000038
7.201000000000022,1.4819999999998723e-05,287.6106,0.5420850000000428
7.21100000000024,-0.0003407520000000136,289.5978,4.519806600000038
7.221000000000004,-0.00016296600000001438,290.59139999999996,4.519806600000038
7.231000000000222,-0.00016296600000001438,291.585,4.519806600000038
7.2409999999999854,0.00037039200000001105,289.5978,0.5420850000000428
7.251000000000204,-0.0003407520000000136,289.5978,4.519806600000038
7.260999999999967,1.4819999999998723e-05,292.5786,2.5309457999999267
7.2710000000001855,-0.00016296600000001438,292.5786,4.519806600000038
7.280999999999949,-0.00016296600000001438,291.585,4.519806600000038
7.291000000000167,-0.00016296600000001438,286.61699999999996,0.5420850000000428
7.300999999999931,-0.0005185379999999989,289.5978,6.508667400000149
7.311000000000149,-0.00016296600000001438,290.59139999999996,4.519806600000038
7.320999999999913,-0.00016296600000001438,289.5978,2.5309457999999267
7.331000000000131,1.4819999999998723e-05,289.5978,2.5309457999999267
7.3409999999998945,-0.0005185379999999989,287.6106,4.519806600000038
7.351000000000113,-0.00016296600000001438,288.6042,2.5309457999999267
7.360999999999876,-0.00016296600000001438,289.5978,2.5309457999999267
7.371000000000095,-0.00016296600000001438,289.5978,4.519806600000038
7.380999999999858,-0.00016296600000001438,286.61699999999996,0.5420850000000428
7.391000000000076,-0.00016296600000001438,291.585,4.519806600000038
7.40099999999984,1.4819999999998723e-05,291.585,2.5309457999999267
7.411000000000058,-0.0003407520000000136,290.59139999999996,4.519806600000038
7.420999999999822,0.00019260599999999795,288.6042,2.5309457999999267
7.43100000000004,-0.0003407520000000136,290.59139999999996,4.519806600000038
7.4409999999998035,-0.00016296600000001438,290.59139999999996,2.5309457999999267
7.451000000000022,-0.0003407520000000136,289.5978,4.519806600000038
7.471000000000004,1.4819999999998723e-05,288.6042,2.5309457999999267
7.481000000000222,-0.0003407520000000136,289.5978,4.519806600000038
7.4900000000002365,-0.0003407520000000136,286.61699999999996,2.5309457999999267
7.5,-0.00016296600000001438,287.6106,2.5309457999999267
7.510000000000218,0.00019260599999999795,291.585,0.5420850000000428
7.519000000000233,-0.0003407520000000136,291.585,4.519806600000038
7.528999999999996,-0.0003407520000000136,290.59139999999996,4.519806600000038
7.538000000000011,-0.0003407520000000136,291.585,4.519806600000038
7.548000000000229,-0.0003407520000000136,289.5978,4.519806600000038
7.557999999999993,1.4819999999998723e-05,291.585,0.5420850000000428
7.567000000000007,-0.0005185379999999989,289.5978,6.508667400000149
7.5770000000002256,1.4819999999998723e-05,289.5978,2.5309457999999267
7.586999999999989,-0.0003407520000000136,290.59139999999996,6.508667400000149
7.596000000000004,1.4819999999998723e-05,291.585,0.5420850000000428
7.606000000000222,1.4819999999998723e-05,286.61699999999996,-1.4467757999998412
7.6150000000002365,-0.0003407520000000136,290.59139999999996,4.519806600000038
7.625,-0.0003407520000000136,289.5978,4.519806600000038
7.635000000000218,-0.0005185379999999989,290.59139999999996,6.508667400000149
7.644000000000233,1.4819999999998723e-05,290.59139999999996,2.5309457999999267
7.653999999999996,-0.0005185379999999989,290.59139999999996,4.519806600000038
7.663000000000011,-0.0005185379999999989,288.6042,4.519806600000038
7.673000000000229,-0.00016296600000001438,289.5978,0.5420850000000428
7.697000000000116,-0.0003407520000000136,286.61699999999996,0.5420850000000428
7.706000000000131,-0.00016296600000001438,290.59139999999996,2.5309457999999267
7.7159999999998945,-0.0003407520000000136,291.585,4.519806600000038
7.726000000000113,-0.0005185379999999989,290.59139999999996,4.519806600000038
7.735000000000127,0.00037039200000001105,290.59139999999996,0.5420850000000428
7.744999999999891,-0.0003407520000000136,291.585,4.519806600000038
7.753999999999905,-0.0003407520000000136,289.5978,2.5309457999999267
7.764000000000124,-0.00016296600000001438,291.585,2.5309457999999267
7.773999999999887,-0.00016296600000001438,289.5978,4.519806600000038
7.782999999999902,0.00019260599999999795,291.585,0.5420850000000428
7.79300000000012,-0.0005185379999999989,289.5978,6.508667400000149
7.811999999999898,-0.0003407520000000136,287.6106,4.519806600000038
7.822000000000116,0.00019260599999999795,290.59139999999996,2.5309457999999267
7.83199999999988,-0.00016296600000001438,287.6106,0.5420850000000428
7.842000000000098,-0.00016296600000001438,291.585,2.5309457999999267
7.851999999999862,-0.00016296600000001438,291.585,2.5309457999999267
7.86200000000008,-0.00016296600000001438,291.585,4.519806600000038
7.871999999999844,0.00019260599999999795,289.5978,0.5420850000000428
7.882000000000062,1.4819999999998723e-05,292.5786,4.519806600000038
7.891999999999825,-0.0003407520000000136,289.5978,4.519806600000038
7.902000000000044,-0.0003407520000000136,290.59139999999996,4.519806600000038
7.911999999999807,-0.00016296600000001438,288.6042,2.5309457999999267
7.9220000000000255,-0.00016296600000001438,287.6106,0.5420850000000428
7.931999999999789,1.4819999999998723e-05,293.5722,4.519806600000038
7.942000000000007,1.4819999999998723e-05,289.5978,2.5309457999999267
7.9520000000002256,-0.0005185379999999989,287.6106,4.519806600000038
7.961999999999989,0.00019260599999999795,287.6106,-1.4467757999998412
7.972000000000207,-0.0003407520000000136,288.6042,2.5309457999999267
7.981999999999971,-0.00016296600000001438,290.59139999999996,4.519806600000038
7.992000000000189,-0.00016296600000001438,291.585,6.508667400000149
8.001999999999953,-0.00016296600000001438,291.585,4.519806600000038
8.012000000000171,-0.00016296600000001438,290.59139999999996,2.5309457999999267
8.021999999999935,-0.00016296600000001438,290.59139999999996,4.519806600000038
8.032000000000153,1.4819999999998723e-05,292.5786,2.5309457999999267
8.041999999999916,-0.0005185379999999989,288.6042,6.508667400000149
8.052999999999884,1.4819999999998723e-05,286.61699999999996,0.5420850000000428
8.061999999999898,-0.00016296600000001438,292.5786,6.508667400000149
8.072000000000116,-0.0003407520000000136,288.6042,4.519806600000038
8.08199999999988,-0.0003407520000000136,290.59139999999996,6.508667400000149
8.092999999999847,1.4819999999998723e-05,293.5722,4.519806600000038
8.101999999999862,1.4819999999998723e-05,289.5978,2.5309457999999267
8.11200000000008,-0.0003407520000000136,287.6106,2.5309457999999267
8.121999999999844,-0.00016296600000001438,289.5978,2.5309457999999267
8.132000000000062,-0.0003407520000000136,288.6042,2.5309457999999267
8.143000000000029,-0.0003407520000000136,285.6234,0.5420850000000428
8.152000000000044,-0.0003407520000000136,290.59139999999996,4.519806600000038
8.161999999999807,-0.00016296600000001438,291.585,4.519806600000038
8.172000000000025,-0.00016296600000001438,289.5978,2.5309457999999267
8.182999999999993,1.4819999999998723e-05,290.59139999999996,0.5420850000000428
8.193000000000211,1.4819999999998723e-05,288.6042,2.5309457999999267
8.202999999999975,-0.00016296600000001438,289.5978,2.5309457999999267
8.213000000000193,-0.00016296600000001438,288.6042,2.5309457999999267
8.222999999999956,1.4819999999998723e-05,292.5786,4.519806600000038
8.233000000000175,-0.00016296600000001438,287.6106,0.5420850000000428
8.242999999999938,-0.0003407520000000136,291.585,6.508667400000149
8.253000000000156,-0.0005185379999999989,289.5978,6.508667400000149
8.26299999999992,-0.00016296600000001438,289.5978,4.519806600000038
8.273000000000138,-0.0003407520000000136,289.5978,2.5309457999999267
8.282999999999902,-0.0003407520000000136,288.6042,4.519806600000038
8.29300000000012,-0.0006963239999999982,289.5978,6.508667400000149
8.302999999999884,-0.00016296600000001438,291.585,4.519806600000038
8.313000000000102,-0.00016296600000001438,289.5978,4.519806600000038
8.322999999999865,1.4819999999998723e-05,286.61699999999996,2.5309457999999267
8.333000000000084,-0.00016296600000001438,292.5786,4.519806600000038
8.342999999999847,-0.0006963239999999982,286.61699999999996,2.5309457999999267
8.353000000000065,-0.0003407520000000136,288.6042,4.519806600000038
8.362999999999829,-0.0003407520000000136,286.61699999999996,4.519806600000038
8.373000000000047,1.4819999999998723e-05,290.59139999999996,2.5309457999999267
8.38299999999981,-0.0003407520000000136,288.6042,2.5309457999999267
8.393000000000029,-0.00016296600000001438,289.5978,2.5309457999999267
8.402999999999793,-0.00016296600000001438,291.585,4.519806600000038
8.413000000000011,1.4819999999998723e-05,289.5978,0.5420850000000428
8.42300000000023,-0.00016296600000001438,291.585,4.519806600000038
8.432999999999993,-0.00016296600000001438,290.59139999999996,4.519806600000038
8.443000000000211,-0.0006963239999999982,287.6106,4.519806600000038
8.452999999999975,-0.00016296600000001438,288.6042,2.5309457999999267
8.463000000000193,-0.00016296600000001438,289.5978,2.5309457999999267
8.472999999999956,-0.00016296600000001438,290.59139999999996,6.508667400000149
8.483000000000175,-0.0003407520000000136,289.5978,4.519806600000038
8.492999999999938,1.4819999999998723e-05,292.5786,2.5309457999999267
8.503000000000156,0.00019260599999999795,290.59139999999996,0.5420850000000428
8.51299999999992,-0.00016296600000001438,288.6042,4.519806600000038
8.523000000000138,-0.0003407520000000136,289.5978,4.519806600000038
8.532999999999902,-0.0003407520000000136,289.5978,4.519806600000038
8.54300000000012,0.00019260599999999795,293.5722,2.5309457999999267
8.552999999999884,-0.0003407520000000136,288.6042,2.5309457999999267
8.563000000000102,-0.0003407520000000136,287.6106,4.519806600000038
8.572999999999865,-0.0003407520000000136,290.59139999999996,4.519806600000038
8.583000000000084,-0.0003407520000000136,290.59139999999996,6.508667400000149
8.592999999999847,1.4819999999998723e-05,290.59139999999996,0.5420850000000428
8.603000000000065,-0.00016296600000001438,290.59139999999996,4.519806600000038
8.612999999999829,-0.00016296600000001438,289.5978,4.519806600000038
8.623000000000047,-0.0003407520000000136,290.59139999999996,4.519806600000038
8.63299999999981,1.4819999999998723e-05,289.5978,0.5420850000000428
8.643000000000029,-0.00016296600000001438,289.5978,2.5309457999999267
8.652999999999793,-0.0003407520000000136,289.5978,4.519806600000038
8.663000000000011,-0.00016296600000001438,290.59139999999996,4.519806600000038
8.67300000000023,1.4819999999998723e-05,291.585,2.5309457999999267
8.684000000000196,1.4819999999998723e-05,288.6042,2.5309457999999267
8.693000000000211,-0.00016296600000001438,291.585,2.5309457999999267
8.702999999999975,-0.0003407520000000136,289.5978,4.519806600000038
8.713000000000193,-0.0006963239999999982,289.5978,6.508667400000149
8.72400000000016,-0.00016296600000001438,290.59139999999996,2.5309457999999267
8.733000000000175,-0.0006963239999999982,287.6106,4.519806600000038
8.742999999999938,-0.0003407520000000136,288.6042,2.5309457999999267
8.753000000000156,-0.0003407520000000136,289.5978,4.519806600000038
8.76299999999992,-0.0003407520000000136,289.5978,4.519806600000038
8.773999999999887,-0.00016296600000001438,288.6042,0.5420850000000428
8.782999999999902,-0.0003407520000000136,288.6042,2.5309457999999267
8.79300000000012,-0.0003407520000000136,289.5978,2.5309457999999267
8.802999999999884,-0.00016296600000001438,289.5978,4.519806600000038
8.81399999999985,0.00019260599999999795,289.5978,0.5420850000000428
8.82400000000007,-0.00016296600000001438,290.59139999999996,4.519806600000038
8.833999999999833,-0.0003407520000000136,290.59139999999996,6.508667400000149
8.844000000000051,-0.0003407520000000136,289.5978,4.519806600000038
8.853999999999814,-0.0005185379999999989,288.6042,4.519806600000038
8.864000000000033,1.4819999999998723e-05,287.6106,0.5420850000000428
8.873999999999796,1.4819999999998723e-05,292.5786,2.5309457999999267
8.884000000000015,1.4819999999998723e-05,291.585,4.519806600000038
8.894000000000233,-0.00016296600000001438,290.59139999999996,2.5309457999999267
8.903999999999996,-0.00016296600000001438,289.5978,2.5309457999999267
8.914000000000215,-0.0003407520000000136,289.5978,4.519806600000038
8.923999999999978,-0.00016296600000001438,290.59139999999996,6.508667400000149
8.934000000000196,-0.00016296600000001438,291.585,4.519806600000038
8.94399999999996,1.4819999999998723e-05,290.59139999999996,2.5309457999999267
8.954000000000178,1.4819999999998723e-05,288.6042,0.5420850000000428
8.963999999999942,-0.0003407520000000136,288.6042,2.5309457999999267
8.97400000000016,-0.0003407520000000136,289.5978,4.519806600000038
8.983999999999924,-0.00016296600000001438,290.59139999999996,2.5309457999999267
8.994000000000142,1.4819999999998723e-05,290.59139999999996,0.5420850000000428
9.003999999999905,-0.0003407520000000136,289.5978,4.519806600000038
9.014000000000124,-0.0003407520000000136,289.5978,2.5309457999999267
9.023999999999887,-0.00016296600000001438,289.5978,4.519806600000038
9.034000000000106,-0.00016296600000001438,290.59139999999996,4.519806600000038
9.043999999999869,0.00019260599999999795,288.6042,0.5420850000000428
9.054000000000087,-0.0005185379999999989,289.5978,4.519806600000038
9.06399999999985,-0.00016296600000001438,291.585,4.519806600000038
9.07400000000007,-0.0003407520000000136,291.585,4.519806600000038
9.083999999999833,0.00019260599999999795,290.59139999999996,2.5309457999999267
9.094000000000051,-0.00016296600000001438,288.6042,2.5309457999999267
9.103999999999814,-0.0003407520000000136,289.5978,2.5309457999999267
9.114000000000033,1.4819999999998723e-05,291.585,4.519806600000038
9.123999999999796,-0.00016296600000001438,289.5978,2.5309457999999267
9.134000000000015,1.4819999999998723e-05,287.6106,0.5420850000000428
9.144000000000233,-0.0003407520000000136,289.5978,4.519806600000038
9.153999999999996,-0.0003407520000000136,289.5978,4.519806600000038
9.164000000000215,-0.00016296600000001438,289.5978,4.519806600000038
9.173999999999978,1.4819999999998723e-05,287.6106,0.5420850000000428
9.184000000000196,-0.0003407520000000136,290.59139999999996,4.519806600000038
9.19399999999996,-0.00016296600000001438,289.5978,4.519806600000038
9.204000000000178,-0.0005185379999999989,288.6042,2.5309457999999267
9.213999999999942,1.4819999999998723e-05,291.585,2.5309457999999267
9.22400000000016,0.00019260599999999795,290.59139999999996,0.5420850000000428
9.233999999999924,-0.00016296600000001438,291.585,4.519806600000038
9.244000000000142,-0.00016296600000001438,290.59139999999996,4.519806600000038
9.253999999999905,-0.00016296600000001438,291.585,2.5309457999999267
9.264000000000124,-0.00016296600000001438,288.6042,0.5420850000000428
9.273999999999887,-0.0005185379999999989,287.6106,4.519806600000038
9.284000000000106,-0.00016296600000001438,291.585,6.508667400000149
9.293999999999869,-0.0003407520000000136,288.6042,4.519806600000038
9.304000000000087,-0.00016296600000001438,290.59139999999996,2.5309457999999267
9.315000000000055,1.4819999999998723e-05,289.5978,2.5309457999999267
9.32400000000007,-0.00016296600000001438,291.585,4.519806600000038
9.333999999999833,-0.00016296600000001438,293.5722,4.519806600000038
9.344000000000051,-0.0003407520000000136,288.6042,4.519806600000038
9.355000000000018,-0.0005185379999999989,285.6234,2.5309457999999267
9.364000000000033,-0.00016296600000001438,291.585,4.519806600000038
9.373999999999796,1.4819999999998723e-05,290.59139999999996,4.519806600000038
9.384000000000015,-0.0006963239999999982,287.6106,4.519806600000038
9.394000000000233,-0.0003407520000000136,290.59139999999996,4.519806600000038
9.4050000000002,0.00019260599999999795,287.6106,0.5420850000000428
9.414000000000215,-0.00016296600000001438,291.585,4.519806600000038
9.423999999999978,-0.0005185379999999989,288.6042,4.519806600000038
9.434000000000196,1.4819999999998723e-05,290.59139999999996,2.5309457999999267
9.445000000000164,1.4819999999998723e-05,286.61699999999996,0.5420850000000428
9.454999999999927,-0.00016296600000001438,289.5978,2.5309457999999267
9.465000000000146,-0.0005185379999999989,286.61699999999996,4.519806600000038
9.474999999999909,-0.00016296600000001438,289.5978,4.519806600000038
9.485000000000127,1.4819999999998723e-05,291.585,2.5309457999999267
9.49499999999989,1.4819999999998723e-05,287.6106,2.5309457999999267
9.50500000000011,-0.0003407520000000136,290.59139999999996,4.519806600000038
9.514999999999873,-0.00016296600000001438,289.5978,4.519806600000038
9.525000000000091,0.00019260599999999795,290.59139999999996,2.5309457999999267
9.534999999999854,1.4819999999998723e-05,287.6106,0.5420850000000428
9.545000000000073,-0.00016296600000001438,290.59139999999996,4.519806600000038
9.554999999999836,-0.0006963239999999982,285.6234,4.519806600000038
9.565000000000055,-0.00016296600000001438,290.59139999999996,2.5309457999999267
9.574999999999818,-0.0006963239999999982,287.6106,6.508667400000149
9.585000000000036,1.4819999999998723e-05,289.5978,2.5309457999999267
9.5949999999998,-0.0003407520000000136,289.5978,4.519806600000038
9.605000000000018,-0.00016296600000001438,290.59139999999996,2.5309457999999267
9.615000000000236,1.4819999999998723e-05,292.5786,4.519806600000038
9.625,0.00019260599999999795,289.5978,2.5309457999999267
9.635000000000218,-0.00016296600000001438,289.5978,4.519806600000038
9.644999999999982,-0.0003407520000000136,289.5978,4.519806600000038
9.6550000000002,-0.00016296600000001438,291.585,2.5309457999999267
9.664999999999964,-0.00016296600000001438,286.61699999999996,2.5309457999999267
9.675000000000182,1.4819999999998723e-05,287.6106,0.5420850000000428
9.684999999999945,1.4819999999998723e-05,292.5786,4.519806600000038
9.695000000000164,-0.0003407520000000136,289.5978,6.508667400000149
9.704999999999927,-0.0003407520000000136,289.5978,4.519806600000038
9.715000000000146,0.0005481779999999825,292.5786,0.5420850000000428
9.724999999999909,-0.0003407520000000136,291.585,6.508667400000149
9.735000000000127,-0.00016296600000001438,289.5978,4.519806600000038
9.74499999999989,-0.00016296600000001438,288.6042,4.519806600000038
9.75500000000011,-0.00016296600000001438,289.5978,2.5309457999999267
9.764999999999873,1.4819999999998723e-05,288.6042,0.5420850000000428
9.775000000000091,-0.00016296600000001438,289.5978,4.519806600000038
9.784999999999854,-0.00016296600000001438,292.5786,4.519806600000038
9.795000000000073,-0.0005185379999999989,288.6042,6.508667400000149
9.804999999999836,1.4819999999998723e-05,293.5722,4.519806600000038
9.815000000000055,-0.00016296600000001438,289.5978,2.5309457999999267
9.824999999999818,-0.0003407520000000136,288.6042,2.5309457999999267
9.856999999999971,-0.00016296600000001438,288.6042,2.5309457999999267
9.86700000000019,-0.0003407520000000136,291.585,4.519806600000038
9.876000000000204,-0.0006963239999999982,287.6106,4.519806600000038
9.894999999999982,-0.00016296600000001438,288.6042,2.5309457999999267
9.9050000000002,-0.0003407520000000136,288.6042,4.519806600000038
9.914999999999964,-0.0005185379999999989,287.6106,4.519806600000038
9.925000000000182,-0.00016296600000001438,291.585,4.519806600000038
9.934999999999945,1.4819999999998723e-05,289.5978,2.5309457999999267
9.945999999999913,0.00019260599999999795,289.5978,0.5420850000000428
9.954999999999927,-0.0003407520000000136,288.6042,4.519806600000038
9.965000000000146,-0.0003407520000000136,292.5786,6.508667400000149
9.974999999999909,-0.00016296600000001438,292.5786,4.519806600000038
9.985999999999876,-0.00016296600000001438,290.59139999999996,2.5309457999999267
9.99499999999989,-0.0003407520000000136,292.5786,6.508667400000149
10.00500000000011,-0.00016296600000001438,288.6042,4.519806600000038
10.014999999999873,-0.0003407520000000136,289.5978,4.519806600000038
10.025000000000091,-0.0005185379999999989,289.5978,4.519806600000038
10.036000000000058,1.4819999999998723e-05,287.6106,0.5420850000000428
10.045000000000073,-0.00016296600000001438,287.6106,4.519806600000038
10.054999999999836,-0.0003407520000000136,289.5978,4.519806600000038
10.065000000000055,-0.00016296600000001438,291.585,4.519806600000038
10.076000000000022,1.4819999999998723e-05,287.6106,0.5420850000000428
10.08600000000024,-0.0005185379999999989,289.5978,4.519806600000038
10.096000000000004,-0.0005185379999999989,288.6042,4.519806600000038
10.106000000000222,-0.00016296600000001438,293.5722,4.519806600000038
10.115999999999985,-0.0003407520000000136,289.5978,4.519806600000038
10.126000000000204,1.4819999999998723e-05,287.6106,0.5420850000000428
10.135999999999967,-0.00016296600000001438,290.59139999999996,4.519806600000038
10.146000000000186,-0.0005185379999999989,286.61699999999996,4.519806600000038
10.155999999999949,1.4819999999998723e-05,290.59139999999996,4.519806600000038
10.166000000000167,-0.0003407520000000136,288.6042,2.5309457999999267
10.17599999999993,-0.0003407520000000136,292.5786,6.508667400000149
10.18600000000015,-0.0008741100000000113,287.6106,4.519806600000038
10.195999999999913,-0.0003407520000000136,289.5978,4.519806600000038
10.206000000000131,-0.0003407520000000136,289.5978,4.519806600000038
10.215999999999894,-0.00016296600000001438,287.6106,0.5420850000000428
10.226000000000113,-0.0003407520000000136,291.585,4.519806600000038
10.235999999999876,-0.0003407520000000136,291.585,6.508667400000149
10.246000000000095,-0.00016296600000001438,289.5978,4.519806600000038
10.255999999999858,1.4819999999998723e-05,289.5978,0.5420850000000428
10.266000000000076,-0.0005185379999999989,289.5978,2.5309457999999267
10.27599999999984,-0.0006963239999999982,289.5978,4.519806600000038
10.286000000000058,-0.0003407520000000136,288.6042,4.519806600000038
10.295999999999822,0.00037039200000001105,293.5722,4.519806600000038
10.30600000000004,1.4819999999998723e-05,289.5978,0.5420850000000428
10.315999999999804,1.4819999999998723e-05,291.585,2.5309457999999267
10.326000000000022,-0.00016296600000001438,291.585,4.519806600000038
10.33600000000024,-0.00016296600000001438,290.59139999999996,2.5309457999999267
10.346000000000004,0.00019260599999999795,291.585,0.5420850000000428
10.356000000000222,-0.00016296600000001438,290.59139999999996,4.519806600000038
10.365999999999985,-0.0003407520000000136,290.59139999999996,4.519806600000038
10.376000000000204,-0.0003407520000000136,289.5978,2.5309457999999267
10.385999999999967,-0.0005185379999999989,290.59139999999996,4.519806600000038
10.396000000000186,-0.00016296600000001438,286.61699999999996,2.5309457999999267
10.405999999999949,-0.0003407520000000136,289.5978,4.519806600000038
10.416000000000167,-0.00016296600000001438,289.5978,4.519806600000038
10.42599999999993,-0.00016296600000001438,290.59139999999996,0.5420850000000428
10.43600000000015,1.4819999999998723e-05,289.5978,2.5309457999999267
10.445999999999913,-0.0003407520000000136,289.5978,4.519806600000038
10.456000000000131,-0.00016296600000001438,290.59139999999996,4.519806600000038
10.465999999999894,-0.0005185379999999989,290.59139999999996,4.519806600000038
10.476000000000113,-0.0005185379999999989,290.59139999999996,6.508667400000149
10.485999999999876,-0.00016296600000001438,286.61699999999996,0.5420850000000428
10.496000000000095,-0.00016296600000001438,289.5978,4.519806600000038
10.505999999999858,-0.00016296600000001438,289.5978,4.519806600000038
10.516000000000076,-0.0005185379999999989,291.585,4.519806600000038
10.52599999999984,1.4819999999998723e-05,287.6106,0.5420850000000428
10.536000000000058,-0.00016296600000001438,292.5786,4.519806600000038
10.545999999999822,-0.0005185379999999989,289.5978,4.519806600000038
10.55600000000004,-0.0003407520000000136,289.5978,4.519806600000038
10.565999999999804,-0.0008741100000000113,289.5978,6.508667400000149
10.576000000000022,1.4819999999998723e-05,288.6042,2.5309457999999267
10.58600000000024,-0.0003407520000000136,287.6106,4.519806600000038
10.596000000000004,-0.0003407520000000136,289.5978,4.519806600000038
10.606000000000222,-0.0003407520000000136,291.585,6.508667400000149
10.61700000000019,1.4819999999998723e-05,287.6106,0.5420850000000428
10.626000000000204,-0.00016296600000001438,291.585,4.519806600000038
10.635999999999967,-0.0005185379999999989,289.5978,6.508667400000149
10.646000000000186,-0.0003407520000000136,291.585,6.508667400000149
10.657000000000153,-0.0005185379999999989,287.6106,4.519806600000038
10.666999999999916,1.4819999999998723e-05,288.6042,0.5420850000000428
10.67599999999993,-0.00016296600000001438,288.6042,2.5309457999999267
10.68600000000015,-0.0003407520000000136,289.5978,4.519806600000038
10.695999999999913,-0.00016296600000001438,289.5978,4.519806600000038
10.70699999999988,-0.00016296600000001438,287.6106,0.5420850000000428
10.717000000000098,-0.00016296600000001438,289.5978,2.5309457999999267
10.726999999999862,-0.0003407520000000136,289.5978,4.519806600000038
10.73700000000008,-0.00016296600000001438,292.5786,4.519806600000038
10.746999999999844,-0.0003407520000000136,289.5978,4.519806600000038
10.757000000000062,-0.0003407520000000136,284.6298,2.5309457999999267
10.766999999999825,1.4819999999998723e-05,291.585,4.519806600000038
10.777000000000044,-0.0003407520000000136,288.6042,4.519806600000038
10.786999999999807,-0.00016296600000001438,291.585,6.508667400000149
10.797000000000025,-0.00016296600000001438,289.5978,0.5420850000000428
10.806999999999789,1.4819999999998723e-05,291.585,2.5309457999999267
10.817000000000007,-0.0005185379999999989,288.6042,6.508667400000149
10.827000000000226,-0.00016296600000001438,291.585,4.519806600000038
10.836999999999989,-0.00016296600000001438,290.59139999999996,4.519806600000038
10.847000000000207,0.00019260599999999795,290.59139999999996,0.5420850000000428
10.856999999999971,-0.00016296600000001438,290.59139999999996,4.519806600000038
10.86700000000019,-0.0005185379999999989,288.6042,4.519806600000038
10.876999999999953,-0.00016296600000001438,288.6042,2.5309457999999267
10.887000000000171,-0.00016296600000001438,290.59139999999996,0.5420850000000428
10.896999999999935,-0.00016296600000001438,290.59139999999996,2.5309457999999267
10.907000000000153,-0.0003407520000000136,289.5978,4.519806600000038
10.916999999999916,1.4819999999998723e-05,288.6042,2.5309457999999267
10.927000000000135,-0.00016296600000001438,290.59139999999996,4.519806600000038
10.936999999999898,0.00019260599999999795,290.59139999999996,0.5420850000000428
10.947000000000116,-0.0005185379999999989,289.5978,6.508667400000149
10.95699999999988,-0.0005185379999999989,291.585,6.508667400000149
10.967000000000098,-0.00016296600000001438,291.585,4.519806600000038
10.976999999999862,-0.00016296600000001438,288.6042,0.5420850000000428
10.98700000000008,-0.00016296600000001438,290.59139999999996,4.519806600000038
10.996999999999844,-0.00016296600000001438,290.59139999999996,4.519806600000038
11.007000000000062,-0.0003407520000000136,291.585,4.519806600000038
11.016999999999825,1.4819999999998723e-05,288.6042,2.5309457999999267
11.027000000000044,1.4819999999998723e-05,289.5978,2.5309457999999267
11.036999999999807,-0.0003407520000000136,291.585,4.519806600000038
11.047000000000025,-0.0003407520000000136,286.61699999999996,4.519806600000038
11.056999999999789,-0.00016296600000001438,291.585,4.519806600000038
11.067000000000007,1.4819999999998723e-05,288.6042,2.5309457999999267
11.077000000000226,-0.00016296600000001438,290.59139999999996,4.519806600000038
11.086999999999989,-0.0003407520000000136,288.6042,4.519806600000038
11.097000000000207,-0.0003407520000000136,288.6042,4.519806600000038
11.106999999999971,-0.0005185379999999989,287.6106,2.5309457999999267
11.11700000000019,-0.0003407520000000136,288.6042,2.5309457999999267
11.126999999999953,-0.00016296600000001438,290.59139999999996,4.519806600000038
11.137000000000171,-0.0003407520000000136,289.5978,6.508667400000149
11.146999999999935,-0.0005185379999999989,291.585,4.519806600000038
11.157000000000153,1.4819999999998723e-05,292.5786,2.5309457999999267
11.166999999999916,-0.0003407520000000136,291.585,4.519806600000038
11.177000000000135,1.4819999999998723e-05,291.585,2.5309457999999267
11.186999999999898,-0.00016296600000001438,290.59139999999996,4.519806600000038
11.197000000000116,-0.0005185379999999989,288.6042,2.5309457999999267
11.20699999999988,1.4819999999998723e-05,291.585,2.5309457999999267
11.217000000000098,-0.0003407520000000136,289.5978,4.519806600000038
11.226999999999862,-0.0003407520000000136,289.5978,6.508667400000149
11.23700000000008,-0.00016296600000001438,289.5978,4.519806600000038
11.248000000000047,0.00019260599999999795,291.585,2.5309457999999267
11.257000000000062,1.4819999999998723e-05,293.5722,4.519806600000038
11.266999999999825,-0.00016296600000001438,288.6042,4.519806600000038
11.277000000000044,-0.0003407520000000136,288.6042,2.5309457999999267
11.288000000000011,0.00019260599999999795,291.585,2.5309457999999267
11.29800000000023,-0.0003407520000000136,287.6106,4.519806600000038
11.306999999999789,0.00019260599999999795,292.5786,4.519806600000038
11.317000000000007,-0.0003407520000000136,287.6106,2.5309457999999267
11.327999999999975,-0.00016296600000001438,289.5978,4.519806600000038
11.338000000000193,0.00037039200000001105,291.585,0.5420850000000428
11.347999999999956,-0.00016296600000001438,290.59139999999996,4.519806600000038
11.358000000000175,-0.00016296600000001438,291.585,4.519806600000038
11.367999999999938,-0.0003407520000000136,289.5978,4.519806600000038
11.378000000000156,-0.00016296600000001438,288.6042,2.5309457999999267
11.38799999999992,1.4819999999998723e-05,288.6042,0.5420850000000428
11.398000000000138,-0.00016296600000001438,288.6042,2.5309457999999267
11.407999999999902,-0.00016296600000001438,292.5786,4.519806600000038
11.41800000000012,-0.00016296600000001438,291.585,4.519806600000038
11.427999999999884,0.00019260599999999795,290.59139999999996,0.5420850000000428
11.438000000000102,-0.00016296600000001438,291.585,4.519806600000038
11.447999999999865,-0.0006963239999999982,289.5978,4.519806600000038
11.458000000000084,-0.00016296600000001438,288.6042,4.519806600000038
11.467999999999847,-0.00016296600000001438,288.6042,2.5309457999999267
11.478000000000065,1.4819999999998723e-05,289.5978,4.519806600000038
11.487999999999829,1.4819999999998723e-05,290.59139999999996,2.5309457999999267
11.498000000000047,-0.0003407520000000136,288.6042,4.519806600000038
11.50799999999981,-0.0003407520000000136,289.5978,4.519806600000038
11.518000000000029,1.4819999999998723e-05,290.59139999999996,0.5420850000000428
11.527999999999793,-0.00016296600000001438,289.5978,4.519806600000038
11.538000000000011,1.4819999999998723e-05,290.59139999999996,2.5309457999999267
11.54800000000023,-0.0003407520000000136,290.59139999999996,4.519806600000038
11.557999999999993,1.4819999999998723e-05,289.5978,2.5309457999999267
11.568000000000211,-0.0005185379999999989,287.6106,2.5309457999999267
11.577999999999975,-0.00016296600000001438,292.5786,2.5309457999999267
11.588000000000193,-0.0005185379999999989,289.5978,4.519806600000038
11.597999999999956,-0.0003407520000000136,287.6106,4.519806600000038
11.608000000000175,0.00019260599999999795,291.585,2.5309457999999267
11.617999999999938,-0.00016296600000001438,290.59139999999996,2.5309457999999267
11.628000000000156,-0.00016296600000001438,289.5978,4.519806600000038
11.63799999999992,-0.0003407520000000136,289.5978,4.519806600000038
11.648000000000138,-0.00016296600000001438,291.585,4.519806600000038
11.657999999999902,1.4819999999998723e-05,291.585,4.519806600000038
11.66800000000012,-0.00016296600000001438,288.6042,2.5309457999999267
11.677999999999884,-0.00016296600000001438,291.585,4.519806600000038
11.688000000000102,-0.0003407520000000136,290.59139999999996,4.519806600000038
11.697999999999865,-0.0003407520000000136,286.61699999999996,0.5420850000000428
11.708000000000084,1.4819999999998723e-05,292.5786,4.519806600000038
11.717999999999847,-0.0003407520000000136,289.5978,2.5309457999999267
11.728000000000065,-0.0005185379999999989,286.61699999999996,2.5309457999999267
11.737999999999829,0.00037039200000001105,290.59139999999996,0.5420850000000428
11.748000000000047,-0.0003407520000000136,288.6042,2.5309457999999267
11.75799999999981,-0.0003407520000000136,289.5978,4.519806600000038
11.768000000000029,-0.0003407520000000136,289.5978,6.508667400000149
11.777999999999793,1.4819999999998723e-05,292.5786,4.519806600000038
11.788000000000011,1.4819999999998723e-05,290.59139999999996,2.5309457999999267
11.79800000000023,1.4819999999998723e-05,291.585,2.5309457999999267
11.807999999999993,-0.0003407520000000136,288.6042,4.519806600000038
11.818000000000211,-0.0006963239999999982,288.6042,4.519806600000038
11.829000000000178,0.00019260599999999795,291.585,2.5309457999999267
11.838000000000193,-0.0003407520000000136,290.59139999999996,4.519806600000038
11.847999999999956,-0.00016296600000001438,290.59139999999996,4.519806600000038
11.858000000000175,-0.00016296600000001438,291.585,2.5309457999999267
11.867999999999938,-0.0005185379999999989,288.6042,4.519806600000038
11.878999999999905,1.4819999999998723e-05,288.6042,0.5420850000000428
11.88799999999992,-0.00016296600000001438,289.5978,2.5309457999999267
11.898000000000138,-0.0003407520000000136,293.5722,6.508667400000149
11.907999999999902,-0.0005185379999999989,290.59139999999996,4.519806600000038
11.918999999999869,-0.0003407520000000136,288.6042,2.5309457999999267
11.929000000000087,-0.00016296600000001438,290.59139999999996,4.519806600000038
11.938000000000102,-0.00016296600000001438,289.5978,2.5309457999999267
11.947999999999865,-0.0005185379999999989,288.6042,4.519806600000038
11.958999999999833,-0.0005185379999999989,287.6106,6.508667400000149
11.969000000000051,-0.00016296600000001438,287.6106,0.5420850000000428
11.978999999999814,-0.00016296600000001438,291.585,4.519806600000038
11.989000000000033,-0.00016296600000001438,291.585,4.519806600000038
11.998999999999796,-0.0005185379999999989,286.61699999999996,4.519806600000038
12.009000000000015,-0.00016296600000001438,287.6106,2.5309457999999267
12.019000000000233,-0.0005185379999999989,290.59139999999996,6.508667400000149
12.028999999999996,-0.00016296600000001438,292.5786,4.519806600000038
12.039000000000215,-0.0003407520000000136,289.5978,6.508667400000149
12.048999999999978,-0.0003407520000000136,288.6042,4.519806600000038
12.059000000000196,-0.00016296600000001438,287.6106,0.5420850000000428
12.06899999999996,-0.00016296600000001438,291.585,4.519806600000038
12.079000000000178,-0.0005185379999999989,287.6106,4.519806600000038
12.088999999999942,-0.0003407520000000136,290.59139999999996,6.508667400000149
12.09900000000016,-0.00016296600000001438,287.6106,0.5420850000000428
12.108999999999924,-0.0005185379999999989,288.6042,4.519806600000038
12.119000000000142,-0.0003407520000000136,289.5978,4.519806600000038
12.128999999999905,1.4819999999998723e-05,291.585,4.519806600000038
12.139000000000124,1.4819999999998723e-05,291.585,4.519806600000038
12.148999999999887,0.00019260599999999795,288.6042,0.5420850000000428
12.159000000000106,-0.0005185379999999989,289.5978,4.519806600000038
12.168999999999869,-0.0005185379999999989,288.6042,6.508667400000149
12.179000000000087,-0.0003407520000000136,291.585,4.519806600000038
12.18899999999985,-0.00016296600000001438,288.6042,2.5309457999999267
12.19900000000007,-0.0003407520000000136,289.5978,4.519806600000038
12.208999999999833,-0.0003407520000000136,289.5978,4.519806600000038
12.219000000000051,-0.0003407520000000136,287.6106,4.519806600000038
12.228999999999814,-0.0003407520000000136,288.6042,4.519806600000038
12.239000000000033,-0.00016296600000001438,286.61699999999996,-1.4467757999998412
12.248999999999796,-0.0003407520000000136,287.6106,4.519806600000038
12.259000000000015,-0.0003407520000000136,291.585,4.519806600000038
12.269000000000233,-0.0005185379999999989,290.59139999999996,4.519806600000038
12.278999999999996,-0.00016296600000001438,289.5978,2.5309457999999267
12.289000000000215,-0.00016296600000001438,291.585,4.519806600000038
12.298999999999978,-0.0003407520000000136,291.585,4.519806600000038
12.309000000000196,-0.0005185379999999989,288.6042,4.519806600000038
12.31899999999996,-0.0003407520000000136,289.5978,4.519806600000038
12.329000000000178,-0.00016296600000001438,289.5978,0.5420850000000428
12.338999999999942,-0.0003407520000000136,292.5786,6.508667400000149
12.34900000000016,-0.0003407520000000136,290.59139999999996,4.519806600000038
12.358999999999924,-0.00016296600000001438,290.59139999999996,4.519806600000038
12.369000000000142,1.4819999999998723e-05,288.6042,0.5420850000000428
12.378999999999905,-0.0003407520000000136,290.59139999999996,6.508667400000149
12.389000000000124,-0.00016296600000001438,291.585,4.519806600000038
12.398999999999887,-0.00016296600000001438,290.59139999999996,4.519806600000038
12.409000000000106,-0.00016296600000001438,290.59139999999996,4.519806600000038
12.420000000000073,0.00019260599999999795,289.5978,0.5420850000000428
12.429000000000087,-0.0005185379999999989,288.6042,4.519806600000038
12.43899999999985,-0.00016296600000001438,291.585,4.519806600000038
12.44900000000007,-0.0003407520000000136,290.59139999999996,4.519806600000038
12.460000000000036,1.4819999999998723e-05,288.6042,2.5309457999999267
12.469000000000051,-0.00016296600000001438,291.585,2.5309457999999267
12.478999999999814,-0.0003407520000000136,289.5978,4.519806600000038
12.489000000000033,-0.0005185379999999989,289.5978,6.508667400000149
12.498999999999796,-0.0006963239999999982,287.6106,4.519806600000038
12.510000000000218,-0.0003407520000000136,289.5978,4.519806600000038
12.519000000000233,-0.0003407520000000136,290.59139999999996,4.519806600000038
12.556999999999789,0.00019260599999999795,286.61699999999996,-1.4467757999998412
12.567000000000007,-0.00016296600000001438,288.6042,2.5309457999999267
12.577000000000226,-0.0005185379999999989,292.5786,4.519806600000038
12.58600000000024,-0.0005185379999999989,288.6042,6.508667400000149
12.596000000000004,1.4819999999998723e-05,289.5978,2.5309457999999267
12.605000000000018,-0.0003407520000000136,287.6106,4.519806600000038
12.615000000000236,0.00019260599999999795,291.585,0.5420850000000428
12.625,-0.00016296600000001438,290.59139999999996,4.519806600000038
12.634000000000015,-0.0005185379999999989,288.6042,4.519806600000038
12.644000000000233,0.00019260599999999795,288.6042,0.5420850000000428
12.653999999999996,-0.0003407520000000136,289.5978,4.519806600000038
12.663000000000011,-0.0003407520000000136,289.5978,6.508667400000149
12.67300000000023,-0.0005185379999999989,289.5978,4.519806600000038
12.681999999999789,-0.00016296600000001438,290.59139999999996,2.5309457999999267
12.692000000000007,-0.00016296600000001438,289.5978,4.519806600000038
12.702000000000226,-0.0003407520000000136,289.5978,4.519806600000038
12.71100000000024,-0.0003407520000000136,290.59139999999996,4.519806600000038
12.721000000000004,-0.0005185379999999989,290.59139999999996,6.508667400000149
12.731000000000222,1.4819999999998723e-05,287.6106,0.5420850000000428
12.75,-0.00016296600000001438,291.585,2.5309457999999267
12.760000000000218,-0.0003407520000000136,289.5978,4.519806600000038
12.769999999999982,-0.0005185379999999989,287.6106,4.519806600000038
12.7800000000002,0.00019260599999999795,289.5978,2.5309457999999267
12.789999999999964,-0.0005185379999999989,290.59139999999996,4.519806600000038
12.800000000000182,-0.0005185379999999989,289.5978,6.508667400000149
12.809999999999945,-0.0005185379999999989,288.6042,4.519806600000038
12.820000000000164,-0.00016296600000001438,289.5978,2.5309457999999267
12.829999999999927,-0.0005185379999999989,287.6106,4.519806600000038
12.840000000000146,-0.00016296600000001438,292.5786,6.508667400000149
12.849999999999909,-0.0006963239999999982,289.5978,6.508667400000149
12.860000000000127,-0.0003407520000000136,290.59139999999996,4.519806600000038
12.86999999999989,0.00019260599999999795,286.61699999999996,0.5420850000000428
12.88000000000011,-0.00016296600000001438,290.59139999999996,2.5309457999999267
12.889999999999873,-0.0003407520000000136,289.5978,4.519806600000038
12.900000000000091,-0.0005185379999999989,287.6106,4.519806600000038
12.909999999999854,1.4819999999998723e-05,290.59139999999996,0.5420850000000428
12.920000000000073,-0.0005185379999999989,289.5978,6.508667400000149
12.929999999999836,-0.0003407520000000136,288.6042,4.519806600000038
12.940000000000055,-0.00016296600000001438,291.585,6.508667400000149
12.949999999999818,-0.00016296600000001438,292.5786,4.519806600000038
12.960000000000036,1.4819999999998723e-05,287.6106,-1.4467757999998412
12.9699999999998,-0.0003407520000000136,289.5978,4.519806600000038
12.980000000000018,-0.0003407520000000136,290.59139999999996,4.519806600000038
12.990000000000236,-0.00016296600000001438,292.5786,4.519806600000038
13.0,-0.00016296600000001438,288.6042,2.5309457999999267
13.010000000000218,-0.0005185379999999989,289.5978,6.508667400000149
13.019999999999982,-0.0003407520000000136,289.5978,4.519806600000038
13.052000000000135,-0.00016296600000001438,286.61699999999996,0.5420850000000428
13.061999999999898,-0.0003407520000000136,288.6042,4.519806600000038
13.072000000000116,-0.00016296600000001438,290.59139999999996,2.5309457999999267
13.081000000000131,-0.0003407520000000136,289.5978,4.519806600000038
13.099999999999909,-0.0003407520000000136,289.5978,4.519806600000038
13.110000000000127,-0.0005185379999999989,289.5978,6.508667400000149
13.11999999999989,1.4819999999998723e-05,290.59139999999996,4.519806600000038
13.13000000000011,-0.0005185379999999989,291.585,6.508667400000149
13.141000000000076,1.4819999999998723e-05,289.5978,0.5420850000000428
13.150000000000091,-0.00016296600000001438,291.585,2.5309457999999267
13.159999999999854,-0.0005185379999999989,289.5978,6.508667400000149
13.170000000000073,-0.00016296600000001438,289.5978,4.519806600000038
13.18100000000004,-0.00016296600000001438,288.6042,2.5309457999999267
13.190000000000055,-0.0003407520000000136,291.585,4.519806600000038
13.199999999999818,-0.00016296600000001438,289.5978,4.519806600000038
13.21100000000024,-0.0005185379999999989,290.59139999999996,6.508667400000149
13.231999999999971,0.00019260599999999795,288.6042,0.5420850000000428
13.251000000000204,1.4819999999998723e-05,291.585,4.519806600000038
13.260999999999967,-0.0005185379999999989,287.6106,4.519806600000038
13.271000000000186,-0.0003407520000000136,287.6106,0.5420850000000428
13.280999999999949,-0.0003407520000000136,289.5978,4.519806600000038
13.291000000000167,-0.0003407520000000136,288.6042,4.519806600000038
13.30099999999993,-0.00016296600000001438,290.59139999999996,4.519806600000038
13.31100000000015,-0.00016296600000001438,290.59139999999996,4.519806600000038
13.320999999999913,1.4819999999998723e-05,288.6042,0.5420850000000428
13.331000000000131,-0.0006963239999999982,289.5978,4.519806600000038
13.340999999999894,-0.0003407520000000136,290.59139999999996,4.519806600000038
13.351000000000113,-0.0003407520000000136,288.6042,4.519806600000038
13.360999999999876,1.4819999999998723e-05,289.5978,0.5420850000000428
13.371000000000095,-0.00016296600000001438,288.6042,4.519806600000038
13.380999999999858,-0.0006963239999999982,289.5978,6.508667400000149
13.391000000000076,-0.0003407520000000136,290.59139999999996,4.519806600000038
13.40099999999984,-0.00016296600000001438,290.59139999999996,4.519806600000038
13.411000000000058,1.4819999999998723e-05,285.6234,0.5420850000000428
13.420999999999822,-0.00016296600000001438,290.59139999999996,4.519806600000038
13.43100000000004,-0.0005185379999999989,287.6106,2.5309457999999267
13.440999999999804,-0.0005185379999999989,289.5978,4.519806600000038
13.451000000000022,1.4819999999998723e-05,288.6042,0.5420850000000428
13.46100000000024,-0.0003407520000000136,290.59139999999996,4.519806600000038
13.471000000000004,-0.0003407520000000136,290.59139999999996,4.519806600000038
13.481000000000222,-0.00016296600000001438,289.5978,4.519806600000038
13.490999999999985,-0.0005185379999999989,288.6042,4.519806600000038
13.501000000000204,0.00019260599999999795,289.5978,2.5309457999999267
13.510999999999967,-0.0003407520000000136,290.59139999999996,6.508667400000149
13.521000000000186,-0.0005185379999999989,288.6042,4.519806600000038
13.530999999999949,-0.0003407520000000136,290.59139999999996,4.519806600000038
13.541000000000167,1.4819999999998723e-05,291.585,0.5420850000000428
13.55099999999993,-0.0003407520000000136,290.59139999999996,4.519806600000038
13.56100000000015,-0.0003407520000000136,289.5978,2.5309457999999267
13.570999999999913,-0.0003407520000000136,290.59139999999996,4.519806600000038
13.581000000000131,-0.0005185379999999989,289.5978,6.508667400000149
13.590999999999894,1.4819999999998723e-05,286.61699999999996,2.5309457999999267
13.601000000000113,-0.0003407520000000136,287.6106,4.519806600000038
13.610999999999876,-0.00016296600000001438,287.6106,6.508667400000149
13.621000000000095,-0.0003407520000000136,289.5978,4.519806600000038
13.630999999999858,1.4819999999998723e-05,291.585,2.5309457999999267
13.641000000000076,-0.0005185379999999989,287.6106,4.519806600000038
13.65099999999984,-0.0006963239999999982,287.6106,6.508667400000149
13.661000000000058,-0.0003407520000000136,291.585,4.519806600000038
13.670999999999822,-0.0003407520000000136,290.59139999999996,4.519806600000038
13.68100000000004,-0.00016296600000001438,286.61699999999996,0.5420850000000428
13.690999999999804,-0.0003407520000000136,287.6106,2.5309457999999267
13.701000000000022,-0.0003407520000000136,290.59139999999996,4.519806600000038
13.71100000000024,-0.0003407520000000136,291.585,4.519806600000038
13.722000000000207,-0.00016296600000001438,288.6042,0.5420850000000428
13.731000000000222,-0.00016296600000001438,292.5786,4.519806600000038
13.740999999999985,1.4819999999998723e-05,290.59139999999996,2.5309457999999267
13.751000000000204,-0.00016296600000001438,291.585,4.519806600000038
13.760999999999967,-0.0005185379999999989,290.59139999999996,4.519806600000038
13.771999999999935,-0.00016296600000001438,284.6298,0.5420850000000428
13.780999999999949,1.4819999999998723e-05,290.59139999999996,2.5309457999999267
13.791000000000167,-0.0003407520000000136,289.5978,4.519806600000038
13.80099999999993,-0.0003407520000000136,288.6042,2.5309457999999267
13.811999999999898,0.00019260599999999795,289.5978,0.5420850000000428
13.820999999999913,-0.0005185379999999989,288.6042,6.508667400000149
13.83199999999988,-0.0003407520000000136,289.5978,4.519806600000038
13.842000000000098,-0.0005185379999999989,287.6106,4.519806600000038
13.851999999999862,-0.00016296600000001438,291.585,4.519806600000038
13.86200000000008,-0.00016296600000001438,289.5978,0.5420850000000428
13.871999999999844,-0.00016296600000001438,289.5978,2.5309457999999267
13.882000000000062,-0.00016296600000001438,290.59139999999996,2.5309457999999267
13.891999999999825,-0.0003407520000000136,290.59139999999996,4.519806600000038
13.902000000000044,0.00037039200000001105,290.59139999999996,0.5420850000000428
13.911999999999807,-0.00016296600000001438,290.59139999999996,4.519806600000038
13.922000000000025,-0.00016296600000001438,290.59139999999996,2.5309457999999267
13.931999999999789,-0.0003407520000000136,288.6042,2.5309457999999267
13.942000000000007,-0.00016296600000001438,290.59139999999996,4.519806600000038
13.952000000000226,-0.0005185379999999989,289.5978,4.519806600000038
13.961999999999989,-0.0003407520000000136,289.5978,4.519806600000038
13.996999999999844,1.4819999999998723e-05,284.6298,0.5420850000000428
14.005999999999858,-0.00016296600000001438,290.59139999999996,2.5309457999999267
14.016000000000076,-0.00016296600000001438,289.5978,0.5420850000000428
14.02599999999984,1.4819999999998723e-05,294.56579999999997,2.5309457999999267
14.034999999999854,-0.00016296600000001438,289.5978,2.5309457999999267
14.045000000000073,-0.0003407520000000136,290.59139999999996,6.508667400000149
14.054000000000087,-0.0005185379999999989,285.6234,4.519806600000038
14.06399999999985,0.00019260599999999795,293.5722,4.519806600000038
14.07400000000007,-0.0005185379999999989,288.6042,4.519806600000038
14.083000000000084,1.4819999999998723e-05,289.5978,0.5420850000000428
14.092999999999847,-0.0003407520000000136,290.59139999999996,2.5309457999999267
14.11200000000008,-0.0003407520000000136,289.5978,4.519806600000038
14.121999999999844,-0.00016296600000001438,290.59139999999996,4.519806600000038
14.132000000000062,-0.0005185379999999989,288.6042,2.5309457999999267
14.141999999999825,-0.00016296600000001438,290.59139999999996,0.5420850000000428
14.152000000000044,-0.0003407520000000136,289.5978,4.519806600000038
14.161999999999807,0.00019260599999999795,292.5786,2.5309457999999267
14.172000000000025,0.00019260599999999795,288.6042,2.5309457999999267
14.181999999999789,-0.00016296600000001438,292.5786,4.519806600000038
14.192000000000007,-0.0005185379999999989,289.5978,4.519806600000038
14.202000000000226,1.4819999999998723e-05,292.5786,6.508667400000149
14.211999999999989,-0.00016296600000001438,289.5978,2.5309457999999267
14.222000000000207,1.4819999999998723e-05,288.6042,2.5309457999999267
14.231999999999971,-0.0003407520000000136,290.59139999999996,4.519806600000038
14.24200000000019,1.4819999999998723e-05,290.59139999999996,4.519806600000038
14.251999999999953,-0.0005185379999999989,287.6106,2.5309457999999267
14.262000000000171,-0.00016296600000001438,286.61699999999996,2.5309457999999267
14.271999999999935,-0.0003407520000000136,289.5978,4.519806600000038
14.282000000000153,1.4819999999998723e-05,291.585,4.519806600000038
14.291999999999916,-0.0005185379999999989,290.59139999999996,6.508667400000149
14.302000000000135,-0.0003407520000000136,288.6042,2.5309457999999267
14.311999999999898,1.4819999999998723e-05,288.6042,0.5420850000000428
14.322000000000116,-0.0005185379999999989,289.5978,4.519806600000038
14.33199999999988,-0.00016296600000001438,289.5978,4.519806600000038
14.342000000000098,-0.0005185379999999989,291.585,8.497528200000033
14.353000000000065,-0.00016296600000001438,288.6042,2.5309457999999267
14.36200000000008,-0.00016296600000001438,290.59139999999996,4.519806600000038
14.371999999999844,-0.00016296600000001438,290.59139999999996,4.519806600000038
14.382000000000062,-0.0003407520000000136,290.59139999999996,4.519806600000038
14.393000000000029,1.4819999999998723e-05,289.5978,2.5309457999999267
14.402999999999793,0.00019260599999999795,289.5978,0.5420850000000428
14.411999999999807,-0.0005185379999999989,288.6042,4.519806600000038
14.422000000000025,-0.00016296600000001438,291.585,4.519806600000038
14.431999999999789,-0.0005185379999999989,291.585,6.508667400000149
14.443000000000211,0.00019260599999999795,292.5786,2.5309457999999267
14.452000000000226,-0.0003407520000000136,289.5978,4.519806600000038
14.463000000000193,-0.0003407520000000136,287.6106,6.508667400000149
14.472999999999956,1.4819999999998723e-05,292.5786,4.519806600000038
14.49200000000019,1.4819999999998723e-05,287.6106,0.5420850000000428
14.501999999999953,-0.00016296600000001438,291.585,4.519806600000038
14.512000000000171,-0.0005185379999999989,292.5786,6.508667400000149
14.521000000000186,-0.0005185379999999989,289.5978,4.519806600000038
14.530999999999949,-0.0005185379999999989,286.61699999999996,2.5309457999999267
14.541000000000167,-0.0005185379999999989,288.6042,4.519806600000038
14.550000000000182,-0.0003407520000000136,290.59139999999996,4.519806600000038
14.559999999999945,-0.00016296600000001438,289.5978,2.5309457999999267
14.56899999999996,-0.0003407520000000136,289.5978,4.519806600000038
14.579000000000178,1.4819999999998723e-05,287.6106,0.5420850000000428
14.588999999999942,-0.00016296600000001438,291.585,4.519806600000038
14.597999999999956,-0.0003407520000000136,287.6106,4.519806600000038
14.608000000000175,-0.0003407520000000136,288.6042,4.519806600000038
14.61700000000019,-0.00016296600000001438,290.59139999999996,2.5309457999999267
14.626999999999953,0.00019260599999999795,288.6042,2.5309457999999267
14.637000000000171,-0.0003407520000000136,287.6106,2.5309457999999267
14.646000000000186,-0.0003407520000000136,289.5978,2.5309457999999267
14.655999999999949,-0.0003407520000000136,289.5978,4.519806600000038
14.666000000000167,1.4819999999998723e-05,291.585,2.5309457999999267
14.675000000000182,-0.0005185379999999989,287.6106,6.508667400000149
14.684999999999945,1.4819999999998723e-05,290.59139999999996,2.5309457999999267
14.69399999999996,-0.0005185379999999989,288.6042,4.519806600000038
14.704000000000178,-0.00016296600000001438,290.59139999999996,2.5309457999999267
14.713999999999942,1.4819999999998723e-05,287.6106,2.5309457999999267
14.733000000000175,-0.0003407520000000136,288.6042,2.5309457999999267
14.742999999999938,-0.00016296600000001438,289.5978,2.5309457999999267
14.753000000000156,-0.00016296600000001438,290.59139999999996,2.5309457999999267
14.76299999999992,-0.00016296600000001438,289.5978,4.519806600000038
14.773000000000138,-0.0003407520000000136,290.59139999999996,2.5309457999999267
14.782999999999902,-0.0003407520000000136,290.59139999999996,4.519806600000038
14.79300000000012,1.4819999999998723e-05,289.5978,2.5309457999999267
14.802999999999884,0.00019260599999999795,291.585,0.5420850000000428
14.813000000000102,-0.0003407520000000136,289.5978,4.519806600000038
14.822999999999865,-0.0003407520000000136,290.59139999999996,4.519806600000038
14.833000000000084,-0.0003407520000000136,288.6042,4.519806600000038
14.842999999999847,-0.0003407520000000136,287.6106,0.5420850000000428
14.853000000000065,-0.00016296600000001438,286.61699999999996,2.5309457999999267
14.862999999999829,1.4819999999998723e-05,292.5786,4.519806600000038
14.873000000000047,-0.00016296600000001438,289.5978,2.5309457999999267
14.88299999999981,-0.00016296600000001438,290.59139999999996,4.519806600000038
14.893000000000029,-0.00016296600000001438,288.6042,0.5420850000000428
14.902999999999793,-0.0003407520000000136,289.5978,4.519806600000038
14.913000000000011,-0.0003407520000000136,291.585,4.519806600000038
14.92300000000023,1.4819999999998723e-05,292.5786,2.5309457999999267
14.934000000000196,0.00019260599999999795,293.5722,4.519806600000038
14.943000000000211,1.4819999999998723e-05,290.59139999999996,2.5309457999999267
14.952999999999975,-0.0003407520000000136,291.585,4.519806600000038
14.963000000000193,-0.0003407520000000136,288.6042,4.519806600000038
14.972999999999956,-0.00016296600000001438,291.585,4.519806600000038
14.983999999999924,0.00019260599999999795,287.6106,0.5420850000000428
14.992999999999938,-0.00016296600000001438,290.59139999999996,4.519806600000038
15.003000000000156,-0.00016296600000001438,289.5978,4.519806600000038
15.01299999999992,-0.0005185379999999989,289.5978,6.508667400000149
15.023999999999887,-0.00016296600000001438,291.585,2.5309457999999267
15.032999999999902,-0.0003407520000000136,289.5978,4.519806600000038
15.04300000000012,-0.00016296600000001438,290.59139999999996,4.519806600000038
15.052999999999884,-0.0005185379999999989,290.59139999999996,6.508667400000149
15.063000000000102,-0.00016296600000001438,290.59139999999996,4.519806600000038
15.07400000000007,0.00019260599999999795,289.5978,0.5420850000000428
15.083999999999833,-0.00016296600000001438,290.59139999999996,6.508667400000149
15.094000000000051,1.4819999999998723e-05,291.585,2.5309457999999267
15.103999999999814,-0.0003407520000000136,289.5978,4.519806600000038
15.114000000000033,0.00037039200000001105,292.5786,0.5420850000000428
15.123999999999796,-0.0003407520000000136,290.59139999999996,4.519806600000038
15.134000000000015,-0.0005185379999999989,287.6106,4.519806600000038
15.144000000000233,-0.0003407520000000136,288.6042,4.519806600000038
15.153999999999996,-0.0003407520000000136,289.5978,4.519806600000038
15.164000000000215,-0.00016296600000001438,287.6106,2.5309457999999267
15.173999999999978,-0.0005185379999999989,287.6106,4.519806600000038
15.184000000000196,-0.0003407520000000136,290.59139999999996,6.508667400000149
15.19399999999996,-0.00016296600000001438,290.59139999999996,4.519806600000038
15.204000000000178,-0.00016296600000001438,287.6106,2.5309457999999267
15.213999999999942,1.4819999999998723e-05,292.5786,4.519806600000038
15.22400000000016,-0.0005185379999999989,288.6042,4.519806600000038
15.233999999999924,-0.00016296600000001438,289.5978,4.519806600000038
15.244000000000142,-0.0005185379999999989,289.5978,4.519806600000038
15.253999999999905,1.4819999999998723e-05,291.585,4.519806600000038
15.264000000000124,-0.0003407520000000136,289.5978,2.5309457999999267
15.273999999999887,-0.00016296600000001438,291.585,4.519806600000038
15.302000000000135,-0.00016296600000001438,286.61699999999996,0.5420850000000428
15.311999999999898,-0.0005185379999999989,289.5978,6.508667400000149
15.322000000000116,-0.0003407520000000136,288.6042,4.519806600000038
15.393000000000029,0.00019260599999999795,285.6234,-1.4467757999998412
15.402000000000044,-0.00016296600000001438,290.59139999999996,4.519806600000038
15.411999999999807,-0.0005185379999999989,288.6042,2.5309457999999267
15.420999999999822,-0.0003407520000000136,289.5978,4.519806600000038
15.43100000000004,0.00019260599999999795,291.585,-1.4467757999998412
15.440999999999804,-0.0003407520000000136,289.5978,6.508667400000149
15.449999999999818,-0.00016296600000001438,289.5978,4.519806600000038
15.460000000000036,-0.00016296600000001438,292.5786,6.508667400000149
15.469000000000051,-0.00016296600000001438,289.5978,2.5309457999999267
15.478999999999814,0.00019260599999999795,289.5978,0.5420850000000428
15.489000000000033,-0.0005185379999999989,289.5978,4.519806600000038
15.498999999999796,-0.00016296600000001438,291.585,4.519806600000038
15.50799999999981,-0.0003407520000000136,289.5978,4.519806600000038
15.518000000000029,-0.00016296600000001438,291.585,2.5309457999999267
15.527999999999793,1.4819999999998723e-05,287.6106,0.5420850000000428
15.536999999999807,-0.0003407520000000136,290.59139999999996,4.519806600000038
15.547000000000025,-0.00016296600000001438,289.5978,2.5309457999999267
15.55600000000004,-0.00016296600000001438,290.59139999999996,4.519806600000038
15.565999999999804,-0.00016296600000001438,286.61699999999996,0.5420850000000428
15.576000000000022,-0.00016296600000001438,291.585,6.508667400000149
15.585000000000036,1.4819999999998723e-05,290.59139999999996,2.5309457999999267
15.603999999999814,-0.0005185379999999989,288.6042,4.519806600000038
15.615000000000236,1.4819999999998723e-05,289.5978,0.5420850000000428
15.623999999999796,-0.0005185379999999989,290.59139999999996,6.508667400000149
15.634000000000015,-0.00016296600000001438,289.5978,4.519806600000038
15.644000000000233,-0.00016296600000001438,293.5722,6.508667400000149
15.6550000000002,-0.0005185379999999989,286.61699999999996,2.5309457999999267
15.664000000000215,-0.00016296600000001438,289.5978,4.519806600000038
15.673999999999978,-0.0003407520000000136,287.6106,4.519806600000038
15.684000000000196,-0.0003407520000000136,291.585,6.508667400000149
15.69399999999996,-0.00016296600000001438,290.59139999999996,2.5309457999999267
15.704999999999927,1.4819999999998723e-05,286.61699999999996,2.5309457999999267
15.715000000000146,-0.0003407520000000136,291.585,4.519806600000038
15.724999999999909,-0.0003407520000000136,288.6042,4.519806600000038
15.735000000000127,1.4819999999998723e-05,291.585,4.519806600000038
15.74499999999989,-0.0003407520000000136,287.6106,2.5309457999999267
15.75500000000011,-0.0005185379999999989,289.5978,6.508667400000149
15.764999999999873,-0.00016296600000001438,291.585,4.519806600000038
15.775000000000091,-0.0003407520000000136,289.5978,4.519806600000038
15.784999999999854,-0.00016296600000001438,290.59139999999996,4.519806600000038
15.795000000000073,1.4819999999998723e-05,289.5978,0.5420850000000428
15.804999999999836,-0.0003407520000000136,289.5978,4.519806600000038
15.815000000000055,-0.00016296600000001438,289.5978,4.519806600000038
15.824999999999818,-0.00016296600000001438,288.6042,2.5309457999999267
15.835000000000036,1.4819999999998723e-05,289.5978,-1.4467757999998412
15.8449999999998,-0.00016296600000001438,289.5978,2.5309457999999267
15.855000000000018,-0.0003407520000000136,291.585,6.508667400000149
15.865000000000236,-0.0005185379999999989,288.6042,6.508667400000149
15.875,-0.0003407520000000136,290.59139999999996,4.519806600000038
15.885000000000218,1.4819999999998723e-05,286.61699999999996,4.519806600000038
15.894999999999982,1.4819999999998723e-05,289.5978,2.5309457999999267
15.9050000000002,-0.00016296600000001438,291.585,4.519806600000038
15.914999999999964,-0.0003407520000000136,290.59139999999996,4.519806600000038
15.925000000000182,-0.00016296600000001438,290.59139999999996,4.519806600000038
15.934999999999945,-0.0005185379999999989,289.5978,4.519806600000038
15.976999999999862,0.00019260599999999795,289.5978,0.5420850000000428
15.98700000000008,-0.00016296600000001438,289.5978,4.519806600000038
15.996000000000095,-0.00016296600000001438,289.5978,4.519806600000038
16.005999999999858,-0.00016296600000001438,291.585,4.519806600000038
16.02500000000009,-0.0003407520000000136,290.59139999999996,4.519806600000038
16.034999999999854,-0.0003407520000000136,293.5722,6.508667400000149
16.045000000000073,-0.0003407520000000136,291.585,4.519806600000038
16.054999999999836,-0.00016296600000001438,290.59139999999996,2.5309457999999267
16.065000000000055,0.00019260599999999795,290.59139999999996,2.5309457999999267
16.074999999999818,-0.0005185379999999989,287.6106,4.519806600000038
16.085000000000036,-0.0003407520000000136,288.6042,4.519806600000038
16.0949999999998,-0.00016296600000001438,292.5786,4.519806600000038
16.105000000000018,0.00019260599999999795,292.5786,0.5420850000000428
16.115000000000236,-0.0003407520000000136,289.5978,4.519806600000038
16.125,-0.0005185379999999989,289.5978,6.508667400000149
16.13500000000022,-0.00016296600000001438,290.59139999999996,2.5309457999999267
16.144999999999982,-0.00016296600000001438,291.585,4.519806600000038
16.15599999999995,0.00019260599999999795,291.585,0.5420850000000428
16.164999999999964,-0.00016296600000001438,289.5978,2.5309457999999267
16.175000000000182,-0.0005185379999999989,286.61699999999996,2.5309457999999267
16.184999999999945,-0.00016296600000001438,292.5786,4.519806600000038
16.195999999999913,0.00019260599999999795,288.6042,0.5420850000000428
16.204999999999927,-0.0005185379999999989,287.6106,4.519806600000038
16.215000000000146,-0.0003407520000000136,291.585,4.519806600000038
16.22499999999991,-0.0005185379999999989,290.59139999999996,6.508667400000149
16.235000000000127,-0.0005185379999999989,290.59139999999996,6.508667400000149
16.246000000000095,1.4819999999998723e-05,287.6106,0.5420850000000428
16.25500000000011,-0.0003407520000000136,289.5978,4.519806600000038
16.264999999999873,-0.0003407520000000136,290.59139999999996,6.508667400000149
16.27500000000009,-0.0003407520000000136,289.5978,2.5309457999999267
16.286000000000058,0.00019260599999999795,288.6042,-1.4467757999998412
16.295000000000073,-0.0003407520000000136,289.5978,4.519806600000038
16.304999999999836,-0.0005185379999999989,288.6042,4.519806600000038
16.315000000000055,-0.00016296600000001438,291.585,4.519806600000038
16.324999999999818,1.4819999999998723e-05,291.585,4.519806600000038
16.33600000000024,1.4819999999998723e-05,286.61699999999996,-1.4467757999998412
16.346000000000004,-0.00016296600000001438,290.59139999999996,4.519806600000038
16.356000000000222,-0.0003407520000000136,289.5978,4.519806600000038
16.365999999999985,-0.0003407520000000136,289.5978,4.519806600000038
16.376000000000204,1.4819999999998723e-05,289.5978,2.5309457999999267
16.385999999999967,-0.00016296600000001438,291.585,4.519806600000038
16.396000000000186,-0.0003407520000000136,289.5978,4.519806600000038
16.40599999999995,-0.0003407520000000136,290.59139999999996,4.519806600000038
16.416000000000167,-0.0003407520000000136,292.5786,8.497528200000033
16.42599999999993,-0.00016296600000001438,290.59139999999996,4.519806600000038
16.43600000000015,-0.0005185379999999989,288.6042,4.519806600000038
16.445999999999913,-0.00016296600000001438,290.59139999999996,4.519806600000038
16.45600000000013,-0.0005185379999999989,290.59139999999996,6.508667400000149
16.465999999999894,1.4819999999998723e-05,289.5978,2.5309457999999267
16.476000000000113,-0.0003407520000000136,290.59139999999996,2.5309457999999267
16.485999999999876,-0.0006963239999999982,286.61699999999996,4.519806600000038
16.496000000000095,-0.0006963239999999982,288.6042,4.519806600000038
16.505999999999858,-0.0006963239999999982,288.6042,6.508667400000149
16.516000000000076,1.4819999999998723e-05,289.5978,0.5420850000000428
16.52599999999984,-0.0005185379999999989,289.5978,6.508667400000149
16.536000000000058,-0.0005185379999999989,290.59139999999996,6.508667400000149
16.54599999999982,-0.0005185379999999989,289.5978,4.519806600000038
16.55600000000004,1.4819999999998723e-05,289.5978,0.5420850000000428
16.565999999999804,-0.00016296600000001438,289.5978,6.508667400000149
16.576000000000022,-0.0005185379999999989,292.5786,6.508667400000149
16.60699999999997,-0.00016296600000001438,288.6042,0.5420850000000428
16.626000000000204,-0.0003407520000000136,291.585,6.508667400000149
16.635999999999967,-0.0003407520000000136,291.585,4.519806600000038
16.646000000000186,1.4819999999998723e-05,290.59139999999996,2.5309457999999267
16.65599999999995,-0.00016296600000001438,291.585,4.519806600000038
16.666000000000167,-0.00016296600000001438,288.6042,2.5309457999999267
16.67599999999993,-0.00016296600000001438,292.5786,4.519806600000038
16.68600000000015,-0.0003407520000000136,289.5978,4.519806600000038
16.695999999999913,-0.00016296600000001438,285.6234,0.5420850000000428
16.70600000000013,-0.0003407520000000136,290.59139999999996,4.519806600000038
16.715999999999894,1.4819999999998723e-05,289.5978,4.519806600000038
16.726000000000113,-0.00016296600000001438,290.59139999999996,4.519806600000038
16.735999999999876,-0.0005185379999999989,288.6042,4.519806600000038
16.746000000000095,-0.0006963239999999982,287.6106,4.519806600000038
16.755999999999858,-0.0003407520000000136,288.6042,4.519806600000038
16.766000000000076,0.00019260599999999795,290.59139999999996,4.519806600000038
16.78800000000001,-0.00016296600000001438,287.6106,0.5420850000000428
16.797000000000025,-0.0003407520000000136,289.5978,2.5309457999999267
16.815999999999804,-0.0003407520000000136,290.59139999999996,4.519806600000038
16.827000000000226,0.00019260599999999795,289.5978,0.5420850000000428
16.83600000000024,1.4819999999998723e-05,293.5722,4.519806600000038
16.846000000000004,-0.0005185379999999989,287.6106,4.519806600000038
16.856000000000222,-0.00016296600000001438,291.585,4.519806600000038
16.865999999999985,-0.0003407520000000136,288.6042,4.519806600000038
16.876999999999953,0.00019260599999999795,288.6042,0.5420850000000428
16.885999999999967,-0.0003407520000000136,290.59139999999996,6.508667400000149
16.896000000000186,-0.0005185379999999989,289.5978,6.508667400000149
16.90599999999995,-0.0003407520000000136,289.5978,4.519806600000038
16.922000000000025,0.00019260599999999795,285.6234,-1.4467757999998412
16.93199999999979,-0.0005185379999999989,289.5978,4.519806600000038
16.940999999999804,1.4819999999998723e-05,292.5786,4.519806600000038
16.951000000000022,-0.0003407520000000136,291.585,4.519806600000038
16.96100000000024,1.4819999999998723e-05,290.59139999999996,2.5309457999999267
16.9699999999998,-0.0005185379999999989,288.6042,4.519806600000038
16.980000000000018,-0.0005185379999999989,289.5978,4.519806600000038
16.989000000000033,-0.0006963239999999982,287.6106,4.519806600000038
16.998999999999796,-0.0003407520000000136,291.585,4.519806600000038
17.009000000000015,1.4819999999998723e-05,291.585,0.5420850000000428
17.01800000000003,-0.0003407520000000136,290.59139999999996,6.508667400000149
17.027999999999793,-0.00016296600000001438,291.585,4.519806600000038
17.03800000000001,-0.0003407520000000136,289.5978,4.519806600000038
17.05699999999979,-0.0003407520000000136,287.6106,2.5309457999999267
17.067000000000007,-0.00016296600000001438,289.5978,4.519806600000038
17.077000000000226,-0.0005185379999999989,289.5978,4.519806600000038
17.08699999999999,-0.00016296600000001438,290.59139999999996,2.5309457999999267
17.097000000000207,-0.0003407520000000136,289.5978,4.519806600000038
17.10699999999997,-0.0003407520000000136,291.585,6.508667400000149
17.11700000000019,-0.00016296600000001438,289.5978,4.519806600000038
17.126999999999953,-0.0003407520000000136,291.585,6.508667400000149
17.13700000000017,-0.00016296600000001438,290.59139999999996,2.5309457999999267
17.146999999999935,-0.00016296600000001438,287.6106,2.5309457999999267
17.157000000000153,-0.0003407520000000136,289.5978,4.519806600000038
17.166999999999916,-0.0003407520000000136,290.59139999999996,4.519806600000038
17.177000000000135,-0.00016296600000001438,290.59139999999996,4.519806600000038
17.186999999999898,0.00019260599999999795,289.5978,0.5420850000000428
17.197000000000116,-0.0003407520000000136,289.5978,6.508667400000149
17.20699999999988,-0.00016296600000001438,291.585,4.519806600000038
17.2170000000001,-0.0003407520000000136,291.585,4.519806600000038
17.23700000000008,-0.00016296600000001438,287.6106,2.5309457999999267
17.246999999999844,-0.0005185379999999989,290.59139999999996,4.519806600000038
17.257000000000062,1.4819999999998723e-05,289.5978,2.5309457999999267
17.266999999999825,-0.0003407520000000136,289.5978,6.508667400000149
17.277000000000044,-0.00016296600000001438,289.5978,2.5309457999999267
17.286999999999807,-0.0003407520000000136,289.5978,4.519806600000038
17.297000000000025,-0.0003407520000000136,290.59139999999996,4.519806600000038
17.30699999999979,-0.0003407520000000136,291.585,6.508667400000149
17.317000000000007,-0.00016296600000001438,292.5786,4.519806600000038
17.327000000000226,-0.0003407520000000136,287.6106,2.5309457999999267
17.33699999999999,-0.0005185379999999989,288.6042,4.519806600000038
17.347000000000207,-0.0003407520000000136,290.59139999999996,4.519806600000038
17.35699999999997,-0.0003407520000000136,289.5978,4.519806600000038
17.36700000000019,-0.00016296600000001438,288.6042,0.5420850000000428
17.376999999999953,-0.00016296600000001438,289.5978,2.5309457999999267
17.38700000000017,-0.0005185379999999989,287.6106,4.519806600000038
17.396999999999935,-0.0005185379999999989,289.5978,4.519806600000038
17.407000000000153,-0.0003407520000000136,289.5978,4.519806600000038
17.416999999999916,-0.0003407520000000136,284.6298,2.5309457999999267
17.427000000000135,-0.00016296600000001438,289.5978,4.519806600000038
17.436999999999898,-0.0003407520000000136,289.5978,4.519806600000038
17.447000000000116,-0.00016296600000001438,291.585,4.519806600000038
17.458000000000084,-0.00016296600000001438,287.6106,2.5309457999999267
17.4670000000001,-0.00016296600000001438,290.59139999999996,2.5309457999999267
17.47699999999986,-0.0003407520000000136,288.6042,4.519806600000038
17.48700000000008,-0.0003407520000000136,290.59139999999996,4.519806600000038
17.498000000000047,-0.0003407520000000136,290.59139999999996,4.519806600000038
17.50799999999981,-0.0003407520000000136,289.5978,4.519806600000038
17.516999999999825,-0.0003407520000000136,290.59139999999996,4.519806600000038
17.552000000000135,1.4819999999998723e-05,291.585,2.5309457999999267
17.561999999999898,-0.0003407520000000136,289.5978,4.519806600000038
17.570999999999913,-0.0003407520000000136,289.5978,4.519806600000038
17.58100000000013,-0.0003407520000000136,290.59139999999996,6.508667400000149
17.590999999999894,-0.0003407520000000136,288.6042,2.5309457999999267
17.59999999999991,-0.0003407520000000136,289.5978,4.519806600000038
17.610000000000127,-0.0003407520000000136,290.59139999999996,6.508667400000149
17.619000000000142,-0.00016296600000001438,291.585,4.519806600000038
17.628999999999905,-0.0003407520000000136,289.5978,4.519806600000038
17.639000000000124,-0.00016296600000001438,287.6106,2.5309457999999267
17.64800000000014,-0.0003407520000000136,289.5978,6.508667400000149
17.66800000000012,-0.00016296600000001438,291.585,4.519806600000038
17.677999999999884,-0.00016296600000001438,291.585,2.5309457999999267
17.688000000000102,-0.00016296600000001438,288.6042,2.5309457999999267
17.697999999999865,-0.00016296600000001438,289.5978,2.5309457999999267
17.708000000000084,-0.0003407520000000136,290.59139999999996,4.519806600000038
17.717999999999847,-0.00016296600000001438,290.59139999999996,4.519806600000038
17.728000000000065,0.00019260599999999795,291.585,2.5309457999999267
17.73799999999983,1.4819999999998723e-05,291.585,4.519806600000038
17.748000000000047,-0.0005185379999999989,290.59139999999996,6.508667400000149
17.75799999999981,-0.00016296600000001438,292.5786,6.508667400000149
17.76800000000003,1.4819999999998723e-05,290.59139999999996,2.5309457999999267
17.777999999999793,-0.00016296600000001438,289.5978,2.5309457999999267
17.78800000000001,0.00019260599999999795,291.585,2.5309457999999267
17.79800000000023,-0.0005185379999999989,288.6042,2.5309457999999267
17.807999999999993,-0.0006963239999999982,286.61699999999996,4.519806600000038
17.81800000000021,-0.0003407520000000136,286.61699999999996,0.5420850000000428
17.827999999999975,-0.0003407520000000136,288.6042,2.5309457999999267
17.838000000000193,-0.00016296600000001438,290.59139999999996,4.519806600000038
17.847999999999956,-0.0005185379999999989,288.6042,4.519806600000038
17.858000000000175,1.4819999999998723e-05,292.5786,2.5309457999999267
17.867999999999938,-0.0003407520000000136,288.6042,2.5309457999999267
17.878000000000156,-0.0003407520000000136,289.5978,4.519806600000038
17.88799999999992,-0.0003407520000000136,289.5978,4.519806600000038
17.89800000000014,1.4819999999998723e-05,292.5786,6.508667400000149
17.9079999999999,-0.0005185379999999989,284.6298,0.5420850000000428
17.91800000000012,-0.00016296600000001438,290.59139999999996,4.519806600000038
17.927999999999884,-0.0005185379999999989,288.6042,6.508667400000149
17.938000000000102,-0.00016296600000001438,290.59139999999996,4.519806600000038
17.947999999999865,-0.00016296600000001438,291.585,4.519806600000038
17.958000000000084,-0.0003407520000000136,285.6234,2.5309457999999267
17.967999999999847,-0.00016296600000001438,290.59139999999996,4.519806600000038
17.978000000000065,-0.0005185379999999989,288.6042,4.519806600000038
17.98799999999983,-0.0003407520000000136,289.5978,4.519806600000038
17.998000000000047,0.00037039200000001105,290.59139999999996,0.5420850000000428
18.00799999999981,-0.0003407520000000136,289.5978,4.519806600000038
18.01800000000003,-0.0003407520000000136,290.59139999999996,6.508667400000149
18.027999999999793,-0.00016296600000001438,289.5978,4.519806600000038
18.03800000000001,1.4819999999998723e-05,288.6042,0.5420850000000428
18.04800000000023,0.00019260599999999795,290.59139999999996,0.5420850000000428
18.057999999999993,-0.0003407520000000136,289.5978,4.519806600000038
18.06800000000021,-0.0005185379999999989,289.5978,4.519806600000038
18.077999999999975,-0.00016296600000001438,290.59139999999996,2.5309457999999267
18.088999999999942,-0.0003407520000000136,286.61699999999996,0.5420850000000428
18.097999999999956,-0.0003407520000000136,291.585,4.519806600000038
18.108000000000175,-0.00016296600000001438,291.585,4.519806600000038
18.117999999999938,1.4819999999998723e-05,292.5786,4.519806600000038
18.128999999999905,0.00019260599999999795,291.585,0.5420850000000428
18.13799999999992,1.4819999999998723e-05,290.59139999999996,2.5309457999999267
18.14800000000014,-0.0003407520000000136,289.5978,2.5309457999999267
18.1579999999999,-0.0003407520000000136,289.5978,6.508667400000149
18.16800000000012,-0.0005185379999999989,290.59139999999996,6.508667400000149
18.179000000000087,0.00019260599999999795,290.59139999999996,2.5309457999999267
18.188000000000102,-0.00016296600000001438,291.585,4.519806600000038
18.197999999999865,-0.0005185379999999989,288.6042,4.519806600000038
18.208000000000084,-0.0003407520000000136,290.59139999999996,4.519806600000038
18.21900000000005,1.4819999999998723e-05,290.59139999999996,4.519806600000038
18.228999999999814,-0.0003407520000000136,288.6042,4.519806600000038
18.239000000000033,-0.00016296600000001438,290.59139999999996,4.519806600000038
18.248999999999796,-0.0003407520000000136,292.5786,6.508667400000149
18.259000000000015,-0.0003407520000000136,288.6042,4.519806600000038
18.269000000000233,1.4819999999998723e-05,288.6042,2.5309457999999267
18.278999999999996,-0.0003407520000000136,290.59139999999996,4.519806600000038
18.289000000000215,-0.0003407520000000136,291.585,4.519806600000038
18.298999999999978,-0.0005185379999999989,290.59139999999996,4.519806600000038
18.309000000000196,1.4819999999998723e-05,289.5978,4.519806600000038
18.31899999999996,-0.00016296600000001438,289.5978,2.5309457999999267
18.32900000000018,-0.0005185379999999989,290.59139999999996,6.508667400000149
18.338999999999942,-0.0003407520000000136,290.59139999999996,4.519806600000038
18.34900000000016,-0.0003407520000000136,288.6042,4.519806600000038
18.358999999999924,-0.00016296600000001438,286.61699999999996,0.5420850000000428
18.369000000000142,-0.00016296600000001438,292.5786,6.508667400000149
18.378999999999905,1.4819999999998723e-05,290.59139999999996,2.5309457999999267
18.389000000000124,-0.0003407520000000136,289.5978,4.519806600000038
18.398999999999887,-0.0003407520000000136,289.5978,4.519806600000038
18.409000000000106,-0.0003407520000000136,286.61699999999996,2.5309457999999267
18.41899999999987,-0.0005185379999999989,286.61699999999996,4.519806600000038
18.429000000000087,-0.00016296600000001438,292.5786,4.519806600000038
18.43899999999985,-0.0003407520000000136,290.59139999999996,4.519806600000038
18.44900000000007,0.00019260599999999795,290.59139999999996,2.5309457999999267
18.458999999999833,-0.0005185379999999989,288.6042,4.519806600000038
18.46900000000005,-0.00016296600000001438,291.585,4.519806600000038
18.478999999999814,-0.0003407520000000136,288.6042,2.5309457999999267
18.489000000000033,1.4819999999998723e-05,287.6106,0.5420850000000428
18.498999999999796,-0.0005185379999999989,289.5978,4.519806600000038
18.509000000000015,-0.0003407520000000136,290.59139999999996,4.519806600000038
18.519000000000233,-0.00016296600000001438,291.585,4.519806600000038
18.528999999999996,-0.0003407520000000136,287.6106,4.519806600000038
18.539000000000215,0.00019260599999999795,291.585,0.5420850000000428
18.548999999999978,-0.0005185379999999989,288.6042,4.519806600000038
18.559000000000196,-0.0005185379999999989,289.5978,4.519806600000038
18.56899999999996,-0.00016296600000001438,290.59139999999996,4.519806600000038
18.57900000000018,-0.00016296600000001438,287.6106,2.5309457999999267
18.588999999999942,-0.00016296600000001438,290.59139999999996,2.5309457999999267
18.59900000000016,-0.00016296600000001438,292.5786,6.508667400000149
18.608999999999924,-0.00016296600000001438,290.59139999999996,4.519806600000038
18.619000000000142,-0.0003407520000000136,290.59139999999996,4.519806600000038
18.628999999999905,0.00019260599999999795,291.585,2.5309457999999267
18.639000000000124,-0.00016296600000001438,289.5978,2.5309457999999267
18.648999999999887,-0.0003407520000000136,288.6042,6.508667400000149
18.659000000000106,-0.0003407520000000136,290.59139999999996,4.519806600000038
18.66899999999987,-0.00016296600000001438,290.59139999999996,2.5309457999999267
18.679000000000087,-0.0003407520000000136,288.6042,2.5309457999999267
18.68899999999985,-0.0003407520000000136,288.6042,4.519806600000038
18.69900000000007,-0.00016296600000001438,289.5978,2.5309457999999267
18.708999999999833,-0.0003407520000000136,290.59139999999996,4.519806600000038
18.7199999999998,0.00037039200000001105,290.59139999999996,0.5420850000000428
18.728999999999814,1.4819999999998723e-05,292.5786,4.519806600000038
18.739000000000033,1.4819999999998723e-05,292.5786,4.519806600000038
18.748999999999796,-0.0003407520000000136,289.5978,4.519806600000038
18.76000000000022,1.4819999999998723e-05,291.585,0.5420850000000428
18.769000000000233,1.4819999999998723e-05,290.59139999999996,4.519806600000038
18.778999999999996,-0.00016296600000001438,289.5978,4.519806600000038
18.789000000000215,-0.0003407520000000136,291.585,4.519806600000038
18.798999999999978,-0.0003407520000000136,290.59139999999996,4.519806600000038
18.809999999999945,1.4819999999998723e-05,288.6042,0.5420850000000428
18.81899999999996,-0.0003407520000000136,292.5786,2.5309457999999267
18.82900000000018,-0.0003407520000000136,288.6042,4.519806600000038
18.840000000000146,-0.0005185379999999989,289.5978,4.519806600000038
18.84999999999991,0.00019260599999999795,289.5978,0.5420850000000428
18.860000000000127,-0.0003407520000000136,290.59139999999996,6.508667400000149
18.86999999999989,-0.00016296600000001438,289.5978,4.519806600000038
18.88000000000011,-0.0003407520000000136,291.585,6.508667400000149
18.889999999999873,-0.0003407520000000136,289.5978,6.508667400000149
18.90000000000009,1.4819999999998723e-05,288.6042,0.5420850000000428
18.909999999999854,1.4819999999998723e-05,290.59139999999996,2.5309457999999267
18.920000000000073,-0.0003407520000000136,286.61699999999996,2.5309457999999267
18.929999999999836,-0.0003407520000000136,290.59139999999996,4.519806600000038
18.940000000000055,0.00019260599999999795,292.5786,2.5309457999999267
18.949999999999818,-0.0003407520000000136,291.585,6.508667400000149
18.960000000000036,1.4819999999998723e-05,290.59139999999996,2.5309457999999267
18.9699999999998,-0.00016296600000001438,291.585,6.508667400000149
18.99200000000019,1.4819999999998723e-05,288.6042,0.5420850000000428
19.001999999999953,-0.0003407520000000136,289.5978,2.5309457999999267
19.01200000000017,-0.0003407520000000136,289.5978,4.519806600000038
19.021000000000186,-0.0006963239999999982,284.6298,2.5309457999999267
19.03099999999995,1.4819999999998723e-05,289.5978,2.5309457999999267
19.050000000000182,-0.0003407520000000136,290.59139999999996,4.519806600000038
19.059999999999945,-0.00016296600000001438,290.59139999999996,4.519806600000038
19.070000000000164,-0.00016296600000001438,289.5978,4.519806600000038
19.079999999999927,-0.00016296600000001438,287.6106,2.5309457999999267
19.090000000000146,-0.0005185379999999989,290.59139999999996,6.508667400000149
19.09999999999991,-0.0006963239999999982,288.6042,4.519806600000038
19.110000000000127,1.4819999999998723e-05,291.585,2.5309457999999267
19.11999999999989,-0.00016296600000001438,286.61699999999996,0.5420850000000428
19.13000000000011,-0.0005185379999999989,288.6042,4.519806600000038
19.139999999999873,-0.0003407520000000136,288.6042,4.519806600000038
19.15000000000009,-0.0003407520000000136,289.5978,4.519806600000038
19.159999999999854,-0.0003407520000000136,288.6042,2.5309457999999267
19.170000000000073,-0.0003407520000000136,286.61699999999996,0.5420850000000428
19.179999999999836,1.4819999999998723e-05,290.59139999999996,2.5309457999999267
19.190000000000055,-0.0003407520000000136,288.6042,4.519806600000038
19.199999999999818,-0.0003407520000000136,289.5978,4.519806600000038
19.210000000000036,-0.00016296600000001438,288.6042,2.5309457999999267
19.2199999999998,-0.00016296600000001438,291.585,4.519806600000038
19.230000000000018,-0.00016296600000001438,291.585,4.519806600000038
19.240000000000236,-0.00016296600000001438,289.5978,4.519806600000038
19.25,-0.0003407520000000136,289.5978,6.508667400000149
19.26000000000022,-0.00016296600000001438,289.5978,0.5420850000000428
19.269999999999982,-0.0003407520000000136,291.585,6.508667400000149
19.2800000000002,-0.0005185379999999989,289.5978,4.519806600000038
19.289999999999964,-0.00016296600000001438,290.59139999999996,4.519806600000038
19.300000000000182,1.4819999999998723e-05,289.5978,0.5420850000000428
19.309999999999945,-0.0003407520000000136,288.6042,2.5309457999999267
19.320000000000164,-0.0003407520000000136,292.5786,4.519806600000038
19.329999999999927,-0.00016296600000001438,289.5978,4.519806600000038
19.340000000000146,-0.00016296600000001438,289.5978,4.519806600000038
19.351000000000113,1.4819999999998723e-05,284.6298,0.5420850000000428
19.360000000000127,-0.0005185379999999989,287.6106,6.508667400000149
19.36999999999989,-0.0003407520000000136,289.5978,6.508667400000149
19.38000000000011,-0.00016296600000001438,287.6106,2.5309457999999267
19.391000000000076,-0.00016296600000001438,286.61699999999996,2.5309457999999267
19.40000000000009,-0.00016296600000001438,289.5978,4.519806600000038
19.409999999999854,-0.00016296600000001438,291.585,4.519806600000038
19.420000000000073,-0.0003407520000000136,290.59139999999996,6.508667400000149
19.429999999999836,1.4819999999998723e-05,290.59139999999996,4.519806600000038
19.440999999999804,1.4819999999998723e-05,285.6234,0.5420850000000428
19.451000000000022,-0.0003407520000000136,288.6042,2.5309457999999267
19.460000000000036,-0.0005185379999999989,288.6042,6.508667400000149
19.471000000000004,-0.0006963239999999982,286.61699999999996,2.5309457999999267
19.481000000000222,0.00019260599999999795,293.5722,4.519806600000038
19.490999999999985,-0.00016296600000001438,291.585,4.519806600000038
19.501000000000204,1.4819999999998723e-05,291.585,2.5309457999999267
19.532000000000153,1.4819999999998723e-05,289.5978,0.5420850000000428
19.541999999999916,1.4819999999998723e-05,290.59139999999996,4.519806600000038
19.552000000000135,-0.0005185379999999989,288.6042,4.519806600000038
19.570999999999913,1.4819999999998723e-05,289.5978,2.5309457999999267
19.58100000000013,-0.00016296600000001438,290.59139999999996,4.519806600000038
19.590999999999894,-0.00016296600000001438,292.5786,4.519806600000038
19.601000000000113,-0.0005185379999999989,289.5978,4.519806600000038
19.610999999999876,-0.0003407520000000136,291.585,4.519806600000038
19.621000000000095,0.00019260599999999795,289.5978,2.5309457999999267
19.630999999999858,-0.00016296600000001438,290.59139999999996,6.508667400000149
19.641000000000076,-0.0003407520000000136,290.59139999999996,4.519806600000038
19.66800000000012,0.00019260599999999795,286.61699999999996,-1.4467757999998412
19.677999999999884,-0.0003407520000000136,290.59139999999996,4.519806600000038
19.686999999999898,1.4819999999998723e-05,293.5722,4.519806600000038
19.697000000000116,-0.00016296600000001438,289.5978,2.5309457999999267
19.70600000000013,0.00019260599999999795,290.59139999999996,0.5420850000000428
19.715999999999894,-0.0006963239999999982,288.6042,4.519806600000038
19.726000000000113,-0.0005185379999999989,288.6042,4.519806600000038
19.735000000000127,-0.0003407520000000136,289.5978,2.5309457999999267
19.74499999999989,-0.00016296600000001438,291.585,4.519806600000038
19.75500000000011,1.4819999999998723e-05,289.5978,0.5420850000000428
19.764000000000124,-0.0006963239999999982,288.6042,6.508667400000149
19.773999999999887,-0.0003407520000000136,289.5978,2.5309457999999267
19.7829999999999,-0.0005185379999999989,287.6106,4.519806600000038
19.79300000000012,1.4819999999998723e-05,289.5978,4.519806600000038
19.802999999999884,-0.00016296600000001438,290.59139999999996,2.5309457999999267
19.811999999999898,-0.0003407520000000136,292.5786,4.519806600000038
19.847000000000207,1.4819999999998723e-05,288.6042,2.5309457999999267
19.85699999999997,-0.00016296600000001438,289.5978,2.5309457999999267
19.86700000000019,-0.00016296600000001438,290.59139999999996,2.5309457999999267
19.876000000000204,-0.0005185379999999989,291.585,4.519806600000038
19.885999999999967,1.4819999999998723e-05,289.5978,0.5420850000000428
19.896000000000186,-0.0005185379999999989,290.59139999999996,6.508667400000149
19.9050000000002,-0.00016296600000001438,290.59139999999996,2.5309457999999267
19.914999999999964,-0.0005185379999999989,291.585,6.508667400000149
19.923999999999978,-0.00016296600000001438,289.5978,2.5309457999999267
19.934000000000196,0.00019260599999999795,290.59139999999996,0.5420850000000428
19.94399999999996,-0.00016296600000001438,289.5978,4.519806600000038
19.952999999999975,-0.0003407520000000136,289.5978,4.519806600000038
19.963000000000193,-0.0003407520000000136,287.6106,2.5309457999999267
19.972000000000207,-0.00016296600000001438,292.5786,6.508667400000149
19.99200000000019,-0.0003407520000000136,288.6042,4.519806600000038
20.001000000000204,-0.00016296600000001438,289.5978,2.5309457999999267
20.010999999999967,-0.0003407520000000136,288.6042,4.519806600000038
20.021999999999935,0.00019260599999999795,292.5786,0.5420850000000428
20.03099999999995,-0.0005185379999999989,289.5978,6.508667400000149
20.041000000000167,-0.00016296600000001438,289.5978,4.519806600000038
20.05099999999993,1.4819999999998723e-05,289.5978,2.5309457999999267
20.06100000000015,-0.00016296600000001438,293.5722,4.519806600000038
20.072000000000116,1.4819999999998723e-05,288.6042,2.5309457999999267
20.08199999999988,-0.0003407520000000136,289.5978,4.519806600000038
20.0920000000001,-0.0003407520000000136,289.5978,4.519806600000038
20.10199999999986,-0.00016296600000001438,289.5978,4.519806600000038
20.11200000000008,-0.00016296600000001438,289.5978,2.5309457999999267
20.121999999999844,-0.0003407520000000136,289.5978,4.519806600000038
20.132000000000062,-0.0003407520000000136,289.5978,2.5309457999999267
20.141999999999825,-0.0003407520000000136,290.59139999999996,4.519806600000038
20.152000000000044,-0.00016296600000001438,291.585,4.519806600000038
20.161999999999807,0.00037039200000001105,290.59139999999996,0.5420850000000428
20.172000000000025,1.4819999999998723e-05,291.585,2.5309457999999267
20.18199999999979,-0.0003407520000000136,287.6106,4.519806600000038
20.192000000000007,-0.0003407520000000136,288.6042,2.5309457999999267
20.202000000000226,1.4819999999998723e-05,290.59139999999996,0.5420850000000428
20.21199999999999,-0.0005185379999999989,288.6042,4.519806600000038
20.222000000000207,-0.00016296600000001438,292.5786,6.508667400000149
20.23199999999997,-0.0005185379999999989,288.6042,4.519806600000038
20.24200000000019,-0.0005185379999999989,288.6042,4.519806600000038
20.251999999999953,0.00019260599999999795,286.61699999999996,-1.4467757999998412
20.26200000000017,-0.00016296600000001438,290.59139999999996,2.5309457999999267
20.271999999999935,-0.0003407520000000136,289.5978,4.519806600000038
20.282000000000153,-0.0005185379999999989,289.5978,4.519806600000038
20.291999999999916,1.4819999999998723e-05,288.6042,0.5420850000000428
20.302000000000135,-0.0003407520000000136,291.585,4.519806600000038
20.311999999999898,-0.0005185379999999989,289.5978,4.519806600000038
20.322000000000116,-0.00016296600000001438,292.5786,4.519806600000038
20.33199999999988,-0.00016296600000001438,290.59139999999996,4.519806600000038
20.3420000000001,1.4819999999998723e-05,287.6106,0.5420850000000428
20.35199999999986,1.4819999999998723e-05,290.59139999999996,2.5309457999999267
20.36200000000008,-0.00016296600000001438,289.5978,4.519806600000038
20.371999999999844,1.4819999999998723e-05,292.5786,2.5309457999999267
20.382000000000062,-0.00016296600000001438,289.5978,2.5309457999999267
20.391999999999825,-0.0003407520000000136,287.6106,4.519806600000038
20.402000000000044,-0.00016296600000001438,290.59139999999996,2.5309457999999267
20.411999999999807,-0.0003407520000000136,288.6042,4.519806600000038
20.422000000000025,-0.00016296600000001438,289.5978,2.5309457999999267
20.43199999999979,-0.00016296600000001438,286.61699999999996,0.5420850000000428
20.442000000000007,-0.00016296600000001438,289.5978,2.5309457999999267
20.452000000000226,-0.0003407520000000136,289.5978,4.519806600000038
20.46199999999999,-0.0003407520000000136,290.59139999999996,6.508667400000149
20.472000000000207,-0.0005185379999999989,286.61699999999996,4.519806600000038
20.48199999999997,1.4819999999998723e-05,290.59139999999996,2.5309457999999267
20.49200000000019,-0.0003407520000000136,291.585,4.519806600000038
20.501999999999953,1.4819999999998723e-05,292.5786,2.5309457999999267
20.51200000000017,-0.0003407520000000136,290.59139999999996,4.519806600000038
20.521999999999935,1.4819999999998723e-05,287.6106,0.5420850000000428
20.532000000000153,-0.0005185379999999989,288.6042,4.519806600000038
20.541999999999916,-0.00016296600000001438,290.59139999999996,4.519806600000038
20.552000000000135,-0.00016296600000001438,289.5978,4.519806600000038
20.563000000000102,-0.00016296600000001438,287.6106,-1.4467757999998412
20.572000000000116,-0.0003407520000000136,290.59139999999996,4.519806600000038
20.58199999999988,-0.00016296600000001438,289.5978,6.508667400000149
20.5920000000001,-0.00016296600000001438,291.585,4.519806600000038
20.60199999999986,-0.0003407520000000136,288.6042,4.519806600000038
20.61200000000008,1.4819999999998723e-05,285.6234,2.5309457999999267
20.621999999999844,-0.00016296600000001438,289.5978,4.519806600000038
20.632000000000062,-0.0003407520000000136,288.6042,4.519806600000038
20.641999999999825,-0.00016296600000001438,291.585,4.519806600000038
20.652999999999793,-0.00016296600000001438,285.6234,0.5420850000000428
20.661999999999807,-0.00016296600000001438,290.59139999999996,4.519806600000038
20.672000000000025,-0.0003407520000000136,289.5978,4.519806600000038
20.68199999999979,-0.0003407520000000136,289.5978,4.519806600000038
20.69300000000021,-0.00016296600000001438,289.5978,2.5309457999999267
20.702999999999975,1.4819999999998723e-05,285.6234,0.5420850000000428
20.71199999999999,-0.00016296600000001438,289.5978,6.508667400000149
20.722999999999956,-0.0003407520000000136,288.6042,4.519806600000038
20.733000000000175,-0.0003407520000000136,289.5978,4.519806600000038
20.742999999999938,1.4819999999998723e-05,289.5978,0.5420850000000428
20.753000000000156,-0.0005185379999999989,289.5978,4.519806600000038
20.76299999999992,-0.0003407520000000136,291.585,4.519806600000038
20.77300000000014,-0.00016296600000001438,290.59139999999996,4.519806600000038
20.7829999999999,1.4819999999998723e-05,290.59139999999996,4.519806600000038
20.79300000000012,1.4819999999998723e-05,287.6106,0.5420850000000428
20.802999999999884,-0.00016296600000001438,290.59139999999996,4.519806600000038
20.813000000000102,-0.0003407520000000136,290.59139999999996,4.519806600000038
20.822999999999865,-0.00016296600000001438,290.59139999999996,4.519806600000038
20.833000000000084,1.4819999999998723e-05,291.585,2.5309457999999267
20.842999999999847,-0.0005185379999999989,288.6042,2.5309457999999267
20.853000000000065,-0.0003407520000000136,288.6042,2.5309457999999267
20.86299999999983,-0.0003407520000000136,289.5978,4.519806600000038
20.873000000000047,-0.0005185379999999989,288.6042,6.508667400000149
20.88299999999981,-0.00016296600000001438,288.6042,2.5309457999999267
20.89300000000003,-0.0005185379999999989,289.5978,4.519806600000038
20.902999999999793,-0.0003407520000000136,288.6042,4.519806600000038
20.91300000000001,-0.0005185379999999989,289.5978,6.508667400000149
20.92300000000023,-0.00016296600000001438,288.6042,0.5420850000000428
20.932999999999993,-0.0005185379999999989,291.585,4.519806600000038
20.94300000000021,-0.00016296600000001438,292.5786,6.508667400000149
20.952999999999975,-0.00016296600000001438,291.585,4.519806600000038
20.963000000000193,-0.00016296600000001438,291.585,2.5309457999999267
20.972999999999956,1.4819999999998723e-05,289.5978,2.5309457999999267
20.983000000000175,-0.0003407520000000136,288.6042,4.519806600000038
20.992999999999938,1.4819999999998723e-05,290.59139999999996,0.5420850000000428
21.003000000000156,-0.00016296600000001438,292.5786,4.519806600000038
21.01299999999992,0.00019260599999999795,290.59139999999996,2.5309457999999267
21.02300000000014,1.4819999999998723e-05,289.5978,4.519806600000038
21.0329999999999,-0.0005185379999999989,290.59139999999996,6.508667400000149
21.04300000000012,-0.00016296600000001438,289.5978,4.519806600000038
21.052999999999884,-0.0005185379999999989,288.6042,4.519806600000038
21.063000000000102,1.4819999999998723e-05,288.6042,2.5309457999999267
21.072999999999865,1.4819999999998723e-05,292.5786,4.519806600000038
21.083000000000084,-0.0003407520000000136,289.5978,4.519806600000038
21.092999999999847,-0.0005185379999999989,286.61699999999996,4.519806600000038
21.103000000000065,0.00019260599999999795,289.5978,2.5309457999999267
21.11299999999983,-0.00016296600000001438,290.59139999999996,4.519806600000038
21.123000000000047,-0.0003407520000000136,288.6042,4.519806600000038
21.13299999999981,-0.00016296600000001438,290.59139999999996,4.519806600000038
21.14300000000003,-0.0003407520000000136,290.59139999999996,4.519806600000038
21.152999999999793,0.00019260599999999795,291.585,0.5420850000000428
21.16300000000001,-0.0003407520000000136,290.59139999999996,4.519806600000038
21.17300000000023,-0.0005185379999999989,289.5978,4.519806600000038
21.182999999999993,-0.0003407520000000136,288.6042,4.519806600000038
21.19300000000021,0.00019260599999999795,288.6042,0.5420850000000428
21.202999999999975,-0.00016296600000001438,290.59139999999996,2.5309457999999267
21.213000000000193,-0.00016296600000001438,290.59139999999996,4.519806600000038
21.222999999999956,-0.00016296600000001438,291.585,2.5309457999999267
21.233999999999924,1.4819999999998723e-05,290.59139999999996,2.5309457999999267
21.242999999999938,-0.00016296600000001438,287.6106,2.5309457999999267
21.253000000000156,-0.00016296600000001438,290.59139999999996,2.5309457999999267
21.26299999999992,-0.0005185379999999989,288.6042,4.519806600000038
21.27300000000014,-0.0005185379999999989,289.5978,4.519806600000038
21.284000000000106,-0.00016296600000001438,290.59139999999996,2.5309457999999267
21.29300000000012,-0.00016296600000001438,289.5978,2.5309457999999267
21.302999999999884,-0.00016296600000001438,290.59139999999996,4.519806600000038
21.313000000000102,-0.0005185379999999989,288.6042,4.519806600000038
21.32400000000007,-0.00016296600000001438,292.5786,2.5309457999999267
21.333999999999833,-0.00016296600000001438,288.6042,4.519806600000038
21.34400000000005,-0.0003407520000000136,290.59139999999996,6.508667400000149
21.353999999999814,-0.0003407520000000136,287.6106,4.519806600000038
21.364000000000033,-0.0003407520000000136,288.6042,2.5309457999999267
21.373999999999796,-0.0003407520000000136,289.5978,2.5309457999999267
21.384000000000015,-0.0003407520000000136,288.6042,2.5309457999999267
21.394000000000233,-0.00016296600000001438,290.59139999999996,2.5309457999999267
21.403999999999996,-0.0003407520000000136,287.6106,4.519806600000038
21.414000000000215,0.00019260599999999795,290.59139999999996,2.5309457999999267
21.423999999999978,-0.00016296600000001438,288.6042,2.5309457999999267
21.434000000000196,-0.00016296600000001438,290.59139999999996,4.519806600000038
21.44399999999996,-0.0005185379999999989,285.6234,4.519806600000038
21.45400000000018,-0.0003407520000000136,288.6042,4.519806600000038
21.463999999999942,1.4819999999998723e-05,289.5978,2.5309457999999267
21.47400000000016,-0.0003407520000000136,288.6042,4.519806600000038
21.483999999999924,-0.0005185379999999989,288.6042,4.519806600000038
21.494000000000142,-0.00016296600000001438,290.59139999999996,4.519806600000038
21.503999999999905,0.00019260599999999795,289.5978,0.5420850000000428
21.514000000000124,-0.00016296600000001438,289.5978,2.5309457999999267
21.523999999999887,1.4819999999998723e-05,290.59139999999996,4.519806600000038
21.534000000000106,-0.00016296600000001438,291.585,4.519806600000038
21.54399999999987,-0.00016296600000001438,290.59139999999996,4.519806600000038
21.554000000000087,1.4819999999998723e-05,290.59139999999996,0.5420850000000428
21.56399999999985,-0.00016296600000001438,291.585,4.519806600000038
21.57400000000007,-0.00016296600000001438,291.585,6.508667400000149
21.583999999999833,-0.0003407520000000136,289.5978,6.508667400000149
21.59400000000005,-0.0003407520000000136,289.5978,4.519806600000038
21.603999999999814,-0.00016296600000001438,286.61699999999996,0.5420850000000428
21.614000000000033,-0.00016296600000001438,288.6042,4.519806600000038
21.623999999999796,-0.0003407520000000136,289.5978,6.508667400000149
21.634000000000015,-0.0005185379999999989,289.5978,4.519806600000038
21.644000000000233,0.00019260599999999795,289.5978,2.5309457999999267
21.653999999999996,-0.0003407520000000136,290.59139999999996,4.519806600000038
21.664000000000215,-0.0003407520000000136,287.6106,2.5309457999999267
21.673999999999978,-0.0003407520000000136,290.59139999999996,6.508667400000149
21.684000000000196,-0.0003407520000000136,287.6106,2.5309457999999267
21.69399999999996,-0.00016296600000001438,290.59139999999996,4.519806600000038
21.70400000000018,-0.0003407520000000136,288.6042,6.508667400000149
21.713999999999942,-0.0005185379999999989,290.59139999999996,4.519806600000038
21.72400000000016,-0.0003407520000000136,289.5978,6.508667400000149
21.733999999999924,1.4819999999998723e-05,289.5978,2.5309457999999267
21.744000000000142,1.4819999999998723e-05,290.59139999999996,2.5309457999999267
21.753999999999905,-0.0003407520000000136,290.59139999999996,6.508667400000149
21.764000000000124,-0.00016296600000001438,287.6106,4.519806600000038
21.773999999999887,-0.00016296600000001438,289.5978,4.519806600000038
21.784000000000106,-0.0003407520000000136,290.59139999999996,4.519806600000038
21.79399999999987,-0.0005185379999999989,288.6042,6.508667400000149
21.804000000000087,-0.00016296600000001438,291.585,4.519806600000038
21.81399999999985,-0.00016296600000001438,289.5978,2.5309457999999267
21.82400000000007,1.4819999999998723e-05,288.6042,2.5309457999999267
21.833999999999833,-0.0005185379999999989,290.59139999999996,4.519806600000038
21.84400000000005,-0.00016296600000001438,287.6106,2.5309457999999267
21.853999999999814,-0.0005185379999999989,288.6042,6.508667400000149
21.865000000000236,1.4819999999998723e-05,288.6042,0.5420850000000428
21.873999999999796,-0.00016296600000001438,288.6042,2.5309457999999267
21.884000000000015,0.00019260599999999795,291.585,4.519806600000038
21.894000000000233,-0.0003407520000000136,289.5978,2.5309457999999267
21.903999999999996,-0.00016296600000001438,290.59139999999996,4.519806600000038
21.914999999999964,1.4819999999998723e-05,288.6042,2.5309457999999267
21.923999999999978,-0.00016296600000001438,290.59139999999996,4.519806600000038
21.934000000000196,-0.00016296600000001438,291.585,4.519806600000038
21.94399999999996,-0.0003407520000000136,289.5978,4.519806600000038
21.954999999999927,-0.00016296600000001438,288.6042,2.5309457999999267
21.965000000000146,-0.00016296600000001438,290.59139999999996,4.519806600000038
21.97499999999991,-0.0003407520000000136,290.59139999999996,4.519806600000038
21.985000000000127,-0.00016296600000001438,290.59139999999996,4.519806600000038
21.99499999999989,-0.00016296600000001438,289.5978,2.5309457999999267
22.00500000000011,0.00037039200000001105,288.6042,-1.4467757999998412
22.014999999999873,-0.00016296600000001438,289.5978,4.519806600000038
22.02500000000009,-0.0003407520000000136,289.5978,6.508667400000149
22.034999999999854,-0.0006963239999999982,288.6042,4.519806600000038
22.045000000000073,0.00019260599999999795,287.6106,-3.4356365999999525
22.054999999999836,-0.0006963239999999982,288.6042,6.508667400000149
22.065000000000055,1.4819999999998723e-05,293.5722,6.508667400000149
22.074999999999818,-0.00016296600000001438,289.5978,4.519806600000038
22.085000000000036,-0.00016296600000001438,290.59139999999996,6.508667400000149
22.0949999999998,1.4819999999998723e-05,290.59139999999996,2.5309457999999267
22.105000000000018,-0.00016296600000001438,289.5978,2.5309457999999267
22.115000000000236,-0.0003407520000000136,289.5978,4.519806600000038
22.125,-0.00016296600000001438,289.5978,2.5309457999999267
22.13500000000022,1.4819999999998723e-05,290.59139999999996,2.5309457999999267
22.144999999999982,-0.0003407520000000136,290.59139999999996,4.519806600000038
22.1550000000002,-0.0005185379999999989,289.5978,6.508667400000149
22.164999999999964,-0.0003407520000000136,290.59139999999996,4.519806600000038
22.175000000000182,-0.0003407520000000136,289.5978,4.519806600000038
22.184999999999945,0.00019260599999999795,290.59139999999996,2.5309457999999267
22.195000000000164,-0.0003407520000000136,290.59139999999996,6.508667400000149
22.204999999999927,-0.0003407520000000136,290.59139999999996,4.519806600000038
22.215000000000146,-0.0003407520000000136,289.5978,4.519806600000038
22.22499999999991,1.4819999999998723e-05,289.5978,0.5420850000000428
22.235000000000127,-0.0005185379999999989,289.5978,4.519806600000038
22.24499999999989,-0.00016296600000001438,291.585,4.519806600000038
22.25500000000011,-0.0005185379999999989,287.6106,4.519806600000038
22.264999999999873,-0.00016296600000001438,287.6106,2.5309457999999267
22.27500000000009,1.4819999999998723e-05,287.6106,2.5309457999999267
22.284999999999854,-0.0003407520000000136,290.59139999999996,4.519806600000038
22.295000000000073,-0.0003407520000000136,289.5978,4.519806600000038
22.304999999999836,-0.00016296600000001438,288.6042,2.5309457999999267
22.315000000000055,1.4819999999998723e-05,290.59139999999996,0.5420850000000428
22.324999999999818,-0.0003407520000000136,288.6042,4.519806600000038
22.335000000000036,-0.00016296600000001438,291.585,4.519806600000038
22.3449999999998,1.4819999999998723e-05,290.59139999999996,4.519806600000038
22.355000000000018,-0.00016296600000001438,291.585,4.519806600000038
22.365000000000236,1.4819999999998723e-05,286.61699999999996,2.5309457999999267
22.375,-0.0003407520000000136,289.5978,6.508667400000149
22.38500000000022,-0.0005185379999999989,286.61699999999996,4.519806600000038
22.394999999999982,-0.0003407520000000136,287.6106,4.519806600000038
22.4050000000002,0.00037039200000001105,289.5978,0.5420850000000428
22.414999999999964,-0.00016296600000001438,290.59139999999996,4.519806600000038
22.425000000000182,-0.00016296600000001438,292.5786,4.519806600000038
22.434999999999945,-0.0003407520000000136,289.5978,4.519806600000038
22.445000000000164,-0.00016296600000001438,289.5978,4.519806600000038
22.45600000000013,0.00019260599999999795,288.6042,0.5420850000000428
22.465000000000146,-0.0003407520000000136,290.59139999999996,6.508667400000149
22.47499999999991,-0.00016296600000001438,291.585,4.519806600000038
22.485000000000127,-0.00016296600000001438,290.59139999999996,6.508667400000149
22.496000000000095,0.00019260599999999795,293.5722,0.5420850000000428
22.50500000000011,-0.00016296600000001438,289.5978,2.5309457999999267
22.514999999999873,-0.0005185379999999989,285.6234,2.5309457999999267
22.52500000000009,-0.0003407520000000136,288.6042,2.5309457999999267
22.534999999999854,-0.0003407520000000136,291.585,6.508667400000149
22.54599999999982,0.00019260599999999795,288.6042,2.5309457999999267
22.554999999999836,-0.00016296600000001438,291.585,4.519806600000038
22.565000000000055,-0.0003407520000000136,290.59139999999996,4.519806600000038
22.574999999999818,-0.0005185379999999989,289.5978,6.508667400000149
22.58600000000024,0.00019260599999999795,291.585,0.5420850000000428
22.596000000000004,1.4819999999998723e-05,289.5978,2.5309457999999267
22.606000000000222,-0.0005185379999999989,286.61699999999996,2.5309457999999267
22.615999999999985,-0.0005185379999999989,288.6042,4.519806600000038
22.626000000000204,1.4819999999998723e-05,290.59139999999996,4.519806600000038
22.635999999999967,0.00019260599999999795,289.5978,2.5309457999999267
22.646000000000186,-0.00016296600000001438,289.5978,2.5309457999999267
22.65599999999995,1.4819999999998723e-05,293.5722,4.519806600000038
22.666000000000167,-0.00016296600000001438,291.585,6.508667400000149
22.67599999999993,-0.00016296600000001438,288.6042,0.5420850000000428
22.68600000000015,-0.00016296600000001438,290.59139999999996,4.519806600000038
22.695999999999913,-0.00016296600000001438,290.59139999999996,4.519806600000038
22.70600000000013,-0.0005185379999999989,289.5978,4.519806600000038
22.715999999999894,-0.0005185379999999989,290.59139999999996,6.508667400000149
22.726000000000113,0.0005481779999999825,289.5978,-1.4467757999998412
22.735999999999876,-0.0003407520000000136,289.5978,4.519806600000038
22.746000000000095,-0.00016296600000001438,291.585,4.519806600000038
22.755999999999858,-0.00016296600000001438,288.6042,2.5309457999999267
22.766000000000076,0.00037039200000001105,292.5786,2.5309457999999267
22.77599999999984,-0.0003407520000000136,292.5786,6.508667400000149
22.786000000000058,-0.00016296600000001438,289.5978,4.519806600000038
22.79599999999982,-0.00016296600000001438,289.5978,2.5309457999999267
22.80600000000004,-0.0005185379999999989,289.5978,4.519806600000038
22.815999999999804,-0.0006963239999999982,286.61699999999996,2.5309457999999267
22.826000000000022,-0.0003407520000000136,288.6042,6.508667400000149
22.86299999999983,1.4819999999998723e-05,289.5978,2.5309457999999267
22.871999999999844,-0.00016296600000001438,288.6042,2.5309457999999267
22.882000000000062,-0.0003407520000000136,291.585,4.519806600000038
22.891000000000076,-0.0003407520000000136,290.59139999999996,4.519806600000038
22.90099999999984,1.4819999999998723e-05,289.5978,2.5309457999999267
22.911000000000058,-0.0003407520000000136,289.5978,4.519806600000038
22.920000000000073,-0.0005185379999999989,287.6106,4.519806600000038
22.929999999999836,-0.00016296600000001438,289.5978,4.519806600000038
22.93899999999985,-0.0003407520000000136,291.585,6.508667400000149
22.94900000000007,1.4819999999998723e-05,290.59139999999996,2.5309457999999267
22.958999999999833,-0.00016296600000001438,288.6042,2.5309457999999267
22.967999999999847,-0.0005185379999999989,287.6106,4.519806600000038
22.978000000000065,-0.0003407520000000136,289.5978,4.519806600000038
22.98799999999983,-0.0003407520000000136,290.59139999999996,4.519806600000038
22.996999999999844,0.00019260599999999795,291.585,2.5309457999999267
23.016000000000076,-0.00016296600000001438,291.585,6.508667400000149
23.02599999999984,-0.00016296600000001438,292.5786,6.508667400000149
23.036000000000058,-0.0003407520000000136,289.5978,2.5309457999999267
23.04599999999982,-0.00016296600000001438,291.585,4.519806600000038
23.05600000000004,-0.0003407520000000136,290.59139999999996,6.508667400000149
23.065999999999804,-0.0003407520000000136,290.59139999999996,4.519806600000038
23.076000000000022,-0.0005185379999999989,289.5978,4.519806600000038
23.08699999999999,1.4819999999998723e-05,287.6106,2.5309457999999267
23.096000000000004,-0.0003407520000000136,290.59139999999996,4.519806600000038
23.106000000000222,-0.00016296600000001438,288.6042,2.5309457999999267
23.115999999999985,-0.0003407520000000136,289.5978,4.519806600000038
23.126999999999953,1.4819999999998723e-05,289.5978,0.5420850000000428
23.135999999999967,-0.0003407520000000136,289.5978,2.5309457999999267
23.146000000000186,-0.00016296600000001438,292.5786,4.519806600000038
23.15599999999995,-0.00016296600000001438,289.5978,2.5309457999999267
23.166000000000167,-0.0003407520000000136,289.5978,4.519806600000038
23.177000000000135,0.00019260599999999795,289.5978,0.5420850000000428
23.18600000000015,-0.0003407520000000136,290.59139999999996,4.519806600000038
23.195999999999913,-0.00016296600000001438,289.5978,2.5309457999999267
23.20600000000013,-0.00016296600000001438,288.6042,4.519806600000038
23.2170000000001,1.4819999999998723e-05,289.5978,0.5420850000000428
23.22699999999986,-0.0003407520000000136,289.5978,4.519806600000038
23.23700000000008,-0.0003407520000000136,290.59139999999996,4.519806600000038
23.246999999999844,-0.0003407520000000136,290.59139999999996,6.508667400000149
23.257000000000062,-0.00016296600000001438,290.59139999999996,2.5309457999999267
23.266999999999825,-0.00016296600000001438,289.5978,2.5309457999999267
23.313000000000102,1.4819999999998723e-05,288.6042,0.5420850000000428
23.322000000000116,-0.0003407520000000136,289.5978,4.519806600000038
23.33199999999988,-0.0003407520000000136,290.59139999999996,4.519806600000038
23.3420000000001,1.4819999999998723e-05,291.585,2.5309457999999267
23.351000000000113,1.4819999999998723e-05,287.6106,0.5420850000000428
23.360999999999876,-0.0006963239999999982,287.6106,2.5309457999999267
23.371000000000095,-0.00016296600000001438,290.59139999999996,2.5309457999999267
23.38000000000011,-0.0005185379999999989,289.5978,4.519806600000038
23.389999999999873,-0.0003407520000000136,289.5978,4.519806600000038
23.398999999999887,-0.00016296600000001438,287.6106,2.5309457999999267
23.409000000000106,-0.00016296600000001438,289.5978,4.519806600000038
23.41899999999987,-0.0005185379999999989,288.6042,2.5309457999999267
23.427999999999884,-0.0003407520000000136,292.5786,6.508667400000149
23.438000000000102,-0.0005185379999999989,289.5978,4.519806600000038
23.45699999999988,-0.0005185379999999989,286.61699999999996,2.5309457999999267
23.4670000000001,-0.0003407520000000136,288.6042,4.519806600000038
23.47699999999986,-0.0003407520000000136,289.5978,4.519806600000038
23.48700000000008,0.00019260599999999795,293.5722,2.5309457999999267
23.496999999999844,-0.0003407520000000136,290.59139999999996,4.519806600000038
23.507000000000062,-0.00016296600000001438,289.5978,4.519806600000038
23.516999999999825,-0.00016296600000001438,289.5978,4.519806600000038
23.527000000000044,-0.0003407520000000136,289.5978,2.5309457999999267
23.536999999999807,1.4819999999998723e-05,286.61699999999996,0.5420850000000428
23.547000000000025,-0.0003407520000000136,290.59139999999996,2.5309457999999267
23.55699999999979,-0.00016296600000001438,291.585,2.5309457999999267
23.567000000000007,-0.00016296600000001438,289.5978,4.519806600000038
23.577000000000226,1.4819999999998723e-05,288.6042,2.5309457999999267
23.58699999999999,-0.00016296600000001438,289.5978,4.519806600000038
23.597000000000207,-0.00016296600000001438,292.5786,4.519806600000038
23.60699999999997,-0.00016296600000001438,290.59139999999996,2.5309457999999267
23.61700000000019,1.4819999999998723e-05,293.5722,6.508667400000149
23.626999999999953,0.00037039200000001105,288.6042,0.5420850000000428
23.63700000000017,1.4819999999998723e-05,290.59139999999996,2.5309457999999267
23.646999999999935,-0.0003407520000000136,289.5978,4.519806600000038
23.657000000000153,-0.00016296600000001438,290.59139999999996,4.519806600000038
23.666999999999916,0.00019260599999999795,290.59139999999996,2.5309457999999267
23.677000000000135,-0.00016296600000001438,290.59139999999996,4.519806600000038
23.686999999999898,-0.00016296600000001438,290.59139999999996,2.5309457999999267
23.697000000000116,-0.0003407520000000136,290.59139999999996,2.5309457999999267
23.70699999999988,-0.00016296600000001438,291.585,4.519806600000038
23.7170000000001,-0.00016296600000001438,287.6106,0.5420850000000428
23.72699999999986,-0.00016296600000001438,290.59139999999996,4.519806600000038
23.73700000000008,-0.0003407520000000136,288.6042,4.519806600000038
23.746999999999844,-0.00016296600000001438,288.6042,4.519806600000038
23.75799999999981,1.4819999999998723e-05,292.5786,2.5309457999999267
23.766999999999825,-0.00016296600000001438,290.59139999999996,2.5309457999999267
23.777000000000044,-0.0003407520000000136,288.6042,2.5309457999999267
23.786999999999807,-0.00016296600000001438,291.585,4.519806600000038
23.797000000000025,-0.00016296600000001438,291.585,4.519806600000038
23.807999999999993,1.4819999999998723e-05,289.5978,0.5420850000000428
23.817000000000007,1.4819999999998723e-05,290.59139999999996,2.5309457999999267
23.827000000000226,-0.00016296600000001438,290.59139999999996,4.519806600000038
23.83699999999999,-0.00016296600000001438,291.585,4.519806600000038
23.847999999999956,0.00019260599999999795,290.59139999999996,0.5420850000000428
23.858000000000175,-0.00016296600000001438,287.6106,4.519806600000038
23.867999999999938,-0.00016296600000001438,290.59139999999996,4.519806600000038
23.878000000000156,-0.00016296600000001438,289.5978,4.519806600000038
23.88799999999992,-0.00016296600000001438,290.59139999999996,4.519806600000038
23.89800000000014,-0.00016296600000001438,287.6106,2.5309457999999267
23.9079999999999,-0.0003407520000000136,289.5978,4.519806600000038
23.91800000000012,-0.0005185379999999989,287.6106,6.508667400000149
23.927999999999884,-0.00016296600000001438,289.5978,4.519806600000038
23.938000000000102,1.4819999999998723e-05,288.6042,0.5420850000000428
23.947999999999865,1.4819999999998723e-05,292.5786,2.5309457999999267
23.958000000000084,-0.00016296600000001438,291.585,4.519806600000038
23.967999999999847,-0.00016296600000001438,291.585,4.519806600000038
23.978000000000065,-0.00016296600000001438,291.585,4.519806600000038
23.98799999999983,-0.00016296600000001438,289.5978,2.5309457999999267
23.998000000000047,-0.00016296600000001438,289.5978,4.519806600000038
24.00799999999981,-0.0003407520000000136,288.6042,4.519806600000038
24.01800000000003,-0.00016296600000001438,291.585,4.519806600000038
24.027999999999793,0.00019260599999999795,290.59139999999996,2.5309457999999267
24.03800000000001,-0.0003407520000000136,289.5978,4.519806600000038
24.04800000000023,-0.0003407520000000136,289.5978,2.5309457999999267
24.057999999999993,-0.0003407520000000136,290.59139999999996,4.519806600000038
24.06800000000021,-0.00016296600000001438,290.59139999999996,4.519806600000038
24.077999999999975,-0.00016296600000001438,287.6106,2.5309457999999267
24.088000000000193,0.00019260599999999795,290.59139999999996,2.5309457999999267
24.097999999999956,-0.00016296600000001438,291.585,4.519806600000038
24.108000000000175,-0.0003407520000000136,288.6042,4.519806600000038
24.117999999999938,-0.0003407520000000136,288.6042,2.5309457999999267
24.128000000000156,-0.00016296600000001438,289.5978,4.519806600000038
24.13799999999992,-0.0005185379999999989,289.5978,4.519806600000038
24.14800000000014,-0.00016296600000001438,289.5978,2.5309457999999267
24.1579999999999,-0.00016296600000001438,288.6042,2.5309457999999267
24.16800000000012,1.4819999999998723e-05,287.6106,0.5420850000000428
24.177999999999884,-0.00016296600000001438,290.59139999999996,2.5309457999999267
24.188000000000102,-0.00016296600000001438,290.59139999999996,2.5309457999999267
24.197999999999865,-0.0003407520000000136,288.6042,2.5309457999999267
24.208000000000084,0.00019260599999999795,290.59139999999996,0.5420850000000428
24.217999999999847,-0.00016296600000001438,287.6106,4.519806600000038
24.228000000000065,-0.0003407520000000136,289.5978,4.519806600000038
24.23799999999983,-0.0003407520000000136,290.59139999999996,4.519806600000038
24.248000000000047,-0.00016296600000001438,289.5978,2.5309457999999267
24.25799999999981,0.00019260599999999795,289.5978,2.5309457999999267
24.26800000000003,1.4819999999998723e-05,292.5786,4.519806600000038
24.277999999999793,0.00019260599999999795,291.585,2.5309457999999267
24.28800000000001,-0.0005185379999999989,286.61699999999996,4.519806600000038
24.29800000000023,-0.00016296600000001438,288.6042,2.5309457999999267
24.307999999999993,-0.0005185379999999989,288.6042,4.519806600000038
24.31800000000021,-0.0003407520000000136,286.61699999999996,2.5309457999999267
24.327999999999975,-0.0003407520000000136,288.6042,4.519806600000038
24.338000000000193,1.4819999999998723e-05,290.59139999999996,2.5309457999999267
24.347999999999956,0.00019260599999999795,289.5978,0.5420850000000428
24.358000000000175,-0.0006963239999999982,289.5978,6.508667400000149
24.367999999999938,-0.0003407520000000136,289.5978,4.519806600000038
24.378000000000156,-0.0003407520000000136,291.585,6.508667400000149
24.389000000000124,0.00019260599999999795,291.585,2.5309457999999267
24.39800000000014,-0.0003407520000000136,289.5978,4.519806600000038
24.4079999999999,-0.0003407520000000136,288.6042,4.519806600000038
24.41800000000012,-0.0003407520000000136,290.59139999999996,4.519806600000038
24.429000000000087,-0.0003407520000000136,289.5978,2.5309457999999267
24.43899999999985,1.4819999999998723e-05,288.6042,2.5309457999999267
24.447999999999865,-0.0003407520000000136,289.5978,6.508667400000149
24.458000000000084,-0.00016296600000001438,289.5978,4.519806600000038
24.467999999999847,-0.00016296600000001438,289.5978,4.519806600000038
24.478999999999814,1.4819999999998723e-05,288.6042,0.5420850000000428
24.489000000000033,1.4819999999998723e-05,291.585,2.5309457999999267
24.498999999999796,-0.00016296600000001438,290.59139999999996,2.5309457999999267
24.509000000000015,-0.00016296600000001438,290.59139999999996,4.519806600000038
24.519000000000233,0.00019260599999999795,292.5786,2.5309457999999267
24.528999999999996,-0.00016296600000001438,287.6106,2.5309457999999267
24.539000000000215,-0.0003407520000000136,289.5978,2.5309457999999267
24.548999999999978,-0.00016296600000001438,290.59139999999996,4.519806600000038
24.559000000000196,-0.00016296600000001438,290.59139999999996,2.5309457999999267
24.56899999999996,0.00019260599999999795,289.5978,2.5309457999999267
24.57900000000018,1.4819999999998723e-05,291.585,4.519806600000038
24.588999999999942,-0.00016296600000001438,289.5978,2.5309457999999267
24.59900000000016,1.4819999999998723e-05,289.5978,2.5309457999999267
24.608999999999924,1.4819999999998723e-05,292.5786,4.519806600000038
24.619000000000142,-0.00016296600000001438,290.59139999999996,4.519806600000038
24.628999999999905,-0.00016296600000001438,290.59139999999996,4.519806600000038
24.664000000000215,0.00019260599999999795,285.6234,2.5309457999999267
24.67300000000023,-0.0003407520000000136,289.5978,6.508667400000149
24.682999999999993,1.4819999999998723e-05,292.5786,2.5309457999999267
24.692000000000007,-0.00016296600000001438,289.5978,4.519806600000038
24.702000000000226,1.4819999999998723e-05,290.59139999999996,4.519806600000038
24.71199999999999,-0.00016296600000001438,290.59139999999996,4.519806600000038
24.721000000000004,-0.0003407520000000136,289.5978,4.519806600000038
24.753000000000156,1.4819999999998723e-05,286.61699999999996,-1.4467757999998412
24.76299999999992,-0.0005185379999999989,288.6042,4.519806600000038
24.771999999999935,-0.00016296600000001438,290.59139999999996,4.519806600000038
24.782000000000153,0.00019260599999999795,289.5978,2.5309457999999267
24.791000000000167,0.00019260599999999795,290.59139999999996,0.5420850000000428
24.80099999999993,-0.00016296600000001438,290.59139999999996,4.519806600000038
24.81100000000015,-0.0003407520000000136,289.5978,6.508667400000149
24.820000000000164,-0.00016296600000001438,290.59139999999996,2.5309457999999267
24.838999999999942,0.00037039200000001105,292.5786,2.5309457999999267
24.84900000000016,-0.0003407520000000136,288.6042,2.5309457999999267
24.858999999999924,-0.0005185379999999989,287.6106,6.508667400000149
24.869000000000142,-0.0003407520000000136,290.59139999999996,4.519806600000038
24.878999999999905,-0.00016296600000001438,291.585,2.5309457999999267
24.889000000000124,-0.00016296600000001438,290.59139999999996,4.519806600000038
24.898999999999887,-0.0003407520000000136,288.6042,4.519806600000038
24.909000000000106,-0.00016296600000001438,290.59139999999996,4.519806600000038
24.91899999999987,-0.0003407520000000136,288.6042,2.5309457999999267
24.929999999999836,0.00019260599999999795,292.5786,-1.4467757999998412
24.93899999999985,-0.00016296600000001438,291.585,2.5309457999999267
24.94900000000007,-0.00016296600000001438,289.5978,4.519806600000038
24.958999999999833,-0.0003407520000000136,288.6042,4.519806600000038
24.9699999999998,1.4819999999998723e-05,289.5978,2.5309457999999267
24.978999999999814,1.4819999999998723e-05,291.585,0.5420850000000428
24.989000000000033,-0.0003407520000000136,288.6042,4.519806600000038
24.998999999999796,-0.0003407520000000136,290.59139999999996,4.519806600000038
25.009000000000015,1.4819999999998723e-05,290.59139999999996,2.5309457999999267
25.019999999999982,-0.00016296600000001438,290.59139999999996,2.5309457999999267
25.028999999999996,-0.0003407520000000136,289.5978,2.5309457999999267
25.039000000000215,-0.0005185379999999989,287.6106,4.519806600000038
25.048999999999978,-0.0003407520000000136,291.585,4.519806600000038
25.059999999999945,1.4819999999998723e-05,287.6106,0.5420850000000428
25.070000000000164,1.4819999999998723e-05,290.59139999999996,2.5309457999999267
25.079999999999927,-0.0005185379999999989,289.5978,4.519806600000038
25.088999999999942,-0.0005185379999999989,289.5978,6.508667400000149
25.09999999999991,-0.0005185379999999989,289.5978,6.508667400000149
25.110000000000127,-0.00016296600000001438,287.6106,2.5309457999999267
25.11999999999989,-0.00016296600000001438,289.5978,2.5309457999999267
25.13000000000011,-0.00016296600000001438,289.5978,6.508667400000149
25.139999999999873,-0.00016296600000001438,288.6042,4.519806600000038
25.15000000000009,0.00019260599999999795,291.585,2.5309457999999267
25.159999999999854,1.4819999999998723e-05,289.5978,2.5309457999999267
25.170000000000073,-0.0003407520000000136,289.5978,4.519806600000038
25.179999999999836,-0.00016296600000001438,289.5978,4.519806600000038
25.190000000000055,-0.00016296600000001438,289.5978,4.519806600000038
25.199999999999818,1.4819999999998723e-05,290.59139999999996,2.5309457999999267
25.210000000000036,1.4819999999998723e-05,289.5978,2.5309457999999267
25.2199999999998,-0.0003407520000000136,289.5978,4.519806600000038
25.230000000000018,1.4819999999998723e-05,291.585,4.519806600000038
25.240000000000236,0.00019260599999999795,289.5978,2.5309457999999267
25.25,-0.00016296600000001438,288.6042,2.5309457999999267
25.26000000000022,-0.00016296600000001438,289.5978,2.5309457999999267
25.269999999999982,1.4819999999998723e-05,288.6042,2.5309457999999267
25.2800000000002,-0.0005185379999999989,289.5978,6.508667400000149
25.289999999999964,1.4819999999998723e-05,291.585,2.5309457999999267
25.300000000000182,-0.00016296600000001438,290.59139999999996,4.519806600000038
25.309999999999945,-0.00016296600000001438,291.585,4.519806600000038
25.320000000000164,-0.00016296600000001438,289.5978,4.519806600000038
25.329999999999927,-0.0003407520000000136,286.61699999999996,2.5309457999999267
25.340000000000146,-0.00016296600000001438,288.6042,2.5309457999999267
25.34999999999991,-0.0003407520000000136,288.6042,4.519806600000038
25.360000000000127,-0.00016296600000001438,290.59139999999996,4.519806600000038
25.36999999999989,-0.00016296600000001438,290.59139999999996,4.519806600000038
25.38000000000011,-0.00016296600000001438,288.6042,0.5420850000000428
25.389999999999873,-0.00016296600000001438,287.6106,2.5309457999999267
25.40000000000009,1.4819999999998723e-05,290.59139999999996,4.519806600000038
25.409999999999854,1.4819999999998723e-05,291.585,2.5309457999999267
25.420000000000073,1.4819999999998723e-05,288.6042,0.5420850000000428
25.429999999999836,-0.00016296600000001438,293.5722,6.508667400000149
25.440000000000055,-0.0005185379999999989,291.585,6.508667400000149
25.449999999999818,-0.0005185379999999989,289.5978,4.519806600000038
25.460000000000036,-0.00016296600000001438,292.5786,4.519806600000038
25.4699999999998,1.4819999999998723e-05,285.6234,0.5420850000000428
25.480000000000018,-0.0003407520000000136,290.59139999999996,4.519806600000038
25.490000000000236,-0.00016296600000001438,289.5978,4.519806600000038
25.5,-0.00016296600000001438,289.5978,2.5309457999999267
25.51000000000022,-0.0003407520000000136,286.61699999999996,0.5420850000000428
25.519999999999982,-0.0003407520000000136,291.585,4.519806600000038
25.5300000000002,-0.00016296600000001438,289.5978,2.5309457999999267
25.539999999999964,-0.00016296600000001438,290.59139999999996,4.519806600000038
25.550000000000182,-0.00016296600000001438,288.6042,2.5309457999999267
25.559999999999945,0.00019260599999999795,290.59139999999996,2.5309457999999267
25.570000000000164,-0.00016296600000001438,290.59139999999996,4.519806600000038
25.579999999999927,1.4819999999998723e-05,291.585,4.519806600000038
25.590000000000146,1.4819999999998723e-05,289.5978,4.519806600000038
25.59999999999991,-0.00016296600000001438,287.6106,0.5420850000000428
25.610000000000127,1.4819999999998723e-05,290.59139999999996,4.519806600000038
25.61999999999989,1.4819999999998723e-05,290.59139999999996,4.519806600000038
25.63000000000011,-0.00016296600000001438,288.6042,2.5309457999999267
25.639999999999873,1.4819999999998723e-05,291.585,4.519806600000038
25.65099999999984,1.4819999999998723e-05,289.5978,0.5420850000000428
25.659999999999854,-0.0003407520000000136,289.5978,4.519806600000038
25.670000000000073,-0.00016296600000001438,291.585,4.519806600000038
25.679999999999836,-0.0005185379999999989,287.6106,4.519806600000038
25.697999999999865,1.4819999999998723e-05,286.61699999999996,0.5420850000000428
25.708000000000084,-0.00016296600000001438,289.5978,4.519806600000038
25.7170000000001,-0.0003407520000000136,288.6042,4.519806600000038
25.72699999999986,-0.0003407520000000136,290.59139999999996,4.519806600000038
25.73700000000008,1.4819999999998723e-05,289.5978,-1.4467757999998412
25.746000000000095,-0.00016296600000001438,289.5978,4.519806600000038
25.755999999999858,-0.00016296600000001438,289.5978,2.5309457999999267
25.764999999999873,-0.00016296600000001438,288.6042,2.5309457999999267
25.77500000000009,-0.00016296600000001438,291.585,2.5309457999999267
25.784999999999854,0.00019260599999999795,288.6042,0.5420850000000428
25.79399999999987,-0.0003407520000000136,290.59139999999996,4.519806600000038
25.804000000000087,-0.00016296600000001438,289.5978,2.5309457999999267
25.813000000000102,-0.00016296600000001438,290.59139999999996,2.5309457999999267
25.822999999999865,-0.0005185379999999989,290.59139999999996,4.519806600000038
25.833000000000084,-0.00016296600000001438,286.61699999999996,2.5309457999999267
25.8420000000001,-0.0003407520000000136,289.5978,6.508667400000149
25.85199999999986,-0.00016296600000001438,288.6042,2.5309457999999267
25.860999999999876,-0.0003407520000000136,288.6042,4.519806600000038
25.880999999999858,-0.00016296600000001438,289.5978,2.5309457999999267
25.891000000000076,-0.00016296600000001438,289.5978,2.5309457999999267
25.90099999999984,0.00019260599999999795,291.585,2.5309457999999267
25.911000000000058,-0.00016296600000001438,291.585,4.519806600000038
25.92099999999982,1.4819999999998723e-05,290.59139999999996,2.5309457999999267
25.93100000000004,1.4819999999998723e-05,289.5978,2.5309457999999267
25.940999999999804,-0.00016296600000001438,289.5978,2.5309457999999267
25.951000000000022,-0.00016296600000001438,289.5978,4.519806600000038
25.96100000000024,1.4819999999998723e-05,288.6042,2.5309457999999267
25.971000000000004,1.4819999999998723e-05,290.59139999999996,4.519806600000038
25.981000000000222,-0.0003407520000000136,290.59139999999996,4.519806600000038
25.990999999999985,-0.00016296600000001438,289.5978,4.519806600000038
26.001000000000204,-0.0003407520000000136,288.6042,2.5309457999999267
26.010999999999967,1.4819999999998723e-05,289.5978,-1.4467757999998412
26.021000000000186,-0.0005185379999999989,288.6042,4.519806600000038
26.03099999999995,-0.0003407520000000136,289.5978,4.519806600000038
26.041000000000167,-0.0003407520000000136,289.5978,4.519806600000038
26.05099999999993,0.00019260599999999795,291.585,2.5309457999999267
26.06100000000015,-0.00016296600000001438,290.59139999999996,4.519806600000038
26.070999999999913,-0.0003407520000000136,288.6042,4.519806600000038
26.08100000000013,-0.0003407520000000136,290.59139999999996,4.519806600000038
26.090999999999894,1.4819999999998723e-05,292.5786,4.519806600000038
26.101000000000113,-0.0003407520000000136,287.6106,0.5420850000000428
26.110999999999876,-0.0003407520000000136,290.59139999999996,4.519806600000038
26.121000000000095,-0.0003407520000000136,290.59139999999996,4.519806600000038
26.130999999999858,-0.0003407520000000136,288.6042,4.519806600000038
26.141000000000076,0.00019260599999999795,289.5978,0.5420850000000428
26.15099999999984,-0.0003407520000000136,290.59139999999996,4.519806600000038
26.161000000000058,-0.0005185379999999989,290.59139999999996,4.519806600000038
26.17099999999982,-0.00016296600000001438,290.59139999999996,2.5309457999999267
26.18100000000004,-0.0003407520000000136,288.6042,6.508667400000149
26.192000000000007,0.00019260599999999795,288.6042,0.5420850000000428
26.201000000000022,-0.0005185379999999989,289.5978,4.519806600000038
26.21100000000024,-0.0003407520000000136,290.59139999999996,4.519806600000038
26.221000000000004,-0.0003407520000000136,291.585,4.519806600000038
26.23199999999997,0.00019260599999999795,291.585,4.519806600000038
26.240999999999985,-0.00016296600000001438,289.5978,2.5309457999999267
26.251000000000204,-0.0005185379999999989,289.5978,4.519806600000038
26.260999999999967,-0.0003407520000000136,290.59139999999996,4.519806600000038
26.271000000000186,-0.00016296600000001438,290.59139999999996,4.519806600000038
26.282000000000153,1.4819999999998723e-05,287.6106,0.5420850000000428
26.291000000000167,-0.0003407520000000136,290.59139999999996,4.519806600000038
26.30099999999993,-0.0003407520000000136,288.6042,4.519806600000038
26.31100000000015,-0.0003407520000000136,289.5978,4.519806600000038
26.322000000000116,1.4819999999998723e-05,289.5978,2.5309457999999267
26.33100000000013,-0.0003407520000000136,289.5978,4.519806600000038
26.340999999999894,-0.0003407520000000136,288.6042,4.519806600000038
26.35199999999986,1.4819999999998723e-05,290.59139999999996,2.5309457999999267
26.36200000000008,-0.0003407520000000136,289.5978,2.5309457999999267
26.371999999999844,1.4819999999998723e-05,286.61699999999996,2.5309457999999267
26.382000000000062,-0.00016296600000001438,291.585,4.519806600000038
26.391999999999825,-0.00016296600000001438,290.59139999999996,2.5309457999999267
26.402000000000044,-0.00016296600000001438,289.5978,4.519806600000038
26.411999999999807,-0.00016296600000001438,287.6106,0.5420850000000428
26.422000000000025,-0.0003407520000000136,290.59139999999996,4.519806600000038
26.43199999999979,-0.0003407520000000136,289.5978,4.519806600000038
26.442000000000007,-0.00016296600000001438,289.5978,6.508667400000149
26.452000000000226,-0.0003407520000000136,289.5978,4.519806600000038
26.46199999999999,1.4819999999998723e-05,288.6042,2.5309457999999267
26.472000000000207,-0.00016296600000001438,290.59139999999996,4.519806600000038
26.48199999999997,-0.00016296600000001438,288.6042,2.5309457999999267
26.49200000000019,-0.0003407520000000136,287.6106,4.519806600000038
26.501999999999953,0.00019260599999999795,290.59139999999996,0.5420850000000428
26.51200000000017,-0.00016296600000001438,289.5978,4.519806600000038
26.521999999999935,-0.0003407520000000136,290.59139999999996,6.508667400000149
26.532000000000153,-0.0005185379999999989,288.6042,2.5309457999999267
26.541999999999916,-0.00016296600000001438,290.59139999999996,4.519806600000038
26.552000000000135,-0.00016296600000001438,286.61699999999996,0.5420850000000428
26.561999999999898,-0.0003407520000000136,290.59139999999996,4.519806600000038
26.572000000000116,-0.00016296600000001438,290.59139999999996,4.519806600000038
26.58199999999988,-0.0005185379999999989,289.5978,4.519806600000038
26.5920000000001,-0.00016296600000001438,287.6106,2.5309457999999267
26.60199999999986,-0.0003407520000000136,288.6042,4.519806600000038
26.61200000000008,-0.00016296600000001438,290.59139999999996,4.519806600000038
26.621999999999844,-0.00016296600000001438,291.585,4.519806600000038
26.632000000000062,-0.00016296600000001438,289.5978,2.5309457999999267
26.641999999999825,1.4819999999998723e-05,287.6106,0.5420850000000428
26.652000000000044,-0.0003407520000000136,291.585,6.508667400000149
26.661999999999807,-0.00016296600000001438,289.5978,2.5309457999999267
26.672000000000025,-0.0005185379999999989,288.6042,4.519806600000038
26.68199999999979,-0.0005185379999999989,285.6234,0.5420850000000428
26.692000000000007,-0.00016296600000001438,289.5978,4.519806600000038
26.702000000000226,-0.0003407520000000136,290.59139999999996,4.519806600000038
26.71199999999999,1.4819999999998723e-05,290.59139999999996,2.5309457999999267
26.722000000000207,-0.0003407520000000136,290.59139999999996,4.519806600000038
26.73199999999997,-0.00016296600000001438,289.5978,0.5420850000000428
26.74200000000019,-0.0005185379999999989,288.6042,4.519806600000038
26.751999999999953,-0.0003407520000000136,289.5978,6.508667400000149
26.76200000000017,-0.0003407520000000136,290.59139999999996,4.519806600000038
26.771999999999935,-0.0003407520000000136,286.61699999999996,2.5309457999999267
26.782000000000153,-0.00016296600000001438,291.585,4.519806600000038
26.791999999999916,-0.00016296600000001438,291.585,4.519806600000038
26.802000000000135,-0.0003407520000000136,289.5978,4.519806600000038
26.811999999999898,-0.0003407520000000136,290.59139999999996,2.5309457999999267
26.822000000000116,1.4819999999998723e-05,285.6234,0.5420850000000428
26.83199999999988,1.4819999999998723e-05,289.5978,2.5309457999999267
26.8420000000001,-0.0003407520000000136,289.5978,4.519806600000038
26.85199999999986,-0.00016296600000001438,288.6042,2.5309457999999267
26.86299999999983,-0.00016296600000001438,286.61699999999996,0.5420850000000428
26.871999999999844,-0.0003407520000000136,290.59139999999996,4.519806600000038
26.882000000000062,-0.00016296600000001438,290.59139999999996,2.5309457999999267
26.891999999999825,-0.0003407520000000136,290.59139999999996,4.519806600000038
26.902000000000044,-0.0006963239999999982,287.6106,2.5309457999999267
26.91300000000001,0.00019260599999999795,288.6042,0.5420850000000428
26.922000000000025,-0.0005185379999999989,287.6106,4.519806600000038
26.93199999999979,-0.0003407520000000136,287.6106,4.519806600000038
26.942000000000007,1.4819999999998723e-05,293.5722,4.519806600000038
26.958000000000084,-0.00016296600000001438,289.5978,4.519806600000038
26.967999999999847,-0.00016296600000001438,290.59139999999996,6.508667400000149
27.003999999999905,1.4819999999998723e-05,287.6106,-1.4467757999998412
27.01299999999992,-0.0003407520000000136,288.6042,4.519806600000038
27.0329999999999,-0.00016296600000001438,291.585,2.5309457999999267
27.04300000000012,-0.00016296600000001438,291.585,0.5420850000000428
27.052999999999884,-0.0003407520000000136,288.6042,2.5309457999999267
27.063000000000102,-0.00016296600000001438,290.59139999999996,2.5309457999999267
27.072999999999865,-0.0003407520000000136,290.59139999999996,4.519806600000038
27.083000000000084,-0.0003407520000000136,289.5978,4.519806600000038
27.092999999999847,1.4819999999998723e-05,287.6106,0.5420850000000428
27.103000000000065,-0.0003407520000000136,290.59139999999996,4.519806600000038
27.11299999999983,-0.0005185379999999989,289.5978,6.508667400000149
27.123000000000047,-0.00016296600000001438,289.5978,2.5309457999999267
27.13299999999981,0.00019260599999999795,290.59139999999996,2.5309457999999267
27.14300000000003,-0.00016296600000001438,290.59139999999996,2.5309457999999267
27.152999999999793,-0.00016296600000001438,291.585,4.519806600000038
27.16300000000001,-0.00016296600000001438,290.59139999999996,4.519806600000038
27.17300000000023,-0.00016296600000001438,291.585,6.508667400000149
27.182999999999993,0.00019260599999999795,288.6042,-1.4467757999998412
27.19300000000021,-0.00016296600000001438,289.5978,4.519806600000038
27.202999999999975,-0.00016296600000001438,290.59139999999996,2.5309457999999267
27.213000000000193,-0.00016296600000001438,289.5978,4.519806600000038
27.222999999999956,1.4819999999998723e-05,290.59139999999996,0.5420850000000428
27.233000000000175,-0.00016296600000001438,289.5978,2.5309457999999267
27.242999999999938,-0.00016296600000001438,291.585,4.519806600000038
27.253000000000156,-0.00016296600000001438,290.59139999999996,2.5309457999999267
27.26299999999992,-0.00016296600000001438,290.59139999999996,2.5309457999999267
27.27300000000014,0.00019260599999999795,289.5978,2.5309457999999267
27.2829999999999,-0.0003407520000000136,288.6042,4.519806600000038
27.29300000000012,1.4819999999998723e-05,292.5786,4.519806600000038
27.302999999999884,-0.00016296600000001438,289.5978,2.5309457999999267
27.313000000000102,0.00019260599999999795,289.5978,0.5420850000000428
27.322999999999865,-0.00016296600000001438,287.6106,0.5420850000000428
27.333000000000084,-0.0003407520000000136,287.6106,2.5309457999999267
27.342999999999847,-0.0003407520000000136,288.6042,4.519806600000038
27.353000000000065,-0.00016296600000001438,293.5722,6.508667400000149
27.36299999999983,1.4819999999998723e-05,288.6042,0.5420850000000428
27.373000000000047,-0.00016296600000001438,290.59139999999996,6.508667400000149
27.38299999999981,-0.00016296600000001438,289.5978,2.5309457999999267
27.39300000000003,1.4819999999998723e-05,289.5978,2.5309457999999267
27.402999999999793,-0.00016296600000001438,286.61699999999996,0.5420850000000428
27.41300000000001,1.4819999999998723e-05,291.585,4.519806600000038
27.42300000000023,-0.0005185379999999989,287.6106,6.508667400000149
27.432999999999993,-0.00016296600000001438,288.6042,4.519806600000038
27.44300000000021,1.4819999999998723e-05,290.59139999999996,4.519806600000038
27.452999999999975,-0.00016296600000001438,285.6234,2.5309457999999267
27.463000000000193,-0.0005185379999999989,286.61699999999996,2.5309457999999267
27.472999999999956,-0.0003407520000000136,290.59139999999996,4.519806600000038
27.483000000000175,-0.0006963239999999982,289.5978,4.519806600000038
27.494000000000142,1.4819999999998723e-05,289.5978,0.5420850000000428
27.503000000000156,-0.00016296600000001438,291.585,4.519806600000038
27.51299999999992,-0.0005185379999999989,290.59139999999996,4.519806600000038
27.52300000000014,-0.00016296600000001438,289.5978,2.5309457999999267
27.534000000000106,-0.00016296600000001438,291.585,4.519806600000038
27.54399999999987,0.00019260599999999795,288.6042,-1.4467757999998412
27.552999999999884,1.4819999999998723e-05,289.5978,2.5309457999999267
27.563000000000102,-0.00016296600000001438,287.6106,2.5309457999999267
27.572999999999865,-0.0003407520000000136,288.6042,2.5309457999999267
27.583999999999833,1.4819999999998723e-05,288.6042,0.5420850000000428
27.592999999999847,-0.0003407520000000136,289.5978,4.519806600000038
27.603999999999814,-0.0003407520000000136,290.59139999999996,4.519806600000038
27.614000000000033,-0.0003407520000000136,289.5978,2.5309457999999267
27.623999999999796,-0.00016296600000001438,292.5786,6.508667400000149
27.634000000000015,1.4819999999998723e-05,289.5978,0.5420850000000428
27.644000000000233,-0.00016296600000001438,290.59139999999996,2.5309457999999267
27.653999999999996,-0.00016296600000001438,291.585,2.5309457999999267
27.664000000000215,-0.00016296600000001438,292.5786,4.519806600000038
27.673999999999978,0.00019260599999999795,292.5786,2.5309457999999267
27.684000000000196,-0.0003407520000000136,290.59139999999996,2.5309457999999267
27.69399999999996,1.4819999999998723e-05,289.5978,2.5309457999999267
27.70400000000018,-0.0003407520000000136,290.59139999999996,4.519806600000038
27.713999999999942,-0.0003407520000000136,288.6042,4.519806600000038
27.72400000000016,-0.00016296600000001438,286.61699999999996,2.5309457999999267
27.733999999999924,-0.00016296600000001438,288.6042,2.5309457999999267
27.744000000000142,-0.0003407520000000136,289.5978,4.519806600000038
27.753999999999905,-0.0003407520000000136,287.6106,4.519806600000038
27.764000000000124,0.00019260599999999795,286.61699999999996,0.5420850000000428
27.773999999999887,-0.0005185379999999989,288.6042,2.5309457999999267
27.784000000000106,-0.0003407520000000136,290.59139999999996,6.508667400000149
27.79399999999987,1.4819999999998723e-05,291.585,4.519806600000038
27.804000000000087,-0.0003407520000000136,289.5978,4.519806600000038
27.81399999999985,-0.0003407520000000136,286.61699999999996,2.5309457999999267
27.82400000000007,-0.0005185379999999989,286.61699999999996,4.519806600000038
27.833999999999833,1.4819999999998723e-05,290.59139999999996,4.519806600000038
27.84400000000005,1.4819999999998723e-05,289.5978,2.5309457999999267
27.853999999999814,-0.0003407520000000136,287.6106,2.5309457999999267
27.864000000000033,1.4819999999998723e-05,289.5978,4.519806600000038
27.873999999999796,1.4819999999998723e-05,289.5978,4.519806600000038
27.884000000000015,-0.0003407520000000136,293.5722,4.519806600000038
27.894000000000233,-0.0006963239999999982,286.61699999999996,4.519806600000038
27.903999999999996,1.4819999999998723e-05,288.6042,0.5420850000000428
27.914000000000215,-0.0005185379999999989,289.5978,6.508667400000149
27.923999999999978,-0.00016296600000001438,291.585,6.508667400000149
27.934000000000196,-0.0003407520000000136,287.6106,2.5309457999999267
27.94399999999996,-0.00016296600000001438,285.6234,0.5420850000000428
27.95400000000018,-0.0003407520000000136,290.59139999999996,4.519806600000038
27.963999999999942,-0.00016296600000001438,290.59139999999996,4.519806600000038
27.97400000000016,1.4819999999998723e-05,290.59139999999996,4.519806600000038
27.983999999999924,-0.00016296600000001438,288.6042,0.5420850000000428
27.994000000000142,-0.00016296600000001438,288.6042,0.5420850000000428
28.003999999999905,-0.00016296600000001438,291.585,4.519806600000038
28.014000000000124,-0.00016296600000001438,294.56579999999997,6.508667400000149
28.023999999999887,-0.0003407520000000136,290.59139999999996,4.519806600000038
28.034000000000106,1.4819999999998723e-05,289.5978,2.5309457999999267
28.04399999999987,-0.0003407520000000136,288.6042,4.519806600000038
28.054000000000087,-0.0003407520000000136,288.6042,2.5309457999999267
28.06399999999985,-0.0003407520000000136,288.6042,4.519806600000038
28.07400000000007,1.4819999999998723e-05,290.59139999999996,2.5309457999999267
28.085000000000036,1.4819999999998723e-05,288.6042,0.5420850000000428
28.09400000000005,-0.00016296600000001438,290.59139999999996,4.519806600000038
28.103999999999814,-0.0003407520000000136,289.5978,6.508667400000149
28.114000000000033,-0.00016296600000001438,290.59139999999996,2.5309457999999267
28.125,1.4819999999998723e-05,289.5978,0.5420850000000428
28.134000000000015,-0.00016296600000001438,289.5978,2.5309457999999267
28.144000000000233,-0.0005185379999999989,289.5978,4.519806600000038
28.153999999999996,-0.0003407520000000136,290.59139999999996,6.508667400000149
28.164000000000215,-0.00016296600000001438,290.59139999999996,4.519806600000038
28.175000000000182,1.4819999999998723e-05,289.5978,2.5309457999999267
28.184000000000196,-0.0003407520000000136,287.6106,2.5309457999999267
28.19399999999996,1.4819999999998723e-05,292.5786,4.519806600000038
28.20400000000018,-0.0005185379999999989,288.6042,4.519806600000038
28.215000000000146,0.00037039200000001105,289.5978,2.5309457999999267
28.22400000000016,1.4819999999998723e-05,289.5978,2.5309457999999267
28.235000000000127,-0.0003407520000000136,290.59139999999996,4.519806600000038
28.24499999999989,-0.0005185379999999989,289.5978,6.508667400000149
28.25500000000011,-0.00016296600000001438,290.59139999999996,2.5309457999999267
28.264999999999873,1.4819999999998723e-05,287.6106,2.5309457999999267
28.27500000000009,-0.0003407520000000136,288.6042,4.519806600000038
28.284999999999854,-0.0003407520000000136,289.5978,4.519806600000038
28.295000000000073,-0.00016296600000001438,292.5786,4.519806600000038
28.304999999999836,1.4819999999998723e-05,288.6042,0.5420850000000428
28.315000000000055,-0.0003407520000000136,291.585,6.508667400000149
28.324999999999818,-0.00016296600000001438,291.585,4.519806600000038
28.335000000000036,-0.00016296600000001438,290.59139999999996,4.519806600000038
28.3449999999998,-0.0003407520000000136,287.6106,2.5309457999999267
28.355000000000018,-0.00016296600000001438,286.61699999999996,0.5420850000000428
28.365000000000236,-0.00016296600000001438,290.59139999999996,4.519806600000038
28.375,-0.00016296600000001438,288.6042,2.5309457999999267
28.38500000000022,-0.00016296600000001438,290.59139999999996,2.5309457999999267
28.394999999999982,0.00037039200000001105,289.5978,0.5420850000000428
28.4050000000002,1.4819999999998723e-05,290.59139999999996,4.519806600000038
28.414999999999964,-0.00016296600000001438,289.5978,4.519806600000038
28.425000000000182,-0.0003407520000000136,288.6042,2.5309457999999267
28.434999999999945,1.4819999999998723e-05,287.6106,0.5420850000000428
28.445000000000164,1.4819999999998723e-05,288.6042,0.5420850000000428
28.454999999999927,-0.00016296600000001438,291.585,2.5309457999999267
28.465000000000146,-0.0003407520000000136,287.6106,4.519806600000038
28.47499999999991,-0.0003407520000000136,290.59139999999996,4.519806600000038
28.485000000000127,0.00019260599999999795,291.585,0.5420850000000428
28.49499999999989,1.4819999999998723e-05,292.5786,4.519806600000038
28.50500000000011,-0.00016296600000001438,291.585,6.508667400000149
28.514999999999873,-0.00016296600000001438,289.5978,2.5309457999999267
28.52500000000009,1.4819999999998723e-05,290.59139999999996,4.519806600000038
28.534999999999854,-0.0003407520000000136,289.5978,6.508667400000149
28.545000000000073,-0.0005185379999999989,289.5978,6.508667400000149
28.554999999999836,-0.00016296600000001438,291.585,4.519806600000038
28.565000000000055,-0.00016296600000001438,290.59139999999996,4.519806600000038
28.574999999999818,0.00037039200000001105,290.59139999999996,0.5420850000000428
28.585000000000036,-0.00016296600000001438,290.59139999999996,4.519806600000038
28.5949999999998,-0.0003407520000000136,289.5978,4.519806600000038
28.605000000000018,-0.00016296600000001438,289.5978,2.5309457999999267
28.615000000000236,-0.00016296600000001438,289.5978,2.5309457999999267
28.625,-0.0005185379999999989,286.61699999999996,0.5420850000000428
28.63500000000022,-0.0003407520000000136,291.585,6.508667400000149
28.644999999999982,-0.00016296600000001438,287.6106,2.5309457999999267
28.6550000000002,-0.0005185379999999989,289.5978,6.508667400000149
28.664999999999964,-0.0003407520000000136,288.6042,2.5309457999999267
28.675000000000182,-0.0005185379999999989,289.5978,4.519806600000038
28.684999999999945,-0.00016296600000001438,291.585,4.519806600000038
28.713000000000193,0.00019260599999999795,289.5978,2.5309457999999267
28.722999999999956,-0.0005185379999999989,288.6042,4.519806600000038
28.73199999999997,1.4819999999998723e-05,289.5978,0.5420850000000428
28.74200000000019,-0.00016296600000001438,291.585,2.5309457999999267
28.751999999999953,-0.00016296600000001438,288.6042,0.5420850000000428
28.760999999999967,-0.0003407520000000136,289.5978,4.519806600000038
28.771000000000186,-0.00016296600000001438,290.59139999999996,6.508667400000149
28.78099999999995,-0.0003407520000000136,289.5978,6.508667400000149
28.789999999999964,-0.0003407520000000136,291.585,4.519806600000038
28.800000000000182,-0.00016296600000001438,287.6106,-1.4467757999998412
28.809000000000196,-0.00016296600000001438,291.585,4.519806600000038
28.81899999999996,-0.0003407520000000136,289.5978,4.519806600000038
28.82900000000018,-0.00016296600000001438,289.5978,2.5309457999999267
28.838000000000193,-0.0003407520000000136,289.5978,4.519806600000038
28.847999999999956,0.00019260599999999795,286.61699999999996,0.5420850000000428
28.858000000000175,-0.0005185379999999989,288.6042,4.519806600000038
28.86700000000019,-0.0003407520000000136,291.585,4.519806600000038
28.876999999999953,1.4819999999998723e-05,290.59139999999996,4.519806600000038
28.885999999999967,1.4819999999998723e-05,289.5978,2.5309457999999267
28.90599999999995,-0.00016296600000001438,289.5978,4.519806600000038
28.916000000000167,-0.00016296600000001438,289.5978,4.519806600000038
28.92599999999993,0.00019260599999999795,290.59139999999996,4.519806600000038
28.93600000000015,1.4819999999998723e-05,289.5978,2.5309457999999267
28.945999999999913,-0.0003407520000000136,289.5978,4.519806600000038
28.95600000000013,-0.0003407520000000136,291.585,4.519806600000038
28.965999999999894,-0.00016296600000001438,288.6042,4.519806600000038
28.976000000000113,0.00019260599999999795,288.6042,0.5420850000000428
28.985999999999876,-0.00016296600000001438,291.585,4.519806600000038
28.996000000000095,-0.00016296600000001438,290.59139999999996,4.519806600000038
29.005999999999858,-0.0003407520000000136,290.59139999999996,4.519806600000038
29.016000000000076,-0.0003407520000000136,289.5978,4.519806600000038
29.02599999999984,1.4819999999998723e-05,289.5978,0.5420850000000428
29.036000000000058,-0.0003407520000000136,288.6042,2.5309457999999267
29.04599999999982,-0.0005185379999999989,289.5978,6.508667400000149
29.05600000000004,-0.0003407520000000136,286.61699999999996,2.5309457999999267
29.065999999999804,-0.0003407520000000136,286.61699999999996,2.5309457999999267
29.076000000000022,-0.0003407520000000136,290.59139999999996,6.508667400000149
29.08600000000024,-0.0005185379999999989,289.5978,4.519806600000038
29.096000000000004,-0.00016296600000001438,291.585,4.519806600000038
29.106000000000222,-0.0003407520000000136,290.59139999999996,4.519806600000038
29.115999999999985,-0.00016296600000001438,286.61699999999996,-1.4467757999998412
29.126000000000204,-0.0003407520000000136,290.59139999999996,4.519806600000038
29.135999999999967,-0.0003407520000000136,289.5978,4.519806600000038
29.146000000000186,-0.00016296600000001438,289.5978,4.519806600000038
29.15599999999995,-0.0003407520000000136,288.6042,2.5309457999999267
29.166000000000167,-0.0003407520000000136,291.585,6.508667400000149
29.17599999999993,-0.00016296600000001438,291.585,4.519806600000038
29.18600000000015,-0.00016296600000001438,290.59139999999996,4.519806600000038
29.195999999999913,-0.0003407520000000136,289.5978,4.519806600000038
29.20600000000013,1.4819999999998723e-05,288.6042,-1.4467757999998412
29.215999999999894,-0.00016296600000001438,292.5786,4.519806600000038
29.226000000000113,-0.0003407520000000136,289.5978,2.5309457999999267
29.235999999999876,-0.00016296600000001438,291.585,4.519806600000038
29.246000000000095,-0.00016296600000001438,286.61699999999996,0.5420850000000428
29.255999999999858,-0.0003407520000000136,287.6106,2.5309457999999267
29.266000000000076,-0.00016296600000001438,287.6106,2.5309457999999267
29.27599999999984,-0.0003407520000000136,291.585,6.508667400000149
29.286000000000058,1.4819999999998723e-05,292.5786,4.519806600000038
29.29599999999982,1.4819999999998723e-05,289.5978,2.5309457999999267
29.30600000000004,-0.00016296600000001438,290.59139999999996,2.5309457999999267
29.315999999999804,-0.00016296600000001438,290.59139999999996,2.5309457999999267
29.326000000000022,1.4819999999998723e-05,292.5786,2.5309457999999267
29.33600000000024,1.4819999999998723e-05,290.59139999999996,2.5309457999999267
29.346000000000004,-0.0003407520000000136,289.5978,6.508667400000149
29.356000000000222,-0.00016296600000001438,289.5978,4.519806600000038
29.365999999999985,-0.00016296600000001438,291.585,4.519806600000038
29.376000000000204,1.4819999999998723e-05,293.5722,4.519806600000038
29.38700000000017,1.4819999999998723e-05,289.5978,0.5420850000000428
29.396000000000186,-0.0005185379999999989,290.59139999999996,4.519806600000038
29.40599999999995,1.4819999999998723e-05,290.59139999999996,0.5420850000000428
29.416000000000167,-0.00016296600000001438,287.6106,2.5309457999999267
29.427000000000135,1.4819999999998723e-05,288.6042,0.5420850000000428
29.43600000000015,-0.00016296600000001438,290.59139999999996,4.519806600000038
29.445999999999913,-0.0003407520000000136,290.59139999999996,4.519806600000038
29.45600000000013,1.4819999999998723e-05,291.585,2.5309457999999267
29.465999999999894,-0.00016296600000001438,289.5978,4.519806600000038
29.47699999999986,1.4819999999998723e-05,287.6106,0.5420850000000428
29.48700000000008,-0.00016296600000001438,289.5978,4.519806600000038
29.496999999999844,-0.00016296600000001438,292.5786,4.519806600000038
29.507000000000062,-0.0003407520000000136,288.6042,4.519806600000038
29.516999999999825,0.00019260599999999795,292.5786,2.5309457999999267
29.527000000000044,-0.0003407520000000136,289.5978,4.519806600000038
29.536999999999807,-0.0003407520000000136,288.6042,4.519806600000038
29.547000000000025,-0.00016296600000001438,290.59139999999996,4.519806600000038
29.55699999999979,-0.00016296600000001438,287.6106,2.5309457999999267
29.567000000000007,0.00037039200000001105,287.6106,0.5420850000000428
29.577000000000226,-0.0003407520000000136,290.59139999999996,4.519806600000038
29.58699999999999,-0.0003407520000000136,288.6042,4.519806600000038
29.597000000000207,-0.0003407520000000136,290.59139999999996,4.519806600000038
29.60699999999997,0.00019260599999999795,290.59139999999996,0.5420850000000428
29.61700000000019,-0.0003407520000000136,291.585,4.519806600000038
29.626999999999953,-0.0003407520000000136,290.59139999999996,6.508667400000149
29.63700000000017,-0.0003407520000000136,288.6042,4.519806600000038
29.646999999999935,0.00019260599999999795,290.59139999999996,2.5309457999999267
29.657000000000153,0.00037039200000001105,285.6234,-1.4467757999998412
29.666999999999916,1.4819999999998723e-05,291.585,4.519806600000038
29.677000000000135,-0.00016296600000001438,289.5978,4.519806600000038
29.686999999999898,-0.00016296600000001438,289.5978,4.519806600000038
29.697000000000116,1.4819999999998723e-05,290.59139999999996,2.5309457999999267
29.70699999999988,-0.0003407520000000136,287.6106,4.519806600000038
29.7170000000001,-0.0003407520000000136,288.6042,4.519806600000038
29.72699999999986,-0.0005185379999999989,291.585,6.508667400000149
29.73700000000008,-0.0003407520000000136,291.585,4.519806600000038
29.746999999999844,1.4819999999998723e-05,289.5978,2.5309457999999267
29.757000000000062,-0.0003407520000000136,288.6042,4.519806600000038
29.766999999999825,-0.00016296600000001438,291.585,2.5309457999999267
29.777000000000044,-0.0003407520000000136,289.5978,4.519806600000038
29.786999999999807,1.4819999999998723e-05,289.5978,0.5420850000000428
29.797000000000025,-0.00016296600000001438,288.6042,4.519806600000038
29.80699999999979,1.4819999999998723e-05,288.6042,2.5309457999999267
29.817000000000007,-0.00016296600000001438,291.585,4.519806600000038
29.827000000000226,-0.00016296600000001438,290.59139999999996,4.519806600000038
29.83699999999999,1.4819999999998723e-05,287.6106,2.5309457999999267
29.847000000000207,1.4819999999998723e-05,290.59139999999996,2.5309457999999267
29.85699999999997,1.4819999999998723e-05,288.6042,2.5309457999999267
29.86700000000019,-0.0003407520000000136,289.5978,4.519806600000038
29.876999999999953,0.00019260599999999795,288.6042,2.5309457999999267
29.88700000000017,-0.00016296600000001438,290.59139999999996,4.519806600000038
29.896999999999935,-0.0005185379999999989,289.5978,4.519806600000038
29.907000000000153,1.4819999999998723e-05,289.5978,2.5309457999999267
29.916999999999916,-0.0005185379999999989,289.5978,4.519806600000038
29.927000000000135,-0.0003407520000000136,287.6106,2.5309457999999267
29.936999999999898,-0.00016296600000001438,287.6106,4.519806600000038
29.947000000000116,-0.00016296600000001438,289.5978,2.5309457999999267
29.95699999999988,-0.00016296600000001438,289.5978,6.508667400000149
29.967999999999847,0.00019260599999999795,287.6106,0.5420850000000428
29.97699999999986,-0.00016296600000001438,291.585,4.519806600000038
29.98700000000008,-0.00016296600000001438,289.5978,4.519806600000038
29.996999999999844,-0.00016296600000001438,292.5786,4.519806600000038
30.007000000000062,-0.0003407520000000136,291.585,6.508667400000149
30.01800000000003,0.00019260599999999795,289.5978,0.5420850000000428
30.027000000000044,-0.0005185379999999989,289.5978,4.519806600000038
30.036999999999807,-0.00016296600000001438,289.5978,4.519806600000038
30.047000000000025,-0.00016296600000001438,288.6042,4.519806600000038
30.057999999999993,-0.00016296600000001438,289.5978,2.5309457999999267
30.067000000000007,-0.0005185379999999989,289.5978,4.519806600000038
30.077000000000226,-0.00016296600000001438,290.59139999999996,4.519806600000038
30.08699999999999,-0.0003407520000000136,288.6042,4.519806600000038
30.097000000000207,-0.0005185379999999989,288.6042,4.519806600000038
30.108000000000175,1.4819999999998723e-05,285.6234,-1.4467757999998412
30.117999999999938,1.4819999999998723e-05,291.585,2.5309457999999267
30.128000000000156,1.4819999999998723e-05,291.585,4.519806600000038
30.13799999999992,-0.00016296600000001438,290.59139999999996,4.519806600000038
30.14800000000014,-0.00016296600000001438,287.6106,2.5309457999999267
30.1579999999999,-0.0003407520000000136,289.5978,6.508667400000149
30.16800000000012,-0.0003407520000000136,289.5978,4.519806600000038
30.177999999999884,-0.00016296600000001438,291.585,2.5309457999999267
30.188000000000102,-0.0003407520000000136,290.59139999999996,4.519806600000038
30.197999999999865,1.4819999999998723e-05,287.6106,0.5420850000000428
30.208000000000084,-0.00016296600000001438,290.59139999999996,2.5309457999999267
30.217999999999847,-0.0003407520000000136,289.5978,4.519806600000038
30.228000000000065,-0.00016296600000001438,289.5978,4.519806600000038
30.23799999999983,0.00019260599999999795,289.5978,0.5420850000000428
30.248000000000047,0.00019260599999999795,292.5786,4.519806600000038
30.25799999999981,-0.0003407520000000136,289.5978,4.519806600000038
30.26800000000003,-0.0003407520000000136,288.6042,2.5309457999999267
30.277999999999793,-0.00016296600000001438,290.59139999999996,4.519806600000038
30.28800000000001,1.4819999999998723e-05,288.6042,0.5420850000000428
30.29800000000023,-0.0003407520000000136,289.5978,4.519806600000038
30.307999999999993,-0.00016296600000001438,290.59139999999996,2.5309457999999267
30.31800000000021,-0.0003407520000000136,290.59139999999996,4.519806600000038
30.327999999999975,-0.00016296600000001438,288.6042,2.5309457999999267
30.338000000000193,-0.00016296600000001438,290.59139999999996,6.508667400000149
30.347999999999956,1.4819999999998723e-05,290.59139999999996,4.519806600000038
30.358000000000175,-0.0003407520000000136,292.5786,6.508667400000149
30.367999999999938,-0.0003407520000000136,289.5978,2.5309457999999267
30.378000000000156,0.00019260599999999795,286.61699999999996,0.5420850000000428
30.38799999999992,-0.00016296600000001438,288.6042,4.519806600000038
30.39800000000014,-0.0003407520000000136,291.585,6.508667400000149
30.4079999999999,-0.0005185379999999989,288.6042,4.519806600000038
30.41800000000012,-0.00016296600000001438,288.6042,2.5309457999999267
30.427999999999884,1.4819999999998723e-05,291.585,2.5309457999999267
30.438000000000102,-0.00016296600000001438,289.5978,2.5309457999999267
30.447999999999865,-0.0003407520000000136,289.5978,4.519806600000038
30.458000000000084,-0.0005185379999999989,289.5978,6.508667400000149
30.467999999999847,-0.0005185379999999989,288.6042,4.519806600000038
30.478000000000065,-0.0003407520000000136,289.5978,4.519806600000038
30.514000000000124,0.00019260599999999795,287.6106,2.5309457999999267
30.52300000000014,-0.00016296600000001438,292.5786,6.508667400000149
30.5329999999999,-0.00016296600000001438,290.59139999999996,6.508667400000149
30.541999999999916,-0.0003407520000000136,287.6106,4.519806600000038
30.552000000000135,0.00019260599999999795,288.6042,0.5420850000000428
30.561999999999898,-0.0003407520000000136,288.6042,2.5309457999999267
30.570999999999913,-0.0003407520000000136,288.6042,4.519806600000038
30.58100000000013,-0.00016296600000001438,290.59139999999996,4.519806600000038
30.590000000000146,-0.0003407520000000136,289.5978,4.519806600000038
30.59999999999991,-0.00016296600000001438,287.6106,2.5309457999999267
30.610000000000127,-0.0005185379999999989,288.6042,4.519806600000038
30.619000000000142,-0.0003407520000000136,290.59139999999996,4.519806600000038
30.63799999999992,-0.00016296600000001438,291.585,4.519806600000038
30.64800000000014,0.00019260599999999795,290.59139999999996,2.5309457999999267
30.6579999999999,-0.00016296600000001438,289.5978,4.519806600000038
30.66800000000012,1.4819999999998723e-05,289.5978,4.519806600000038
30.677999999999884,-0.0005185379999999989,287.6106,2.5309457999999267
30.68899999999985,1.4819999999998723e-05,288.6042,0.5420850000000428
30.697999999999865,-0.0005185379999999989,290.59139999999996,6.508667400000149
30.708000000000084,-0.0003407520000000136,289.5978,4.519806600000038
30.717999999999847,-0.00016296600000001438,291.585,4.519806600000038
30.728999999999814,-0.00016296600000001438,290.59139999999996,2.5309457999999267
30.739000000000033,0.00019260599999999795,290.59139999999996,2.5309457999999267
30.748999999999796,-0.00016296600000001438,289.5978,2.5309457999999267
30.759000000000015,-0.00016296600000001438,291.585,4.519806600000038
30.769000000000233,-0.0005185379999999989,288.6042,4.519806600000038
30.778999999999996,1.4819999999998723e-05,292.5786,2.5309457999999267
30.789000000000215,-0.0003407520000000136,288.6042,4.519806600000038
30.798999999999978,-0.00016296600000001438,289.5978,2.5309457999999267
30.827999999999975,0.0005481779999999825,288.6042,-1.4467757999998412
30.838000000000193,-0.0003407520000000136,288.6042,4.519806600000038
30.847999999999956,-0.00016296600000001438,290.59139999999996,4.519806600000038
30.85699999999997,-0.00016296600000001438,290.59139999999996,4.519806600000038
30.86700000000019,1.4819999999998723e-05,289.5978,0.5420850000000428
30.876999999999953,-0.0005185379999999989,286.61699999999996,4.519806600000038
30.885999999999967,-0.0005185379999999989,289.5978,6.508667400000149
30.896000000000186,-0.0003407520000000136,291.585,6.508667400000149
30.9050000000002,-0.00016296600000001438,290.59139999999996,4.519806600000038
30.914999999999964,0.00019260599999999795,287.6106,-1.4467757999998412
30.925000000000182,-0.0003407520000000136,289.5978,4.519806600000038
30.934000000000196,-0.00016296600000001438,287.6106,2.5309457999999267
30.94399999999996,-0.0003407520000000136,288.6042,4.519806600000038
30.95400000000018,1.4819999999998723e-05,292.5786,2.5309457999999267
30.963000000000193,1.4819999999998723e-05,289.5978,0.5420850000000428
30.972999999999956,1.4819999999998723e-05,291.585,4.519806600000038
30.98199999999997,-0.00016296600000001438,288.6042,4.519806600000038
30.99200000000019,-0.0003407520000000136,289.5978,4.519806600000038
31.001999999999953,-0.00016296600000001438,287.6106,0.5420850000000428
31.010999999999967,-0.00016296600000001438,287.6106,4.519806600000038
31.021000000000186,-0.00016296600000001438,290.59139999999996,4.519806600000038
31.0300000000002,-0.00016296600000001438,290.59139999999996,4.519806600000038
31.039999999999964,-0.0003407520000000136,290.59139999999996,4.519806600000038
31.050000000000182,1.4819999999998723e-05,288.6042,2.5309457999999267
31.06899999999996,-0.00016296600000001438,290.59139999999996,2.5309457999999267
31.07900000000018,-0.00016296600000001438,289.5978,4.519806600000038
31.088999999999942,-0.0003407520000000136,290.59139999999996,4.519806600000038
31.09900000000016,1.4819999999998723e-05,289.5978,2.5309457999999267
31.108999999999924,-0.00016296600000001438,290.59139999999996,4.519806600000038
31.119000000000142,-0.0003407520000000136,288.6042,4.519806600000038
31.128999999999905,-0.0003407520000000136,288.6042,4.519806600000038
31.139000000000124,-0.00016296600000001438,290.59139999999996,2.5309457999999267
31.148999999999887,-0.00016296600000001438,289.5978,2.5309457999999267
31.159000000000106,-0.0003407520000000136,288.6042,4.519806600000038
31.16899999999987,1.4819999999998723e-05,291.585,4.519806600000038
31.179000000000087,1.4819999999998723e-05,288.6042,0.5420850000000428
31.18899999999985,1.4819999999998723e-05,287.6106,0.5420850000000428
31.19900000000007,-0.0003407520000000136,288.6042,4.519806600000038
31.208999999999833,-0.0003407520000000136,289.5978,4.519806600000038
31.21900000000005,-0.0003407520000000136,290.59139999999996,4.519806600000038
31.230000000000018,1.4819999999998723e-05,288.6042,0.5420850000000428
31.239000000000033,-0.0005185379999999989,288.6042,4.519806600000038
31.248999999999796,-0.00016296600000001438,290.59139999999996,4.519806600000038
31.259000000000015,-0.00016296600000001438,289.5978,4.519806600000038
31.269999999999982,0.00019260599999999795,289.5978,0.5420850000000428
31.278999999999996,-0.00016296600000001438,290.59139999999996,4.519806600000038
31.289000000000215,1.4819999999998723e-05,290.59139999999996,2.5309457999999267
31.298999999999978,1.4819999999998723e-05,293.5722,4.519806600000038
31.309000000000196,-0.0003407520000000136,288.6042,6.508667400000149
31.320000000000164,0.00019260599999999795,290.59139999999996,2.5309457999999267
31.32900000000018,-0.00016296600000001438,289.5978,2.5309457999999267
31.338999999999942,-0.00016296600000001438,293.5722,4.519806600000038
31.34900000000016,-0.0003407520000000136,290.59139999999996,4.519806600000038
31.360000000000127,-0.00016296600000001438,291.585,4.519806600000038
31.36999999999989,-0.00016296600000001438,289.5978,0.5420850000000428
31.38000000000011,-0.0003407520000000136,291.585,6.508667400000149
31.389999999999873,-0.0003407520000000136,289.5978,6.508667400000149
31.40000000000009,-0.0003407520000000136,289.5978,4.519806600000038
31.409999999999854,0.00019260599999999795,290.59139999999996,-1.4467757999998412
31.420000000000073,-0.0003407520000000136,289.5978,4.519806600000038
31.429999999999836,-0.00016296600000001438,292.5786,4.519806600000038
31.440000000000055,-0.00016296600000001438,290.59139999999996,4.519806600000038
31.449999999999818,-0.0005185379999999989,288.6042,4.519806600000038
31.460000000000036,-0.0003407520000000136,287.6106,2.5309457999999267
31.4699999999998,-0.0003407520000000136,290.59139999999996,4.519806600000038
31.480000000000018,-0.00016296600000001438,289.5978,4.519806600000038
31.490000000000236,-0.0003407520000000136,290.59139999999996,6.508667400000149
31.5,1.4819999999998723e-05,288.6042,2.5309457999999267
31.51000000000022,-0.0003407520000000136,290.59139999999996,4.519806600000038
31.519999999999982,-0.00016296600000001438,292.5786,6.508667400000149
31.5300000000002,-0.0003407520000000136,289.5978,4.519806600000038
31.539999999999964,-0.0003407520000000136,289.5978,2.5309457999999267
31.550000000000182,-0.00016296600000001438,286.61699999999996,2.5309457999999267
31.559999999999945,-0.0005185379999999989,288.6042,4.519806600000038
31.570000000000164,1.4819999999998723e-05,290.59139999999996,2.5309457999999267
31.579999999999927,-0.00016296600000001438,290.59139999999996,4.519806600000038
31.590000000000146,1.4819999999998723e-05,286.61699999999996,0.5420850000000428
31.59999999999991,-0.0003407520000000136,288.6042,2.5309457999999267
31.610000000000127,-0.0003407520000000136,287.6106,4.519806600000038
31.61999999999989,-0.0003407520000000136,289.5978,4.519806600000038
31.63000000000011,0.00019260599999999795,289.5978,0.5420850000000428
31.639999999999873,1.4819999999998723e-05,291.585,4.519806600000038
31.65000000000009,1.4819999999998723e-05,292.5786,4.519806600000038
31.659999999999854,-0.00016296600000001438,289.5978,4.519806600000038
31.670000000000073,1.4819999999998723e-05,290.59139999999996,2.5309457999999267
31.679999999999836,0.00037039200000001105,290.59139999999996,0.5420850000000428
31.690000000000055,-0.0003407520000000136,290.59139999999996,6.508667400000149
31.699999999999818,-0.0003407520000000136,290.59139999999996,4.519806600000038
31.710000000000036,-0.00016296600000001438,287.6106,2.5309457999999267
31.7199999999998,-0.0003407520000000136,286.61699999999996,2.5309457999999267
31.730000000000018,1.4819999999998723e-05,288.6042,0.5420850000000428
31.740000000000236,-0.00016296600000001438,291.585,6.508667400000149
31.75,-0.00016296600000001438,289.5978,4.519806600000038
31.76000000000022,-0.0006963239999999982,289.5978,4.519806600000038
31.769999999999982,1.4819999999998723e-05,288.6042,2.5309457999999267
31.7800000000002,-0.00016296600000001438,289.5978,2.5309457999999267
31.789999999999964,-0.00016296600000001438,291.585,4.519806600000038
31.800000000000182,-0.0003407520000000136,287.6106,2.5309457999999267
31.809999999999945,-0.0003407520000000136,289.5978,0.5420850000000428
31.820000000000164,-0.0005185379999999989,289.5978,4.519806600000038
31.829999999999927,-0.0005185379999999989,287.6106,4.519806600000038
31.840000000000146,-0.0005185379999999989,290.59139999999996,4.519806600000038
31.84999999999991,-0.0003407520000000136,288.6042,4.519806600000038
31.860999999999876,1.4819999999998723e-05,288.6042,2.5309457999999267
31.86999999999989,-0.00016296600000001438,289.5978,2.5309457999999267
31.88000000000011,-0.0003407520000000136,286.61699999999996,4.519806600000038
31.889999999999873,-0.0003407520000000136,288.6042,4.519806600000038
31.90000000000009,1.4819999999998723e-05,288.6042,2.5309457999999267
31.911000000000058,-0.00016296600000001438,288.6042,0.5420850000000428
31.920000000000073,-0.00016296600000001438,289.5978,2.5309457999999267
31.929999999999836,-0.00016296600000001438,288.6042,4.519806600000038
31.940000000000055,-0.00016296600000001438,290.59139999999996,4.519806600000038
31.951000000000022,1.4819999999998723e-05,287.6106,2.5309457999999267
31.960000000000036,1.4819999999998723e-05,291.585,4.519806600000038
31.9699999999998,-0.0005185379999999989,289.5978,6.508667400000149
31.980000000000018,-0.0005185379999999989,290.59139999999996,6.508667400000149
31.990999999999985,1.4819999999998723e-05,289.5978,2.5309457999999267
32.001000000000204,-0.00016296600000001438,289.5978,4.519806600000038
32.01099999999997,-0.0003407520000000136,288.6042,4.519806600000038
32.021000000000186,-0.0005185379999999989,287.6106,4.519806600000038
32.03099999999995,-0.0003407520000000136,288.6042,4.519806600000038
32.04100000000017,0.00019260599999999795,291.585,0.5420850000000428
32.05099999999993,-0.00016296600000001438,289.5978,4.519806600000038
32.06100000000015,-0.00016296600000001438,290.59139999999996,4.519806600000038
32.07099999999991,-0.00016296600000001438,290.59139999999996,4.519806600000038
32.08100000000013,0.00037039200000001105,291.585,0.5420850000000428
32.090999999999894,0.00019260599999999795,292.5786,4.519806600000038
32.10100000000011,-0.0005185379999999989,289.5978,4.519806600000038
32.110999999999876,-0.00016296600000001438,289.5978,2.5309457999999267
32.121000000000095,-0.0003407520000000136,291.585,4.519806600000038
32.13099999999986,1.4819999999998723e-05,287.6106,0.5420850000000428
32.141000000000076,-0.0003407520000000136,289.5978,4.519806600000038
32.15099999999984,-0.00016296600000001438,289.5978,4.519806600000038
32.16100000000006,-0.00016296600000001438,289.5978,4.519806600000038
32.17099999999982,0.00037039200000001105,293.5722,0.5420850000000428
32.18100000000004,-0.0005185379999999989,288.6042,4.519806600000038
32.1909999999998,1.4819999999998723e-05,289.5978,2.5309457999999267
32.20100000000002,1.4819999999998723e-05,291.585,2.5309457999999267
32.21100000000024,-0.00016296600000001438,290.59139999999996,2.5309457999999267
32.221000000000004,0.00019260599999999795,291.585,0.5420850000000428
32.23100000000022,1.4819999999998723e-05,292.5786,4.519806600000038
32.240999999999985,-0.00016296600000001438,289.5978,2.5309457999999267
32.251000000000204,-0.00016296600000001438,290.59139999999996,2.5309457999999267
32.26099999999997,1.4819999999998723e-05,288.6042,2.5309457999999267
32.271000000000186,-0.00016296600000001438,289.5978,2.5309457999999267
32.28099999999995,-0.0003407520000000136,288.6042,4.519806600000038
32.29100000000017,-0.00016296600000001438,289.5978,6.508667400000149
32.30099999999993,1.4819999999998723e-05,292.5786,2.5309457999999267
32.31100000000015,-0.00016296600000001438,287.6106,2.5309457999999267
32.32099999999991,-0.00016296600000001438,291.585,2.5309457999999267
32.33100000000013,-0.00016296600000001438,289.5978,4.519806600000038
32.340999999999894,-0.0003407520000000136,289.5978,4.519806600000038
32.35100000000011,0.00037039200000001105,291.585,0.5420850000000428
32.360999999999876,-0.00016296600000001438,291.585,4.519806600000038
32.371000000000095,-0.00016296600000001438,289.5978,2.5309457999999267
32.38099999999986,-0.00016296600000001438,291.585,2.5309457999999267
32.391000000000076,-0.00016296600000001438,290.59139999999996,4.519806600000038
32.40099999999984,0.00019260599999999795,288.6042,0.5420850000000428
32.41100000000006,-0.00016296600000001438,289.5978,4.519806600000038
32.42099999999982,-0.0003407520000000136,288.6042,4.519806600000038
32.43100000000004,-0.0003407520000000136,288.6042,4.519806600000038
32.4409999999998,0.00019260599999999795,291.585,0.5420850000000428
32.45100000000002,-0.0003407520000000136,290.59139999999996,4.519806600000038
32.46100000000024,-0.00016296600000001438,291.585,2.5309457999999267
32.471000000000004,-0.00016296600000001438,289.5978,4.519806600000038
32.48100000000022,-0.00016296600000001438,291.585,4.519806600000038
32.49200000000019,0.00037039200000001105,288.6042,0.5420850000000428
32.501000000000204,-0.0003407520000000136,290.59139999999996,4.519806600000038
32.51099999999997,-0.0005185379999999989,288.6042,4.519806600000038
32.521000000000186,-0.0003407520000000136,290.59139999999996,4.519806600000038
32.53200000000015,1.4819999999998723e-05,289.5978,0.5420850000000428
32.54100000000017,1.4819999999998723e-05,291.585,2.5309457999999267
32.55099999999993,-0.00016296600000001438,288.6042,4.519806600000038
32.56100000000015,-0.00016296600000001438,291.585,4.519806600000038
32.57099999999991,1.4819999999998723e-05,290.59139999999996,2.5309457999999267
32.58199999999988,1.4819999999998723e-05,289.5978,0.5420850000000428
32.590999999999894,-0.00016296600000001438,288.6042,4.519806600000038
32.60100000000011,-0.00016296600000001438,290.59139999999996,4.519806600000038
32.61200000000008,-0.0003407520000000136,288.6042,2.5309457999999267
32.621999999999844,1.4819999999998723e-05,287.6106,2.5309457999999267
32.63200000000006,1.4819999999998723e-05,290.59139999999996,4.519806600000038
32.641999999999825,-0.00016296600000001438,291.585,4.519806600000038
32.652000000000044,-0.00016296600000001438,288.6042,2.5309457999999267
32.66199999999981,-0.00016296600000001438,288.6042,4.519806600000038
32.672000000000025,1.4819999999998723e-05,287.6106,0.5420850000000428
32.68199999999979,-0.00016296600000001438,288.6042,4.519806600000038
32.69200000000001,-0.0003407520000000136,286.61699999999996,4.519806600000038
32.702000000000226,-0.00016296600000001438,289.5978,4.519806600000038
32.71199999999999,1.4819999999998723e-05,290.59139999999996,4.519806600000038
32.72200000000021,-0.0003407520000000136,291.585,4.519806600000038
32.73199999999997,1.4819999999998723e-05,290.59139999999996,4.519806600000038
32.74200000000019,-0.0006963239999999982,288.6042,4.519806600000038
32.75199999999995,-0.0006963239999999982,287.6106,4.519806600000038
32.76200000000017,1.4819999999998723e-05,287.6106,2.5309457999999267
32.771999999999935,1.4819999999998723e-05,290.59139999999996,4.519806600000038
32.78200000000015,-0.0003407520000000136,290.59139999999996,4.519806600000038
32.791999999999916,0.00019260599999999795,292.5786,2.5309457999999267
32.802000000000135,-0.0003407520000000136,289.5978,2.5309457999999267
32.8119999999999,-0.00016296600000001438,290.59139999999996,4.519806600000038
32.822000000000116,-0.0006963239999999982,288.6042,4.519806600000038
32.83199999999988,-0.0003407520000000136,287.6106,4.519806600000038
32.8420000000001,1.4819999999998723e-05,291.585,2.5309457999999267
32.85199999999986,1.4819999999998723e-05,286.61699999999996,0.5420850000000428
32.86200000000008,-0.0003407520000000136,289.5978,4.519806600000038
32.871999999999844,1.4819999999998723e-05,290.59139999999996,4.519806600000038
32.88200000000006,-0.00016296600000001438,290.59139999999996,4.519806600000038
32.891999999999825,1.4819999999998723e-05,285.6234,0.5420850000000428
32.902000000000044,1.4819999999998723e-05,290.59139999999996,4.519806600000038
32.91199999999981,-0.00016296600000001438,289.5978,4.519806600000038
32.922000000000025,-0.0005185379999999989,287.6106,4.519806600000038
32.93199999999979,1.4819999999998723e-05,289.5978,2.5309457999999267
32.94200000000001,1.4819999999998723e-05,289.5978,0.5420850000000428
32.952000000000226,-0.00016296600000001438,288.6042,4.519806600000038
32.96199999999999,-0.0003407520000000136,288.6042,2.5309457999999267
32.97200000000021,-0.00016296600000001438,290.59139999999996,4.519806600000038
32.98199999999997,0.00037039200000001105,290.59139999999996,0.5420850000000428
32.99200000000019,-0.0005185379999999989,291.585,4.519806600000038
33.00199999999995,-0.00016296600000001438,289.5978,2.5309457999999267
33.01200000000017,1.4819999999998723e-05,290.59139999999996,4.519806600000038
33.021999999999935,1.4819999999998723e-05,292.5786,6.508667400000149
33.03200000000015,1.4819999999998723e-05,285.6234,0.5420850000000428
33.041999999999916,-0.0003407520000000136,289.5978,4.519806600000038
33.052000000000135,-0.00016296600000001438,290.59139999999996,4.519806600000038
33.0619999999999,-0.0003407520000000136,288.6042,4.519806600000038
33.072000000000116,0.00037039200000001105,288.6042,-1.4467757999998412
33.08199999999988,-0.00016296600000001438,291.585,4.519806600000038
33.0920000000001,-0.0003407520000000136,286.61699999999996,4.519806600000038
33.10199999999986,-0.0006963239999999982,288.6042,6.508667400000149
33.11200000000008,-0.0003407520000000136,292.5786,4.519806600000038
33.12300000000005,0.0005481779999999825,286.61699999999996,-1.4467757999998412
33.13200000000006,-0.00016296600000001438,291.585,4.519806600000038
33.141999999999825,-0.00016296600000001438,290.59139999999996,4.519806600000038
33.152000000000044,-0.00016296600000001438,290.59139999999996,2.5309457999999267
33.16300000000001,-0.00016296600000001438,289.5978,2.5309457999999267
33.172000000000025,-0.00016296600000001438,291.585,4.519806600000038
33.18199999999979,-0.0003407520000000136,289.5978,6.508667400000149
33.19200000000001,-0.0003407520000000136,289.5978,4.519806600000038
33.202000000000226,-0.00016296600000001438,288.6042,2.5309457999999267
33.21300000000019,0.00019260599999999795,289.5978,0.5420850000000428
33.22200000000021,1.4819999999998723e-05,289.5978,4.519806600000038
33.23199999999997,1.4819999999998723e-05,291.585,4.519806600000038
33.24299999999994,-0.0005185379999999989,288.6042,4.519806600000038
33.253000000000156,0.00019260599999999795,289.5978,0.5420850000000428
33.26299999999992,1.4819999999998723e-05,291.585,4.519806600000038
33.27300000000014,-0.00016296600000001438,288.6042,2.5309457999999267
33.2829999999999,-0.0003407520000000136,288.6042,2.5309457999999267
33.29300000000012,-0.0003407520000000136,287.6106,2.5309457999999267
33.302999999999884,0.00019260599999999795,286.61699999999996,-1.4467757999998412
33.3130000000001,-0.00016296600000001438,290.59139999999996,6.508667400000149
33.322999999999865,-0.00016296600000001438,290.59139999999996,2.5309457999999267
33.333000000000084,-0.00016296600000001438,289.5978,4.519806600000038
33.34299999999985,1.4819999999998723e-05,288.6042,0.5420850000000428
33.353000000000065,0.00019260599999999795,290.59139999999996,2.5309457999999267
33.36299999999983,-0.00016296600000001438,288.6042,2.5309457999999267
33.37300000000005,-0.00016296600000001438,291.585,4.519806600000038
33.38299999999981,-0.0005185379999999989,287.6106,4.519806600000038
33.39300000000003,1.4819999999998723e-05,288.6042,0.5420850000000428
33.40299999999979,-0.00016296600000001438,290.59139999999996,4.519806600000038
33.41300000000001,-0.00016296600000001438,289.5978,4.519806600000038
33.42300000000023,-0.0005185379999999989,291.585,6.508667400000149
33.43299999999999,1.4819999999998723e-05,288.6042,0.5420850000000428
33.44300000000021,-0.0003407520000000136,289.5978,4.519806600000038
33.452999999999975,1.4819999999998723e-05,290.59139999999996,2.5309457999999267
33.46300000000019,-0.0005185379999999989,289.5978,4.519806600000038
33.472999999999956,-0.0003407520000000136,287.6106,4.519806600000038
33.483000000000175,1.4819999999998723e-05,289.5978,0.5420850000000428
33.49299999999994,-0.00016296600000001438,290.59139999999996,4.519806600000038
33.503000000000156,-0.0003407520000000136,289.5978,4.519806600000038
33.51299999999992,-0.00016296600000001438,290.59139999999996,6.508667400000149
33.52300000000014,0.00019260599999999795,289.5978,0.5420850000000428
33.5329999999999,-0.00016296600000001438,290.59139999999996,6.508667400000149
33.54300000000012,-0.00016296600000001438,289.5978,4.519806600000038
33.552999999999884,-0.0003407520000000136,290.59139999999996,6.508667400000149
33.5630000000001,-0.00016296600000001438,289.5978,4.519806600000038
33.572999999999865,0.00019260599999999795,288.6042,0.5420850000000428
33.583000000000084,0.00019260599999999795,291.585,2.5309457999999267
33.59299999999985,-0.0005185379999999989,287.6106,4.519806600000038
33.603000000000065,-0.0003407520000000136,290.59139999999996,6.508667400000149
33.61299999999983,-0.00016296600000001438,288.6042,0.5420850000000428
33.62300000000005,-0.0006963239999999982,286.61699999999996,4.519806600000038
33.63299999999981,-0.00016296600000001438,289.5978,4.519806600000038
33.64300000000003,-0.0005185379999999989,288.6042,6.508667400000149
33.65299999999979,-0.00016296600000001438,290.59139999999996,2.5309457999999267
33.66300000000001,1.4819999999998723e-05,287.6106,0.5420850000000428
33.67300000000023,-0.00016296600000001438,289.5978,4.519806600000038
33.68299999999999,-0.0005185379999999989,288.6042,4.519806600000038
33.69300000000021,-0.00016296600000001438,290.59139999999996,2.5309457999999267
33.70400000000018,1.4819999999998723e-05,291.585,2.5309457999999267
33.71300000000019,1.4819999999998723e-05,290.59139999999996,4.519806600000038
33.722999999999956,-0.00016296600000001438,290.59139999999996,4.519806600000038
33.733000000000175,-0.0003407520000000136,287.6106,6.508667400000149
33.74299999999994,-0.0003407520000000136,289.5978,6.508667400000149
33.753999999999905,-0.00016296600000001438,286.61699999999996,2.5309457999999267
33.76299999999992,-0.0003407520000000136,289.5978,4.519806600000038
33.77300000000014,-0.0003407520000000136,289.5978,4.519806600000038
33.7829999999999,0.00019260599999999795,293.5722,2.5309457999999267
33.79399999999987,1.4819999999998723e-05,289.5978,2.5309457999999267
33.802999999999884,-0.0005185379999999989,290.59139999999996,4.519806600000038
33.8130000000001,-0.0005185379999999989,288.6042,4.519806600000038
33.822999999999865,-0.00016296600000001438,291.585,6.508667400000149
33.833000000000084,-0.00016296600000001438,293.5722,6.508667400000149
33.84400000000005,1.4819999999998723e-05,287.6106,2.5309457999999267
33.853000000000065,-0.00016296600000001438,289.5978,2.5309457999999267
33.86400000000003,-0.0005185379999999989,288.6042,2.5309457999999267
33.873999999999796,1.4819999999998723e-05,290.59139999999996,2.5309457999999267
33.884000000000015,0.00019260599999999795,288.6042,0.5420850000000428
33.89400000000023,-0.0003407520000000136,289.5978,4.519806600000038
33.903999999999996,1.4819999999998723e-05,292.5786,4.519806600000038
33.914000000000215,-0.0005185379999999989,287.6106,2.5309457999999267
33.92399999999998,-0.00016296600000001438,291.585,4.519806600000038
33.9340000000002,-0.00016296600000001438,288.6042,2.5309457999999267
33.94399999999996,-0.0003407520000000136,290.59139999999996,4.519806600000038
33.95400000000018,-0.0003407520000000136,290.59139999999996,4.519806600000038
33.96399999999994,-0.00016296600000001438,289.5978,2.5309457999999267
33.97400000000016,-0.0003407520000000136,287.6106,2.5309457999999267
33.983999999999924,-0.0005185379999999989,289.5978,4.519806600000038
33.99400000000014,-0.0003407520000000136,288.6042,4.519806600000038
34.003999999999905,-0.00016296600000001438,291.585,4.519806600000038
34.014000000000124,-0.00016296600000001438,291.585,4.519806600000038
34.02399999999989,-0.00016296600000001438,289.5978,4.519806600000038
34.034000000000106,-0.00016296600000001438,290.59139999999996,4.519806600000038
34.04399999999987,-0.0005185379999999989,289.5978,6.508667400000149
34.05400000000009,-0.0005185379999999989,290.59139999999996,6.508667400000149
34.06399999999985,-0.00016296600000001438,287.6106,0.5420850000000428
34.07400000000007,-0.0003407520000000136,288.6042,4.519806600000038
34.08399999999983,-0.00016296600000001438,289.5978,4.519806600000038
34.09400000000005,-0.0003407520000000136,290.59139999999996,4.519806600000038
34.103999999999814,-0.0003407520000000136,289.5978,4.519806600000038
34.11400000000003,0.00019260599999999795,288.6042,0.5420850000000428
34.123999999999796,-0.00016296600000001438,290.59139999999996,2.5309457999999267
34.134000000000015,-0.00016296600000001438,291.585,2.5309457999999267
34.14400000000023,1.4819999999998723e-05,289.5978,2.5309457999999267
34.153999999999996,0.00019260599999999795,290.59139999999996,2.5309457999999267
34.164000000000215,-0.00016296600000001438,290.59139999999996,4.519806600000038
34.17399999999998,-0.0003407520000000136,289.5978,4.519806600000038
34.1840000000002,-0.00016296600000001438,289.5978,4.519806600000038
34.19399999999996,-0.00016296600000001438,288.6042,2.5309457999999267
34.20400000000018,-0.00016296600000001438,287.6106,2.5309457999999267
34.21399999999994,-0.00016296600000001438,287.6106,4.519806600000038
34.22400000000016,-0.00016296600000001438,290.59139999999996,4.519806600000038
34.233999999999924,-0.00016296600000001438,289.5978,2.5309457999999267
34.24400000000014,0.00019260599999999795,287.6106,0.5420850000000428
34.253999999999905,-0.00016296600000001438,291.585,4.519806600000038
34.264000000000124,1.4819999999998723e-05,289.5978,4.519806600000038
34.27399999999989,-0.00016296600000001438,291.585,4.519806600000038
34.284000000000106,1.4819999999998723e-05,291.585,4.519806600000038
34.29500000000007,-0.00016296600000001438,286.61699999999996,2.5309457999999267
34.30400000000009,-0.00016296600000001438,289.5978,2.5309457999999267
34.31399999999985,-0.0003407520000000136,288.6042,4.519806600000038
34.32400000000007,-0.00016296600000001438,289.5978,2.5309457999999267
34.33399999999983,0.00019260599999999795,287.6106,-1.4467757999998412
34.34400000000005,-0.0005185379999999989,288.6042,4.519806600000038
34.353999999999814,-0.0003407520000000136,289.5978,4.519806600000038
34.36400000000003,-0.0003407520000000136,290.59139999999996,4.519806600000038
34.373999999999796,1.4819999999998723e-05,291.585,2.5309457999999267
34.38500000000022,-0.00016296600000001438,289.5978,2.5309457999999267
34.39400000000023,0.00019260599999999795,291.585,2.5309457999999267
34.403999999999996,-0.0003407520000000136,287.6106,4.519806600000038
34.414000000000215,1.4819999999998723e-05,290.59139999999996,2.5309457999999267
34.42500000000018,0.00019260599999999795,288.6042,0.5420850000000428
34.4340000000002,-0.0005185379999999989,289.5978,4.519806600000038
34.44399999999996,-0.0005185379999999989,288.6042,4.519806600000038
34.45400000000018,-0.00016296600000001438,290.59139999999996,4.519806600000038
34.465000000000146,-0.00016296600000001438,287.6106,2.5309457999999267
34.47499999999991,0.00019260599999999795,290.59139999999996,0.5420850000000428
34.48500000000013,1.4819999999998723e-05,291.585,2.5309457999999267
34.49499999999989,-0.0003407520000000136,288.6042,4.519806600000038
34.50500000000011,-0.00016296600000001438,289.5978,2.5309457999999267
34.51499999999987,0.00037039200000001105,287.6106,0.5420850000000428
34.52500000000009,-0.00016296600000001438,289.5978,2.5309457999999267
34.534999999999854,-0.0005185379999999989,288.6042,4.519806600000038
34.54500000000007,0.00037039200000001105,293.5722,2.5309457999999267
34.554999999999836,-0.00016296600000001438,291.585,6.508667400000149
34.565000000000055,-0.00016296600000001438,287.6106,2.5309457999999267
34.57499999999982,-0.0003407520000000136,286.61699999999996,4.519806600000038
34.585000000000036,-0.0005185379999999989,286.61699999999996,4.519806600000038
34.5949999999998,-0.0005185379999999989,286.61699999999996,2.5309457999999267
34.60500000000002,1.4819999999998723e-05,288.6042,0.5420850000000428
34.61500000000024,-0.00016296600000001438,290.59139999999996,4.519806600000038
34.625,-0.00016296600000001438,290.59139999999996,4.519806600000038
34.63500000000022,1.4819999999998723e-05,290.59139999999996,2.5309457999999267
34.64499999999998,-0.00016296600000001438,288.6042,2.5309457999999267
34.6550000000002,-0.00016296600000001438,289.5978,2.5309457999999267
34.664999999999964,-0.0003407520000000136,289.5978,4.519806600000038
34.67500000000018,-0.0005185379999999989,288.6042,6.508667400000149
34.684999999999945,-0.0003407520000000136,287.6106,2.5309457999999267
34.695000000000164,-0.00016296600000001438,289.5978,0.5420850000000428
34.70499999999993,-0.0003407520000000136,288.6042,4.519806600000038
34.715000000000146,1.4819999999998723e-05,289.5978,2.5309457999999267
34.72499999999991,-0.0005185379999999989,289.5978,4.519806600000038
34.73500000000013,1.4819999999998723e-05,291.585,2.5309457999999267
34.74499999999989,-0.0003407520000000136,285.6234,2.5309457999999267
34.75500000000011,-0.00016296600000001438,289.5978,4.519806600000038
34.76499999999987,1.4819999999998723e-05,291.585,2.5309457999999267
34.77500000000009,-0.00016296600000001438,288.6042,4.519806600000038
34.784999999999854,0.00019260599999999795,288.6042,0.5420850000000428
34.79500000000007,-0.0003407520000000136,288.6042,2.5309457999999267
34.804999999999836,-0.00016296600000001438,291.585,4.519806600000038
34.815000000000055,-0.00016296600000001438,291.585,4.519806600000038
34.82499999999982,-0.00016296600000001438,289.5978,2.5309457999999267
34.835000000000036,-0.0003407520000000136,286.61699999999996,0.5420850000000428
34.8449999999998,-0.0003407520000000136,288.6042,4.519806600000038
34.85500000000002,-0.00016296600000001438,289.5978,4.519806600000038
34.86500000000024,-0.0005185379999999989,288.6042,4.519806600000038
34.875,1.4819999999998723e-05,289.5978,2.5309457999999267
34.88500000000022,-0.00016296600000001438,289.5978,2.5309457999999267
34.89499999999998,1.4819999999998723e-05,292.5786,2.5309457999999267
34.9050000000002,-0.0003407520000000136,287.6106,4.519806600000038
34.914999999999964,0.0005481779999999825,292.5786,2.5309457999999267
34.92500000000018,-0.00016296600000001438,289.5978,2.5309457999999267
34.934999999999945,-0.0003407520000000136,288.6042,4.519806600000038
34.945000000000164,-0.0005185379999999989,289.5978,4.519806600000038
34.95499999999993,-0.0003407520000000136,290.59139999999996,4.519806600000038
34.965999999999894,0.00037039200000001105,290.59139999999996,0.5420850000000428
34.97499999999991,-0.00016296600000001438,291.585,4.519806600000038
34.98500000000013,-0.0003407520000000136,289.5978,4.519806600000038
34.99499999999989,-0.0003407520000000136,288.6042,4.519806600000038
35.00599999999986,1.4819999999998723e-05,289.5978,0.5420850000000428
35.01499999999987,1.4819999999998723e-05,289.5978,4.519806600000038
35.02500000000009,-0.0003407520000000136,287.6106,4.519806600000038
35.034999999999854,-0.0003407520000000136,291.585,4.519806600000038
35.04500000000007,-0.00016296600000001438,291.585,4.519806600000038
35.05600000000004,1.4819999999998723e-05,289.5978,2.5309457999999267
35.065000000000055,-0.00016296600000001438,290.59139999999996,4.519806600000038
35.07499999999982,-0.0003407520000000136,290.59139999999996,4.519806600000038
35.085000000000036,-0.0003407520000000136,288.6042,4.519806600000038
35.096000000000004,0.00019260599999999795,290.59139999999996,2.5309457999999267
35.10600000000022,-0.0003407520000000136,286.61699999999996,4.519806600000038
35.115999999999985,-0.00016296600000001438,289.5978,6.508667400000149
35.126000000000204,-0.0003407520000000136,289.5978,6.508667400000149
35.13599999999997,1.4819999999998723e-05,290.59139999999996,2.5309457999999267
35.146000000000186,1.4819999999998723e-05,288.6042,0.5420850000000428
35.15599999999995,-0.00016296600000001438,288.6042,4.519806600000038
35.16600000000017,-0.0003407520000000136,290.59139999999996,4.519806600000038
35.17599999999993,-0.0003407520000000136,287.6106,4.519806600000038
35.18600000000015,0.00019260599999999795,292.5786,2.5309457999999267
35.19599999999991,-0.00016296600000001438,288.6042,4.519806600000038
35.20600000000013,-0.00016296600000001438,289.5978,4.519806600000038
35.215999999999894,-0.0003407520000000136,290.59139999999996,4.519806600000038
35.22600000000011,-0.0003407520000000136,289.5978,4.519806600000038
35.235999999999876,1.4819999999998723e-05,288.6042,0.5420850000000428
35.246000000000095,-0.00016296600000001438,289.5978,4.519806600000038
35.25599999999986,-0.0003407520000000136,289.5978,4.519806600000038
35.266000000000076,-0.0003407520000000136,289.5978,2.5309457999999267
35.27599999999984,-0.00016296600000001438,288.6042,0.5420850000000428
35.28600000000006,1.4819999999998723e-05,291.585,0.5420850000000428
35.29599999999982,-0.0003407520000000136,287.6106,4.519806600000038
35.30600000000004,-0.00016296600000001438,289.5978,4.519806600000038
35.3159999999998,-0.0003407520000000136,289.5978,4.519806600000038
35.32600000000002,0.00019260599999999795,291.585,2.5309457999999267
35.33600000000024,-0.00016296600000001438,291.585,4.519806600000038
35.346000000000004,-0.00016296600000001438,289.5978,4.519806600000038
35.35600000000022,1.4819999999998723e-05,289.5978,2.5309457999999267
35.365999999999985,0.00019260599999999795,290.59139999999996,2.5309457999999267
35.376000000000204,-0.00016296600000001438,290.59139999999996,4.519806600000038
35.38599999999997,-0.0005185379999999989,289.5978,6.508667400000149
35.396000000000186,-0.0003407520000000136,287.6106,4.519806600000038
35.40599999999995,-0.0003407520000000136,290.59139999999996,6.508667400000149
35.41600000000017,0.00037039200000001105,289.5978,0.5420850000000428
35.42599999999993,1.4819999999998723e-05,290.59139999999996,2.5309457999999267
35.43600000000015,-0.00016296600000001438,293.5722,4.519806600000038
35.44599999999991,-0.0003407520000000136,288.6042,4.519806600000038
35.45600000000013,1.4819999999998723e-05,288.6042,2.5309457999999267
35.465999999999894,-0.0003407520000000136,289.5978,4.519806600000038
35.47600000000011,-0.0003407520000000136,288.6042,6.508667400000149
35.485999999999876,-0.00016296600000001438,291.585,4.519806600000038
35.496000000000095,-0.00016296600000001438,289.5978,4.519806600000038
35.50599999999986,-0.00016296600000001438,291.585,4.519806600000038
35.516000000000076,-0.00016296600000001438,291.585,4.519806600000038
35.55400000000009,0.00019260599999999795,287.6106,-1.4467757999998412
35.56399999999985,-0.00016296600000001438,291.585,4.519806600000038
35.572999999999865,-0.00016296600000001438,288.6042,2.5309457999999267
35.583000000000084,-0.0003407520000000136,289.5978,4.519806600000038
35.59299999999985,1.4819999999998723e-05,290.59139999999996,-1.4467757999998412
35.60199999999986,-0.00016296600000001438,291.585,4.519806600000038
35.61200000000008,-0.0005185379999999989,290.59139999999996,4.519806600000038
35.621000000000095,-0.0003407520000000136,288.6042,4.519806600000038
35.63099999999986,1.4819999999998723e-05,291.585,2.5309457999999267
35.641000000000076,0.00037039200000001105,287.6106,-1.4467757999998412
35.65000000000009,-0.0005185379999999989,288.6042,4.519806600000038
35.659999999999854,-0.0005185379999999989,288.6042,4.519806600000038
35.66899999999987,0.00019260599999999795,290.59139999999996,4.519806600000038
35.67900000000009,-0.00016296600000001438,288.6042,2.5309457999999267
35.68899999999985,1.4819999999998723e-05,286.61699999999996,0.5420850000000428
35.697999999999865,-0.00016296600000001438,289.5978,2.5309457999999267
35.708000000000084,1.4819999999998723e-05,292.5786,4.519806600000038
35.71799999999985,-0.0006963239999999982,286.61699999999996,4.519806600000038
35.72699999999986,1.4819999999998723e-05,290.59139999999996,0.5420850000000428
35.746999999999844,-0.0003407520000000136,289.5978,4.519806600000038
35.75700000000006,-0.0003407520000000136,289.5978,4.519806600000038
35.766999999999825,1.4819999999998723e-05,290.59139999999996,4.519806600000038
35.777000000000044,0.00019260599999999795,290.59139999999996,0.5420850000000428
35.78699999999981,-0.00016296600000001438,288.6042,4.519806600000038
35.797000000000025,-0.00016296600000001438,292.5786,4.519806600000038
35.80699999999979,-0.0003407520000000136,287.6106,2.5309457999999267
35.81700000000001,0.00037039200000001105,289.5978,-1.4467757999998412
35.827000000000226,-0.00016296600000001438,290.59139999999996,4.519806600000038
35.83699999999999,-0.00016296600000001438,289.5978,2.5309457999999267
35.84700000000021,-0.00016296600000001438,290.59139999999996,2.5309457999999267
35.85699999999997,-0.0003407520000000136,290.59139999999996,6.508667400000149
35.86700000000019,1.4819999999998723e-05,286.61699999999996,0.5420850000000428
35.87699999999995,1.4819999999998723e-05,290.59139999999996,2.5309457999999267
35.88700000000017,-0.00016296600000001438,290.59139999999996,4.519806600000038
35.896999999999935,-0.0003407520000000136,289.5978,2.5309457999999267
35.90700000000015,0.00019260599999999795,289.5978,0.5420850000000428
35.916999999999916,-0.00016296600000001438,290.59139999999996,4.519806600000038
35.927000000000135,-0.0003407520000000136,289.5978,6.508667400000149
35.9369999999999,1.4819999999998723e-05,290.59139999999996,4.519806600000038
35.947000000000116,-0.0003407520000000136,290.59139999999996,4.519806600000038
35.95699999999988,0.00019260599999999795,288.6042,0.5420850000000428
35.9670000000001,-0.00016296600000001438,290.59139999999996,6.508667400000149
35.97699999999986,-0.00016296600000001438,289.5978,2.5309457999999267
35.98700000000008,-0.00016296600000001438,292.5786,6.508667400000149
35.996999999999844,0.00019260599999999795,290.59139999999996,2.5309457999999267
36.00700000000006,-0.0003407520000000136,288.6042,4.519806600000038
36.016999999999825,-0.0003407520000000136,289.5978,4.519806600000038
36.027000000000044,1.4819999999998723e-05,291.585,2.5309457999999267
36.03699999999981,-0.0003407520000000136,290.59139999999996,4.519806600000038
36.047000000000025,-0.00016296600000001438,285.6234,0.5420850000000428
36.05699999999979,-0.00016296600000001438,290.59139999999996,4.519806600000038
36.06700000000001,-0.0003407520000000136,289.5978,4.519806600000038
36.077000000000226,-0.0003407520000000136,287.6106,4.519806600000038
36.08699999999999,0.00019260599999999795,289.5978,2.5309457999999267
36.09700000000021,-0.0003407520000000136,290.59139999999996,4.519806600000038
36.10699999999997,-0.0003407520000000136,290.59139999999996,4.519806600000038
36.11700000000019,-0.0005185379999999989,288.6042,6.508667400000149
36.12699999999995,1.4819999999998723e-05,290.59139999999996,2.5309457999999267
36.13700000000017,-0.00016296600000001438,286.61699999999996,2.5309457999999267
36.146999999999935,-0.0003407520000000136,287.6106,4.519806600000038
36.15700000000015,-0.0003407520000000136,290.59139999999996,4.519806600000038
36.166999999999916,-0.0003407520000000136,290.59139999999996,2.5309457999999267
36.177000000000135,0.00019260599999999795,291.585,2.5309457999999267
36.1869999999999,-0.00016296600000001438,289.5978,4.519806600000038
36.197000000000116,-0.0003407520000000136,289.5978,4.519806600000038
36.20699999999988,-0.0005185379999999989,291.585,6.508667400000149
36.2170000000001,-0.00016296600000001438,290.59139999999996,4.519806600000038
36.22699999999986,1.4819999999998723e-05,290.59139999999996,0.5420850000000428
36.23700000000008,-0.0005185379999999989,291.585,6.508667400000149
36.246999999999844,-0.0005185379999999989,287.6106,4.519806600000038
36.27399999999989,-0.00016296600000001438,285.6234,2.5309457999999267
36.284000000000106,-0.0005185379999999989,287.6106,2.5309457999999267
36.29300000000012,-0.00016296600000001438,290.59139999999996,4.519806600000038
36.302999999999884,-0.00016296600000001438,288.6042,4.519806600000038
36.3130000000001,-0.0005185379999999989,288.6042,0.5420850000000428
36.322000000000116,-0.00016296600000001438,291.585,4.519806600000038
36.33199999999988,-0.00016296600000001438,289.5978,4.519806600000038
36.340999999999894,-0.0003407520000000136,290.59139999999996,4.519806600000038
36.35100000000011,-0.0003407520000000136,289.5978,4.519806600000038
36.360999999999876,1.4819999999998723e-05,290.59139999999996,2.5309457999999267
36.36999999999989,-0.00016296600000001438,291.585,2.5309457999999267
36.38000000000011,-0.00016296600000001438,291.585,4.519806600000038
36.389000000000124,-0.0003407520000000136,291.585,4.519806600000038
36.39899999999989,1.4819999999998723e-05,292.5786,4.519806600000038
36.409000000000106,-0.00016296600000001438,289.5978,0.5420850000000428
36.427999999999884,-0.0003407520000000136,290.59139999999996,4.519806600000038
36.4380000000001,-0.0003407520000000136,288.6042,4.519806600000038
36.447999999999865,-0.00016296600000001438,293.5722,4.519806600000038
36.458000000000084,-0.00016296600000001438,290.59139999999996,4.519806600000038
36.46799999999985,-0.0003407520000000136,289.5978,4.519806600000038
36.478000000000065,1.4819999999998723e-05,289.5978,2.5309457999999267
36.498999999999796,1.4819999999998723e-05,286.61699999999996,0.5420850000000428
36.509000000000015,-0.0003407520000000136,288.6042,4.519806600000038
36.52799999999979,-0.0003407520000000136,286.61699999999996,4.519806600000038
36.53800000000001,-0.0003407520000000136,289.5978,2.5309457999999267
36.54800000000023,-0.0003407520000000136,288.6042,2.5309457999999267
36.55799999999999,-0.0003407520000000136,289.5978,4.519806600000038
36.56800000000021,-0.0003407520000000136,290.59139999999996,4.519806600000038
36.577999999999975,-0.00016296600000001438,290.59139999999996,2.5309457999999267
36.58800000000019,0.00019260599999999795,287.6106,2.5309457999999267
36.597999999999956,-0.0003407520000000136,290.59139999999996,4.519806600000038
36.608000000000175,-0.0003407520000000136,291.585,6.508667400000149
36.61799999999994,-0.00016296600000001438,290.59139999999996,4.519806600000038
36.628000000000156,-0.00016296600000001438,286.61699999999996,0.5420850000000428
36.63799999999992,-0.0003407520000000136,289.5978,6.508667400000149
36.64800000000014,-0.00016296600000001438,290.59139999999996,6.508667400000149
36.6579999999999,-0.00016296600000001438,293.5722,4.519806600000038
36.66800000000012,-0.0003407520000000136,287.6106,2.5309457999999267
36.677999999999884,0.00019260599999999795,289.5978,0.5420850000000428
36.6880000000001,-0.0003407520000000136,290.59139999999996,4.519806600000038
36.697999999999865,-0.0003407520000000136,288.6042,0.5420850000000428
36.708000000000084,-0.0006963239999999982,288.6042,6.508667400000149
36.71799999999985,-0.00016296600000001438,286.61699999999996,0.5420850000000428
36.728000000000065,-0.00016296600000001438,290.59139999999996,6.508667400000149
36.73799999999983,-0.0003407520000000136,289.5978,6.508667400000149
36.74800000000005,1.4819999999998723e-05,289.5978,2.5309457999999267
36.75799999999981,-0.0003407520000000136,291.585,4.519806600000038
36.76800000000003,0.00019260599999999795,291.585,2.5309457999999267
36.77799999999979,-0.0005185379999999989,288.6042,4.519806600000038
36.78800000000001,-0.00016296600000001438,289.5978,2.5309457999999267
36.81399999999985,0.00019260599999999795,287.6106,-1.4467757999998412
36.82400000000007,-0.0005185379999999989,289.5978,4.519806600000038
36.833000000000084,-0.00016296600000001438,289.5978,4.519806600000038
36.84299999999985,-0.0003407520000000136,289.5978,4.519806600000038
36.853000000000065,0.00037039200000001105,289.5978,-1.4467757999998412
36.86200000000008,-0.0003407520000000136,289.5978,4.519806600000038
36.871999999999844,1.4819999999998723e-05,291.585,4.519806600000038
36.88099999999986,-0.0003407520000000136,288.6042,4.519806600000038
36.891000000000076,-0.0003407520000000136,290.59139999999996,4.519806600000038
36.90099999999984,0.00037039200000001105,291.585,0.5420850000000428
36.909999999999854,-0.00016296600000001438,288.6042,2.5309457999999267
36.92000000000007,-0.0003407520000000136,290.59139999999996,4.519806600000038
36.929999999999836,-0.0003407520000000136,289.5978,4.519806600000038
36.94900000000007,1.4819999999998723e-05,288.6042,2.5309457999999267
36.958000000000084,-0.00016296600000001438,288.6042,2.5309457999999267
36.96799999999985,-0.00016296600000001438,290.59139999999996,4.519806600000038
36.978000000000065,-0.00016296600000001438,291.585,4.519806600000038
36.98900000000003,0.00019260599999999795,291.585,2.5309457999999267
36.998999999999796,-0.0003407520000000136,288.6042,4.519806600000038
37.009000000000015,-0.0005185379999999989,288.6042,6.508667400000149
37.01900000000023,-0.0003407520000000136,289.5978,4.519806600000038
37.028999999999996,-0.0005185379999999989,291.585,6.508667400000149
37.039000000000215,1.4819999999998723e-05,288.6042,0.5420850000000428
37.04899999999998,-0.00016296600000001438,288.6042,4.519806600000038
37.0590000000002,-0.00016296600000001438,290.59139999999996,4.519806600000038
37.06899999999996,-0.00016296600000001438,288.6042,4.519806600000038
37.07900000000018,1.4819999999998723e-05,292.5786,0.5420850000000428
37.08899999999994,-0.0003407520000000136,290.59139999999996,6.508667400000149
37.09900000000016,-0.00016296600000001438,291.585,4.519806600000038
37.128999999999905,0.00019260599999999795,287.6106,0.5420850000000428
37.139000000000124,-0.00016296600000001438,290.59139999999996,2.5309457999999267
37.14899999999989,-0.00016296600000001438,289.5978,4.519806600000038
37.159000000000106,-0.0003407520000000136,289.5978,4.519806600000038
37.16899999999987,1.4819999999998723e-05,291.585,0.5420850000000428
37.17900000000009,-0.00016296600000001438,292.5786,6.508667400000149
37.18899999999985,-0.00016296600000001438,291.585,4.519806600000038
37.19900000000007,-0.00016296600000001438,292.5786,6.508667400000149
37.20899999999983,-0.0003407520000000136,289.5978,4.519806600000038
37.21900000000005,-0.00016296600000001438,288.6042,2.5309457999999267
37.228999999999814,-0.00016296600000001438,289.5978,4.519806600000038
37.23900000000003,-0.0003407520000000136,289.5978,4.519806600000038
37.248999999999796,-0.00016296600000001438,289.5978,4.519806600000038
37.259000000000015,0.00019260599999999795,288.6042,0.5420850000000428
37.26900000000023,-0.00016296600000001438,289.5978,4.519806600000038
37.278999999999996,-0.0005185379999999989,287.6106,4.519806600000038
37.289000000000215,-0.00016296600000001438,289.5978,4.519806600000038
37.29899999999998,-0.0003407520000000136,290.59139999999996,4.519806600000038
37.3090000000002,1.4819999999998723e-05,286.61699999999996,0.5420850000000428
37.31899999999996,-0.00016296600000001438,289.5978,2.5309457999999267
37.32900000000018,-0.0005185379999999989,287.6106,4.519806600000038
37.33899999999994,1.4819999999998723e-05,292.5786,4.519806600000038
37.34900000000016,0.00019260599999999795,290.59139999999996,0.5420850000000428
37.358999999999924,-0.0003407520000000136,288.6042,6.508667400000149
37.36900000000014,-0.00016296600000001438,292.5786,4.519806600000038
37.378999999999905,-0.00016296600000001438,290.59139999999996,4.519806600000038
37.389000000000124,-0.00016296600000001438,290.59139999999996,4.519806600000038
37.39899999999989,1.4819999999998723e-05,289.5978,0.5420850000000428
37.409000000000106,-0.0003407520000000136,288.6042,4.519806600000038
37.41899999999987,1.4819999999998723e-05,292.5786,4.519806600000038
37.42900000000009,1.4819999999998723e-05,291.585,4.519806600000038
37.440000000000055,-0.00016296600000001438,291.585,2.5309457999999267
37.44900000000007,-0.00016296600000001438,289.5978,2.5309457999999267
37.45899999999983,-0.00016296600000001438,291.585,4.519806600000038
37.46900000000005,-0.0003407520000000136,289.5978,4.519806600000038
37.478999999999814,1.4819999999998723e-05,290.59139999999996,4.519806600000038
37.48900000000003,-0.00016296600000001438,288.6042,2.5309457999999267
37.498999999999796,-0.00016296600000001438,290.59139999999996,4.519806600000038
37.509000000000015,-0.0006963239999999982,285.6234,4.519806600000038
37.51900000000023,-0.0003407520000000136,288.6042,4.519806600000038
37.5300000000002,-0.00016296600000001438,286.61699999999996,0.5420850000000428
37.539000000000215,-0.0003407520000000136,290.59139999999996,6.508667400000149
37.54899999999998,-0.00016296600000001438,289.5978,2.5309457999999267
37.5590000000002,-0.0003407520000000136,289.5978,4.519806600000038
37.570000000000164,-0.00016296600000001438,291.585,4.519806600000038
37.57999999999993,1.4819999999998723e-05,287.6106,0.5420850000000428
37.58899999999994,-0.00016296600000001438,291.585,2.5309457999999267
37.59900000000016,1.4819999999998723e-05,291.585,6.508667400000149
37.608999999999924,-0.00016296600000001438,289.5978,4.519806600000038
37.61999999999989,0.00019260599999999795,286.61699999999996,0.5420850000000428
37.63000000000011,-0.0003407520000000136,288.6042,4.519806600000038
37.63999999999987,-0.00016296600000001438,291.585,4.519806600000038
37.65000000000009,1.4819999999998723e-05,289.5978,4.519806600000038
37.659999999999854,-0.0003407520000000136,291.585,4.519806600000038
37.67000000000007,-0.0003407520000000136,289.5978,0.5420850000000428
37.679999999999836,-0.00016296600000001438,291.585,4.519806600000038
37.690000000000055,-0.0003407520000000136,288.6042,4.519806600000038
37.69999999999982,-0.0005185379999999989,287.6106,4.519806600000038
37.710000000000036,-0.00016296600000001438,290.59139999999996,2.5309457999999267
37.7199999999998,1.4819999999998723e-05,290.59139999999996,4.519806600000038
37.73000000000002,-0.0003407520000000136,289.5978,2.5309457999999267
37.74000000000024,-0.00016296600000001438,290.59139999999996,4.519806600000038
37.75,-0.00016296600000001438,289.5978,4.519806600000038
37.76000000000022,0.00019260599999999795,288.6042,0.5420850000000428
37.76999999999998,-0.0003407520000000136,289.5978,4.519806600000038
37.7800000000002,-0.0003407520000000136,290.59139999999996,6.508667400000149
37.789999999999964,-0.0003407520000000136,291.585,4.519806600000038
37.80000000000018,-0.00016296600000001438,288.6042,2.5309457999999267
37.809999999999945,-0.0003407520000000136,288.6042,4.519806600000038
37.820000000000164,-0.0003407520000000136,289.5978,4.519806600000038
37.82999999999993,-0.0003407520000000136,287.6106,2.5309457999999267
37.840000000000146,-0.0005185379999999989,289.5978,4.519806600000038
37.84999999999991,-0.00016296600000001438,290.59139999999996,2.5309457999999267
37.86000000000013,-0.00016296600000001438,288.6042,4.519806600000038
37.86999999999989,-0.00016296600000001438,288.6042,4.519806600000038
37.88000000000011,-0.0005185379999999989,288.6042,2.5309457999999267
37.88999999999987,0.00019260599999999795,289.5978,0.5420850000000428
37.90000000000009,-0.0003407520000000136,289.5978,4.519806600000038
37.909999999999854,-0.00016296600000001438,289.5978,4.519806600000038
37.92000000000007,-0.00016296600000001438,289.5978,4.519806600000038
37.929999999999836,-0.00016296600000001438,288.6042,2.5309457999999267
37.940000000000055,-0.00016296600000001438,287.6106,0.5420850000000428
37.94999999999982,-0.00016296600000001438,291.585,6.508667400000149
37.960000000000036,-0.0003407520000000136,290.59139999999996,6.508667400000149
37.9699999999998,-0.00016296600000001438,290.59139999999996,4.519806600000038
37.98000000000002,1.4819999999998723e-05,290.59139999999996,2.5309457999999267
37.99000000000024,-0.0003407520000000136,290.59139999999996,4.519806600000038
38.0,-0.0003407520000000136,288.6042,4.519806600000038
38.01000000000022,0.00019260599999999795,291.585,2.5309457999999267
38.0300000000002,0.00037039200000001105,291.585,2.5309457999999267
38.039999999999964,-0.00016296600000001438,289.5978,4.519806600000038
38.04899999999998,-0.0003407520000000136,289.5978,4.519806600000038
38.0590000000002,1.4819999999998723e-05,290.59139999999996,2.5309457999999267
38.06800000000021,0.00037039200000001105,291.585,0.5420850000000428
38.077999999999975,-0.0003407520000000136,288.6042,4.519806600000038
38.08800000000019,-0.0003407520000000136,290.59139999999996,4.519806600000038
38.09700000000021,-0.00016296600000001438,288.6042,2.5309457999999267
38.10699999999997,-0.00016296600000001438,290.59139999999996,4.519806600000038
38.11700000000019,0.00019260599999999795,286.61699999999996,0.5420850000000428
38.126000000000204,-0.00016296600000001438,291.585,4.519806600000038
38.13599999999997,-0.00016296600000001438,289.5978,6.508667400000149
38.14499999999998,-0.0003407520000000136,290.59139999999996,2.5309457999999267
38.1550000000002,1.4819999999998723e-05,291.585,4.519806600000038
38.164999999999964,-0.0003407520000000136,289.5978,2.5309457999999267
38.17399999999998,-0.00016296600000001438,290.59139999999996,4.519806600000038
38.1840000000002,-0.00016296600000001438,289.5978,4.519806600000038
38.19300000000021,-0.00016296600000001438,287.6106,2.5309457999999267
38.202999999999975,1.4819999999998723e-05,291.585,2.5309457999999267
38.21300000000019,-0.00016296600000001438,290.59139999999996,6.508667400000149
38.22200000000021,-0.0005185379999999989,287.6106,2.5309457999999267
38.23199999999997,-0.0003407520000000136,289.5978,4.519806600000038
38.240999999999985,-0.00016296600000001438,289.5978,4.519806600000038
38.251000000000204,0.00037039200000001105,291.585,0.5420850000000428
38.271000000000186,-0.00016296600000001438,290.59139999999996,4.519806600000038
38.28099999999995,-0.0003407520000000136,290.59139999999996,4.519806600000038
38.29100000000017,-0.00016296600000001438,290.59139999999996,4.519806600000038
38.30099999999993,-0.00016296600000001438,290.59139999999996,2.5309457999999267
38.31100000000015,-0.0003407520000000136,289.5978,4.519806600000038
38.32099999999991,-0.00016296600000001438,288.6042,2.5309457999999267
38.33100000000013,-0.00016296600000001438,290.59139999999996,4.519806600000038
38.340999999999894,0.00019260599999999795,291.585,2.5309457999999267
38.35100000000011,-0.00016296600000001438,290.59139999999996,6.508667400000149
38.360999999999876,1.4819999999998723e-05,292.5786,4.519806600000038
38.371000000000095,-0.0003407520000000136,290.59139999999996,4.519806600000038
38.38099999999986,-0.00016296600000001438,289.5978,4.519806600000038
38.391000000000076,-0.00016296600000001438,287.6106,2.5309457999999267
38.40099999999984,-0.00016296600000001438,290.59139999999996,4.519806600000038
38.41100000000006,1.4819999999998723e-05,288.6042,4.519806600000038
38.42099999999982,-0.0003407520000000136,291.585,4.519806600000038
38.43100000000004,0.00019260599999999795,289.5978,-1.4467757999998412
38.4409999999998,1.4819999999998723e-05,291.585,4.519806600000038
38.45100000000002,-0.00016296600000001438,290.59139999999996,2.5309457999999267
38.46100000000024,-0.00016296600000001438,290.59139999999996,4.519806600000038
38.471000000000004,1.4819999999998723e-05,288.6042,2.5309457999999267
38.48100000000022,-0.0005185379999999989,287.6106,4.519806600000038
38.490999999999985,-0.00016296600000001438,288.6042,4.519806600000038
38.501000000000204,-0.00016296600000001438,291.585,4.519806600000038
38.51099999999997,-0.00016296600000001438,290.59139999999996,4.519806600000038
38.521000000000186,0.00019260599999999795,289.5978,-1.4467757999998412
38.53099999999995,-0.00016296600000001438,290.59139999999996,4.519806600000038
38.54100000000017,1.4819999999998723e-05,291.585,2.5309457999999267
38.55099999999993,-0.0003407520000000136,290.59139999999996,4.519806600000038
38.56100000000015,0.00019260599999999795,291.585,2.5309457999999267
38.57099999999991,-0.00016296600000001438,288.6042,4.519806600000038
38.58100000000013,-0.00016296600000001438,288.6042,4.519806600000038
38.590999999999894,-0.0003407520000000136,288.6042,4.519806600000038
38.60100000000011,-0.0003407520000000136,289.5978,4.519806600000038
38.610999999999876,1.4819999999998723e-05,290.59139999999996,2.5309457999999267
38.621000000000095,-0.0003407520000000136,288.6042,4.519806600000038
38.63099999999986,-0.00016296600000001438,291.585,2.5309457999999267
38.641000000000076,-0.0005185379999999989,290.59139999999996,4.519806600000038
38.65099999999984,1.4819999999998723e-05,287.6106,0.5420850000000428
38.66100000000006,-0.00016296600000001438,288.6042,4.519806600000038
38.67099999999982,-0.0005185379999999989,289.5978,2.5309457999999267
38.68100000000004,-0.00016296600000001438,290.59139999999996,2.5309457999999267
38.6909999999998,1.4819999999998723e-05,290.59139999999996,2.5309457999999267
38.70100000000002,-0.00016296600000001438,288.6042,2.5309457999999267
38.71100000000024,-0.00016296600000001438,289.5978,2.5309457999999267
38.721000000000004,-0.00016296600000001438,291.585,4.519806600000038
38.73100000000022,-0.0005185379999999989,290.59139999999996,6.508667400000149
38.740999999999985,1.4819999999998723e-05,288.6042,0.5420850000000428
38.751000000000204,-0.0003407520000000136,289.5978,4.519806600000038
38.76099999999997,1.4819999999998723e-05,289.5978,2.5309457999999267
38.771000000000186,-0.00016296600000001438,290.59139999999996,2.5309457999999267
38.78099999999995,-0.0003407520000000136,289.5978,4.519806600000038
38.791999999999916,1.4819999999998723e-05,286.61699999999996,0.5420850000000428
38.80099999999993,-0.0005185379999999989,288.6042,4.519806600000038
38.81100000000015,-0.00016296600000001438,288.6042,4.519806600000038
38.82099999999991,-0.00016296600000001438,290.59139999999996,2.5309457999999267
38.83199999999988,-0.00016296600000001438,287.6106,2.5309457999999267
38.8420000000001,-0.00016296600000001438,289.5978,6.508667400000149
38.85100000000011,-0.00016296600000001438,288.6042,2.5309457999999267
38.860999999999876,-0.0003407520000000136,289.5978,4.519806600000038
38.871999999999844,-0.00016296600000001438,292.5786,6.508667400000149
38.88200000000006,1.4819999999998723e-05,288.6042,0.5420850000000428
38.891999999999825,-0.00016296600000001438,290.59139999999996,4.519806600000038
38.902000000000044,-0.00016296600000001438,289.5978,6.508667400000149
38.91199999999981,0.00037039200000001105,292.5786,2.5309457999999267
38.922000000000025,1.4819999999998723e-05,289.5978,0.5420850000000428
38.93199999999979,-0.0005185379999999989,291.585,6.508667400000149
38.94200000000001,-0.0003407520000000136,289.5978,4.519806600000038
38.952000000000226,-0.0005185379999999989,288.6042,6.508667400000149
38.96199999999999,-0.0003407520000000136,289.5978,4.519806600000038
38.97200000000021,0.00037039200000001105,289.5978,2.5309457999999267
38.98199999999997,-0.0005185379999999989,287.6106,4.519806600000038
38.99200000000019,0.00037039200000001105,295.5594,4.519806600000038
39.00199999999995,-0.0005185379999999989,288.6042,4.519806600000038
39.01200000000017,0.00019260599999999795,288.6042,0.5420850000000428
39.021999999999935,-0.0003407520000000136,289.5978,4.519806600000038
39.03200000000015,-0.00016296600000001438,291.585,4.519806600000038
39.041999999999916,-0.00016296600000001438,289.5978,2.5309457999999267
39.052000000000135,-0.0005185379999999989,290.59139999999996,6.508667400000149
39.0619999999999,0.00019260599999999795,288.6042,0.5420850000000428
39.072000000000116,-0.00016296600000001438,290.59139999999996,4.519806600000038
39.08199999999988,-0.00016296600000001438,289.5978,4.519806600000038
39.0920000000001,-0.00016296600000001438,289.5978,4.519806600000038
39.10199999999986,1.4819999999998723e-05,288.6042,0.5420850000000428
39.11200000000008,-0.0003407520000000136,289.5978,4.519806600000038
39.121999999999844,-0.00016296600000001438,289.5978,4.519806600000038
39.13200000000006,-0.0003407520000000136,287.6106,4.519806600000038
39.141999999999825,-0.00016296600000001438,290.59139999999996,4.519806600000038
39.152000000000044,0.00019260599999999795,285.6234,0.5420850000000428
39.16199999999981,-0.0003407520000000136,288.6042,4.519806600000038
39.172000000000025,-0.00016296600000001438,290.59139999999996,4.519806600000038
39.18199999999979,-0.00016296600000001438,289.5978,4.519806600000038
39.19200000000001,0.00019260599999999795,288.6042,-1.4467757999998412
39.202000000000226,-0.00016296600000001438,289.5978,2.5309457999999267
39.21199999999999,-0.00016296600000001438,289.5978,0.5420850000000428
39.22200000000021,-0.0003407520000000136,290.59139999999996,4.519806600000038
39.23199999999997,1.4819999999998723e-05,290.59139999999996,2.5309457999999267
39.24200000000019,-0.00016296600000001438,289.5978,2.5309457999999267
39.25199999999995,-0.00016296600000001438,289.5978,4.519806600000038
39.26200000000017,-0.0003407520000000136,288.6042,4.519806600000038
39.271999999999935,1.4819999999998723e-05,289.5978,2.5309457999999267
39.28200000000015,-0.00016296600000001438,289.5978,2.5309457999999267
39.291999999999916,-0.0003407520000000136,290.59139999999996,6.508667400000149
39.302000000000135,-0.0003407520000000136,291.585,4.519806600000038
39.33399999999983,-0.00016296600000001438,286.61699999999996,0.5420850000000428
39.34400000000005,1.4819999999998723e-05,290.59139999999996,4.519806600000038
39.353999999999814,-0.0005185379999999989,287.6106,4.519806600000038
39.36299999999983,-0.0003407520000000136,290.59139999999996,6.508667400000149
39.38200000000006,-0.00016296600000001438,289.5978,4.519806600000038
39.391999999999825,-0.00016296600000001438,289.5978,4.519806600000038
39.402000000000044,-0.0003407520000000136,289.5978,6.508667400000149
39.41199999999981,1.4819999999998723e-05,291.585,2.5309457999999267
39.42300000000023,-0.00016296600000001438,290.59139999999996,4.519806600000038
39.43199999999979,-0.0003407520000000136,288.6042,4.519806600000038
39.44200000000001,1.4819999999998723e-05,289.5978,4.519806600000038
39.452000000000226,1.4819999999998723e-05,291.585,4.519806600000038
39.46300000000019,0.00019260599999999795,288.6042,0.5420850000000428
39.47200000000021,-0.0003407520000000136,289.5978,4.519806600000038
39.48199999999997,-0.00016296600000001438,292.5786,6.508667400000149
39.49200000000019,-0.00016296600000001438,289.5978,4.519806600000038
39.503000000000156,-0.00016296600000001438,290.59139999999996,4.519806600000038
39.51499999999987,1.4819999999998723e-05,285.6234,-1.4467757999998412
39.52500000000009,-0.0003407520000000136,289.5978,4.519806600000038
39.534000000000106,-0.00016296600000001438,289.5978,4.519806600000038
39.54399999999987,-0.0005185379999999989,287.6106,2.5309457999999267
39.55400000000009,0.00019260599999999795,289.5978,0.5420850000000428
39.572999999999865,-0.00016296600000001438,290.59139999999996,2.5309457999999267
39.583000000000084,-0.00016296600000001438,289.5978,2.5309457999999267
39.59299999999985,-0.0003407520000000136,290.59139999999996,4.519806600000038
39.603000000000065,-0.00016296600000001438,286.61699999999996,0.5420850000000428
39.61299999999983,-0.0005185379999999989,287.6106,4.519806600000038
39.62300000000005,-0.0003407520000000136,286.61699999999996,2.5309457999999267
39.63299999999981,-0.0003407520000000136,290.59139999999996,4.519806600000038
39.64300000000003,1.4819999999998723e-05,288.6042,2.5309457999999267
39.65299999999979,-0.0003407520000000136,287.6106,4.519806600000038
39.66300000000001,-0.0003407520000000136,290.59139999999996,6.508667400000149
39.67300000000023,1.4819999999998723e-05,289.5978,4.519806600000038
39.68299999999999,-0.00016296600000001438,292.5786,6.508667400000149
39.69300000000021,-0.00016296600000001438,287.6106,0.5420850000000428
39.702999999999975,-0.0003407520000000136,288.6042,4.519806600000038
39.71300000000019,-0.00016296600000001438,289.5978,4.519806600000038
39.722999999999956,-0.00016296600000001438,290.59139999999996,2.5309457999999267
39.733000000000175,1.4819999999998723e-05,287.6106,0.5420850000000428
39.74299999999994,1.4819999999998723e-05,288.6042,4.519806600000038
39.753000000000156,-0.0003407520000000136,290.59139999999996,4.519806600000038
39.76299999999992,-0.00016296600000001438,291.585,4.519806600000038
39.77300000000014,1.4819999999998723e-05,289.5978,4.519806600000038
39.7829999999999,0.00037039200000001105,288.6042,0.5420850000000428
39.79300000000012,-0.00016296600000001438,291.585,6.508667400000149
39.802999999999884,-0.00016296600000001438,290.59139999999996,2.5309457999999267
39.8130000000001,-0.00016296600000001438,289.5978,4.519806600000038
39.822999999999865,1.4819999999998723e-05,288.6042,0.5420850000000428
39.833000000000084,-0.00016296600000001438,288.6042,2.5309457999999267
39.84299999999985,-0.00016296600000001438,290.59139999999996,4.519806600000038
39.853000000000065,-0.00016296600000001438,290.59139999999996,4.519806600000038
39.86299999999983,-0.0003407520000000136,288.6042,4.519806600000038
39.87300000000005,1.4819999999998723e-05,286.61699999999996,2.5309457999999267
39.88299999999981,-0.00016296600000001438,290.59139999999996,4.519806600000038
39.89300000000003,-0.00016296600000001438,288.6042,4.519806600000038
39.90299999999979,-0.00016296600000001438,290.59139999999996,4.519806600000038
39.91300000000001,0.00019260599999999795,288.6042,0.5420850000000428
39.92300000000023,-0.0003407520000000136,289.5978,4.519806600000038
39.93299999999999,-0.00016296600000001438,291.585,4.519806600000038
39.94300000000021,-0.0003407520000000136,290.59139999999996,6.508667400000149
39.952999999999975,0.00019260599999999795,292.5786,2.5309457999999267
39.96300000000019,1.4819999999998723e-05,288.6042,0.5420850000000428
39.972999999999956,-0.0003407520000000136,289.5978,4.519806600000038
39.983000000000175,-0.0003407520000000136,289.5978,4.519806600000038
39.99299999999994,-0.0003407520000000136,290.59139999999996,6.508667400000149
40.003999999999905,1.4819999999998723e-05,289.5978,2.5309457999999267
40.01299999999992,-0.00016296600000001438,291.585,4.519806600000038
40.02300000000014,-0.0003407520000000136,290.59139999999996,6.508667400000149
40.0329999999999,-0.0003407520000000136,288.6042,4.519806600000038
40.04300000000012,-0.0003407520000000136,289.5978,6.508667400000149
40.05400000000009,-0.00016296600000001438,285.6234,2.5309457999999267
40.0630000000001,-0.0003407520000000136,289.5978,4.519806600000038
40.072999999999865,-0.0003407520000000136,290.59139999999996,4.519806600000038
40.083000000000084,-0.00016296600000001438,291.585,4.519806600000038
40.09400000000005,-0.00016296600000001438,287.6106,2.5309457999999267
40.103000000000065,-0.0003407520000000136,289.5978,4.519806600000038
40.11299999999983,-0.0003407520000000136,289.5978,4.519806600000038
40.123999999999796,-0.0005185379999999989,289.5978,6.508667400000149
40.134000000000015,-0.0006963239999999982,287.6106,4.519806600000038
40.14400000000023,1.4819999999998723e-05,286.61699999999996,0.5420850000000428
40.153999999999996,1.4819999999998723e-05,288.6042,0.5420850000000428
40.164000000000215,1.4819999999998723e-05,289.5978,2.5309457999999267
40.17399999999998,-0.00016296600000001438,289.5978,4.519806600000038
40.1840000000002,-0.00016296600000001438,284.6298,2.5309457999999267
40.19399999999996,-0.00016296600000001438,289.5978,2.5309457999999267
40.20400000000018,-0.0003407520000000136,288.6042,6.508667400000149
40.21399999999994,-0.0003407520000000136,289.5978,4.519806600000038
40.22400000000016,-0.00016296600000001438,291.585,4.519806600000038
40.233999999999924,1.4819999999998723e-05,287.6106,0.5420850000000428
40.24400000000014,-0.0003407520000000136,287.6106,4.519806600000038
40.253999999999905,1.4819999999998723e-05,291.585,4.519806600000038
40.264000000000124,-0.00016296600000001438,292.5786,4.519806600000038
40.27399999999989,-0.0003407520000000136,286.61699999999996,0.5420850000000428
40.284000000000106,-0.00016296600000001438,289.5978,4.519806600000038
40.29399999999987,-0.0003407520000000136,289.5978,4.519806600000038
40.30400000000009,-0.00016296600000001438,288.6042,4.519806600000038
40.31399999999985,-0.00016296600000001438,289.5978,2.5309457999999267
40.32400000000007,1.4819999999998723e-05,288.6042,0.5420850000000428
40.33399999999983,-0.0003407520000000136,287.6106,4.519806600000038
40.34400000000005,-0.0003407520000000136,289.5978,4.519806600000038
40.353999999999814,-0.0003407520000000136,289.5978,4.519806600000038
40.36400000000003,0.00019260599999999795,292.5786,0.5420850000000428
40.373999999999796,-0.00016296600000001438,290.59139999999996,4.519806600000038
40.384000000000015,-0.00016296600000001438,290.59139999999996,2.5309457999999267
40.39400000000023,-0.00016296600000001438,290.59139999999996,4.519806600000038
40.403999999999996,-0.0005185379999999989,289.5978,6.508667400000149
40.414000000000215,1.4819999999998723e-05,286.61699999999996,0.5420850000000428
40.42399999999998,-0.0005185379999999989,289.5978,6.508667400000149
40.4340000000002,-0.0003407520000000136,289.5978,2.5309457999999267
40.44399999999996,-0.0003407520000000136,289.5978,4.519806600000038
40.45400000000018,1.4819999999998723e-05,288.6042,0.5420850000000428
40.46399999999994,-0.00016296600000001438,290.59139999999996,4.519806600000038
40.47400000000016,-0.00016296600000001438,289.5978,4.519806600000038
40.483999999999924,-0.0003407520000000136,290.59139999999996,4.519806600000038
40.49400000000014,-0.0003407520000000136,288.6042,4.519806600000038
40.503999999999905,-0.0003407520000000136,285.6234,2.5309457999999267
40.514000000000124,-0.0003407520000000136,287.6106,4.519806600000038
40.52399999999989,-0.0003407520000000136,290.59139999999996,4.519806600000038
40.534000000000106,-0.00016296600000001438,290.59139999999996,4.519806600000038
40.54399999999987,1.4819999999998723e-05,287.6106,2.5309457999999267
40.55400000000009,-0.0003407520000000136,289.5978,4.519806600000038
40.56399999999985,-0.00016296600000001438,289.5978,2.5309457999999267
40.57400000000007,-0.0005185379999999989,288.6042,4.519806600000038
40.58399999999983,-0.0003407520000000136,289.5978,4.519806600000038
40.5949999999998,1.4819999999998723e-05,285.6234,0.5420850000000428
40.603999999999814,-0.00016296600000001438,287.6106,2.5309457999999267
40.61400000000003,1.4819999999998723e-05,290.59139999999996,2.5309457999999267
40.623999999999796,-0.0003407520000000136,289.5978,4.519806600000038
40.63500000000022,1.4819999999998723e-05,288.6042,0.5420850000000428
40.64400000000023,1.4819999999998723e-05,291.585,2.5309457999999267
40.653999999999996,-0.0005185379999999989,286.61699999999996,4.519806600000038
40.664000000000215,-0.00016296600000001438,288.6042,2.5309457999999267
40.67399999999998,-0.00016296600000001438,287.6106,2.5309457999999267
40.684999999999945,1.4819999999998723e-05,287.6106,0.5420850000000428
40.69399999999996,1.4819999999998723e-05,291.585,4.519806600000038
40.70400000000018,-0.0003407520000000136,290.59139999999996,4.519806600000038
40.71399999999994,-0.00016296600000001438,291.585,4.519806600000038
40.72499999999991,1.4819999999998723e-05,290.59139999999996,2.5309457999999267
40.733999999999924,1.4819999999998723e-05,290.59139999999996,2.5309457999999267
40.74400000000014,-0.0005185379999999989,290.59139999999996,4.519806600000038
40.75500000000011,-0.00016296600000001438,290.59139999999996,4.519806600000038
40.76499999999987,-0.00016296600000001438,289.5978,2.5309457999999267
40.77500000000009,0.00019260599999999795,288.6042,0.5420850000000428
40.784999999999854,-0.0006963239999999982,288.6042,6.508667400000149
40.79500000000007,-0.0003407520000000136,288.6042,4.519806600000038
40.804999999999836,-0.0005185379999999989,287.6106,4.519806600000038
40.815000000000055,0.00019260599999999795,290.59139999999996,2.5309457999999267
40.82499999999982,-0.0005185379999999989,290.59139999999996,4.519806600000038
40.835000000000036,-0.0005185379999999989,288.6042,4.519806600000038
40.8449999999998,-0.0003407520000000136,290.59139999999996,4.519806600000038
40.85500000000002,-0.0003407520000000136,290.59139999999996,4.519806600000038
40.86500000000024,-0.00016296600000001438,286.61699999999996,0.5420850000000428
40.875,-0.0005185379999999989,290.59139999999996,6.508667400000149
40.88500000000022,-0.0003407520000000136,288.6042,6.508667400000149
40.89499999999998,-0.00016296600000001438,291.585,4.519806600000038
40.9050000000002,0.00019260599999999795,290.59139999999996,2.5309457999999267
40.914999999999964,-0.00016296600000001438,288.6042,4.519806600000038
40.92500000000018,-0.0003407520000000136,287.6106,2.5309457999999267
40.934999999999945,-0.00016296600000001438,290.59139999999996,4.519806600000038
40.945000000000164,-0.00016296600000001438,290.59139999999996,4.519806600000038
40.95499999999993,1.4819999999998723e-05,288.6042,0.5420850000000428
40.965000000000146,-0.0003407520000000136,288.6042,4.519806600000038
40.97499999999991,-0.0003407520000000136,289.5978,4.519806600000038
40.98500000000013,-0.0005185379999999989,291.585,6.508667400000149
40.99499999999989,0.00037039200000001105,289.5978,0.5420850000000428
41.00500000000011,-0.00016296600000001438,290.59139999999996,6.508667400000149
41.01499999999987,-0.00016296600000001438,289.5978,4.519806600000038
41.02500000000009,-0.0005185379999999989,290.59139999999996,6.508667400000149
41.034999999999854,1.4819999999998723e-05,294.56579999999997,4.519806600000038
41.04500000000007,1.4819999999998723e-05,288.6042,2.5309457999999267
41.054999999999836,-0.0003407520000000136,288.6042,4.519806600000038
41.065000000000055,-0.00016296600000001438,289.5978,2.5309457999999267
41.07499999999982,-0.00016296600000001438,289.5978,4.519806600000038
41.085000000000036,0.00019260599999999795,291.585,2.5309457999999267
41.0949999999998,-0.0005185379999999989,287.6106,4.519806600000038
41.10500000000002,-0.00016296600000001438,288.6042,2.5309457999999267
41.11500000000024,-0.0003407520000000136,289.5978,4.519806600000038
41.125,-0.00016296600000001438,291.585,4.519806600000038
41.13500000000022,1.4819999999998723e-05,290.59139999999996,2.5309457999999267
41.14499999999998,-0.00016296600000001438,289.5978,4.519806600000038
41.1550000000002,1.4819999999998723e-05,290.59139999999996,2.5309457999999267
41.164999999999964,-0.0003407520000000136,290.59139999999996,4.519806600000038
41.17599999999993,-0.00016296600000001438,288.6042,2.5309457999999267
41.184999999999945,-0.00016296600000001438,291.585,2.5309457999999267
41.195000000000164,-0.0003407520000000136,289.5978,2.5309457999999267
41.20499999999993,-0.00016296600000001438,290.59139999999996,4.519806600000038
41.215000000000146,1.4819999999998723e-05,291.585,2.5309457999999267
41.22499999999991,0.00019260599999999795,290.59139999999996,0.5420850000000428
41.23500000000013,-0.00016296600000001438,291.585,6.508667400000149
41.24499999999989,-0.00016296600000001438,290.59139999999996,4.519806600000038
41.25500000000011,-0.0003407520000000136,288.6042,4.519806600000038
41.266000000000076,0.00019260599999999795,291.585,2.5309457999999267
41.27500000000009,-0.0003407520000000136,289.5978,4.519806600000038
41.284999999999854,-0.00016296600000001438,291.585,4.519806600000038
41.29500000000007,-0.00016296600000001438,292.5786,4.519806600000038
41.30600000000004,1.4819999999998723e-05,291.585,2.5309457999999267
41.3159999999998,1.4819999999998723e-05,289.5978,2.5309457999999267
41.32499999999982,1.4819999999998723e-05,290.59139999999996,2.5309457999999267
41.335000000000036,-0.00016296600000001438,288.6042,2.5309457999999267
41.3449999999998,-0.00016296600000001438,290.59139999999996,2.5309457999999267
41.35600000000022,1.4819999999998723e-05,289.5978,0.5420850000000428
41.36500000000024,-0.0005185379999999989,286.61699999999996,4.519806600000038
41.376000000000204,-0.0003407520000000136,288.6042,4.519806600000038
41.38599999999997,1.4819999999998723e-05,289.5978,2.5309457999999267
41.396000000000186,0.00019260599999999795,290.59139999999996,2.5309457999999267
41.40599999999995,-0.00016296600000001438,290.59139999999996,0.5420850000000428
41.41600000000017,-0.00016296600000001438,289.5978,4.519806600000038
41.42599999999993,-0.00016296600000001438,288.6042,2.5309457999999267
41.43600000000015,-0.00016296600000001438,289.5978,2.5309457999999267
41.44599999999991,-0.00016296600000001438,286.61699999999996,0.5420850000000428
41.45600000000013,-0.00016296600000001438,292.5786,4.519806600000038
41.465999999999894,-0.00016296600000001438,288.6042,4.519806600000038
41.47600000000011,-0.00016296600000001438,290.59139999999996,4.519806600000038
41.485999999999876,-0.00016296600000001438,287.6106,0.5420850000000428
41.496000000000095,1.4819999999998723e-05,288.6042,2.5309457999999267
41.50599999999986,1.4819999999998723e-05,292.5786,4.519806600000038
41.516000000000076,-0.0005185379999999989,291.585,4.519806600000038
41.52599999999984,1.4819999999998723e-05,291.585,4.519806600000038
41.53600000000006,1.4819999999998723e-05,288.6042,-1.4467757999998412
41.54599999999982,-0.0005185379999999989,289.5978,4.519806600000038
41.55600000000004,1.4819999999998723e-05,291.585,2.5309457999999267
41.5659999999998,-0.00016296600000001438,289.5978,4.519806600000038
41.57600000000002,1.4819999999998723e-05,290.59139999999996,2.5309457999999267
41.58600000000024,-0.00016296600000001438,290.59139999999996,2.5309457999999267
41.596000000000004,-0.00016296600000001438,289.5978,4.519806600000038
41.60600000000022,-0.00016296600000001438,290.59139999999996,4.519806600000038
41.615999999999985,-0.00016296600000001438,289.5978,4.519806600000038
41.626000000000204,0.00019260599999999795,290.59139999999996,0.5420850000000428
41.63599999999997,1.4819999999998723e-05,292.5786,4.519806600000038
41.646000000000186,-0.0003407520000000136,290.59139999999996,4.519806600000038
41.65599999999995,-0.00016296600000001438,289.5978,4.519806600000038
41.66600000000017,1.4819999999998723e-05,287.6106,0.5420850000000428
41.67599999999993,-0.00016296600000001438,288.6042,2.5309457999999267
41.68600000000015,-0.00016296600000001438,291.585,4.519806600000038
41.69599999999991,-0.00016296600000001438,288.6042,2.5309457999999267
41.70600000000013,-0.0003407520000000136,288.6042,2.5309457999999267
41.715999999999894,0.00019260599999999795,290.59139999999996,2.5309457999999267
41.72600000000011,-0.00016296600000001438,289.5978,4.519806600000038
41.735999999999876,-0.0003407520000000136,289.5978,6.508667400000149
41.746000000000095,-0.00016296600000001438,289.5978,4.519806600000038
41.75599999999986,0.00019260599999999795,290.59139999999996,0.5420850000000428
41.766000000000076,1.4819999999998723e-05,288.6042,2.5309457999999267
41.77599999999984,-0.0003407520000000136,288.6042,4.519806600000038
41.78600000000006,-0.0003407520000000136,290.59139999999996,4.519806600000038
41.79599999999982,1.4819999999998723e-05,293.5722,4.519806600000038
41.80600000000004,1.4819999999998723e-05,289.5978,0.5420850000000428
41.8159999999998,-0.00016296600000001438,288.6042,4.519806600000038
41.82600000000002,-0.00016296600000001438,290.59139999999996,4.519806600000038
41.83600000000024,-0.00016296600000001438,290.59139999999996,4.519806600000038
41.846000000000004,1.4819999999998723e-05,287.6106,0.5420850000000428
41.85600000000022,-0.0003407520000000136,289.5978,2.5309457999999267
41.865999999999985,-0.00016296600000001438,290.59139999999996,2.5309457999999267
41.876000000000204,1.4819999999998723e-05,289.5978,4.519806600000038
41.88599999999997,-0.00016296600000001438,289.5978,4.519806600000038
41.896999999999935,1.4819999999998723e-05,290.59139999999996,2.5309457999999267
41.90599999999995,-0.00016296600000001438,291.585,4.519806600000038
41.91600000000017,-0.00016296600000001438,290.59139999999996,4.519806600000038
41.92599999999993,1.4819999999998723e-05,291.585,4.519806600000038
41.9369999999999,1.4819999999998723e-05,289.5978,2.5309457999999267
41.94599999999991,-0.0005185379999999989,287.6106,4.519806600000038
41.95600000000013,-0.0003407520000000136,288.6042,4.519806600000038
41.965999999999894,-0.00016296600000001438,290.59139999999996,4.519806600000038
41.99000000000024,-0.00016296600000001438,289.5978,2.5309457999999267
42.034999999999854,0.00019260599999999795,287.6106,-1.4467757999998412
42.04399999999987,-0.00016296600000001438,291.585,4.519806600000038
42.05400000000009,1.4819999999998723e-05,291.585,4.519806600000038
42.06399999999985,-0.0003407520000000136,290.59139999999996,4.519806600000038
42.072999999999865,1.4819999999998723e-05,290.59139999999996,0.5420850000000428
42.083000000000084,-0.00016296600000001438,289.5978,4.519806600000038
42.0920000000001,-0.0003407520000000136,288.6042,2.5309457999999267
42.10199999999986,-0.00016296600000001438,291.585,4.519806600000038
42.11200000000008,-0.00016296600000001438,289.5978,4.519806600000038
42.121000000000095,-0.00016296600000001438,287.6106,0.5420850000000428
42.13099999999986,-0.0003407520000000136,292.5786,4.519806600000038
42.13999999999987,1.4819999999998723e-05,289.5978,2.5309457999999267
42.15000000000009,-0.00016296600000001438,288.6042,2.5309457999999267
42.159999999999854,-0.0003407520000000136,289.5978,4.519806600000038
42.16899999999987,-0.00016296600000001438,286.61699999999996,0.5420850000000428
42.17900000000009,-0.00016296600000001438,290.59139999999996,2.5309457999999267
42.18899999999985,-0.0003407520000000136,290.59139999999996,4.519806600000038
42.197999999999865,-0.0005185379999999989,289.5978,6.508667400000149
42.208000000000084,0.00037039200000001105,292.5786,0.5420850000000428
42.22699999999986,-0.0003407520000000136,291.585,4.519806600000038
42.23700000000008,-0.0003407520000000136,289.5978,4.519806600000038
42.246999999999844,-0.0003407520000000136,288.6042,2.5309457999999267
42.25700000000006,0.00019260599999999795,289.5978,0.5420850000000428
42.266999999999825,-0.0003407520000000136,290.59139999999996,4.519806600000038
42.277000000000044,-0.00016296600000001438,287.6106,2.5309457999999267
42.28699999999981,-0.0003407520000000136,289.5978,4.519806600000038
42.297000000000025,-0.00016296600000001438,287.6106,2.5309457999999267
42.30699999999979,0.00019260599999999795,291.585,2.5309457999999267
42.31700000000001,-0.0003407520000000136,289.5978,4.519806600000038
42.327000000000226,-0.0003407520000000136,291.585,6.508667400000149
42.33699999999999,-0.00016296600000001438,287.6106,2.5309457999999267
42.34700000000021,0.0005481779999999825,290.59139999999996,-1.4467757999998412
42.35699999999997,-0.00016296600000001438,289.5978,4.519806600000038
42.36700000000019,-0.0003407520000000136,290.59139999999996,6.508667400000149
42.37699999999995,-0.00016296600000001438,288.6042,2.5309457999999267
42.38700000000017,0.00019260599999999795,290.59139999999996,2.5309457999999267
42.396999999999935,-0.0003407520000000136,291.585,4.519806600000038
42.40700000000015,-0.0003407520000000136,289.5978,2.5309457999999267
42.416999999999916,-0.0003407520000000136,288.6042,4.519806600000038
42.427000000000135,-0.0003407520000000136,288.6042,2.5309457999999267
42.4369999999999,0.00019260599999999795,287.6106,0.5420850000000428
42.447000000000116,-0.00016296600000001438,290.59139999999996,4.519806600000038
42.45699999999988,-0.00016296600000001438,288.6042,2.5309457999999267
42.4670000000001,-0.00016296600000001438,289.5978,4.519806600000038
42.478000000000065,1.4819999999998723e-05,289.5978,0.5420850000000428
42.48700000000008,1.4819999999998723e-05,291.585,4.519806600000038
42.496999999999844,-0.00016296600000001438,289.5978,4.519806600000038
42.50700000000006,-0.0003407520000000136,289.5978,4.519806600000038
42.516999999999825,-0.00016296600000001438,291.585,4.519806600000038
42.52799999999979,1.4819999999998723e-05,288.6042,-1.4467757999998412
42.53699999999981,-0.00016296600000001438,290.59139999999996,4.519806600000038
42.547000000000025,-0.0005185379999999989,286.61699999999996,4.519806600000038
42.55699999999979,1.4819999999998723e-05,291.585,2.5309457999999267
42.56800000000021,-0.0005185379999999989,285.6234,2.5309457999999267
42.577000000000226,-0.00016296600000001438,287.6106,4.519806600000038
42.58699999999999,-0.00016296600000001438,290.59139999999996,4.519806600000038
42.59700000000021,-0.00016296600000001438,290.59139999999996,4.519806600000038
42.60699999999997,1.4819999999998723e-05,290.59139999999996,2.5309457999999267
42.61799999999994,1.4819999999998723e-05,288.6042,0.5420850000000428
42.628000000000156,-0.00016296600000001438,290.59139999999996,4.519806600000038
42.63799999999992,-0.0003407520000000136,290.59139999999996,4.519806600000038
42.64800000000014,-0.00016296600000001438,291.585,4.519806600000038
42.6579999999999,1.4819999999998723e-05,286.61699999999996,0.5420850000000428
42.66800000000012,-0.0003407520000000136,290.59139999999996,4.519806600000038
42.677999999999884,-0.0003407520000000136,289.5978,4.519806600000038
42.6880000000001,-0.00016296600000001438,288.6042,2.5309457999999267
42.697999999999865,1.4819999999998723e-05,291.585,4.519806600000038
42.708000000000084,0.00019260599999999795,287.6106,0.5420850000000428
42.71799999999985,-0.0003407520000000136,289.5978,4.519806600000038
42.728000000000065,1.4819999999998723e-05,289.5978,4.519806600000038
42.73799999999983,-0.0005185379999999989,289.5978,4.519806600000038
42.74800000000005,1.4819999999998723e-05,286.61699999999996,0.5420850000000428
42.75799999999981,-0.00016296600000001438,289.5978,4.519806600000038
42.76800000000003,-0.0003407520000000136,288.6042,4.519806600000038
42.77799999999979,-0.00016296600000001438,290.59139999999996,4.519806600000038
42.78800000000001,-0.00016296600000001438,290.59139999999996,4.519806600000038
42.79800000000023,1.4819999999998723e-05,286.61699999999996,2.5309457999999267
42.80799999999999,-0.00016296600000001438,288.6042,4.519806600000038
42.81800000000021,-0.00016296600000001438,290.59139999999996,6.508667400000149
42.827999999999975,-0.0005185379999999989,289.5978,4.519806600000038
42.83800000000019,0.00019260599999999795,290.59139999999996,2.5309457999999267
42.847999999999956,-0.00016296600000001438,288.6042,2.5309457999999267
42.858000000000175,-0.00016296600000001438,290.59139999999996,6.508667400000149
42.86799999999994,-0.00016296600000001438,292.5786,6.508667400000149
42.878000000000156,-0.00016296600000001438,289.5978,4.519806600000038
42.88799999999992,0.00019260599999999795,289.5978,0.5420850000000428
42.89800000000014,-0.0003407520000000136,286.61699999999996,2.5309457999999267
42.9079999999999,-0.0003407520000000136,289.5978,4.519806600000038
42.91800000000012,-0.0003407520000000136,289.5978,4.519806600000038
42.927999999999884,0.00037039200000001105,288.6042,2.5309457999999267
42.9380000000001,-0.0003407520000000136,290.59139999999996,4.519806600000038
42.947999999999865,-0.0003407520000000136,289.5978,4.519806600000038
42.958000000000084,-0.0003407520000000136,290.59139999999996,4.519806600000038
42.96799999999985,-0.00016296600000001438,289.5978,4.519806600000038
42.978000000000065,0.00019260599999999795,291.585,0.5420850000000428
42.98799999999983,-0.0003407520000000136,288.6042,4.519806600000038
42.99800000000005,-0.0003407520000000136,289.5978,2.5309457999999267
43.00799999999981,-0.0003407520000000136,288.6042,4.519806600000038
43.01800000000003,1.4819999999998723e-05,289.5978,0.5420850000000428
43.02799999999979,-0.0003407520000000136,288.6042,4.519806600000038
43.03800000000001,-0.0003407520000000136,289.5978,4.519806600000038
43.04800000000023,-0.0003407520000000136,289.5978,4.519806600000038
43.05799999999999,-0.00016296600000001438,292.5786,6.508667400000149
43.06800000000021,1.4819999999998723e-05,290.59139999999996,0.5420850000000428
43.077999999999975,-0.0003407520000000136,289.5978,4.519806600000038
43.08800000000019,-0.00016296600000001438,287.6106,2.5309457999999267
43.097999999999956,-0.0003407520000000136,288.6042,4.519806600000038
43.108999999999924,0.00019260599999999795,287.6106,0.5420850000000428
43.11799999999994,-0.0003407520000000136,290.59139999999996,6.508667400000149
43.128000000000156,-0.0003407520000000136,289.5978,4.519806600000038
43.13799999999992,-0.0003407520000000136,289.5978,4.519806600000038
43.14800000000014,-0.0003407520000000136,289.5978,6.508667400000149
43.159000000000106,0.00037039200000001105,288.6042,-1.4467757999998412
43.16800000000012,1.4819999999998723e-05,290.59139999999996,2.5309457999999267
43.177999999999884,-0.0003407520000000136,286.61699999999996,4.519806600000038
43.1880000000001,-0.0003407520000000136,289.5978,4.519806600000038
43.19900000000007,0.00019260599999999795,289.5978,0.5420850000000428
43.208000000000084,-0.0005185379999999989,288.6042,4.519806600000038
43.21799999999985,-0.0005185379999999989,287.6106,4.519806600000038
43.228000000000065,-0.0003407520000000136,288.6042,4.519806600000038
43.23799999999983,-0.0003407520000000136,290.59139999999996,4.519806600000038
43.248999999999796,1.4819999999998723e-05,289.5978,2.5309457999999267
43.259000000000015,-0.00016296600000001438,288.6042,4.519806600000038
43.26900000000023,-0.00016296600000001438,290.59139999999996,4.519806600000038
43.278999999999996,-0.00016296600000001438,290.59139999999996,4.519806600000038
43.289000000000215,1.4819999999998723e-05,289.5978,2.5309457999999267
43.29899999999998,-0.00016296600000001438,288.6042,2.5309457999999267
43.3090000000002,1.4819999999998723e-05,291.585,2.5309457999999267
43.31899999999996,-0.00016296600000001438,288.6042,2.5309457999999267
43.32900000000018,-0.0003407520000000136,288.6042,4.519806600000038
43.33899999999994,1.4819999999998723e-05,287.6106,0.5420850000000428
43.34900000000016,-0.0003407520000000136,289.5978,4.519806600000038
43.358999999999924,1.4819999999998723e-05,290.59139999999996,2.5309457999999267
43.36900000000014,-0.00016296600000001438,290.59139999999996,4.519806600000038
43.378999999999905,0.00019260599999999795,288.6042,0.5420850000000428
43.389000000000124,-0.0003407520000000136,288.6042,4.519806600000038
43.39899999999989,-0.0003407520000000136,289.5978,4.519806600000038
43.409000000000106,-0.00016296600000001438,289.5978,2.5309457999999267
43.41899999999987,-0.00016296600000001438,289.5978,2.5309457999999267
43.42900000000009,1.4819999999998723e-05,288.6042,2.5309457999999267
43.43899999999985,-0.0003407520000000136,287.6106,2.5309457999999267
43.44900000000007,-0.00016296600000001438,290.59139999999996,4.519806600000038
43.45899999999983,-0.0005185379999999989,287.6106,4.519806600000038
43.46900000000005,0.00019260599999999795,290.59139999999996,0.5420850000000428
43.478999999999814,-0.0003407520000000136,290.59139999999996,6.508667400000149
43.48900000000003,-0.0003407520000000136,291.585,6.508667400000149
43.498999999999796,-0.0003407520000000136,289.5978,4.519806600000038
43.509000000000015,-0.0005185379999999989,289.5978,4.519806600000038
43.51900000000023,0.00037039200000001105,288.6042,-1.4467757999998412
43.528999999999996,-0.00016296600000001438,289.5978,4.519806600000038
43.539000000000215,-0.00016296600000001438,289.5978,4.519806600000038
43.54899999999998,-0.0003407520000000136,287.6106,2.5309457999999267
43.5590000000002,0.00037039200000001105,289.5978,2.5309457999999267
43.56899999999996,-0.00016296600000001438,287.6106,2.5309457999999267
43.57900000000018,-0.00016296600000001438,289.5978,4.519806600000038
43.58899999999994,-0.0003407520000000136,290.59139999999996,4.519806600000038
43.59900000000016,-0.00016296600000001438,290.59139999999996,4.519806600000038
43.608999999999924,1.4819999999998723e-05,287.6106,2.5309457999999267
43.61900000000014,-0.00016296600000001438,291.585,4.519806600000038
43.628999999999905,-0.00016296600000001438,291.585,6.508667400000149
43.639000000000124,-0.0003407520000000136,288.6042,4.519806600000038
43.64899999999989,1.4819999999998723e-05,288.6042,2.5309457999999267
43.659000000000106,-0.0003407520000000136,291.585,4.519806600000038
43.66899999999987,-0.0005185379999999989,290.59139999999996,4.519806600000038
43.67900000000009,-0.00016296600000001438,289.5978,4.519806600000038
43.68899999999985,-0.00016296600000001438,290.59139999999996,2.5309457999999267
43.69900000000007,1.4819999999998723e-05,288.6042,2.5309457999999267
43.70899999999983,-0.00016296600000001438,290.59139999999996,4.519806600000038
43.71900000000005,-0.00016296600000001438,288.6042,2.5309457999999267
43.728999999999814,1.4819999999998723e-05,289.5978,4.519806600000038
43.74000000000024,0.00019260599999999795,291.585,0.5420850000000428
43.748999999999796,-0.0003407520000000136,288.6042,2.5309457999999267
43.759000000000015,1.4819999999998723e-05,291.585,4.519806600000038
43.76900000000023,1.4819999999998723e-05,289.5978,4.519806600000038
43.778999999999996,1.4819999999998723e-05,289.5978,2.5309457999999267
43.789999999999964,1.4819999999998723e-05,287.6106,0.5420850000000428
43.79899999999998,-0.00016296600000001438,290.59139999999996,2.5309457999999267
43.8090000000002,-0.0005185379999999989,289.5978,4.519806600000038
43.81899999999996,-0.0003407520000000136,290.59139999999996,8.497528200000033
43.82999999999993,-0.0003407520000000136,285.6234,2.5309457999999267
43.83899999999994,-0.0003407520000000136,288.6042,4.519806600000038
43.84900000000016,-0.0003407520000000136,290.59139999999996,4.519806600000038
43.858999999999924,-0.0003407520000000136,289.5978,4.519806600000038
43.86999999999989,-0.0005185379999999989,286.61699999999996,2.5309457999999267
43.88000000000011,1.4819999999998723e-05,286.61699999999996,-1.4467757999998412
43.88999999999987,-0.0003407520000000136,288.6042,2.5309457999999267
43.90000000000009,-0.00016296600000001438,290.59139999999996,4.519806600000038
43.909999999999854,1.4819999999998723e-05,290.59139999999996,2.5309457999999267
43.92000000000007,0.00019260599999999795,288.6042,2.5309457999999267
43.929999999999836,1.4819999999998723e-05,292.5786,4.519806600000038
43.940000000000055,-0.0003407520000000136,289.5978,4.519806600000038
43.94999999999982,-0.00016296600000001438,289.5978,4.519806600000038
43.960000000000036,-0.0003407520000000136,289.5978,2.5309457999999267
43.9699999999998,0.00019260599999999795,289.5978,2.5309457999999267
43.98000000000002,-0.0003407520000000136,289.5978,4.519806600000038
43.99000000000024,-0.00016296600000001438,290.59139999999996,4.519806600000038
44.0,-0.0005185379999999989,290.59139999999996,6.508667400000149
44.01000000000022,1.4819999999998723e-05,289.5978,2.5309457999999267
44.01999999999998,-0.0003407520000000136,290.59139999999996,4.519806600000038
44.0300000000002,-0.0003407520000000136,286.61699999999996,4.519806600000038
44.039999999999964,-0.0003407520000000136,288.6042,2.5309457999999267
44.05000000000018,-0.00016296600000001438,288.6042,4.519806600000038
44.059999999999945,-0.00016296600000001438,290.59139999999996,2.5309457999999267
44.070000000000164,-0.0005185379999999989,289.5978,6.508667400000149
44.07999999999993,-0.0003407520000000136,291.585,6.508667400000149
44.090000000000146,-0.0005185379999999989,288.6042,4.519806600000038
44.09999999999991,0.00037039200000001105,292.5786,2.5309457999999267
44.11000000000013,-0.0005185379999999989,288.6042,6.508667400000149
44.11999999999989,-0.0003407520000000136,290.59139999999996,4.519806600000038
44.13000000000011,-0.0003407520000000136,290.59139999999996,4.519806600000038
44.13999999999987,-0.00016296600000001438,290.59139999999996,4.519806600000038
44.15000000000009,-0.00016296600000001438,288.6042,2.5309457999999267
44.159999999999854,-0.0003407520000000136,290.59139999999996,4.519806600000038
44.17000000000007,-0.0003407520000000136,288.6042,4.519806600000038
44.179999999999836,-0.0003407520000000136,290.59139999999996,6.508667400000149
44.190000000000055,-0.00016296600000001438,288.6042,2.5309457999999267
44.19999999999982,1.4819999999998723e-05,290.59139999999996,2.5309457999999267
44.210000000000036,-0.00016296600000001438,289.5978,4.519806600000038
44.2199999999998,-0.0003407520000000136,289.5978,4.519806600000038
44.240999999999985,1.4819999999998723e-05,287.6106,0.5420850000000428
44.25,-0.00016296600000001438,290.59139999999996,4.519806600000038
44.26000000000022,-0.00016296600000001438,291.585,4.519806600000038
44.26999999999998,-0.00016296600000001438,290.59139999999996,4.519806600000038
44.2800000000002,0.00019260599999999795,290.59139999999996,0.5420850000000428
44.289999999999964,-0.00016296600000001438,291.585,6.508667400000149
44.30000000000018,-0.0003407520000000136,290.59139999999996,6.508667400000149
44.309999999999945,-0.0003407520000000136,289.5978,4.519806600000038
44.320000000000164,-0.00016296600000001438,291.585,2.5309457999999267
44.32999999999993,-0.0005185379999999989,286.61699999999996,4.519806600000038
44.340000000000146,-0.0006963239999999982,287.6106,6.508667400000149
44.34999999999991,-0.0005185379999999989,288.6042,4.519806600000038
44.376000000000204,0.00019260599999999795,288.6042,-1.4467757999998412
44.38500000000022,1.4819999999998723e-05,289.5978,2.5309457999999267
44.39499999999998,-0.0003407520000000136,288.6042,4.519806600000038
44.403999999999996,0.00019260599999999795,291.585,2.5309457999999267
44.414000000000215,0.00019260599999999795,289.5978,0.5420850000000428
44.42399999999998,-0.0003407520000000136,290.59139999999996,4.519806600000038
44.43299999999999,-0.0003407520000000136,290.59139999999996,6.508667400000149
44.44300000000021,-0.0003407520000000136,288.6042,2.5309457999999267
44.452999999999975,-0.0005185379999999989,287.6106,4.519806600000038
44.46199999999999,1.4819999999998723e-05,286.61699999999996,0.5420850000000428
44.47200000000021,-0.0003407520000000136,291.585,4.519806600000038
44.48199999999997,-0.0005185379999999989,291.585,6.508667400000149
44.501000000000204,-0.0003407520000000136,288.6042,4.519806600000038
44.51099999999997,1.4819999999998723e-05,289.5978,2.5309457999999267
44.521000000000186,-0.00016296600000001438,288.6042,2.5309457999999267
44.53099999999995,-0.0003407520000000136,289.5978,4.519806600000038
44.54100000000017,-0.00016296600000001438,290.59139999999996,4.519806600000038
44.55099999999993,-0.00016296600000001438,292.5786,4.519806600000038
44.56100000000015,-0.00016296600000001438,289.5978,4.519806600000038
44.57099999999991,-0.00016296600000001438,289.5978,2.5309457999999267
44.59999999999991,1.4819999999998723e-05,286.61699999999996,0.5420850000000428
44.61000000000013,-0.00016296600000001438,291.585,4.519806600000038
44.61900000000014,1.4819999999998723e-05,289.5978,2.5309457999999267
44.628999999999905,1.4819999999998723e-05,291.585,2.5309457999999267
44.639000000000124,-0.00016296600000001438,287.6106,0.5420850000000428
44.64800000000014,-0.00016296600000001438,289.5978,2.5309457999999267
44.6579999999999,-0.0005185379999999989,289.5978,4.519806600000038
44.666999999999916,-0.00016296600000001438,289.5978,4.519806600000038
44.677000000000135,-0.00016296600000001438,290.59139999999996,4.519806600000038
44.6869999999999,-0.00016296600000001438,286.61699999999996,0.5420850000000428
44.69599999999991,-0.00016296600000001438,289.5978,2.5309457999999267
44.70600000000013,-0.0005185379999999989,288.6042,6.508667400000149
44.715999999999894,-0.00016296600000001438,290.59139999999996,6.508667400000149
44.72499999999991,1.4819999999998723e-05,291.585,4.519806600000038
44.73500000000013,-0.00016296600000001438,287.6106,-1.4467757999998412
44.74499999999989,-0.00016296600000001438,289.5978,4.519806600000038
44.753999999999905,-0.0005185379999999989,289.5978,4.519806600000038
44.764000000000124,1.4819999999998723e-05,291.585,2.5309457999999267
44.77399999999989,0.00019260599999999795,289.5978,0.5420850000000428
44.7829999999999,1.4819999999998723e-05,288.6042,2.5309457999999267
44.79300000000012,-0.00016296600000001438,291.585,4.519806600000038
44.802000000000135,-0.00016296600000001438,288.6042,2.5309457999999267
44.8119999999999,-0.0005185379999999989,288.6042,4.519806600000038
44.83100000000013,1.4819999999998723e-05,291.585,2.5309457999999267
44.840999999999894,1.4819999999998723e-05,291.585,2.5309457999999267
44.85100000000011,-0.00016296600000001438,289.5978,4.519806600000038
44.860999999999876,1.4819999999998723e-05,289.5978,2.5309457999999267
44.871000000000095,-0.0003407520000000136,289.5978,2.5309457999999267
44.88099999999986,-0.0003407520000000136,290.59139999999996,4.519806600000038
44.891000000000076,-0.00016296600000001438,290.59139999999996,4.519806600000038
44.90099999999984,1.4819999999998723e-05,290.59139999999996,4.519806600000038
44.91100000000006,1.4819999999998723e-05,289.5978,2.5309457999999267
44.92099999999982,0.00019260599999999795,290.59139999999996,2.5309457999999267
44.93100000000004,-0.0003407520000000136,289.5978,4.519806600000038
44.9409999999998,-0.0003407520000000136,288.6042,4.519806600000038
44.95100000000002,0.00019260599999999795,292.5786,4.519806600000038
44.96100000000024,-0.00016296600000001438,287.6106,4.519806600000038
44.971000000000004,1.4819999999998723e-05,290.59139999999996,4.519806600000038
44.98100000000022,-0.00016296600000001438,288.6042,4.519806600000038
44.990999999999985,-0.0003407520000000136,290.59139999999996,2.5309457999999267
45.00199999999995,1.4819999999998723e-05,285.6234,0.5420850000000428
45.01099999999997,-0.00016296600000001438,289.5978,2.5309457999999267
45.021000000000186,-0.0003407520000000136,291.585,4.519806600000038
45.03099999999995,-0.00016296600000001438,290.59139999999996,4.519806600000038
45.041999999999916,1.4819999999998723e-05,289.5978,2.5309457999999267
45.05099999999993,1.4819999999998723e-05,291.585,2.5309457999999267
45.06100000000015,-0.00016296600000001438,289.5978,2.5309457999999267
45.07099999999991,-0.0003407520000000136,290.59139999999996,6.508667400000149
45.08100000000013,-0.00016296600000001438,292.5786,4.519806600000038
45.0920000000001,-0.0003407520000000136,286.61699999999996,0.5420850000000428
45.10100000000011,-0.00016296600000001438,290.59139999999996,4.519806600000038
45.110999999999876,1.4819999999998723e-05,290.59139999999996,4.519806600000038
45.121000000000095,1.4819999999998723e-05,290.59139999999996,4.519806600000038
45.13200000000006,1.4819999999998723e-05,290.59139999999996,2.5309457999999267
45.141999999999825,1.4819999999998723e-05,288.6042,4.519806600000038
45.152000000000044,-0.00016296600000001438,291.585,4.519806600000038
45.16199999999981,1.4819999999998723e-05,290.59139999999996,4.519806600000038
45.172000000000025,-0.00016296600000001438,289.5978,2.5309457999999267
45.18199999999979,0.00019260599999999795,287.6106,0.5420850000000428
45.19200000000001,-0.0003407520000000136,289.5978,4.519806600000038
45.202000000000226,1.4819999999998723e-05,292.5786,4.519806600000038
45.21199999999999,-0.00016296600000001438,291.585,2.5309457999999267
45.22200000000021,0.00019260599999999795,288.6042,2.5309457999999267
45.23199999999997,-0.00016296600000001438,288.6042,4.519806600000038
45.24200000000019,-0.0003407520000000136,290.59139999999996,4.519806600000038
45.25199999999995,-0.0003407520000000136,289.5978,6.508667400000149
45.26200000000017,-0.0003407520000000136,287.6106,4.519806600000038
45.271999999999935,1.4819999999998723e-05,288.6042,2.5309457999999267
45.28200000000015,-0.00016296600000001438,288.6042,4.519806600000038
45.291999999999916,-0.0003407520000000136,290.59139999999996,4.519806600000038
45.302000000000135,-0.0003407520000000136,288.6042,2.5309457999999267
45.3119999999999,-0.00016296600000001438,290.59139999999996,4.519806600000038
45.322000000000116,-0.0003407520000000136,288.6042,2.5309457999999267
45.33199999999988,-0.0005185379999999989,289.5978,4.519806600000038
45.3420000000001,-0.00016296600000001438,290.59139999999996,4.519806600000038
45.35199999999986,-0.0003407520000000136,289.5978,4.519806600000038
45.36200000000008,1.4819999999998723e-05,289.5978,0.5420850000000428
45.371999999999844,-0.00016296600000001438,290.59139999999996,4.519806600000038
45.38200000000006,1.4819999999998723e-05,290.59139999999996,2.5309457999999267
45.391999999999825,-0.00016296600000001438,291.585,6.508667400000149
45.402000000000044,0.00019260599999999795,292.5786,0.5420850000000428
45.41199999999981,1.4819999999998723e-05,289.5978,4.519806600000038
45.422000000000025,-0.0003407520000000136,288.6042,4.519806600000038
45.43199999999979,-0.0005185379999999989,286.61699999999996,4.519806600000038
45.44200000000001,-0.00016296600000001438,290.59139999999996,4.519806600000038
45.452000000000226,1.4819999999998723e-05,289.5978,2.5309457999999267
45.46199999999999,-0.0003407520000000136,288.6042,6.508667400000149
45.47200000000021,-0.0003407520000000136,289.5978,2.5309457999999267
45.48199999999997,-0.00016296600000001438,290.59139999999996,4.519806600000038
45.49200000000019,0.00019260599999999795,290.59139999999996,2.5309457999999267
45.50199999999995,1.4819999999998723e-05,291.585,4.519806600000038
45.51200000000017,-0.00016296600000001438,290.59139999999996,4.519806600000038
45.521999999999935,-0.00016296600000001438,290.59139999999996,4.519806600000038
45.53200000000015,-0.00016296600000001438,290.59139999999996,4.519806600000038
45.541999999999916,0.00019260599999999795,287.6106,0.5420850000000428
45.552000000000135,-0.0005185379999999989,288.6042,4.519806600000038
45.5619999999999,-0.00016296600000001438,289.5978,4.519806600000038
45.572000000000116,-0.0003407520000000136,289.5978,4.519806600000038
45.58199999999988,1.4819999999998723e-05,288.6042,2.5309457999999267
45.5920000000001,-0.0005185379999999989,290.59139999999996,6.508667400000149
45.60199999999986,-0.00016296600000001438,289.5978,4.519806600000038
45.61200000000008,-0.0003407520000000136,287.6106,4.519806600000038
45.621999999999844,1.4819999999998723e-05,289.5978,4.519806600000038
45.63299999999981,0.00019260599999999795,289.5978,0.5420850000000428
45.641999999999825,-0.0003407520000000136,288.6042,4.519806600000038
45.652000000000044,-0.0003407520000000136,288.6042,4.519806600000038
45.66199999999981,-0.00016296600000001438,289.5978,4.519806600000038
45.67300000000023,1.4819999999998723e-05,288.6042,2.5309457999999267
45.68199999999979,1.4819999999998723e-05,290.59139999999996,2.5309457999999267
45.69200000000001,-0.00016296600000001438,288.6042,2.5309457999999267
45.702000000000226,-0.0005185379999999989,288.6042,4.519806600000038
45.71199999999999,-0.00016296600000001438,289.5978,4.519806600000038
45.722999999999956,0.00037039200000001105,291.585,2.5309457999999267
45.73199999999997,1.4819999999998723e-05,291.585,2.5309457999999267
45.74200000000019,-0.00016296600000001438,290.59139999999996,6.508667400000149
45.75199999999995,-0.0003407520000000136,289.5978,4.519806600000038
45.76299999999992,0.00019260599999999795,290.59139999999996,2.5309457999999267
45.77300000000014,-0.0003407520000000136,287.6106,4.519806600000038
45.7829999999999,-0.00016296600000001438,289.5978,4.519806600000038
45.79300000000012,-0.00016296600000001438,291.585,6.508667400000149
45.802999999999884,-0.00016296600000001438,290.59139999999996,4.519806600000038
45.8130000000001,0.00019260599999999795,290.59139999999996,2.5309457999999267
45.822999999999865,-0.0003407520000000136,290.59139999999996,4.519806600000038
45.833000000000084,1.4819999999998723e-05,289.5978,2.5309457999999267
45.84299999999985,-0.00016296600000001438,291.585,4.519806600000038
45.86000000000013,1.4819999999998723e-05,286.61699999999996,0.5420850000000428
45.86999999999989,-0.0003407520000000136,291.585,4.519806600000038
45.878999999999905,-0.0003407520000000136,288.6042,2.5309457999999267
45.889000000000124,-0.0003407520000000136,290.59139999999996,4.519806600000038
45.89899999999989,-0.00016296600000001438,290.59139999999996,2.5309457999999267
45.9079999999999,-0.0003407520000000136,290.59139999999996,4.519806600000038
45.91800000000012,-0.0003407520000000136,289.5978,4.519806600000038
45.927999999999884,-0.0003407520000000136,289.5978,4.519806600000038
45.9369999999999,-0.00016296600000001438,288.6042,2.5309457999999267
45.947000000000116,1.4819999999998723e-05,290.59139999999996,0.5420850000000428
45.95600000000013,-0.00016296600000001438,290.59139999999996,4.519806600000038
45.965999999999894,-0.0003407520000000136,289.5978,4.519806600000038
45.97600000000011,-0.0008741100000000113,286.61699999999996,6.508667400000149
45.98500000000013,-0.0003407520000000136,290.59139999999996,6.508667400000149
45.99499999999989,-0.00016296600000001438,285.6234,-1.4467757999998412
46.00500000000011,1.4819999999998723e-05,289.5978,4.519806600000038
46.014000000000124,-0.00016296600000001438,290.59139999999996,4.519806600000038
46.02399999999989,-0.0005185379999999989,286.61699999999996,6.508667400000149
46.04300000000012,-0.00016296600000001438,289.5978,2.5309457999999267
46.052999999999884,-0.0003407520000000136,289.5978,2.5309457999999267
46.0630000000001,-0.00016296600000001438,290.59139999999996,4.519806600000038
46.072999999999865,-0.0003407520000000136,290.59139999999996,4.519806600000038
46.083000000000084,1.4819999999998723e-05,288.6042,0.5420850000000428
46.09299999999985,-0.0003407520000000136,289.5978,4.519806600000038
46.103000000000065,1.4819999999998723e-05,288.6042,2.5309457999999267
46.11299999999983,-0.0003407520000000136,286.61699999999996,2.5309457999999267
46.12300000000005,-0.0005185379999999989,289.5978,4.519806600000038
46.13299999999981,-0.0003407520000000136,289.5978,4.519806600000038
46.14300000000003,-0.00016296600000001438,290.59139999999996,6.508667400000149
46.17500000000018,-0.0003407520000000136,287.6106,2.5309457999999267
46.184999999999945,-0.0005185379999999989,289.5978,4.519806600000038
46.19399999999996,-0.00016296600000001438,289.5978,4.519806600000038
46.21399999999994,-0.00016296600000001438,289.5978,4.519806600000038
46.222999999999956,1.4819999999998723e-05,289.5978,4.519806600000038
46.233000000000175,-0.00016296600000001438,289.5978,4.519806600000038
46.24299999999994,-0.0003407520000000136,289.5978,4.519806600000038
46.253000000000156,-0.0003407520000000136,288.6042,4.519806600000038
46.264000000000124,1.4819999999998723e-05,287.6106,0.5420850000000428
46.27300000000014,-0.0003407520000000136,288.6042,4.519806600000038
46.2829999999999,-0.0003407520000000136,288.6042,4.519806600000038
46.29300000000012,-0.0003407520000000136,292.5786,6.508667400000149
46.30400000000009,1.4819999999998723e-05,287.6106,0.5420850000000428
46.3130000000001,-0.0003407520000000136,289.5978,4.519806600000038
46.322999999999865,-0.00016296600000001438,289.5978,4.519806600000038
46.333000000000084,-0.0003407520000000136,289.5978,6.508667400000149
46.34299999999985,-0.0005185379999999989,288.6042,4.519806600000038
46.353999999999814,1.4819999999998723e-05,288.6042,2.5309457999999267
46.36299999999983,-0.00016296600000001438,289.5978,4.519806600000038
46.37300000000005,-0.00016296600000001438,289.5978,2.5309457999999267
46.384000000000015,-0.0005185379999999989,290.59139999999996,4.519806600000038
46.39400000000023,-0.00016296600000001438,288.6042,2.5309457999999267
46.403999999999996,-0.0003407520000000136,291.585,4.519806600000038
46.414000000000215,-0.0003407520000000136,289.5978,6.508667400000149
46.42399999999998,-0.0003407520000000136,289.5978,2.5309457999999267
46.4340000000002,-0.0005185379999999989,288.6042,4.519806600000038
46.44599999999991,-0.00016296600000001438,286.61699999999996,0.5420850000000428
46.45600000000013,-0.0003407520000000136,287.6106,4.519806600000038
46.465000000000146,-0.00016296600000001438,290.59139999999996,4.519806600000038
46.47499999999991,-0.0003407520000000136,290.59139999999996,4.519806600000038
46.483999999999924,1.4819999999998723e-05,289.5978,2.5309457999999267
46.503999999999905,-0.00016296600000001438,290.59139999999996,2.5309457999999267
46.514000000000124,-0.0003407520000000136,288.6042,4.519806600000038
46.52399999999989,-0.00016296600000001438,290.59139999999996,4.519806600000038
46.534000000000106,1.4819999999998723e-05,288.6042,0.5420850000000428
46.54399999999987,-0.0003407520000000136,288.6042,4.519806600000038
46.55400000000009,-0.0003407520000000136,289.5978,6.508667400000149
46.56399999999985,-0.00016296600000001438,289.5978,4.519806600000038
46.57400000000007,1.4819999999998723e-05,288.6042,0.5420850000000428
46.58399999999983,-0.0003407520000000136,289.5978,4.519806600000038
46.59400000000005,-0.00016296600000001438,291.585,2.5309457999999267
46.603999999999814,-0.00016296600000001438,290.59139999999996,4.519806600000038
46.61400000000003,1.4819999999998723e-05,290.59139999999996,4.519806600000038
46.623999999999796,0.00019260599999999795,289.5978,0.5420850000000428
46.634000000000015,1.4819999999998723e-05,292.5786,4.519806600000038
46.64400000000023,-0.0003407520000000136,290.59139999999996,4.519806600000038
46.653999999999996,-0.0003407520000000136,289.5978,4.519806600000038
46.664000000000215,0.00019260599999999795,289.5978,2.5309457999999267
46.67399999999998,-0.00016296600000001438,289.5978,4.519806600000038
46.6840000000002,1.4819999999998723e-05,291.585,4.519806600000038
46.69399999999996,1.4819999999998723e-05,289.5978,2.5309457999999267
46.70400000000018,-0.00016296600000001438,292.5786,4.519806600000038
46.71399999999994,1.4819999999998723e-05,288.6042,0.5420850000000428
46.72400000000016,-0.00016296600000001438,290.59139999999996,4.519806600000038
46.733999999999924,1.4819999999998723e-05,289.5978,2.5309457999999267
46.74400000000014,-0.0003407520000000136,288.6042,2.5309457999999267
46.753999999999905,1.4819999999998723e-05,288.6042,2.5309457999999267
46.764000000000124,-0.00016296600000001438,290.59139999999996,4.519806600000038
46.77399999999989,-0.00016296600000001438,288.6042,2.5309457999999267
46.784000000000106,-0.00016296600000001438,290.59139999999996,4.519806600000038
46.79399999999987,-0.00016296600000001438,292.5786,4.519806600000038
46.80400000000009,0.00019260599999999795,286.61699999999996,0.5420850000000428
46.81399999999985,-0.0003407520000000136,289.5978,4.519806600000038
46.82400000000007,-0.0003407520000000136,287.6106,4.519806600000038
46.83399999999983,-0.0003407520000000136,289.5978,4.519806600000038
46.84400000000005,0.00019260599999999795,290.59139999999996,0.5420850000000428
46.853999999999814,-0.00016296600000001438,291.585,4.519806600000038
46.86400000000003,-0.0003407520000000136,288.6042,4.519806600000038
46.873999999999796,-0.0003407520000000136,289.5978,4.519806600000038
46.884000000000015,1.4819999999998723e-05,289.5978,4.519806600000038
46.89499999999998,-0.00016296600000001438,287.6106,-1.4467757999998412
46.903999999999996,-0.0003407520000000136,289.5978,4.519806600000038
46.914000000000215,-0.0003407520000000136,291.585,6.508667400000149
46.92399999999998,-0.0005185379999999989,289.5978,6.508667400000149
46.934999999999945,1.4819999999998723e-05,289.5978,2.5309457999999267
46.94399999999996,-0.00016296600000001438,289.5978,4.519806600000038
46.95400000000018,-0.00016296600000001438,289.5978,4.519806600000038
46.96399999999994,-0.00016296600000001438,290.59139999999996,6.508667400000149
46.97499999999991,-0.0003407520000000136,291.585,6.508667400000149
46.98500000000013,1.4819999999998723e-05,288.6042,0.5420850000000428
46.99400000000014,1.4819999999998723e-05,291.585,4.519806600000038
47.003999999999905,1.4819999999998723e-05,288.6042,4.519806600000038
47.01499999999987,-0.00016296600000001438,293.5722,4.519806600000038
47.02500000000009,0.00019260599999999795,291.585,2.5309457999999267
47.034999999999854,-0.00016296600000001438,289.5978,4.519806600000038
47.04500000000007,-0.00016296600000001438,291.585,4.519806600000038
47.054999999999836,-0.0003407520000000136,290.59139999999996,4.519806600000038
47.065000000000055,1.4819999999998723e-05,289.5978,2.5309457999999267
47.07499999999982,1.4819999999998723e-05,288.6042,2.5309457999999267
47.085000000000036,-0.0005185379999999989,287.6106,6.508667400000149
47.0949999999998,-0.00016296600000001438,291.585,6.508667400000149
47.10500000000002,-0.00016296600000001438,289.5978,6.508667400000149
47.11500000000024,0.00019260599999999795,292.5786,0.5420850000000428
47.125,-0.00016296600000001438,292.5786,6.508667400000149
47.13500000000022,-0.0005185379999999989,289.5978,4.519806600000038
47.14499999999998,-0.00016296600000001438,291.585,6.508667400000149
47.1550000000002,-0.0005185379999999989,290.59139999999996,4.519806600000038
47.164999999999964,0.00019260599999999795,286.61699999999996,-1.4467757999998412
47.17500000000018,-0.00016296600000001438,289.5978,4.519806600000038
47.184999999999945,-0.0005185379999999989,286.61699999999996,4.519806600000038
47.195000000000164,-0.0005185379999999989,288.6042,4.519806600000038
47.20499999999993,0.00037039200000001105,290.59139999999996,2.5309457999999267
47.215000000000146,1.4819999999998723e-05,291.585,4.519806600000038
47.22499999999991,-0.00016296600000001438,290.59139999999996,4.519806600000038
47.23500000000013,-0.0003407520000000136,287.6106,4.519806600000038
47.24499999999989,1.4819999999998723e-05,289.5978,2.5309457999999267
47.25500000000011,-0.00016296600000001438,287.6106,2.5309457999999267
47.26499999999987,-0.0003407520000000136,290.59139999999996,4.519806600000038
47.27500000000009,1.4819999999998723e-05,291.585,4.519806600000038
47.284999999999854,1.4819999999998723e-05,290.59139999999996,4.519806600000038
47.29500000000007,0.00019260599999999795,291.585,2.5309457999999267
47.304999999999836,-0.00016296600000001438,289.5978,4.519806600000038
47.315000000000055,1.4819999999998723e-05,290.59139999999996,2.5309457999999267
47.32499999999982,1.4819999999998723e-05,291.585,4.519806600000038
47.335000000000036,-0.0003407520000000136,290.59139999999996,6.508667400000149
47.3449999999998,-0.00016296600000001438,284.6298,0.5420850000000428
47.35500000000002,-0.00016296600000001438,289.5978,2.5309457999999267
47.36500000000024,-0.0003407520000000136,288.6042,4.519806600000038
47.375,-0.0003407520000000136,290.59139999999996,4.519806600000038
47.38500000000022,-0.00016296600000001438,287.6106,2.5309457999999267
47.39499999999998,-0.0005185379999999989,288.6042,4.519806600000038
47.4050000000002,-0.00016296600000001438,290.59139999999996,4.519806600000038
47.414999999999964,-0.00016296600000001438,290.59139999999996,4.519806600000038
47.42500000000018,-0.00016296600000001438,288.6042,2.5309457999999267
47.434999999999945,1.4819999999998723e-05,290.59139999999996,0.5420850000000428
47.445000000000164,-0.00016296600000001438,289.5978,4.519806600000038
47.45499999999993,-0.0003407520000000136,288.6042,4.519806600000038
47.465000000000146,0.00037039200000001105,292.5786,2.5309457999999267
47.47600000000011,0.00019260599999999795,290.59139999999996,2.5309457999999267
47.48500000000013,-0.0003407520000000136,290.59139999999996,6.508667400000149
47.49499999999989,-0.0003407520000000136,290.59139999999996,4.519806600000038
47.50500000000011,-0.00016296600000001438,292.5786,4.519806600000038
47.51499999999987,-0.0003407520000000136,288.6042,4.519806600000038
47.52500000000009,1.4819999999998723e-05,289.5978,0.5420850000000428
47.534999999999854,-0.00016296600000001438,290.59139999999996,4.519806600000038
47.54500000000007,-0.0005185379999999989,287.6106,4.519806600000038
47.554999999999836,-0.0003407520000000136,289.5978,4.519806600000038
47.5659999999998,0.00019260599999999795,289.5978,2.5309457999999267
47.57499999999982,-0.00016296600000001438,289.5978,2.5309457999999267
47.585000000000036,1.4819999999998723e-05,291.585,4.519806600000038
47.5949999999998,-0.00016296600000001438,289.5978,4.519806600000038
47.60600000000022,-0.0005185379999999989,287.6106,4.519806600000038
47.615999999999985,0.00037039200000001105,290.59139999999996,0.5420850000000428
47.625,-0.00016296600000001438,288.6042,2.5309457999999267
47.63599999999997,-0.0003407520000000136,288.6042,4.519806600000038
47.646000000000186,-0.0003407520000000136,287.6106,2.5309457999999267
47.65599999999995,1.4819999999998723e-05,288.6042,0.5420850000000428
47.66600000000017,-0.00016296600000001438,288.6042,4.519806600000038
47.67599999999993,-0.00016296600000001438,290.59139999999996,4.519806600000038
47.68600000000015,1.4819999999998723e-05,290.59139999999996,4.519806600000038
47.69599999999991,-0.00016296600000001438,292.5786,6.508667400000149
47.70600000000013,0.00019260599999999795,291.585,0.5420850000000428
47.715999999999894,-0.00016296600000001438,291.585,4.519806600000038
47.72600000000011,-0.00016296600000001438,290.59139999999996,4.519806600000038
47.735999999999876,-0.0003407520000000136,290.59139999999996,6.508667400000149
47.746000000000095,-0.00016296600000001438,287.6106,2.5309457999999267
47.75599999999986,-0.0003407520000000136,289.5978,2.5309457999999267
47.766000000000076,1.4819999999998723e-05,292.5786,4.519806600000038
47.77599999999984,-0.0003407520000000136,288.6042,4.519806600000038
47.79500000000007,1.4819999999998723e-05,287.6106,0.5420850000000428
47.804999999999836,-0.0005185379999999989,292.5786,4.519806600000038
47.81399999999985,-0.0003407520000000136,289.5978,2.5309457999999267
47.82400000000007,-0.0003407520000000136,289.5978,6.508667400000149
47.83399999999983,0.00037039200000001105,290.59139999999996,0.5420850000000428
47.84299999999985,-0.0003407520000000136,289.5978,4.519806600000038
47.853000000000065,-0.0003407520000000136,291.585,2.5309457999999267
47.86299999999983,-0.0005185379999999989,292.5786,8.497528200000033
47.871999999999844,-0.0005185379999999989,288.6042,4.519806600000038
47.88200000000006,-0.00016296600000001438,287.6106,0.5420850000000428
47.891999999999825,-0.0005185379999999989,287.6106,4.519806600000038
47.90099999999984,-0.00016296600000001438,289.5978,4.519806600000038
47.91100000000006,-0.00016296600000001438,289.5978,4.519806600000038
47.92000000000007,-0.0003407520000000136,289.5978,4.519806600000038
47.929999999999836,-0.00016296600000001438,287.6106,0.5420850000000428
47.940000000000055,-0.00016296600000001438,290.59139999999996,4.519806600000038
47.94900000000007,-0.0003407520000000136,289.5978,4.519806600000038
47.95899999999983,-0.00016296600000001438,292.5786,4.519806600000038
47.96900000000005,0.00019260599999999795,288.6042,2.5309457999999267
47.978000000000065,-0.0003407520000000136,290.59139999999996,4.519806600000038
47.98799999999983,-0.0003407520000000136,290.59139999999996,4.519806600000038
47.996999999999844,-0.00016296600000001438,292.5786,4.519806600000038
48.00700000000006,-0.0003407520000000136,290.59139999999996,6.508667400000149
48.02599999999984,-0.00016296600000001438,291.585,4.519806600000038
48.03600000000006,-0.00016296600000001438,288.6042,4.519806600000038
48.04599999999982,-0.0003407520000000136,289.5978,4.519806600000038
48.05600000000004,-0.00016296600000001438,290.59139999999996,0.5420850000000428
48.0659999999998,0.00019260599999999795,289.5978,2.5309457999999267
48.07600000000002,-0.0003407520000000136,289.5978,4.519806600000038
48.08600000000024,-0.0003407520000000136,289.5978,6.508667400000149
48.096000000000004,-0.0003407520000000136,288.6042,2.5309457999999267
48.10699999999997,0.00037039200000001105,291.585,2.5309457999999267
48.115999999999985,1.4819999999998723e-05,289.5978,4.519806600000038
48.126000000000204,-0.0003407520000000136,289.5978,4.519806600000038
48.13599999999997,-0.00016296600000001438,290.59139999999996,4.519806600000038
48.146000000000186,1.4819999999998723e-05,290.59139999999996,4.519806600000038
48.15700000000015,-0.00016296600000001438,290.59139999999996,2.5309457999999267
48.16600000000017,0.00019260599999999795,292.5786,4.519806600000038
48.17599999999993,-0.0003407520000000136,286.61699999999996,4.519806600000038
48.18600000000015,-0.00016296600000001438,290.59139999999996,4.519806600000038
48.197000000000116,-0.00016296600000001438,288.6042,2.5309457999999267
48.20600000000013,-0.00016296600000001438,290.59139999999996,4.519806600000038
48.215999999999894,-0.0003407520000000136,291.585,6.508667400000149
48.22600000000011,-0.00016296600000001438,289.5978,6.508667400000149
48.23700000000008,1.4819999999998723e-05,292.5786,2.5309457999999267
48.246999999999844,1.4819999999998723e-05,289.5978,4.519806600000038
48.25599999999986,-0.00016296600000001438,289.5978,4.519806600000038
48.266999999999825,-0.0003407520000000136,289.5978,4.519806600000038
48.277000000000044,-0.0005185379999999989,289.5978,2.5309457999999267
48.28699999999981,0.00037039200000001105,289.5978,0.5420850000000428
48.297000000000025,-0.00016296600000001438,291.585,6.508667400000149
48.30699999999979,1.4819999999998723e-05,290.59139999999996,4.519806600000038
48.31700000000001,-0.00016296600000001438,289.5978,4.519806600000038
48.327000000000226,-0.00016296600000001438,290.59139999999996,4.519806600000038
48.33699999999999,0.00019260599999999795,291.585,2.5309457999999267
48.34700000000021,-0.0005185379999999989,288.6042,4.519806600000038
48.35699999999997,1.4819999999998723e-05,290.59139999999996,4.519806600000038
48.36700000000019,-0.0005185379999999989,290.59139999999996,4.519806600000038
48.37699999999995,0.00019260599999999795,290.59139999999996,2.5309457999999267
48.38700000000017,-0.0005185379999999989,287.6106,4.519806600000038
48.396999999999935,-0.0003407520000000136,289.5978,4.519806600000038
48.40700000000015,-0.0003407520000000136,287.6106,2.5309457999999267
48.416999999999916,1.4819999999998723e-05,289.5978,2.5309457999999267
48.427000000000135,-0.0003407520000000136,289.5978,4.519806600000038
48.4369999999999,-0.0005185379999999989,289.5978,6.508667400000149
48.447000000000116,-0.0003407520000000136,290.59139999999996,6.508667400000149
48.45699999999988,-0.0003407520000000136,287.6106,4.519806600000038
48.4670000000001,0.00037039200000001105,292.5786,0.5420850000000428
48.47699999999986,-0.0005185379999999989,287.6106,4.519806600000038
48.48700000000008,1.4819999999998723e-05,290.59139999999996,2.5309457999999267
48.496999999999844,1.4819999999998723e-05,289.5978,4.519806600000038
48.50700000000006,0.00019260599999999795,291.585,2.5309457999999267
48.516999999999825,-0.0003407520000000136,286.61699999999996,2.5309457999999267
48.527000000000044,1.4819999999998723e-05,289.5978,2.5309457999999267
48.53699999999981,-0.0003407520000000136,292.5786,4.519806600000038
48.547000000000025,-0.00016296600000001438,289.5978,4.519806600000038
48.55699999999979,1.4819999999998723e-05,290.59139999999996,4.519806600000038
48.56700000000001,-0.00016296600000001438,290.59139999999996,2.5309457999999267
48.577000000000226,-0.0003407520000000136,284.6298,0.5420850000000428
48.58699999999999,1.4819999999998723e-05,291.585,4.519806600000038
48.59700000000021,-0.00016296600000001438,288.6042,2.5309457999999267
48.60699999999997,-0.00016296600000001438,286.61699999999996,2.5309457999999267
48.61700000000019,-0.00016296600000001438,290.59139999999996,4.519806600000038
48.62699999999995,-0.00016296600000001438,290.59139999999996,4.519806600000038
48.63700000000017,1.4819999999998723e-05,289.5978,2.5309457999999267
48.646999999999935,-0.00016296600000001438,287.6106,2.5309457999999267
48.65700000000015,-0.00016296600000001438,291.585,2.5309457999999267
48.666999999999916,-0.0003407520000000136,290.59139999999996,4.519806600000038
48.677000000000135,-0.0003407520000000136,289.5978,4.519806600000038
48.6869999999999,1.4819999999998723e-05,291.585,2.5309457999999267
48.697000000000116,-0.00016296600000001438,288.6042,2.5309457999999267
48.70699999999988,-0.00016296600000001438,288.6042,4.519806600000038
48.7170000000001,-0.00016296600000001438,289.5978,2.5309457999999267
48.72699999999986,-0.00016296600000001438,291.585,6.508667400000149
48.73799999999983,-0.00016296600000001438,287.6106,0.5420850000000428
48.746999999999844,-0.0003407520000000136,287.6106,4.519806600000038
48.75700000000006,-0.00016296600000001438,289.5978,4.519806600000038
48.766999999999825,-0.0003407520000000136,289.5978,4.519806600000038
48.777000000000044,-0.00016296600000001438,288.6042,0.5420850000000428
48.78699999999981,-0.00016296600000001438,292.5786,4.519806600000038
48.797000000000025,-0.00016296600000001438,292.5786,4.519806600000038
48.80699999999979,-0.00016296600000001438,290.59139999999996,4.519806600000038
48.81700000000001,-0.00016296600000001438,289.5978,4.519806600000038
48.827999999999975,-0.00016296600000001438,285.6234,2.5309457999999267
48.83699999999999,-0.0003407520000000136,288.6042,4.519806600000038
48.84700000000021,-0.0003407520000000136,288.6042,4.519806600000038
48.85699999999997,-0.0003407520000000136,290.59139999999996,6.508667400000149
48.86799999999994,-0.0005185379999999989,287.6106,2.5309457999999267
48.878000000000156,1.4819999999998723e-05,288.6042,4.519806600000038
48.88799999999992,-0.0003407520000000136,290.59139999999996,4.519806600000038
48.89800000000014,-0.00016296600000001438,288.6042,4.519806600000038
48.9079999999999,-0.0003407520000000136,289.5978,6.508667400000149
48.91800000000012,0.00019260599999999795,291.585,2.5309457999999267
48.927999999999884,-0.00016296600000001438,290.59139999999996,4.519806600000038
48.9380000000001,-0.0005185379999999989,291.585,6.508667400000149
48.947999999999865,-0.0003407520000000136,289.5978,4.519806600000038
48.958000000000084,0.00019260599999999795,289.5978,0.5420850000000428
48.96799999999985,-0.00016296600000001438,290.59139999999996,4.519806600000038
48.978000000000065,-0.00016296600000001438,290.59139999999996,4.519806600000038
48.98799999999983,-0.00016296600000001438,290.59139999999996,6.508667400000149
48.99800000000005,-0.0003407520000000136,288.6042,4.519806600000038
49.00799999999981,0.00019260599999999795,288.6042,0.5420850000000428
49.01800000000003,-0.0003407520000000136,289.5978,6.508667400000149
49.02799999999979,-0.0003407520000000136,289.5978,4.519806600000038
49.03800000000001,-0.0006963239999999982,286.61699999999996,4.519806600000038
49.04800000000023,0.00019260599999999795,288.6042,0.5420850000000428
49.05799999999999,-0.00016296600000001438,291.585,6.508667400000149
49.06800000000021,-0.0003407520000000136,289.5978,6.508667400000149
49.077999999999975,-0.0005185379999999989,290.59139999999996,6.508667400000149
49.08800000000019,-0.00016296600000001438,289.5978,2.5309457999999267
49.097999999999956,0.00037039200000001105,289.5978,0.5420850000000428
49.108000000000175,-0.00016296600000001438,291.585,4.519806600000038
49.11799999999994,-0.00016296600000001438,290.59139999999996,2.5309457999999267
49.128000000000156,-0.00016296600000001438,290.59139999999996,4.519806600000038
49.13799999999992,1.4819999999998723e-05,290.59139999999996,2.5309457999999267
49.14800000000014,-0.00016296600000001438,289.5978,4.519806600000038
49.1579999999999,-0.00016296600000001438,290.59139999999996,4.519806600000038
49.16800000000012,1.4819999999998723e-05,291.585,2.5309457999999267
49.177999999999884,-0.0003407520000000136,288.6042,4.519806600000038
49.1880000000001,0.00019260599999999795,288.6042,0.5420850000000428
49.197999999999865,-0.00016296600000001438,291.585,4.519806600000038
49.208000000000084,-0.00016296600000001438,290.59139999999996,4.519806600000038
49.21799999999985,-0.00016296600000001438,287.6106,2.5309457999999267
49.228000000000065,0.00037039200000001105,292.5786,2.5309457999999267
49.23799999999983,-0.0003407520000000136,287.6106,2.5309457999999267
49.24800000000005,-0.0005185379999999989,289.5978,4.519806600000038
49.25799999999981,-0.00016296600000001438,289.5978,2.5309457999999267
49.26800000000003,-0.00016296600000001438,291.585,4.519806600000038
49.27799999999979,1.4819999999998723e-05,289.5978,0.5420850000000428
49.28800000000001,-0.00016296600000001438,287.6106,2.5309457999999267
49.29800000000023,-0.0005185379999999989,289.5978,4.519806600000038
49.30799999999999,-0.00016296600000001438,291.585,4.519806600000038
49.31800000000021,0.00019260599999999795,290.59139999999996,0.5420850000000428
49.327999999999975,-0.00016296600000001438,289.5978,4.519806600000038
49.33800000000019,-0.00016296600000001438,290.59139999999996,4.519806600000038
49.347999999999956,-0.0003407520000000136,289.5978,4.519806600000038
49.358000000000175,-0.0005185379999999989,287.6106,4.519806600000038
49.36900000000014,0.00019260599999999795,288.6042,2.5309457999999267
49.378000000000156,-0.00016296600000001438,290.59139999999996,4.519806600000038
49.38799999999992,-0.00016296600000001438,290.59139999999996,4.519806600000038
49.39800000000014,1.4819999999998723e-05,289.5978,0.5420850000000428
49.409000000000106,0.00037039200000001105,291.585,0.5420850000000428
49.41800000000012,1.4819999999998723e-05,289.5978,2.5309457999999267
49.427999999999884,-0.00016296600000001438,289.5978,2.5309457999999267
49.4380000000001,-0.00016296600000001438,291.585,4.519806600000038
49.447999999999865,-0.0005185379999999989,289.5978,6.508667400000149
49.45899999999983,1.4819999999998723e-05,287.6106,0.5420850000000428
49.46799999999985,0.00019260599999999795,293.5722,2.5309457999999267
49.478000000000065,0.00019260599999999795,292.5786,2.5309457999999267
49.48799999999983,-0.00016296600000001438,287.6106,2.5309457999999267
49.498999999999796,0.00019260599999999795,289.5978,0.5420850000000428
49.50799999999981,-0.00016296600000001438,289.5978,4.519806600000038
49.51900000000023,-0.0003407520000000136,289.5978,4.519806600000038
49.528999999999996,-0.00016296600000001438,290.59139999999996,2.5309457999999267
49.539000000000215,1.4819999999998723e-05,289.5978,2.5309457999999267
49.54899999999998,0.00019260599999999795,287.6106,-1.4467757999998412
49.5590000000002,-0.00016296600000001438,287.6106,4.519806600000038
49.56899999999996,-0.00016296600000001438,290.59139999999996,4.519806600000038
49.57900000000018,-0.0003407520000000136,289.5978,4.519806600000038
49.58899999999994,0.00019260599999999795,287.6106,0.5420850000000428
49.59900000000016,-0.00016296600000001438,289.5978,4.519806600000038
49.608999999999924,-0.00016296600000001438,290.59139999999996,4.519806600000038
49.61900000000014,-0.00016296600000001438,289.5978,2.5309457999999267
49.628999999999905,-0.00016296600000001438,290.59139999999996,4.519806600000038
49.639000000000124,1.4819999999998723e-05,288.6042,0.5420850000000428
49.64899999999989,-0.0003407520000000136,289.5978,4.519806600000038
49.659000000000106,1.4819999999998723e-05,290.59139999999996,2.5309457999999267
49.66899999999987,-0.00016296600000001438,290.59139999999996,4.519806600000038
49.67900000000009,0.00037039200000001105,291.585,2.5309457999999267
49.68899999999985,-0.0003407520000000136,290.59139999999996,4.519806600000038
49.69900000000007,-0.0003407520000000136,288.6042,4.519806600000038
49.70899999999983,-0.00016296600000001438,287.6106,4.519806600000038
49.71900000000005,-0.00016296600000001438,290.59139999999996,4.519806600000038
49.728999999999814,0.00037039200000001105,286.61699999999996,-1.4467757999998412
49.73900000000003,-0.00016296600000001438,289.5978,2.5309457999999267
49.748999999999796,-0.00016296600000001438,290.59139999999996,4.519806600000038
49.759000000000015,1.4819999999998723e-05,291.585,4.519806600000038
49.76900000000023,1.4819999999998723e-05,289.5978,0.5420850000000428
49.778999999999996,-0.0003407520000000136,291.585,6.508667400000149
49.789000000000215,-0.00016296600000001438,292.5786,4.519806600000038
49.79899999999998,-0.0003407520000000136,287.6106,4.519806600000038
49.8090000000002,-0.00016296600000001438,289.5978,4.519806600000038
49.81899999999996,0.00037039200000001105,288.6042,0.5420850000000428
49.82900000000018,-0.0003407520000000136,287.6106,2.5309457999999267
49.83899999999994,-0.00016296600000001438,288.6042,2.5309457999999267
49.84900000000016,-0.00016296600000001438,291.585,6.508667400000149
49.858999999999924,-0.00016296600000001438,288.6042,0.5420850000000428
49.86900000000014,-0.0003407520000000136,287.6106,4.519806600000038
49.878999999999905,-0.0003407520000000136,288.6042,4.519806600000038
49.889000000000124,-0.0003407520000000136,288.6042,2.5309457999999267
49.89899999999989,1.4819999999998723e-05,288.6042,2.5309457999999267
49.909000000000106,1.4819999999998723e-05,283.6362,0.5420850000000428
49.91899999999987,-0.0005185379999999989,288.6042,4.519806600000038
49.92900000000009,-0.0003407520000000136,290.59139999999996,2.5309457999999267
49.93899999999985,-0.0003407520000000136,288.6042,4.519806600000038
49.94900000000007,-0.00016296600000001438,285.6234,2.5309457999999267
49.95899999999983,-0.0003407520000000136,288.6042,4.519806600000038
49.96900000000005,-0.00016296600000001438,289.5978,4.519806600000038
49.978999999999814,-0.00016296600000001438,289.5978,4.519806600000038
49.98900000000003,-0.00016296600000001438,291.585,4.519806600000038
49.998999999999796,-0.00016296600000001438,287.6106,2.5309457999999267
50.009000000000015,-0.0003407520000000136,287.6106,4.519806600000038
50.01900000000023,-0.00016296600000001438,291.585,4.519806600000038
50.028999999999996,-0.00016296600000001438,288.6042,4.519806600000038
50.039999999999964,1.4819999999998723e-05,286.61699999999996,2.5309457999999267
50.04899999999998,-0.0003407520000000136,288.6042,6.508667400000149
50.0590000000002,-0.0003407520000000136,290.59139999999996,6.508667400000149
50.06899999999996,-0.00016296600000001438,290.59139999999996,2.5309457999999267
50.07900000000018,-0.0003407520000000136,287.6106,2.5309457999999267
50.090000000000146,-0.00016296600000001438,289.5978,2.5309457999999267
50.09900000000016,1.4819999999998723e-05,291.585,4.519806600000038
50.108999999999924,-0.00016296600000001438,287.6106,4.519806600000038
50.11900000000014,1.4819999999998723e-05,291.585,4.519806600000038
50.13000000000011,1.4819999999998723e-05,287.6106,2.5309457999999267
50.13999999999987,1.4819999999998723e-05,290.59139999999996,2.5309457999999267
50.15000000000009,1.4819999999998723e-05,291.585,4.519806600000038
50.159999999999854,1.4819999999998723e-05,291.585,2.5309457999999267
50.17000000000007,-0.0003407520000000136,286.61699999999996,4.519806600000038
50.179999999999836,1.4819999999998723e-05,286.61699999999996,-1.4467757999998412
50.190000000000055,-0.0003407520000000136,289.5978,2.5309457999999267
50.19999999999982,-0.0003407520000000136,288.6042,4.519806600000038
50.210000000000036,-0.00016296600000001438,289.5978,4.519806600000038
50.2199999999998,0.00019260599999999795,289.5978,0.5420850000000428
50.23000000000002,1.4819999999998723e-05,291.585,4.519806600000038
50.24000000000024,-0.0003407520000000136,289.5978,4.519806600000038
50.25,-0.0003407520000000136,290.59139999999996,6.508667400000149
50.26000000000022,1.4819999999998723e-05,291.585,4.519806600000038
50.26999999999998,0.00019260599999999795,289.5978,-1.4467757999998412
50.2800000000002,1.4819999999998723e-05,290.59139999999996,4.519806600000038
50.289999999999964,-0.0003407520000000136,287.6106,4.519806600000038
50.30000000000018,1.4819999999998723e-05,293.5722,4.519806600000038
50.309999999999945,0.00019260599999999795,289.5978,0.5420850000000428
50.320000000000164,-0.0003407520000000136,289.5978,4.519806600000038
50.32999999999993,-0.0003407520000000136,288.6042,2.5309457999999267
50.340000000000146,-0.00016296600000001438,287.6106,2.5309457999999267
50.34999999999991,-0.0003407520000000136,291.585,4.519806600000038
50.36000000000013,-0.00016296600000001438,287.6106,2.5309457999999267
50.36999999999989,-0.0003407520000000136,288.6042,4.519806600000038
50.40599999999995,0.00037039200000001105,287.6106,-1.4467757999998412
50.414999999999964,1.4819999999998723e-05,290.59139999999996,4.519806600000038
50.42500000000018,-0.00016296600000001438,289.5978,4.519806600000038
50.4340000000002,-0.00016296600000001438,289.5978,2.5309457999999267
50.44399999999996,0.0007259639999999956,292.5786,-1.4467757999998412
50.45400000000018,-0.00016296600000001438,290.59139999999996,2.5309457999999267
50.46300000000019,-0.0003407520000000136,288.6042,4.519806600000038
50.472999999999956,1.4819999999998723e-05,289.5978,2.5309457999999267
50.48199999999997,-0.0003407520000000136,288.6042,4.519806600000038
50.49200000000019,0.00019260599999999795,290.59139999999996,2.5309457999999267
50.50199999999995,1.4819999999998723e-05,288.6042,4.519806600000038
50.51099999999997,-0.0003407520000000136,288.6042,4.519806600000038
50.521000000000186,-0.0003407520000000136,288.6042,4.519806600000038
50.539999999999964,-0.00016296600000001438,287.6106,2.5309457999999267
50.55000000000018,-0.0003407520000000136,289.5978,6.508667400000149
50.559999999999945,-0.00016296600000001438,288.6042,2.5309457999999267
50.570000000000164,-0.0005185379999999989,288.6042,6.508667400000149
50.57999999999993,1.4819999999998723e-05,293.5722,2.5309457999999267
50.590000000000146,-0.00016296600000001438,292.5786,4.519806600000038
50.59999999999991,-0.0005185379999999989,288.6042,4.519806600000038
50.61000000000013,-0.0003407520000000136,287.6106,4.519806600000038
50.61999999999989,-0.00016296600000001438,289.5978,2.5309457999999267
50.63099999999986,-0.00016296600000001438,287.6106,2.5309457999999267
50.63999999999987,-0.0003407520000000136,290.59139999999996,4.519806600000038
50.65000000000009,-0.00016296600000001438,290.59139999999996,6.508667400000149
50.659999999999854,-0.0003407520000000136,290.59139999999996,4.519806600000038
50.67099999999982,-0.00016296600000001438,290.59139999999996,4.519806600000038
50.679999999999836,-0.00016296600000001438,287.6106,4.519806600000038
50.690000000000055,-0.0003407520000000136,289.5978,4.519806600000038
50.721000000000004,1.4819999999998723e-05,286.61699999999996,-1.4467757999998412
50.74000000000024,-0.0003407520000000136,287.6106,4.519806600000038
50.75,-0.00016296600000001438,290.59139999999996,4.519806600000038
50.76099999999997,1.4819999999998723e-05,290.59139999999996,2.5309457999999267
50.771000000000186,-0.00016296600000001438,290.59139999999996,4.519806600000038
50.78099999999995,-0.0003407520000000136,290.59139999999996,4.519806600000038
50.79100000000017,1.4819999999998723e-05,290.59139999999996,2.5309457999999267
50.80099999999993,-0.0006963239999999982,287.6106,6.508667400000149
50.81100000000015,1.4819999999998723e-05,285.6234,0.5420850000000428
50.82099999999991,-0.00016296600000001438,289.5978,2.5309457999999267
50.83100000000013,-0.0003407520000000136,290.59139999999996,6.508667400000149
50.840999999999894,-0.00016296600000001438,288.6042,2.5309457999999267
50.85100000000011,0.00019260599999999795,289.5978,2.5309457999999267
50.860999999999876,-0.0003407520000000136,289.5978,6.508667400000149
50.871000000000095,-0.00016296600000001438,290.59139999999996,2.5309457999999267
50.88099999999986,-0.00016296600000001438,289.5978,4.519806600000038
50.891000000000076,-0.00016296600000001438,290.59139999999996,6.508667400000149
50.90099999999984,-0.00016296600000001438,284.6298,2.5309457999999267
50.91100000000006,-0.0003407520000000136,290.59139999999996,4.519806600000038
50.92099999999982,-0.0003407520000000136,290.59139999999996,4.519806600000038
50.93100000000004,-0.0003407520000000136,289.5978,4.519806600000038
50.9409999999998,1.4819999999998723e-05,287.6106,2.5309457999999267
50.95100000000002,-0.00016296600000001438,288.6042,2.5309457999999267
50.96100000000024,-0.00016296600000001438,289.5978,4.519806600000038
50.971000000000004,-0.00016296600000001438,290.59139999999996,4.519806600000038
50.98100000000022,-0.00016296600000001438,291.585,4.519806600000038
50.990999999999985,1.4819999999998723e-05,289.5978,2.5309457999999267
51.001000000000204,1.4819999999998723e-05,291.585,2.5309457999999267
51.01099999999997,-0.00016296600000001438,290.59139999999996,2.5309457999999267
51.021000000000186,-0.0003407520000000136,289.5978,6.508667400000149
51.03099999999995,0.00019260599999999795,290.59139999999996,2.5309457999999267
51.04100000000017,1.4819999999998723e-05,290.59139999999996,2.5309457999999267
51.05099999999993,-0.00016296600000001438,290.59139999999996,4.519806600000038
51.06100000000015,-0.00016296600000001438,289.5978,2.5309457999999267
51.07099999999991,1.4819999999998723e-05,290.59139999999996,2.5309457999999267
51.08100000000013,1.4819999999998723e-05,289.5978,2.5309457999999267
51.090999999999894,-0.0003407520000000136,289.5978,4.519806600000038
51.10100000000011,-0.0003407520000000136,288.6042,6.508667400000149
51.110999999999876,-0.00016296600000001438,291.585,4.519806600000038
51.121000000000095,-0.00016296600000001438,286.61699999999996,0.5420850000000428
51.13099999999986,-0.00016296600000001438,290.59139999999996,4.519806600000038
51.141000000000076,-0.0003407520000000136,289.5978,4.519806600000038
51.15099999999984,-0.00016296600000001438,291.585,4.519806600000038
51.16100000000006,-0.00016296600000001438,288.6042,4.519806600000038
51.17099999999982,-0.0003407520000000136,290.59139999999996,4.519806600000038
51.18100000000004,-0.0003407520000000136,288.6042,2.5309457999999267
51.215999999999894,-0.0003407520000000136,289.5978,4.519806600000038
51.26099999999997,1.4819999999998723e-05,286.61699999999996,0.5420850000000428
51.26999999999998,-0.00016296600000001438,288.6042,4.519806600000038
51.2800000000002,1.4819999999998723e-05,290.59139999999996,2.5309457999999267
51.289000000000215,-0.00016296600000001438,290.59139999999996,2.5309457999999267
51.29899999999998,0.00037039200000001105,290.59139999999996,0.5420850000000428
51.3090000000002,-0.0003407520000000136,287.6106,0.5420850000000428
51.31800000000021,-0.0003407520000000136,289.5978,4.519806600000038
51.327999999999975,-0.0003407520000000136,287.6106,4.519806600000038
51.33800000000019,-0.0003407520000000136,289.5978,2.5309457999999267
51.34700000000021,1.4819999999998723e-05,288.6042,0.5420850000000428
51.35699999999997,-0.00016296600000001438,288.6042,2.5309457999999267
51.36700000000019,-0.00016296600000001438,289.5978,2.5309457999999267
51.376000000000204,-0.00016296600000001438,289.5978,4.519806600000038
51.38599999999997,-0.00016296600000001438,290.59139999999996,4.519806600000038
51.39499999999998,1.4819999999998723e-05,287.6106,2.5309457999999267
51.4050000000002,-0.0005185379999999989,289.5978,6.508667400000149
51.414999999999964,-0.00016296600000001438,289.5978,4.519806600000038
51.42399999999998,-0.00016296600000001438,289.5978,4.519806600000038
51.4340000000002,1.4819999999998723e-05,291.585,2.5309457999999267
51.44399999999996,-0.00016296600000001438,287.6106,2.5309457999999267
51.452999999999975,-0.00016296600000001438,291.585,4.519806600000038
51.46300000000019,-0.00016296600000001438,288.6042,4.519806600000038
51.48199999999997,0.00019260599999999795,287.6106,0.5420850000000428
51.49200000000019,-0.0005185379999999989,288.6042,4.519806600000038
51.50199999999995,-0.00016296600000001438,289.5978,4.519806600000038
51.51200000000017,-0.00016296600000001438,287.6106,2.5309457999999267
51.521999999999935,1.4819999999998723e-05,291.585,2.5309457999999267
51.53200000000015,-0.00016296600000001438,287.6106,2.5309457999999267
51.541999999999916,-0.0003407520000000136,288.6042,2.5309457999999267
51.552000000000135,-0.0003407520000000136,290.59139999999996,6.508667400000149
51.5619999999999,1.4819999999998723e-05,290.59139999999996,2.5309457999999267
51.572000000000116,0.00019260599999999795,287.6106,-1.4467757999998412
51.58199999999988,-0.00016296600000001438,291.585,4.519806600000038
51.5920000000001,-0.00016296600000001438,290.59139999999996,6.508667400000149
51.60199999999986,0.00019260599999999795,291.585,2.5309457999999267
51.61200000000008,1.4819999999998723e-05,289.5978,2.5309457999999267
51.621999999999844,-0.00016296600000001438,287.6106,2.5309457999999267
51.63200000000006,-0.00016296600000001438,289.5978,4.519806600000038
51.641999999999825,-0.00016296600000001438,289.5978,4.519806600000038
51.652000000000044,-0.0003407520000000136,289.5978,4.519806600000038
51.66199999999981,-0.0003407520000000136,287.6106,2.5309457999999267
51.672000000000025,-0.00016296600000001438,287.6106,2.5309457999999267
51.68199999999979,-0.0003407520000000136,289.5978,4.519806600000038
51.69200000000001,-0.00016296600000001438,290.59139999999996,2.5309457999999267
51.702000000000226,1.4819999999998723e-05,287.6106,2.5309457999999267
51.71199999999999,1.4819999999998723e-05,288.6042,0.5420850000000428
51.72200000000021,-0.00016296600000001438,289.5978,4.519806600000038
51.73199999999997,1.4819999999998723e-05,292.5786,2.5309457999999267
51.74200000000019,1.4819999999998723e-05,292.5786,2.5309457999999267
51.75199999999995,0.00037039200000001105,289.5978,2.5309457999999267
51.76200000000017,-0.00016296600000001438,289.5978,4.519806600000038
51.771999999999935,-0.00016296600000001438,290.59139999999996,6.508667400000149
51.78200000000015,-0.0003407520000000136,288.6042,4.519806600000038
51.791999999999916,1.4819999999998723e-05,288.6042,2.5309457999999267
51.802000000000135,-0.00016296600000001438,289.5978,4.519806600000038
51.8119999999999,1.4819999999998723e-05,289.5978,4.519806600000038
51.822000000000116,1.4819999999998723e-05,291.585,2.5309457999999267
51.83199999999988,-0.0003407520000000136,289.5978,2.5309457999999267
51.8420000000001,1.4819999999998723e-05,289.5978,2.5309457999999267
51.85199999999986,-0.0003407520000000136,289.5978,6.508667400000149
51.86200000000008,1.4819999999998723e-05,290.59139999999996,4.519806600000038
51.871999999999844,-0.00016296600000001438,290.59139999999996,4.519806600000038
51.88200000000006,-0.00016296600000001438,288.6042,2.5309457999999267
51.891999999999825,1.4819999999998723e-05,288.6042,2.5309457999999267
51.902000000000044,-0.0003407520000000136,290.59139999999996,4.519806600000038
51.91199999999981,-0.00016296600000001438,292.5786,4.519806600000038
51.922000000000025,-0.00016296600000001438,289.5978,2.5309457999999267
51.93299999999999,1.4819999999998723e-05,288.6042,0.5420850000000428
51.94200000000001,-0.0003407520000000136,289.5978,6.508667400000149
51.952000000000226,-0.00016296600000001438,289.5978,2.5309457999999267
51.96199999999999,-0.0003407520000000136,291.585,6.508667400000149
51.972999999999956,-0.00016296600000001438,289.5978,2.5309457999999267
51.983000000000175,1.4819999999998723e-05,291.585,2.5309457999999267
51.99200000000019,-0.00016296600000001438,287.6106,4.519806600000038
52.00199999999995,0.00019260599999999795,291.585,2.5309457999999267
52.01200000000017,-0.00016296600000001438,291.585,2.5309457999999267
52.02300000000014,0.00037039200000001105,289.5978,0.5420850000000428
52.0329999999999,-0.00016296600000001438,290.59139999999996,4.519806600000038
52.04300000000012,-0.0003407520000000136,288.6042,4.519806600000038
52.052999999999884,1.4819999999998723e-05,289.5978,2.5309457999999267
52.0630000000001,1.4819999999998723e-05,286.61699999999996,0.5420850000000428
52.072999999999865,-0.00016296600000001438,289.5978,2.5309457999999267
52.083000000000084,1.4819999999998723e-05,290.59139999999996,2.5309457999999267
52.09299999999985,-0.00016296600000001438,290.59139999999996,2.5309457999999267
52.103000000000065,1.4819999999998723e-05,291.585,2.5309457999999267
52.11299999999983,0.00037039200000001105,290.59139999999996,0.5420850000000428
52.12300000000005,-0.00016296600000001438,290.59139999999996,4.519806600000038
52.13299999999981,1.4819999999998723e-05,290.59139999999996,4.519806600000038
52.14300000000003,-0.00016296600000001438,289.5978,4.519806600000038
52.15299999999979,0.00037039200000001105,289.5978,0.5420850000000428
52.16300000000001,1.4819999999998723e-05,287.6106,2.5309457999999267
52.17300000000023,-0.00016296600000001438,288.6042,2.5309457999999267
52.18299999999999,0.00037039200000001105,293.5722,4.519806600000038
52.19300000000021,-0.0003407520000000136,290.59139999999996,6.508667400000149
52.202999999999975,1.4819999999998723e-05,287.6106,2.5309457999999267
52.21300000000019,-0.0003407520000000136,288.6042,4.519806600000038
52.222999999999956,0.00019260599999999795,291.585,2.5309457999999267
52.233000000000175,1.4819999999998723e-05,291.585,4.519806600000038
52.24299999999994,0.00019260599999999795,290.59139999999996,2.5309457999999267
52.253000000000156,1.4819999999998723e-05,292.5786,4.519806600000038
52.26299999999992,0.00019260599999999795,291.585,2.5309457999999267
52.27300000000014,-0.00016296600000001438,288.6042,4.519806600000038
52.2829999999999,-0.00016296600000001438,290.59139999999996,2.5309457999999267
52.29300000000012,-0.0003407520000000136,284.6298,2.5309457999999267
52.302999999999884,0.00019260599999999795,292.5786,4.519806600000038
52.3130000000001,1.4819999999998723e-05,289.5978,4.519806600000038
52.322999999999865,-0.0005185379999999989,288.6042,4.519806600000038
52.333000000000084,-0.00016296600000001438,286.61699999999996,0.5420850000000428
52.34299999999985,-0.00016296600000001438,289.5978,4.519806600000038
52.353000000000065,-0.0003407520000000136,289.5978,4.519806600000038
52.36299999999983,-0.00016296600000001438,289.5978,4.519806600000038
52.37300000000005,-0.00016296600000001438,289.5978,4.519806600000038
52.38299999999981,0.00037039200000001105,291.585,0.5420850000000428
52.39300000000003,-0.0003407520000000136,287.6106,4.519806600000038
52.40299999999979,-0.00016296600000001438,287.6106,4.519806600000038
52.41300000000001,-0.00016296600000001438,292.5786,4.519806600000038
52.42300000000023,-0.00016296600000001438,286.61699999999996,2.5309457999999267
52.43299999999999,-0.00016296600000001438,288.6042,2.5309457999999267
52.44300000000021,-0.00016296600000001438,289.5978,2.5309457999999267
52.452999999999975,-0.0003407520000000136,288.6042,4.519806600000038
52.46300000000019,-0.00016296600000001438,289.5978,6.508667400000149
52.47400000000016,-0.00016296600000001438,288.6042,-1.4467757999998412
52.483000000000175,1.4819999999998723e-05,288.6042,2.5309457999999267
52.49299999999994,-0.0003407520000000136,290.59139999999996,4.519806600000038
52.503000000000156,-0.0003407520000000136,288.6042,2.5309457999999267
52.514000000000124,0.00019260599999999795,288.6042,0.5420850000000428
52.52300000000014,-0.00016296600000001438,289.5978,4.519806600000038
52.5329999999999,-0.00016296600000001438,291.585,4.519806600000038
52.54300000000012,1.4819999999998723e-05,290.59139999999996,4.519806600000038
52.552999999999884,-0.0003407520000000136,289.5978,4.519806600000038
52.56399999999985,-0.00016296600000001438,291.585,2.5309457999999267
52.572999999999865,1.4819999999998723e-05,290.59139999999996,4.519806600000038
52.610999999999876,0.00019260599999999795,286.61699999999996,-1.4467757999998412
52.61999999999989,-0.0005185379999999989,291.585,6.508667400000149
52.63000000000011,-0.00016296600000001438,291.585,4.519806600000038
52.63999999999987,-0.0003407520000000136,288.6042,4.519806600000038
52.64899999999989,1.4819999999998723e-05,289.5978,0.5420850000000428
52.659000000000106,-0.0003407520000000136,290.59139999999996,4.519806600000038
52.66899999999987,-0.0003407520000000136,290.59139999999996,6.508667400000149
52.677999999999884,-0.0003407520000000136,289.5978,6.508667400000149
52.6880000000001,-0.0003407520000000136,289.5978,4.519806600000038
52.697000000000116,1.4819999999998723e-05,288.6042,2.5309457999999267
52.70699999999988,-0.0003407520000000136,290.59139999999996,4.519806600000038
52.7170000000001,-0.0005185379999999989,288.6042,4.519806600000038
52.72600000000011,-0.0003407520000000136,289.5978,4.519806600000038
52.735999999999876,-0.0005185379999999989,290.59139999999996,6.508667400000149
52.74499999999989,1.4819999999998723e-05,285.6234,0.5420850000000428
52.75500000000011,-0.0005185379999999989,289.5978,4.519806600000038
52.76499999999987,-0.0003407520000000136,289.5978,4.519806600000038
52.784000000000106,-0.00016296600000001438,289.5978,4.519806600000038
52.79399999999987,-0.0005185379999999989,288.6042,4.519806600000038
52.80400000000009,-0.0003407520000000136,289.5978,4.519806600000038
52.81399999999985,-0.00016296600000001438,291.585,4.519806600000038
52.82400000000007,-0.0003407520000000136,290.59139999999996,4.519806600000038
52.83399999999983,1.4819999999998723e-05,285.6234,2.5309457999999267
52.84400000000005,1.4819999999998723e-05,291.585,2.5309457999999267
52.853999999999814,-0.0005185379999999989,288.6042,6.508667400000149
52.86400000000003,-0.00016296600000001438,291.585,4.519806600000038
52.873999999999796,-0.00016296600000001438,291.585,4.519806600000038
52.884000000000015,-0.00016296600000001438,289.5978,2.5309457999999267
52.89400000000023,-0.0005185379999999989,289.5978,4.519806600000038
52.92599999999993,1.4819999999998723e-05,286.61699999999996,-1.4467757999998412
52.93600000000015,-0.0005185379999999989,288.6042,4.519806600000038
52.945000000000164,-0.00016296600000001438,292.5786,6.508667400000149
52.96399999999994,0.00019260599999999795,289.5978,0.5420850000000428
52.97400000000016,1.4819999999998723e-05,291.585,4.519806600000038
52.983999999999924,1.4819999999998723e-05,289.5978,2.5309457999999267
52.99400000000014,-0.00016296600000001438,290.59139999999996,4.519806600000038
53.003999999999905,-0.0003407520000000136,288.6042,4.519806600000038
53.014000000000124,0.00019260599999999795,289.5978,0.5420850000000428
53.02399999999989,-0.0003407520000000136,289.5978,4.519806600000038
53.034000000000106,1.4819999999998723e-05,290.59139999999996,2.5309457999999267
53.04399999999987,1.4819999999998723e-05,292.5786,2.5309457999999267
53.05400000000009,0.00019260599999999795,289.5978,2.5309457999999267
53.06399999999985,-0.00016296600000001438,289.5978,4.519806600000038
53.07400000000007,-0.00016296600000001438,289.5978,4.519806600000038
53.08399999999983,0.00019260599999999795,292.5786,2.5309457999999267
53.09400000000005,-0.00016296600000001438,289.5978,4.519806600000038
53.10500000000002,0.00019260599999999795,286.61699999999996,0.5420850000000428
53.11400000000003,1.4819999999998723e-05,291.585,2.5309457999999267
53.123999999999796,-0.00016296600000001438,289.5978,2.5309457999999267
53.134000000000015,-0.00016296600000001438,287.6106,4.519806600000038
53.14499999999998,0.00019260599999999795,289.5978,2.5309457999999267
53.153999999999996,-0.00016296600000001438,290.59139999999996,4.519806600000038
53.164000000000215,-0.00016296600000001438,289.5978,4.519806600000038
53.17399999999998,-0.0003407520000000136,289.5978,4.519806600000038
53.1840000000002,-0.00016296600000001438,289.5978,4.519806600000038
53.195000000000164,-0.00016296600000001438,287.6106,0.5420850000000428
53.20400000000018,-0.0003407520000000136,288.6042,4.519806600000038
53.21399999999994,-0.0003407520000000136,288.6042,2.5309457999999267
53.22400000000016,-0.0003407520000000136,287.6106,2.5309457999999267
53.23500000000013,-0.00016296600000001438,290.59139999999996,4.519806600000038
53.24400000000014,-0.0003407520000000136,288.6042,4.519806600000038
53.28600000000006,1.4819999999998723e-05,286.61699999999996,0.5420850000000428
53.29599999999982,-0.0005185379999999989,289.5978,6.508667400000149
53.315000000000055,1.4819999999998723e-05,291.585,6.508667400000149
53.32499999999982,0.0005481779999999825,290.59139999999996,0.5420850000000428
53.335000000000036,1.4819999999998723e-05,290.59139999999996,2.5309457999999267
53.3449999999998,-0.0003407520000000136,290.59139999999996,6.508667400000149
53.35500000000002,-0.00016296600000001438,289.5978,4.519806600000038
53.36500000000024,-0.00016296600000001438,288.6042,4.519806600000038
53.375,1.4819999999998723e-05,287.6106,2.5309457999999267
53.38500000000022,-0.00016296600000001438,290.59139999999996,4.519806600000038
53.39499999999998,-0.00016296600000001438,290.59139999999996,4.519806600000038
53.4050000000002,-0.0003407520000000136,288.6042,4.519806600000038
53.414999999999964,0.00019260599999999795,289.5978,0.5420850000000428
53.42500000000018,-0.0005185379999999989,290.59139999999996,6.508667400000149
53.434999999999945,-0.0003407520000000136,290.59139999999996,4.519806600000038
53.445000000000164,-0.00016296600000001438,291.585,4.519806600000038
53.45499999999993,-0.0003407520000000136,290.59139999999996,4.519806600000038
53.465000000000146,0.00019260599999999795,287.6106,0.5420850000000428
53.47499999999991,-0.00016296600000001438,291.585,6.508667400000149
53.48500000000013,-0.0003407520000000136,289.5978,6.508667400000149
53.49499999999989,-0.00016296600000001438,289.5978,4.519806600000038
53.50500000000011,1.4819999999998723e-05,287.6106,0.5420850000000428
53.51499999999987,-0.0003407520000000136,290.59139999999996,4.519806600000038
53.52500000000009,-0.0005185379999999989,288.6042,4.519806600000038
53.534999999999854,-0.00016296600000001438,290.59139999999996,2.5309457999999267
53.55600000000004,0.00037039200000001105,288.6042,-1.4467757999998412
53.57499999999982,1.4819999999998723e-05,290.59139999999996,4.519806600000038
53.585000000000036,1.4819999999998723e-05,290.59139999999996,4.519806600000038
53.5949999999998,1.4819999999998723e-05,289.5978,0.5420850000000428
53.60500000000002,-0.00016296600000001438,291.585,4.519806600000038
53.61500000000024,-0.00016296600000001438,289.5978,4.519806600000038
53.625,-0.00016296600000001438,289.5978,2.5309457999999267
53.63500000000022,1.4819999999998723e-05,290.59139999999996,4.519806600000038
53.64499999999998,1.4819999999998723e-05,288.6042,0.5420850000000428
53.6550000000002,-0.00016296600000001438,289.5978,4.519806600000038
53.664999999999964,-0.00016296600000001438,289.5978,6.508667400000149
53.67500000000018,-0.00016296600000001438,289.5978,6.508667400000149
53.684999999999945,1.4819999999998723e-05,287.6106,2.5309457999999267
53.695000000000164,-0.0003407520000000136,289.5978,4.519806600000038
53.70499999999993,-0.00016296600000001438,290.59139999999996,2.5309457999999267
53.715000000000146,-0.00016296600000001438,291.585,4.519806600000038
53.72499999999991,-0.00016296600000001438,291.585,4.519806600000038
53.73500000000013,0.00019260599999999795,288.6042,0.5420850000000428
53.74499999999989,-0.00016296600000001438,290.59139999999996,4.519806600000038
53.75500000000011,-0.0005185379999999989,289.5978,4.519806600000038
53.76499999999987,-0.00016296600000001438,287.6106,2.5309457999999267
53.77599999999984,-0.0003407520000000136,286.61699999999996,2.5309457999999267
53.784999999999854,-0.00016296600000001438,288.6042,4.519806600000038
53.79500000000007,1.4819999999998723e-05,290.59139999999996,0.5420850000000428
53.804999999999836,-0.0003407520000000136,287.6106,4.519806600000038
53.815000000000055,-0.0005185379999999989,289.5978,6.508667400000149
53.82600000000002,0.00019260599999999795,287.6106,0.5420850000000428
53.835000000000036,-0.0003407520000000136,289.5978,4.519806600000038
53.8449999999998,-0.00016296600000001438,290.59139999999996,4.519806600000038
53.85500000000002,-0.00016296600000001438,290.59139999999996,4.519806600000038
53.865999999999985,1.4819999999998723e-05,287.6106,2.5309457999999267
53.875,-0.00016296600000001438,288.6042,2.5309457999999267
53.88500000000022,1.4819999999998723e-05,290.59139999999996,0.5420850000000428
53.896000000000186,-0.0003407520000000136,289.5978,4.519806600000038
53.90599999999995,-0.0005185379999999989,287.6106,4.519806600000038
53.91600000000017,1.4819999999998723e-05,287.6106,0.5420850000000428
53.92599999999993,-0.00016296600000001438,290.59139999999996,4.519806600000038
53.93600000000015,-0.0003407520000000136,288.6042,4.519806600000038
53.94599999999991,0.00019260599999999795,290.59139999999996,2.5309457999999267
53.95600000000013,1.4819999999998723e-05,288.6042,0.5420850000000428
53.965999999999894,-0.0003407520000000136,289.5978,4.519806600000038
53.97600000000011,1.4819999999998723e-05,291.585,4.519806600000038
53.985999999999876,-0.0003407520000000136,286.61699999999996,2.5309457999999267
53.996000000000095,1.4819999999998723e-05,290.59139999999996,2.5309457999999267
54.00599999999986,-0.00016296600000001438,287.6106,2.5309457999999267
54.016000000000076,-0.0003407520000000136,290.59139999999996,4.519806600000038
54.02599999999984,-0.00016296600000001438,289.5978,2.5309457999999267
54.03600000000006,1.4819999999998723e-05,291.585,2.5309457999999267
54.04599999999982,0.00019260599999999795,289.5978,2.5309457999999267
54.05600000000004,-0.00016296600000001438,289.5978,4.519806600000038
54.0659999999998,1.4819999999998723e-05,290.59139999999996,2.5309457999999267
54.07600000000002,-0.00016296600000001438,290.59139999999996,2.5309457999999267
54.08600000000024,0.00019260599999999795,290.59139999999996,2.5309457999999267
54.096000000000004,0.00019260599999999795,286.61699999999996,0.5420850000000428
54.10600000000022,-0.0003407520000000136,289.5978,6.508667400000149
54.115999999999985,-0.0003407520000000136,288.6042,4.519806600000038
54.126000000000204,-0.00016296600000001438,288.6042,2.5309457999999267
54.13599999999997,1.4819999999998723e-05,288.6042,2.5309457999999267
54.146000000000186,0.00019260599999999795,291.585,2.5309457999999267
54.15599999999995,-0.0003407520000000136,289.5978,4.519806600000038
54.16600000000017,-0.00016296600000001438,289.5978,4.519806600000038
54.17599999999993,-0.0003407520000000136,288.6042,4.519806600000038
54.18600000000015,1.4819999999998723e-05,287.6106,0.5420850000000428
54.19599999999991,-0.0005185379999999989,287.6106,4.519806600000038
54.20600000000013,-0.00016296600000001438,290.59139999999996,4.519806600000038
54.215999999999894,-0.00016296600000001438,290.59139999999996,4.519806600000038
54.22600000000011,0.00019260599999999795,290.59139999999996,2.5309457999999267
54.235999999999876,-0.00016296600000001438,290.59139999999996,2.5309457999999267
54.246000000000095,1.4819999999998723e-05,289.5978,4.519806600000038
54.25599999999986,1.4819999999998723e-05,292.5786,4.519806600000038
54.266000000000076,1.4819999999998723e-05,290.59139999999996,2.5309457999999267
54.27599999999984,0.00019260599999999795,286.61699999999996,0.5420850000000428
54.28600000000006,1.4819999999998723e-05,289.5978,4.519806600000038
54.29599999999982,-0.0005185379999999989,287.6106,4.519806600000038
54.30600000000004,-0.0005185379999999989,286.61699999999996,4.519806600000038
54.3159999999998,0.00019260599999999795,290.59139999999996,0.5420850000000428
54.32600000000002,-0.00016296600000001438,291.585,4.519806600000038
54.33600000000024,-0.00016296600000001438,289.5978,4.519806600000038
54.346000000000004,-0.0003407520000000136,289.5978,4.519806600000038
54.35600000000022,-0.00016296600000001438,289.5978,2.5309457999999267
54.365999999999985,1.4819999999998723e-05,290.59139999999996,4.519806600000038
54.376000000000204,-0.00016296600000001438,289.5978,4.519806600000038
54.41100000000006,1.4819999999998723e-05,286.61699999999996,0.5420850000000428
54.42099999999982,-0.0003407520000000136,290.59139999999996,4.519806600000038
54.429999999999836,-0.0005185379999999989,287.6106,4.519806600000038
54.440000000000055,-0.00016296600000001438,291.585,6.508667400000149
54.44999999999982,-0.00016296600000001438,287.6106,2.5309457999999267
54.45899999999983,-0.0005185379999999989,291.585,6.508667400000149
54.46900000000005,0.00037039200000001105,292.5786,2.5309457999999267
54.478000000000065,-0.0003407520000000136,289.5978,4.519806600000038
54.48799999999983,1.4819999999998723e-05,290.59139999999996,4.519806600000038
54.49800000000005,0.00019260599999999795,287.6106,-1.4467757999998412
54.50700000000006,-0.00016296600000001438,289.5978,4.519806600000038
54.527000000000044,-0.00016296600000001438,290.59139999999996,4.519806600000038
54.53699999999981,-0.00016296600000001438,289.5978,2.5309457999999267
54.547000000000025,-0.00016296600000001438,290.59139999999996,2.5309457999999267
54.55699999999979,1.4819999999998723e-05,289.5978,4.519806600000038
54.56700000000001,-0.00016296600000001438,289.5978,4.519806600000038
54.577000000000226,1.4819999999998723e-05,290.59139999999996,4.519806600000038
54.58699999999999,0.00019260599999999795,290.59139999999996,2.5309457999999267
54.59700000000021,-0.0005185379999999989,288.6042,4.519806600000038
54.60699999999997,0.00019260599999999795,291.585,4.519806600000038
54.61700000000019,-0.00016296600000001438,290.59139999999996,4.519806600000038
54.62699999999995,-0.00016296600000001438,289.5978,4.519806600000038
54.63700000000017,0.00019260599999999795,288.6042,0.5420850000000428
54.646999999999935,-0.0005185379999999989,290.59139999999996,6.508667400000149
54.65700000000015,-0.0003407520000000136,290.59139999999996,4.519806600000038
54.666999999999916,-0.00016296600000001438,288.6042,2.5309457999999267
54.677000000000135,0.00019260599999999795,291.585,2.5309457999999267
54.6869999999999,-0.00016296600000001438,289.5978,2.5309457999999267
54.697000000000116,-0.0003407520000000136,289.5978,4.519806600000038
54.70699999999988,-0.0003407520000000136,290.59139999999996,6.508667400000149
54.7170000000001,-0.0003407520000000136,291.585,4.519806600000038
54.72699999999986,1.4819999999998723e-05,290.59139999999996,2.5309457999999267
54.73700000000008,-0.00016296600000001438,288.6042,2.5309457999999267
54.746999999999844,-0.00016296600000001438,289.5978,4.519806600000038
54.75700000000006,-0.00016296600000001438,290.59139999999996,2.5309457999999267
54.766999999999825,1.4819999999998723e-05,287.6106,0.5420850000000428
54.777000000000044,-0.0003407520000000136,288.6042,4.519806600000038
54.78699999999981,-0.0003407520000000136,289.5978,4.519806600000038
54.797000000000025,-0.0003407520000000136,289.5978,4.519806600000038
54.80699999999979,-0.00016296600000001438,291.585,6.508667400000149
54.81700000000001,-0.0003407520000000136,288.6042,4.519806600000038
54.827000000000226,-0.00016296600000001438,289.5978,4.519806600000038
54.86200000000008,1.4819999999998723e-05,285.6234,-1.4467757999998412
54.871000000000095,-0.0003407520000000136,289.5978,2.5309457999999267
54.88099999999986,-0.00016296600000001438,289.5978,4.519806600000038
54.891000000000076,-0.0003407520000000136,288.6042,4.519806600000038
54.90000000000009,1.4819999999998723e-05,285.6234,0.5420850000000428
54.909999999999854,1.4819999999998723e-05,290.59139999999996,4.519806600000038
54.91899999999987,-0.0003407520000000136,290.59139999999996,4.519806600000038
54.92900000000009,-0.00016296600000001438,291.585,4.519806600000038
54.93899999999985,1.4819999999998723e-05,291.585,2.5309457999999267
54.947999999999865,0.00019260599999999795,288.6042,0.5420850000000428
54.958000000000084,-0.0005185379999999989,288.6042,4.519806600000038
54.97699999999986,-0.00016296600000001438,291.585,4.519806600000038
54.98700000000008,-0.00016296600000001438,288.6042,2.5309457999999267
54.996999999999844,0.00019260599999999795,286.61699999999996,2.5309457999999267
55.00700000000006,-0.00016296600000001438,289.5978,4.519806600000038
55.016999999999825,-0.00016296600000001438,289.5978,2.5309457999999267
55.027000000000044,-0.00016296600000001438,288.6042,4.519806600000038
55.03800000000001,1.4819999999998723e-05,291.585,0.5420850000000428
55.047000000000025,1.4819999999998723e-05,290.59139999999996,4.519806600000038
55.05699999999979,-0.0003407520000000136,290.59139999999996,4.519806600000038
55.06700000000001,1.4819999999998723e-05,290.59139999999996,2.5309457999999267
55.077999999999975,-0.0003407520000000136,288.6042,2.5309457999999267
55.08800000000019,-0.0003407520000000136,288.6042,4.519806600000038
55.09700000000021,-0.0005185379999999989,289.5978,4.519806600000038
55.10699999999997,-0.0003407520000000136,288.6042,4.519806600000038
55.11700000000019,-0.0003407520000000136,289.5978,6.508667400000149
55.128000000000156,0.00019260599999999795,288.6042,0.5420850000000428
55.13700000000017,1.4819999999998723e-05,289.5978,4.519806600000038
55.14800000000014,-0.0003407520000000136,287.6106,4.519806600000038
55.1579999999999,-0.0003407520000000136,287.6106,2.5309457999999267
55.16800000000012,0.00037039200000001105,292.5786,2.5309457999999267
55.177999999999884,-0.0003407520000000136,286.61699999999996,2.5309457999999267
55.1880000000001,0.00019260599999999795,290.59139999999996,0.5420850000000428
55.197999999999865,-0.0005185379999999989,287.6106,6.508667400000149
55.208000000000084,-0.00016296600000001438,290.59139999999996,4.519806600000038
55.21799999999985,1.4819999999998723e-05,290.59139999999996,2.5309457999999267
55.228000000000065,-0.0003407520000000136,289.5978,6.508667400000149
55.23799999999983,-0.0003407520000000136,290.59139999999996,4.519806600000038
55.24800000000005,-0.0003407520000000136,288.6042,4.519806600000038
55.25799999999981,-0.00016296600000001438,288.6042,0.5420850000000428
55.26800000000003,-0.0003407520000000136,290.59139999999996,4.519806600000038
55.27799999999979,-0.00016296600000001438,291.585,4.519806600000038
55.28800000000001,-0.00016296600000001438,291.585,4.519806600000038
55.29800000000023,-0.00016296600000001438,290.59139999999996,2.5309457999999267
55.30799999999999,1.4819999999998723e-05,287.6106,0.5420850000000428
55.31800000000021,1.4819999999998723e-05,291.585,4.519806600000038
55.327999999999975,-0.0005185379999999989,289.5978,4.519806600000038
55.33800000000019,1.4819999999998723e-05,289.5978,2.5309457999999267
55.347999999999956,0.00019260599999999795,289.5978,0.5420850000000428
55.358000000000175,-0.00016296600000001438,288.6042,4.519806600000038
55.36799999999994,-0.00016296600000001438,288.6042,6.508667400000149
55.378000000000156,-0.0005185379999999989,288.6042,6.508667400000149
55.38799999999992,1.4819999999998723e-05,289.5978,4.519806600000038
55.39800000000014,0.00019260599999999795,290.59139999999996,2.5309457999999267
55.4079999999999,-0.00016296600000001438,290.59139999999996,4.519806600000038
55.41800000000012,-0.0003407520000000136,287.6106,4.519806600000038
55.427999999999884,-0.0003407520000000136,289.5978,6.508667400000149
55.4380000000001,1.4819999999998723e-05,289.5978,2.5309457999999267
55.447999999999865,-0.00016296600000001438,290.59139999999996,4.519806600000038
55.458000000000084,-0.0003407520000000136,291.585,6.508667400000149
55.46799999999985,-0.00016296600000001438,290.59139999999996,4.519806600000038
55.478000000000065,-0.0005185379999999989,286.61699999999996,4.519806600000038
55.48799999999983,0.00019260599999999795,290.59139999999996,0.5420850000000428
55.49800000000005,-0.00016296600000001438,291.585,2.5309457999999267
55.50799999999981,-0.0003407520000000136,289.5978,4.519806600000038
55.51800000000003,-0.00016296600000001438,291.585,4.519806600000038
55.52799999999979,0.00019260599999999795,290.59139999999996,0.5420850000000428
55.53800000000001,-0.00016296600000001438,289.5978,4.519806600000038
55.54800000000023,-0.00016296600000001438,289.5978,4.519806600000038
55.55799999999999,1.4819999999998723e-05,290.59139999999996,2.5309457999999267
55.56800000000021,-0.00016296600000001438,288.6042,4.519806600000038
55.577999999999975,0.00037039200000001105,290.59139999999996,0.5420850000000428
55.58800000000019,1.4819999999998723e-05,292.5786,4.519806600000038
55.597999999999956,-0.00016296600000001438,289.5978,2.5309457999999267
55.608000000000175,1.4819999999998723e-05,290.59139999999996,2.5309457999999267
55.61799999999994,1.4819999999998723e-05,289.5978,0.5420850000000428
55.628000000000156,-0.00016296600000001438,288.6042,4.519806600000038
55.63799999999992,1.4819999999998723e-05,294.56579999999997,4.519806600000038
55.64800000000014,1.4819999999998723e-05,292.5786,4.519806600000038
55.6579999999999,-0.00016296600000001438,288.6042,2.5309457999999267
55.66899999999987,0.00037039200000001105,289.5978,-1.4467757999998412
55.677999999999884,1.4819999999998723e-05,291.585,4.519806600000038
55.6880000000001,-0.0003407520000000136,288.6042,4.519806600000038
55.697999999999865,-0.0003407520000000136,287.6106,4.519806600000038
55.70899999999983,0.00037039200000001105,291.585,2.5309457999999267
55.71799999999985,1.4819999999998723e-05,293.5722,4.519806600000038
55.728000000000065,-0.00016296600000001438,290.59139999999996,4.519806600000038
55.73799999999983,0.00019260599999999795,290.59139999999996,4.519806600000038
55.74800000000005,-0.00016296600000001438,289.5978,4.519806600000038
55.759000000000015,0.00019260599999999795,291.585,2.5309457999999267
55.76800000000003,-0.00016296600000001438,289.5978,4.519806600000038
55.778999999999996,1.4819999999998723e-05,289.5978,2.5309457999999267
55.789000000000215,1.4819999999998723e-05,290.59139999999996,2.5309457999999267
55.79899999999998,0.0005481779999999825,292.5786,0.5420850000000428
55.8090000000002,-0.0003407520000000136,291.585,4.519806600000038
55.81899999999996,-0.0003407520000000136,290.59139999999996,4.519806600000038
55.82900000000018,-0.0003407520000000136,290.59139999999996,4.519806600000038
55.83899999999994,-0.0003407520000000136,289.5978,4.519806600000038
55.84900000000016,0.00019260599999999795,288.6042,-1.4467757999998412
55.858999999999924,-0.00016296600000001438,289.5978,2.5309457999999267
55.86900000000014,-0.00016296600000001438,289.5978,4.519806600000038
55.878999999999905,1.4819999999998723e-05,292.5786,4.519806600000038
55.889000000000124,0.00037039200000001105,289.5978,0.5420850000000428
55.89899999999989,1.4819999999998723e-05,288.6042,2.5309457999999267
55.909000000000106,1.4819999999998723e-05,289.5978,4.519806600000038
55.91899999999987,-0.00016296600000001438,290.59139999999996,4.519806600000038
55.92900000000009,-0.00016296600000001438,291.585,4.519806600000038
55.93899999999985,1.4819999999998723e-05,289.5978,0.5420850000000428
55.94900000000007,-0.00016296600000001438,289.5978,4.519806600000038
55.95899999999983,-0.0003407520000000136,288.6042,4.519806600000038
55.98700000000008,0.00037039200000001105,287.6106,0.5420850000000428
55.996000000000095,-0.0003407520000000136,292.5786,4.519806600000038
56.00599999999986,-0.00016296600000001438,291.585,4.519806600000038
56.016000000000076,-0.00016296600000001438,290.59139999999996,4.519806600000038
56.02500000000009,-0.00016296600000001438,287.6106,2.5309457999999267
56.034999999999854,-0.0003407520000000136,290.59139999999996,4.519806600000038
56.04500000000007,-0.00016296600000001438,289.5978,4.519806600000038
56.05400000000009,-0.00016296600000001438,291.585,4.519806600000038
56.06399999999985,-0.0003407520000000136,289.5978,4.519806600000038
56.07400000000007,0.00019260599999999795,286.61699999999996,0.5420850000000428
56.083000000000084,-0.00016296600000001438,289.5978,4.519806600000038
56.09299999999985,0.00019260599999999795,291.585,2.5309457999999267
56.10199999999986,-0.00016296600000001438,288.6042,2.5309457999999267
56.11200000000008,0.00019260599999999795,293.5722,2.5309457999999267
56.121999999999844,0.00019260599999999795,291.585,2.5309457999999267
56.13099999999986,1.4819999999998723e-05,292.5786,4.519806600000038
56.141000000000076,-0.00016296600000001438,290.59139999999996,4.519806600000038
56.15099999999984,-0.00016296600000001438,290.59139999999996,4.519806600000038
56.159999999999854,1.4819999999998723e-05,291.585,2.5309457999999267
56.17000000000007,-0.0003407520000000136,289.5978,4.519806600000038
56.18899999999985,-0.00016296600000001438,291.585,2.5309457999999267
56.19900000000007,-0.0005185379999999989,288.6042,4.519806600000038
56.21100000000024,0.00019260599999999795,288.6042,0.5420850000000428
56.221000000000004,-0.0003407520000000136,289.5978,4.519806600000038
56.23000000000002,1.4819999999998723e-05,293.5722,4.519806600000038
56.248999999999796,0.00019260599999999795,288.6042,0.5420850000000428
56.259000000000015,-0.00016296600000001438,289.5978,4.519806600000038
56.26900000000023,-0.00016296600000001438,289.5978,4.519806600000038
56.278999999999996,-0.0003407520000000136,290.59139999999996,4.519806600000038
56.289000000000215,-0.0003407520000000136,289.5978,4.519806600000038
56.30000000000018,0.00037039200000001105,289.5978,0.5420850000000428
56.3090000000002,0.00019260599999999795,289.5978,2.5309457999999267
56.31899999999996,-0.0005185379999999989,289.5978,6.508667400000149
56.32900000000018,0.00019260599999999795,290.59139999999996,4.519806600000038
56.340000000000146,0.00019260599999999795,289.5978,0.5420850000000428
56.34900000000016,-0.0003407520000000136,289.5978,4.519806600000038
56.358999999999924,1.4819999999998723e-05,289.5978,4.519806600000038
56.36900000000014,-0.0005185379999999989,286.61699999999996,4.519806600000038
56.378999999999905,1.4819999999998723e-05,292.5786,4.519806600000038
56.38999999999987,0.00037039200000001105,290.59139999999996,0.5420850000000428
56.40000000000009,-0.0005185379999999989,287.6106,2.5309457999999267
56.409999999999854,1.4819999999998723e-05,291.585,4.519806600000038
56.42000000000007,-0.0003407520000000136,289.5978,4.519806600000038
56.429999999999836,0.00019260599999999795,289.5978,0.5420850000000428
56.440000000000055,-0.0003407520000000136,289.5978,4.519806600000038
56.44999999999982,-0.0003407520000000136,289.5978,6.508667400000149
56.460000000000036,-0.0003407520000000136,291.585,6.508667400000149
56.4699999999998,-0.0003407520000000136,288.6042,4.519806600000038
56.48000000000002,0.00037039200000001105,287.6106,0.5420850000000428
56.49000000000024,-0.0005185379999999989,289.5978,6.508667400000149
56.5,-0.00016296600000001438,292.5786,4.519806600000038
56.51000000000022,-0.0003407520000000136,289.5978,4.519806600000038
56.51999999999998,0.00019260599999999795,288.6042,0.5420850000000428
56.5300000000002,-0.0003407520000000136,289.5978,6.508667400000149
56.539999999999964,-0.00016296600000001438,291.585,2.5309457999999267
56.55000000000018,-0.00016296600000001438,289.5978,4.519806600000038
56.559999999999945,-0.00016296600000001438,289.5978,4.519806600000038
56.570000000000164,0.00019260599999999795,289.5978,0.5420850000000428
56.57999999999993,-0.0003407520000000136,288.6042,4.519806600000038
56.590000000000146,1.4819999999998723e-05,290.59139999999996,4.519806600000038
56.59999999999991,-0.00016296600000001438,292.5786,4.519806600000038
56.61000000000013,0.00019260599999999795,287.6106,0.5420850000000428
56.61999999999989,-0.0005185379999999989,288.6042,4.519806600000038
56.63000000000011,1.4819999999998723e-05,291.585,4.519806600000038
56.63999999999987,-0.0005185379999999989,286.61699999999996,4.519806600000038
56.65000000000009,-0.00016296600000001438,288.6042,4.519806600000038
56.659999999999854,1.4819999999998723e-05,288.6042,-1.4467757999998412
56.67000000000007,-0.00016296600000001438,289.5978,2.5309457999999267
56.679999999999836,-0.00016296600000001438,290.59139999999996,4.519806600000038
56.690000000000055,1.4819999999998723e-05,291.585,2.5309457999999267
56.69999999999982,0.00019260599999999795,289.5978,0.5420850000000428
56.710000000000036,-0.00016296600000001438,291.585,6.508667400000149
56.7199999999998,-0.0003407520000000136,289.5978,4.519806600000038
56.73000000000002,-0.0003407520000000136,290.59139999999996,4.519806600000038
56.74000000000024,0.00019260599999999795,291.585,4.519806600000038
56.75,1.4819999999998723e-05,287.6106,2.5309457999999267
56.76000000000022,1.4819999999998723e-05,290.59139999999996,4.519806600000038
56.76999999999998,-0.0003407520000000136,289.5978,4.519806600000038
56.7800000000002,-0.00016296600000001438,290.59139999999996,4.519806600000038
56.789999999999964,0.00037039200000001105,291.585,0.5420850000000428
56.80000000000018,-0.0005185379999999989,287.6106,4.519806600000038
56.809999999999945,-0.0003407520000000136,288.6042,4.519806600000038
56.820000000000164,-0.00016296600000001438,290.59139999999996,2.5309457999999267
56.82999999999993,-0.00016296600000001438,290.59139999999996,4.519806600000038
56.840000000000146,-0.0003407520000000136,286.61699999999996,2.5309457999999267
56.84999999999991,-0.00016296600000001438,290.59139999999996,4.519806600000038
56.86000000000013,-0.0003407520000000136,289.5978,4.519806600000038
56.86999999999989,-0.00016296600000001438,288.6042,4.519806600000038
56.88099999999986,0.00019260599999999795,289.5978,2.5309457999999267
56.88999999999987,-0.00016296600000001438,291.585,4.519806600000038
56.90000000000009,-0.00016296600000001438,290.59139999999996,4.519806600000038
56.909999999999854,-0.00016296600000001438,288.6042,4.519806600000038
56.92000000000007,-0.00016296600000001438,290.59139999999996,4.519806600000038
56.93100000000004,0.00019260599999999795,289.5978,0.5420850000000428
56.940000000000055,-0.0005185379999999989,290.59139999999996,6.508667400000149
56.94999999999982,-0.00016296600000001438,290.59139999999996,4.519806600000038
56.960000000000036,-0.0003407520000000136,288.6042,4.519806600000038
56.971000000000004,0.00019260599999999795,291.585,0.5420850000000428
56.98000000000002,-0.00016296600000001438,290.59139999999996,4.519806600000038
56.99000000000024,1.4819999999998723e-05,289.5978,2.5309457999999267
57.0,1.4819999999998723e-05,290.59139999999996,4.519806600000038
57.01099999999997,1.4819999999998723e-05,291.585,4.519806600000038
57.021000000000186,-0.00016296600000001438,287.6106,2.5309457999999267
57.03099999999995,1.4819999999998723e-05,290.59139999999996,4.519806600000038
57.04100000000017,1.4819999999998723e-05,290.59139999999996,4.519806600000038
57.05099999999993,-0.00016296600000001438,289.5978,2.5309457999999267
57.06100000000015,0.00037039200000001105,291.585,2.5309457999999267
57.07099999999991,-0.0003407520000000136,289.5978,6.508667400000149
57.08100000000013,-0.00016296600000001438,289.5978,4.519806600000038
57.090999999999894,-0.0003407520000000136,289.5978,4.519806600000038
57.10100000000011,1.4819999999998723e-05,290.59139999999996,2.5309457999999267
57.110999999999876,0.00037039200000001105,289.5978,0.5420850000000428
57.121000000000095,-0.0003407520000000136,287.6106,4.519806600000038
57.13099999999986,-0.00016296600000001438,288.6042,4.519806600000038
57.141000000000076,-0.00016296600000001438,288.6042,2.5309457999999267
57.15099999999984,-0.0003407520000000136,291.585,6.508667400000149
57.16100000000006,-0.00016296600000001438,290.59139999999996,2.5309457999999267
57.17099999999982,1.4819999999998723e-05,291.585,2.5309457999999267
57.202000000000226,0.00019260599999999795,287.6106,-1.4467757999998412
57.221000000000004,-0.0003407520000000136,290.59139999999996,4.519806600000038
57.23100000000022,-0.00016296600000001438,291.585,4.519806600000038
57.240999999999985,1.4819999999998723e-05,287.6106,0.5420850000000428
57.251000000000204,-0.00016296600000001438,291.585,6.508667400000149
57.26099999999997,-0.0003407520000000136,289.5978,4.519806600000038
57.271000000000186,-0.0005185379999999989,288.6042,6.508667400000149
57.28099999999995,0.00019260599999999795,290.59139999999996,2.5309457999999267
57.29100000000017,1.4819999999998723e-05,287.6106,2.5309457999999267
57.30099999999993,-0.00016296600000001438,289.5978,4.519806600000038
57.31100000000015,-0.0003407520000000136,288.6042,6.508667400000149
57.32099999999991,-0.00016296600000001438,290.59139999999996,4.519806600000038
57.33100000000013,-0.0003407520000000136,286.61699999999996,2.5309457999999267
57.340999999999894,-0.00016296600000001438,290.59139999999996,4.519806600000038
57.35100000000011,-0.0003407520000000136,291.585,6.508667400000149
57.360999999999876,-0.00016296600000001438,290.59139999999996,4.519806600000038
57.371000000000095,-0.0003407520000000136,291.585,6.508667400000149
57.38099999999986,1.4819999999998723e-05,286.61699999999996,4.519806600000038
57.391000000000076,0.00019260599999999795,290.59139999999996,2.5309457999999267
57.40099999999984,-0.00016296600000001438,291.585,4.519806600000038
57.41100000000006,-0.0003407520000000136,288.6042,4.519806600000038
57.42099999999982,1.4819999999998723e-05,285.6234,0.5420850000000428
57.43100000000004,1.4819999999998723e-05,290.59139999999996,2.5309457999999267
57.4409999999998,-0.0003407520000000136,289.5978,4.519806600000038
57.45100000000002,-0.00016296600000001438,289.5978,4.519806600000038
57.46100000000024,1.4819999999998723e-05,292.5786,2.5309457999999267
57.471000000000004,0.00019260599999999795,286.61699999999996,0.5420850000000428
57.48100000000022,-0.0003407520000000136,286.61699999999996,4.519806600000038
57.490999999999985,-0.0003407520000000136,289.5978,4.519806600000038
57.501000000000204,-0.00016296600000001438,290.59139999999996,2.5309457999999267
57.51099999999997,-0.00016296600000001438,286.61699999999996,0.5420850000000428
57.521000000000186,-0.0003407520000000136,288.6042,4.519806600000038
57.53099999999995,-0.0003407520000000136,287.6106,2.5309457999999267
57.54100000000017,-0.0003407520000000136,289.5978,4.519806600000038
57.55099999999993,-0.00016296600000001438,292.5786,4.519806600000038
57.5619999999999,1.4819999999998723e-05,288.6042,0.5420850000000428
57.57099999999991,-0.00016296600000001438,288.6042,4.519806600000038
57.58100000000013,1.4819999999998723e-05,291.585,4.519806600000038
57.590999999999894,-0.0005185379999999989,289.5978,6.508667400000149
57.60199999999986,0.00019260599999999795,289.5978,0.5420850000000428
57.610999999999876,-0.00016296600000001438,289.5978,2.5309457999999267
57.621000000000095,-0.0005185379999999989,288.6042,6.508667400000149
57.63099999999986,-0.00016296600000001438,289.5978,2.5309457999999267
57.641999999999825,1.4819999999998723e-05,290.59139999999996,2.5309457999999267
57.652000000000044,1.4819999999998723e-05,286.61699999999996,0.5420850000000428
57.66199999999981,-0.0005185379999999989,291.585,6.508667400000149
57.672000000000025,-0.0003407520000000136,290.59139999999996,6.508667400000149
57.68199999999979,-0.00016296600000001438,289.5978,4.519806600000038
57.69200000000001,0.00037039200000001105,289.5978,0.5420850000000428
57.702000000000226,-0.00016296600000001438,289.5978,2.5309457999999267
57.71199999999999,-0.00016296600000001438,290.59139999999996,4.519806600000038
57.72200000000021,-0.0003407520000000136,289.5978,4.519806600000038
57.73199999999997,-0.0003407520000000136,289.5978,6.508667400000149
57.74200000000019,-0.0003407520000000136,290.59139999999996,6.508667400000149
57.75199999999995,-0.0003407520000000136,289.5978,4.519806600000038
57.78600000000006,0.00019260599999999795,285.6234,-1.4467757999998412
57.79599999999982,-0.0003407520000000136,288.6042,6.508667400000149
57.80600000000004,-0.00016296600000001438,289.5978,4.519806600000038
57.815000000000055,-0.00016296600000001438,290.59139999999996,4.519806600000038
57.82499999999982,1.4819999999998723e-05,287.6106,2.5309457999999267
57.835000000000036,-0.0003407520000000136,289.5978,4.519806600000038
57.84400000000005,-0.00016296600000001438,289.5978,4.519806600000038
57.853999999999814,-0.0003407520000000136,292.5786,6.508667400000149
57.86299999999983,-0.00016296600000001438,290.59139999999996,6.508667400000149
57.87300000000005,1.4819999999998723e-05,289.5978,0.5420850000000428
57.88299999999981,-0.0005185379999999989,288.6042,4.519806600000038
57.902000000000044,-0.0005185379999999989,287.6106,4.519806600000038
57.91199999999981,-0.00016296600000001438,289.5978,2.5309457999999267
57.922000000000025,-0.00016296600000001438,289.5978,2.5309457999999267
57.93199999999979,1.4819999999998723e-05,291.585,4.519806600000038
57.94200000000001,1.4819999999998723e-05,290.59139999999996,4.519806600000038
57.952000000000226,-0.0003407520000000136,289.5978,4.519806600000038
57.96199999999999,1.4819999999998723e-05,290.59139999999996,2.5309457999999267
57.97200000000021,-0.00016296600000001438,288.6042,4.519806600000038
57.98199999999997,-0.00016296600000001438,290.59139999999996,4.519806600000038
57.99200000000019,-0.0003407520000000136,288.6042,4.519806600000038
58.00199999999995,1.4819999999998723e-05,290.59139999999996,4.519806600000038
58.01200000000017,1.4819999999998723e-05,288.6042,2.5309457999999267
58.021999999999935,-0.0003407520000000136,290.59139999999996,4.519806600000038
58.03200000000015,0.00019260599999999795,292.5786,4.519806600000038
58.041999999999916,-0.00016296600000001438,290.59139999999996,2.5309457999999267
58.052000000000135,0.00037039200000001105,291.585,2.5309457999999267
58.0619999999999,1.4819999999998723e-05,292.5786,4.519806600000038
58.072000000000116,-0.00016296600000001438,289.5978,4.519806600000038
58.08199999999988,-0.0005185379999999989,288.6042,4.519806600000038
58.0920000000001,-0.0003407520000000136,289.5978,4.519806600000038
58.10199999999986,-0.00016296600000001438,286.61699999999996,4.519806600000038
58.11200000000008,1.4819999999998723e-05,290.59139999999996,4.519806600000038
58.121999999999844,-0.00016296600000001438,290.59139999999996,4.519806600000038
58.13200000000006,0.00019260599999999795,293.5722,2.5309457999999267
58.14300000000003,1.4819999999998723e-05,290.59139999999996,0.5420850000000428
58.152000000000044,1.4819999999998723e-05,290.59139999999996,2.5309457999999267
58.16199999999981,-0.0003407520000000136,289.5978,4.519806600000038
58.172000000000025,1.4819999999998723e-05,293.5722,4.519806600000038
58.18199999999979,1.4819999999998723e-05,291.585,4.519806600000038
58.19300000000021,1.4819999999998723e-05,289.5978,2.5309457999999267
58.202000000000226,-0.0003407520000000136,288.6042,2.5309457999999267
58.21199999999999,-0.00016296600000001438,290.59139999999996,4.519806600000038
58.22200000000021,-0.00016296600000001438,290.59139999999996,4.519806600000038
58.233000000000175,0.00019260599999999795,289.5978,-1.4467757999998412
58.24200000000019,-0.0003407520000000136,289.5978,4.519806600000038
58.25199999999995,1.4819999999998723e-05,290.59139999999996,4.519806600000038
58.26200000000017,-0.0003407520000000136,290.59139999999996,4.519806600000038
58.27300000000014,0.00019260599999999795,289.5978,0.5420850000000428
58.2829999999999,1.4819999999998723e-05,290.59139999999996,2.5309457999999267
58.29300000000012,-0.00016296600000001438,292.5786,4.519806600000038
58.302999999999884,-0.0003407520000000136,288.6042,4.519806600000038
58.3130000000001,-0.0003407520000000136,287.6106,6.508667400000149
58.322999999999865,1.4819999999998723e-05,288.6042,2.5309457999999267
58.333000000000084,-0.00016296600000001438,289.5978,2.5309457999999267
58.34299999999985,-0.00016296600000001438,289.5978,0.5420850000000428
58.353000000000065,-0.00016296600000001438,289.5978,4.519806600000038
58.36299999999983,1.4819999999998723e-05,291.585,2.5309457999999267
58.37300000000005,1.4819999999998723e-05,287.6106,2.5309457999999267
58.38299999999981,-0.0003407520000000136,287.6106,2.5309457999999267
58.39300000000003,-0.0003407520000000136,287.6106,2.5309457999999267
58.40299999999979,1.4819999999998723e-05,292.5786,2.5309457999999267
58.41300000000001,0.00019260599999999795,287.6106,0.5420850000000428
58.42300000000023,-0.0005185379999999989,288.6042,4.519806600000038
58.43299999999999,-0.0005185379999999989,288.6042,6.508667400000149
58.44300000000021,0.00019260599999999795,291.585,4.519806600000038
58.452999999999975,0.00037039200000001105,292.5786,4.519806600000038
58.46300000000019,1.4819999999998723e-05,285.6234,2.5309457999999267
58.472999999999956,-0.0003407520000000136,291.585,6.508667400000149
58.483000000000175,1.4819999999998723e-05,291.585,4.519806600000038
58.49299999999994,0.00019260599999999795,292.5786,2.5309457999999267
58.503000000000156,-0.00016296600000001438,286.61699999999996,0.5420850000000428
58.51299999999992,-0.0003407520000000136,290.59139999999996,4.519806600000038
58.52300000000014,1.4819999999998723e-05,291.585,2.5309457999999267
58.5329999999999,-0.00016296600000001438,290.59139999999996,6.508667400000149
58.54300000000012,-0.0003407520000000136,285.6234,2.5309457999999267
58.552999999999884,-0.00016296600000001438,290.59139999999996,4.519806600000038
58.5630000000001,-0.0003407520000000136,290.59139999999996,4.519806600000038
58.572999999999865,-0.0003407520000000136,287.6106,4.519806600000038
58.583000000000084,-0.00016296600000001438,291.585,6.508667400000149
58.59299999999985,-0.00016296600000001438,286.61699999999996,2.5309457999999267
58.603000000000065,-0.0003407520000000136,289.5978,4.519806600000038
58.61299999999983,-0.00016296600000001438,288.6042,4.519806600000038
58.62300000000005,1.4819999999998723e-05,289.5978,4.519806600000038
58.63299999999981,0.00019260599999999795,290.59139999999996,2.5309457999999267
58.64300000000003,1.4819999999998723e-05,289.5978,2.5309457999999267
58.65299999999979,1.4819999999998723e-05,293.5722,4.519806600000038
58.66300000000001,1.4819999999998723e-05,290.59139999999996,4.519806600000038
58.67300000000023,1.4819999999998723e-05,291.585,2.5309457999999267
58.68299999999999,-0.00016296600000001438,289.5978,2.5309457999999267
58.69300000000021,-0.00016296600000001438,288.6042,4.519806600000038
58.702999999999975,-0.00016296600000001438,289.5978,2.5309457999999267
58.71300000000019,-0.0003407520000000136,289.5978,4.519806600000038
58.722999999999956,0.00019260599999999795,286.61699999999996,2.5309457999999267
58.733000000000175,-0.0003407520000000136,287.6106,4.519806600000038
58.74299999999994,1.4819999999998723e-05,289.5978,4.519806600000038
58.753000000000156,0.00019260599999999795,291.585,2.5309457999999267
58.76299999999992,-0.0005185379999999989,287.6106,4.519806600000038
58.77399999999989,0.00037039200000001105,290.59139999999996,0.5420850000000428
58.7829999999999,-0.00016296600000001438,288.6042,4.519806600000038
58.79300000000012,-0.00016296600000001438,288.6042,2.5309457999999267
58.802999999999884,-0.00016296600000001438,291.585,4.519806600000038
58.8130000000001,1.4819999999998723e-05,289.5978,2.5309457999999267
58.822999999999865,-0.00016296600000001438,287.6106,2.5309457999999267
58.833000000000084,1.4819999999998723e-05,290.59139999999996,2.5309457999999267
58.84299999999985,-0.0003407520000000136,289.5978,6.508667400000149
58.853000000000065,1.4819999999998723e-05,294.56579999999997,6.508667400000149
58.86400000000003,1.4819999999998723e-05,287.6106,2.5309457999999267
58.87300000000005,-0.00016296600000001438,290.59139999999996,4.519806600000038
58.88299999999981,-0.0005185379999999989,287.6106,4.519806600000038
58.89300000000003,1.4819999999998723e-05,289.5978,2.5309457999999267
58.903999999999996,1.4819999999998723e-05,288.6042,0.5420850000000428
58.914000000000215,1.4819999999998723e-05,290.59139999999996,2.5309457999999267
58.92399999999998,-0.00016296600000001438,288.6042,4.519806600000038
58.9340000000002,1.4819999999998723e-05,288.6042,2.5309457999999267
58.94399999999996,-0.00016296600000001438,289.5978,4.519806600000038
58.95400000000018,0.00019260599999999795,287.6106,-1.4467757999998412
58.96399999999994,-0.0003407520000000136,287.6106,4.519806600000038
58.97400000000016,-0.00016296600000001438,290.59139999999996,4.519806600000038
58.983999999999924,-0.0003407520000000136,290.59139999999996,6.508667400000149
58.99400000000014,-0.00016296600000001438,289.5978,2.5309457999999267
59.003999999999905,-0.00016296600000001438,291.585,2.5309457999999267
59.014000000000124,1.4819999999998723e-05,291.585,4.519806600000038
59.02399999999989,-0.00016296600000001438,289.5978,2.5309457999999267
59.034000000000106,-0.0003407520000000136,289.5978,4.519806600000038
59.04399999999987,1.4819999999998723e-05,288.6042,0.5420850000000428
59.05400000000009,-0.00016296600000001438,290.59139999999996,4.519806600000038
59.06399999999985,-0.0003407520000000136,289.5978,4.519806600000038
59.07400000000007,-0.00016296600000001438,289.5978,6.508667400000149
59.08399999999983,1.4819999999998723e-05,292.5786,4.519806600000038
59.09400000000005,-0.00016296600000001438,290.59139999999996,4.519806600000038
59.103999999999814,-0.0003407520000000136,287.6106,4.519806600000038
59.11400000000003,-0.0003407520000000136,287.6106,2.5309457999999267
59.13700000000017,1.4819999999998723e-05,285.6234,-1.4467757999998412
59.146000000000186,-0.0005185379999999989,288.6042,6.508667400000149
59.15599999999995,-0.0003407520000000136,290.59139999999996,6.508667400000149
59.164999999999964,-0.0003407520000000136,288.6042,4.519806600000038
59.17500000000018,-0.00016296600000001438,290.59139999999996,2.5309457999999267
59.184999999999945,1.4819999999998723e-05,291.585,4.519806600000038
59.20400000000018,1.4819999999998723e-05,289.5978,2.5309457999999267
59.21399999999994,1.4819999999998723e-05,291.585,2.5309457999999267
59.22400000000016,0.00019260599999999795,290.59139999999996,2.5309457999999267
59.233999999999924,-0.00016296600000001438,290.59139999999996,4.519806600000038
59.24400000000014,0.00019260599999999795,290.59139999999996,2.5309457999999267
59.253999999999905,-0.0003407520000000136,289.5978,4.519806600000038
59.264000000000124,1.4819999999998723e-05,290.59139999999996,2.5309457999999267
59.27399999999989,-0.00016296600000001438,290.59139999999996,4.519806600000038
59.284000000000106,-0.0003407520000000136,290.59139999999996,6.508667400000149
59.29399999999987,-0.00016296600000001438,289.5978,4.519806600000038
59.31700000000001,1.4819999999998723e-05,285.6234,0.5420850000000428
59.32600000000002,-0.00016296600000001438,289.5978,4.519806600000038
59.33600000000024,1.4819999999998723e-05,291.585,2.5309457999999267
59.3449999999998,-0.0003407520000000136,289.5978,4.519806600000038
59.35500000000002,0.00037039200000001105,289.5978,0.5420850000000428
59.373999999999796,1.4819999999998723e-05,291.585,2.5309457999999267
59.384000000000015,-0.0003407520000000136,288.6042,2.5309457999999267
59.39400000000023,-0.00016296600000001438,290.59139999999996,4.519806600000038
59.4050000000002,1.4819999999998723e-05,290.59139999999996,0.5420850000000428
59.414000000000215,0.00019260599999999795,291.585,0.5420850000000428
59.42399999999998,-0.0005185379999999989,290.59139999999996,6.508667400000149
59.4340000000002,-0.00016296600000001438,289.5978,2.5309457999999267
59.445000000000164,0.00019260599999999795,292.5786,2.5309457999999267
59.45400000000018,-0.0003407520000000136,290.59139999999996,4.519806600000038
59.46399999999994,0.00019260599999999795,291.585,2.5309457999999267
59.47400000000016,-0.0003407520000000136,290.59139999999996,6.508667400000149
59.483999999999924,1.4819999999998723e-05,288.6042,2.5309457999999267
59.49499999999989,1.4819999999998723e-05,289.5978,2.5309457999999267
59.503999999999905,-0.00016296600000001438,290.59139999999996,4.519806600000038
59.514000000000124,-0.00016296600000001438,291.585,4.519806600000038
59.52399999999989,-0.00016296600000001438,290.59139999999996,2.5309457999999267
59.534999999999854,0.00019260599999999795,289.5978,0.5420850000000428
59.54500000000007,-0.0003407520000000136,291.585,4.519806600000038
59.554999999999836,-0.00016296600000001438,290.59139999999996,4.519806600000038
59.565000000000055,-0.00016296600000001438,291.585,4.519806600000038
59.57499999999982,1.4819999999998723e-05,290.59139999999996,4.519806600000038
59.585000000000036,0.00019260599999999795,288.6042,-1.4467757999998412
59.5949999999998,-0.00016296600000001438,289.5978,4.519806600000038
59.60500000000002,1.4819999999998723e-05,288.6042,4.519806600000038
59.61500000000024,1.4819999999998723e-05,291.585,4.519806600000038
59.625,1.4819999999998723e-05,290.59139999999996,2.5309457999999267
59.63500000000022,-0.00016296600000001438,291.585,6.508667400000149
59.64499999999998,1.4819999999998723e-05,290.59139999999996,2.5309457999999267
59.6550000000002,-0.00016296600000001438,288.6042,4.519806600000038
59.664999999999964,0.00019260599999999795,292.5786,4.519806600000038
59.67500000000018,0.00019260599999999795,286.61699999999996,-1.4467757999998412
59.684999999999945,-0.0003407520000000136,289.5978,4.519806600000038
59.695000000000164,-0.00016296600000001438,291.585,4.519806600000038
59.70499999999993,-0.00016296600000001438,289.5978,4.519806600000038
59.715000000000146,-0.00016296600000001438,288.6042,2.5309457999999267
59.72499999999991,1.4819999999998723e-05,289.5978,2.5309457999999267
59.73500000000013,-0.0003407520000000136,290.59139999999996,4.519806600000038
59.74499999999989,-0.00016296600000001438,290.59139999999996,4.519806600000038
59.75500000000011,1.4819999999998723e-05,288.6042,2.5309457999999267
59.76499999999987,0.00037039200000001105,288.6042,0.5420850000000428
59.77500000000009,1.4819999999998723e-05,292.5786,4.519806600000038
59.784999999999854,1.4819999999998723e-05,290.59139999999996,4.519806600000038
59.79500000000007,-0.00016296600000001438,289.5978,4.519806600000038
59.804999999999836,1.4819999999998723e-05,287.6106,0.5420850000000428
59.815000000000055,-0.00016296600000001438,289.5978,4.519806600000038
59.82499999999982,-0.00016296600000001438,292.5786,4.519806600000038
59.835000000000036,-0.00016296600000001438,289.5978,4.519806600000038
59.8449999999998,1.4819999999998723e-05,290.59139999999996,4.519806600000038
59.85500000000002,0.00019260599999999795,289.5978,0.5420850000000428
59.86500000000024,-0.00016296600000001438,287.6106,4.519806600000038
59.875,0.00019260599999999795,290.59139999999996,4.519806600000038
59.88500000000022,-0.00016296600000001438,289.5978,4.519806600000038
59.89499999999998,1.4819999999998723e-05,286.61699999999996,2.5309457999999267
59.9050000000002,0.00019260599999999795,291.585,2.5309457999999267
59.914999999999964,-0.00016296600000001438,292.5786,4.519806600000038
59.92500000000018,-0.00016296600000001438,289.5978,2.5309457999999267
59.934999999999945,-0.00016296600000001438,290.59139999999996,4.519806600000038
59.945000000000164,0.00037039200000001105,289.5978,0.5420850000000428
59.95499999999993,-0.00016296600000001438,289.5978,2.5309457999999267
59.965000000000146,-0.0003407520000000136,288.6042,4.519806600000038
59.97499999999991,-0.0003407520000000136,288.6042,4.519806600000038
59.98500000000013,-0.00016296600000001438,287.6106,0.5420850000000428
59.99499999999989,-0.00016296600000001438,291.585,4.519806600000038
60.00500000000011,-0.0003407520000000136,290.59139999999996,6.508667400000149
60.01499999999987,-0.00016296600000001438,289.5978,4.519806600000038
60.02500000000009,-0.0003407520000000136,289.5978,4.519806600000038
60.03600000000006,-0.00016296600000001438,289.5978,2.5309457999999267
60.04500000000007,-0.0003407520000000136,288.6042,2.5309457999999267
60.08199999999988,1.4819999999998723e-05,285.6234,-1.4467757999998412
60.090999999999894,-0.0005185379999999989,288.6042,6.508667400000149
60.10100000000011,-0.0005185379999999989,288.6042,6.508667400000149
60.11000000000013,-0.00016296600000001438,291.585,4.519806600000038
60.11999999999989,0.00037039200000001105,289.5978,0.5420850000000428
60.13000000000011,-0.00016296600000001438,289.5978,2.5309457999999267
60.139000000000124,-0.00016296600000001438,291.585,4.519806600000038
60.14899999999989,1.4819999999998723e-05,290.59139999999996,2.5309457999999267
60.1579999999999,1.4819999999998723e-05,290.59139999999996,2.5309457999999267
60.16800000000012,1.4819999999998723e-05,288.6042,0.5420850000000428
60.177999999999884,-0.00016296600000001438,290.59139999999996,2.5309457999999267
60.1880000000001,1.4819999999998723e-05,288.6042,4.519806600000038
60.197000000000116,-0.00016296600000001438,290.59139999999996,4.519806600000038
60.20699999999988,1.4819999999998723e-05,290.59139999999996,2.5309457999999267
60.215999999999894,1.4819999999998723e-05,284.6298,0.5420850000000428
60.235999999999876,-0.00016296600000001438,286.61699999999996,2.5309457999999267
60.246000000000095,-0.00016296600000001438,291.585,4.519806600000038
60.25599999999986,-0.00016296600000001438,290.59139999999996,4.519806600000038
60.266000000000076,1.4819999999998723e-05,288.6042,2.5309457999999267
60.27599999999984,1.4819999999998723e-05,290.59139999999996,4.519806600000038
60.28600000000006,-0.00016296600000001438,290.59139999999996,4.519806600000038
60.29599999999982,-0.00016296600000001438,292.5786,4.519806600000038
60.30600000000004,-0.00016296600000001438,287.6106,0.5420850000000428
60.3159999999998,-0.0003407520000000136,288.6042,6.508667400000149
60.32600000000002,-0.00016296600000001438,288.6042,4.519806600000038
60.33600000000024,-0.0003407520000000136,289.5978,6.508667400000149
60.346000000000004,1.4819999999998723e-05,289.5978,2.5309457999999267
60.35600000000022,-0.00016296600000001438,288.6042,4.519806600000038
60.365999999999985,-0.0003407520000000136,290.59139999999996,6.508667400000149
60.376000000000204,-0.00016296600000001438,291.585,4.519806600000038
60.38599999999997,-0.00016296600000001438,291.585,4.519806600000038
60.396000000000186,-0.00016296600000001438,286.61699999999996,0.5420850000000428
60.40599999999995,0.00019260599999999795,291.585,2.5309457999999267
60.41600000000017,-0.00016296600000001438,291.585,4.519806600000038
60.42599999999993,0.00019260599999999795,290.59139999999996,4.519806600000038
60.43600000000015,1.4819999999998723e-05,290.59139999999996,2.5309457999999267
60.44599999999991,-0.00016296600000001438,289.5978,4.519806600000038
60.45600000000013,1.4819999999998723e-05,290.59139999999996,4.519806600000038
60.465999999999894,-0.00016296600000001438,288.6042,4.519806600000038
60.47600000000011,-0.00016296600000001438,291.585,4.519806600000038
60.485999999999876,1.4819999999998723e-05,287.6106,2.5309457999999267
60.496000000000095,-0.00016296600000001438,291.585,4.519806600000038
60.50599999999986,-0.00016296600000001438,289.5978,4.519806600000038
60.516000000000076,-0.00016296600000001438,289.5978,2.5309457999999267
60.52599999999984,0.00019260599999999795,290.59139999999996,2.5309457999999267
60.53600000000006,-0.0003407520000000136,289.5978,4.519806600000038
60.54599999999982,-0.00016296600000001438,290.59139999999996,4.519806600000038
60.55600000000004,-0.00016296600000001438,290.59139999999996,6.508667400000149
60.5659999999998,-0.00016296600000001438,290.59139999999996,4.519806600000038
60.57600000000002,1.4819999999998723e-05,287.6106,2.5309457999999267
60.58600000000024,-0.00016296600000001438,292.5786,4.519806600000038
60.596000000000004,-0.00016296600000001438,291.585,4.519806600000038
60.60600000000022,-0.00016296600000001438,289.5978,4.519806600000038
60.61700000000019,1.4819999999998723e-05,289.5978,0.5420850000000428
60.626000000000204,1.4819999999998723e-05,289.5978,4.519806600000038
60.63599999999997,-0.00016296600000001438,287.6106,2.5309457999999267
60.646000000000186,1.4819999999998723e-05,290.59139999999996,2.5309457999999267
60.65599999999995,1.4819999999998723e-05,290.59139999999996,2.5309457999999267
60.666999999999916,0.00037039200000001105,289.5978,0.5420850000000428
60.67599999999993,-0.00016296600000001438,288.6042,2.5309457999999267
60.68600000000015,-0.00016296600000001438,288.6042,2.5309457999999267
60.69599999999991,-0.0003407520000000136,288.6042,4.519806600000038
60.71199999999999,1.4819999999998723e-05,288.6042,0.5420850000000428
60.721000000000004,-0.0003407520000000136,289.5978,4.519806600000038
60.73100000000022,-0.00016296600000001438,291.585,4.519806600000038
60.74000000000024,-0.00016296600000001438,291.585,4.519806600000038
60.75,1.4819999999998723e-05,287.6106,0.5420850000000428
60.76000000000022,-0.00016296600000001438,289.5978,2.5309457999999267
60.76900000000023,-0.00016296600000001438,288.6042,2.5309457999999267
60.778999999999996,-0.00016296600000001438,290.59139999999996,2.5309457999999267
60.789000000000215,1.4819999999998723e-05,290.59139999999996,2.5309457999999267
60.79800000000023,0.00037039200000001105,289.5978,0.5420850000000428
60.80799999999999,-0.00016296600000001438,291.585,4.519806600000038
60.81800000000021,1.4819999999998723e-05,291.585,2.5309457999999267
60.83699999999999,-0.0003407520000000136,289.5978,4.519806600000038
60.84700000000021,1.4819999999998723e-05,287.6106,2.5309457999999267
60.85699999999997,1.4819999999998723e-05,293.5722,4.519806600000038
60.86700000000019,1.4819999999998723e-05,289.5978,2.5309457999999267
60.87699999999995,-0.00016296600000001438,290.59139999999996,4.519806600000038
60.88700000000017,-0.00016296600000001438,288.6042,2.5309457999999267
60.896999999999935,-0.00016296600000001438,289.5978,2.5309457999999267
60.90700000000015,-0.0003407520000000136,288.6042,4.519806600000038
60.916999999999916,0.00037039200000001105,293.5722,2.5309457999999267
60.927000000000135,0.00019260599999999795,292.5786,4.519806600000038
60.9369999999999,0.00019260599999999795,286.61699999999996,2.5309457999999267
60.947000000000116,0.00019260599999999795,290.59139999999996,2.5309457999999267
60.95699999999988,-0.00016296600000001438,288.6042,2.5309457999999267
60.9670000000001,-0.00016296600000001438,289.5978,2.5309457999999267
60.97699999999986,-0.0003407520000000136,287.6106,2.5309457999999267
60.98700000000008,-0.00016296600000001438,290.59139999999996,4.519806600000038
60.996999999999844,-0.0003407520000000136,286.61699999999996,2.5309457999999267
61.00700000000006,-0.00016296600000001438,288.6042,4.519806600000038
61.016999999999825,-0.0003407520000000136,288.6042,2.5309457999999267
61.027000000000044,1.4819999999998723e-05,288.6042,0.5420850000000428
61.03699999999981,-0.00016296600000001438,287.6106,4.519806600000038
61.047000000000025,-0.00016296600000001438,288.6042,4.519806600000038
61.05699999999979,1.4819999999998723e-05,290.59139999999996,2.5309457999999267
61.06700000000001,1.4819999999998723e-05,287.6106,2.5309457999999267
61.077000000000226,-0.0003407520000000136,289.5978,4.519806600000038
61.08699999999999,-0.00016296600000001438,288.6042,4.519806600000038
61.09700000000021,-0.00016296600000001438,289.5978,4.519806600000038
61.10699999999997,1.4819999999998723e-05,291.585,2.5309457999999267
61.11700000000019,1.4819999999998723e-05,288.6042,2.5309457999999267
61.12699999999995,-0.0005185379999999989,288.6042,4.519806600000038
61.13700000000017,0.00019260599999999795,292.5786,2.5309457999999267
61.146999999999935,-0.00016296600000001438,290.59139999999996,4.519806600000038
61.15700000000015,0.00019260599999999795,289.5978,2.5309457999999267
61.166999999999916,-0.0003407520000000136,289.5978,4.519806600000038
61.177000000000135,-0.00016296600000001438,288.6042,2.5309457999999267
61.1869999999999,-0.0003407520000000136,291.585,4.519806600000038
61.197000000000116,0.00019260599999999795,290.59139999999996,2.5309457999999267
61.20699999999988,0.00019260599999999795,288.6042,2.5309457999999267
61.2170000000001,1.4819999999998723e-05,289.5978,2.5309457999999267
61.22699999999986,-0.00016296600000001438,288.6042,2.5309457999999267
61.23700000000008,1.4819999999998723e-05,291.585,4.519806600000038
61.246999999999844,1.4819999999998723e-05,287.6106,0.5420850000000428
61.25700000000006,1.4819999999998723e-05,289.5978,2.5309457999999267
61.266999999999825,-0.00016296600000001438,289.5978,4.519806600000038
61.277000000000044,0.00019260599999999795,293.5722,4.519806600000038
61.28699999999981,1.4819999999998723e-05,291.585,4.519806600000038
61.297000000000025,1.4819999999998723e-05,288.6042,2.5309457999999267
61.30699999999979,-0.00016296600000001438,288.6042,4.519806600000038
61.31700000000001,1.4819999999998723e-05,290.59139999999996,4.519806600000038
61.327000000000226,1.4819999999998723e-05,290.59139999999996,4.519806600000038
61.33800000000019,0.00037039200000001105,292.5786,2.5309457999999267
61.34700000000021,1.4819999999998723e-05,290.59139999999996,2.5309457999999267
61.35699999999997,-0.00016296600000001438,288.6042,2.5309457999999267
61.36700000000019,-0.00016296600000001438,288.6042,4.519806600000038
61.378000000000156,1.4819999999998723e-05,292.5786,4.519806600000038
61.38799999999992,1.4819999999998723e-05,286.61699999999996,0.5420850000000428
61.396999999999935,-0.0003407520000000136,286.61699999999996,4.519806600000038
61.4079999999999,1.4819999999998723e-05,290.59139999999996,4.519806600000038
61.41800000000012,1.4819999999998723e-05,291.585,6.508667400000149
61.427999999999884,-0.00016296600000001438,291.585,4.519806600000038
61.4380000000001,-0.0005185379999999989,288.6042,4.519806600000038
61.447999999999865,-0.00016296600000001438,289.5978,4.519806600000038
61.47699999999986,0.00019260599999999795,288.6042,0.5420850000000428
61.48700000000008,1.4819999999998723e-05,290.59139999999996,4.519806600000038
61.496999999999844,-0.00016296600000001438,290.59139999999996,2.5309457999999267
61.50599999999986,-0.00016296600000001438,289.5978,4.519806600000038
61.516000000000076,1.4819999999998723e-05,290.59139999999996,4.519806600000038
61.52500000000009,-0.0005185379999999989,288.6042,6.508667400000149
61.534999999999854,-0.00016296600000001438,290.59139999999996,4.519806600000038
61.54500000000007,-0.00016296600000001438,293.5722,4.519806600000038
61.55400000000009,-0.0005185379999999989,288.6042,4.519806600000038
61.56399999999985,0.00037039200000001105,289.5978,0.5420850000000428
61.57400000000007,1.4819999999998723e-05,292.5786,4.519806600000038
61.583000000000084,-0.00016296600000001438,291.585,2.5309457999999267
61.59299999999985,-0.00016296600000001438,290.59139999999996,2.5309457999999267
61.60199999999986,0.00037039200000001105,290.59139999999996,2.5309457999999267
61.61200000000008,1.4819999999998723e-05,288.6042,0.5420850000000428
61.621999999999844,-0.00016296600000001438,289.5978,4.519806600000038
61.63099999999986,-0.0003407520000000136,289.5978,4.519806600000038
61.641000000000076,-0.00016296600000001438,290.59139999999996,4.519806600000038
61.65099999999984,0.00019260599999999795,290.59139999999996,2.5309457999999267
61.659999999999854,-0.0003407520000000136,289.5978,4.519806600000038
61.67000000000007,-0.0003407520000000136,288.6042,4.519806600000038
61.67900000000009,-0.00016296600000001438,291.585,4.519806600000038
61.68899999999985,0.00019260599999999795,292.5786,4.519806600000038
61.69900000000007,-0.00016296600000001438,288.6042,0.5420850000000428
61.71799999999985,-0.00016296600000001438,291.585,4.519806600000038
61.728000000000065,-0.00016296600000001438,291.585,4.519806600000038
61.73799999999983,-0.00016296600000001438,289.5978,4.519806600000038
61.74800000000005,1.4819999999998723e-05,288.6042,2.5309457999999267
61.75799999999981,-0.00016296600000001438,289.5978,2.5309457999999267
61.76800000000003,-0.00016296600000001438,287.6106,2.5309457999999267
61.77799999999979,1.4819999999998723e-05,291.585,2.5309457999999267
61.78800000000001,0.00019260599999999795,287.6106,0.5420850000000428
61.79800000000023,-0.0003407520000000136,288.6042,4.519806600000038
61.80799999999999,-0.00016296600000001438,290.59139999999996,4.519806600000038
61.81800000000021,-0.00016296600000001438,290.59139999999996,4.519806600000038
61.827999999999975,-0.00016296600000001438,286.61699999999996,2.5309457999999267
61.83800000000019,1.4819999999998723e-05,289.5978,2.5309457999999267
61.847999999999956,-0.00016296600000001438,289.5978,4.519806600000038
61.858000000000175,-0.00016296600000001438,289.5978,2.5309457999999267
61.86799999999994,1.4819999999998723e-05,290.59139999999996,2.5309457999999267
61.878999999999905,0.00037039200000001105,291.585,2.5309457999999267
61.88799999999992,-0.0003407520000000136,290.59139999999996,4.519806600000038
61.89800000000014,-0.0003407520000000136,289.5978,2.5309457999999267
61.9079999999999,-0.0003407520000000136,288.6042,6.508667400000149
61.91800000000012,0.00019260599999999795,289.5978,2.5309457999999267
61.927999999999884,1.4819999999998723e-05,289.5978,2.5309457999999267
61.9380000000001,1.4819999999998723e-05,289.5978,4.519806600000038
61.947999999999865,-0.0003407520000000136,290.59139999999996,6.508667400000149
61.958000000000084,-0.00016296600000001438,293.5722,6.508667400000149
61.96900000000005,0.00037039200000001105,292.5786,0.5420850000000428
61.978000000000065,-0.00016296600000001438,289.5978,2.5309457999999267
61.98799999999983,-0.0003407520000000136,288.6042,6.508667400000149
61.99800000000005,-0.00016296600000001438,289.5978,4.519806600000038
62.009000000000015,-0.00016296600000001438,289.5978,4.519806600000038
62.01800000000003,-0.00016296600000001438,288.6042,4.519806600000038
62.02799999999979,-0.0003407520000000136,288.6042,4.519806600000038
62.0619999999999,1.4819999999998723e-05,287.6106,0.5420850000000428
62.07099999999991,-0.00016296600000001438,287.6106,2.5309457999999267
62.08100000000013,-0.00016296600000001438,290.59139999999996,4.519806600000038
62.090999999999894,-0.00016296600000001438,289.5978,4.519806600000038
62.09999999999991,0.00037039200000001105,291.585,2.5309457999999267
62.11000000000013,-0.0003407520000000136,290.59139999999996,4.519806600000038
62.11999999999989,-0.0005185379999999989,289.5978,6.508667400000149
62.139000000000124,-0.00016296600000001438,290.59139999999996,4.519806600000038
62.14899999999989,-0.00016296600000001438,287.6106,2.5309457999999267
62.159000000000106,-0.00016296600000001438,290.59139999999996,2.5309457999999267
62.16899999999987,-0.00016296600000001438,290.59139999999996,4.519806600000038
62.17900000000009,-0.0005185379999999989,289.5978,6.508667400000149
62.18899999999985,-0.0003407520000000136,287.6106,2.5309457999999267
62.19900000000007,-0.00016296600000001438,292.5786,6.508667400000149
62.20899999999983,-0.00016296600000001438,289.5978,6.508667400000149
62.21900000000005,-0.00016296600000001438,289.5978,4.519806600000038
62.228999999999814,-0.00016296600000001438,289.5978,4.519806600000038
62.23900000000003,1.4819999999998723e-05,289.5978,0.5420850000000428
62.248999999999796,-0.00016296600000001438,288.6042,4.519806600000038
62.259000000000015,-0.00016296600000001438,289.5978,4.519806600000038
62.26900000000023,-0.0003407520000000136,288.6042,4.519806600000038
62.278999999999996,0.00019260599999999795,287.6106,2.5309457999999267
62.289000000000215,0.00019260599999999795,291.585,4.519806600000038
62.29899999999998,-0.00016296600000001438,289.5978,4.519806600000038
62.3090000000002,-0.00016296600000001438,291.585,6.508667400000149
62.31899999999996,-0.0003407520000000136,290.59139999999996,4.519806600000038
62.32900000000018,-0.00016296600000001438,287.6106,2.5309457999999267
62.33899999999994,-0.0005185379999999989,289.5978,4.519806600000038
62.34900000000016,-0.00016296600000001438,289.5978,4.519806600000038
62.358999999999924,1.4819999999998723e-05,289.5978,2.5309457999999267
62.36900000000014,0.00037039200000001105,289.5978,0.5420850000000428
62.378999999999905,-0.00016296600000001438,290.59139999999996,4.519806600000038
62.389000000000124,1.4819999999998723e-05,291.585,4.519806600000038
62.39899999999989,-0.00016296600000001438,289.5978,4.519806600000038
62.409000000000106,-0.0003407520000000136,290.59139999999996,4.519806600000038
62.41899999999987,0.00019260599999999795,289.5978,2.5309457999999267
62.42900000000009,1.4819999999998723e-05,291.585,4.519806600000038
62.43899999999985,1.4819999999998723e-05,291.585,2.5309457999999267
62.44900000000007,-0.00016296600000001438,289.5978,4.519806600000038
62.45899999999983,1.4819999999998723e-05,288.6042,0.5420850000000428
62.46900000000005,1.4819999999998723e-05,290.59139999999996,4.519806600000038
62.478999999999814,-0.0003407520000000136,288.6042,2.5309457999999267
62.48900000000003,-0.00016296600000001438,290.59139999999996,4.519806600000038
62.498999999999796,1.4819999999998723e-05,289.5978,0.5420850000000428
62.509000000000015,0.00019260599999999795,285.6234,-1.4467757999998412
62.51900000000023,-0.00016296600000001438,290.59139999999996,4.519806600000038
62.528999999999996,-0.00016296600000001438,288.6042,4.519806600000038
62.539000000000215,-0.00016296600000001438,291.585,4.519806600000038
62.54899999999998,0.00037039200000001105,288.6042,-1.4467757999998412
62.5590000000002,-0.00016296600000001438,287.6106,2.5309457999999267
62.56899999999996,-0.00016296600000001438,289.5978,2.5309457999999267
62.57900000000018,-0.00016296600000001438,289.5978,4.519806600000038
62.58899999999994,-0.00016296600000001438,290.59139999999996,6.508667400000149
62.59999999999991,1.4819999999998723e-05,289.5978,2.5309457999999267
62.608999999999924,1.4819999999998723e-05,290.59139999999996,4.519806600000038
62.61900000000014,-0.00016296600000001438,291.585,6.508667400000149
62.628999999999905,-0.00016296600000001438,290.59139999999996,4.519806600000038
62.63999999999987,-0.00016296600000001438,289.5978,2.5309457999999267
62.64899999999989,-0.00016296600000001438,290.59139999999996,4.519806600000038
62.659999999999854,-0.0003407520000000136,291.585,4.519806600000038
62.67000000000007,1.4819999999998723e-05,290.59139999999996,2.5309457999999267
62.679999999999836,-0.00016296600000001438,289.5978,4.519806600000038
62.690000000000055,1.4819999999998723e-05,287.6106,0.5420850000000428
62.69999999999982,1.4819999999998723e-05,291.585,2.5309457999999267
62.710000000000036,-0.00016296600000001438,289.5978,4.519806600000038
62.7199999999998,0.00019260599999999795,292.5786,2.5309457999999267
62.73000000000002,0.00019260599999999795,289.5978,2.5309457999999267
62.74000000000024,-0.00016296600000001438,288.6042,2.5309457999999267
62.75,-0.00016296600000001438,289.5978,4.519806600000038
62.76000000000022,-0.00016296600000001438,291.585,4.519806600000038
62.76999999999998,1.4819999999998723e-05,289.5978,2.5309457999999267
62.7800000000002,0.00037039200000001105,289.5978,0.5420850000000428
62.789999999999964,-0.00016296600000001438,289.5978,4.519806600000038
62.80000000000018,1.4819999999998723e-05,289.5978,4.519806600000038
62.809999999999945,1.4819999999998723e-05,289.5978,4.519806600000038
62.820000000000164,0.00037039200000001105,289.5978,-1.4467757999998412
62.82999999999993,-0.0003407520000000136,286.61699999999996,4.519806600000038
62.840000000000146,-0.00016296600000001438,292.5786,2.5309457999999267
62.84999999999991,-0.00016296600000001438,289.5978,4.519806600000038
62.86000000000013,-0.0003407520000000136,290.59139999999996,4.519806600000038
62.86999999999989,0.00019260599999999795,287.6106,-1.4467757999998412
62.88000000000011,-0.00016296600000001438,287.6106,4.519806600000038
62.88999999999987,-0.0003407520000000136,288.6042,4.519806600000038
62.90000000000009,1.4819999999998723e-05,290.59139999999996,2.5309457999999267
62.909999999999854,0.0005481779999999825,291.585,2.5309457999999267
62.92000000000007,1.4819999999998723e-05,291.585,2.5309457999999267
62.929999999999836,-0.00016296600000001438,288.6042,4.519806600000038
62.940000000000055,-0.00016296600000001438,288.6042,4.519806600000038
62.94999999999982,1.4819999999998723e-05,291.585,4.519806600000038
62.960000000000036,1.4819999999998723e-05,290.59139999999996,2.5309457999999267
62.9699999999998,-0.00016296600000001438,291.585,4.519806600000038
62.98000000000002,1.4819999999998723e-05,289.5978,4.519806600000038
62.99000000000024,-0.00016296600000001438,289.5978,4.519806600000038
63.0,0.00019260599999999795,291.585,2.5309457999999267
63.01000000000022,1.4819999999998723e-05,290.59139999999996,4.519806600000038
63.01999999999998,-0.00016296600000001438,290.59139999999996,4.519806600000038
63.0300000000002,-0.00016296600000001438,290.59139999999996,4.519806600000038
63.039999999999964,-0.0005185379999999989,287.6106,4.519806600000038
63.05000000000018,1.4819999999998723e-05,285.6234,-1.4467757999998412
63.059999999999945,-0.0003407520000000136,289.5978,4.519806600000038
63.070000000000164,-0.0003407520000000136,289.5978,6.508667400000149
63.07999999999993,-0.0003407520000000136,288.6042,4.519806600000038
63.090000000000146,0.00037039200000001105,292.5786,2.5309457999999267
63.09999999999991,-0.00016296600000001438,289.5978,4.519806600000038
63.11000000000013,-0.0003407520000000136,289.5978,6.508667400000149
63.11999999999989,-0.00016296600000001438,290.59139999999996,4.519806600000038
63.13000000000011,-0.00016296600000001438,289.5978,4.519806600000038
63.13999999999987,1.4819999999998723e-05,286.61699999999996,0.5420850000000428
63.15000000000009,-0.00016296600000001438,288.6042,2.5309457999999267
63.159999999999854,1.4819999999998723e-05,291.585,4.519806600000038
63.17000000000007,-0.00016296600000001438,288.6042,4.519806600000038
63.18100000000004,1.4819999999998723e-05,291.585,2.5309457999999267
63.190000000000055,0.00019260599999999795,290.59139999999996,4.519806600000038
63.19999999999982,-0.00016296600000001438,290.59139999999996,6.508667400000149
63.210000000000036,0.00019260599999999795,291.585,2.5309457999999267
63.2199999999998,-0.00016296600000001438,291.585,4.519806600000038
63.23100000000022,0.00019260599999999795,288.6042,0.5420850000000428
63.24000000000024,-0.00016296600000001438,288.6042,4.519806600000038
63.25,-0.00016296600000001438,290.59139999999996,4.519806600000038
63.26000000000022,-0.0003407520000000136,290.59139999999996,4.519806600000038
63.271000000000186,0.00019260599999999795,289.5978,0.5420850000000428
63.2800000000002,1.4819999999998723e-05,289.5978,2.5309457999999267
63.29100000000017,0.00019260599999999795,291.585,2.5309457999999267
63.30099999999993,-0.0005185379999999989,288.6042,6.508667400000149
63.31100000000015,1.4819999999998723e-05,291.585,4.519806600000038
63.32099999999991,0.00019260599999999795,285.6234,0.5420850000000428
63.33100000000013,1.4819999999998723e-05,292.5786,4.519806600000038
63.340999999999894,-0.00016296600000001438,290.59139999999996,4.519806600000038
63.35100000000011,-0.0003407520000000136,288.6042,4.519806600000038
63.360999999999876,1.4819999999998723e-05,286.61699999999996,4.519806600000038
63.371000000000095,1.4819999999998723e-05,289.5978,2.5309457999999267
63.38099999999986,-0.00016296600000001438,289.5978,2.5309457999999267
63.391000000000076,-0.00016296600000001438,289.5978,2.5309457999999267
63.40099999999984,-0.0003407520000000136,288.6042,4.519806600000038
63.41100000000006,1.4819999999998723e-05,289.5978,2.5309457999999267
63.42099999999982,-0.00016296600000001438,291.585,4.519806600000038
63.43100000000004,1.4819999999998723e-05,292.5786,4.519806600000038
63.4409999999998,1.4819999999998723e-05,292.5786,4.519806600000038
63.45100000000002,1.4819999999998723e-05,289.5978,2.5309457999999267
63.46100000000024,-0.0003407520000000136,288.6042,2.5309457999999267
63.471000000000004,-0.00016296600000001438,291.585,4.519806600000038
63.48100000000022,-0.00016296600000001438,291.585,4.519806600000038
63.490999999999985,-0.00016296600000001438,291.585,6.508667400000149
63.501000000000204,-0.00016296600000001438,285.6234,0.5420850000000428
63.51099999999997,-0.0003407520000000136,288.6042,4.519806600000038
63.521000000000186,1.4819999999998723e-05,291.585,2.5309457999999267
63.53099999999995,-0.0003407520000000136,288.6042,4.519806600000038
63.54100000000017,1.4819999999998723e-05,289.5978,4.519806600000038
63.55099999999993,-0.00016296600000001438,289.5978,2.5309457999999267
63.56100000000015,-0.00016296600000001438,291.585,4.519806600000038
63.57099999999991,-0.00016296600000001438,289.5978,4.519806600000038
63.58100000000013,-0.00016296600000001438,291.585,6.508667400000149
63.590999999999894,0.00037039200000001105,287.6106,0.5420850000000428
63.60100000000011,-0.00016296600000001438,289.5978,4.519806600000038
63.610999999999876,1.4819999999998723e-05,290.59139999999996,4.519806600000038
63.621000000000095,-0.0005185379999999989,290.59139999999996,6.508667400000149
63.63099999999986,1.4819999999998723e-05,287.6106,2.5309457999999267
63.641000000000076,1.4819999999998723e-05,292.5786,4.519806600000038
63.65099999999984,-0.00016296600000001438,288.6042,2.5309457999999267
63.66100000000006,-0.0003407520000000136,288.6042,4.519806600000038
63.67099999999982,0.00019260599999999795,290.59139999999996,2.5309457999999267
63.68100000000004,0.00019260599999999795,287.6106,-1.4467757999998412
63.6909999999998,1.4819999999998723e-05,289.5978,4.519806600000038
63.70100000000002,1.4819999999998723e-05,292.5786,4.519806600000038
63.71100000000024,-0.0003407520000000136,286.61699999999996,2.5309457999999267
63.721000000000004,0.00037039200000001105,290.59139999999996,2.5309457999999267
63.73100000000022,-0.00016296600000001438,289.5978,4.519806600000038
63.740999999999985,-0.00016296600000001438,290.59139999999996,2.5309457999999267
63.751000000000204,-0.00016296600000001438,289.5978,4.519806600000038
63.76099999999997,1.4819999999998723e-05,289.5978,2.5309457999999267
63.771999999999935,1.4819999999998723e-05,285.6234,0.5420850000000428
63.78099999999995,-0.00016296600000001438,289.5978,2.5309457999999267
63.79100000000017,-0.00016296600000001438,287.6106,0.5420850000000428
63.80099999999993,0.00019260599999999795,289.5978,2.5309457999999267
63.8119999999999,0.00019260599999999795,288.6042,-1.4467757999998412
63.82099999999991,1.4819999999998723e-05,291.585,4.519806600000038
63.83100000000013,-0.00016296600000001438,289.5978,4.519806600000038
63.840999999999894,1.4819999999998723e-05,289.5978,4.519806600000038
63.85100000000011,-0.0003407520000000136,291.585,6.508667400000149
63.86200000000008,0.00019260599999999795,287.6106,0.5420850000000428
63.871000000000095,-0.00016296600000001438,288.6042,4.519806600000038
63.88099999999986,0.00019260599999999795,290.59139999999996,2.5309457999999267
63.891000000000076,-0.00016296600000001438,289.5978,4.519806600000038
63.902000000000044,0.00037039200000001105,292.5786,2.5309457999999267
63.91199999999981,-0.0003407520000000136,290.59139999999996,6.508667400000149
63.922000000000025,1.4819999999998723e-05,290.59139999999996,4.519806600000038
63.93199999999979,-0.00016296600000001438,289.5978,4.519806600000038
63.94200000000001,-0.0003407520000000136,288.6042,4.519806600000038
63.952000000000226,1.4819999999998723e-05,286.61699999999996,0.5420850000000428
63.96199999999999,-0.00016296600000001438,289.5978,4.519806600000038
63.97200000000021,-0.0003407520000000136,290.59139999999996,4.519806600000038
63.98199999999997,-0.00016296600000001438,290.59139999999996,6.508667400000149
63.99200000000019,0.00019260599999999795,290.59139999999996,0.5420850000000428
64.00199999999995,1.4819999999998723e-05,290.59139999999996,2.5309457999999267
64.01200000000017,-0.00016296600000001438,291.585,6.508667400000149
64.02199999999993,-0.00016296600000001438,290.59139999999996,4.519806600000038
64.03200000000015,-0.00016296600000001438,288.6042,4.519806600000038
64.04199999999992,-0.00016296600000001438,287.6106,2.5309457999999267
64.05200000000013,-0.0003407520000000136,286.61699999999996,4.519806600000038
64.0619999999999,-0.0003407520000000136,288.6042,4.519806600000038
64.07200000000012,-0.00016296600000001438,292.5786,6.508667400000149
64.08199999999988,0.00019260599999999795,289.5978,0.5420850000000428
64.0920000000001,-0.00016296600000001438,290.59139999999996,4.519806600000038
64.10199999999986,-0.0003407520000000136,289.5978,4.519806600000038
64.11200000000008,-0.00016296600000001438,288.6042,2.5309457999999267
64.12199999999984,-0.00016296600000001438,289.5978,6.508667400000149
64.13200000000006,-0.00016296600000001438,284.6298,4.519806600000038
64.14199999999983,-0.00016296600000001438,290.59139999999996,4.519806600000038
64.15200000000004,-0.00016296600000001438,290.59139999999996,2.5309457999999267
64.16199999999981,-0.0003407520000000136,288.6042,6.508667400000149
64.17200000000003,1.4819999999998723e-05,288.6042,0.5420850000000428
64.18199999999979,-0.0003407520000000136,290.59139999999996,4.519806600000038
64.19200000000001,-0.00016296600000001438,288.6042,4.519806600000038
64.20200000000023,-0.00016296600000001438,289.5978,4.519806600000038
64.21199999999999,-0.00016296600000001438,291.585,4.519806600000038
64.22200000000021,1.4819999999998723e-05,286.61699999999996,0.5420850000000428
64.23199999999997,-0.00016296600000001438,289.5978,4.519806600000038
64.24200000000019,-0.00016296600000001438,290.59139999999996,6.508667400000149
64.25199999999995,-0.0003407520000000136,290.59139999999996,4.519806600000038
64.26200000000017,1.4819999999998723e-05,289.5978,2.5309457999999267
64.27199999999993,-0.0003407520000000136,288.6042,4.519806600000038
64.28200000000015,-0.00016296600000001438,292.5786,6.508667400000149
64.29199999999992,-0.0003407520000000136,290.59139999999996,4.519806600000038
64.30200000000013,-0.00016296600000001438,290.59139999999996,4.519806600000038
64.3119999999999,1.4819999999998723e-05,287.6106,0.5420850000000428
64.32200000000012,-0.00016296600000001438,291.585,4.519806600000038
64.33199999999988,-0.00016296600000001438,291.585,6.508667400000149
64.3420000000001,1.4819999999998723e-05,289.5978,4.519806600000038
64.35199999999986,0.00037039200000001105,291.585,0.5420850000000428
64.36200000000008,-0.00016296600000001438,290.59139999999996,4.519806600000038
64.37199999999984,-0.00016296600000001438,290.59139999999996,6.508667400000149
64.38200000000006,-0.0003407520000000136,290.59139999999996,6.508667400000149
64.39199999999983,1.4819999999998723e-05,291.585,2.5309457999999267
64.40200000000004,0.00019260599999999795,287.6106,0.5420850000000428
64.41199999999981,-0.0005185379999999989,287.6106,6.508667400000149
64.42200000000003,1.4819999999998723e-05,291.585,4.519806600000038
64.43199999999979,-0.00016296600000001438,291.585,4.519806600000038
64.44300000000021,1.4819999999998723e-05,288.6042,2.5309457999999267
64.45200000000023,-0.00016296600000001438,289.5978,4.519806600000038
64.46199999999999,-0.0005185379999999989,289.5978,4.519806600000038
64.47200000000021,1.4819999999998723e-05,290.59139999999996,2.5309457999999267
64.48300000000017,-0.00016296600000001438,289.5978,2.5309457999999267
64.49299999999994,-0.00016296600000001438,288.6042,2.5309457999999267
64.50199999999995,-0.00016296600000001438,288.6042,4.519806600000038
64.51200000000017,-0.00016296600000001438,291.585,4.519806600000038
64.52199999999993,-0.00016296600000001438,290.59139999999996,2.5309457999999267
64.5329999999999,0.00019260599999999795,289.5978,2.5309457999999267
64.54300000000012,-0.0003407520000000136,289.5978,4.519806600000038
64.55299999999988,-0.00016296600000001438,290.59139999999996,4.519806600000038
64.5630000000001,1.4819999999998723e-05,289.5978,2.5309457999999267
64.57299999999987,1.4819999999998723e-05,290.59139999999996,2.5309457999999267
64.58300000000008,1.4819999999998723e-05,290.59139999999996,2.5309457999999267
64.59299999999985,1.4819999999998723e-05,290.59139999999996,2.5309457999999267
64.60300000000007,-0.00016296600000001438,290.59139999999996,4.519806600000038
64.61299999999983,0.00019260599999999795,291.585,4.519806600000038
64.62300000000005,-0.0003407520000000136,287.6106,4.519806600000038
64.63299999999981,1.4819999999998723e-05,291.585,4.519806600000038
64.64300000000003,-0.0005185379999999989,287.6106,2.5309457999999267
64.65299999999979,-0.00016296600000001438,288.6042,4.519806600000038
64.66300000000001,-0.0003407520000000136,289.5978,4.519806600000038
64.67300000000023,-0.00016296600000001438,288.6042,2.5309457999999267
64.68299999999999,-0.0003407520000000136,289.5978,4.519806600000038
64.69300000000021,-0.00016296600000001438,289.5978,6.508667400000149
64.70299999999997,-0.00016296600000001438,291.585,6.508667400000149
64.71300000000019,-0.00016296600000001438,286.61699999999996,0.5420850000000428
64.72299999999996,-0.00016296600000001438,290.59139999999996,4.519806600000038
64.73300000000017,-0.0005185379999999989,290.59139999999996,6.508667400000149
64.74299999999994,-0.00016296600000001438,289.5978,4.519806600000038
64.75300000000016,1.4819999999998723e-05,292.5786,2.5309457999999267
64.76299999999992,0.00019260599999999795,291.585,2.5309457999999267
64.77300000000014,-0.0003407520000000136,291.585,4.519806600000038
64.7829999999999,-0.00016296600000001438,289.5978,4.519806600000038
64.79300000000012,-0.00016296600000001438,290.59139999999996,4.519806600000038
64.80299999999988,-0.00016296600000001438,285.6234,0.5420850000000428
64.8130000000001,1.4819999999998723e-05,290.59139999999996,4.519806600000038
64.82299999999987,-0.00016296600000001438,289.5978,2.5309457999999267
64.83300000000008,-0.00016296600000001438,290.59139999999996,6.508667400000149
64.84299999999985,-0.00016296600000001438,291.585,2.5309457999999267
64.85300000000007,1.4819999999998723e-05,290.59139999999996,2.5309457999999267
64.86299999999983,-0.0003407520000000136,288.6042,2.5309457999999267
64.87300000000005,1.4819999999998723e-05,289.5978,4.519806600000038
64.88299999999981,-0.0003407520000000136,288.6042,4.519806600000038
64.89699999999993,0.00019260599999999795,285.6234,0.5420850000000428
64.90700000000015,1.4819999999998723e-05,290.59139999999996,2.5309457999999267
64.91600000000017,-0.0003407520000000136,290.59139999999996,4.519806600000038
64.92599999999993,1.4819999999998723e-05,289.5978,4.519806600000038
64.93600000000015,1.4819999999998723e-05,288.6042,-1.4467757999998412
64.94500000000016,-0.00016296600000001438,292.5786,4.519806600000038
64.95499999999993,-0.0003407520000000136,289.5978,4.519806600000038
64.96399999999994,-0.0005185379999999989,290.59139999999996,4.519806600000038
64.97400000000016,0.00019260599999999795,292.5786,2.5309457999999267
64.99299999999994,0.00019260599999999795,291.585,2.5309457999999267
65.00300000000016,-0.0003407520000000136,289.5978,4.519806600000038
65.01299999999992,1.4819999999998723e-05,290.59139999999996,4.519806600000038
65.02300000000014,0.00019260599999999795,292.5786,2.5309457999999267
65.0329999999999,1.4819999999998723e-05,291.585,4.519806600000038
65.04300000000012,-0.0006963239999999982,288.6042,6.508667400000149
65.05299999999988,-0.00016296600000001438,288.6042,4.519806600000038
65.0630000000001,-0.0003407520000000136,288.6042,2.5309457999999267
65.07700000000023,0.00037039200000001105,288.6042,0.5420850000000428
65.08699999999999,-0.0005185379999999989,288.6042,6.508667400000149
65.096,-0.00016296600000001438,292.5786,4.519806600000038
65.10600000000022,-0.00016296600000001438,291.585,4.519806600000038
65.11599999999999,0.00019260599999999795,290.59139999999996,2.5309457999999267
65.125,-0.0003407520000000136,288.6042,2.5309457999999267
65.13500000000022,1.4819999999998723e-05,291.585,4.519806600000038
65.14400000000023,-0.0005185379999999989,287.6106,4.519806600000038
65.16400000000021,1.4819999999998723e-05,288.6042,0.5420850000000428
65.17399999999998,-0.00016296600000001438,289.5978,6.508667400000149
65.1840000000002,-0.0003407520000000136,288.6042,6.508667400000149
65.19399999999996,1.4819999999998723e-05,290.59139999999996,4.519806600000038
65.20400000000018,0.00019260599999999795,289.5978,2.5309457999999267
65.21399999999994,0.00019260599999999795,290.59139999999996,2.5309457999999267
65.22400000000016,1.4819999999998723e-05,289.5978,2.5309457999999267
65.23399999999992,-0.00016296600000001438,288.6042,2.5309457999999267
65.24400000000014,-0.00016296600000001438,290.59139999999996,4.519806600000038
65.2539999999999,1.4819999999998723e-05,290.59139999999996,4.519806600000038
65.26400000000012,-0.00016296600000001438,289.5978,2.5309457999999267
65.27399999999989,-0.00016296600000001438,288.6042,4.519806600000038
65.30200000000013,-0.00016296600000001438,291.585,4.519806600000038
65.34700000000021,1.4819999999998723e-05,287.6106,0.5420850000000428
65.35699999999997,-0.00016296600000001438,293.5722,4.519806600000038
65.36599999999999,-0.00016296600000001438,289.5978,4.519806600000038
65.3760000000002,-0.00016296600000001438,292.5786,6.508667400000149
65.38599999999997,0.00019260599999999795,288.6042,0.5420850000000428
65.39499999999998,-0.0003407520000000136,289.5978,4.519806600000038
65.4050000000002,-0.0003407520000000136,289.5978,4.519806600000038
65.42399999999998,1.4819999999998723e-05,289.5978,2.5309457999999267
65.4340000000002,0.00019260599999999795,289.5978,-1.4467757999998412
65.44399999999996,1.4819999999998723e-05,289.5978,2.5309457999999267
65.45400000000018,-0.0003407520000000136,289.5978,4.519806600000038
65.46399999999994,-0.0003407520000000136,289.5978,4.519806600000038
65.47400000000016,0.00019260599999999795,292.5786,2.5309457999999267
65.48399999999992,1.4819999999998723e-05,289.5978,2.5309457999999267
65.49400000000014,-0.00016296600000001438,289.5978,4.519806600000038
65.5039999999999,-0.0003407520000000136,289.5978,4.519806600000038
65.51400000000012,-0.0005185379999999989,288.6042,6.508667400000149
65.52399999999989,0.00019260599999999795,289.5978,0.5420850000000428
65.5340000000001,1.4819999999998723e-05,291.585,2.5309457999999267
65.54399999999987,-0.00016296600000001438,290.59139999999996,4.519806600000038
65.55400000000009,-0.0003407520000000136,289.5978,4.519806600000038
65.56399999999985,0.00019260599999999795,289.5978,2.5309457999999267
65.57400000000007,-0.0005185379999999989,286.61699999999996,4.519806600000038
65.58399999999983,-0.0005185379999999989,286.61699999999996,4.519806600000038
65.59400000000005,-0.0003407520000000136,287.6106,4.519806600000038
65.60399999999981,-0.0003407520000000136,288.6042,4.519806600000038
65.61500000000024,0.00019260599999999795,288.6042,-1.4467757999998412
65.6239999999998,-0.00016296600000001438,290.59139999999996,4.519806600000038
65.63400000000001,-0.00016296600000001438,290.59139999999996,4.519806600000038
65.64400000000023,-0.00016296600000001438,286.61699999999996,4.519806600000038
65.6550000000002,0.0005481779999999825,292.5786,0.5420850000000428
65.66400000000021,-0.0003407520000000136,288.6042,4.519806600000038
65.67399999999998,-0.0005185379999999989,287.6106,4.519806600000038
65.6840000000002,-0.00016296600000001438,289.5978,4.519806600000038
65.69399999999996,-0.00016296600000001438,290.59139999999996,4.519806600000038
65.70499999999993,-0.00016296600000001438,289.5978,0.5420850000000428
65.71399999999994,-0.00016296600000001438,289.5978,4.519806600000038
65.72400000000016,-0.0003407520000000136,290.59139999999996,4.519806600000038
65.73399999999992,-0.0005185379999999989,287.6106,4.519806600000038
65.74499999999989,0.00037039200000001105,292.5786,-1.4467757999998412
65.7539999999999,-0.00016296600000001438,289.5978,4.519806600000038
65.76400000000012,-0.0003407520000000136,288.6042,4.519806600000038
65.77399999999989,1.4819999999998723e-05,291.585,4.519806600000038
65.7840000000001,-0.00016296600000001438,289.5978,4.519806600000038
65.79500000000007,0.00037039200000001105,287.6106,0.5420850000000428
65.80499999999984,-0.0003407520000000136,289.5978,6.508667400000149
65.81500000000005,-0.00016296600000001438,287.6106,2.5309457999999267
65.82499999999982,-0.00016296600000001438,290.59139999999996,4.519806600000038
65.83500000000004,1.4819999999998723e-05,287.6106,2.5309457999999267
65.8449999999998,0.00019260599999999795,291.585,4.519806600000038
65.85500000000002,-0.00016296600000001438,291.585,4.519806600000038
65.86500000000024,1.4819999999998723e-05,291.585,4.519806600000038
65.875,1.4819999999998723e-05,291.585,4.519806600000038
65.88500000000022,1.4819999999998723e-05,289.5978,2.5309457999999267
65.89499999999998,1.4819999999998723e-05,292.5786,6.508667400000149
65.9050000000002,-0.00016296600000001438,289.5978,4.519806600000038
65.91499999999996,-0.0003407520000000136,290.59139999999996,4.519806600000038
65.92500000000018,0.00037039200000001105,293.5722,-1.4467757999998412
65.93499999999995,-0.0003407520000000136,290.59139999999996,6.508667400000149
65.94500000000016,-0.0003407520000000136,291.585,6.508667400000149
65.95499999999993,1.4819999999998723e-05,291.585,6.508667400000149
65.96500000000015,-0.0005185379999999989,287.6106,4.519806600000038
65.97499999999991,-0.00016296600000001438,286.61699999999996,0.5420850000000428
65.98500000000013,1.4819999999998723e-05,290.59139999999996,2.5309457999999267
65.99499999999989,-0.00016296600000001438,288.6042,4.519806600000038
66.00500000000011,-0.00016296600000001438,290.59139999999996,4.519806600000038
66.01499999999987,0.00019260599999999795,288.6042,0.5420850000000428
66.02500000000009,-0.0003407520000000136,288.6042,4.519806600000038
66.03499999999985,-0.00016296600000001438,290.59139999999996,4.519806600000038
66.04500000000007,-0.0003407520000000136,288.6042,4.519806600000038
66.05499999999984,-0.00016296600000001438,289.5978,4.519806600000038
66.06500000000005,0.00019260599999999795,288.6042,-1.4467757999998412
66.07499999999982,-0.00016296600000001438,290.59139999999996,2.5309457999999267
66.08500000000004,-0.00016296600000001438,291.585,4.519806600000038
66.0949999999998,1.4819999999998723e-05,291.585,2.5309457999999267
66.10500000000002,1.4819999999998723e-05,284.6298,0.5420850000000428
66.11500000000024,1.4819999999998723e-05,290.59139999999996,4.519806600000038
66.125,-0.0003407520000000136,288.6042,2.5309457999999267
66.13500000000022,-0.00016296600000001438,290.59139999999996,4.519806600000038
66.14499999999998,-0.00016296600000001438,289.5978,2.5309457999999267
66.1550000000002,1.4819999999998723e-05,286.61699999999996,-1.4467757999998412
66.16499999999996,-0.0003407520000000136,290.59139999999996,6.508667400000149
66.17500000000018,-0.00016296600000001438,289.5978,4.519806600000038
66.18499999999995,1.4819999999998723e-05,291.585,4.519806600000038
66.19500000000016,1.4819999999998723e-05,292.5786,4.519806600000038
66.20499999999993,-0.00016296600000001438,291.585,4.519806600000038
66.21500000000015,1.4819999999998723e-05,289.5978,4.519806600000038
66.24800000000005,0.00037039200000001105,289.5978,0.5420850000000428
66.25799999999981,-0.00016296600000001438,290.59139999999996,4.519806600000038
66.26699999999983,1.4819999999998723e-05,289.5978,4.519806600000038
66.27700000000004,-0.00016296600000001438,292.5786,6.508667400000149
66.28699999999981,0.00019260599999999795,289.5978,0.5420850000000428
66.29599999999982,1.4819999999998723e-05,290.59139999999996,2.5309457999999267
66.31500000000005,-0.00016296600000001438,289.5978,6.508667400000149
66.32499999999982,-0.0003407520000000136,287.6106,2.5309457999999267
66.33600000000024,0.00019260599999999795,289.5978,-1.4467757999998412
66.3449999999998,-0.00016296600000001438,291.585,4.519806600000038
66.35500000000002,1.4819999999998723e-05,289.5978,4.519806600000038
66.36500000000024,-0.00016296600000001438,288.6042,4.519806600000038
66.3760000000002,0.00019260599999999795,290.59139999999996,0.5420850000000428
66.38500000000022,-0.0005185379999999989,287.6106,4.519806600000038
66.39499999999998,-0.00016296600000001438,288.6042,4.519806600000038
66.4050000000002,-0.0005185379999999989,288.6042,6.508667400000149
66.41600000000017,0.00019260599999999795,293.5722,4.519806600000038
66.42599999999993,0.00019260599999999795,289.5978,0.5420850000000428
66.43600000000015,-0.0003407520000000136,290.59139999999996,4.519806600000038
66.44599999999991,1.4819999999998723e-05,290.59139999999996,2.5309457999999267
66.45600000000013,1.4819999999998723e-05,290.59139999999996,4.519806600000038
66.4659999999999,0.00019260599999999795,288.6042,0.5420850000000428
66.47600000000011,1.4819999999998723e-05,291.585,4.519806600000038
66.48599999999988,1.4819999999998723e-05,292.5786,4.519806600000038
66.4960000000001,1.4819999999998723e-05,290.59139999999996,4.519806600000038
66.50599999999986,-0.0003407520000000136,289.5978,4.519806600000038
66.51600000000008,0.00037039200000001105,287.6106,-1.4467757999998412
66.52599999999984,-0.0003407520000000136,289.5978,6.508667400000149
66.53600000000006,-0.00016296600000001438,289.5978,6.508667400000149
66.54599999999982,-0.0003407520000000136,290.59139999999996,6.508667400000149
66.55600000000004,0.00019260599999999795,291.585,0.5420850000000428
66.5659999999998,-0.0003407520000000136,288.6042,4.519806600000038
66.57600000000002,-0.0003407520000000136,289.5978,4.519806600000038
66.58600000000024,-0.00016296600000001438,290.59139999999996,4.519806600000038
66.596,-0.00016296600000001438,288.6042,2.5309457999999267
66.60600000000022,0.00019260599999999795,288.6042,2.5309457999999267
66.61599999999999,1.4819999999998723e-05,291.585,4.519806600000038
66.6260000000002,-0.00016296600000001438,289.5978,4.519806600000038
66.63599999999997,-0.0003407520000000136,288.6042,4.519806600000038
66.64600000000019,0.00019260599999999795,290.59139999999996,2.5309457999999267
66.65599999999995,-0.00016296600000001438,292.5786,6.508667400000149
66.66600000000017,-0.0005185379999999989,289.5978,6.508667400000149
66.67599999999993,-0.00016296600000001438,288.6042,4.519806600000038
66.68600000000015,-0.0003407520000000136,288.6042,4.519806600000038
66.69599999999991,-0.00016296600000001438,286.61699999999996,-1.4467757999998412
66.70600000000013,-0.0003407520000000136,287.6106,4.519806600000038
66.7159999999999,-0.00016296600000001438,290.59139999999996,2.5309457999999267
66.72600000000011,1.4819999999998723e-05,291.585,6.508667400000149
66.73599999999988,0.00037039200000001105,289.5978,0.5420850000000428
66.7460000000001,-0.00016296600000001438,289.5978,4.519806600000038
66.75599999999986,-0.0003407520000000136,289.5978,4.519806600000038
66.76600000000008,-0.00016296600000001438,288.6042,4.519806600000038
66.77599999999984,-0.00016296600000001438,290.59139999999996,4.519806600000038
66.78600000000006,-0.00016296600000001438,288.6042,2.5309457999999267
66.79599999999982,1.4819999999998723e-05,289.5978,4.519806600000038
66.80600000000004,-0.00016296600000001438,289.5978,6.508667400000149
66.8159999999998,-0.0005185379999999989,286.61699999999996,4.519806600000038
66.82600000000002,-0.00016296600000001438,285.6234,2.5309457999999267
66.83600000000024,-0.0003407520000000136,289.5978,4.519806600000038
66.846,-0.0003407520000000136,289.5978,4.519806600000038
66.85600000000022,-0.0003407520000000136,288.6042,6.508667400000149
66.86599999999999,-0.00016296600000001438,291.585,4.519806600000038
66.8760000000002,0.00019260599999999795,288.6042,0.5420850000000428
66.88599999999997,-0.00016296600000001438,290.59139999999996,2.5309457999999267
66.89600000000019,1.4819999999998723e-05,290.59139999999996,2.5309457999999267
66.90599999999995,1.4819999999998723e-05,288.6042,2.5309457999999267
66.91699999999992,0.00019260599999999795,289.5978,-1.4467757999998412
66.92599999999993,-0.0003407520000000136,289.5978,4.519806600000038
66.93600000000015,-0.00016296600000001438,288.6042,2.5309457999999267
66.94599999999991,-0.0003407520000000136,289.5978,4.519806600000038
66.95600000000013,-0.00016296600000001438,290.59139999999996,4.519806600000038
66.9670000000001,1.4819999999998723e-05,287.6106,0.5420850000000428
66.97600000000011,-0.00016296600000001438,290.59139999999996,4.519806600000038
66.98599999999988,-0.0003407520000000136,288.6042,2.5309457999999267
66.9960000000001,1.4819999999998723e-05,289.5978,4.519806600000038
67.00700000000006,1.4819999999998723e-05,287.6106,0.5420850000000428
67.01600000000008,-0.0003407520000000136,290.59139999999996,4.519806600000038
67.02599999999984,-0.00016296600000001438,289.5978,4.519806600000038
67.03600000000006,-0.00016296600000001438,289.5978,4.519806600000038
67.04700000000003,-0.00016296600000001438,289.5978,4.519806600000038
67.05699999999979,0.00019260599999999795,289.5978,-1.4467757999998412
67.06700000000001,-0.0003407520000000136,290.59139999999996,4.519806600000038
67.07700000000023,-0.0003407520000000136,289.5978,6.508667400000149
67.08699999999999,-0.00016296600000001438,290.59139999999996,4.519806600000038
67.09700000000021,-0.00016296600000001438,290.59139999999996,2.5309457999999267
67.10699999999997,1.4819999999998723e-05,290.59139999999996,2.5309457999999267
67.11700000000019,-0.0003407520000000136,290.59139999999996,6.508667400000149
67.12699999999995,-0.0003407520000000136,289.5978,4.519806600000038
67.13700000000017,-0.00016296600000001438,291.585,4.519806600000038
67.14699999999993,-0.00016296600000001438,288.6042,0.5420850000000428
67.15700000000015,-0.0003407520000000136,289.5978,4.519806600000038
67.16699999999992,1.4819999999998723e-05,290.59139999999996,6.508667400000149
67.17700000000013,-0.00016296600000001438,289.5978,4.519806600000038
67.1869999999999,1.4819999999998723e-05,289.5978,2.5309457999999267
67.19700000000012,-0.00016296600000001438,290.59139999999996,4.519806600000038
67.20699999999988,-0.00016296600000001438,288.6042,2.5309457999999267
67.2170000000001,1.4819999999998723e-05,290.59139999999996,2.5309457999999267
67.22699999999986,-0.00016296600000001438,290.59139999999996,4.519806600000038
67.23700000000008,1.4819999999998723e-05,285.6234,2.5309457999999267
67.24699999999984,-0.00016296600000001438,290.59139999999996,4.519806600000038
67.25700000000006,-0.00016296600000001438,291.585,6.508667400000149
67.26699999999983,1.4819999999998723e-05,290.59139999999996,4.519806600000038
67.27700000000004,1.4819999999998723e-05,288.6042,4.519806600000038
67.28699999999981,1.4819999999998723e-05,291.585,4.519806600000038
67.29700000000003,-0.0003407520000000136,287.6106,4.519806600000038
67.30699999999979,1.4819999999998723e-05,291.585,4.519806600000038
67.31700000000001,-0.00016296600000001438,290.59139999999996,4.519806600000038
67.32700000000023,1.4819999999998723e-05,287.6106,2.5309457999999267
67.33699999999999,-0.0003407520000000136,289.5978,4.519806600000038
67.34700000000021,-0.0003407520000000136,289.5978,6.508667400000149
67.35699999999997,0.00019260599999999795,290.59139999999996,2.5309457999999267
67.36700000000019,0.00019260599999999795,288.6042,0.5420850000000428
67.37699999999995,-0.00016296600000001438,287.6106,4.519806600000038
67.38700000000017,-0.00016296600000001438,290.59139999999996,4.519806600000038
67.39699999999993,-0.00016296600000001438,287.6106,2.5309457999999267
67.40700000000015,0.00019260599999999795,291.585,4.519806600000038
67.41699999999992,-0.00016296600000001438,287.6106,4.519806600000038
67.42700000000013,-0.00016296600000001438,289.5978,2.5309457999999267
67.4369999999999,-0.00016296600000001438,290.59139999999996,4.519806600000038
67.44700000000012,1.4819999999998723e-05,290.59139999999996,4.519806600000038
67.45699999999988,-0.00016296600000001438,290.59139999999996,2.5309457999999267
67.4670000000001,-0.0005185379999999989,289.5978,6.508667400000149
67.47699999999986,-0.00016296600000001438,289.5978,4.519806600000038
67.48700000000008,-0.00016296600000001438,289.5978,6.508667400000149
67.49699999999984,0.00019260599999999795,289.5978,2.5309457999999267
67.50700000000006,0.00037039200000001105,287.6106,0.5420850000000428
67.51699999999983,-0.00016296600000001438,289.5978,4.519806600000038
67.52700000000004,1.4819999999998723e-05,290.59139999999996,4.519806600000038
67.53699999999981,-0.00016296600000001438,288.6042,6.508667400000149
67.54800000000023,0.00019260599999999795,289.5978,0.5420850000000428
67.55699999999979,1.4819999999998723e-05,290.59139999999996,4.519806600000038
67.56700000000001,-0.0003407520000000136,288.6042,4.519806600000038
67.57700000000023,-0.0003407520000000136,288.6042,4.519806600000038
67.58699999999999,-0.00016296600000001438,290.59139999999996,4.519806600000038
67.59799999999996,0.00019260599999999795,287.6106,2.5309457999999267
67.60699999999997,0.00019260599999999795,289.5978,2.5309457999999267
67.61700000000019,1.4819999999998723e-05,289.5978,2.5309457999999267
67.62699999999995,-0.0003407520000000136,288.6042,6.508667400000149
67.63799999999992,0.00037039200000001105,291.585,0.5420850000000428
67.64699999999993,-0.0003407520000000136,287.6106,4.519806600000038
67.65700000000015,-0.00016296600000001438,290.59139999999996,4.519806600000038
67.66800000000012,-0.00016296600000001438,289.5978,2.5309457999999267
67.67799999999988,-0.0003407520000000136,287.6106,4.519806600000038
67.6880000000001,-0.00016296600000001438,286.61699999999996,2.5309457999999267
67.69799999999987,1.4819999999998723e-05,290.59139999999996,2.5309457999999267
67.70800000000008,-0.0003407520000000136,289.5978,4.519806600000038
67.71799999999985,-0.00016296600000001438,289.5978,2.5309457999999267
67.72800000000007,0.00019260599999999795,290.59139999999996,0.5420850000000428
67.73799999999983,-0.00016296600000001438,289.5978,4.519806600000038
67.74800000000005,-0.00016296600000001438,289.5978,4.519806600000038
67.75799999999981,-0.0003407520000000136,287.6106,6.508667400000149
67.76800000000003,1.4819999999998723e-05,290.59139999999996,2.5309457999999267
67.77799999999979,1.4819999999998723e-05,289.5978,0.5420850000000428
67.78800000000001,-0.00016296600000001438,288.6042,2.5309457999999267
67.79800000000023,1.4819999999998723e-05,291.585,4.519806600000038
67.80799999999999,-0.00016296600000001438,289.5978,2.5309457999999267
67.81800000000021,0.00019260599999999795,291.585,0.5420850000000428
67.82799999999997,-0.00016296600000001438,289.5978,4.519806600000038
67.83800000000019,1.4819999999998723e-05,289.5978,2.5309457999999267
67.84799999999996,-0.00016296600000001438,290.59139999999996,4.519806600000038
67.85800000000017,1.4819999999998723e-05,291.585,2.5309457999999267
67.86799999999994,1.4819999999998723e-05,288.6042,2.5309457999999267
67.87800000000016,-0.00016296600000001438,291.585,2.5309457999999267
67.88799999999992,-0.00016296600000001438,289.5978,4.519806600000038
67.89800000000014,-0.0003407520000000136,289.5978,4.519806600000038
67.9079999999999,0.0005481779999999825,290.59139999999996,2.5309457999999267
67.91800000000012,-0.00016296600000001438,288.6042,4.519806600000038
67.92799999999988,-0.00016296600000001438,288.6042,2.5309457999999267
67.9380000000001,-0.00016296600000001438,289.5978,4.519806600000038
67.94799999999987,1.4819999999998723e-05,291.585,6.508667400000149
67.95800000000008,1.4819999999998723e-05,286.61699999999996,2.5309457999999267
67.96799999999985,-0.00016296600000001438,287.6106,2.5309457999999267
67.97800000000007,1.4819999999998723e-05,290.59139999999996,4.519806600000038
67.98799999999983,-0.00016296600000001438,290.59139999999996,4.519806600000038
67.99800000000005,1.4819999999998723e-05,289.5978,0.5420850000000428
68.00799999999981,-0.00016296600000001438,288.6042,2.5309457999999267
68.01800000000003,-0.00016296600000001438,290.59139999999996,4.519806600000038
68.02799999999979,-0.0003407520000000136,289.5978,4.519806600000038
68.03800000000001,0.00037039200000001105,289.5978,0.5420850000000428
68.04800000000023,-0.00016296600000001438,287.6106,0.5420850000000428
68.05799999999999,0.00019260599999999795,290.59139999999996,2.5309457999999267
68.06800000000021,-0.00016296600000001438,289.5978,4.519806600000038
68.07799999999997,1.4819999999998723e-05,289.5978,4.519806600000038
68.08800000000019,0.00019260599999999795,287.6106,-1.4467757999998412
68.09799999999996,-0.0003407520000000136,287.6106,4.519806600000038
68.10800000000017,-0.0003407520000000136,290.59139999999996,6.508667400000149
68.11799999999994,-0.00016296600000001438,291.585,4.519806600000038
68.12800000000016,1.4819999999998723e-05,290.59139999999996,4.519806600000038
68.13799999999992,1.4819999999998723e-05,288.6042,2.5309457999999267
68.14800000000014,-0.00016296600000001438,289.5978,4.519806600000038
68.1579999999999,-0.0003407520000000136,290.59139999999996,4.519806600000038
68.16800000000012,-0.00016296600000001438,290.59139999999996,4.519806600000038
68.17900000000009,1.4819999999998723e-05,288.6042,0.5420850000000428
68.1880000000001,0.00019260599999999795,291.585,2.5309457999999267
68.19799999999987,-0.0005185379999999989,287.6106,4.519806600000038
68.20800000000008,-0.0003407520000000136,290.59139999999996,4.519806600000038
68.21900000000005,0.00019260599999999795,293.5722,2.5309457999999267
68.22899999999981,-0.00016296600000001438,289.5978,2.5309457999999267
68.23799999999983,1.4819999999998723e-05,290.59139999999996,4.519806600000038
68.24800000000005,1.4819999999998723e-05,290.59139999999996,4.519806600000038
68.25799999999981,-0.00016296600000001438,288.6042,4.519806600000038
68.26900000000023,1.4819999999998723e-05,288.6042,0.5420850000000428
68.27799999999979,1.4819999999998723e-05,291.585,2.5309457999999267
68.28800000000001,1.4819999999998723e-05,291.585,4.519806600000038
68.29899999999998,1.4819999999998723e-05,289.5978,2.5309457999999267
68.3090000000002,-0.00016296600000001438,289.5978,2.5309457999999267
68.31899999999996,1.4819999999998723e-05,288.6042,4.519806600000038
68.32900000000018,-0.00016296600000001438,289.5978,2.5309457999999267
68.33899999999994,0.00019260599999999795,290.59139999999996,4.519806600000038
68.34900000000016,1.4819999999998723e-05,291.585,4.519806600000038
68.35899999999992,1.4819999999998723e-05,288.6042,2.5309457999999267
68.36900000000014,-0.00016296600000001438,290.59139999999996,6.508667400000149
68.3789999999999,1.4819999999998723e-05,289.5978,4.519806600000038
68.38900000000012,-0.00016296600000001438,289.5978,4.519806600000038
68.39899999999989,-0.00016296600000001438,288.6042,2.5309457999999267
68.4090000000001,1.4819999999998723e-05,289.5978,2.5309457999999267
68.41899999999987,-0.00016296600000001438,289.5978,4.519806600000038
68.42900000000009,-0.00016296600000001438,288.6042,6.508667400000149
68.43899999999985,1.4819999999998723e-05,292.5786,4.519806600000038
68.44900000000007,1.4819999999998723e-05,286.61699999999996,0.5420850000000428
68.45899999999983,1.4819999999998723e-05,290.59139999999996,2.5309457999999267
68.46900000000005,-0.00016296600000001438,289.5978,2.5309457999999267
68.47899999999981,-0.00016296600000001438,290.59139999999996,4.519806600000038
68.48900000000003,1.4819999999998723e-05,289.5978,0.5420850000000428
68.4989999999998,-0.00016296600000001438,289.5978,4.519806600000038
68.50900000000001,-0.0005185379999999989,289.5978,4.519806600000038
68.51900000000023,-0.00016296600000001438,290.59139999999996,4.519806600000038
68.529,1.4819999999998723e-05,290.59139999999996,4.519806600000038
68.53900000000021,0.00019260599999999795,288.6042,0.5420850000000428
68.54899999999998,-0.0003407520000000136,288.6042,4.519806600000038
68.5590000000002,0.00037039200000001105,292.5786,2.5309457999999267
68.56899999999996,-0.00016296600000001438,288.6042,4.519806600000038
68.57900000000018,-0.0003407520000000136,289.5978,0.5420850000000428
68.58899999999994,1.4819999999998723e-05,290.59139999999996,2.5309457999999267
68.59900000000016,-0.00016296600000001438,289.5978,6.508667400000149
68.60899999999992,-0.00016296600000001438,289.5978,4.519806600000038
68.61900000000014,-0.00016296600000001438,289.5978,4.519806600000038
68.6289999999999,0.00037039200000001105,290.59139999999996,2.5309457999999267
68.63900000000012,1.4819999999998723e-05,291.585,2.5309457999999267
68.64899999999989,0.00019260599999999795,293.5722,2.5309457999999267
68.6590000000001,1.4819999999998723e-05,289.5978,2.5309457999999267
68.66899999999987,0.00019260599999999795,291.585,2.5309457999999267
68.67900000000009,1.4819999999998723e-05,290.59139999999996,4.519806600000038
68.68899999999985,0.00019260599999999795,291.585,2.5309457999999267
68.69900000000007,1.4819999999998723e-05,290.59139999999996,2.5309457999999267
68.70899999999983,1.4819999999998723e-05,288.6042,0.5420850000000428
68.71900000000005,-0.00016296600000001438,288.6042,0.5420850000000428
68.72899999999981,1.4819999999998723e-05,292.5786,4.519806600000038
68.73900000000003,-0.00016296600000001438,288.6042,4.519806600000038
68.7489999999998,-0.0003407520000000136,290.59139999999996,4.519806600000038
68.75900000000001,1.4819999999998723e-05,290.59139999999996,4.519806600000038
68.76900000000023,1.4819999999998723e-05,290.59139999999996,2.5309457999999267
68.779,-0.00016296600000001438,289.5978,2.5309457999999267
68.78900000000021,-0.00016296600000001438,289.5978,4.519806600000038
68.79899999999998,1.4819999999998723e-05,291.585,6.508667400000149
68.80999999999995,0.00019260599999999795,289.5978,0.5420850000000428
68.81899999999996,-0.0005185379999999989,287.6106,4.519806600000038
68.82900000000018,-0.0003407520000000136,290.59139999999996,4.519806600000038
68.83899999999994,-0.0003407520000000136,287.6106,2.5309457999999267
68.84999999999991,1.4819999999998723e-05,288.6042,2.5309457999999267
68.85899999999992,-0.00016296600000001438,289.5978,2.5309457999999267
68.86900000000014,-0.00016296600000001438,292.5786,6.508667400000149
68.8789999999999,-0.0003407520000000136,289.5978,4.519806600000038
68.88900000000012,1.4819999999998723e-05,290.59139999999996,2.5309457999999267
68.90000000000009,0.00037039200000001105,291.585,0.5420850000000428
68.90999999999985,1.4819999999998723e-05,290.59139999999996,2.5309457999999267
68.92000000000007,-0.0006963239999999982,289.5978,8.497528200000033
68.92999999999984,-0.0003407520000000136,287.6106,4.519806600000038
68.94000000000005,0.00019260599999999795,288.6042,0.5420850000000428
68.94999999999982,1.4819999999998723e-05,288.6042,2.5309457999999267
68.96000000000004,1.4819999999998723e-05,289.5978,2.5309457999999267
68.9699999999998,1.4819999999998723e-05,290.59139999999996,2.5309457999999267
68.98000000000002,1.4819999999998723e-05,290.59139999999996,4.519806600000038
68.99000000000024,0.00019260599999999795,289.5978,2.5309457999999267
69.0,1.4819999999998723e-05,289.5978,2.5309457999999267
69.01000000000022,-0.0003407520000000136,290.59139999999996,4.519806600000038
69.01999999999998,-0.0003407520000000136,290.59139999999996,4.519806600000038
69.0300000000002,0.00019260599999999795,290.59139999999996,2.5309457999999267
69.03999999999996,-0.00016296600000001438,291.585,6.508667400000149
69.05000000000018,-0.00016296600000001438,290.59139999999996,6.508667400000149
69.05999999999995,-0.0005185379999999989,290.59139999999996,4.519806600000038
69.07000000000016,-0.00016296600000001438,289.5978,6.508667400000149
69.07999999999993,0.00037039200000001105,288.6042,0.5420850000000428
69.09000000000015,1.4819999999998723e-05,290.59139999999996,4.519806600000038
69.09999999999991,-0.0003407520000000136,288.6042,4.519806600000038
69.11000000000013,-0.00016296600000001438,290.59139999999996,2.5309457999999267
69.11999999999989,1.4819999999998723e-05,286.61699999999996,2.5309457999999267
69.13000000000011,-0.00016296600000001438,290.59139999999996,4.519806600000038
69.13999999999987,1.4819999999998723e-05,291.585,2.5309457999999267
69.15000000000009,1.4819999999998723e-05,290.59139999999996,2.5309457999999267
69.15999999999985,1.4819999999998723e-05,290.59139999999996,4.519806600000038
69.17000000000007,0.00019260599999999795,289.5978,0.5420850000000428
69.17999999999984,1.4819999999998723e-05,291.585,4.519806600000038
69.19000000000005,1.4819999999998723e-05,291.585,4.519806600000038
69.19999999999982,-0.0003407520000000136,288.6042,4.519806600000038
69.21000000000004,0.00019260599999999795,291.585,2.5309457999999267
69.2199999999998,1.4819999999998723e-05,291.585,4.519806600000038
69.23000000000002,-0.00016296600000001438,290.59139999999996,2.5309457999999267
69.24000000000024,-0.0003407520000000136,288.6042,4.519806600000038
69.25,-0.00016296600000001438,290.59139999999996,6.508667400000149
69.26000000000022,0.00037039200000001105,287.6106,2.5309457999999267
69.26999999999998,1.4819999999998723e-05,291.585,4.519806600000038
69.2800000000002,-0.00016296600000001438,289.5978,4.519806600000038
69.28999999999996,-0.00016296600000001438,290.59139999999996,2.5309457999999267
69.30000000000018,0.00037039200000001105,289.5978,0.5420850000000428
69.30999999999995,-0.00016296600000001438,290.59139999999996,6.508667400000149
69.32000000000016,-0.00016296600000001438,288.6042,2.5309457999999267
69.32999999999993,-0.0003407520000000136,288.6042,4.519806600000038
69.34000000000015,-0.0003407520000000136,288.6042,2.5309457999999267
69.35100000000011,0.00019260599999999795,288.6042,2.5309457999999267
69.36000000000013,0.00019260599999999795,290.59139999999996,4.519806600000038
69.36999999999989,1.4819999999998723e-05,290.59139999999996,4.519806600000038
69.38000000000011,-0.0003407520000000136,287.6106,4.519806600000038
69.39100000000008,0.00019260599999999795,289.5978,0.5420850000000428
69.40000000000009,-0.00016296600000001438,288.6042,4.519806600000038
69.40999999999985,-0.00016296600000001438,288.6042,4.519806600000038
69.42000000000007,-0.0003407520000000136,288.6042,4.519806600000038
69.42999999999984,-0.0003407520000000136,290.59139999999996,6.508667400000149
69.4409999999998,0.00019260599999999795,287.6106,-1.4467757999998412
69.44999999999982,-0.00016296600000001438,290.59139999999996,4.519806600000038
69.46000000000004,-0.0003407520000000136,288.6042,4.519806600000038
69.4699999999998,-0.0003407520000000136,291.585,4.519806600000038
69.48100000000022,0.00019260599999999795,288.6042,0.5420850000000428
69.49000000000024,1.4819999999998723e-05,290.59139999999996,2.5309457999999267
69.5,1.4819999999998723e-05,292.5786,4.519806600000038
69.51000000000022,-0.0003407520000000136,289.5978,6.508667400000149
69.51999999999998,-0.0006963239999999982,287.6106,4.519806600000038
69.53099999999995,0.00019260599999999795,290.59139999999996,0.5420850000000428
69.53999999999996,-0.00016296600000001438,288.6042,4.519806600000038
69.55099999999993,1.4819999999998723e-05,289.5978,2.5309457999999267
69.56100000000015,1.4819999999998723e-05,290.59139999999996,6.508667400000149
69.57099999999991,0.00019260599999999795,289.5978,2.5309457999999267
69.58100000000013,-0.00016296600000001438,288.6042,4.519806600000038
69.5909999999999,-0.00016296600000001438,289.5978,4.519806600000038
69.60100000000011,-0.00016296600000001438,290.59139999999996,4.519806600000038
69.61099999999988,-0.00016296600000001438,289.5978,4.519806600000038
69.6210000000001,0.00019260599999999795,288.6042,0.5420850000000428
69.63099999999986,1.4819999999998723e-05,291.585,4.519806600000038
69.64100000000008,1.4819999999998723e-05,291.585,2.5309457999999267
69.65099999999984,1.4819999999998723e-05,290.59139999999996,4.519806600000038
69.66100000000006,1.4819999999998723e-05,288.6042,0.5420850000000428
69.67099999999982,-0.00016296600000001438,289.5978,2.5309457999999267
69.68100000000004,-0.0003407520000000136,290.59139999999996,6.508667400000149
69.6909999999998,-0.00016296600000001438,289.5978,4.519806600000038
69.70100000000002,-0.0003407520000000136,289.5978,4.519806600000038
69.71100000000024,0.00019260599999999795,288.6042,2.5309457999999267
69.721,-0.0003407520000000136,290.59139999999996,6.508667400000149
69.73100000000022,-0.0005185379999999989,289.5978,6.508667400000149
69.74099999999999,-0.00016296600000001438,291.585,2.5309457999999267
69.7510000000002,-0.00016296600000001438,288.6042,2.5309457999999267
69.76099999999997,-0.00016296600000001438,290.59139999999996,4.519806600000038
69.77100000000019,-0.0003407520000000136,288.6042,4.519806600000038
69.78099999999995,-0.0005185379999999989,288.6042,6.508667400000149
69.79100000000017,-0.00016296600000001438,290.59139999999996,4.519806600000038
69.80099999999993,1.4819999999998723e-05,287.6106,0.5420850000000428
69.81100000000015,-0.0003407520000000136,290.59139999999996,4.519806600000038
69.82099999999991,1.4819999999998723e-05,290.59139999999996,2.5309457999999267
69.83100000000013,-0.00016296600000001438,289.5978,4.519806600000038
69.8409999999999,1.4819999999998723e-05,288.6042,0.5420850000000428
69.85100000000011,-0.0003407520000000136,289.5978,4.519806600000038
69.86099999999988,-0.0003407520000000136,288.6042,4.519806600000038
69.8710000000001,1.4819999999998723e-05,289.5978,2.5309457999999267
69.88099999999986,-0.0003407520000000136,288.6042,4.519806600000038
69.89100000000008,0.00019260599999999795,288.6042,2.5309457999999267
69.90099999999984,-0.0003407520000000136,290.59139999999996,6.508667400000149
69.91100000000006,-0.0003407520000000136,290.59139999999996,6.508667400000149
69.92099999999982,-0.0005185379999999989,289.5978,6.508667400000149
69.93100000000004,0.00019260599999999795,290.59139999999996,2.5309457999999267
69.9409999999998,-0.0005185379999999989,289.5978,4.519806600000038
69.95100000000002,-0.0003407520000000136,289.5978,6.508667400000149
69.96100000000024,-0.0003407520000000136,288.6042,6.508667400000149
69.971,-0.0003407520000000136,288.6042,4.519806600000038
69.98100000000022,0.0007259639999999956,290.59139999999996,-1.4467757999998412
69.99099999999999,1.4819999999998723e-05,292.5786,4.519806600000038
70.0010000000002,-0.00016296600000001438,290.59139999999996,4.519806600000038
70.01099999999997,-0.00016296600000001438,289.5978,4.519806600000038
70.02799999999979,0.00037039200000001105,285.6234,-1.4467757999998412
70.03800000000001,-0.0003407520000000136,289.5978,4.519806600000038
70.04800000000023,-0.0005185379999999989,287.6106,4.519806600000038
70.05699999999979,-0.0003407520000000136,289.5978,4.519806600000038
70.06700000000001,1.4819999999998723e-05,290.59139999999996,2.5309457999999267
70.07600000000002,-0.00016296600000001438,290.59139999999996,6.508667400000149
70.08600000000024,-0.0003407520000000136,290.59139999999996,4.519806600000038
70.096,-0.0003407520000000136,290.59139999999996,6.508667400000149
70.10500000000002,-0.0003407520000000136,291.585,6.508667400000149
70.11500000000024,0.00019260599999999795,290.59139999999996,0.5420850000000428
70.125,-0.0005185379999999989,288.6042,4.519806600000038
70.13400000000001,1.4819999999998723e-05,290.59139999999996,4.519806600000038
70.14400000000023,-0.0003407520000000136,288.6042,4.519806600000038
70.15299999999979,1.4819999999998723e-05,289.5978,2.5309457999999267
70.16300000000001,1.4819999999998723e-05,288.6042,0.5420850000000428
70.17300000000023,-0.00016296600000001438,288.6042,4.519806600000038
70.19200000000001,-0.00016296600000001438,289.5978,2.5309457999999267
70.20200000000023,1.4819999999998723e-05,288.6042,0.5420850000000428
70.21199999999999,1.4819999999998723e-05,288.6042,2.5309457999999267
70.22200000000021,-0.0003407520000000136,289.5978,4.519806600000038
70.23199999999997,-0.00016296600000001438,287.6106,2.5309457999999267
70.24200000000019,-0.00016296600000001438,289.5978,4.519806600000038
70.25199999999995,1.4819999999998723e-05,286.61699999999996,0.5420850000000428
70.26200000000017,0.00037039200000001105,294.56579999999997,2.5309457999999267
70.27199999999993,-0.00016296600000001438,290.59139999999996,4.519806600000038
70.28200000000015,-0.0005185379999999989,289.5978,6.508667400000149
70.29199999999992,0.00019260599999999795,289.5978,2.5309457999999267
70.30200000000013,-0.0006963239999999982,288.6042,4.519806600000038
70.3119999999999,-0.0003407520000000136,289.5978,6.508667400000149
70.32200000000012,-0.0003407520000000136,288.6042,4.519806600000038
70.33199999999988,-0.00016296600000001438,291.585,4.519806600000038
70.3420000000001,0.00019260599999999795,287.6106,-1.4467757999998412
70.35199999999986,-0.00016296600000001438,292.5786,6.508667400000149
70.36200000000008,-0.00016296600000001438,288.6042,4.519806600000038
70.37199999999984,-0.0005185379999999989,287.6106,4.519806600000038
70.38200000000006,0.00019260599999999795,290.59139999999996,2.5309457999999267
70.39199999999983,-0.00016296600000001438,291.585,6.508667400000149
70.40200000000004,-0.0003407520000000136,291.585,6.508667400000149
70.41199999999981,-0.00016296600000001438,291.585,4.519806600000038
70.42200000000003,-0.0003407520000000136,289.5978,4.519806600000038
70.43199999999979,0.00019260599999999795,287.6106,2.5309457999999267
70.44200000000001,-0.00016296600000001438,289.5978,4.519806600000038
70.45200000000023,-0.00016296600000001438,291.585,4.519806600000038
70.46199999999999,-0.0003407520000000136,290.59139999999996,6.508667400000149
70.47200000000021,0.0005481779999999825,292.5786,0.5420850000000428
70.48199999999997,-0.0003407520000000136,288.6042,4.519806600000038
70.49200000000019,1.4819999999998723e-05,291.585,4.519806600000038
70.50199999999995,-0.0003407520000000136,289.5978,4.519806600000038
70.51200000000017,-0.00016296600000001438,291.585,4.519806600000038
70.52199999999993,1.4819999999998723e-05,288.6042,0.5420850000000428
70.53200000000015,1.4819999999998723e-05,289.5978,4.519806600000038
70.54199999999992,-0.0005185379999999989,286.61699999999996,6.508667400000149
70.55200000000013,-0.00016296600000001438,289.5978,2.5309457999999267
70.5619999999999,0.00019260599999999795,290.59139999999996,0.5420850000000428
70.57200000000012,-0.0003407520000000136,287.6106,4.519806600000038
70.58199999999988,1.4819999999998723e-05,291.585,2.5309457999999267
70.5920000000001,1.4819999999998723e-05,289.5978,4.519806600000038
70.60199999999986,-0.00016296600000001438,290.59139999999996,4.519806600000038
70.61200000000008,1.4819999999998723e-05,288.6042,0.5420850000000428
70.62199999999984,-0.00016296600000001438,288.6042,4.519806600000038
70.63200000000006,-0.00016296600000001438,288.6042,2.5309457999999267
70.64199999999983,-0.0005185379999999989,288.6042,6.508667400000149
70.65299999999979,1.4819999999998723e-05,287.6106,2.5309457999999267
70.66199999999981,-0.0003407520000000136,291.585,6.508667400000149
70.67200000000003,-0.0003407520000000136,290.59139999999996,6.508667400000149
70.68199999999979,1.4819999999998723e-05,291.585,4.519806600000038
70.69200000000001,-0.0005185379999999989,290.59139999999996,6.508667400000149
70.70299999999997,0.00019260599999999795,288.6042,0.5420850000000428
70.71199999999999,1.4819999999998723e-05,291.585,2.5309457999999267
70.72200000000021,-0.00016296600000001438,290.59139999999996,4.519806600000038
70.73199999999997,-0.0003407520000000136,287.6106,4.519806600000038
70.74299999999994,0.00019260599999999795,289.5978,0.5420850000000428
70.75199999999995,-0.00016296600000001438,289.5978,4.519806600000038
70.76200000000017,-0.00016296600000001438,291.585,2.5309457999999267
70.77199999999993,-0.0003407520000000136,287.6106,4.519806600000038
70.7829999999999,-0.0003407520000000136,287.6106,2.5309457999999267
70.79300000000012,-0.00016296600000001438,288.6042,0.5420850000000428
70.80299999999988,1.4819999999998723e-05,290.59139999999996,4.519806600000038
70.8130000000001,-0.0003407520000000136,288.6042,4.519806600000038
70.83800000000019,1.4819999999998723e-05,288.6042,0.5420850000000428
70.84700000000021,-0.0003407520000000136,289.5978,4.519806600000038
70.85699999999997,1.4819999999998723e-05,291.585,4.519806600000038
70.86700000000019,-0.0003407520000000136,290.59139999999996,6.508667400000149
70.8760000000002,1.4819999999998723e-05,288.6042,2.5309457999999267
70.88599999999997,-0.0003407520000000136,289.5978,4.519806600000038
70.89600000000019,-0.0003407520000000136,290.59139999999996,2.5309457999999267
70.9050000000002,-0.0003407520000000136,289.5978,4.519806600000038
70.91499999999996,-0.0003407520000000136,286.61699999999996,4.519806600000038
70.92399999999998,0.00019260599999999795,290.59139999999996,0.5420850000000428
70.9340000000002,0.00019260599999999795,290.59139999999996,2.5309457999999267
70.94399999999996,-0.0003407520000000136,288.6042,6.508667400000149
70.96300000000019,-0.00016296600000001438,289.5978,2.5309457999999267
70.97299999999996,1.4819999999998723e-05,288.6042,2.5309457999999267
70.98300000000017,-0.0003407520000000136,289.5978,6.508667400000149
70.99299999999994,-0.00016296600000001438,287.6106,4.519806600000038
71.00300000000016,-0.00016296600000001438,288.6042,4.519806600000038
71.01299999999992,0.00019260599999999795,287.6106,0.5420850000000428
71.02300000000014,-0.00016296600000001438,287.6106,0.5420850000000428
71.0329999999999,-0.00016296600000001438,290.59139999999996,4.519806600000038
71.04300000000012,1.4819999999998723e-05,291.585,4.519806600000038
71.05299999999988,-0.00016296600000001438,287.6106,2.5309457999999267
71.0630000000001,1.4819999999998723e-05,286.61699999999996,0.5420850000000428
71.07299999999987,-0.0003407520000000136,290.59139999999996,4.519806600000038
71.08300000000008,-0.0003407520000000136,288.6042,6.508667400000149
71.09299999999985,-0.0003407520000000136,290.59139999999996,2.5309457999999267
71.10300000000007,-0.00016296600000001438,287.6106,2.5309457999999267
71.11299999999983,0.00019260599999999795,290.59139999999996,2.5309457999999267
71.12300000000005,-0.00016296600000001438,289.5978,4.519806600000038
71.15299999999979,1.4819999999998723e-05,285.6234,0.5420850000000428
71.16300000000001,-0.00016296600000001438,287.6106,4.519806600000038
71.17300000000023,-0.0005185379999999989,288.6042,6.508667400000149
71.18299999999999,-0.00016296600000001438,289.5978,2.5309457999999267
71.19300000000021,1.4819999999998723e-05,290.59139999999996,2.5309457999999267
71.20299999999997,1.4819999999998723e-05,288.6042,4.519806600000038
71.21300000000019,0.00019260599999999795,292.5786,2.5309457999999267
71.22299999999996,-0.0003407520000000136,289.5978,2.5309457999999267
71.23300000000017,-0.00016296600000001438,288.6042,4.519806600000038
71.24299999999994,0.00037039200000001105,289.5978,0.5420850000000428
71.25300000000016,-0.00016296600000001438,290.59139999999996,4.519806600000038
71.26299999999992,1.4819999999998723e-05,292.5786,4.519806600000038
71.27300000000014,-0.00016296600000001438,288.6042,4.519806600000038
71.2840000000001,0.00037039200000001105,288.6042,0.5420850000000428
71.29300000000012,-0.00016296600000001438,290.59139999999996,4.519806600000038
71.30299999999988,-0.00016296600000001438,289.5978,2.5309457999999267
71.3130000000001,1.4819999999998723e-05,291.585,4.519806600000038
71.32299999999987,1.4819999999998723e-05,292.5786,4.519806600000038
71.33300000000008,0.00019260599999999795,289.5978,2.5309457999999267
71.34299999999985,-0.0003407520000000136,288.6042,4.519806600000038
71.35300000000007,-0.0003407520000000136,286.61699999999996,2.5309457999999267
71.36299999999983,-0.00016296600000001438,290.59139999999996,4.519806600000038
71.3739999999998,0.00019260599999999795,288.6042,0.5420850000000428
71.38299999999981,1.4819999999998723e-05,288.6042,2.5309457999999267
71.39300000000003,-0.0003407520000000136,291.585,6.508667400000149
71.40299999999979,-0.00016296600000001438,292.5786,4.519806600000038
71.41400000000021,1.4819999999998723e-05,290.59139999999996,2.5309457999999267
71.42399999999998,1.4819999999998723e-05,289.5978,2.5309457999999267
71.4340000000002,1.4819999999998723e-05,290.59139999999996,2.5309457999999267
71.44399999999996,-0.0003407520000000136,289.5978,4.519806600000038
71.45400000000018,-0.00016296600000001438,289.5978,2.5309457999999267
71.46399999999994,0.00019260599999999795,288.6042,2.5309457999999267
71.47400000000016,1.4819999999998723e-05,289.5978,2.5309457999999267
71.48399999999992,-0.0003407520000000136,289.5978,6.508667400000149
71.49400000000014,-0.0005185379999999989,289.5978,6.508667400000149
71.5039999999999,-0.00016296600000001438,290.59139999999996,4.519806600000038
71.51400000000012,0.00019260599999999795,289.5978,0.5420850000000428
71.52399999999989,-0.0003407520000000136,289.5978,4.519806600000038
71.5340000000001,-0.0003407520000000136,289.5978,4.519806600000038
71.54399999999987,-0.0003407520000000136,287.6106,4.519806600000038
71.55400000000009,1.4819999999998723e-05,290.59139999999996,4.519806600000038
71.56399999999985,-0.0003407520000000136,288.6042,4.519806600000038
71.57400000000007,-0.00016296600000001438,290.59139999999996,4.519806600000038
71.58399999999983,-0.0003407520000000136,289.5978,4.519806600000038
71.59400000000005,0.00037039200000001105,294.56579999999997,2.5309457999999267
71.60399999999981,-0.00016296600000001438,286.61699999999996,2.5309457999999267
71.61400000000003,-0.00016296600000001438,289.5978,4.519806600000038
71.6239999999998,-0.0005185379999999989,289.5978,4.519806600000038
71.63400000000001,-0.00016296600000001438,291.585,6.508667400000149
71.64400000000023,0.00019260599999999795,290.59139999999996,0.5420850000000428
71.654,-0.00016296600000001438,289.5978,4.519806600000038
71.66400000000021,-0.00016296600000001438,289.5978,2.5309457999999267
71.67399999999998,-0.00016296600000001438,290.59139999999996,4.519806600000038
71.6840000000002,-0.00016296600000001438,289.5978,2.5309457999999267
71.69399999999996,-0.00016296600000001438,287.6106,2.5309457999999267
71.70400000000018,-0.00016296600000001438,288.6042,4.519806600000038
71.71399999999994,-0.00016296600000001438,290.59139999999996,4.519806600000038
71.72400000000016,-0.00016296600000001438,289.5978,4.519806600000038
71.73399999999992,0.00037039200000001105,292.5786,2.5309457999999267
71.74400000000014,-0.00016296600000001438,289.5978,4.519806600000038
71.7539999999999,0.00019260599999999795,292.5786,2.5309457999999267
71.76400000000012,-0.00016296600000001438,290.59139999999996,4.519806600000038
71.77399999999989,1.4819999999998723e-05,288.6042,0.5420850000000428
71.7840000000001,1.4819999999998723e-05,288.6042,0.5420850000000428
71.79399999999987,-0.00016296600000001438,291.585,6.508667400000149
71.80400000000009,1.4819999999998723e-05,290.59139999999996,4.519806600000038
71.81399999999985,1.4819999999998723e-05,293.5722,4.519806600000038
71.82400000000007,0.00019260599999999795,289.5978,0.5420850000000428
71.83399999999983,1.4819999999998723e-05,293.5722,4.519806600000038
71.84400000000005,-0.00016296600000001438,289.5978,2.5309457999999267
71.85399999999981,-0.00016296600000001438,290.59139999999996,4.519806600000038
71.86400000000003,0.00037039200000001105,292.5786,0.5420850000000428
71.8739999999998,-0.00016296600000001438,287.6106,2.5309457999999267
71.88400000000001,-0.00016296600000001438,289.5978,2.5309457999999267
71.89400000000023,-0.00016296600000001438,291.585,4.519806600000038
71.904,-0.0003407520000000136,290.59139999999996,6.508667400000149
71.91499999999996,0.00037039200000001105,289.5978,2.5309457999999267
71.92399999999998,-0.0005185379999999989,288.6042,6.508667400000149
71.9340000000002,-0.00016296600000001438,289.5978,4.519806600000038
71.94399999999996,1.4819999999998723e-05,289.5978,2.5309457999999267
71.95499999999993,-0.00016296600000001438,289.5978,2.5309457999999267
71.96399999999994,-0.00016296600000001438,289.5978,4.519806600000038
71.97400000000016,-0.00016296600000001438,289.5978,4.519806600000038
71.98399999999992,1.4819999999998723e-05,290.59139999999996,4.519806600000038
71.99400000000014,-0.00016296600000001438,287.6106,4.519806600000038
72.00500000000011,-0.00016296600000001438,288.6042,2.5309457999999267
72.01400000000012,-0.00016296600000001438,291.585,4.519806600000038
72.02399999999989,-0.00016296600000001438,289.5978,4.519806600000038
72.0340000000001,1.4819999999998723e-05,292.5786,4.519806600000038
72.04500000000007,0.00019260599999999795,289.5978,0.5420850000000428
72.05499999999984,-0.00016296600000001438,288.6042,2.5309457999999267
72.06500000000005,-0.0003407520000000136,289.5978,6.508667400000149
72.07499999999982,1.4819999999998723e-05,290.59139999999996,4.519806600000038
72.08500000000004,-0.00016296600000001438,288.6042,4.519806600000038
72.0949999999998,0.00019260599999999795,288.6042,2.5309457999999267
72.10500000000002,-0.0003407520000000136,288.6042,2.5309457999999267
72.11500000000024,-0.0003407520000000136,286.61699999999996,2.5309457999999267
72.125,1.4819999999998723e-05,292.5786,4.519806600000038
72.13500000000022,0.00019260599999999795,289.5978,0.5420850000000428
72.14499999999998,-0.00016296600000001438,288.6042,4.519806600000038
72.1550000000002,-0.00016296600000001438,290.59139999999996,4.519806600000038
72.16499999999996,-0.00016296600000001438,289.5978,4.519806600000038
72.17500000000018,-0.0003407520000000136,289.5978,4.519806600000038
72.18499999999995,0.00019260599999999795,290.59139999999996,2.5309457999999267
72.19500000000016,-0.00016296600000001438,289.5978,4.519806600000038
72.20499999999993,-0.00016296600000001438,289.5978,4.519806600000038
72.21500000000015,-0.0003407520000000136,289.5978,6.508667400000149
72.22499999999991,-0.0003407520000000136,286.61699999999996,2.5309457999999267
72.23500000000013,1.4819999999998723e-05,290.59139999999996,4.519806600000038
72.24499999999989,0.00019260599999999795,291.585,2.5309457999999267
72.25500000000011,-0.0005185379999999989,288.6042,4.519806600000038
72.26499999999987,-0.0003407520000000136,290.59139999999996,4.519806600000038
72.27500000000009,0.00019260599999999795,288.6042,0.5420850000000428
72.28499999999985,-0.00016296600000001438,288.6042,4.519806600000038
72.29500000000007,1.4819999999998723e-05,292.5786,4.519806600000038
72.30499999999984,-0.00016296600000001438,288.6042,4.519806600000038
72.31500000000005,-0.00016296600000001438,288.6042,2.5309457999999267
72.32499999999982,-0.00016296600000001438,288.6042,4.519806600000038
72.33500000000004,1.4819999999998723e-05,289.5978,2.5309457999999267
72.3449999999998,-0.0003407520000000136,290.59139999999996,4.519806600000038
72.35500000000002,1.4819999999998723e-05,289.5978,4.519806600000038
72.36500000000024,0.00019260599999999795,287.6106,0.5420850000000428
72.375,1.4819999999998723e-05,291.585,2.5309457999999267
72.38500000000022,1.4819999999998723e-05,289.5978,4.519806600000038
72.39499999999998,1.4819999999998723e-05,289.5978,4.519806600000038
72.4050000000002,1.4819999999998723e-05,289.5978,2.5309457999999267
72.41499999999996,-0.00016296600000001438,288.6042,4.519806600000038
72.42500000000018,-0.00016296600000001438,292.5786,6.508667400000149
72.43499999999995,1.4819999999998723e-05,290.59139999999996,4.519806600000038
72.44500000000016,-0.00016296600000001438,291.585,4.519806600000038
72.45499999999993,1.4819999999998723e-05,289.5978,2.5309457999999267
72.46500000000015,-0.0003407520000000136,289.5978,4.519806600000038
72.47499999999991,1.4819999999998723e-05,291.585,4.519806600000038
72.48500000000013,-0.0003407520000000136,288.6042,4.519806600000038
72.50300000000016,1.4819999999998723e-05,286.61699999999996,0.5420850000000428
72.51299999999992,1.4819999999998723e-05,289.5978,4.519806600000038
72.52199999999993,-0.00016296600000001438,288.6042,2.5309457999999267
72.53200000000015,-0.0003407520000000136,289.5978,4.519806600000038
72.54100000000017,0.00019260599999999795,290.59139999999996,2.5309457999999267
72.55099999999993,-0.0005185379999999989,288.6042,6.508667400000149
72.56100000000015,-0.00016296600000001438,289.5978,4.519806600000038
72.57000000000016,-0.00016296600000001438,289.5978,6.508667400000149
72.57999999999993,-0.00016296600000001438,291.585,4.519806600000038
72.59000000000015,0.00019260599999999795,288.6042,0.5420850000000428
72.59900000000016,-0.00016296600000001438,289.5978,6.508667400000149
72.60899999999992,-0.00016296600000001438,290.59139999999996,4.519806600000038
72.61799999999994,-0.00016296600000001438,290.59139999999996,4.519806600000038
72.62800000000016,-0.0003407520000000136,290.59139999999996,4.519806600000038
72.63799999999992,1.4819999999998723e-05,288.6042,0.5420850000000428
72.64699999999993,-0.00016296600000001438,289.5978,4.519806600000038
72.65700000000015,-0.0003407520000000136,289.5978,4.519806600000038
72.66600000000017,-0.00016296600000001438,290.59139999999996,2.5309457999999267
72.68600000000015,-0.0003407520000000136,290.59139999999996,6.508667400000149
72.69599999999991,1.4819999999998723e-05,293.5722,4.519806600000038
72.70600000000013,-0.00016296600000001438,288.6042,4.519806600000038
72.7159999999999,-0.0003407520000000136,289.5978,4.519806600000038
72.72600000000011,0.00019260599999999795,286.61699999999996,0.5420850000000428
72.73599999999988,-0.00016296600000001438,291.585,6.508667400000149
72.7460000000001,-0.00016296600000001438,290.59139999999996,4.519806600000038
72.75599999999986,1.4819999999998723e-05,290.59139999999996,4.519806600000038
72.76600000000008,1.4819999999998723e-05,293.5722,4.519806600000038
72.77599999999984,-0.00016296600000001438,289.5978,4.519806600000038
72.78600000000006,1.4819999999998723e-05,289.5978,4.519806600000038
72.81800000000021,0.00037039200000001105,286.61699999999996,-1.4467757999998412
72.82799999999997,-0.0003407520000000136,288.6042,4.519806600000038
72.83699999999999,1.4819999999998723e-05,291.585,4.519806600000038
72.84700000000021,-0.0003407520000000136,288.6042,4.519806600000038
72.86599999999999,-0.00016296600000001438,290.59139999999996,6.508667400000149
72.8760000000002,1.4819999999998723e-05,288.6042,2.5309457999999267
72.88599999999997,-0.00016296600000001438,289.5978,6.508667400000149
72.89600000000019,-0.00016296600000001438,289.5978,4.519806600000038
72.90599999999995,0.00019260599999999795,287.6106,0.5420850000000428
72.91600000000017,1.4819999999998723e-05,290.59139999999996,4.519806600000038
72.92599999999993,-0.0003407520000000136,290.59139999999996,4.519806600000038
72.93600000000015,-0.00016296600000001438,289.5978,4.519806600000038
72.94599999999991,1.4819999999998723e-05,288.6042,0.5420850000000428
72.95600000000013,-0.00016296600000001438,289.5978,4.519806600000038
72.9659999999999,1.4819999999998723e-05,291.585,4.519806600000038
72.97600000000011,-0.0003407520000000136,288.6042,4.519806600000038
72.98599999999988,1.4819999999998723e-05,291.585,4.519806600000038
72.9960000000001,1.4819999999998723e-05,289.5978,2.5309457999999267
73.00599999999986,-0.00016296600000001438,287.6106,2.5309457999999267
73.01600000000008,-0.0003407520000000136,289.5978,4.519806600000038
73.02599999999984,-0.0005185379999999989,289.5978,4.519806600000038
73.03600000000006,0.00037039200000001105,291.585,2.5309457999999267
73.04599999999982,1.4819999999998723e-05,292.5786,6.508667400000149
73.05600000000004,1.4819999999998723e-05,292.5786,4.519806600000038
73.0659999999998,-0.00016296600000001438,289.5978,4.519806600000038
73.07600000000002,1.4819999999998723e-05,291.585,4.519806600000038
73.08600000000024,0.00019260599999999795,288.6042,0.5420850000000428
73.096,-0.0003407520000000136,288.6042,4.519806600000038
73.10600000000022,-0.00016296600000001438,289.5978,4.519806600000038
73.11599999999999,-0.0005185379999999989,289.5978,4.519806600000038
73.12699999999995,1.4819999999998723e-05,289.5978,2.5309457999999267
73.13599999999997,-0.0003407520000000136,290.59139999999996,6.508667400000149
73.14600000000019,0.00019260599999999795,290.59139999999996,4.519806600000038
73.15599999999995,-0.0003407520000000136,290.59139999999996,6.508667400000149
73.16600000000017,-0.0003407520000000136,290.59139999999996,6.508667400000149
73.17599999999993,0.00037039200000001105,287.6106,0.5420850000000428
73.18600000000015,-0.0003407520000000136,290.59139999999996,6.508667400000149
73.19599999999991,-0.00016296600000001438,289.5978,6.508667400000149
73.20600000000013,-0.0003407520000000136,290.59139999999996,6.508667400000149
73.2170000000001,0.00019260599999999795,290.59139999999996,0.5420850000000428
73.22600000000011,-0.00016296600000001438,288.6042,4.519806600000038
73.23599999999988,-0.0003407520000000136,288.6042,4.519806600000038
73.2460000000001,-0.0003407520000000136,289.5978,4.519806600000038
73.25599999999986,-0.00016296600000001438,291.585,6.508667400000149
73.26699999999983,0.00037039200000001105,288.6042,0.5420850000000428
73.27599999999984,-0.0003407520000000136,289.5978,6.508667400000149
73.28600000000006,1.4819999999998723e-05,293.5722,4.519806600000038
73.29599999999982,-0.00016296600000001438,289.5978,4.519806600000038
73.30699999999979,1.4819999999998723e-05,288.6042,2.5309457999999267
73.31700000000001,-0.00016296600000001438,289.5978,4.519806600000038
73.32700000000023,-0.0003407520000000136,288.6042,4.519806600000038
73.33699999999999,-0.00016296600000001438,291.585,4.519806600000038
73.34700000000021,1.4819999999998723e-05,292.5786,2.5309457999999267
73.35699999999997,0.00019260599999999795,287.6106,0.5420850000000428
73.36700000000019,-0.00016296600000001438,291.585,2.5309457999999267
73.37699999999995,-0.00016296600000001438,288.6042,4.519806600000038
73.38700000000017,-0.00016296600000001438,291.585,6.508667400000149
73.39699999999993,1.4819999999998723e-05,284.6298,0.5420850000000428
73.40700000000015,1.4819999999998723e-05,291.585,4.519806600000038
73.41699999999992,-0.00016296600000001438,288.6042,4.519806600000038
73.42700000000013,1.4819999999998723e-05,292.5786,4.519806600000038
73.4369999999999,-0.00016296600000001438,287.6106,4.519806600000038
73.44700000000012,-0.00016296600000001438,288.6042,2.5309457999999267
73.45699999999988,-0.00016296600000001438,289.5978,4.519806600000038
73.4670000000001,-0.0003407520000000136,289.5978,2.5309457999999267
73.47699999999986,1.4819999999998723e-05,292.5786,4.519806600000038
73.48700000000008,1.4819999999998723e-05,288.6042,2.5309457999999267
73.49699999999984,-0.00016296600000001438,289.5978,2.5309457999999267
73.50700000000006,-0.00016296600000001438,291.585,4.519806600000038
73.51699999999983,-0.00016296600000001438,289.5978,4.519806600000038
73.52700000000004,-0.0003407520000000136,289.5978,4.519806600000038
73.53699999999981,0.00019260599999999795,288.6042,0.5420850000000428
73.54700000000003,1.4819999999998723e-05,289.5978,2.5309457999999267
73.55699999999979,1.4819999999998723e-05,291.585,4.519806600000038
73.56700000000001,1.4819999999998723e-05,291.585,4.519806600000038
73.58399999999983,0.00019260599999999795,287.6106,0.5420850000000428
73.59299999999985,-0.00016296600000001438,291.585,4.519806600000038
73.60300000000007,-0.0003407520000000136,289.5978,6.508667400000149
73.61200000000008,-0.00016296600000001438,290.59139999999996,6.508667400000149
73.62199999999984,0.00019260599999999795,289.5978,2.5309457999999267
73.63200000000006,-0.00016296600000001438,289.5978,4.519806600000038
73.64100000000008,-0.0003407520000000136,289.5978,6.508667400000149
73.65099999999984,-0.00016296600000001438,287.6106,2.5309457999999267
73.65999999999985,-0.00016296600000001438,290.59139999999996,4.519806600000038
73.67000000000007,0.0005481779999999825,287.6106,-1.4467757999998412
73.67999999999984,-0.00016296600000001438,288.6042,4.519806600000038
73.68899999999985,1.4819999999998723e-05,288.6042,2.5309457999999267
73.69900000000007,-0.0003407520000000136,289.5978,4.519806600000038
73.70899999999983,1.4819999999998723e-05,290.59139999999996,4.519806600000038
73.71799999999985,1.4819999999998723e-05,289.5978,2.5309457999999267
73.73700000000008,-0.0003407520000000136,290.59139999999996,6.508667400000149
73.74699999999984,-0.00016296600000001438,290.59139999999996,6.508667400000149
73.75700000000006,1.4819999999998723e-05,286.61699999999996,2.5309457999999267
73.76699999999983,-0.00016296600000001438,290.59139999999996,4.519806600000038
73.77700000000004,1.4819999999998723e-05,291.585,2.5309457999999267
73.78699999999981,-0.0003407520000000136,288.6042,4.519806600000038
73.79700000000003,-0.0003407520000000136,287.6106,6.508667400000149
73.80799999999999,0.00019260599999999795,286.61699999999996,-1.4467757999998412
73.81700000000001,-0.00016296600000001438,289.5978,4.519806600000038
73.82700000000023,-0.00016296600000001438,289.5978,2.5309457999999267
73.83699999999999,-0.00016296600000001438,290.59139999999996,4.519806600000038
73.84799999999996,0.00037039200000001105,290.59139999999996,0.5420850000000428
73.85699999999997,-0.0003407520000000136,286.61699999999996,4.519806600000038
73.86700000000019,-0.00016296600000001438,288.6042,4.519806600000038
73.87699999999995,-0.0003407520000000136,287.6106,4.519806600000038
73.88799999999992,-0.0003407520000000136,289.5978,4.519806600000038
73.89800000000014,0.00019260599999999795,288.6042,0.5420850000000428
73.90700000000015,-0.00016296600000001438,290.59139999999996,6.508667400000149
73.91699999999992,-0.0005185379999999989,288.6042,4.519806600000038
73.92799999999988,-0.0003407520000000136,286.61699999999996,4.519806600000038
73.9380000000001,0.00019260599999999795,290.59139999999996,2.5309457999999267
73.94799999999987,-0.00016296600000001438,292.5786,6.508667400000149
73.95800000000008,-0.00016296600000001438,288.6042,4.519806600000038
73.96799999999985,-0.00016296600000001438,291.585,6.508667400000149
73.98900000000003,0.00019260599999999795,287.6106,0.5420850000000428
74.00799999999981,1.4819999999998723e-05,290.59139999999996,2.5309457999999267
74.01800000000003,-0.00016296600000001438,289.5978,4.519806600000038
74.02799999999979,-0.0003407520000000136,288.6042,2.5309457999999267
74.03800000000001,-0.0005185379999999989,290.59139999999996,8.497528200000033
74.04800000000023,-0.00016296600000001438,290.59139999999996,4.519806600000038
74.05799999999999,1.4819999999998723e-05,289.5978,2.5309457999999267
74.06800000000021,-0.0003407520000000136,291.585,6.508667400000149
74.07799999999997,0.00019260599999999795,287.6106,0.5420850000000428
74.08800000000019,-0.0005185379999999989,287.6106,4.519806600000038
74.09799999999996,1.4819999999998723e-05,288.6042,4.519806600000038
74.10800000000017,-0.00016296600000001438,289.5978,4.519806600000038
74.11799999999994,1.4819999999998723e-05,288.6042,2.5309457999999267
74.12800000000016,-0.0003407520000000136,290.59139999999996,6.508667400000149
74.13799999999992,-0.00016296600000001438,291.585,4.519806600000038
74.14800000000014,-0.0003407520000000136,288.6042,4.519806600000038
74.1579999999999,-0.00016296600000001438,290.59139999999996,6.508667400000149
74.16800000000012,-0.00016296600000001438,287.6106,2.5309457999999267
74.17799999999988,-0.00016296600000001438,287.6106,4.519806600000038
74.1880000000001,-0.00016296600000001438,290.59139999999996,4.519806600000038
74.19799999999987,0.00019260599999999795,291.585,2.5309457999999267
74.20800000000008,0.00037039200000001105,291.585,0.5420850000000428
74.21799999999985,1.4819999999998723e-05,289.5978,4.519806600000038
74.22800000000007,-0.00016296600000001438,290.59139999999996,4.519806600000038
74.23799999999983,-0.00016296600000001438,290.59139999999996,4.519806600000038
74.24800000000005,1.4819999999998723e-05,291.585,4.519806600000038
74.25799999999981,0.00037039200000001105,288.6042,0.5420850000000428
74.26800000000003,-0.00016296600000001438,290.59139999999996,4.519806600000038
74.27799999999979,-0.0003407520000000136,288.6042,4.519806600000038
74.30400000000009,1.4819999999998723e-05,291.585,6.508667400000149
74.34799999999996,-0.00016296600000001438,289.5978,2.5309457999999267
74.39300000000003,0.0005481779999999825,288.6042,-1.4467757999998412
74.40299999999979,-0.00016296600000001438,289.5978,2.5309457999999267
74.41199999999981,-0.00016296600000001438,291.585,2.5309457999999267
74.42200000000003,-0.00016296600000001438,291.585,4.519806600000038
74.43199999999979,1.4819999999998723e-05,287.6106,2.5309457999999267
74.4409999999998,-0.00016296600000001438,291.585,6.508667400000149
74.45100000000002,-0.00016296600000001438,290.59139999999996,4.519806600000038
74.46000000000004,-0.00016296600000001438,290.59139999999996,4.519806600000038
74.4699999999998,-0.00016296600000001438,290.59139999999996,4.519806600000038
74.48000000000002,0.00019260599999999795,288.6042,0.5420850000000428
74.48900000000003,-0.00016296600000001438,291.585,4.519806600000038
74.50799999999981,-0.00016296600000001438,290.59139999999996,4.519806600000038
74.51900000000023,-0.0003407520000000136,288.6042,4.519806600000038
74.529,0.00019260599999999795,290.59139999999996,2.5309457999999267
74.53800000000001,1.4819999999998723e-05,288.6042,4.519806600000038
74.54800000000023,-0.0003407520000000136,288.6042,4.519806600000038
74.5590000000002,-0.00016296600000001438,288.6042,4.519806600000038
74.56899999999996,-0.0005185379999999989,284.6298,2.5309457999999267
74.57900000000018,1.4819999999998723e-05,291.585,4.519806600000038
74.58899999999994,-0.0003407520000000136,288.6042,6.508667400000149
74.59900000000016,-0.0003407520000000136,290.59139999999996,6.508667400000149
74.60899999999992,1.4819999999998723e-05,292.5786,4.519806600000038
74.61900000000014,1.4819999999998723e-05,289.5978,2.5309457999999267
74.6289999999999,-0.00016296600000001438,289.5978,4.519806600000038
74.63900000000012,1.4819999999998723e-05,290.59139999999996,2.5309457999999267
74.64899999999989,-0.00016296600000001438,290.59139999999996,4.519806600000038
74.6590000000001,-0.00016296600000001438,288.6042,2.5309457999999267
74.66899999999987,-0.00016296600000001438,289.5978,2.5309457999999267
74.67900000000009,-0.00016296600000001438,288.6042,2.5309457999999267
74.70899999999983,0.00019260599999999795,285.6234,-1.4467757999998412
74.71799999999985,1.4819999999998723e-05,289.5978,6.508667400000149
74.72800000000007,-0.00016296600000001438,289.5978,4.519806600000038
74.73799999999983,-0.00016296600000001438,291.585,4.519806600000038
74.74699999999984,1.4819999999998723e-05,289.5978,0.5420850000000428
74.75700000000006,-0.00016296600000001438,290.59139999999996,6.508667400000149
74.76600000000008,-0.0003407520000000136,288.6042,6.508667400000149
74.77599999999984,-0.00016296600000001438,289.5978,4.519806600000038
74.78600000000006,-0.00016296600000001438,289.5978,4.519806600000038
74.79500000000007,1.4819999999998723e-05,286.61699999999996,2.5309457999999267
74.80499999999984,1.4819999999998723e-05,291.585,4.519806600000038
74.81500000000005,-0.00016296600000001438,289.5978,4.519806600000038
74.82400000000007,1.4819999999998723e-05,289.5978,2.5309457999999267
74.83399999999983,-0.00016296600000001438,288.6042,4.519806600000038
74.84299999999985,-0.00016296600000001438,286.61699999999996,2.5309457999999267
74.85300000000007,-0.00016296600000001438,291.585,4.519806600000038
74.86299999999983,1.4819999999998723e-05,291.585,4.519806600000038
74.87199999999984,-0.00016296600000001438,289.5978,0.5420850000000428
74.88200000000006,0.00037039200000001105,287.6106,2.5309457999999267
74.89199999999983,-0.00016296600000001438,288.6042,4.519806600000038
74.90099999999984,-0.00016296600000001438,289.5978,2.5309457999999267
74.91100000000006,1.4819999999998723e-05,291.585,2.5309457999999267
74.92000000000007,-0.00016296600000001438,289.5978,4.519806600000038
74.92999999999984,0.00037039200000001105,289.5978,0.5420850000000428
74.94900000000007,-0.0003407520000000136,288.6042,6.508667400000149
74.95899999999983,1.4819999999998723e-05,291.585,4.519806600000038
74.96900000000005,1.4819999999998723e-05,292.5786,2.5309457999999267
74.97899999999981,-0.00016296600000001438,290.59139999999996,4.519806600000038
74.98900000000003,-0.00016296600000001438,288.6042,4.519806600000038
74.9989999999998,1.4819999999998723e-05,289.5978,2.5309457999999267
75.00900000000001,1.4819999999998723e-05,291.585,4.519806600000038
75.01999999999998,0.00037039200000001105,289.5978,-1.4467757999998412
75.029,-0.00016296600000001438,289.5978,4.519806600000038
75.03900000000021,-0.00016296600000001438,288.6042,4.519806600000038
75.04899999999998,-0.00016296600000001438,291.585,4.519806600000038
75.0590000000002,0.00019260599999999795,291.585,2.5309457999999267
75.06899999999996,-0.00016296600000001438,288.6042,4.519806600000038
75.07900000000018,1.4819999999998723e-05,290.59139999999996,4.519806600000038
75.08899999999994,0.00019260599999999795,291.585,2.5309457999999267
75.09900000000016,-0.00016296600000001438,290.59139999999996,6.508667400000149
75.11000000000013,0.00019260599999999795,289.5978,0.5420850000000428
75.11900000000014,-0.00016296600000001438,290.59139999999996,2.5309457999999267
75.1289999999999,-0.0003407520000000136,287.6106,4.519806600000038
75.13900000000012,-0.00016296600000001438,290.59139999999996,2.5309457999999267
75.15000000000009,0.00019260599999999795,292.5786,4.519806600000038
75.15999999999985,0.00019260599999999795,290.59139999999996,2.5309457999999267
75.16899999999987,-0.0003407520000000136,289.5978,4.519806600000038
75.17999999999984,-0.00016296600000001438,288.6042,4.519806600000038
75.19000000000005,1.4819999999998723e-05,289.5978,2.5309457999999267
75.19999999999982,0.00019260599999999795,289.5978,0.5420850000000428
75.21000000000004,-0.00016296600000001438,289.5978,4.519806600000038
75.2199999999998,-0.00016296600000001438,289.5978,2.5309457999999267
75.23000000000002,-0.00016296600000001438,291.585,4.519806600000038
75.24000000000024,0.00019260599999999795,292.5786,2.5309457999999267
75.25,1.4819999999998723e-05,289.5978,4.519806600000038
75.26000000000022,1.4819999999998723e-05,290.59139999999996,4.519806600000038
75.26999999999998,-0.00016296600000001438,290.59139999999996,4.519806600000038
75.2800000000002,1.4819999999998723e-05,289.5978,4.519806600000038
75.28999999999996,0.00019260599999999795,289.5978,0.5420850000000428
75.30000000000018,1.4819999999998723e-05,290.59139999999996,2.5309457999999267
75.30999999999995,-0.00016296600000001438,289.5978,2.5309457999999267
75.32000000000016,1.4819999999998723e-05,293.5722,4.519806600000038
75.32999999999993,1.4819999999998723e-05,292.5786,4.519806600000038
75.34000000000015,-0.0005185379999999989,289.5978,6.508667400000149
75.34999999999991,1.4819999999998723e-05,291.585,4.519806600000038
75.38400000000001,0.00019260599999999795,288.6042,-1.4467757999998412
75.39400000000023,-0.00016296600000001438,289.5978,6.508667400000149
75.40299999999979,0.00037039200000001105,292.5786,2.5309457999999267
75.41300000000001,1.4819999999998723e-05,291.585,4.519806600000038
75.42200000000003,1.4819999999998723e-05,284.6298,2.5309457999999267
75.43199999999979,0.00019260599999999795,290.59139999999996,4.519806600000038
75.44200000000001,1.4819999999998723e-05,289.5978,2.5309457999999267
75.45100000000002,-0.00016296600000001438,290.59139999999996,4.519806600000038
75.4699999999998,0.00019260599999999795,290.59139999999996,-1.4467757999998412
75.48000000000002,-0.00016296600000001438,290.59139999999996,4.519806600000038
75.49000000000024,-0.00016296600000001438,289.5978,4.519806600000038
75.5,-0.00016296600000001438,287.6106,2.5309457999999267
75.51000000000022,0.0005481779999999825,292.5786,0.5420850000000428
75.51999999999998,-0.00016296600000001438,287.6106,2.5309457999999267
75.5300000000002,1.4819999999998723e-05,289.5978,2.5309457999999267
75.53999999999996,-0.00016296600000001438,289.5978,4.519806600000038
75.55000000000018,1.4819999999998723e-05,289.5978,2.5309457999999267
75.55999999999995,-0.00016296600000001438,288.6042,2.5309457999999267
75.57000000000016,-0.0003407520000000136,286.61699999999996,4.519806600000038
75.57999999999993,1.4819999999998723e-05,291.585,2.5309457999999267
75.59000000000015,-0.0003407520000000136,289.5978,4.519806600000038
75.59999999999991,1.4819999999998723e-05,285.6234,0.5420850000000428
75.61000000000013,0.00019260599999999795,293.5722,4.519806600000038
75.61999999999989,-0.00016296600000001438,288.6042,4.519806600000038
75.63000000000011,1.4819999999998723e-05,289.5978,0.5420850000000428
75.63999999999987,-0.0003407520000000136,289.5978,4.519806600000038
75.65099999999984,0.00019260599999999795,287.6106,-1.4467757999998412
75.65999999999985,-0.00016296600000001438,289.5978,4.519806600000038
75.67000000000007,0.00019260599999999795,291.585,4.519806600000038
75.67999999999984,-0.00016296600000001438,288.6042,4.519806600000038
75.6909999999998,-0.00016296600000001438,289.5978,2.5309457999999267
75.69999999999982,-0.00016296600000001438,289.5978,4.519806600000038
75.71000000000004,-0.00016296600000001438,287.6106,4.519806600000038
75.7199999999998,-0.00016296600000001438,290.59139999999996,4.519806600000038
75.73000000000002,-0.00016296600000001438,289.5978,4.519806600000038
75.74099999999999,-0.00016296600000001438,287.6106,2.5309457999999267
75.75,-0.00016296600000001438,287.6106,2.5309457999999267
75.76000000000022,-0.00016296600000001438,288.6042,4.519806600000038
75.76999999999998,0.00019260599999999795,293.5722,4.519806600000038
75.78099999999995,0.00037039200000001105,290.59139999999996,0.5420850000000428
75.78999999999996,1.4819999999998723e-05,290.59139999999996,4.519806600000038
75.80000000000018,-0.00016296600000001438,288.6042,4.519806600000038
75.81100000000015,0.00019260599999999795,292.5786,2.5309457999999267
75.82099999999991,-0.0003407520000000136,290.59139999999996,6.508667400000149
75.83100000000013,1.4819999999998723e-05,285.6234,0.5420850000000428
75.8409999999999,1.4819999999998723e-05,289.5978,2.5309457999999267
75.85100000000011,-0.00016296600000001438,288.6042,2.5309457999999267
75.86099999999988,-0.00016296600000001438,289.5978,4.519806600000038
75.8710000000001,-0.00016296600000001438,285.6234,2.5309457999999267
75.88099999999986,-0.00016296600000001438,290.59139999999996,4.519806600000038
75.89100000000008,-0.00016296600000001438,287.6106,2.5309457999999267
75.90099999999984,-0.00016296600000001438,290.59139999999996,4.519806600000038
75.91100000000006,1.4819999999998723e-05,291.585,2.5309457999999267
75.92099999999982,0.00037039200000001105,287.6106,0.5420850000000428
75.93100000000004,-0.00016296600000001438,289.5978,2.5309457999999267
75.9409999999998,1.4819999999998723e-05,289.5978,2.5309457999999267
75.95100000000002,-0.00016296600000001438,290.59139999999996,6.508667400000149
75.96100000000024,1.4819999999998723e-05,286.61699999999996,0.5420850000000428
75.971,-0.00016296600000001438,290.59139999999996,4.519806600000038
75.98100000000022,-0.00016296600000001438,289.5978,4.519806600000038
75.99099999999999,-0.00016296600000001438,291.585,4.519806600000038
76.0010000000002,1.4819999999998723e-05,292.5786,4.519806600000038
76.01099999999997,0.00019260599999999795,288.6042,2.5309457999999267
76.02100000000019,-0.00016296600000001438,288.6042,4.519806600000038
76.03099999999995,-0.0003407520000000136,289.5978,6.508667400000149
76.04100000000017,1.4819999999998723e-05,290.59139999999996,2.5309457999999267
76.05099999999993,0.00037039200000001105,292.5786,0.5420850000000428
76.06100000000015,-0.00016296600000001438,291.585,4.519806600000038
76.07099999999991,-0.00016296600000001438,290.59139999999996,4.519806600000038
76.08100000000013,-0.00016296600000001438,289.5978,4.519806600000038
76.0909999999999,-0.0003407520000000136,288.6042,4.519806600000038
76.10100000000011,0.00037039200000001105,288.6042,0.5420850000000428
76.11099999999988,1.4819999999998723e-05,288.6042,2.5309457999999267
76.1210000000001,0.00019260599999999795,289.5978,2.5309457999999267
76.13099999999986,-0.00016296600000001438,290.59139999999996,4.519806600000038
76.14100000000008,0.0007259639999999956,291.585,0.5420850000000428
76.15099999999984,0.00019260599999999795,291.585,2.5309457999999267
76.16100000000006,-0.0003407520000000136,290.59139999999996,6.508667400000149
76.17099999999982,1.4819999999998723e-05,292.5786,4.519806600000038
76.18100000000004,-0.0003407520000000136,288.6042,6.508667400000149
76.1909999999998,0.00019260599999999795,289.5978,2.5309457999999267
76.20100000000002,1.4819999999998723e-05,290.59139999999996,4.519806600000038
76.21100000000024,-0.0005185379999999989,288.6042,6.508667400000149
76.221,-0.0003407520000000136,288.6042,4.519806600000038
76.23100000000022,0.00019260599999999795,288.6042,0.5420850000000428
76.24099999999999,-0.00016296600000001438,289.5978,6.508667400000149
76.2510000000002,-0.00016296600000001438,290.59139999999996,2.5309457999999267
76.26099999999997,-0.00016296600000001438,288.6042,2.5309457999999267
76.27100000000019,-0.00016296600000001438,289.5978,4.519806600000038
76.28200000000015,0.00019260599999999795,289.5978,0.5420850000000428
76.29100000000017,-0.0005185379999999989,289.5978,4.519806600000038
76.30099999999993,1.4819999999998723e-05,290.59139999999996,4.519806600000038
76.31100000000015,1.4819999999998723e-05,289.5978,2.5309457999999267
76.32200000000012,-0.00016296600000001438,290.59139999999996,4.519806600000038
76.33100000000013,-0.0003407520000000136,288.6042,2.5309457999999267
76.3409999999999,-0.00016296600000001438,290.59139999999996,4.519806600000038
76.35100000000011,-0.00016296600000001438,291.585,4.519806600000038
76.36099999999988,1.4819999999998723e-05,289.5978,4.519806600000038
76.37199999999984,1.4819999999998723e-05,288.6042,0.5420850000000428
76.38099999999986,1.4819999999998723e-05,290.59139999999996,4.519806600000038
76.39100000000008,-0.0005185379999999989,286.61699999999996,4.519806600000038
76.40099999999984,-0.0005185379999999989,288.6042,6.508667400000149
76.41199999999981,0.00019260599999999795,290.59139999999996,2.5309457999999267
76.42099999999982,-0.00016296600000001438,289.5978,4.519806600000038
76.43199999999979,-0.00016296600000001438,289.5978,4.519806600000038
76.44200000000001,0.00019260599999999795,290.59139999999996,2.5309457999999267
76.45200000000023,0.00019260599999999795,290.59139999999996,2.5309457999999267
76.46199999999999,-0.0003407520000000136,286.61699999999996,2.5309457999999267
76.47200000000021,1.4819999999998723e-05,291.585,4.519806600000038
76.48199999999997,-0.0003407520000000136,287.6106,4.519806600000038
76.49200000000019,1.4819999999998723e-05,290.59139999999996,4.519806600000038
76.50199999999995,1.4819999999998723e-05,291.585,2.5309457999999267
76.51200000000017,1.4819999999998723e-05,289.5978,2.5309457999999267
76.52199999999993,-0.0003407520000000136,288.6042,4.519806600000038
76.55400000000009,1.4819999999998723e-05,291.585,4.519806600000038
76.59799999999996,0.00037039200000001105,287.6106,0.5420850000000428
76.60800000000017,-0.00016296600000001438,288.6042,6.508667400000149
76.61799999999994,1.4819999999998723e-05,290.59139999999996,4.519806600000038
76.62699999999995,-0.0003407520000000136,288.6042,4.519806600000038
76.63700000000017,0.00019260599999999795,289.5978,2.5309457999999267
76.64600000000019,-0.00016296600000001438,289.5978,2.5309457999999267
76.65599999999995,-0.0003407520000000136,287.6106,2.5309457999999267
76.66600000000017,-0.00016296600000001438,289.5978,4.519806600000038
76.67500000000018,-0.0003407520000000136,289.5978,6.508667400000149
76.68499999999995,1.4819999999998723e-05,287.6106,0.5420850000000428
76.69399999999996,-0.00016296600000001438,290.59139999999996,4.519806600000038
76.70400000000018,1.4819999999998723e-05,289.5978,4.519806600000038
76.71399999999994,-0.00016296600000001438,289.5978,4.519806600000038
76.73399999999992,1.4819999999998723e-05,285.6234,0.5420850000000428
76.74400000000014,-0.00016296600000001438,290.59139999999996,4.519806600000038
76.75300000000016,1.4819999999998723e-05,291.585,2.5309457999999267
76.76299999999992,-0.00016296600000001438,291.585,4.519806600000038
76.78200000000015,-0.00016296600000001438,290.59139999999996,4.519806600000038
76.79199999999992,-0.0003407520000000136,288.6042,4.519806600000038
76.80200000000013,-0.00016296600000001438,288.6042,4.519806600000038
76.8119999999999,-0.0003407520000000136,292.5786,6.508667400000149
76.82200000000012,-0.00016296600000001438,285.6234,0.5420850000000428
76.83199999999988,-0.0003407520000000136,288.6042,4.519806600000038
76.8420000000001,-0.00016296600000001438,289.5978,4.519806600000038
76.85199999999986,-0.0003407520000000136,289.5978,6.508667400000149
76.86200000000008,0.00019260599999999795,289.5978,2.5309457999999267
76.87199999999984,1.4819999999998723e-05,290.59139999999996,6.508667400000149
76.88200000000006,-0.00016296600000001438,290.59139999999996,4.519806600000038
76.89199999999983,-0.0003407520000000136,288.6042,4.519806600000038
76.90200000000004,-0.00016296600000001438,290.59139999999996,4.519806600000038
76.91199999999981,0.00019260599999999795,287.6106,0.5420850000000428
76.92200000000003,-0.0003407520000000136,290.59139999999996,4.519806600000038
76.93199999999979,-0.00016296600000001438,291.585,6.508667400000149
76.94200000000001,-0.00016296600000001438,290.59139999999996,6.508667400000149
76.95299999999997,0.00019260599999999795,288.6042,0.5420850000000428
76.96199999999999,1.4819999999998723e-05,291.585,4.519806600000038
76.97200000000021,-0.0003407520000000136,288.6042,6.508667400000149
76.98199999999997,-0.00016296600000001438,290.59139999999996,4.519806600000038
76.99200000000019,-0.0003407520000000136,290.59139999999996,4.519806600000038
77.00300000000016,0.00037039200000001105,288.6042,-1.4467757999998412
77.01200000000017,-0.0003407520000000136,290.59139999999996,4.519806600000038
77.02199999999993,-0.0003407520000000136,288.6042,4.519806600000038
77.03200000000015,1.4819999999998723e-05,291.585,4.519806600000038
77.04300000000012,0.00019260599999999795,288.6042,0.5420850000000428
77.05200000000013,1.4819999999998723e-05,289.5978,4.519806600000038
77.0630000000001,-0.00016296600000001438,291.585,4.519806600000038
77.07299999999987,-0.00016296600000001438,290.59139999999996,4.519806600000038
77.08300000000008,1.4819999999998723e-05,292.5786,4.519806600000038
77.09299999999985,0.00037039200000001105,287.6106,0.5420850000000428
77.10300000000007,-0.00016296600000001438,290.59139999999996,4.519806600000038
77.11299999999983,-0.00016296600000001438,289.5978,4.519806600000038
77.12300000000005,1.4819999999998723e-05,289.5978,2.5309457999999267
77.13299999999981,-0.00016296600000001438,285.6234,0.5420850000000428
77.14300000000003,1.4819999999998723e-05,289.5978,2.5309457999999267
77.15299999999979,1.4819999999998723e-05,290.59139999999996,4.519806600000038
77.16300000000001,1.4819999999998723e-05,291.585,2.5309457999999267
77.17300000000023,1.4819999999998723e-05,291.585,4.519806600000038
77.18299999999999,0.00019260599999999795,289.5978,0.5420850000000428
77.19300000000021,-0.00016296600000001438,289.5978,4.519806600000038
77.20299999999997,-0.00016296600000001438,289.5978,4.519806600000038
77.21300000000019,-0.00016296600000001438,289.5978,4.519806600000038
77.22299999999996,0.00019260599999999795,289.5978,0.5420850000000428
77.23300000000017,-0.00016296600000001438,289.5978,4.519806600000038
77.24299999999994,1.4819999999998723e-05,289.5978,2.5309457999999267
77.25300000000016,-0.00016296600000001438,290.59139999999996,4.519806600000038
77.26299999999992,-0.00016296600000001438,290.59139999999996,6.508667400000149
77.27300000000014,-0.00016296600000001438,286.61699999999996,2.5309457999999267
77.2829999999999,-0.00016296600000001438,288.6042,4.519806600000038
77.29300000000012,1.4819999999998723e-05,290.59139999999996,4.519806600000038
77.30299999999988,-0.00016296600000001438,290.59139999999996,4.519806600000038
77.3130000000001,0.00037039200000001105,292.5786,2.5309457999999267
77.32299999999987,-0.0003407520000000136,288.6042,2.5309457999999267
77.33300000000008,-0.00016296600000001438,290.59139999999996,4.519806600000038
77.34299999999985,1.4819999999998723e-05,291.585,2.5309457999999267
77.35300000000007,-0.00016296600000001438,288.6042,4.519806600000038
77.36299999999983,0.00037039200000001105,288.6042,0.5420850000000428
77.37300000000005,-0.00016296600000001438,287.6106,2.5309457999999267
77.38299999999981,1.4819999999998723e-05,291.585,6.508667400000149
77.39300000000003,-0.0003407520000000136,290.59139999999996,4.519806600000038
77.40299999999979,1.4819999999998723e-05,289.5978,0.5420850000000428
77.41300000000001,-0.0005185379999999989,289.5978,4.519806600000038
77.42300000000023,-0.00016296600000001438,287.6106,4.519806600000038
77.43299999999999,-0.00016296600000001438,291.585,4.519806600000038
77.44300000000021,-0.0003407520000000136,289.5978,4.519806600000038
77.45299999999997,-0.00016296600000001438,283.6362,2.5309457999999267
77.46300000000019,1.4819999999998723e-05,291.585,4.519806600000038
77.47299999999996,-0.00016296600000001438,287.6106,4.519806600000038
77.48300000000017,-0.0003407520000000136,289.5978,4.519806600000038
77.49299999999994,1.4819999999998723e-05,289.5978,2.5309457999999267
77.50300000000016,0.00019260599999999795,290.59139999999996,2.5309457999999267
77.51299999999992,1.4819999999998723e-05,292.5786,4.519806600000038
77.52300000000014,0.00019260599999999795,292.5786,4.519806600000038
77.5329999999999,-0.0003407520000000136,289.5978,4.519806600000038
77.54300000000012,-0.00016296600000001438,287.6106,2.5309457999999267
77.55299999999988,-0.00016296600000001438,289.5978,2.5309457999999267
77.5630000000001,-0.00016296600000001438,289.5978,4.519806600000038
77.57299999999987,-0.00016296600000001438,288.6042,2.5309457999999267
77.58399999999983,1.4819999999998723e-05,287.6106,2.5309457999999267
77.59299999999985,-0.00016296600000001438,289.5978,4.519806600000038
77.60300000000007,-0.0003407520000000136,288.6042,4.519806600000038
77.61299999999983,0.00019260599999999795,290.59139999999996,2.5309457999999267
77.62300000000005,-0.0003407520000000136,289.5978,4.519806600000038
77.63400000000001,0.00019260599999999795,287.6106,0.5420850000000428
77.64300000000003,1.4819999999998723e-05,289.5978,4.519806600000038
77.65299999999979,-0.00016296600000001438,290.59139999999996,4.519806600000038
77.66300000000001,-0.00016296600000001438,289.5978,4.519806600000038
77.67399999999998,0.00019260599999999795,289.5978,2.5309457999999267
77.6840000000002,1.4819999999998723e-05,289.5978,4.519806600000038
77.69399999999996,-0.0005185379999999989,287.6106,4.519806600000038
77.70400000000018,-0.0003407520000000136,289.5978,6.508667400000149
77.71399999999994,1.4819999999998723e-05,291.585,4.519806600000038
77.72400000000016,1.4819999999998723e-05,287.6106,0.5420850000000428
77.73399999999992,-0.0003407520000000136,290.59139999999996,4.519806600000038
77.74400000000014,-0.00016296600000001438,290.59139999999996,4.519806600000038
77.7539999999999,-0.0003407520000000136,287.6106,2.5309457999999267
77.76400000000012,0.00019260599999999795,288.6042,2.5309457999999267
77.77399999999989,1.4819999999998723e-05,291.585,2.5309457999999267
77.7840000000001,-0.00016296600000001438,288.6042,2.5309457999999267
77.79399999999987,-0.0003407520000000136,288.6042,6.508667400000149
77.80400000000009,-0.00016296600000001438,290.59139999999996,4.519806600000038
77.81399999999985,-0.00016296600000001438,288.6042,2.5309457999999267
77.82400000000007,-0.00016296600000001438,290.59139999999996,4.519806600000038
77.83399999999983,1.4819999999998723e-05,292.5786,4.519806600000038
77.84400000000005,1.4819999999998723e-05,291.585,4.519806600000038
77.85399999999981,0.00019260599999999795,291.585,2.5309457999999267
77.86400000000003,1.4819999999998723e-05,291.585,4.519806600000038
77.8739999999998,1.4819999999998723e-05,293.5722,4.519806600000038
77.88400000000001,-0.00016296600000001438,290.59139999999996,6.508667400000149
77.89400000000023,0.00019260599999999795,292.5786,4.519806600000038
77.904,1.4819999999998723e-05,289.5978,2.5309457999999267
77.91400000000021,-0.0003407520000000136,289.5978,4.519806600000038
77.92399999999998,-0.00016296600000001438,290.59139999999996,4.519806600000038
77.9340000000002,-0.00016296600000001438,289.5978,4.519806600000038
77.94399999999996,0.00019260599999999795,288.6042,2.5309457999999267
77.95400000000018,-0.00016296600000001438,289.5978,4.519806600000038
77.96399999999994,1.4819999999998723e-05,291.585,6.508667400000149
77.97400000000016,-0.00016296600000001438,289.5978,4.519806600000038
77.98399999999992,1.4819999999998723e-05,291.585,2.5309457999999267
77.99400000000014,0.00019260599999999795,288.6042,0.5420850000000428
78.0039999999999,-0.00016296600000001438,288.6042,4.519806600000038
78.01400000000012,-0.0003407520000000136,288.6042,4.519806600000038
78.02399999999989,1.4819999999998723e-05,290.59139999999996,6.508667400000149
78.0340000000001,1.4819999999998723e-05,291.585,2.5309457999999267
78.04399999999987,-0.0005185379999999989,289.5978,6.508667400000149
78.05400000000009,-0.0003407520000000136,288.6042,4.519806600000038
78.06399999999985,-0.0003407520000000136,288.6042,6.508667400000149
78.07400000000007,-0.0003407520000000136,289.5978,2.5309457999999267
78.08399999999983,1.4819999999998723e-05,289.5978,2.5309457999999267
78.09400000000005,1.4819999999998723e-05,289.5978,2.5309457999999267
78.10399999999981,-0.0003407520000000136,289.5978,4.519806600000038
78.11400000000003,-0.0003407520000000136,289.5978,6.508667400000149
78.1239999999998,-0.0003407520000000136,287.6106,0.5420850000000428
78.13400000000001,-0.0005185379999999989,289.5978,6.508667400000149
78.14400000000023,1.4819999999998723e-05,289.5978,2.5309457999999267
78.154,1.4819999999998723e-05,289.5978,2.5309457999999267
78.16499999999996,0.00019260599999999795,291.585,2.5309457999999267
78.17399999999998,0.00037039200000001105,292.5786,2.5309457999999267
78.1840000000002,-0.00016296600000001438,291.585,4.519806600000038
78.19399999999996,0.00019260599999999795,290.59139999999996,2.5309457999999267
78.20400000000018,-0.0003407520000000136,288.6042,4.519806600000038
78.21500000000015,1.4819999999998723e-05,289.5978,0.5420850000000428
78.22400000000016,1.4819999999998723e-05,287.6106,2.5309457999999267
78.23399999999992,-0.00016296600000001438,289.5978,4.519806600000038
78.24400000000014,-0.0003407520000000136,287.6106,4.519806600000038
78.25500000000011,0.00019260599999999795,291.585,2.5309457999999267
78.26499999999987,1.4819999999998723e-05,289.5978,2.5309457999999267
78.27399999999989,-0.0005185379999999989,286.61699999999996,4.519806600000038
78.2840000000001,1.4819999999998723e-05,289.5978,4.519806600000038
78.29399999999987,-0.0003407520000000136,289.5978,6.508667400000149
78.30499999999984,0.00019260599999999795,289.5978,0.5420850000000428
78.31500000000005,-0.00016296600000001438,288.6042,4.519806600000038
78.32499999999982,-0.00016296600000001438,289.5978,4.519806600000038
78.33500000000004,-0.00016296600000001438,290.59139999999996,4.519806600000038
78.3449999999998,-0.0005185379999999989,287.6106,4.519806600000038
78.35500000000002,-0.0003407520000000136,287.6106,4.519806600000038
78.36500000000024,1.4819999999998723e-05,290.59139999999996,4.519806600000038
78.39899999999989,0.00019260599999999795,286.61699999999996,0.5420850000000428
78.4079999999999,-0.0003407520000000136,288.6042,4.519806600000038
78.41800000000012,-0.00016296600000001438,288.6042,2.5309457999999267
78.42700000000013,-0.00016296600000001438,291.585,4.519806600000038
78.4369999999999,0.00037039200000001105,288.6042,0.5420850000000428
78.44700000000012,-0.00016296600000001438,290.59139999999996,4.519806600000038
78.45600000000013,1.4819999999998723e-05,289.5978,2.5309457999999267
78.4659999999999,1.4819999999998723e-05,290.59139999999996,2.5309457999999267
78.48500000000013,1.4819999999998723e-05,288.6042,0.5420850000000428
78.49499999999989,-0.0003407520000000136,290.59139999999996,4.519806600000038
78.50500000000011,-0.00016296600000001438,288.6042,4.519806600000038
78.51499999999987,-0.0003407520000000136,291.585,4.519806600000038
78.52500000000009,1.4819999999998723e-05,289.5978,2.5309457999999267
78.53499999999985,-0.0003407520000000136,286.61699999999996,2.5309457999999267
78.54500000000007,1.4819999999998723e-05,290.59139999999996,4.519806600000038
78.55499999999984,-0.0003407520000000136,290.59139999999996,6.508667400000149
78.56500000000005,-0.0003407520000000136,289.5978,4.519806600000038
78.57499999999982,0.0005481779999999825,292.5786,0.5420850000000428
78.58500000000004,1.4819999999998723e-05,289.5978,4.519806600000038
78.5949999999998,1.4819999999998723e-05,290.59139999999996,2.5309457999999267
78.60500000000002,0.00019260599999999795,290.59139999999996,2.5309457999999267
78.61500000000024,1.4819999999998723e-05,289.5978,2.5309457999999267
78.625,0.00019260599999999795,289.5978,0.5420850000000428
78.63500000000022,1.4819999999998723e-05,289.5978,4.519806600000038
78.64499999999998,1.4819999999998723e-05,289.5978,2.5309457999999267
78.6550000000002,-0.0003407520000000136,289.5978,4.519806600000038
78.66499999999996,1.4819999999998723e-05,289.5978,4.519806600000038
78.67500000000018,0.00019260599999999795,291.585,4.519806600000038
78.68499999999995,-0.00016296600000001438,288.6042,4.519806600000038
78.69500000000016,-0.0005185379999999989,285.6234,2.5309457999999267
78.70499999999993,1.4819999999998723e-05,289.5978,2.5309457999999267
78.71500000000015,-0.00016296600000001438,289.5978,2.5309457999999267
78.72499999999991,-0.00016296600000001438,288.6042,4.519806600000038
78.73500000000013,1.4819999999998723e-05,291.585,4.519806600000038
78.74499999999989,-0.00016296600000001438,289.5978,4.519806600000038
78.75500000000011,0.00019260599999999795,288.6042,2.5309457999999267
78.76499999999987,-0.00016296600000001438,289.5978,4.519806600000038
78.77500000000009,-0.00016296600000001438,291.585,4.519806600000038
78.78499999999985,-0.00016296600000001438,292.5786,6.508667400000149
78.79599999999982,0.00019260599999999795,292.5786,2.5309457999999267
78.80499999999984,-0.0005185379999999989,286.61699999999996,4.519806600000038
78.81500000000005,-0.00016296600000001438,289.5978,4.519806600000038
78.82499999999982,-0.00016296600000001438,292.5786,6.508667400000149
78.84900000000016,1.4819999999998723e-05,286.61699999999996,0.5420850000000428
78.85899999999992,-0.00016296600000001438,288.6042,4.519806600000038
78.86799999999994,1.4819999999998723e-05,291.585,2.5309457999999267
78.87800000000016,-0.00016296600000001438,287.6106,2.5309457999999267
78.88799999999992,-0.00016296600000001438,287.6106,2.5309457999999267
78.89699999999993,-0.00016296600000001438,289.5978,4.519806600000038
78.90700000000015,-0.00016296600000001438,290.59139999999996,2.5309457999999267
78.91600000000017,-0.00016296600000001438,288.6042,4.519806600000038
78.93600000000015,0.00019260599999999795,290.59139999999996,0.5420850000000428
78.94599999999991,-0.0003407520000000136,289.5978,4.519806600000038
78.95600000000013,-0.0003407520000000136,288.6042,4.519806600000038
78.9659999999999,0.00019260599999999795,290.59139999999996,2.5309457999999267
78.97600000000011,1.4819999999998723e-05,290.59139999999996,4.519806600000038
78.98599999999988,1.4819999999998723e-05,289.5978,4.519806600000038
79.029,1.4819999999998723e-05,287.6106,0.5420850000000428
79.03800000000001,-0.00016296600000001438,289.5978,4.519806600000038
79.04800000000023,-0.00016296600000001438,292.5786,4.519806600000038
79.05699999999979,-0.0003407520000000136,288.6042,6.508667400000149
79.06700000000001,0.00037039200000001105,290.59139999999996,0.5420850000000428
79.07700000000023,1.4819999999998723e-05,290.59139999999996,4.519806600000038
79.096,-0.00016296600000001438,288.6042,4.519806600000038
79.10600000000022,-0.00016296600000001438,289.5978,4.519806600000038
79.11599999999999,0.0005481779999999825,289.5978,-1.4467757999998412
79.1260000000002,0.00019260599999999795,291.585,0.5420850000000428
79.13599999999997,-0.0003407520000000136,288.6042,4.519806600000038
79.14600000000019,-0.0003407520000000136,287.6106,4.519806600000038
79.15599999999995,0.00037039200000001105,291.585,0.5420850000000428
79.16600000000017,0.00019260599999999795,289.5978,4.519806600000038
79.17599999999993,-0.0003407520000000136,289.5978,4.519806600000038
79.18600000000015,-0.0003407520000000136,289.5978,6.508667400000149
79.19599999999991,-0.0003407520000000136,287.6106,4.519806600000038
79.20600000000013,0.00019260599999999795,286.61699999999996,2.5309457999999267
79.2159999999999,-0.00016296600000001438,288.6042,4.519806600000038
79.22600000000011,-0.0003407520000000136,289.5978,4.519806600000038
79.23599999999988,-0.0005185379999999989,290.59139999999996,6.508667400000149
79.2460000000001,0.00019260599999999795,288.6042,2.5309457999999267
79.25599999999986,-0.0003407520000000136,288.6042,4.519806600000038
79.26600000000008,1.4819999999998723e-05,289.5978,2.5309457999999267
79.27599999999984,-0.00016296600000001438,289.5978,4.519806600000038
79.28600000000006,1.4819999999998723e-05,291.585,4.519806600000038
79.29599999999982,-0.00016296600000001438,288.6042,0.5420850000000428
79.30600000000004,1.4819999999998723e-05,291.585,4.519806600000038
79.3159999999998,1.4819999999998723e-05,291.585,4.519806600000038
79.32600000000002,-0.0003407520000000136,290.59139999999996,4.519806600000038
79.33600000000024,-0.00016296600000001438,288.6042,0.5420850000000428
79.346,-0.0003407520000000136,288.6042,4.519806600000038
79.35600000000022,1.4819999999998723e-05,290.59139999999996,4.519806600000038
79.36599999999999,1.4819999999998723e-05,290.59139999999996,6.508667400000149
79.3760000000002,-0.0003407520000000136,289.5978,4.519806600000038
79.38599999999997,1.4819999999998723e-05,287.6106,0.5420850000000428
79.39600000000019,-0.0005185379999999989,287.6106,6.508667400000149
79.40599999999995,-0.00016296600000001438,288.6042,4.519806600000038
79.41600000000017,1.4819999999998723e-05,292.5786,4.519806600000038
79.42599999999993,0.00037039200000001105,291.585,0.5420850000000428
79.43600000000015,-0.00016296600000001438,290.59139999999996,2.5309457999999267
79.44599999999991,-0.0003407520000000136,285.6234,4.519806600000038
79.45600000000013,-0.0003407520000000136,287.6106,4.519806600000038
79.4659999999999,-0.00016296600000001438,289.5978,4.519806600000038
79.47699999999986,1.4819999999998723e-05,287.6106,0.5420850000000428
79.48599999999988,-0.00016296600000001438,289.5978,2.5309457999999267
79.4960000000001,-0.0003407520000000136,288.6042,4.519806600000038
79.50599999999986,-0.00016296600000001438,288.6042,4.519806600000038
79.51699999999983,-0.00016296600000001438,287.6106,2.5309457999999267
79.52599999999984,1.4819999999998723e-05,289.5978,4.519806600000038
79.53600000000006,1.4819999999998723e-05,291.585,6.508667400000149
79.54599999999982,-0.0003407520000000136,287.6106,4.519806600000038
79.55600000000004,1.4819999999998723e-05,292.5786,2.5309457999999267
79.56700000000001,0.00037039200000001105,286.61699999999996,0.5420850000000428
79.57700000000023,1.4819999999998723e-05,291.585,4.519806600000038
79.58699999999999,-0.00016296600000001438,293.5722,6.508667400000149
79.59700000000021,-0.0003407520000000136,287.6106,4.519806600000038
79.60699999999997,-0.00016296600000001438,288.6042,2.5309457999999267
79.61700000000019,-0.00016296600000001438,291.585,4.519806600000038
79.62699999999995,1.4819999999998723e-05,290.59139999999996,4.519806600000038
79.6590000000001,0.00037039200000001105,288.6042,-1.4467757999998412
79.66899999999987,-0.0003407520000000136,288.6042,4.519806600000038
79.67900000000009,1.4819999999998723e-05,291.585,4.519806600000038
79.6880000000001,1.4819999999998723e-05,291.585,4.519806600000038
79.69799999999987,0.00019260599999999795,287.6106,0.5420850000000428
79.70800000000008,-0.0003407520000000136,289.5978,4.519806600000038
79.72699999999986,1.4819999999998723e-05,287.6106,2.5309457999999267
79.73700000000008,-0.0003407520000000136,286.61699999999996,4.519806600000038
79.74699999999984,0.00019260599999999795,286.61699999999996,0.5420850000000428
79.75700000000006,-0.00016296600000001438,289.5978,4.519806600000038
79.76699999999983,-0.00016296600000001438,292.5786,4.519806600000038
79.77700000000004,-0.0003407520000000136,290.59139999999996,2.5309457999999267
79.78699999999981,1.4819999999998723e-05,290.59139999999996,2.5309457999999267
79.79700000000003,-0.00016296600000001438,291.585,4.519806600000038
79.80699999999979,0.00019260599999999795,288.6042,2.5309457999999267
79.81700000000001,1.4819999999998723e-05,291.585,4.519806600000038
79.82700000000023,-0.00016296600000001438,288.6042,4.519806600000038
79.83699999999999,0.00019260599999999795,287.6106,2.5309457999999267
79.84700000000021,-0.00016296600000001438,288.6042,4.519806600000038
79.85699999999997,-0.0003407520000000136,289.5978,4.519806600000038
79.86700000000019,1.4819999999998723e-05,291.585,6.508667400000149
79.87699999999995,1.4819999999998723e-05,287.6106,0.5420850000000428
79.88700000000017,-0.0005185379999999989,289.5978,4.519806600000038
79.89699999999993,-0.00016296600000001438,289.5978,4.519806600000038
79.90700000000015,-0.00016296600000001438,289.5978,4.519806600000038
79.91699999999992,-0.00016296600000001438,291.585,6.508667400000149
79.92700000000013,0.00019260599999999795,287.6106,0.5420850000000428
79.9369999999999,0.00019260599999999795,291.585,4.519806600000038
79.94700000000012,-0.00016296600000001438,289.5978,4.519806600000038
79.95699999999988,1.4819999999998723e-05,291.585,4.519806600000038
79.9670000000001,0.00019260599999999795,288.6042,0.5420850000000428
79.97699999999986,-0.00016296600000001438,290.59139999999996,2.5309457999999267
79.98700000000008,-0.00016296600000001438,290.59139999999996,4.519806600000038
79.99699999999984,1.4819999999998723e-05,289.5978,4.519806600000038
80.00700000000006,-0.00016296600000001438,290.59139999999996,2.5309457999999267
80.01800000000003,1.4819999999998723e-05,288.6042,0.5420850000000428
80.02700000000004,-0.00016296600000001438,290.59139999999996,6.508667400000149
80.03699999999981,-0.00016296600000001438,289.5978,4.519806600000038
80.04700000000003,1.4819999999998723e-05,288.6042,2.5309457999999267
80.05799999999999,0.00019260599999999795,288.6042,0.5420850000000428
80.06700000000001,-0.00016296600000001438,290.59139999999996,4.519806600000038
80.07700000000023,-0.00016296600000001438,289.5978,4.519806600000038
80.08699999999999,-0.00016296600000001438,289.5978,4.519806600000038
80.09700000000021,-0.00016296600000001438,290.59139999999996,4.519806600000038
80.10800000000017,0.00019260599999999795,288.6042,0.5420850000000428
80.11700000000019,-0.00016296600000001438,290.59139999999996,4.519806600000038
80.12699999999995,-0.0003407520000000136,288.6042,4.519806600000038
80.13700000000017,1.4819999999998723e-05,288.6042,2.5309457999999267
80.14800000000014,0.00019260599999999795,289.5978,2.5309457999999267
80.15700000000015,1.4819999999998723e-05,289.5978,4.519806600000038
80.16699999999992,-0.00016296600000001438,289.5978,4.519806600000038
80.17700000000013,1.4819999999998723e-05,289.5978,4.519806600000038
80.1880000000001,0.00037039200000001105,293.5722,4.519806600000038
80.19799999999987,0.00037039200000001105,289.5978,0.5420850000000428
80.20800000000008,-0.00016296600000001438,286.61699999999996,2.5309457999999267
80.21799999999985,-0.0003407520000000136,289.5978,4.519806600000038
80.22800000000007,-0.00016296600000001438,289.5978,4.519806600000038
80.23799999999983,-0.00016296600000001438,288.6042,0.5420850000000428
80.24800000000005,-0.00016296600000001438,288.6042,4.519806600000038
80.25799999999981,1.4819999999998723e-05,290.59139999999996,4.519806600000038
80.26800000000003,-0.0003407520000000136,287.6106,4.519806600000038
80.27799999999979,-0.00016296600000001438,291.585,4.519806600000038
80.28800000000001,1.4819999999998723e-05,286.61699999999996,0.5420850000000428
80.29800000000023,-0.0003407520000000136,288.6042,6.508667400000149
80.30799999999999,-0.0003407520000000136,287.6106,4.519806600000038
80.31800000000021,0.00019260599999999795,289.5978,2.5309457999999267
80.32799999999997,1.4819999999998723e-05,289.5978,4.519806600000038
80.33800000000019,1.4819999999998723e-05,289.5978,6.508667400000149
80.34799999999996,-0.00016296600000001438,289.5978,4.519806600000038
80.3789999999999,0.00019260599999999795,287.6106,0.5420850000000428
80.39800000000014,1.4819999999998723e-05,291.585,4.519806600000038
80.4079999999999,-0.0003407520000000136,288.6042,4.519806600000038
80.41800000000012,-0.00016296600000001438,288.6042,2.5309457999999267
80.42799999999988,-0.00016296600000001438,287.6106,2.5309457999999267
80.4380000000001,1.4819999999998723e-05,291.585,2.5309457999999267
80.44799999999987,1.4819999999998723e-05,288.6042,2.5309457999999267
80.45800000000008,-0.0003407520000000136,287.6106,4.519806600000038
80.46799999999985,0.00019260599999999795,286.61699999999996,2.5309457999999267
80.47800000000007,-0.00016296600000001438,289.5978,4.519806600000038
80.48799999999983,1.4819999999998723e-05,290.59139999999996,4.519806600000038
80.49800000000005,1.4819999999998723e-05,288.6042,4.519806600000038
80.50799999999981,0.0005481779999999825,291.585,0.5420850000000428
80.51800000000003,-0.00016296600000001438,288.6042,2.5309457999999267
80.52799999999979,1.4819999999998723e-05,289.5978,4.519806600000038
80.53800000000001,1.4819999999998723e-05,290.59139999999996,4.519806600000038
80.54800000000023,-0.0003407520000000136,290.59139999999996,4.519806600000038
80.55799999999999,0.00037039200000001105,289.5978,2.5309457999999267
80.56800000000021,-0.0005185379999999989,287.6106,4.519806600000038
80.57799999999997,-0.00016296600000001438,289.5978,6.508667400000149
80.58800000000019,-0.00016296600000001438,288.6042,4.519806600000038
80.59799999999996,1.4819999999998723e-05,286.61699999999996,2.5309457999999267
80.60800000000017,1.4819999999998723e-05,293.5722,4.519806600000038
80.61799999999994,-0.00016296600000001438,289.5978,4.519806600000038
80.62800000000016,1.4819999999998723e-05,290.59139999999996,4.519806600000038
80.63799999999992,-0.00016296600000001438,289.5978,2.5309457999999267
80.64800000000014,-0.0003407520000000136,288.6042,4.519806600000038
80.6579999999999,-0.00016296600000001438,288.6042,4.519806600000038
80.69399999999996,0.00019260599999999795,287.6106,0.5420850000000428
80.70299999999997,-0.0003407520000000136,288.6042,4.519806600000038
80.71300000000019,1.4819999999998723e-05,291.585,2.5309457999999267
80.72299999999996,-0.0003407520000000136,286.61699999999996,4.519806600000038
80.73199999999997,0.00019260599999999795,286.61699999999996,4.519806600000038
80.74200000000019,1.4819999999998723e-05,292.5786,6.508667400000149
80.75199999999995,-0.00016296600000001438,290.59139999999996,2.5309457999999267
80.76099999999997,1.4819999999998723e-05,289.5978,2.5309457999999267
80.77100000000019,-0.00016296600000001438,290.59139999999996,4.519806600000038
80.7800000000002,1.4819999999998723e-05,286.61699999999996,2.5309457999999267
80.78999999999996,-0.0003407520000000136,287.6106,4.519806600000038
80.80000000000018,-0.0003407520000000136,290.59139999999996,4.519806600000038
80.8090000000002,1.4819999999998723e-05,288.6042,2.5309457999999267
80.82900000000018,0.00019260599999999795,289.5978,2.5309457999999267
80.83899999999994,-0.00016296600000001438,287.6106,2.5309457999999267
80.84900000000016,1.4819999999998723e-05,290.59139999999996,4.519806600000038
80.85899999999992,-0.0003407520000000136,289.5978,4.519806600000038
80.86900000000014,0.00037039200000001105,287.6106,2.5309457999999267
80.8789999999999,-0.00016296600000001438,289.5978,4.519806600000038
80.88900000000012,-0.00016296600000001438,290.59139999999996,6.508667400000149
80.89899999999989,1.4819999999998723e-05,289.5978,2.5309457999999267
80.9090000000001,-0.0005185379999999989,288.6042,4.519806600000038
80.91899999999987,0.00019260599999999795,287.6106,0.5420850000000428
80.92900000000009,1.4819999999998723e-05,291.585,4.519806600000038
80.93899999999985,-0.00016296600000001438,289.5978,4.519806600000038
80.94900000000007,-0.0003407520000000136,291.585,6.508667400000149
80.95899999999983,0.0005481779999999825,289.5978,0.5420850000000428
80.96900000000005,1.4819999999998723e-05,290.59139999999996,4.519806600000038
80.97899999999981,-0.00016296600000001438,287.6106,2.5309457999999267
80.98900000000003,-0.00016296600000001438,289.5978,4.519806600000038
80.9989999999998,1.4819999999998723e-05,291.585,6.508667400000149
81.00900000000001,1.4819999999998723e-05,287.6106,2.5309457999999267
81.01900000000023,0.00019260599999999795,290.59139999999996,4.519806600000038
81.029,1.4819999999998723e-05,292.5786,2.5309457999999267
81.03900000000021,1.4819999999998723e-05,291.585,2.5309457999999267
81.04899999999998,0.00019260599999999795,290.59139999999996,0.5420850000000428
81.0590000000002,1.4819999999998723e-05,289.5978,2.5309457999999267
81.06899999999996,-0.00016296600000001438,289.5978,2.5309457999999267
81.07900000000018,-0.00016296600000001438,291.585,6.508667400000149
81.08899999999994,-0.00016296600000001438,287.6106,2.5309457999999267
81.09900000000016,-0.00016296600000001438,288.6042,2.5309457999999267
81.10899999999992,-0.0003407520000000136,286.61699999999996,2.5309457999999267
81.11900000000014,-0.00016296600000001438,287.6106,2.5309457999999267
81.1289999999999,-0.00016296600000001438,289.5978,4.519806600000038
81.13900000000012,0.00019260599999999795,287.6106,0.5420850000000428
81.14899999999989,1.4819999999998723e-05,289.5978,4.519806600000038
81.1590000000001,-0.00016296600000001438,290.59139999999996,4.519806600000038
81.16899999999987,-0.00016296600000001438,289.5978,4.519806600000038
81.17900000000009,-0.00016296600000001438,289.5978,2.5309457999999267
81.18899999999985,-0.00016296600000001438,287.6106,2.5309457999999267
81.19900000000007,-0.00016296600000001438,290.59139999999996,4.519806600000038
81.20899999999983,1.4819999999998723e-05,289.5978,4.519806600000038
81.21900000000005,-0.00016296600000001438,290.59139999999996,2.5309457999999267
81.22899999999981,1.4819999999998723e-05,288.6042,2.5309457999999267
81.23900000000003,1.4819999999998723e-05,290.59139999999996,4.519806600000038
81.2489999999998,1.4819999999998723e-05,290.59139999999996,4.519806600000038
81.25900000000001,-0.00016296600000001438,289.5978,4.519806600000038
81.26900000000023,-0.0003407520000000136,287.6106,4.519806600000038
81.279,0.00019260599999999795,288.6042,0.5420850000000428
81.28900000000021,1.4819999999998723e-05,291.585,4.519806600000038
81.29899999999998,1.4819999999998723e-05,289.5978,4.519806600000038
81.3090000000002,-0.0003407520000000136,288.6042,6.508667400000149
81.32000000000016,0.00019260599999999795,290.59139999999996,2.5309457999999267
81.32900000000018,0.00019260599999999795,289.5978,2.5309457999999267
81.33899999999994,1.4819999999998723e-05,289.5978,4.519806600000038
81.34900000000016,1.4819999999998723e-05,291.585,6.508667400000149
81.36000000000013,0.00019260599999999795,291.585,2.5309457999999267
81.36900000000014,-0.00016296600000001438,286.61699999999996,2.5309457999999267
81.3789999999999,-0.0003407520000000136,286.61699999999996,2.5309457999999267
81.38900000000012,1.4819999999998723e-05,289.5978,4.519806600000038
81.39899999999989,-0.00016296600000001438,288.6042,4.519806600000038
81.40999999999985,-0.00016296600000001438,290.59139999999996,2.5309457999999267
81.41899999999987,-0.00016296600000001438,287.6106,4.519806600000038
81.42900000000009,1.4819999999998723e-05,289.5978,4.519806600000038
81.45899999999983,1.4819999999998723e-05,289.5978,2.5309457999999267
81.5039999999999,1.4819999999998723e-05,286.61699999999996,-1.4467757999998412
81.51299999999992,-0.0003407520000000136,291.585,6.508667400000149
81.52300000000014,0.00019260599999999795,292.5786,4.519806600000038
81.5329999999999,0.00019260599999999795,290.59139999999996,2.5309457999999267
81.54199999999992,0.00019260599999999795,292.5786,2.5309457999999267
81.55200000000013,-0.00016296600000001438,287.6106,2.5309457999999267
81.5619999999999,-0.00016296600000001438,289.5978,4.519806600000038
81.57099999999991,-0.00016296600000001438,287.6106,4.519806600000038
81.58100000000013,-0.0003407520000000136,288.6042,4.519806600000038
81.5909999999999,1.4819999999998723e-05,288.6042,0.5420850000000428
81.61000000000013,1.4819999999998723e-05,289.5978,4.519806600000038
81.61999999999989,1.4819999999998723e-05,290.59139999999996,4.519806600000038
81.63000000000011,1.4819999999998723e-05,291.585,2.5309457999999267
81.63999999999987,-0.00016296600000001438,287.6106,4.519806600000038
81.65000000000009,1.4819999999998723e-05,289.5978,4.519806600000038
81.65999999999985,1.4819999999998723e-05,289.5978,4.519806600000038
81.67000000000007,-0.00016296600000001438,292.5786,4.519806600000038
81.67999999999984,0.00037039200000001105,288.6042,0.5420850000000428
81.69000000000005,1.4819999999998723e-05,290.59139999999996,2.5309457999999267
81.69999999999982,-0.0003407520000000136,288.6042,2.5309457999999267
81.71000000000004,1.4819999999998723e-05,291.585,4.519806600000038
81.7199999999998,0.00019260599999999795,291.585,2.5309457999999267
81.73000000000002,1.4819999999998723e-05,286.61699999999996,0.5420850000000428
81.74000000000024,-0.0003407520000000136,288.6042,4.519806600000038
81.75,0.00019260599999999795,292.5786,2.5309457999999267
81.76000000000022,-0.00016296600000001438,289.5978,4.519806600000038
81.76999999999998,-0.00016296600000001438,287.6106,2.5309457999999267
81.7800000000002,-0.00016296600000001438,288.6042,4.519806600000038
81.78999999999996,-0.00016296600000001438,288.6042,2.5309457999999267
81.80000000000018,1.4819999999998723e-05,290.59139999999996,4.519806600000038
81.80999999999995,-0.00016296600000001438,289.5978,2.5309457999999267
81.82000000000016,0.00019260599999999795,289.5978,0.5420850000000428
81.82999999999993,-0.00016296600000001438,289.5978,4.519806600000038
81.84000000000015,1.4819999999998723e-05,289.5978,4.519806600000038
81.84999999999991,-0.00016296600000001438,288.6042,4.519806600000038
81.86000000000013,-0.0003407520000000136,285.6234,0.5420850000000428
81.86999999999989,-0.0003407520000000136,291.585,6.508667400000149
81.88000000000011,-0.0003407520000000136,288.6042,4.519806600000038
81.88999999999987,-0.0003407520000000136,288.6042,6.508667400000149
81.90000000000009,1.4819999999998723e-05,290.59139999999996,2.5309457999999267
81.90999999999985,1.4819999999998723e-05,289.5978,4.519806600000038
81.92000000000007,1.4819999999998723e-05,290.59139999999996,4.519806600000038
81.95400000000018,0.00019260599999999795,288.6042,2.5309457999999267
81.96399999999994,-0.0003407520000000136,290.59139999999996,4.519806600000038
81.97299999999996,-0.00016296600000001438,292.5786,4.519806600000038
81.98300000000017,1.4819999999998723e-05,290.59139999999996,6.508667400000149
81.99200000000019,1.4819999999998723e-05,290.59139999999996,2.5309457999999267
82.00199999999995,-0.00016296600000001438,289.5978,2.5309457999999267
82.01200000000017,-0.00016296600000001438,289.5978,4.519806600000038
82.03099999999995,1.4819999999998723e-05,289.5978,4.519806600000038
82.04500000000007,1.4819999999998723e-05,287.6106,-1.4467757999998412
82.05400000000009,-0.0003407520000000136,286.61699999999996,4.519806600000038
82.06399999999985,-0.0003407520000000136,289.5978,6.508667400000149
82.07299999999987,-0.0003407520000000136,290.59139999999996,6.508667400000149
82.08300000000008,1.4819999999998723e-05,286.61699999999996,2.5309457999999267
82.09299999999985,-0.00016296600000001438,290.59139999999996,4.519806600000038
82.10199999999986,-0.00016296600000001438,291.585,6.508667400000149
82.11200000000008,0.00019260599999999795,291.585,4.519806600000038
82.1210000000001,-0.00016296600000001438,290.59139999999996,6.508667400000149
82.14100000000008,-0.00016296600000001438,290.59139999999996,4.519806600000038
82.15099999999984,0.00019260599999999795,292.5786,4.519806600000038
82.16100000000006,0.00019260599999999795,289.5978,2.5309457999999267
82.17099999999982,1.4819999999998723e-05,291.585,2.5309457999999267
82.18100000000004,0.00019260599999999795,292.5786,2.5309457999999267
82.1909999999998,-0.00016296600000001438,286.61699999999996,4.519806600000038
82.20100000000002,-0.00016296600000001438,288.6042,6.508667400000149
82.21100000000024,1.4819999999998723e-05,291.585,4.519806600000038
82.221,0.00019260599999999795,286.61699999999996,0.5420850000000428
82.23100000000022,-0.0003407520000000136,290.59139999999996,4.519806600000038
82.24099999999999,-0.00016296600000001438,291.585,4.519806600000038
82.2510000000002,-0.00016296600000001438,288.6042,2.5309457999999267
82.26099999999997,1.4819999999998723e-05,288.6042,0.5420850000000428
82.27100000000019,-0.00016296600000001438,288.6042,4.519806600000038
82.28099999999995,-0.00016296600000001438,290.59139999999996,4.519806600000038
82.29100000000017,-0.00016296600000001438,289.5978,4.519806600000038
82.30099999999993,-0.00016296600000001438,288.6042,2.5309457999999267
82.31100000000015,1.4819999999998723e-05,289.5978,2.5309457999999267
82.32099999999991,1.4819999999998723e-05,289.5978,2.5309457999999267
82.33100000000013,-0.0003407520000000136,287.6106,4.519806600000038
82.3409999999999,-0.00016296600000001438,290.59139999999996,4.519806600000038
82.35899999999992,0.00019260599999999795,287.6106,0.5420850000000428
82.36900000000014,-0.00016296600000001438,291.585,4.519806600000038
82.37800000000016,1.4819999999998723e-05,289.5978,2.5309457999999267
82.38799999999992,1.4819999999998723e-05,292.5786,4.519806600000038
82.39699999999993,0.00019260599999999795,290.59139999999996,2.5309457999999267
82.40700000000015,-0.00016296600000001438,290.59139999999996,2.5309457999999267
82.41699999999992,1.4819999999998723e-05,289.5978,2.5309457999999267
82.42599999999993,-0.00016296600000001438,291.585,4.519806600000038
82.43600000000015,-0.00016296600000001438,289.5978,6.508667400000149
82.44599999999991,0.00019260599999999795,289.5978,-1.4467757999998412
82.45499999999993,-0.0003407520000000136,290.59139999999996,6.508667400000149
82.46500000000015,-0.00016296600000001438,288.6042,4.519806600000038
82.47400000000016,-0.0003407520000000136,288.6042,4.519806600000038
82.48399999999992,1.4819999999998723e-05,290.59139999999996,2.5309457999999267
82.49400000000014,0.00037039200000001105,290.59139999999996,0.5420850000000428
82.50300000000016,1.4819999999998723e-05,290.59139999999996,2.5309457999999267
82.51299999999992,-0.00016296600000001438,291.585,4.519806600000038
82.53999999999996,1.4819999999998723e-05,288.6042,0.5420850000000428
82.54899999999998,-0.00016296600000001438,290.59139999999996,6.508667400000149
82.5590000000002,-0.00016296600000001438,290.59139999999996,4.519806600000038
82.56800000000021,-0.0003407520000000136,290.59139999999996,6.508667400000149
82.57799999999997,0.00019260599999999795,289.5978,0.5420850000000428
82.58800000000019,-0.00016296600000001438,289.5978,4.519806600000038
82.59700000000021,-0.00016296600000001438,289.5978,4.519806600000038
82.60699999999997,-0.00016296600000001438,289.5978,2.5309457999999267
82.61700000000019,-0.00016296600000001438,288.6042,4.519806600000038
82.6260000000002,0.00019260599999999795,287.6106,2.5309457999999267
82.63599999999997,-0.0003407520000000136,289.5978,6.508667400000149
82.64600000000019,-0.0003407520000000136,290.59139999999996,4.519806600000038
82.6550000000002,-0.0003407520000000136,288.6042,4.519806600000038
82.66499999999996,-0.00016296600000001438,290.59139999999996,4.519806600000038
82.67500000000018,0.00019260599999999795,287.6106,2.5309457999999267
82.6840000000002,-0.00016296600000001438,291.585,2.5309457999999267
82.69399999999996,-0.00016296600000001438,290.59139999999996,4.519806600000038
82.70299999999997,1.4819999999998723e-05,290.59139999999996,2.5309457999999267
82.7199999999998,1.4819999999998723e-05,286.61699999999996,0.5420850000000428
82.72899999999981,-0.00016296600000001438,289.5978,4.519806600000038
82.73900000000003,-0.00016296600000001438,290.59139999999996,4.519806600000038
82.74800000000005,-0.00016296600000001438,290.59139999999996,4.519806600000038
82.75799999999981,-0.00016296600000001438,287.6106,2.5309457999999267
82.76800000000003,1.4819999999998723e-05,291.585,4.519806600000038
82.77700000000004,-0.00016296600000001438,289.5978,4.519806600000038
82.78699999999981,-0.00016296600000001438,292.5786,2.5309457999999267
82.79700000000003,-0.00016296600000001438,291.585,2.5309457999999267
82.80600000000004,1.4819999999998723e-05,287.6106,0.5420850000000428
82.8159999999998,-0.00016296600000001438,290.59139999999996,4.519806600000038
82.82499999999982,-0.00016296600000001438,287.6106,6.508667400000149
82.83500000000004,-0.0003407520000000136,288.6042,2.5309457999999267
82.8449999999998,1.4819999999998723e-05,288.6042,2.5309457999999267
82.85399999999981,-0.00016296600000001438,287.6106,2.5309457999999267
82.86400000000003,-0.00016296600000001438,290.59139999999996,6.508667400000149
82.8739999999998,-0.0005185379999999989,288.6042,6.508667400000149
82.88299999999981,-0.00016296600000001438,289.5978,6.508667400000149
82.89300000000003,1.4819999999998723e-05,289.5978,2.5309457999999267
82.91199999999981,1.4819999999998723e-05,291.585,4.519806600000038
82.92200000000003,-0.0003407520000000136,290.59139999999996,6.508667400000149
82.93199999999979,1.4819999999998723e-05,292.5786,2.5309457999999267
82.94200000000001,1.4819999999998723e-05,289.5978,4.519806600000038
82.95200000000023,-0.0005185379999999989,288.6042,6.508667400000149
82.96199999999999,1.4819999999998723e-05,291.585,4.519806600000038
82.97200000000021,-0.00016296600000001438,290.59139999999996,6.508667400000149
82.98199999999997,0.00019260599999999795,292.5786,2.5309457999999267
82.99200000000019,-0.00016296600000001438,290.59139999999996,4.519806600000038
83.00199999999995,1.4819999999998723e-05,289.5978,2.5309457999999267
83.01200000000017,-0.00016296600000001438,289.5978,2.5309457999999267
83.02199999999993,-0.00016296600000001438,290.59139999999996,4.519806600000038
83.03200000000015,0.00019260599999999795,290.59139999999996,2.5309457999999267
83.04199999999992,-0.00016296600000001438,289.5978,6.508667400000149
83.05200000000013,-0.00016296600000001438,288.6042,4.519806600000038
83.0619999999999,-0.0003407520000000136,288.6042,6.508667400000149
83.07200000000012,1.4819999999998723e-05,288.6042,2.5309457999999267
83.08199999999988,-0.00016296600000001438,288.6042,2.5309457999999267
83.0920000000001,-0.00016296600000001438,289.5978,4.519806600000038
83.10199999999986,1.4819999999998723e-05,291.585,4.519806600000038
83.11200000000008,-0.0003407520000000136,289.5978,6.508667400000149
83.12199999999984,1.4819999999998723e-05,288.6042,0.5420850000000428
83.13200000000006,-0.00016296600000001438,289.5978,4.519806600000038
83.14199999999983,1.4819999999998723e-05,291.585,4.519806600000038
83.15200000000004,-0.0003407520000000136,289.5978,6.508667400000149
83.16300000000001,1.4819999999998723e-05,289.5978,2.5309457999999267
83.17200000000003,-0.00016296600000001438,289.5978,4.519806600000038
83.18199999999979,-0.0003407520000000136,288.6042,6.508667400000149
83.19200000000001,-0.00016296600000001438,289.5978,4.519806600000038
83.20200000000023,1.4819999999998723e-05,290.59139999999996,4.519806600000038
83.21300000000019,0.00019260599999999795,286.61699999999996,0.5420850000000428
83.22200000000021,1.4819999999998723e-05,292.5786,4.519806600000038
83.23199999999997,-0.0003407520000000136,288.6042,4.519806600000038
83.24200000000019,-0.00016296600000001438,290.59139999999996,6.508667400000149
83.25300000000016,0.00037039200000001105,291.585,2.5309457999999267
83.26200000000017,1.4819999999998723e-05,290.59139999999996,4.519806600000038
83.27199999999993,-0.0003407520000000136,287.6106,4.519806600000038
83.28200000000015,0.00019260599999999795,291.585,2.5309457999999267
83.29199999999992,-0.0003407520000000136,287.6106,4.519806600000038
83.30299999999988,0.00019260599999999795,288.6042,2.5309457999999267
83.3119999999999,-0.00016296600000001438,290.59139999999996,4.519806600000038
83.32299999999987,-0.00016296600000001438,289.5978,4.519806600000038
83.33300000000008,-0.00016296600000001438,288.6042,6.508667400000149
83.34299999999985,1.4819999999998723e-05,287.6106,4.519806600000038
83.35300000000007,-0.00016296600000001438,290.59139999999996,4.519806600000038
83.36299999999983,-0.00016296600000001438,289.5978,4.519806600000038
83.37300000000005,-0.00016296600000001438,288.6042,2.5309457999999267
83.38299999999981,1.4819999999998723e-05,291.585,2.5309457999999267
83.39300000000003,0.00019260599999999795,289.5978,0.5420850000000428
83.40299999999979,0.00019260599999999795,294.56579999999997,4.519806600000038
83.41300000000001,1.4819999999998723e-05,289.5978,4.519806600000038
83.42300000000023,-0.0003407520000000136,289.5978,6.508667400000149
83.43299999999999,0.00019260599999999795,290.59139999999996,2.5309457999999267
83.44300000000021,-0.00016296600000001438,289.5978,4.519806600000038
83.45299999999997,-0.00016296600000001438,290.59139999999996,4.519806600000038
83.46300000000019,-0.0003407520000000136,289.5978,6.508667400000149
83.47299999999996,-0.00016296600000001438,290.59139999999996,4.519806600000038
83.48300000000017,-0.00016296600000001438,285.6234,0.5420850000000428
83.49299999999994,-0.0003407520000000136,288.6042,4.519806600000038
83.50300000000016,-0.00016296600000001438,290.59139999999996,4.519806600000038
83.51299999999992,-0.00016296600000001438,292.5786,4.519806600000038
83.52300000000014,0.00037039200000001105,290.59139999999996,0.5420850000000428
83.5329999999999,-0.00016296600000001438,289.5978,4.519806600000038
83.54300000000012,0.00019260599999999795,290.59139999999996,2.5309457999999267
83.55299999999988,0.00037039200000001105,293.5722,2.5309457999999267
83.5630000000001,-0.00016296600000001438,287.6106,4.519806600000038
83.57299999999987,1.4819999999998723e-05,289.5978,2.5309457999999267
83.58300000000008,1.4819999999998723e-05,289.5978,4.519806600000038
83.59299999999985,0.00037039200000001105,290.59139999999996,2.5309457999999267
83.60300000000007,-0.0005185379999999989,288.6042,4.519806600000038
83.61299999999983,0.00037039200000001105,289.5978,0.5420850000000428
83.62300000000005,-0.00016296600000001438,288.6042,4.519806600000038
83.63299999999981,-0.00016296600000001438,289.5978,4.519806600000038
83.64300000000003,-0.00016296600000001438,288.6042,4.519806600000038
83.65299999999979,1.4819999999998723e-05,288.6042,4.519806600000038
83.66300000000001,0.0007259639999999956,291.585,0.5420850000000428
83.67300000000023,-0.00016296600000001438,291.585,6.508667400000149
83.68299999999999,-0.00016296600000001438,289.5978,2.5309457999999267
83.71000000000004,1.4819999999998723e-05,288.6042,4.519806600000038
83.75500000000011,1.4819999999998723e-05,287.6106,0.5420850000000428
83.76400000000012,0.00019260599999999795,292.5786,4.519806600000038
83.7829999999999,1.4819999999998723e-05,289.5978,4.519806600000038
83.79399999999987,0.00019260599999999795,289.5978,2.5309457999999267
83.80299999999988,-0.00016296600000001438,289.5978,2.5309457999999267
83.8130000000001,1.4819999999998723e-05,289.5978,4.519806600000038
83.82299999999987,-0.0006963239999999982,287.6106,6.508667400000149
83.83300000000008,-0.0005185379999999989,289.5978,6.508667400000149
83.84400000000005,0.00037039200000001105,287.6106,2.5309457999999267
83.85300000000007,1.4819999999998723e-05,291.585,4.519806600000038
83.86299999999983,-0.00016296600000001438,289.5978,4.519806600000038
83.87300000000005,-0.00016296600000001438,289.5978,2.5309457999999267
83.88400000000001,0.00037039200000001105,291.585,0.5420850000000428
83.89300000000003,-0.00016296600000001438,288.6042,4.519806600000038
83.90299999999979,-0.00016296600000001438,289.5978,4.519806600000038
83.91300000000001,1.4819999999998723e-05,290.59139999999996,4.519806600000038
83.92399999999998,-0.00016296600000001438,291.585,4.519806600000038
83.9340000000002,1.4819999999998723e-05,287.6106,2.5309457999999267
83.94399999999996,1.4819999999998723e-05,289.5978,4.519806600000038
83.95400000000018,-0.00016296600000001438,289.5978,4.519806600000038
83.96399999999994,1.4819999999998723e-05,291.585,4.519806600000038
83.97400000000016,1.4819999999998723e-05,290.59139999999996,2.5309457999999267
83.98399999999992,-0.00016296600000001438,290.59139999999996,4.519806600000038
83.99400000000014,1.4819999999998723e-05,290.59139999999996,4.519806600000038
84.0039999999999,1.4819999999998723e-05,290.59139999999996,2.5309457999999267
84.02500000000009,0.00019260599999999795,287.6106,2.5309457999999267
84.0340000000001,1.4819999999998723e-05,288.6042,4.519806600000038
84.05400000000009,-0.00016296600000001438,288.6042,4.519806600000038
84.06399999999985,1.4819999999998723e-05,291.585,4.519806600000038
84.07400000000007,1.4819999999998723e-05,292.5786,4.519806600000038
84.08399999999983,1.4819999999998723e-05,290.59139999999996,4.519806600000038
84.11400000000003,0.00037039200000001105,286.61699999999996,0.5420850000000428
84.1239999999998,1.4819999999998723e-05,289.5978,4.519806600000038
84.13400000000001,-0.00016296600000001438,289.5978,4.519806600000038
84.14400000000023,0.00019260599999999795,291.585,2.5309457999999267
84.154,0.00019260599999999795,291.585,2.5309457999999267
84.16400000000021,0.00019260599999999795,291.585,4.519806600000038
84.17399999999998,1.4819999999998723e-05,290.59139999999996,2.5309457999999267
84.1840000000002,1.4819999999998723e-05,290.59139999999996,4.519806600000038
84.19399999999996,1.4819999999998723e-05,289.5978,2.5309457999999267
84.20400000000018,0.00019260599999999795,287.6106,0.5420850000000428
84.21399999999994,-0.00016296600000001438,290.59139999999996,4.519806600000038
84.22400000000016,1.4819999999998723e-05,291.585,4.519806600000038
84.23399999999992,-0.00016296600000001438,288.6042,2.5309457999999267
84.24400000000014,0.00019260599999999795,290.59139999999996,4.519806600000038
84.2539999999999,-0.00016296600000001438,291.585,4.519806600000038
84.26400000000012,1.4819999999998723e-05,289.5978,4.519806600000038
84.27399999999989,-0.00016296600000001438,289.5978,6.508667400000149
84.2840000000001,1.4819999999998723e-05,289.5978,2.5309457999999267
84.29399999999987,1.4819999999998723e-05,287.6106,2.5309457999999267
84.30400000000009,-0.00016296600000001438,289.5978,2.5309457999999267
84.31399999999985,-0.00016296600000001438,291.585,6.508667400000149
84.32400000000007,0.00019260599999999795,291.585,4.519806600000038
84.33399999999983,0.00019260599999999795,289.5978,0.5420850000000428
84.34400000000005,-0.00016296600000001438,290.59139999999996,4.519806600000038
84.35399999999981,-0.0003407520000000136,290.59139999999996,6.508667400000149
84.36400000000003,-0.00016296600000001438,289.5978,4.519806600000038
84.3739999999998,-0.0003407520000000136,286.61699999999996,2.5309457999999267
84.38400000000001,-0.00016296600000001438,289.5978,4.519806600000038
84.39400000000023,-0.00016296600000001438,289.5978,2.5309457999999267
84.42999999999984,1.4819999999998723e-05,284.6298,-1.4467757999998412
84.43899999999985,-0.00016296600000001438,289.5978,4.519806600000038
84.44900000000007,1.4819999999998723e-05,290.59139999999996,4.519806600000038
84.45899999999983,-0.00016296600000001438,290.59139999999996,4.519806600000038
84.46799999999985,0.00019260599999999795,287.6106,0.5420850000000428
84.47800000000007,1.4819999999998723e-05,289.5978,2.5309457999999267
84.48799999999983,-0.00016296600000001438,290.59139999999996,6.508667400000149
84.49699999999984,-0.0003407520000000136,289.5978,6.508667400000149
84.50700000000006,-0.00016296600000001438,291.585,6.508667400000149
84.51600000000008,0.00019260599999999795,286.61699999999996,0.5420850000000428
84.52599999999984,1.4819999999998723e-05,289.5978,2.5309457999999267
84.53600000000006,1.4819999999998723e-05,290.59139999999996,4.519806600000038
84.55499999999984,1.4819999999998723e-05,290.59139999999996,2.5309457999999267
84.56500000000005,-0.00016296600000001438,287.6106,4.519806600000038
84.57499999999982,-0.0003407520000000136,289.5978,4.519806600000038
84.58500000000004,0.00019260599999999795,291.585,4.519806600000038
84.5949999999998,1.4819999999998723e-05,291.585,4.519806600000038
84.60899999999992,0.00019260599999999795,288.6042,2.5309457999999267
84.61900000000014,1.4819999999998723e-05,291.585,2.5309457999999267
84.62800000000016,1.4819999999998723e-05,288.6042,4.519806600000038
84.63799999999992,-0.0005185379999999989,287.6106,4.519806600000038
84.64800000000014,0.00037039200000001105,289.5978,0.5420850000000428
84.65700000000015,-0.00016296600000001438,290.59139999999996,4.519806600000038
84.66699999999992,0.00019260599999999795,290.59139999999996,2.5309457999999267
84.67599999999993,-0.00016296600000001438,291.585,6.508667400000149
84.68600000000015,1.4819999999998723e-05,291.585,4.519806600000038
84.69599999999991,0.00019260599999999795,289.5978,-1.4467757999998412
84.70499999999993,1.4819999999998723e-05,290.59139999999996,4.519806600000038
84.72499999999991,1.4819999999998723e-05,288.6042,2.5309457999999267
84.73500000000013,0.00019260599999999795,292.5786,4.519806600000038
84.74499999999989,0.00019260599999999795,288.6042,2.5309457999999267
84.75500000000011,-0.00016296600000001438,288.6042,2.5309457999999267
84.76499999999987,0.00019260599999999795,290.59139999999996,4.519806600000038
84.77500000000009,1.4819999999998723e-05,290.59139999999996,4.519806600000038
84.78499999999985,0.00037039200000001105,291.585,0.5420850000000428
84.79500000000007,-0.00016296600000001438,290.59139999999996,4.519806600000038
84.80499999999984,0.00019260599999999795,290.59139999999996,4.519806600000038
84.81500000000005,-0.00016296600000001438,289.5978,4.519806600000038
84.82499999999982,-0.00016296600000001438,291.585,2.5309457999999267
84.83500000000004,1.4819999999998723e-05,287.6106,2.5309457999999267
84.8449999999998,-0.0003407520000000136,289.5978,6.508667400000149
84.85500000000002,1.4819999999998723e-05,291.585,2.5309457999999267
84.86500000000024,-0.0003407520000000136,289.5978,4.519806600000038
84.875,1.4819999999998723e-05,284.6298,0.5420850000000428
84.88500000000022,0.00019260599999999795,290.59139999999996,2.5309457999999267
84.89499999999998,-0.0003407520000000136,288.6042,6.508667400000149
84.9050000000002,0.00019260599999999795,290.59139999999996,2.5309457999999267
84.91499999999996,1.4819999999998723e-05,291.585,2.5309457999999267
84.92500000000018,-0.00016296600000001438,291.585,4.519806600000038
84.93499999999995,1.4819999999998723e-05,291.585,4.519806600000038
84.94500000000016,1.4819999999998723e-05,290.59139999999996,4.519806600000038
84.95499999999993,1.4819999999998723e-05,292.5786,4.519806600000038
84.96500000000015,1.4819999999998723e-05,290.59139999999996,2.5309457999999267
84.97499999999991,-0.0003407520000000136,288.6042,6.508667400000149
84.98500000000013,-0.00016296600000001438,289.5978,2.5309457999999267
84.99499999999989,1.4819999999998723e-05,290.59139999999996,2.5309457999999267
85.01499999999987,1.4819999999998723e-05,286.61699999999996,2.5309457999999267
85.02500000000009,-0.00016296600000001438,288.6042,4.519806600000038
85.0340000000001,1.4819999999998723e-05,290.59139999999996,4.519806600000038
85.04399999999987,-0.0003407520000000136,288.6042,4.519806600000038
85.05400000000009,0.00019260599999999795,291.585,0.5420850000000428
85.0630000000001,-0.00016296600000001438,288.6042,4.519806600000038
85.07299999999987,-0.00016296600000001438,290.59139999999996,4.519806600000038
85.08199999999988,-0.0003407520000000136,288.6042,4.519806600000038
85.0920000000001,1.4819999999998723e-05,289.5978,4.519806600000038
85.10199999999986,0.00037039200000001105,288.6042,0.5420850000000428
85.11099999999988,-0.00016296600000001438,288.6042,6.508667400000149
85.1210000000001,1.4819999999998723e-05,290.59139999999996,4.519806600000038
85.13000000000011,-0.00016296600000001438,289.5978,4.519806600000038
85.13999999999987,-0.0003407520000000136,289.5978,2.5309457999999267
85.15000000000009,1.4819999999998723e-05,288.6042,2.5309457999999267
85.1590000000001,-0.00016296600000001438,291.585,4.519806600000038
85.16899999999987,1.4819999999998723e-05,290.59139999999996,6.508667400000149
85.17900000000009,-0.0003407520000000136,288.6042,6.508667400000149
85.1880000000001,0.00019260599999999795,288.6042,0.5420850000000428
85.19799999999987,-0.00016296600000001438,290.59139999999996,4.519806600000038
85.20800000000008,-0.0003407520000000136,290.59139999999996,6.508667400000149
85.2170000000001,1.4819999999998723e-05,290.59139999999996,2.5309457999999267
85.22699999999986,1.4819999999998723e-05,290.59139999999996,2.5309457999999267
85.23599999999988,0.00037039200000001105,288.6042,-1.4467757999998412
85.25599999999986,1.4819999999998723e-05,290.59139999999996,4.519806600000038
85.26600000000008,1.4819999999998723e-05,290.59139999999996,4.519806600000038
85.27599999999984,0.00019260599999999795,291.585,2.5309457999999267
85.28600000000006,-0.00016296600000001438,288.6042,4.519806600000038
85.29599999999982,-0.0003407520000000136,289.5978,4.519806600000038
85.30600000000004,0.00037039200000001105,291.585,2.5309457999999267
85.3159999999998,-0.0003407520000000136,290.59139999999996,6.508667400000149
85.32600000000002,0.0005481779999999825,289.5978,0.5420850000000428
85.33600000000024,0.00019260599999999795,293.5722,2.5309457999999267
85.346,-0.00016296600000001438,290.59139999999996,4.519806600000038
85.35600000000022,-0.00016296600000001438,288.6042,4.519806600000038
85.375,0.00019260599999999795,286.61699999999996,-1.4467757999998412
85.38400000000001,-0.00016296600000001438,289.5978,2.5309457999999267
85.39400000000023,-0.0003407520000000136,288.6042,6.508667400000149
85.404,-0.0003407520000000136,290.59139999999996,6.508667400000149
85.41300000000001,-0.0003407520000000136,290.59139999999996,2.5309457999999267
85.42300000000023,-0.00016296600000001438,291.585,4.519806600000038
85.43199999999979,1.4819999999998723e-05,292.5786,4.519806600000038
85.46500000000015,0.00037039200000001105,288.6042,-1.4467757999998412
85.47499999999991,1.4819999999998723e-05,291.585,4.519806600000038
85.48399999999992,-0.00016296600000001438,288.6042,4.519806600000038
85.49400000000014,0.00019260599999999795,291.585,2.5309457999999267
85.5039999999999,0.00037039200000001105,292.5786,0.5420850000000428
85.51299999999992,-0.00016296600000001438,289.5978,4.519806600000038
85.52300000000014,1.4819999999998723e-05,290.59139999999996,4.519806600000038
85.53200000000015,0.00019260599999999795,291.585,4.519806600000038
85.54199999999992,-0.0003407520000000136,286.61699999999996,4.519806600000038
85.55200000000013,0.00019260599999999795,288.6042,0.5420850000000428
85.56100000000015,1.4819999999998723e-05,290.59139999999996,4.519806600000038
85.57099999999991,-0.00016296600000001438,290.59139999999996,4.519806600000038
85.57999999999993,-0.00016296600000001438,289.5978,4.519806600000038
85.59000000000015,0.00019260599999999795,291.585,4.519806600000038
85.59999999999991,0.00037039200000001105,288.6042,0.5420850000000428
85.61000000000013,1.4819999999998723e-05,291.585,4.519806600000038
85.61900000000014,-0.00016296600000001438,290.59139999999996,4.519806600000038
85.6289999999999,-0.0003407520000000136,288.6042,6.508667400000149
85.63799999999992,0.00037039200000001105,288.6042,-1.4467757999998412
85.64800000000014,1.4819999999998723e-05,290.59139999999996,4.519806600000038
85.6579999999999,-0.00016296600000001438,288.6042,4.519806600000038
85.66699999999992,-0.00016296600000001438,288.6042,2.5309457999999267
85.68600000000015,1.4819999999998723e-05,288.6042,2.5309457999999267
85.69599999999991,0.00019260599999999795,293.5722,2.5309457999999267
85.70600000000013,-0.00016296600000001438,288.6042,2.5309457999999267
85.73500000000013,0.00037039200000001105,287.6106,0.5420850000000428
85.74499999999989,1.4819999999998723e-05,291.585,4.519806600000038
85.7539999999999,-0.00016296600000001438,289.5978,2.5309457999999267
85.76400000000012,-0.00016296600000001438,289.5978,4.519806600000038
85.77300000000014,0.00037039200000001105,290.59139999999996,2.5309457999999267
85.7829999999999,-0.0003407520000000136,288.6042,4.519806600000038
85.79300000000012,-0.00016296600000001438,290.59139999999996,4.519806600000038
85.80200000000013,0.00019260599999999795,292.5786,4.519806600000038
85.8119999999999,-0.00016296600000001438,289.5978,4.519806600000038
85.82200000000012,0.00037039200000001105,289.5978,0.5420850000000428
85.83100000000013,1.4819999999998723e-05,290.59139999999996,4.519806600000038
85.8409999999999,-0.00016296600000001438,291.585,4.519806600000038
85.84999999999991,-0.00016296600000001438,289.5978,4.519806600000038
85.86000000000013,0.00019260599999999795,290.59139999999996,2.5309457999999267
85.86999999999989,0.00037039200000001105,287.6106,2.5309457999999267
85.8789999999999,-0.00016296600000001438,290.59139999999996,4.519806600000038
85.88900000000012,0.00019260599999999795,291.585,2.5309457999999267
85.89800000000014,-0.00016296600000001438,290.59139999999996,4.519806600000038
85.9079999999999,1.4819999999998723e-05,288.6042,2.5309457999999267
85.91800000000012,-0.00016296600000001438,289.5978,6.508667400000149
85.9369999999999,-0.0003407520000000136,289.5978,6.508667400000149
85.94700000000012,-0.0003407520000000136,290.59139999999996,4.519806600000038
85.95699999999988,0.00019260599999999795,289.5978,2.5309457999999267
85.9670000000001,-0.00016296600000001438,289.5978,6.508667400000149
85.97699999999986,0.00019260599999999795,289.5978,2.5309457999999267
85.98700000000008,1.4819999999998723e-05,292.5786,4.519806600000038
85.99699999999984,0.00037039200000001105,289.5978,2.5309457999999267
86.00700000000006,1.4819999999998723e-05,290.59139999999996,4.519806600000038
86.01699999999983,-0.0003407520000000136,288.6042,4.519806600000038
86.02700000000004,-0.00016296600000001438,290.59139999999996,4.519806600000038
86.03699999999981,1.4819999999998723e-05,292.5786,4.519806600000038
86.04700000000003,1.4819999999998723e-05,290.59139999999996,2.5309457999999267
86.05699999999979,-0.00016296600000001438,288.6042,2.5309457999999267
86.06700000000001,1.4819999999998723e-05,288.6042,2.5309457999999267
86.07700000000023,-0.00016296600000001438,286.61699999999996,2.5309457999999267
86.08699999999999,0.00037039200000001105,289.5978,0.5420850000000428
86.09700000000021,1.4819999999998723e-05,289.5978,4.519806600000038
86.10699999999997,-0.00016296600000001438,289.5978,4.519806600000038
86.11700000000019,-0.00016296600000001438,288.6042,4.519806600000038
86.12699999999995,1.4819999999998723e-05,289.5978,4.519806600000038
86.13700000000017,0.00019260599999999795,290.59139999999996,2.5309457999999267
86.14699999999993,-0.00016296600000001438,289.5978,4.519806600000038
86.15700000000015,1.4819999999998723e-05,290.59139999999996,4.519806600000038
86.16699999999992,-0.00016296600000001438,292.5786,4.519806600000038
86.17700000000013,0.00037039200000001105,290.59139999999996,2.5309457999999267
86.1869999999999,-0.0003407520000000136,288.6042,4.519806600000038
86.19700000000012,-0.00016296600000001438,289.5978,4.519806600000038
86.20699999999988,-0.00016296600000001438,289.5978,4.519806600000038
86.2170000000001,1.4819999999998723e-05,292.5786,4.519806600000038
86.22699999999986,0.00019260599999999795,286.61699999999996,2.5309457999999267
86.23700000000008,-0.0005185379999999989,288.6042,4.519806600000038
86.24699999999984,-0.00016296600000001438,290.59139999999996,4.519806600000038
86.25700000000006,1.4819999999998723e-05,289.5978,4.519806600000038
86.26699999999983,1.4819999999998723e-05,290.59139999999996,2.5309457999999267
86.27700000000004,-0.00016296600000001438,287.6106,4.519806600000038
86.28699999999981,-0.00016296600000001438,290.59139999999996,6.508667400000149
86.29700000000003,-0.0003407520000000136,289.5978,4.519806600000038
86.30699999999979,-0.00016296600000001438,289.5978,4.519806600000038
86.31800000000021,0.00019260599999999795,287.6106,-1.4467757999998412
86.32700000000023,-0.00016296600000001438,291.585,6.508667400000149
86.33699999999999,1.4819999999998723e-05,290.59139999999996,4.519806600000038
86.34700000000021,-0.00016296600000001438,290.59139999999996,4.519806600000038
86.35800000000017,0.00037039200000001105,288.6042,0.5420850000000428
86.36700000000019,-0.00016296600000001438,290.59139999999996,4.519806600000038
86.37699999999995,1.4819999999998723e-05,290.59139999999996,4.519806600000038
86.38700000000017,-0.00016296600000001438,291.585,6.508667400000149
86.39699999999993,1.4819999999998723e-05,291.585,4.519806600000038
86.4079999999999,0.0005481779999999825,289.5978,0.5420850000000428
86.41699999999992,1.4819999999998723e-05,290.59139999999996,4.519806600000038
86.42700000000013,1.4819999999998723e-05,289.5978,4.519806600000038
86.4369999999999,-0.00016296600000001438,288.6042,4.519806600000038
86.44799999999987,0.00019260599999999795,288.6042,2.5309457999999267
86.45800000000008,1.4819999999998723e-05,290.59139999999996,2.5309457999999267
86.46799999999985,1.4819999999998723e-05,290.59139999999996,4.519806600000038
86.47800000000007,1.4819999999998723e-05,291.585,4.519806600000038
86.48799999999983,-0.00016296600000001438,289.5978,4.519806600000038
86.49800000000005,0.00037039200000001105,290.59139999999996,2.5309457999999267
86.50799999999981,0.00019260599999999795,292.5786,4.519806600000038
86.51800000000003,-0.0003407520000000136,289.5978,6.508667400000149
86.52799999999979,-0.00016296600000001438,288.6042,4.519806600000038
86.53800000000001,0.0005481779999999825,291.585,0.5420850000000428
86.54800000000023,-0.00016296600000001438,287.6106,4.519806600000038
86.55799999999999,1.4819999999998723e-05,289.5978,2.5309457999999267
86.56800000000021,1.4819999999998723e-05,291.585,4.519806600000038
86.57799999999997,0.00019260599999999795,292.5786,4.519806600000038
86.58800000000019,0.0005481779999999825,290.59139999999996,0.5420850000000428
86.59799999999996,-0.00016296600000001438,289.5978,4.519806600000038
86.60800000000017,1.4819999999998723e-05,287.6106,2.5309457999999267
86.61799999999994,-0.00016296600000001438,292.5786,4.519806600000038
86.62800000000016,0.00019260599999999795,289.5978,-1.4467757999998412
86.63799999999992,-0.00016296600000001438,287.6106,2.5309457999999267
86.64800000000014,-0.00016296600000001438,289.5978,4.519806600000038
86.6579999999999,-0.00016296600000001438,289.5978,2.5309457999999267
86.66800000000012,-0.00016296600000001438,288.6042,4.519806600000038
86.67799999999988,0.00019260599999999795,286.61699999999996,2.5309457999999267
86.6880000000001,-0.00016296600000001438,290.59139999999996,4.519806600000038
86.69799999999987,-0.0003407520000000136,288.6042,6.508667400000149
86.70800000000008,1.4819999999998723e-05,290.59139999999996,2.5309457999999267
86.71799999999985,0.00037039200000001105,289.5978,0.5420850000000428
86.72800000000007,1.4819999999998723e-05,289.5978,2.5309457999999267
86.73799999999983,-0.0003407520000000136,288.6042,4.519806600000038
86.74800000000005,0.00019260599999999795,289.5978,4.519806600000038
86.75799999999981,1.4819999999998723e-05,291.585,6.508667400000149
86.76800000000003,1.4819999999998723e-05,283.6362,0.5420850000000428
86.77799999999979,-0.0003407520000000136,288.6042,4.519806600000038
86.78800000000001,-0.00016296600000001438,289.5978,4.519806600000038
86.79800000000023,-0.00016296600000001438,287.6106,2.5309457999999267
86.80799999999999,0.00037039200000001105,289.5978,0.5420850000000428
86.81800000000021,1.4819999999998723e-05,291.585,4.519806600000038
86.82799999999997,-0.00016296600000001438,289.5978,4.519806600000038
86.83800000000019,1.4819999999998723e-05,289.5978,2.5309457999999267
86.84799999999996,1.4819999999998723e-05,288.6042,4.519806600000038
86.85800000000017,0.00019260599999999795,286.61699999999996,0.5420850000000428
86.86799999999994,1.4819999999998723e-05,288.6042,2.5309457999999267
86.87800000000016,1.4819999999998723e-05,289.5978,4.519806600000038
86.88799999999992,0.00019260599999999795,289.5978,2.5309457999999267
86.89800000000014,-0.0003407520000000136,285.6234,0.5420850000000428
86.9079999999999,1.4819999999998723e-05,289.5978,4.519806600000038
86.91800000000012,-0.0003407520000000136,289.5978,2.5309457999999267
86.92799999999988,-0.00016296600000001438,291.585,4.519806600000038
86.9380000000001,-0.00016296600000001438,289.5978,4.519806600000038
86.94900000000007,0.00019260599999999795,287.6106,0.5420850000000428
86.95800000000008,0.00019260599999999795,290.59139999999996,4.519806600000038
86.96799999999985,-0.0003407520000000136,290.59139999999996,4.519806600000038
86.97800000000007,-0.00016296600000001438,290.59139999999996,2.5309457999999267
86.98900000000003,1.4819999999998723e-05,287.6106,0.5420850000000428
86.99800000000005,-0.0003407520000000136,288.6042,6.508667400000149
87.00799999999981,-0.00016296600000001438,288.6042,4.519806600000038
87.01800000000003,-0.00016296600000001438,288.6042,4.519806600000038
87.02799999999979,-0.00016296600000001438,286.61699999999996,2.5309457999999267
87.03900000000021,0.00037039200000001105,287.6106,2.5309457999999267
87.04800000000023,1.4819999999998723e-05,290.59139999999996,2.5309457999999267
87.05799999999999,-0.00016296600000001438,290.59139999999996,6.508667400000149
87.06800000000021,1.4819999999998723e-05,289.5978,2.5309457999999267
87.07900000000018,0.00019260599999999795,288.6042,2.5309457999999267
87.08899999999994,1.4819999999998723e-05,290.59139999999996,2.5309457999999267
87.09900000000016,-0.00016296600000001438,289.5978,4.519806600000038
87.10899999999992,-0.00016296600000001438,287.6106,4.519806600000038
87.11900000000014,-0.00016296600000001438,290.59139999999996,6.508667400000149
87.1289999999999,0.00019260599999999795,290.59139999999996,0.5420850000000428
87.13900000000012,1.4819999999998723e-05,290.59139999999996,4.519806600000038
87.14899999999989,1.4819999999998723e-05,290.59139999999996,2.5309457999999267
87.1590000000001,-0.00016296600000001438,289.5978,4.519806600000038
87.16899999999987,0.00037039200000001105,292.5786,0.5420850000000428
87.17900000000009,-0.0005185379999999989,289.5978,6.508667400000149
87.18899999999985,-0.00016296600000001438,289.5978,4.519806600000038
87.19900000000007,0.00019260599999999795,291.585,2.5309457999999267
87.20899999999983,-0.00016296600000001438,289.5978,4.519806600000038
87.21900000000005,0.00019260599999999795,287.6106,2.5309457999999267
87.22899999999981,0.00019260599999999795,291.585,4.519806600000038
87.23900000000003,-0.00016296600000001438,291.585,4.519806600000038
87.2489999999998,1.4819999999998723e-05,291.585,4.519806600000038
87.25900000000001,0.00019260599999999795,289.5978,0.5420850000000428
87.26900000000023,-0.00016296600000001438,292.5786,4.519806600000038
87.279,-0.00016296600000001438,289.5978,4.519806600000038
87.28900000000021,0.00019260599999999795,291.585,4.519806600000038
87.29899999999998,-0.0003407520000000136,289.5978,4.519806600000038
87.3090000000002,0.00019260599999999795,287.6106,0.5420850000000428
87.31899999999996,1.4819999999998723e-05,290.59139999999996,4.519806600000038
87.32900000000018,-0.0003407520000000136,288.6042,4.519806600000038
87.33899999999994,-0.0003407520000000136,286.61699999999996,4.519806600000038
87.34900000000016,0.00037039200000001105,288.6042,-1.4467757999998412
87.35899999999992,-0.00016296600000001438,291.585,6.508667400000149
87.36900000000014,0.00019260599999999795,289.5978,2.5309457999999267
87.3789999999999,-0.0003407520000000136,287.6106,4.519806600000038
87.38900000000012,-0.0003407520000000136,288.6042,2.5309457999999267
87.39899999999989,0.00037039200000001105,289.5978,0.5420850000000428
87.4090000000001,-0.00016296600000001438,288.6042,4.519806600000038
87.41899999999987,1.4819999999998723e-05,289.5978,4.519806600000038
87.42900000000009,-0.00016296600000001438,291.585,4.519806600000038
87.43899999999985,-0.00016296600000001438,291.585,6.508667400000149
87.44900000000007,-0.00016296600000001438,287.6106,2.5309457999999267
87.45899999999983,-0.00016296600000001438,291.585,4.519806600000038
87.49000000000024,0.00037039200000001105,286.61699999999996,0.5420850000000428
87.50900000000001,0.00019260599999999795,291.585,4.519806600000038
87.51900000000023,-0.00016296600000001438,289.5978,4.519806600000038
87.529,0.00037039200000001105,291.585,2.5309457999999267
87.53900000000021,-0.00016296600000001438,291.585,4.519806600000038
87.54899999999998,1.4819999999998723e-05,290.59139999999996,4.519806600000038
87.5590000000002,1.4819999999998723e-05,291.585,4.519806600000038
87.56899999999996,1.4819999999998723e-05,291.585,6.508667400000149
87.57999999999993,0.00019260599999999795,287.6106,0.5420850000000428
87.58899999999994,-0.00016296600000001438,290.59139999999996,6.508667400000149
87.59900000000016,-0.00016296600000001438,290.59139999999996,4.519806600000038
87.60899999999992,1.4819999999998723e-05,289.5978,2.5309457999999267
87.61999999999989,0.00019260599999999795,289.5978,0.5420850000000428
87.6289999999999,-0.0003407520000000136,287.6106,4.519806600000038
87.63900000000012,-0.00016296600000001438,290.59139999999996,6.508667400000149
87.64899999999989,-0.00016296600000001438,289.5978,4.519806600000038
87.65999999999985,-0.00016296600000001438,290.59139999999996,4.519806600000038
87.67000000000007,0.00019260599999999795,285.6234,0.5420850000000428
87.67900000000009,-0.00016296600000001438,288.6042,4.519806600000038
87.68899999999985,-0.00016296600000001438,288.6042,2.5309457999999267
87.69999999999982,-0.0003407520000000136,289.5978,4.519806600000038
87.71000000000004,0.00019260599999999795,288.6042,0.5420850000000428
87.7199999999998,-0.00016296600000001438,290.59139999999996,4.519806600000038
87.73000000000002,-0.00016296600000001438,289.5978,4.519806600000038
87.74000000000024,-0.00016296600000001438,289.5978,4.519806600000038
87.75,1.4819999999998723e-05,292.5786,6.508667400000149
87.76000000000022,1.4819999999998723e-05,287.6106,2.5309457999999267
87.76999999999998,-0.00016296600000001438,290.59139999999996,6.508667400000149
87.7800000000002,-0.0003407520000000136,290.59139999999996,4.519806600000038
87.78999999999996,1.4819999999998723e-05,291.585,4.519806600000038
87.80000000000018,1.4819999999998723e-05,290.59139999999996,0.5420850000000428
87.80999999999995,1.4819999999998723e-05,290.59139999999996,4.519806600000038
87.82000000000016,1.4819999999998723e-05,289.5978,4.519806600000038
87.82999999999993,-0.00016296600000001438,288.6042,4.519806600000038
87.84000000000015,0.00019260599999999795,290.59139999999996,2.5309457999999267
87.84999999999991,0.00019260599999999795,288.6042,2.5309457999999267
87.86000000000013,-0.0003407520000000136,288.6042,2.5309457999999267
87.86999999999989,0.00019260599999999795,289.5978,4.519806600000038
87.88000000000011,1.4819999999998723e-05,291.585,4.519806600000038
87.88999999999987,1.4819999999998723e-05,288.6042,0.5420850000000428
87.90000000000009,-0.00016296600000001438,289.5978,6.508667400000149
87.90999999999985,-0.00016296600000001438,289.5978,4.519806600000038
87.92000000000007,1.4819999999998723e-05,292.5786,2.5309457999999267
87.92999999999984,0.00019260599999999795,290.59139999999996,4.519806600000038
87.94000000000005,1.4819999999998723e-05,289.5978,2.5309457999999267
87.94999999999982,-0.00016296600000001438,288.6042,6.508667400000149
87.96000000000004,-0.00016296600000001438,289.5978,4.519806600000038
87.9699999999998,-0.0003407520000000136,288.6042,4.519806600000038
87.98000000000002,1.4819999999998723e-05,290.59139999999996,4.519806600000038
87.99000000000024,-0.0005185379999999989,289.5978,8.497528200000033
88.0,-0.0003407520000000136,291.585,6.508667400000149
88.01000000000022,-0.0003407520000000136,290.59139999999996,4.519806600000038
88.01999999999998,-0.00016296600000001438,289.5978,2.5309457999999267
88.0300000000002,0.00037039200000001105,289.5978,2.5309457999999267
88.03999999999996,-0.00016296600000001438,289.5978,2.5309457999999267
88.05000000000018,-0.0003407520000000136,288.6042,4.519806600000038
88.05999999999995,0.00019260599999999795,292.5786,4.519806600000038
88.07000000000016,-0.00016296600000001438,286.61699999999996,0.5420850000000428
88.07999999999993,1.4819999999998723e-05,290.59139999999996,4.519806600000038
88.09000000000015,-0.00016296600000001438,290.59139999999996,6.508667400000149
88.09999999999991,-0.00016296600000001438,288.6042,4.519806600000038
88.11999999999989,0.00019260599999999795,285.6234,-1.4467757999998412
88.1289999999999,-0.00016296600000001438,288.6042,4.519806600000038
88.13900000000012,1.4819999999998723e-05,289.5978,4.519806600000038
88.14800000000014,-0.00016296600000001438,291.585,6.508667400000149
88.1579999999999,0.00019260599999999795,292.5786,2.5309457999999267
88.16800000000012,-0.0005185379999999989,287.6106,4.519806600000038
88.17700000000013,1.4819999999998723e-05,291.585,4.519806600000038
88.1869999999999,1.4819999999998723e-05,292.5786,4.519806600000038
88.19599999999991,-0.00016296600000001438,288.6042,4.519806600000038
88.20600000000013,0.00019260599999999795,291.585,2.5309457999999267
88.2159999999999,-0.0003407520000000136,287.6106,4.519806600000038
88.22499999999991,-0.00016296600000001438,289.5978,4.519806600000038
88.23500000000013,-0.0003407520000000136,287.6106,4.519806600000038
88.25500000000011,-0.00016296600000001438,287.6106,0.5420850000000428
88.26499999999987,-0.00016296600000001438,288.6042,2.5309457999999267
88.27399999999989,-0.00016296600000001438,289.5978,4.519806600000038
88.2840000000001,-0.0003407520000000136,288.6042,4.519806600000038
88.29399999999987,0.0005481779999999825,292.5786,2.5309457999999267
88.30299999999988,-0.00016296600000001438,289.5978,4.519806600000038
88.3130000000001,-0.00016296600000001438,288.6042,2.5309457999999267
88.32200000000012,-0.00016296600000001438,290.59139999999996,4.519806600000038
88.33199999999988,-0.00016296600000001438,291.585,6.508667400000149
88.3420000000001,0.00037039200000001105,289.5978,0.5420850000000428
88.35100000000011,-0.0003407520000000136,288.6042,6.508667400000149
88.3710000000001,-0.0003407520000000136,289.5978,6.508667400000149
88.38099999999986,-0.00016296600000001438,288.6042,2.5309457999999267
88.39100000000008,-0.0003407520000000136,288.6042,4.519806600000038
88.40099999999984,-0.00016296600000001438,290.59139999999996,4.519806600000038
88.41100000000006,0.00019260599999999795,291.585,4.519806600000038
88.42099999999982,-0.0003407520000000136,288.6042,4.519806600000038
88.43100000000004,0.00019260599999999795,287.6106,2.5309457999999267
88.4409999999998,-0.00016296600000001438,290.59139999999996,4.519806600000038
88.45100000000002,-0.0005185379999999989,287.6106,4.519806600000038
88.46100000000024,1.4819999999998723e-05,288.6042,4.519806600000038
88.471,-0.00016296600000001438,291.585,2.5309457999999267
88.48100000000022,1.4819999999998723e-05,289.5978,4.519806600000038
88.49099999999999,1.4819999999998723e-05,289.5978,4.519806600000038
88.5010000000002,1.4819999999998723e-05,290.59139999999996,4.519806600000038
88.51099999999997,0.00019260599999999795,291.585,4.519806600000038
88.52100000000019,-0.00016296600000001438,288.6042,4.519806600000038
88.53099999999995,-0.00016296600000001438,288.6042,4.519806600000038
88.54100000000017,-0.00016296600000001438,292.5786,6.508667400000149
88.55099999999993,1.4819999999998723e-05,288.6042,4.519806600000038
88.56100000000015,1.4819999999998723e-05,292.5786,4.519806600000038
88.57099999999991,1.4819999999998723e-05,289.5978,6.508667400000149
88.58100000000013,1.4819999999998723e-05,290.59139999999996,2.5309457999999267
88.61500000000024,1.4819999999998723e-05,286.61699999999996,0.5420850000000428
88.6239999999998,-0.00016296600000001438,290.59139999999996,4.519806600000038
88.63400000000001,-0.00016296600000001438,289.5978,6.508667400000149
88.64300000000003,-0.00016296600000001438,289.5978,4.519806600000038
88.65299999999979,0.00037039200000001105,290.59139999999996,2.5309457999999267
88.66300000000001,-0.00016296600000001438,289.5978,4.519806600000038
88.67200000000003,0.00019260599999999795,290.59139999999996,2.5309457999999267
88.68199999999979,-0.00016296600000001438,287.6106,4.519806600000038
88.70100000000002,0.00037039200000001105,288.6042,0.5420850000000428
88.71100000000024,-0.00016296600000001438,291.585,4.519806600000038
88.721,-0.00016296600000001438,289.5978,4.519806600000038
88.73100000000022,1.4819999999998723e-05,290.59139999999996,2.5309457999999267
88.74099999999999,1.4819999999998723e-05,291.585,2.5309457999999267
88.7510000000002,0.00019260599999999795,288.6042,0.5420850000000428
88.76099999999997,-0.00016296600000001438,289.5978,4.519806600000038
88.77100000000019,-0.0005185379999999989,286.61699999999996,6.508667400000149
88.78099999999995,1.4819999999998723e-05,291.585,4.519806600000038
88.79199999999992,1.4819999999998723e-05,288.6042,2.5309457999999267
88.80099999999993,1.4819999999998723e-05,289.5978,2.5309457999999267
88.81100000000015,-0.00016296600000001438,290.59139999999996,4.519806600000038
88.82099999999991,-0.00016296600000001438,287.6106,4.519806600000038
88.83100000000013,0.00019260599999999795,287.6106,2.5309457999999267
88.8409999999999,0.00019260599999999795,290.59139999999996,2.5309457999999267
88.85100000000011,-0.00016296600000001438,290.59139999999996,4.519806600000038
88.86099999999988,-0.00016296600000001438,290.59139999999996,4.519806600000038
88.8710000000001,1.4819999999998723e-05,289.5978,4.519806600000038
88.88200000000006,0.00019260599999999795,289.5978,2.5309457999999267
88.89100000000008,-0.0003407520000000136,292.5786,6.508667400000149
88.90099999999984,-0.0003407520000000136,289.5978,6.508667400000149
88.91100000000006,1.4819999999998723e-05,290.59139999999996,2.5309457999999267
88.92200000000003,0.00019260599999999795,290.59139999999996,0.5420850000000428
88.93199999999979,0.00019260599999999795,287.6106,0.5420850000000428
88.9409999999998,-0.00016296600000001438,291.585,4.519806600000038
88.95200000000023,1.4819999999998723e-05,290.59139999999996,6.508667400000149
88.96199999999999,-0.0003407520000000136,288.6042,4.519806600000038
88.97200000000021,0.00019260599999999795,292.5786,4.519806600000038
88.98199999999997,-0.0003407520000000136,288.6042,6.508667400000149
89.01999999999998,0.0005481779999999825,289.5978,0.5420850000000428
89.029,-0.00016296600000001438,291.585,4.519806600000038
89.03900000000021,-0.00016296600000001438,290.59139999999996,4.519806600000038
89.04800000000023,-0.00016296600000001438,290.59139999999996,4.519806600000038
89.05799999999999,0.00037039200000001105,291.585,2.5309457999999267
89.06800000000021,-0.00016296600000001438,288.6042,4.519806600000038
89.07700000000023,0.00019260599999999795,291.585,4.519806600000038
89.08699999999999,-0.00016296600000001438,289.5978,4.519806600000038
89.09700000000021,-0.00016296600000001438,291.585,4.519806600000038
89.10600000000022,0.0007259639999999956,291.585,0.5420850000000428
89.11599999999999,1.4819999999998723e-05,289.5978,4.519806600000038
89.125,-0.0003407520000000136,288.6042,4.519806600000038
89.13500000000022,-0.00016296600000001438,288.6042,4.519806600000038
89.14499999999998,1.4819999999998723e-05,290.59139999999996,4.519806600000038
89.154,0.00019260599999999795,284.6298,-1.4467757999998412
89.16400000000021,-0.00016296600000001438,289.5978,6.508667400000149
89.17399999999998,1.4819999999998723e-05,289.5978,2.5309457999999267
89.18299999999999,0.00019260599999999795,289.5978,4.519806600000038
89.19300000000021,1.4819999999998723e-05,286.61699999999996,2.5309457999999267
89.21199999999999,-0.0003407520000000136,288.6042,4.519806600000038
89.22200000000021,-0.0003407520000000136,286.61699999999996,2.5309457999999267
89.23199999999997,1.4819999999998723e-05,291.585,4.519806600000038
89.24200000000019,0.00019260599999999795,287.6106,0.5420850000000428
89.25199999999995,1.4819999999998723e-05,289.5978,4.519806600000038
89.26200000000017,-0.00016296600000001438,288.6042,6.508667400000149
89.27199999999993,-0.00016296600000001438,290.59139999999996,4.519806600000038
89.28999999999996,0.00019260599999999795,287.6106,0.5420850000000428
89.30000000000018,1.4819999999998723e-05,290.59139999999996,4.519806600000038
89.30999999999995,0.00019260599999999795,289.5978,2.5309457999999267
89.31899999999996,-0.00016296600000001438,290.59139999999996,6.508667400000149
89.32900000000018,1.4819999999998723e-05,288.6042,2.5309457999999267
89.33899999999994,-0.00016296600000001438,288.6042,4.519806600000038
89.34799999999996,1.4819999999998723e-05,290.59139999999996,4.519806600000038
89.35800000000017,-0.0003407520000000136,290.59139999999996,4.519806600000038
89.36700000000019,-0.00016296600000001438,289.5978,4.519806600000038
89.37699999999995,0.00037039200000001105,288.6042,0.5420850000000428
89.38700000000017,-0.00016296600000001438,288.6042,4.519806600000038
89.39600000000019,1.4819999999998723e-05,291.585,4.519806600000038
89.40599999999995,1.4819999999998723e-05,290.59139999999996,6.508667400000149
89.41499999999996,1.4819999999998723e-05,291.585,4.519806600000038
89.42500000000018,1.4819999999998723e-05,289.5978,4.519806600000038
89.43499999999995,-0.00016296600000001438,291.585,6.508667400000149
89.44399999999996,-0.00016296600000001438,291.585,6.508667400000149
89.45400000000018,-0.00016296600000001438,288.6042,4.519806600000038
89.46399999999994,0.00019260599999999795,290.59139999999996,2.5309457999999267
89.47299999999996,0.00019260599999999795,290.59139999999996,4.519806600000038
89.49200000000019,-0.00016296600000001438,290.59139999999996,4.519806600000038
89.50199999999995,-0.00016296600000001438,289.5978,4.519806600000038
89.51299999999992,0.0005481779999999825,292.5786,0.5420850000000428
89.52199999999993,1.4819999999998723e-05,288.6042,2.5309457999999267
89.53200000000015,-0.0003407520000000136,288.6042,4.519806600000038
89.54199999999992,-0.00016296600000001438,289.5978,4.519806600000038
89.55299999999988,0.00037039200000001105,290.59139999999996,0.5420850000000428
89.5630000000001,-0.00016296600000001438,289.5978,2.5309457999999267
89.57200000000012,1.4819999999998723e-05,290.59139999999996,4.519806600000038
89.58300000000008,-0.00016296600000001438,287.6106,4.519806600000038
89.59299999999985,1.4819999999998723e-05,290.59139999999996,4.519806600000038
89.60300000000007,0.00037039200000001105,287.6106,0.5420850000000428
89.61299999999983,-0.00016296600000001438,288.6042,4.519806600000038
89.62300000000005,1.4819999999998723e-05,291.585,2.5309457999999267
89.63299999999981,1.4819999999998723e-05,290.59139999999996,4.519806600000038
89.64300000000003,0.00019260599999999795,289.5978,2.5309457999999267
89.65299999999979,0.00019260599999999795,289.5978,2.5309457999999267
89.66300000000001,1.4819999999998723e-05,289.5978,2.5309457999999267
89.67300000000023,1.4819999999998723e-05,292.5786,4.519806600000038
89.68299999999999,-0.00016296600000001438,289.5978,4.519806600000038
89.69300000000021,0.00037039200000001105,289.5978,0.5420850000000428
89.70299999999997,1.4819999999998723e-05,291.585,4.519806600000038
89.71300000000019,1.4819999999998723e-05,294.56579999999997,4.519806600000038
89.72299999999996,-0.00016296600000001438,289.5978,6.508667400000149
89.73300000000017,1.4819999999998723e-05,290.59139999999996,4.519806600000038
89.74299999999994,-0.0003407520000000136,289.5978,6.508667400000149
89.75300000000016,-0.0003407520000000136,287.6106,4.519806600000038
89.78499999999985,0.00019260599999999795,286.61699999999996,0.5420850000000428
89.79399999999987,-0.00016296600000001438,290.59139999999996,4.519806600000038
89.80400000000009,-0.00016296600000001438,287.6106,4.519806600000038
89.82299999999987,1.4819999999998723e-05,291.585,4.519806600000038
89.83300000000008,-0.00016296600000001438,289.5978,4.519806600000038
89.84299999999985,0.00019260599999999795,291.585,2.5309457999999267
89.85300000000007,1.4819999999998723e-05,290.59139999999996,4.519806600000038
89.86299999999983,1.4819999999998723e-05,288.6042,4.519806600000038
89.87300000000005,0.00037039200000001105,290.59139999999996,-1.4467757999998412
89.88299999999981,-0.00016296600000001438,289.5978,4.519806600000038
89.89300000000003,-0.00016296600000001438,291.585,4.519806600000038
89.90299999999979,1.4819999999998723e-05,290.59139999999996,4.519806600000038
89.91300000000001,0.00037039200000001105,290.59139999999996,0.5420850000000428
89.92300000000023,1.4819999999998723e-05,289.5978,4.519806600000038
89.93299999999999,-0.00016296600000001438,290.59139999999996,4.519806600000038
89.94300000000021,-0.00016296600000001438,290.59139999999996,4.519806600000038
89.95299999999997,-0.00016296600000001438,289.5978,4.519806600000038
89.96300000000019,1.4819999999998723e-05,292.5786,4.519806600000038
89.97299999999996,-0.00016296600000001438,290.59139999999996,4.519806600000038
89.98300000000017,0.00019260599999999795,290.59139999999996,2.5309457999999267
90.01000000000022,0.00019260599999999795,286.61699999999996,-1.4467757999998412
90.01999999999998,-0.0003407520000000136,288.6042,6.508667400000149
90.0300000000002,-0.0003407520000000136,289.5978,4.519806600000038
90.03900000000021,1.4819999999998723e-05,289.5978,2.5309457999999267
90.04899999999998,0.00037039200000001105,288.6042,0.5420850000000428
90.0590000000002,-0.0003407520000000136,288.6042,4.519806600000038
90.06800000000021,-0.00016296600000001438,289.5978,4.519806600000038
90.07799999999997,0.00019260599999999795,291.585,4.519806600000038
90.08699999999999,-0.0003407520000000136,290.59139999999996,4.519806600000038
90.09700000000021,0.00037039200000001105,289.5978,0.5420850000000428
90.10699999999997,1.4819999999998723e-05,289.5978,2.5309457999999267
90.11599999999999,-0.00016296600000001438,290.59139999999996,4.519806600000038
90.1260000000002,-0.0003407520000000136,289.5978,6.508667400000149
90.13500000000022,-0.00016296600000001438,291.585,2.5309457999999267
90.14499999999998,1.4819999999998723e-05,287.6106,0.5420850000000428
90.1550000000002,1.4819999999998723e-05,289.5978,2.5309457999999267
90.16400000000021,1.4819999999998723e-05,289.5978,2.5309457999999267
90.1840000000002,1.4819999999998723e-05,289.5978,2.5309457999999267
90.19300000000021,-0.0003407520000000136,288.6042,4.519806600000038
90.20400000000018,-0.0005185379999999989,287.6106,2.5309457999999267
90.21399999999994,-0.00016296600000001438,290.59139999999996,6.508667400000149
90.22400000000016,-0.0003407520000000136,288.6042,6.508667400000149
90.23399999999992,0.00037039200000001105,288.6042,0.5420850000000428
90.24400000000014,-0.00016296600000001438,290.59139999999996,4.519806600000038
90.2539999999999,-0.0005185379999999989,288.6042,4.519806600000038
90.26400000000012,1.4819999999998723e-05,294.56579999999997,6.508667400000149
90.27399999999989,0.0005481779999999825,290.59139999999996,-1.4467757999998412
90.2840000000001,1.4819999999998723e-05,288.6042,4.519806600000038
90.29399999999987,1.4819999999998723e-05,290.59139999999996,4.519806600000038
90.30400000000009,0.00019260599999999795,290.59139999999996,2.5309457999999267
90.31399999999985,0.00037039200000001105,291.585,2.5309457999999267
90.32400000000007,1.4819999999998723e-05,289.5978,2.5309457999999267
90.33399999999983,1.4819999999998723e-05,289.5978,4.519806600000038
90.34400000000005,1.4819999999998723e-05,288.6042,2.5309457999999267
90.35399999999981,1.4819999999998723e-05,287.6106,4.519806600000038
90.36400000000003,-0.00016296600000001438,289.5978,4.519806600000038
90.3739999999998,1.4819999999998723e-05,289.5978,2.5309457999999267
90.38400000000001,1.4819999999998723e-05,289.5978,4.519806600000038
90.41499999999996,1.4819999999998723e-05,290.59139999999996,2.5309457999999267
90.46000000000004,0.00037039200000001105,290.59139999999996,0.5420850000000428
90.4699999999998,1.4819999999998723e-05,289.5978,4.519806600000038
90.48000000000002,0.00019260599999999795,289.5978,4.519806600000038
90.48900000000003,1.4819999999998723e-05,289.5978,2.5309457999999267
90.4989999999998,0.00037039200000001105,289.5978,0.5420850000000428
90.50900000000001,1.4819999999998723e-05,291.585,4.519806600000038
90.51800000000003,1.4819999999998723e-05,288.6042,2.5309457999999267
90.52799999999979,1.4819999999998723e-05,288.6042,2.5309457999999267
90.53699999999981,1.4819999999998723e-05,290.59139999999996,4.519806600000038
90.54700000000003,0.00019260599999999795,287.6106,-1.4467757999998412
90.55699999999979,-0.0003407520000000136,288.6042,4.519806600000038
90.5659999999998,1.4819999999998723e-05,289.5978,4.519806600000038
90.57600000000002,-0.00016296600000001438,290.59139999999996,6.508667400000149
90.58500000000004,0.00019260599999999795,290.59139999999996,4.519806600000038
90.5949999999998,0.00019260599999999795,289.5978,2.5309457999999267
90.61400000000003,0.00019260599999999795,291.585,4.519806600000038
90.6239999999998,0.00019260599999999795,291.585,4.519806600000038
90.63400000000001,0.00037039200000001105,287.6106,2.5309457999999267
90.64400000000023,-0.00016296600000001438,288.6042,2.5309457999999267
90.654,1.4819999999998723e-05,288.6042,4.519806600000038
90.66400000000021,-0.00016296600000001438,288.6042,2.5309457999999267
90.67399999999998,-0.00016296600000001438,288.6042,4.519806600000038
90.6840000000002,0.00019260599999999795,286.61699999999996,0.5420850000000428
90.69399999999996,-0.00016296600000001438,289.5978,4.519806600000038
90.70400000000018,0.00019260599999999795,291.585,4.519806600000038
90.71399999999994,1.4819999999998723e-05,290.59139999999996,4.519806600000038
90.72499999999991,0.00037039200000001105,289.5978,2.5309457999999267
90.73399999999992,0.00019260599999999795,289.5978,2.5309457999999267
90.74400000000014,1.4819999999998723e-05,288.6042,2.5309457999999267
90.7539999999999,1.4819999999998723e-05,288.6042,4.519806600000038
90.76400000000012,-0.00016296600000001438,290.59139999999996,4.519806600000038
90.77500000000009,1.4819999999998723e-05,286.61699999999996,2.5309457999999267
90.7840000000001,-0.00016296600000001438,288.6042,4.519806600000038
90.79399999999987,-0.00016296600000001438,288.6042,4.519806600000038
90.80400000000009,1.4819999999998723e-05,289.5978,4.519806600000038
90.81500000000005,1.4819999999998723e-05,289.5978,2.5309457999999267
90.82400000000007,-0.00016296600000001438,289.5978,2.5309457999999267
90.83500000000004,-0.00016296600000001438,287.6106,2.5309457999999267
90.8449999999998,1.4819999999998723e-05,289.5978,4.519806600000038
90.85500000000002,-0.00016296600000001438,290.59139999999996,2.5309457999999267
90.86599999999999,0.0005481779999999825,288.6042,-1.4467757999998412
90.88500000000022,1.4819999999998723e-05,291.585,4.519806600000038
90.89499999999998,-0.00016296600000001438,288.6042,4.519806600000038
90.9050000000002,1.4819999999998723e-05,288.6042,0.5420850000000428
90.91499999999996,1.4819999999998723e-05,290.59139999999996,4.519806600000038
90.92500000000018,1.4819999999998723e-05,289.5978,2.5309457999999267
90.93499999999995,0.00019260599999999795,290.59139999999996,2.5309457999999267
90.94500000000016,-0.00016296600000001438,290.59139999999996,4.519806600000038
90.95499999999993,0.00037039200000001105,288.6042,0.5420850000000428
90.96500000000015,-0.00016296600000001438,291.585,4.519806600000038
90.97499999999991,-0.00016296600000001438,289.5978,6.508667400000149
90.98500000000013,-0.00016296600000001438,290.59139999999996,4.519806600000038
90.99499999999989,0.00019260599999999795,291.585,2.5309457999999267
91.00500000000011,-0.00016296600000001438,288.6042,2.5309457999999267
91.01499999999987,0.00019260599999999795,289.5978,4.519806600000038
91.04500000000007,0.00037039200000001105,287.6106,0.5420850000000428
91.05400000000009,1.4819999999998723e-05,290.59139999999996,4.519806600000038
91.06399999999985,1.4819999999998723e-05,290.59139999999996,4.519806600000038
91.07400000000007,1.4819999999998723e-05,290.59139999999996,4.519806600000038
91.08300000000008,0.00019260599999999795,290.59139999999996,2.5309457999999267
91.09299999999985,1.4819999999998723e-05,291.585,2.5309457999999267
91.10199999999986,1.4819999999998723e-05,291.585,4.519806600000038
91.13599999999997,1.4819999999998723e-05,284.6298,0.5420850000000428
91.14499999999998,-0.00016296600000001438,288.6042,6.508667400000149
91.1550000000002,-0.00016296600000001438,291.585,6.508667400000149
91.16499999999996,1.4819999999998723e-05,290.59139999999996,2.5309457999999267
91.17500000000018,0.00019260599999999795,290.59139999999996,2.5309457999999267
91.18499999999995,-0.00016296600000001438,288.6042,2.5309457999999267
91.19500000000016,-0.00016296600000001438,288.6042,6.508667400000149
91.20499999999993,1.4819999999998723e-05,291.585,6.508667400000149
91.21500000000015,1.4819999999998723e-05,289.5978,2.5309457999999267
91.22499999999991,0.00019260599999999795,288.6042,0.5420850000000428
91.23500000000013,-0.00016296600000001438,289.5978,4.519806600000038
91.24499999999989,-0.00016296600000001438,287.6106,2.5309457999999267
91.25500000000011,1.4819999999998723e-05,289.5978,4.519806600000038
91.26499999999987,0.00019260599999999795,288.6042,0.5420850000000428
91.27500000000009,1.4819999999998723e-05,289.5978,4.519806600000038
91.28499999999985,-0.00016296600000001438,289.5978,4.519806600000038
91.29500000000007,1.4819999999998723e-05,292.5786,4.519806600000038
91.30499999999984,1.4819999999998723e-05,290.59139999999996,6.508667400000149
91.3159999999998,1.4819999999998723e-05,289.5978,2.5309457999999267
91.32499999999982,-0.00016296600000001438,288.6042,6.508667400000149
91.33500000000004,1.4819999999998723e-05,290.59139999999996,2.5309457999999267
91.3449999999998,1.4819999999998723e-05,291.585,4.519806600000038
91.35600000000022,1.4819999999998723e-05,291.585,2.5309457999999267
91.36500000000024,1.4819999999998723e-05,290.59139999999996,4.519806600000038
91.375,1.4819999999998723e-05,291.585,4.519806600000038
91.38500000000022,1.4819999999998723e-05,290.59139999999996,4.519806600000038
91.39600000000019,1.4819999999998723e-05,291.585,4.519806600000038
91.40599999999995,1.4819999999998723e-05,288.6042,2.5309457999999267
91.41499999999996,-0.00016296600000001438,288.6042,4.519806600000038
91.42500000000018,-0.00016296600000001438,290.59139999999996,6.508667400000149
91.43499999999995,1.4819999999998723e-05,292.5786,6.508667400000149
91.44599999999991,0.0005481779999999825,292.5786,0.5420850000000428
91.45600000000013,1.4819999999998723e-05,288.6042,4.519806600000038
91.4659999999999,1.4819999999998723e-05,290.59139999999996,4.519806600000038
91.47600000000011,-0.00016296600000001438,290.59139999999996,4.519806600000038
91.48599999999988,0.00037039200000001105,292.5786,2.5309457999999267
91.4960000000001,1.4819999999998723e-05,287.6106,2.5309457999999267
91.50599999999986,1.4819999999998723e-05,292.5786,4.519806600000038
91.51600000000008,-0.00016296600000001438,290.59139999999996,6.508667400000149
91.52599999999984,0.00019260599999999795,290.59139999999996,4.519806600000038
91.53600000000006,0.00037039200000001105,287.6106,0.5420850000000428
91.54599999999982,1.4819999999998723e-05,289.5978,2.5309457999999267
91.55600000000004,-0.0003407520000000136,288.6042,4.519806600000038
91.5659999999998,1.4819999999998723e-05,292.5786,6.508667400000149
91.57600000000002,-0.00016296600000001438,289.5978,2.5309457999999267
91.58600000000024,1.4819999999998723e-05,290.59139999999996,2.5309457999999267
91.596,1.4819999999998723e-05,288.6042,4.519806600000038
91.60600000000022,1.4819999999998723e-05,289.5978,4.519806600000038
91.61599999999999,-0.0003407520000000136,288.6042,4.519806600000038
91.6260000000002,-0.00016296600000001438,291.585,4.519806600000038
91.63599999999997,-0.00016296600000001438,289.5978,4.519806600000038
91.64600000000019,1.4819999999998723e-05,289.5978,2.5309457999999267
91.721,0.00037039200000001105,287.6106,0.5420850000000428
91.73000000000002,-0.00016296600000001438,290.59139999999996,4.519806600000038
91.74000000000024,-0.00016296600000001438,289.5978,6.508667400000149
91.7489999999998,1.4819999999998723e-05,291.585,4.519806600000038
91.75900000000001,1.4819999999998723e-05,287.6106,0.5420850000000428
91.76900000000023,-0.00016296600000001438,291.585,4.519806600000038
91.77799999999979,1.4819999999998723e-05,289.5978,4.519806600000038
91.78800000000001,-0.00016296600000001438,288.6042,2.5309457999999267
91.79700000000003,-0.0003407520000000136,289.5978,2.5309457999999267
91.80699999999979,0.00037039200000001105,289.5978,2.5309457999999267
91.81700000000001,-0.0006963239999999982,285.6234,4.519806600000038
91.83600000000024,1.4819999999998723e-05,289.5978,4.519806600000038
91.846,0.00019260599999999795,288.6042,2.5309457999999267
91.85600000000022,-0.00016296600000001438,287.6106,2.5309457999999267
91.86599999999999,1.4819999999998723e-05,290.59139999999996,2.5309457999999267
91.8760000000002,-0.00016296600000001438,290.59139999999996,6.508667400000149
91.88599999999997,-0.00016296600000001438,289.5978,4.519806600000038
91.89600000000019,0.00019260599999999795,289.5978,2.5309457999999267
91.90599999999995,0.00019260599999999795,292.5786,4.519806600000038
91.91600000000017,-0.00016296600000001438,288.6042,2.5309457999999267
91.92599999999993,-0.00016296600000001438,289.5978,4.519806600000038
91.93600000000015,1.4819999999998723e-05,289.5978,2.5309457999999267
91.94599999999991,-0.00016296600000001438,286.61699999999996,2.5309457999999267
91.95600000000013,0.00019260599999999795,291.585,4.519806600000038
91.9659999999999,1.4819999999998723e-05,292.5786,6.508667400000149
91.97600000000011,1.4819999999998723e-05,291.585,4.519806600000038
91.98700000000008,1.4819999999998723e-05,289.5978,2.5309457999999267
91.9960000000001,0.00037039200000001105,292.5786,4.519806600000038
92.00599999999986,-0.00016296600000001438,290.59139999999996,4.519806600000038
92.01600000000008,-0.00016296600000001438,290.59139999999996,4.519806600000038
92.02700000000004,0.00019260599999999795,292.5786,2.5309457999999267
92.03600000000006,-0.0003407520000000136,288.6042,6.508667400000149
92.04599999999982,1.4819999999998723e-05,291.585,6.508667400000149
92.08100000000013,0.00019260599999999795,289.5978,0.5420850000000428
92.09000000000015,-0.00016296600000001438,289.5978,4.519806600000038
92.09999999999991,-0.00016296600000001438,290.59139999999996,4.519806600000038
92.10899999999992,1.4819999999998723e-05,291.585,6.508667400000149
92.11900000000014,1.4819999999998723e-05,286.61699999999996,0.5420850000000428
92.1289999999999,-0.00016296600000001438,285.6234,2.5309457999999267
92.13799999999992,-0.00016296600000001438,288.6042,4.519806600000038
92.14800000000014,-0.00016296600000001438,288.6042,2.5309457999999267
92.1579999999999,1.4819999999998723e-05,288.6042,4.519806600000038
92.17700000000013,-0.00016296600000001438,287.6106,4.519806600000038
92.1869999999999,-0.00016296600000001438,289.5978,4.519806600000038
92.19700000000012,-0.0003407520000000136,287.6106,6.508667400000149
92.20699999999988,1.4819999999998723e-05,288.6042,2.5309457999999267
92.2170000000001,-0.0003407520000000136,289.5978,4.519806600000038
92.22699999999986,-0.00016296600000001438,291.585,6.508667400000149
92.23700000000008,-0.00016296600000001438,289.5978,4.519806600000038
92.24699999999984,0.00019260599999999795,291.585,4.519806600000038
92.25700000000006,0.00019260599999999795,289.5978,2.5309457999999267
92.26699999999983,1.4819999999998723e-05,289.5978,2.5309457999999267
92.27700000000004,-0.00016296600000001438,289.5978,4.519806600000038
92.28699999999981,1.4819999999998723e-05,292.5786,6.508667400000149
92.30499999999984,0.00037039200000001105,288.6042,0.5420850000000428
92.31500000000005,1.4819999999998723e-05,289.5978,4.519806600000038
92.32400000000007,0.00037039200000001105,291.585,4.519806600000038
92.33399999999983,1.4819999999998723e-05,290.59139999999996,6.508667400000149
92.34400000000005,0.00019260599999999795,290.59139999999996,2.5309457999999267
92.35300000000007,-0.00016296600000001438,289.5978,6.508667400000149
92.36299999999983,-0.00016296600000001438,289.5978,6.508667400000149
92.37199999999984,1.4819999999998723e-05,288.6042,2.5309457999999267
92.38200000000006,1.4819999999998723e-05,291.585,6.508667400000149
92.39199999999983,0.00037039200000001105,288.6042,0.5420850000000428
92.40099999999984,-0.0003407520000000136,291.585,4.519806600000038
92.41100000000006,-0.00016296600000001438,290.59139999999996,6.508667400000149
92.42000000000007,-0.0003407520000000136,288.6042,4.519806600000038
92.42999999999984,1.4819999999998723e-05,290.59139999999996,4.519806600000038
92.44000000000005,-0.00016296600000001438,287.6106,0.5420850000000428
92.44900000000007,1.4819999999998723e-05,290.59139999999996,2.5309457999999267
92.45899999999983,-0.0005185379999999989,289.5978,6.508667400000149
92.46799999999985,1.4819999999998723e-05,291.585,2.5309457999999267
92.47800000000007,0.00019260599999999795,289.5978,0.5420850000000428
92.49699999999984,-0.00016296600000001438,292.5786,6.508667400000149
92.50700000000006,-0.00016296600000001438,288.6042,4.519806600000038
92.51699999999983,-0.00016296600000001438,290.59139999999996,4.519806600000038
92.52799999999979,0.00019260599999999795,290.59139999999996,0.5420850000000428
92.53699999999981,-0.0005185379999999989,288.6042,4.519806600000038
92.54700000000003,-0.00016296600000001438,290.59139999999996,2.5309457999999267
92.55699999999979,-0.0003407520000000136,288.6042,4.519806600000038
92.56700000000001,-0.0003407520000000136,286.61699999999996,2.5309457999999267
92.57700000000023,-0.00016296600000001438,289.5978,6.508667400000149
92.58699999999999,-0.0003407520000000136,287.6106,4.519806600000038
92.59700000000021,-0.00016296600000001438,288.6042,4.519806600000038
92.60699999999997,1.4819999999998723e-05,291.585,4.519806600000038
92.61799999999994,0.0005481779999999825,288.6042,-1.4467757999998412
92.62699999999995,0.00019260599999999795,291.585,4.519806600000038
92.63700000000017,-0.0003407520000000136,288.6042,6.508667400000149
92.64699999999993,1.4819999999998723e-05,290.59139999999996,4.519806600000038
92.6579999999999,0.00019260599999999795,290.59139999999996,0.5420850000000428
92.66699999999992,-0.00016296600000001438,291.585,4.519806600000038
92.67700000000013,-0.00016296600000001438,289.5978,4.519806600000038
92.6869999999999,-0.0003407520000000136,289.5978,6.508667400000149
92.69700000000012,0.00019260599999999795,289.5978,2.5309457999999267
92.70800000000008,1.4819999999998723e-05,289.5978,2.5309457999999267
92.71799999999985,1.4819999999998723e-05,289.5978,4.519806600000038
92.72800000000007,-0.00016296600000001438,290.59139999999996,4.519806600000038
92.73799999999983,-0.00016296600000001438,289.5978,4.519806600000038
92.74800000000005,0.00037039200000001105,292.5786,2.5309457999999267
92.75799999999981,1.4819999999998723e-05,290.59139999999996,6.508667400000149
92.76800000000003,-0.00016296600000001438,290.59139999999996,6.508667400000149
92.77799999999979,-0.00016296600000001438,291.585,6.508667400000149
92.78800000000001,1.4819999999998723e-05,289.5978,4.519806600000038
92.79800000000023,-0.00016296600000001438,286.61699999999996,0.5420850000000428
92.80799999999999,1.4819999999998723e-05,290.59139999999996,4.519806600000038
92.81800000000021,1.4819999999998723e-05,292.5786,4.519806600000038
92.82799999999997,1.4819999999998723e-05,291.585,4.519806600000038
92.83800000000019,0.00037039200000001105,291.585,0.5420850000000428
92.84799999999996,1.4819999999998723e-05,289.5978,2.5309457999999267
92.85800000000017,-0.00016296600000001438,289.5978,4.519806600000038
92.86799999999994,-0.0003407520000000136,288.6042,6.508667400000149
92.87800000000016,-0.00016296600000001438,291.585,4.519806600000038
92.88799999999992,0.00019260599999999795,291.585,4.519806600000038
92.89800000000014,-0.0003407520000000136,289.5978,4.519806600000038
92.9079999999999,-0.00016296600000001438,288.6042,4.519806600000038
92.91800000000012,1.4819999999998723e-05,290.59139999999996,2.5309457999999267
92.93499999999995,0.00037039200000001105,289.5978,2.5309457999999267
92.94500000000016,0.00037039200000001105,291.585,2.5309457999999267
92.95400000000018,-0.00016296600000001438,288.6042,4.519806600000038
92.96399999999994,1.4819999999998723e-05,288.6042,4.519806600000038
92.97400000000016,0.00037039200000001105,290.59139999999996,0.5420850000000428
92.98300000000017,-0.00016296600000001438,289.5978,4.519806600000038
92.99299999999994,1.4819999999998723e-05,292.5786,6.508667400000149
93.00199999999995,-0.00016296600000001438,290.59139999999996,4.519806600000038
93.01200000000017,1.4819999999998723e-05,291.585,4.519806600000038
93.02199999999993,0.00037039200000001105,291.585,0.5420850000000428
93.03099999999995,1.4819999999998723e-05,292.5786,4.519806600000038
93.04100000000017,-0.00016296600000001438,290.59139999999996,4.519806600000038
93.05099999999993,1.4819999999998723e-05,289.5978,4.519806600000038
93.05999999999995,-0.0003407520000000136,288.6042,4.519806600000038
93.07000000000016,0.00019260599999999795,289.5978,-1.4467757999998412
93.07900000000018,-0.00016296600000001438,291.585,4.519806600000038
93.08899999999994,-0.00016296600000001438,288.6042,4.519806600000038
93.10800000000017,0.00019260599999999795,287.6106,0.5420850000000428
93.11799999999994,-0.0003407520000000136,288.6042,6.508667400000149
93.12800000000016,-0.0003407520000000136,287.6106,4.519806600000038
93.13799999999992,-0.00016296600000001438,289.5978,4.519806600000038
93.14800000000014,1.4819999999998723e-05,289.5978,2.5309457999999267
93.1579999999999,0.00037039200000001105,288.6042,0.5420850000000428
93.16800000000012,1.4819999999998723e-05,290.59139999999996,4.519806600000038
93.17799999999988,-0.00016296600000001438,291.585,4.519806600000038
93.1880000000001,-0.00016296600000001438,288.6042,4.519806600000038
93.19799999999987,0.00037039200000001105,291.585,2.5309457999999267
93.20800000000008,-0.00016296600000001438,289.5978,4.519806600000038
93.21799999999985,-0.00016296600000001438,289.5978,4.519806600000038
93.22800000000007,0.00019260599999999795,292.5786,4.519806600000038
93.23799999999983,1.4819999999998723e-05,291.585,4.519806600000038
93.25,0.0005481779999999825,287.6106,0.5420850000000428
93.26000000000022,1.4819999999998723e-05,292.5786,4.519806600000038
93.26900000000023,-0.00016296600000001438,290.59139999999996,4.519806600000038
93.28900000000021,1.4819999999998723e-05,288.6042,2.5309457999999267
93.29800000000023,-0.00016296600000001438,287.6106,4.519806600000038
93.30799999999999,-0.0003407520000000136,287.6106,4.519806600000038
93.31800000000021,-0.00016296600000001438,288.6042,2.5309457999999267
93.32799999999997,1.4819999999998723e-05,289.5978,2.5309457999999267
93.33899999999994,0.0005481779999999825,291.585,0.5420850000000428
93.34900000000016,-0.0003407520000000136,289.5978,6.508667400000149
93.35899999999992,1.4819999999998723e-05,287.6106,4.519806600000038
93.36900000000014,-0.00016296600000001438,288.6042,4.519806600000038
93.3789999999999,0.00019260599999999795,289.5978,2.5309457999999267
93.38900000000012,1.4819999999998723e-05,289.5978,4.519806600000038
93.39899999999989,1.4819999999998723e-05,290.59139999999996,4.519806600000038
93.4090000000001,1.4819999999998723e-05,291.585,4.519806600000038
93.41899999999987,1.4819999999998723e-05,289.5978,6.508667400000149
93.42900000000009,0.0005481779999999825,289.5978,0.5420850000000428
93.43899999999985,-0.00016296600000001438,289.5978,6.508667400000149
93.44900000000007,-0.0005185379999999989,286.61699999999996,4.519806600000038
93.45899999999983,-0.00016296600000001438,289.5978,6.508667400000149
93.46900000000005,0.00037039200000001105,290.59139999999996,0.5420850000000428
93.47899999999981,-0.00016296600000001438,288.6042,4.519806600000038
93.48900000000003,0.00019260599999999795,292.5786,4.519806600000038
93.4989999999998,-0.00016296600000001438,287.6106,4.519806600000038
93.50900000000001,-0.00016296600000001438,287.6106,4.519806600000038
93.51900000000023,0.00019260599999999795,287.6106,0.5420850000000428
93.529,1.4819999999998723e-05,290.59139999999996,4.519806600000038
93.53900000000021,-0.00016296600000001438,290.59139999999996,4.519806600000038
93.54899999999998,1.4819999999998723e-05,291.585,4.519806600000038
93.5590000000002,0.0007259639999999956,291.585,0.5420850000000428
93.56899999999996,-0.0003407520000000136,288.6042,4.519806600000038
93.57900000000018,-0.00016296600000001438,291.585,6.508667400000149
93.58899999999994,-0.00016296600000001438,287.6106,2.5309457999999267
93.59900000000016,1.4819999999998723e-05,288.6042,4.519806600000038
93.60899999999992,0.0005481779999999825,288.6042,0.5420850000000428
93.61900000000014,-0.00016296600000001438,291.585,2.5309457999999267
93.6289999999999,1.4819999999998723e-05,292.5786,4.519806600000038
93.63900000000012,0.00019260599999999795,292.5786,4.519806600000038
93.64899999999989,0.00037039200000001105,290.59139999999996,2.5309457999999267
93.6590000000001,-0.00016296600000001438,288.6042,4.519806600000038
93.66899999999987,-0.0003407520000000136,287.6106,4.519806600000038
93.67900000000009,-0.00016296600000001438,289.5978,6.508667400000149
93.68899999999985,1.4819999999998723e-05,290.59139999999996,4.519806600000038
93.69900000000007,0.00037039200000001105,289.5978,2.5309457999999267
93.70899999999983,1.4819999999998723e-05,291.585,4.519806600000038
93.71900000000005,1.4819999999998723e-05,289.5978,2.5309457999999267
93.72899999999981,0.00019260599999999795,291.585,4.519806600000038
93.73900000000003,0.00019260599999999795,290.59139999999996,2.5309457999999267
93.7489999999998,0.00037039200000001105,290.59139999999996,2.5309457999999267
93.75900000000001,1.4819999999998723e-05,290.59139999999996,4.519806600000038
93.76900000000023,1.4819999999998723e-05,288.6042,4.519806600000038
93.779,-0.00016296600000001438,289.5978,4.519806600000038
93.78900000000021,0.00019260599999999795,287.6106,-1.4467757999998412
93.79899999999998,1.4819999999998723e-05,291.585,4.519806600000038
93.8090000000002,-0.00016296600000001438,289.5978,4.519806600000038
93.81899999999996,-0.0003407520000000136,285.6234,4.519806600000038
93.82999999999993,1.4819999999998723e-05,289.5978,4.519806600000038
93.83899999999994,-0.00016296600000001438,288.6042,4.519806600000038
93.84900000000016,-0.0003407520000000136,289.5978,4.519806600000038
93.85899999999992,1.4819999999998723e-05,290.59139999999996,4.519806600000038
93.88000000000011,0.00019260599999999795,288.6042,0.5420850000000428
93.89899999999989,0.00019260599999999795,289.5978,2.5309457999999267
93.9090000000001,1.4819999999998723e-05,291.585,2.5309457999999267
93.92000000000007,0.00019260599999999795,289.5978,2.5309457999999267
93.92900000000009,1.4819999999998723e-05,290.59139999999996,6.508667400000149
93.93899999999985,1.4819999999998723e-05,290.59139999999996,4.519806600000038
93.94900000000007,-0.00016296600000001438,291.585,4.519806600000038
93.96000000000004,-0.00016296600000001438,289.5978,6.508667400000149
93.9699999999998,1.4819999999998723e-05,288.6042,0.5420850000000428
93.98000000000002,1.4819999999998723e-05,293.5722,6.508667400000149
93.99000000000024,1.4819999999998723e-05,290.59139999999996,2.5309457999999267
94.0,-0.00016296600000001438,289.5978,4.519806600000038
94.01000000000022,0.00019260599999999795,290.59139999999996,2.5309457999999267
94.01999999999998,1.4819999999998723e-05,290.59139999999996,4.519806600000038
94.0300000000002,-0.00016296600000001438,289.5978,4.519806600000038
94.03999999999996,-0.0003407520000000136,289.5978,4.519806600000038
94.05000000000018,-0.00016296600000001438,291.585,4.519806600000038
94.05999999999995,0.00019260599999999795,288.6042,0.5420850000000428
94.07000000000016,-0.00016296600000001438,290.59139999999996,4.519806600000038
94.07999999999993,-0.00016296600000001438,290.59139999999996,4.519806600000038
94.09000000000015,-0.00016296600000001438,288.6042,4.519806600000038
94.09999999999991,1.4819999999998723e-05,288.6042,2.5309457999999267
94.11000000000013,1.4819999999998723e-05,291.585,4.519806600000038
94.11999999999989,-0.00016296600000001438,288.6042,4.519806600000038
94.13000000000011,1.4819999999998723e-05,289.5978,4.519806600000038
94.13999999999987,1.4819999999998723e-05,289.5978,4.519806600000038
94.15000000000009,0.00037039200000001105,287.6106,0.5420850000000428
94.15999999999985,-0.0003407520000000136,289.5978,6.508667400000149
94.17000000000007,1.4819999999998723e-05,289.5978,4.519806600000038
94.17999999999984,-0.00016296600000001438,289.5978,6.508667400000149
94.19000000000005,1.4819999999998723e-05,290.59139999999996,2.5309457999999267
94.19999999999982,1.4819999999998723e-05,289.5978,4.519806600000038
94.21000000000004,1.4819999999998723e-05,288.6042,4.519806600000038
94.2199999999998,-0.0005185379999999989,288.6042,6.508667400000149
94.23000000000002,-0.00016296600000001438,288.6042,2.5309457999999267
94.24000000000024,0.00019260599999999795,286.61699999999996,2.5309457999999267
94.25,-0.0003407520000000136,289.5978,4.519806600000038
94.26000000000022,-0.00016296600000001438,289.5978,4.519806600000038
94.26999999999998,1.4819999999998723e-05,288.6042,4.519806600000038
94.2800000000002,0.00019260599999999795,287.6106,0.5420850000000428
94.28999999999996,-0.0003407520000000136,290.59139999999996,6.508667400000149
94.30000000000018,-0.00016296600000001438,289.5978,4.519806600000038
94.30999999999995,-0.00016296600000001438,289.5978,6.508667400000149
94.32000000000016,-0.00016296600000001438,291.585,6.508667400000149
94.32999999999993,0.00019260599999999795,285.6234,0.5420850000000428
94.34000000000015,1.4819999999998723e-05,290.59139999999996,6.508667400000149
94.34999999999991,0.00019260599999999795,289.5978,4.519806600000038
94.36000000000013,-0.00016296600000001438,291.585,6.508667400000149
94.36999999999989,0.00019260599999999795,287.6106,0.5420850000000428
94.38000000000011,-0.00016296600000001438,290.59139999999996,4.519806600000038
94.38999999999987,0.00019260599999999795,291.585,2.5309457999999267
94.40000000000009,0.00037039200000001105,293.5722,4.519806600000038
94.40999999999985,1.4819999999998723e-05,290.59139999999996,6.508667400000149
94.42000000000007,0.00019260599999999795,290.59139999999996,2.5309457999999267
94.42999999999984,-0.00016296600000001438,288.6042,4.519806600000038
94.44000000000005,1.4819999999998723e-05,289.5978,4.519806600000038
94.44999999999982,1.4819999999998723e-05,291.585,2.5309457999999267
94.46100000000024,0.00037039200000001105,293.5722,0.5420850000000428
94.4699999999998,1.4819999999998723e-05,289.5978,4.519806600000038
94.48000000000002,-0.0003407520000000136,290.59139999999996,4.519806600000038
94.49000000000024,1.4819999999998723e-05,291.585,6.508667400000149
94.5010000000002,1.4819999999998723e-05,290.59139999999996,2.5309457999999267
94.51099999999997,0.00019260599999999795,288.6042,0.5420850000000428
94.51999999999998,-0.00016296600000001438,291.585,6.508667400000149
94.5300000000002,1.4819999999998723e-05,290.59139999999996,4.519806600000038
94.53999999999996,-0.00016296600000001438,289.5978,4.519806600000038
94.55099999999993,0.00019260599999999795,288.6042,0.5420850000000428
94.55999999999995,-0.00016296600000001438,288.6042,4.519806600000038
94.57000000000016,1.4819999999998723e-05,290.59139999999996,4.519806600000038
94.57999999999993,1.4819999999998723e-05,290.59139999999996,6.508667400000149
94.5909999999999,-0.00016296600000001438,290.59139999999996,4.519806600000038
94.60100000000011,1.4819999999998723e-05,287.6106,2.5309457999999267
94.61099999999988,0.00019260599999999795,293.5722,4.519806600000038
94.6210000000001,0.00019260599999999795,291.585,4.519806600000038
94.63099999999986,-0.00016296600000001438,289.5978,4.519806600000038
94.64100000000008,0.00037039200000001105,289.5978,2.5309457999999267
94.65099999999984,-0.00016296600000001438,289.5978,4.519806600000038
94.66100000000006,-0.0003407520000000136,290.59139999999996,4.519806600000038
94.67099999999982,1.4819999999998723e-05,290.59139999999996,4.519806600000038
94.68100000000004,1.4819999999998723e-05,290.59139999999996,4.519806600000038
94.6909999999998,0.00019260599999999795,285.6234,0.5420850000000428
94.70100000000002,-0.00016296600000001438,289.5978,4.519806600000038
94.71100000000024,1.4819999999998723e-05,290.59139999999996,4.519806600000038
94.721,-0.0003407520000000136,288.6042,6.508667400000149
94.73100000000022,0.00037039200000001105,289.5978,2.5309457999999267
94.74099999999999,-0.00016296600000001438,289.5978,4.519806600000038
94.7510000000002,-0.00016296600000001438,288.6042,4.519806600000038
94.76099999999997,-0.00016296600000001438,292.5786,4.519806600000038
94.77100000000019,0.00019260599999999795,293.5722,4.519806600000038
94.78099999999995,1.4819999999998723e-05,288.6042,0.5420850000000428
94.79100000000017,-0.00016296600000001438,291.585,6.508667400000149
94.80099999999993,-0.00016296600000001438,288.6042,4.519806600000038
94.81100000000015,1.4819999999998723e-05,291.585,4.519806600000038
94.82099999999991,1.4819999999998723e-05,288.6042,4.519806600000038
94.83100000000013,-0.00016296600000001438,288.6042,4.519806600000038
94.8409999999999,-0.00016296600000001438,288.6042,4.519806600000038
94.85100000000011,0.00019260599999999795,289.5978,4.519806600000038
94.86099999999988,1.4819999999998723e-05,288.6042,0.5420850000000428
94.8710000000001,1.4819999999998723e-05,289.5978,2.5309457999999267
94.88099999999986,-0.0003407520000000136,287.6106,4.519806600000038
94.89100000000008,0.00019260599999999795,291.585,4.519806600000038
94.90099999999984,0.00019260599999999795,289.5978,4.519806600000038
94.91100000000006,0.00037039200000001105,290.59139999999996,2.5309457999999267
94.92099999999982,1.4819999999998723e-05,289.5978,4.519806600000038
94.93100000000004,1.4819999999998723e-05,289.5978,4.519806600000038
94.9409999999998,0.00019260599999999795,291.585,2.5309457999999267
94.95100000000002,-0.00016296600000001438,290.59139999999996,4.519806600000038
94.96100000000024,1.4819999999998723e-05,292.5786,6.508667400000149
94.971,0.00019260599999999795,291.585,4.519806600000038
94.98100000000022,-0.00016296600000001438,290.59139999999996,4.519806600000038
95.00599999999986,1.4819999999998723e-05,285.6234,-1.4467757999998412
95.01600000000008,-0.00016296600000001438,287.6106,2.5309457999999267
95.02500000000009,1.4819999999998723e-05,289.5978,4.519806600000038
95.03499999999985,-0.00016296600000001438,287.6106,4.519806600000038
95.04399999999987,0.00037039200000001105,289.5978,0.5420850000000428
95.05400000000009,1.4819999999998723e-05,291.585,4.519806600000038
95.06399999999985,0.00019260599999999795,292.5786,4.519806600000038
95.07299999999987,0.00019260599999999795,292.5786,4.519806600000038
95.08300000000008,-0.0005185379999999989,288.6042,6.508667400000149
95.09299999999985,0.00037039200000001105,288.6042,0.5420850000000428
95.10199999999986,-0.00016296600000001438,289.5978,6.508667400000149
95.1210000000001,-0.00016296600000001438,288.6042,4.519806600000038
95.13200000000006,1.4819999999998723e-05,286.61699999999996,0.5420850000000428
95.14100000000008,1.4819999999998723e-05,291.585,4.519806600000038
95.15099999999984,-0.00016296600000001438,290.59139999999996,6.508667400000149
95.16100000000006,1.4819999999998723e-05,290.59139999999996,4.519806600000038
95.17099999999982,1.4819999999998723e-05,290.59139999999996,4.519806600000038
95.18199999999979,0.00019260599999999795,289.5978,2.5309457999999267
95.1909999999998,1.4819999999998723e-05,289.5978,4.519806600000038
95.20100000000002,-0.00016296600000001438,289.5978,4.519806600000038
95.21199999999999,0.00019260599999999795,289.5978,2.5309457999999267
95.22200000000021,0.00019260599999999795,291.585,2.5309457999999267
95.23199999999997,-0.0003407520000000136,287.6106,4.519806600000038
95.24200000000019,-0.00016296600000001438,290.59139999999996,4.519806600000038
95.25199999999995,-0.00016296600000001438,289.5978,4.519806600000038
95.26200000000017,-0.00016296600000001438,288.6042,2.5309457999999267
95.27199999999993,-0.00016296600000001438,288.6042,4.519806600000038
95.28200000000015,-0.00016296600000001438,288.6042,4.519806600000038
95.29199999999992,-0.00016296600000001438,289.5978,4.519806600000038
95.30200000000013,1.4819999999998723e-05,290.59139999999996,2.5309457999999267
95.3119999999999,0.00037039200000001105,291.585,2.5309457999999267
95.32200000000012,0.00019260599999999795,287.6106,2.5309457999999267
95.33199999999988,0.00019260599999999795,290.59139999999996,4.519806600000038
95.3420000000001,-0.0003407520000000136,288.6042,4.519806600000038
95.35199999999986,-0.00016296600000001438,291.585,6.508667400000149
95.36200000000008,0.00019260599999999795,288.6042,2.5309457999999267
95.37199999999984,-0.00016296600000001438,290.59139999999996,6.508667400000149
95.38200000000006,1.4819999999998723e-05,289.5978,4.519806600000038
95.39199999999983,-0.00016296600000001438,291.585,6.508667400000149
95.40200000000004,0.00037039200000001105,289.5978,2.5309457999999267
95.41199999999981,-0.00016296600000001438,288.6042,4.519806600000038
95.42200000000003,-0.00016296600000001438,289.5978,4.519806600000038
95.43199999999979,1.4819999999998723e-05,289.5978,4.519806600000038
95.44200000000001,-0.00016296600000001438,290.59139999999996,4.519806600000038
95.45200000000023,-0.0003407520000000136,285.6234,2.5309457999999267
95.46199999999999,-0.00016296600000001438,289.5978,6.508667400000149
95.47200000000021,-0.00016296600000001438,287.6106,4.519806600000038
95.48199999999997,1.4819999999998723e-05,289.5978,4.519806600000038
95.49200000000019,0.00019260599999999795,289.5978,0.5420850000000428
95.50199999999995,-0.0003407520000000136,289.5978,4.519806600000038
95.51200000000017,-0.00016296600000001438,291.585,4.519806600000038
95.52199999999993,-0.0003407520000000136,288.6042,6.508667400000149
95.53200000000015,-0.00016296600000001438,288.6042,4.519806600000038
95.54199999999992,1.4819999999998723e-05,286.61699999999996,0.5420850000000428
95.55200000000013,-0.00016296600000001438,290.59139999999996,4.519806600000038
95.5619999999999,1.4819999999998723e-05,291.585,4.519806600000038
95.57200000000012,-0.00016296600000001438,292.5786,6.508667400000149
95.58199999999988,-0.0003407520000000136,286.61699999999996,2.5309457999999267
95.5920000000001,-0.00016296600000001438,289.5978,4.519806600000038
95.60199999999986,1.4819999999998723e-05,291.585,4.519806600000038
95.61200000000008,0.00019260599999999795,292.5786,4.519806600000038
95.62199999999984,1.4819999999998723e-05,293.5722,6.508667400000149
95.63200000000006,0.00037039200000001105,291.585,2.5309457999999267
95.64199999999983,-0.0005185379999999989,289.5978,4.519806600000038
95.65200000000004,-0.00016296600000001438,289.5978,4.519806600000038
95.66199999999981,-0.00016296600000001438,290.59139999999996,4.519806600000038
95.67200000000003,0.00019260599999999795,290.59139999999996,2.5309457999999267
95.68199999999979,1.4819999999998723e-05,288.6042,2.5309457999999267
95.69200000000001,-0.00016296600000001438,290.59139999999996,4.519806600000038
95.70200000000023,1.4819999999998723e-05,290.59139999999996,4.519806600000038
95.71199999999999,-0.00016296600000001438,291.585,6.508667400000149
95.72299999999996,0.0005481779999999825,290.59139999999996,0.5420850000000428
95.73199999999997,-0.00016296600000001438,288.6042,4.519806600000038
95.74200000000019,-0.0005185379999999989,289.5978,6.508667400000149
95.75199999999995,0.00037039200000001105,290.59139999999996,2.5309457999999267
95.76200000000017,0.00019260599999999795,291.585,2.5309457999999267
95.77300000000014,1.4819999999998723e-05,290.59139999999996,6.508667400000149
95.78200000000015,1.4819999999998723e-05,289.5978,2.5309457999999267
95.79199999999992,0.00019260599999999795,293.5722,4.519806600000038
95.80200000000013,1.4819999999998723e-05,291.585,4.519806600000038
95.8130000000001,0.00037039200000001105,287.6106,0.5420850000000428
95.82299999999987,-0.00016296600000001438,287.6106,4.519806600000038
95.83300000000008,-0.00016296600000001438,287.6106,4.519806600000038
95.84299999999985,-0.00016296600000001438,290.59139999999996,4.519806600000038
95.85300000000007,0.00019260599999999795,286.61699999999996,0.5420850000000428
95.86299999999983,-0.00016296600000001438,290.59139999999996,4.519806600000038
95.87300000000005,-0.00016296600000001438,289.5978,4.519806600000038
95.88299999999981,1.4819999999998723e-05,291.585,4.519806600000038
95.89300000000003,1.4819999999998723e-05,291.585,4.519806600000038
95.90299999999979,0.00019260599999999795,294.56579999999997,4.519806600000038
95.91300000000001,0.00019260599999999795,291.585,2.5309457999999267
95.95100000000002,0.00019260599999999795,287.6106,-1.4467757999998412
95.96100000000024,-0.00016296600000001438,288.6042,6.508667400000149
95.9699999999998,-0.00016296600000001438,289.5978,2.5309457999999267
95.98000000000002,1.4819999999998723e-05,290.59139999999996,4.519806600000038
95.99000000000024,0.00019260599999999795,291.585,2.5309457999999267
95.9989999999998,0.00019260599999999795,292.5786,4.519806600000038
96.00900000000001,1.4819999999998723e-05,293.5722,6.508667400000149
96.01800000000003,-0.00016296600000001438,290.59139999999996,4.519806600000038
96.02799999999979,1.4819999999998723e-05,291.585,4.519806600000038
96.03800000000001,0.00019260599999999795,290.59139999999996,4.519806600000038
96.04700000000003,1.4819999999998723e-05,290.59139999999996,2.5309457999999267
96.08600000000024,0.00019260599999999795,289.5978,0.5420850000000428
96.096,1.4819999999998723e-05,292.5786,6.508667400000149
96.10500000000002,-0.00016296600000001438,288.6042,4.519806600000038
96.11500000000024,1.4819999999998723e-05,293.5722,6.508667400000149
96.125,0.00037039200000001105,287.6106,0.5420850000000428
96.13400000000001,1.4819999999998723e-05,291.585,4.519806600000038
96.14400000000023,0.00019260599999999795,290.59139999999996,4.519806600000038
96.16300000000001,-0.00016296600000001438,288.6042,4.519806600000038
96.17300000000023,0.00037039200000001105,289.5978,0.5420850000000428
96.18299999999999,-0.00016296600000001438,288.6042,2.5309457999999267
96.19300000000021,-0.0003407520000000136,288.6042,4.519806600000038
96.20299999999997,1.4819999999998723e-05,289.5978,4.519806600000038
96.21300000000019,1.4819999999998723e-05,289.5978,0.5420850000000428
96.22299999999996,-0.0003407520000000136,286.61699999999996,2.5309457999999267
96.23300000000017,-0.00016296600000001438,289.5978,4.519806600000038
96.24299999999994,-0.00016296600000001438,289.5978,4.519806600000038
96.25300000000016,-0.0003407520000000136,287.6106,4.519806600000038
96.26299999999992,0.00037039200000001105,288.6042,0.5420850000000428
96.27300000000014,-0.00016296600000001438,290.59139999999996,4.519806600000038
96.2829999999999,1.4819999999998723e-05,291.585,4.519806600000038
96.29300000000012,-0.00016296600000001438,288.6042,6.508667400000149
96.30400000000009,1.4819999999998723e-05,290.59139999999996,2.5309457999999267
96.3130000000001,-0.0003407520000000136,287.6106,6.508667400000149
96.32299999999987,-0.00016296600000001438,290.59139999999996,6.508667400000149
96.33300000000008,1.4819999999998723e-05,291.585,4.519806600000038
96.34299999999985,1.4819999999998723e-05,291.585,4.519806600000038
96.35600000000022,0.00019260599999999795,287.6106,0.5420850000000428
96.36599999999999,-0.00016296600000001438,291.585,4.519806600000038
96.375,-0.00016296600000001438,288.6042,2.5309457999999267
96.38500000000022,-0.00016296600000001438,291.585,6.508667400000149
96.39499999999998,0.00019260599999999795,289.5978,0.5420850000000428
96.404,-0.00016296600000001438,289.5978,4.519806600000038
96.42300000000023,-0.00016296600000001438,288.6042,4.519806600000038
96.43299999999999,1.4819999999998723e-05,290.59139999999996,4.519806600000038
96.44399999999996,-0.00016296600000001438,289.5978,4.519806600000038
96.45299999999997,1.4819999999998723e-05,291.585,6.508667400000149
96.46399999999994,-0.00016296600000001438,289.5978,6.508667400000149
96.47400000000016,0.00019260599999999795,292.5786,4.519806600000038
96.48399999999992,1.4819999999998723e-05,289.5978,2.5309457999999267
96.49400000000014,0.00019260599999999795,290.59139999999996,2.5309457999999267
96.5039999999999,-0.00016296600000001438,289.5978,4.519806600000038
96.51400000000012,-0.00016296600000001438,289.5978,4.519806600000038
96.52399999999989,0.00019260599999999795,291.585,4.519806600000038
96.5340000000001,0.00019260599999999795,288.6042,0.5420850000000428
96.54399999999987,-0.00016296600000001438,288.6042,4.519806600000038
96.55400000000009,-0.00016296600000001438,288.6042,4.519806600000038
96.56399999999985,0.00019260599999999795,290.59139999999996,2.5309457999999267
96.57400000000007,1.4819999999998723e-05,287.6106,2.5309457999999267
96.58399999999983,-0.0003407520000000136,286.61699999999996,4.519806600000038
96.59400000000005,-0.0003407520000000136,289.5978,4.519806600000038
96.60399999999981,1.4819999999998723e-05,290.59139999999996,4.519806600000038
96.61400000000003,-0.00016296600000001438,287.6106,2.5309457999999267
96.6239999999998,0.00019260599999999795,287.6106,2.5309457999999267
96.63400000000001,1.4819999999998723e-05,288.6042,4.519806600000038
96.64400000000023,-0.00016296600000001438,291.585,6.508667400000149
96.654,-0.00016296600000001438,290.59139999999996,4.519806600000038
96.66400000000021,-0.00016296600000001438,287.6106,4.519806600000038
96.67399999999998,-0.00016296600000001438,289.5978,4.519806600000038
96.6840000000002,0.00019260599999999795,294.56579999999997,6.508667400000149
96.69399999999996,0.00019260599999999795,292.5786,4.519806600000038
96.70400000000018,1.4819999999998723e-05,292.5786,4.519806600000038
96.71399999999994,0.00019260599999999795,286.61699999999996,0.5420850000000428
96.72400000000016,-0.0003407520000000136,288.6042,4.519806600000038
96.73399999999992,-0.00016296600000001438,289.5978,4.519806600000038
96.74400000000014,-0.0003407520000000136,287.6106,4.519806600000038
96.7539999999999,-0.0003407520000000136,285.6234,2.5309457999999267
96.76400000000012,-0.0003407520000000136,290.59139999999996,6.508667400000149
96.77399999999989,1.4819999999998723e-05,291.585,4.519806600000038
96.7840000000001,1.4819999999998723e-05,290.59139999999996,4.519806600000038
96.79399999999987,-0.0003407520000000136,287.6106,6.508667400000149
96.80400000000009,0.00019260599999999795,286.61699999999996,0.5420850000000428
96.81399999999985,1.4819999999998723e-05,288.6042,4.519806600000038
96.82400000000007,-0.00016296600000001438,289.5978,4.519806600000038
96.83399999999983,0.00019260599999999795,290.59139999999996,2.5309457999999267
96.84400000000005,1.4819999999998723e-05,286.61699999999996,0.5420850000000428
96.85399999999981,-0.00016296600000001438,288.6042,2.5309457999999267
96.86400000000003,-0.0003407520000000136,288.6042,4.519806600000038
96.8739999999998,1.4819999999998723e-05,289.5978,2.5309457999999267
96.88400000000001,-0.00016296600000001438,289.5978,4.519806600000038
96.89400000000023,0.00037039200000001105,288.6042,-1.4467757999998412
96.904,-0.00016296600000001438,288.6042,4.519806600000038
96.91400000000021,0.00019260599999999795,291.585,4.519806600000038
96.92399999999998,1.4819999999998723e-05,289.5978,4.519806600000038
96.9340000000002,0.00037039200000001105,291.585,0.5420850000000428
96.94399999999996,1.4819999999998723e-05,290.59139999999996,4.519806600000038
96.95400000000018,1.4819999999998723e-05,290.59139999999996,4.519806600000038
96.96399999999994,1.4819999999998723e-05,290.59139999999996,4.519806600000038
96.97400000000016,1.4819999999998723e-05,291.585,4.519806600000038
96.98500000000013,0.00019260599999999795,288.6042,0.5420850000000428
96.99400000000014,1.4819999999998723e-05,289.5978,4.519806600000038
97.0039999999999,-0.00016296600000001438,291.585,6.508667400000149
97.01400000000012,0.00019260599999999795,293.5722,4.519806600000038
97.02500000000009,0.0005481779999999825,292.5786,2.5309457999999267
97.0340000000001,0.00019260599999999795,292.5786,4.519806600000038
97.04399999999987,1.4819999999998723e-05,289.5978,4.519806600000038
97.05400000000009,1.4819999999998723e-05,292.5786,4.519806600000038
97.06399999999985,1.4819999999998723e-05,289.5978,6.508667400000149
97.07499999999982,0.00037039200000001105,287.6106,-1.4467757999998412
97.08500000000004,-0.00016296600000001438,291.585,6.508667400000149
97.0949999999998,-0.0003407520000000136,289.5978,4.519806600000038
97.10500000000002,0.00019260599999999795,291.585,4.519806600000038
97.11500000000024,0.00037039200000001105,291.585,2.5309457999999267
97.125,0.00019260599999999795,292.5786,4.519806600000038
97.13500000000022,-0.00016296600000001438,288.6042,4.519806600000038
97.14499999999998,0.00019260599999999795,291.585,4.519806600000038
97.1550000000002,-0.00016296600000001438,290.59139999999996,4.519806600000038
97.16499999999996,0.00019260599999999795,288.6042,0.5420850000000428
97.17500000000018,1.4819999999998723e-05,289.5978,4.519806600000038
97.18499999999995,1.4819999999998723e-05,291.585,4.519806600000038
97.19500000000016,-0.00016296600000001438,288.6042,4.519806600000038
97.20499999999993,0.00037039200000001105,290.59139999999996,2.5309457999999267
97.21500000000015,0.00019260599999999795,290.59139999999996,2.5309457999999267
97.22499999999991,1.4819999999998723e-05,290.59139999999996,4.519806600000038
97.23500000000013,1.4819999999998723e-05,289.5978,4.519806600000038
97.24499999999989,0.00019260599999999795,290.59139999999996,4.519806600000038
97.25500000000011,0.00037039200000001105,288.6042,0.5420850000000428
97.26499999999987,0.00019260599999999795,292.5786,4.519806600000038
97.27500000000009,1.4819999999998723e-05,291.585,4.519806600000038
97.28499999999985,-0.00016296600000001438,289.5978,4.519806600000038
97.29500000000007,0.00019260599999999795,290.59139999999996,2.5309457999999267
97.30499999999984,-0.00016296600000001438,290.59139999999996,6.508667400000149
97.31500000000005,-0.00016296600000001438,291.585,4.519806600000038
97.32499999999982,1.4819999999998723e-05,289.5978,4.519806600000038
97.33500000000004,0.00019260599999999795,290.59139999999996,0.5420850000000428
97.346,0.00037039200000001105,286.61699999999996,-1.4467757999998412
97.35600000000022,1.4819999999998723e-05,290.59139999999996,4.519806600000038
97.375,-0.00016296600000001438,287.6106,4.519806600000038
97.38500000000022,0.00019260599999999795,289.5978,4.519806600000038
97.39499999999998,1.4819999999998723e-05,288.6042,4.519806600000038
97.4050000000002,1.4819999999998723e-05,289.5978,6.508667400000149
97.41499999999996,0.00019260599999999795,290.59139999999996,4.519806600000038
97.42500000000018,-0.00016296600000001438,289.5978,4.519806600000038
97.43499999999995,0.00019260599999999795,289.5978,0.5420850000000428
97.44500000000016,-0.00016296600000001438,289.5978,6.508667400000149
97.45499999999993,1.4819999999998723e-05,289.5978,4.519806600000038
97.46500000000015,-0.00016296600000001438,291.585,6.508667400000149
97.47499999999991,0.0007259639999999956,291.585,0.5420850000000428
97.48500000000013,1.4819999999998723e-05,289.5978,4.519806600000038
97.49499999999989,-0.0003407520000000136,289.5978,4.519806600000038
97.50500000000011,-0.00016296600000001438,289.5978,4.519806600000038
97.51499999999987,1.4819999999998723e-05,289.5978,4.519806600000038
97.52599999999984,0.00019260599999999795,287.6106,0.5420850000000428
97.53499999999985,0.00019260599999999795,291.585,4.519806600000038
97.54500000000007,-0.00016296600000001438,289.5978,6.508667400000149
97.55499999999984,1.4819999999998723e-05,289.5978,4.519806600000038
97.5659999999998,0.0005481779999999825,290.59139999999996,0.5420850000000428
97.57499999999982,1.4819999999998723e-05,290.59139999999996,2.5309457999999267
97.58500000000004,1.4819999999998723e-05,289.5978,2.5309457999999267
97.5949999999998,1.4819999999998723e-05,291.585,4.519806600000038
97.60500000000002,0.00019260599999999795,291.585,4.519806600000038
97.61599999999999,0.00019260599999999795,286.61699999999996,2.5309457999999267
97.625,1.4819999999998723e-05,290.59139999999996,4.519806600000038
97.63500000000022,-0.0003407520000000136,288.6042,6.508667400000149
97.64499999999998,-0.00016296600000001438,290.59139999999996,6.508667400000149
97.65599999999995,0.00037039200000001105,292.5786,2.5309457999999267
97.66499999999996,0.00019260599999999795,290.59139999999996,4.519806600000038
97.67500000000018,-0.00016296600000001438,291.585,4.519806600000038
97.68499999999995,1.4819999999998723e-05,290.59139999999996,2.5309457999999267
97.69599999999991,1.4819999999998723e-05,289.5978,4.519806600000038
97.70600000000013,1.4819999999998723e-05,289.5978,4.519806600000038
97.7510000000002,0.00019260599999999795,287.6106,0.5420850000000428
97.76000000000022,-0.00016296600000001438,290.59139999999996,4.519806600000038
97.76999999999998,-0.00016296600000001438,288.6042,4.519806600000038
97.779,0.00019260599999999795,291.585,4.519806600000038
97.78900000000021,0.00019260599999999795,289.5978,2.5309457999999267
97.79899999999998,0.00019260599999999795,290.59139999999996,2.5309457999999267
97.80799999999999,-0.00016296600000001438,291.585,4.519806600000038
97.81800000000021,1.4819999999998723e-05,292.5786,6.508667400000149
97.82700000000023,1.4819999999998723e-05,290.59139999999996,4.519806600000038
97.83699999999999,0.00037039200000001105,287.6106,0.5420850000000428
97.84700000000021,1.4819999999998723e-05,291.585,4.519806600000038
97.86599999999999,1.4819999999998723e-05,289.5978,4.519806600000038
97.8760000000002,-0.00016296600000001438,290.59139999999996,6.508667400000149
97.88599999999997,1.4819999999998723e-05,290.59139999999996,2.5309457999999267
97.89600000000019,-0.00016296600000001438,287.6106,4.519806600000038
97.90599999999995,-0.00016296600000001438,289.5978,4.519806600000038
97.91600000000017,0.00019260599999999795,289.5978,4.519806600000038
97.92599999999993,0.00037039200000001105,288.6042,0.5420850000000428
97.93600000000015,0.00019260599999999795,290.59139999999996,2.5309457999999267
97.94599999999991,1.4819999999998723e-05,291.585,4.519806600000038
97.95600000000013,1.4819999999998723e-05,289.5978,6.508667400000149
97.9659999999999,1.4819999999998723e-05,288.6042,2.5309457999999267
97.97600000000011,1.4819999999998723e-05,287.6106,2.5309457999999267
97.98599999999988,1.4819999999998723e-05,292.5786,4.519806600000038
97.9960000000001,0.00019260599999999795,292.5786,4.519806600000038
98.00599999999986,-0.00016296600000001438,290.59139999999996,4.519806600000038
98.01600000000008,0.00037039200000001105,290.59139999999996,2.5309457999999267
98.02599999999984,1.4819999999998723e-05,290.59139999999996,4.519806600000038
98.03600000000006,1.4819999999998723e-05,290.59139999999996,4.519806600000038
98.0659999999998,0.00019260599999999795,288.6042,0.5420850000000428
98.07499999999982,1.4819999999998723e-05,290.59139999999996,4.519806600000038
98.08500000000004,-0.0003407520000000136,288.6042,6.508667400000149
98.09400000000005,-0.00016296600000001438,291.585,6.508667400000149
98.10399999999981,-0.00016296600000001438,286.61699999999996,2.5309457999999267
98.11400000000003,-0.00016296600000001438,290.59139999999996,6.508667400000149
98.12300000000005,1.4819999999998723e-05,291.585,4.519806600000038
98.13299999999981,0.00019260599999999795,291.585,4.519806600000038
98.14300000000003,-0.0003407520000000136,289.5978,4.519806600000038
98.15200000000004,0.00037039200000001105,289.5978,-1.4467757999998412
98.16199999999981,-0.0003407520000000136,287.6106,4.519806600000038
98.17200000000003,1.4819999999998723e-05,288.6042,4.519806600000038
98.18100000000004,-0.0003407520000000136,287.6106,4.519806600000038
98.1909999999998,-0.00016296600000001438,290.59139999999996,4.519806600000038
98.20100000000002,0.00037039200000001105,287.6106,0.5420850000000428
98.21000000000004,0.00019260599999999795,291.585,0.5420850000000428
98.2199999999998,0.00037039200000001105,291.585,2.5309457999999267
98.22899999999981,-0.0003407520000000136,289.5978,4.519806600000038
98.23900000000003,0.00019260599999999795,287.6106,0.5420850000000428
98.2489999999998,-0.00016296600000001438,289.5978,2.5309457999999267
98.25799999999981,1.4819999999998723e-05,290.59139999999996,4.519806600000038
98.26800000000003,-0.00016296600000001438,290.59139999999996,4.519806600000038
98.27700000000004,-0.0003407520000000136,288.6042,6.508667400000149
98.28699999999981,0.00019260599999999795,287.6106,2.5309457999999267
98.30600000000004,-0.00016296600000001438,292.5786,6.508667400000149
98.3159999999998,-0.00016296600000001438,289.5978,4.519806600000038
98.32700000000023,0.00037039200000001105,290.59139999999996,2.5309457999999267
98.33699999999999,-0.00016296600000001438,288.6042,4.519806600000038
98.34700000000021,1.4819999999998723e-05,290.59139999999996,4.519806600000038
98.35699999999997,0.00037039200000001105,292.5786,4.519806600000038
98.36700000000019,-0.00016296600000001438,289.5978,4.519806600000038
98.37699999999995,0.00019260599999999795,286.61699999999996,0.5420850000000428
98.38700000000017,-0.00016296600000001438,288.6042,4.519806600000038
98.39699999999993,0.00019260599999999795,290.59139999999996,4.519806600000038
98.40700000000015,1.4819999999998723e-05,289.5978,4.519806600000038
98.41699999999992,1.4819999999998723e-05,289.5978,0.5420850000000428
98.42700000000013,-0.00016296600000001438,289.5978,4.519806600000038
98.4369999999999,-0.00016296600000001438,290.59139999999996,4.519806600000038
98.44700000000012,-0.00016296600000001438,289.5978,4.519806600000038
98.45699999999988,1.4819999999998723e-05,289.5978,4.519806600000038
98.4670000000001,0.00037039200000001105,291.585,2.5309457999999267
98.47699999999986,1.4819999999998723e-05,289.5978,4.519806600000038
98.48700000000008,1.4819999999998723e-05,289.5978,4.519806600000038
98.49699999999984,1.4819999999998723e-05,289.5978,4.519806600000038
98.50700000000006,1.4819999999998723e-05,288.6042,2.5309457999999267
98.51699999999983,0.00019260599999999795,288.6042,2.5309457999999267
98.52700000000004,-0.00016296600000001438,289.5978,4.519806600000038
98.53699999999981,1.4819999999998723e-05,289.5978,2.5309457999999267
98.54700000000003,-0.00016296600000001438,289.5978,4.519806600000038
98.55699999999979,1.4819999999998723e-05,289.5978,2.5309457999999267
98.56700000000001,-0.0003407520000000136,289.5978,4.519806600000038
98.57700000000023,1.4819999999998723e-05,291.585,4.519806600000038
98.58699999999999,-0.00016296600000001438,288.6042,4.519806600000038
98.59700000000021,0.00019260599999999795,291.585,2.5309457999999267
98.60699999999997,-0.00016296600000001438,288.6042,2.5309457999999267
98.61700000000019,1.4819999999998723e-05,289.5978,4.519806600000038
98.62699999999995,1.4819999999998723e-05,287.6106,2.5309457999999267
98.63700000000017,-0.00016296600000001438,291.585,4.519806600000038
98.64699999999993,0.00037039200000001105,289.5978,0.5420850000000428
98.65700000000015,-0.00016296600000001438,289.5978,6.508667400000149
98.66699999999992,0.00019260599999999795,291.585,6.508667400000149
98.67700000000013,-0.00016296600000001438,287.6106,4.519806600000038
98.6869999999999,0.00019260599999999795,289.5978,2.5309457999999267
98.69700000000012,1.4819999999998723e-05,287.6106,2.5309457999999267
98.70699999999988,-0.0003407520000000136,288.6042,4.519806600000038
98.7170000000001,1.4819999999998723e-05,290.59139999999996,4.519806600000038
98.72699999999986,-0.0003407520000000136,288.6042,4.519806600000038
98.73700000000008,0.0005481779999999825,289.5978,-1.4467757999998412
98.74699999999984,-0.00016296600000001438,288.6042,4.519806600000038
98.75700000000006,1.4819999999998723e-05,289.5978,4.519806600000038
98.76699999999983,-0.00016296600000001438,289.5978,4.519806600000038
98.77700000000004,1.4819999999998723e-05,290.59139999999996,2.5309457999999267
98.78699999999981,1.4819999999998723e-05,288.6042,2.5309457999999267
98.79700000000003,-0.0003407520000000136,289.5978,6.508667400000149
98.80699999999979,-0.00016296600000001438,289.5978,4.519806600000038
98.81700000000001,-0.00016296600000001438,290.59139999999996,8.497528200000033
98.82799999999997,0.00019260599999999795,289.5978,2.5309457999999267
98.83699999999999,-0.00016296600000001438,292.5786,6.508667400000149
98.84700000000021,-0.00016296600000001438,291.585,4.519806600000038
98.85699999999997,-0.00016296600000001438,291.585,6.508667400000149
98.86799999999994,1.4819999999998723e-05,288.6042,4.519806600000038
98.87800000000016,-0.00016296600000001438,289.5978,2.5309457999999267
98.88700000000017,-0.00016296600000001438,289.5978,4.519806600000038
98.89699999999993,-0.00016296600000001438,290.59139999999996,6.508667400000149
98.90700000000015,1.4819999999998723e-05,288.6042,4.519806600000038
98.91800000000012,-0.00016296600000001438,288.6042,0.5420850000000428
98.92700000000013,1.4819999999998723e-05,288.6042,4.519806600000038
98.9369999999999,0.00019260599999999795,291.585,4.519806600000038
98.94700000000012,-0.00016296600000001438,290.59139999999996,4.519806600000038
98.95800000000008,1.4819999999998723e-05,291.585,2.5309457999999267
98.96799999999985,0.00019260599999999795,289.5978,4.519806600000038
98.97800000000007,1.4819999999998723e-05,289.5978,2.5309457999999267
98.98799999999983,1.4819999999998723e-05,291.585,2.5309457999999267
98.99800000000005,1.4819999999998723e-05,291.585,4.519806600000038
99.00799999999981,-0.0003407520000000136,285.6234,0.5420850000000428
99.01800000000003,0.00019260599999999795,290.59139999999996,4.519806600000038
99.02799999999979,1.4819999999998723e-05,292.5786,4.519806600000038
99.03800000000001,-0.00016296600000001438,292.5786,6.508667400000149
99.04800000000023,0.00019260599999999795,288.6042,2.5309457999999267
99.05799999999999,0.00019260599999999795,288.6042,4.519806600000038
99.06800000000021,1.4819999999998723e-05,290.59139999999996,4.519806600000038
99.07799999999997,-0.00016296600000001438,289.5978,4.519806600000038
99.08800000000019,1.4819999999998723e-05,291.585,4.519806600000038
99.09799999999996,0.00037039200000001105,289.5978,0.5420850000000428
99.10800000000017,1.4819999999998723e-05,290.59139999999996,6.508667400000149
99.11799999999994,1.4819999999998723e-05,293.5722,4.519806600000038
99.12800000000016,-0.00016296600000001438,288.6042,2.5309457999999267
99.13799999999992,-0.00016296600000001438,286.61699999999996,2.5309457999999267
99.14800000000014,-0.0003407520000000136,288.6042,6.508667400000149
99.1579999999999,1.4819999999998723e-05,289.5978,2.5309457999999267
99.16800000000012,0.00037039200000001105,291.585,4.519806600000038
99.17799999999988,-0.00016296600000001438,290.59139999999996,6.508667400000149
99.1880000000001,1.4819999999998723e-05,286.61699999999996,0.5420850000000428
99.19799999999987,1.4819999999998723e-05,290.59139999999996,2.5309457999999267
99.20800000000008,1.4819999999998723e-05,291.585,4.519806600000038
99.21799999999985,-0.00016296600000001438,290.59139999999996,4.519806600000038
99.22800000000007,1.4819999999998723e-05,289.5978,2.5309457999999267
99.23799999999983,1.4819999999998723e-05,292.5786,6.508667400000149
99.24800000000005,-0.00016296600000001438,290.59139999999996,4.519806600000038
99.25799999999981,0.00019260599999999795,291.585,2.5309457999999267
99.26800000000003,-0.00016296600000001438,290.59139999999996,4.519806600000038
99.27799999999979,0.00019260599999999795,287.6106,2.5309457999999267
99.28800000000001,-0.00016296600000001438,289.5978,4.519806600000038
99.29800000000023,-0.00016296600000001438,291.585,6.508667400000149
99.30799999999999,-0.0005185379999999989,289.5978,4.519806600000038
99.31800000000021,0.00019260599999999795,288.6042,4.519806600000038
99.32799999999997,1.4819999999998723e-05,289.5978,4.519806600000038
99.33800000000019,1.4819999999998723e-05,290.59139999999996,4.519806600000038
99.34799999999996,-0.00016296600000001438,288.6042,2.5309457999999267
99.35800000000017,-0.00016296600000001438,290.59139999999996,6.508667400000149
99.36799999999994,0.00019260599999999795,287.6106,0.5420850000000428
99.37800000000016,1.4819999999998723e-05,290.59139999999996,4.519806600000038
99.38799999999992,0.00019260599999999795,292.5786,4.519806600000038
99.39800000000014,-0.0003407520000000136,288.6042,4.519806600000038
99.4079999999999,0.00037039200000001105,290.59139999999996,0.5420850000000428
99.41800000000012,0.00019260599999999795,293.5722,4.519806600000038
99.42799999999988,1.4819999999998723e-05,292.5786,6.508667400000149
99.4380000000001,-0.00016296600000001438,290.59139999999996,2.5309457999999267
99.44799999999987,-0.00016296600000001438,288.6042,4.519806600000038
99.45899999999983,0.0007259639999999956,292.5786,2.5309457999999267
99.46799999999985,-0.00016296600000001438,288.6042,6.508667400000149
99.47800000000007,1.4819999999998723e-05,289.5978,4.519806600000038
99.48799999999983,-0.0003407520000000136,288.6042,4.519806600000038
99.4989999999998,0.00019260599999999795,286.61699999999996,0.5420850000000428
99.50799999999981,1.4819999999998723e-05,290.59139999999996,4.519806600000038
99.51800000000003,1.4819999999998723e-05,289.5978,4.519806600000038
99.52799999999979,-0.00016296600000001438,290.59139999999996,6.508667400000149
99.53800000000001,1.4819999999998723e-05,289.5978,2.5309457999999267
99.54899999999998,0.00037039200000001105,291.585,0.5420850000000428
99.55799999999999,-0.0003407520000000136,288.6042,6.508667400000149
99.56800000000021,1.4819999999998723e-05,289.5978,4.519806600000038
99.57799999999997,-0.00016296600000001438,288.6042,4.519806600000038
99.58899999999994,1.4819999999998723e-05,290.59139999999996,2.5309457999999267
99.59900000000016,-0.00016296600000001438,289.5978,4.519806600000038
99.60899999999992,-0.00016296600000001438,289.5978,2.5309457999999267
99.61900000000014,1.4819999999998723e-05,290.59139999999996,4.519806600000038
99.64100000000008,0.00019260599999999795,286.61699999999996,-1.4467757999998412
99.65000000000009,0.00019260599999999795,291.585,4.519806600000038
99.65999999999985,-0.0003407520000000136,289.5978,6.508667400000149
99.67000000000007,1.4819999999998723e-05,290.59139999999996,2.5309457999999267
99.68899999999985,1.4819999999998723e-05,289.5978,4.519806600000038
99.69900000000007,1.4819999999998723e-05,288.6042,2.5309457999999267
99.70899999999983,1.4819999999998723e-05,290.59139999999996,4.519806600000038
99.71900000000005,1.4819999999998723e-05,289.5978,2.5309457999999267
99.72899999999981,1.4819999999998723e-05,288.6042,2.5309457999999267
99.73900000000003,0.00019260599999999795,292.5786,2.5309457999999267
99.7489999999998,-0.0003407520000000136,289.5978,4.519806600000038
99.75900000000001,0.00019260599999999795,292.5786,6.508667400000149
99.76900000000023,0.00019260599999999795,285.6234,0.5420850000000428
99.779,-0.00016296600000001438,289.5978,6.508667400000149
99.78900000000021,-0.0003407520000000136,291.585,6.508667400000149
99.79899999999998,-0.0003407520000000136,289.5978,6.508667400000149
99.82099999999991,0.00019260599999999795,287.6106,0.5420850000000428
99.83100000000013,-0.00016296600000001438,288.6042,4.519806600000038
99.8409999999999,-0.00016296600000001438,290.59139999999996,2.5309457999999267
99.84999999999991,-0.0005185379999999989,286.61699999999996,4.519806600000038
99.86000000000013,0.00019260599999999795,290.59139999999996,0.5420850000000428
99.8789999999999,1.4819999999998723e-05,291.585,4.519806600000038
99.88900000000012,-0.00016296600000001438,289.5978,2.5309457999999267
99.89899999999989,-0.00016296600000001438,290.59139999999996,6.508667400000149
99.9090000000001,1.4819999999998723e-05,288.6042,0.5420850000000428
99.91899999999987,-0.00016296600000001438,289.5978,4.519806600000038
99.92900000000009,-0.00016296600000001438,289.5978,4.519806600000038
99.93899999999985,-0.00016296600000001438,289.5978,4.519806600000038
99.94900000000007,0.00037039200000001105,293.5722,2.5309457999999267
99.95899999999983,1.4819999999998723e-05,290.59139999999996,4.519806600000038
99.96900000000005,-0.00016296600000001438,288.6042,2.5309457999999267
99.97899999999981,1.4819999999998723e-05,290.59139999999996,4.519806600000038
99.98900000000003,-0.00016296600000001438,290.59139999999996,4.519806600000038
99.9989999999998,0.0005481779999999825,289.5978,0.5420850000000428
100.00900000000001,-0.00016296600000001438,290.59139999999996,6.508667400000149
100.01900000000023,1.4819999999998723e-05,289.5978,4.519806600000038
100.029,1.4819999999998723e-05,291.585,4.519806600000038
100.03999999999996,1.4819999999998723e-05,289.5978,2.5309457999999267
100.04899999999998,1.4819999999998723e-05,292.5786,6.508667400000149
100.0590000000002,-0.00016296600000001438,289.5978,4.519806600000038
100.06899999999996,1.4819999999998723e-05,291.585,4.519806600000038
100.07900000000018,1.4819999999998723e-05,291.585,6.508667400000149
100.09000000000015,0.00037039200000001105,290.59139999999996,2.5309457999999267
100.09900000000016,0.00019260599999999795,292.5786,4.519806600000038
100.10899999999992,1.4819999999998723e-05,290.59139999999996,4.519806600000038
100.11900000000014,-0.00016296600000001438,289.5978,6.508667400000149
100.13000000000011,1.4819999999998723e-05,289.5978,2.5309457999999267
100.13900000000012,-0.00016296600000001438,287.6106,4.519806600000038
100.14899999999989,-0.00016296600000001438,290.59139999999996,4.519806600000038
100.1590000000001,-0.00016296600000001438,288.6042,4.519806600000038
100.16899999999987,0.00019260599999999795,290.59139999999996,4.519806600000038
100.17999999999984,0.00037039200000001105,287.6106,2.5309457999999267
100.18899999999985,1.4819999999998723e-05,289.5978,4.519806600000038
100.19900000000007,-0.00016296600000001438,290.59139999999996,4.519806600000038
100.20899999999983,-0.0003407520000000136,288.6042,4.519806600000038
100.2199999999998,0.00019260599999999795,287.6106,2.5309457999999267
100.23000000000002,1.4819999999998723e-05,290.59139999999996,2.5309457999999267
100.24000000000024,-0.00016296600000001438,288.6042,4.519806600000038
100.25,-0.0003407520000000136,286.61699999999996,6.508667400000149
100.26000000000022,1.4819999999998723e-05,290.59139999999996,4.519806600000038
100.26999999999998,0.00019260599999999795,285.6234,0.5420850000000428
100.2800000000002,1.4819999999998723e-05,289.5978,4.519806600000038
100.28999999999996,-0.0005185379999999989,288.6042,6.508667400000149
100.30000000000018,0.00019260599999999795,292.5786,6.508667400000149
100.30999999999995,0.00019260599999999795,290.59139999999996,2.5309457999999267
100.32000000000016,-0.00016296600000001438,287.6106,4.519806600000038
100.32999999999993,1.4819999999998723e-05,288.6042,4.519806600000038
100.34000000000015,-0.00016296600000001438,290.59139999999996,6.508667400000149
100.34999999999991,1.4819999999998723e-05,289.5978,2.5309457999999267
100.36000000000013,0.00037039200000001105,288.6042,-1.4467757999998412
100.36999999999989,-0.0003407520000000136,289.5978,4.519806600000038
100.38000000000011,0.00019260599999999795,292.5786,2.5309457999999267
100.38999999999987,-0.00016296600000001438,289.5978,4.519806600000038
100.40000000000009,-0.00016296600000001438,286.61699999999996,2.5309457999999267
100.40999999999985,1.4819999999998723e-05,290.59139999999996,4.519806600000038
100.42000000000007,-0.0003407520000000136,289.5978,6.508667400000149
100.42999999999984,-0.00016296600000001438,290.59139999999996,4.519806600000038
100.44000000000005,1.4819999999998723e-05,290.59139999999996,4.519806600000038
100.44999999999982,0.00019260599999999795,288.6042,0.5420850000000428
100.46000000000004,1.4819999999998723e-05,291.585,4.519806600000038
100.4699999999998,-0.00016296600000001438,291.585,6.508667400000149
100.48000000000002,-0.00016296600000001438,291.585,4.519806600000038
100.49000000000024,0.00019260599999999795,289.5978,2.5309457999999267
100.5,-0.00016296600000001438,290.59139999999996,6.508667400000149
100.51000000000022,-0.00016296600000001438,289.5978,4.519806600000038
100.51999999999998,-0.00016296600000001438,288.6042,6.508667400000149
100.5300000000002,0.00019260599999999795,292.5786,4.519806600000038
100.53999999999996,0.00037039200000001105,288.6042,0.5420850000000428
100.55000000000018,1.4819999999998723e-05,290.59139999999996,2.5309457999999267
100.55999999999995,-0.00016296600000001438,288.6042,2.5309457999999267
100.57000000000016,-0.00016296600000001438,292.5786,4.519806600000038
100.57999999999993,0.00019260599999999795,289.5978,0.5420850000000428
100.59000000000015,-0.00016296600000001438,289.5978,6.508667400000149
100.59999999999991,1.4819999999998723e-05,290.59139999999996,4.519806600000038
100.61000000000013,1.4819999999998723e-05,291.585,6.508667400000149
100.61999999999989,1.4819999999998723e-05,290.59139999999996,4.519806600000038
